prob_Left,prob_Stayed,founder_id
0.43533289432525635,0.5646671056747437,52685
0.665576183795929,0.3344238042831421,30585
0.11862943321466446,0.8813705563545227,54656
0.7234038472175598,0.2765961766242981,33442
0.08597185909748077,0.9140281558036805,15667
0.33058940768241885,0.6694106340408326,3496
0.4992147386074066,0.5007852494716645,46775
0.6924594879150391,0.3075404942035675,72645
0.4622535705566406,0.5377464175224305,4941
0.6971145510673523,0.30288543105125426,65181
0.5067132174968719,0.49328680634498595,49522
0.09931717216968536,0.9006828427314758,8195
0.13687344491481782,0.863126540184021,52948
0.4778486967086792,0.5221513032913208,35067
0.8271448850631714,0.17285513281822204,53650
0.288670814037323,0.711329209804535,49803
0.6946191549301147,0.3053808331489563,2213
0.3397156834602356,0.6602843165397644,48091
0.22421423196792603,0.7757857322692872,49462
0.23107012510299682,0.7689298868179322,16073
0.6622717380523682,0.33772825002670287,54967
0.7102272748947144,0.2897727459669113,35183
0.28635677695274353,0.713643205165863,455
0.7203755497932434,0.2796244263648987,36359
0.7130528688430786,0.28694712519645693,36048
0.6788290023803711,0.3211710095405579,54081
0.5972782135009765,0.4027217626571655,17189
0.5308778882026672,0.4691221058368683,31516
0.3262270390987396,0.6737729430198669,3586
0.5280083239078521,0.47199165225028994,49198
0.6741931200027466,0.3258068561553955,60686
0.594010877609253,0.4059891104698181,14616
0.45752706527709963,0.5424729585647583,12605
0.34490458369255067,0.6550954341888428,27617
0.9356364250183106,0.06436359882354736,23602
0.7490853428840637,0.2509146571159363,20883
0.8965615272521973,0.10343848317861556,64272
0.8831212759017945,0.11687873303890228,71141
0.35497407913208007,0.6450259327888489,62438
0.2279525876045227,0.7720474123954773,55672
0.44758095145225524,0.5524190366268158,18843
0.3115679144859314,0.6884320735931396,59459
0.27166566252708435,0.7283343434333801,56488
0.6413072943687439,0.35869271159172056,11062
0.7482722520828247,0.25172777473926544,70350
0.560152554512024,0.43984742760658263,25065
0.5170405030250549,0.48295944929122925,59563
0.6475422382354736,0.35245776176452637,6080
0.596103835105896,0.40389620661735537,65256
0.46656088829040526,0.5334391355514526,55816
0.4367343246936798,0.5632656693458558,48154
0.8046789526939392,0.19532104432582856,19598
0.4721327006816864,0.5278672933578491,45711
0.5717847943305969,0.4282151937484741,31921
0.7376479148864746,0.2623521268367767,28968
0.4997202634811401,0.5002797424793244,42658
0.8436220049858093,0.15637799203395844,33024
0.45820438861846924,0.5417956113815308,12971
0.8576718330383301,0.14232816100120543,5719
0.5442417979240417,0.4557582259178162,9331
0.6015552997589111,0.39844470620155337,64168
0.1243940532207489,0.8756059527397155,20332
0.5301762700080872,0.4698237419128418,11169
0.44290427565574647,0.5570957064628601,30757
0.42829074859619143,0.5717092633247376,60983
0.8436296939849853,0.15637030303478242,26913
0.21884878277778624,0.7811512231826783,7546
0.3266164124011993,0.6733835816383362,67990
0.790366244316101,0.2096337378025055,34301
0.7474328279495239,0.25256716907024385,14321
0.23325257003307343,0.7667474269866943,53135
0.6056079030036926,0.3943921148777008,14669
0.9161443471908569,0.0838556483387947,43491
0.5008160173892975,0.49918394684791567,54054
0.7263734698295593,0.2736265301704407,7163
0.4375008285045624,0.562499177455902,26780
0.5226907134056091,0.4773093104362488,13903
0.5628295779228211,0.43717041015625,6649
0.40403228998184204,0.595967710018158,51846
0.21089206039905548,0.7891079545021057,26809
0.24988227486610412,0.7501177191734314,64951
0.25312929749488833,0.7468707084655761,23719
0.487253212928772,0.5127467751502991,11190
0.22526202499866485,0.7747379422187806,29869
0.1208003431558609,0.8791996717453003,42562
0.30950984358787537,0.6904901385307312,3032
0.46189284324645996,0.538107168674469,26880
0.1291848450899124,0.8708151340484619,47539
0.16825457215309142,0.8317454218864441,4786
0.29274479746818544,0.7072552084922791,68000
0.19871488511562346,0.8012851357460022,42053
0.3606105327606201,0.6393894791603089,54995
0.8875165462493897,0.11248346716165543,1279
0.6439171433448792,0.35608283877372743,13376
0.14477723240852355,0.8552227735519409,13169
0.5891675591468811,0.4108324348926544,33968
0.4908963322639465,0.5091036558151245,25662
0.1528617709875107,0.8471382021903991,34240
0.6488345980644226,0.3511654257774353,72123
0.6285956621170044,0.37140433192253114,11833
0.252689003944397,0.7473110079765319,63405
0.07124859690666199,0.9287513971328736,26938
0.36711145043373106,0.6328885316848755,49495
0.2512846767902374,0.7487153053283692,13947
0.8917495369911194,0.10825046598911285,62520
0.5390259623527527,0.4609740078449249,52157
0.9095824360847473,0.09041753858327865,24543
0.3192852377891541,0.6807147622108459,54581
0.5217824637889862,0.47821750640869143,1091
0.6699394583702087,0.3300605535507202,33481
0.37795658111572267,0.6220434427261352,11336
0.24410491287708283,0.7558950901031494,2108
0.24152764678001404,0.7584723353385925,6469
0.45857954025268555,0.5414204835891724,66001
0.3259915769100189,0.6740084171295166,39357
0.55692258477211,0.44307743906974795,29600
0.22273044288158417,0.7772695660591126,34896
0.34963985681533816,0.6503601670265198,49124
0.3226804256439209,0.6773195743560791,27997
0.811230480670929,0.18876952826976776,31155
0.6567378520965577,0.3432621359825134,38313
0.5430237889289856,0.45697617530822754,7135
0.5449626803398132,0.4550373136997223,39553
0.10333076864480972,0.8966692566871644,6794
0.8733995079994201,0.12660049498081208,14519
0.5103603541851044,0.4896396517753601,14011
0.5295171916484833,0.4704828381538391,16439
0.712151849269867,0.2878481924533844,6335
0.7626243829727173,0.23737560510635375,19394
0.31603716015815736,0.6839628458023072,71080
0.5291899740695953,0.47081003785133363,60021
0.5988052010536193,0.4011947989463806,44982
0.6740625262260437,0.3259374797344208,8899
0.5915755987167358,0.4084244132041931,128
0.4755331814289093,0.5244668483734131,69732
0.6843037247657776,0.3156962513923645,46987
0.6318242669105529,0.368175745010376,73607
0.8478259563446044,0.15217406749725343,45755
0.3023432374000549,0.697656762599945,1881
0.49098973870277407,0.5090102970600128,31115
0.7334229111671448,0.26657709777355193,15295
0.6330159902572632,0.36698400378227236,15968
0.9123412728309631,0.08765875846147538,4666
0.34671722650527953,0.6532827973365783,45346
0.14855005443096161,0.8514499425888061,17550
0.8033580660820008,0.1966419219970703,61929
0.3837098956108093,0.6162901043891906,832
0.4717071890830994,0.5282928109169006,10269
0.22643131911754608,0.7735686898231506,62491
0.6522972106933593,0.34770280718803404,41981
0.4983795642852783,0.5016204535961151,43687
0.6127518773078918,0.3872481226921082,41828
0.26124694347381594,0.738753080368042,70755
0.5427781224250794,0.45722187161445615,9802
0.2993427932262421,0.7006571888923645,43886
0.5302265763282776,0.469773405790329,69600
0.5485429406166077,0.4514570295810699,66482
0.8651468515396118,0.13485316783189774,62883
0.5581719040870666,0.4418281018733978,61496
0.5427352547645569,0.4572647750377655,39479
0.5599898099899292,0.44001017808914183,40258
0.5464907288551331,0.4535092771053314,46253
0.17137138843536376,0.8286286234855652,36030
0.8554311871528626,0.14456880688667298,67337
0.3686008155345917,0.6313991904258728,63733
0.35745382905006406,0.6425461649894715,65401
0.2146425575017929,0.7853574514389038,44205
0.49145823121070864,0.5085417568683624,17621
0.539411723613739,0.4605883002281189,26677
0.44894310235977175,0.5510569095611573,32453
0.5819409370422364,0.41805907487869265,27160
0.2679967850446701,0.7320032477378845,3355
0.6157139062881469,0.38428608775138856,63591
0.5775355458259582,0.4224644899368286,30940
0.5005928993225097,0.49940710663795473,17316
0.3278144121170044,0.6721855759620666,54762
0.602280592918396,0.3977193832397461,45422
0.42558475732803347,0.5744152188301086,21229
0.6361603140830994,0.3638396918773651,31471
0.4850995123386383,0.5149004936218262,63696
0.4407894015312195,0.5592106103897094,52508
0.17572379410266875,0.8242762207984924,43399
0.18296492099761963,0.8170350909233093,25234
0.7557291746139526,0.24427083730697632,52082
0.7267508625984191,0.2732491135597229,51526
0.7448216438293457,0.25517837703227997,1448
0.18818314075469972,0.8118168711662292,61644
0.462568598985672,0.5374313712120056,62199
0.5658491611480713,0.43415080904960635,44932
0.15532350838184356,0.8446764945983887,12577
0.4469827115535736,0.5530172944068908,6010
0.3791849374771118,0.6208150506019592,64073
0.12560388892889024,0.8743961095809937,22751
0.7186939954757691,0.28130600452423093,8242
0.7089577198028565,0.29104228019714357,72186
0.735082495212555,0.26491749584674834,34340
0.6456804275512695,0.354319566488266,48939
0.5548821091651917,0.4451178848743439,68996
0.5377469301223755,0.46225306391716003,24222
0.5458325147628784,0.4541674792766571,20691
0.4339486062526703,0.5660513639450073,21750
0.7262128829956055,0.2737871050834656,50869
0.5615578293800354,0.43844219446182253,67224
0.6039292573928833,0.3960707426071167,27073
0.5064490795135498,0.4935509204864502,45079
0.38867329955101015,0.6113266825675965,22285
0.8067269563674927,0.19327303171157836,42992
0.634600019454956,0.3653999626636505,68339
0.8116136193275452,0.1883864015340805,29539
0.7301388502120971,0.26986118853092195,10792
0.5883901476860046,0.4116098165512085,8611
0.4626873791217804,0.5373126268386841,68083
0.8263197064399719,0.17368031144142151,66525
0.3608502745628357,0.6391497015953064,63058
0.45782096982002257,0.5421790242195129,47545
0.8625625491142273,0.13743747472763063,41659
0.23300787508487703,0.7669921398162842,61640
0.607470965385437,0.3925290286540985,68045
0.5284179091453552,0.4715820550918579,16937
0.23870089948177337,0.7612991094589233,3887
0.15271323025226594,0.8472867846488953,411
0.6539970874786377,0.3460029065608978,44012
0.8465907216072083,0.1534092828631401,61460
0.40043896436691284,0.5995610475540161,6502
0.830677080154419,0.1693229228258133,550
0.49916433095932006,0.5008356750011445,58222
0.670994508266449,0.32900549173355104,74399
0.5982878923416137,0.40171212553977964,35388
0.6478636741638184,0.35213627815246584,73312
0.3522379219532013,0.6477620601654053,39168
0.6534158229827881,0.34658417105674744,47804
0.7224798679351807,0.27752013206481935,40010
0.4732808232307434,0.5267191529273987,13905
0.5110953271389007,0.4889046847820282,31436
0.43196391463279726,0.5680360913276672,65592
0.2273971825838089,0.7726028084754943,42685
0.36726067066192625,0.6327393531799317,34175
0.7475276947021484,0.2524723201990128,20796
0.6147644400596619,0.3852355659008026,4985
0.858453369140625,0.14154664874076844,66271
0.738702368736267,0.2612976312637329,34253
0.5256799399852753,0.47432008385658264,40806
0.25570172965526583,0.7442982792854309,25507
0.6064979791641235,0.3935020208358765,48200
0.5842517256736756,0.4157482862472534,44235
0.7778804659843445,0.22211955785751342,10619
0.1604524940252304,0.8395474791526795,48496
0.12291132360696792,0.8770886898040772,1604
0.23742181360721587,0.7625781655311584,74100
0.28472169637680056,0.7152782917022705,24677
0.5921789050102234,0.40782110691070556,21907
0.5786087274551391,0.42139126658439635,45560
0.844993531703949,0.15500645935535431,10407
0.6070014238357544,0.3929985761642456,27496
0.5320272803306579,0.4679727375507355,59803
0.7606999993324279,0.23930001854896546,18658
0.45995081663131715,0.5400491833686829,47111
0.5016019821166993,0.4983980059623718,43850
0.5033875107765198,0.4966124951839447,35837
0.1558910995721817,0.8441089391708374,39187
0.48549429774284364,0.5145057082176209,31448
0.5460904240608215,0.453909569978714,29706
0.5226839125156403,0.4773160874843597,5170
0.27720144391059875,0.7227985620498657,47039
0.28075462579727173,0.7192453742027283,69917
0.2530771106481552,0.7469228863716125,47372
0.13594941943883895,0.8640506029129028,68950
0.6571148872375489,0.3428851068019867,19452
0.7401296973228455,0.2598702996969223,39231
0.8082324385643005,0.19176756739616393,14620
0.24473124742507935,0.7552687406539917,65534
0.19024477303028106,0.8097552299499512,12054
0.5029173254966736,0.4970826804637909,22049
0.603973639011383,0.39602636694908144,65463
0.10623528063297272,0.8937647104263305,71859
0.4216158986091614,0.5783840894699097,72339
0.44203909039497374,0.5579609274864197,73620
0.14189312011003494,0.8581068634986877,68295
0.481617796421051,0.5183822214603424,24974
0.6016636490821838,0.3983363687992096,13459
0.7368932485580444,0.2631067425012589,1119
0.0858153373003006,0.9141846776008606,22683
0.9016794800758362,0.09832054972648621,12690
0.5329938530921936,0.46700615882873536,29982
0.17452442944049834,0.8254755735397339,30647
0.530574369430542,0.46942561864852905,26730
0.4658504962921143,0.5341494798660278,71804
0.4299481749534607,0.5700518250465393,45922
0.7745126247406006,0.2254873514175415,53315
0.3297422468662262,0.6702577471733093,3841
0.5792239665985107,0.4207760453224182,68736
0.5944379448890686,0.40556206107139586,27838
0.26077499985694885,0.7392250061035156,8148
0.4805117666721344,0.5194882333278656,1737
0.3853774189949036,0.6146226048469543,47561
0.3694727599620819,0.6305272579193115,71552
0.5855554223060608,0.4144445776939392,628
0.4628444254398346,0.5371555984020233,30614
0.36554203629493714,0.6344580054283142,69721
0.606849193572998,0.3931508183479309,3336
0.15043132603168488,0.8495686650276184,39576
0.47499693632125856,0.5250030815601349,14517
0.723700201511383,0.27629982829093935,5856
0.3444542407989502,0.6555457592010498,21096
0.11803337037563325,0.8819666266441345,33959
0.13251313120126723,0.8674868822097779,67477
0.6020063042640686,0.39799368381500244,51506
0.4139664888381958,0.5860335469245911,8401
0.39399202466011046,0.606007981300354,10174
0.5705002546310425,0.4294997453689575,43469
0.8390024185180665,0.16099759936332703,10767
0.610415244102478,0.3895847678184509,61148
0.7095834612846375,0.29041655659675597,47101
0.6054402828216553,0.3945596933364868,34252
0.701358187198639,0.29864182472229006,72488
0.6899163126945496,0.3100837171077728,15836
0.0522086575627327,0.947791337966919,23177
0.7468196511268616,0.25318036377429964,61913
0.2514204353094101,0.7485795855522156,15607
0.48107590079307555,0.5189241111278534,38449
0.6003466844558716,0.39965330958366396,52700
0.22704870402812957,0.7729512929916382,53989
0.2677757114171982,0.7322242856025696,20476
0.6887948155403137,0.31120519042015077,23081
0.7583202481269836,0.2416797548532486,70050
0.6735478401184082,0.3264521598815918,46513
0.5368880748748779,0.4631119132041931,49400
0.4486906826496124,0.5513092994689941,66699
0.6904009819030762,0.3095990240573883,56983
0.1681559145450592,0.8318440914154053,20888
0.08339103013277054,0.9166089773178101,62950
0.8385608077049256,0.16143919229507447,39788
0.39746726155281065,0.6025327444076538,10063
0.7563817501068115,0.24361826479434967,5611
0.16607068479061127,0.8339293122291564,31701
0.7232896208763122,0.2767103910446167,74016
0.4311384677886963,0.5688615202903747,51706
0.44848294258117677,0.5515170514583587,61645
0.7880463242530823,0.2119536966085434,4422
0.7365268468856812,0.26347317099571227,68185
0.37912264466285706,0.6208773374557495,41928
0.7269919991493226,0.27300797700881957,4780
0.15905273258686065,0.8409472584724427,61488
0.6151943683624268,0.3848056495189667,6272
0.21762925386428833,0.7823707222938537,47809
0.5594189524650574,0.44058104753494265,45328
0.9266158223152161,0.07338418066501617,66735
0.3373181939125061,0.6626818060874939,40975
0.8280346274375916,0.17196534872055053,21269
0.45996893644332887,0.5400310397148133,5396
0.6903899073600769,0.3096100866794586,34952
0.3303487181663513,0.6696512937545777,73470
0.7992951393127441,0.2007048636674881,55157
0.7789238214492797,0.22107617557048798,4414
0.5086046755313873,0.49139535427093506,67914
0.3806678712368011,0.6193321228027344,51608
0.772166121006012,0.227833890914917,64134
0.5429042100906372,0.4570957839488983,17437
0.11475081592798234,0.8852491617202759,6351
0.6380697607994079,0.36193024516105654,64061
0.5527307391166687,0.44726923704147337,38205
0.6963762879371643,0.30362370014190676,6964
0.7322824120521545,0.2677176117897034,34223
0.4949049174785614,0.5050950706005096,44837
0.523528265953064,0.4764717221260071,25154
0.5937751054763794,0.4062249004840851,53316
0.374638044834137,0.625361967086792,40894
0.7604824423789978,0.23951753377914428,32212
0.5429393529891968,0.4570606291294098,49209
0.16338675022125243,0.8366132616996765,59853
0.6638813972473144,0.3361186146736145,52031
0.5205666303634644,0.4794333875179291,54131
0.6486645221710206,0.3513354599475861,62311
0.6250467896461487,0.3749531865119934,20428
0.24164123237133026,0.7583587765693665,65509
0.4796378552913666,0.520362138748169,19429
0.5785428762435914,0.4214571416378021,19657
0.8635522723197937,0.1364477515220642,69186
0.8111451387405395,0.1888548582792282,26234
0.4881942391395569,0.511805784702301,17643
0.9519868493080139,0.048013153672218326,55006
0.5937561750411987,0.4062438428401947,28047
0.5032362580299378,0.49676374197006223,54089
0.451494961977005,0.5485050022602082,19380
0.7726805925369262,0.22731941044330597,8194
0.6786721825599671,0.32132779955863955,61058
0.20441023707389833,0.7955897569656372,46239
0.24601122438907624,0.753988778591156,28182
0.6068447470664978,0.3931552588939667,66104
0.5205516278743744,0.47944838404655454,42248
0.5961312413215637,0.4038687705993652,63340
0.6632890462875366,0.33671095967292786,58239
0.6123798966407776,0.38762012124061584,28439
0.4970946729183197,0.5029053509235382,1371
0.45093328356742857,0.5490667343139648,5498
0.7232372760772705,0.27676271498203275,68570
0.18636202514171601,0.8136379718780518,60542
0.5382399082183837,0.46176010370254517,29017
0.701186227798462,0.2988137543201447,67940
0.6681590795516967,0.3318409323692322,48208
0.5577195405960083,0.44228047132492065,38036
0.6430138945579529,0.35698609948158266,7384
0.6270624279975892,0.37293760776519774,63845
0.1415320724248886,0.8584679126739502,70047
0.6881288051605224,0.31187117099761963,61283
0.08253259658813476,0.9174674153327942,56649
0.5366756558418274,0.4633243501186371,8689
0.7152135610580445,0.28478646874427793,46757
0.36080415844917296,0.6391958594322205,57892
0.6590973377227783,0.34090266227722166,28674
0.5680848717689514,0.431915146112442,58308
0.6521906852722168,0.34780932068824766,44477
0.4534233510494232,0.5465766668319703,66747
0.602508544921875,0.39749144911766054,2039
0.5838397979736328,0.41616021394729613,16276
0.37382087111473083,0.6261791348457336,53226
0.5518221497535706,0.4481778144836426,71744
0.4095945656299591,0.5904054522514344,54302
0.6970118403434753,0.3029881417751312,59650
0.3210515916347504,0.6789484024047852,14656
0.5181800484657287,0.4818199872970581,49584
0.6798502564430237,0.3201497495174408,55278
0.1532480984926224,0.8467519044876098,41010
0.7120764493942261,0.287923538684845,9285
0.4231921374797821,0.5768078923225403,14165
0.3635592460632324,0.6364407420158387,35000
0.5572543025016785,0.4427456855773926,43434
0.358437716960907,0.6415622711181641,45457
0.2930169582366943,0.7069830536842346,65519
0.4983526825904846,0.5016473352909088,51729
0.5700323581695557,0.42996762990951537,2777
0.7335853338241577,0.2664146780967712,20154
0.59555584192276,0.4044441282749176,24805
0.8239853739738464,0.17601460516452788,7252
0.4941356837749481,0.5058642804622651,46908
0.653580367565155,0.34641961455345155,58921
0.3180512487888336,0.681948721408844,41255
0.7666767358779907,0.23332322239875794,6392
0.5288116574287415,0.4711883008480072,10913
0.8236264586448669,0.1763735294342041,40244
0.9223374485969543,0.07766257673501968,23498
0.8947777390480042,0.10522224903106689,12797
0.4693034589290619,0.530696552991867,13952
0.4613869607448578,0.5386130571365356,7299
0.6398985505104064,0.36010143756866453,51827
0.8883763790130615,0.1116236224770546,16114
0.20974572896957397,0.790254271030426,28237
0.5047849118709564,0.4952150762081146,46691
0.6351457238197327,0.3648542523384094,40790
0.08289867788553237,0.9171013236045837,47835
0.10102216303348541,0.8989778399467468,5786
0.15441748797893523,0.8455825090408325,35101
0.7725172638893127,0.22748272716999055,52966
0.37431824803352354,0.6256817698478698,35427
0.39316941499710084,0.6068305730819702,44635
0.6828160524368286,0.31718393564224245,11436
0.7606359481811523,0.23936405777931213,27262
0.3814926862716675,0.6185073256492615,25297
0.47772693634033203,0.5222730755805969,40270
0.6493823885917663,0.3506176590919495,71547
0.4536709487438202,0.5463290214538574,11007
0.18799943029880523,0.8120005488395691,46107
0.7932384848594666,0.2067615270614624,2196
0.2938126862049103,0.7061873435974121,70255
0.2639713972806931,0.7360286235809326,54940
0.4223704099655151,0.5776295781135559,46594
0.7517704248428345,0.24822956919670106,63568
0.8315900564193726,0.1684099555015564,17532
0.3541484892368317,0.6458514928817749,12180
0.3306289851665497,0.6693710207939148,49322
0.7487037777900696,0.2512962132692337,29439
0.6743260145187377,0.32567399740219116,5954
0.4548329770565033,0.5451670110225677,44804
0.4795148432254791,0.5204851865768433,7028
0.16473963260650634,0.8352603673934936,48351
0.45825242400169375,0.5417475461959839,5103
0.49585963487625123,0.5041403412818909,29414
0.472273051738739,0.527726924419403,16425
0.7096230864524842,0.2903769135475159,43025
0.5257186412811279,0.47428136467933657,43459
0.3136876344680786,0.6863123774528503,34353
0.5681312561035157,0.43186872005462645,39402
0.15432441234588623,0.8456755757331849,15042
0.47108821868896483,0.5289117813110351,5147
0.2342601388692856,0.7657398462295533,46402
0.41992064118385314,0.5800793409347534,7168
0.7357571482658386,0.26424285769462585,56244
0.9066180467605591,0.0933819442987442,13660
0.22960918247699738,0.7703908205032348,21185
0.09500948637723923,0.9049904823303223,58245
0.8789638042449951,0.12103618830442428,69077
0.22919891476631166,0.7708010911941529,18776
0.538271141052246,0.4617288112640381,18501
0.09333597719669343,0.9066640377044678,18113
0.3642369270324707,0.6357630729675293,43182
0.05272379070520401,0.9472762107849121,9315
0.15436411499977112,0.8456358551979065,13854
0.4293788433074951,0.570621132850647,38501
0.619908618927002,0.3800913691520691,47546
0.45693773627281187,0.5430622577667237,197
0.23824763298034668,0.7617523431777954,5119
0.5574996829032898,0.4425003170967102,53492
0.627331268787384,0.37266873121261596,41538
0.3667914032936096,0.6332086443901062,5908
0.2633815467357635,0.7366184711456298,47537
0.8635879039764405,0.13641210794448852,60919
0.3275377810001373,0.6724622130393982,73586
0.5260069727897644,0.47399303913116453,10747
0.718034315109253,0.28196567595005034,10065
0.5938678503036499,0.40613216161727905,68529
0.13778878897428512,0.8622112154960633,43628
0.39621824622154234,0.603781771659851,62894
0.6919142127037048,0.3080857813358307,73323
0.7115415811538697,0.28845841288566587,26113
0.6155032992362977,0.3844967305660248,54391
0.528223180770874,0.4717768132686615,73699
0.8104824900627137,0.18951753079891204,8973
0.37979556918144225,0.6202044367790223,27063
0.6186505794525147,0.3813494145870209,12499
0.44518413543701174,0.5548158288002014,57240
0.49722704887390134,0.5027729213237763,16086
0.5247576475143433,0.4752423405647278,57498
0.6198530673980713,0.3801469445228577,25678
0.4228049278259277,0.5771950721740723,5399
0.27387352883815763,0.7261264681816101,26921
0.2512500733137131,0.7487499356269837,24789
0.463297438621521,0.5367025852203369,10344
0.42449483275413513,0.5755051732063293,21539
0.3948714673519135,0.6051285028457641,49035
0.530046033859253,0.46995396018028257,58333
0.5966807007789612,0.40331932306289675,60726
0.23030555248260498,0.769694447517395,21483
0.6077771186828613,0.3922228991985321,25077
0.42748191952705383,0.5725180745124817,26164
0.25480095446109774,0.7451990246772766,66848
0.5162995517253876,0.4837004244327545,69390
0.3271247148513794,0.6728752970695495,58365
0.9430692315101623,0.056930743902921674,36404
0.5465591788291931,0.4534408271312714,66793
0.7507717370986938,0.24922827780246734,39806
0.2988326072692871,0.7011674046516418,20549
0.4505551278591156,0.5494448781013489,52091
0.23218393325805664,0.7678160548210144,70166
0.12961485236883163,0.8703851699829102,24781
0.5577692747116089,0.44223073720932005,50004
0.44342265725135804,0.5565773487091065,56271
0.6190635561943054,0.3809364676475525,40007
0.37974333167076113,0.6202566742897033,70983
0.11945845633745193,0.8805415630340576,42778
0.5673272132873535,0.4326727747917175,30992
0.7979162693023681,0.20208374559879302,21862
0.7997799873352051,0.20021998286247253,2330
0.6325520515441895,0.367447966337204,63682
0.5978417158126831,0.40215827226638795,50413
0.5156461596488953,0.48435385823249816,4073
0.8949861288070678,0.10501386672258377,33609
0.5913446426391602,0.4086553752422333,68539
0.6784249186515808,0.32157509326934813,70173
0.8945334911346435,0.10546654462814331,36065
0.5284264206886291,0.4715735733509064,29650
0.8330392241477966,0.16696077287197114,15125
0.35617115497589114,0.6438288688659668,72659
0.7514204621315003,0.24857952296733857,48203
0.8136873841285706,0.18631260395050048,43607
0.8051164388656616,0.19488355219364167,66334
0.49418277144432066,0.5058172166347503,42503
0.44680790305137635,0.5531921148300171,48746
0.6096675395965576,0.3903324604034424,69782
0.19774742424488068,0.8022525787353516,53713
0.6625935435295105,0.33740644454956054,69169
0.9070956945419312,0.09290431588888168,13711
0.2261808395385742,0.7738191962242127,34945
0.41102980971336367,0.5889701843261719,11381
0.30028132200241087,0.699718689918518,32320
0.647394597530365,0.35260539650917055,52214
0.32631683349609375,0.6736831903457642,20538
0.4545895457267761,0.545410442352295,48627
0.6451730489730835,0.35482692122459414,36167
0.3850845992565155,0.61491539478302,14562
0.3679003953933716,0.6320996165275574,644
0.7577434659004212,0.24225651025772094,6374
0.6289296627044678,0.3710703313350677,29133
0.4553007841110229,0.544699203968048,5334
0.8122591495513916,0.18774083256721497,7282
0.391804963350296,0.6081950187683105,59535
0.3333030164241791,0.6666969895362854,26894
0.6336901426315308,0.3663098454475403,12504
0.6949967026710511,0.30500332117080686,12544
0.4518295764923096,0.5481704235076904,13343
0.6927337408065796,0.30726625919342043,53978
0.1653972238302231,0.8346027731895447,51577
0.7425388336181641,0.2574611514806747,27505
0.684698474407196,0.315301513671875,48819
0.5870107412338257,0.41298927664756774,68743
0.3879943788051605,0.612005639076233,58869
0.399544882774353,0.6004550933837891,59685
0.49704411029815676,0.5029558897018432,7726
0.5395146369934082,0.4604853570461273,41175
0.2137369006872177,0.7862630844116211,72273
0.10949243754148483,0.8905075907707214,42353
0.20647664368152618,0.7935233592987061,43213
0.2510083854198456,0.7489916086196899,33620
0.6208220481872558,0.3791779696941376,12404
0.677755606174469,0.32224438786506654,54471
0.1891591727733612,0.8108408331871033,51270
0.46613848209381104,0.5338615417480469,69763
0.4899629533290863,0.5100370287895203,63029
0.38038636445999147,0.6196136355400086,24944
0.5395950317382813,0.46040499210357666,56172
0.645100998878479,0.354899001121521,41672
0.4644347310066223,0.5355652451515198,23676
0.4477550745010376,0.5522449135780334,54250
0.502528190612793,0.4974718034267426,21563
0.6404488325119019,0.3595511794090271,58083
0.6735501050949096,0.32644990682601926,57053
0.8254400610923767,0.17455990314483644,38880
0.4687851071357727,0.5312148869037628,57626
0.18642682135105132,0.8135731935501098,51966
0.4673586905002594,0.5326413154602051,62528
0.8399758577346802,0.16002412438392638,69249
0.21816967725753783,0.7818303227424621,5548
0.6105278253555297,0.38947219848632814,58253
0.594213891029358,0.4057861030101776,44314
0.5064424633979797,0.4935575187206268,44924
0.8926074147224426,0.10739257633686065,42422
0.7050576210021973,0.2949423849582672,71988
0.3591603100299835,0.640839695930481,44072
0.5302966833114624,0.469703334569931,61738
0.24778020977973939,0.7522197842597962,30587
0.19910417795181273,0.8008957982063294,29307
0.7484616756439209,0.25153829753398893,2437
0.49330450892448424,0.5066954910755157,9721
0.4303613781929016,0.5696386337280274,7101
0.29063270092010496,0.709367287158966,11793
0.4806159198284149,0.5193840503692627,71606
0.5053627789020538,0.49463723301887513,41213
0.11805570721626282,0.8819442987442017,59603
0.2665205180644989,0.7334794640541077,21520
0.7472784757614136,0.2527215152978897,10036
0.5940012693405151,0.4059987604618073,9084
0.5558859348297119,0.44411408305168154,36988
0.6272048950195312,0.3727951288223267,7023
0.4037190318107605,0.5962809443473815,22036
0.40421515703201294,0.5957848429679871,66507
0.5924655795097351,0.40753441452980044,66153
0.560846745967865,0.43915324807167055,72581
0.5403119325637817,0.4596880316734314,48936
0.3050814807415009,0.6949185371398926,58849
0.8223480224609375,0.1776520013809204,15863
0.6202285766601563,0.3797714412212372,18353
0.9299159526824952,0.07008405774831772,64560
0.7234298825263977,0.27657012939453124,774
0.7454814910888672,0.25451851189136504,69770
0.7075730919837951,0.29242690205574035,18049
0.4367130219936371,0.5632869601249695,46392
0.10131316781044006,0.8986868143081665,30800
0.6125240325927734,0.387475973367691,31139
0.7088846802711487,0.29111533164978026,34401
0.3382813036441803,0.6617186903953552,35797
0.7283532500267029,0.2716467797756195,27048
0.718673050403595,0.2813269436359406,21710
0.15572771728038787,0.8442723035812378,49088
0.4281234979629517,0.5718764901161194,33037
0.2777355968952179,0.7222644090652466,71625
0.49097780585289,0.5090222120285034,47329
0.4571349799633026,0.5428650498390197,23456
0.6053835034370423,0.39461652040481565,15744
0.8811275601387024,0.11887245327234268,36091
0.4320952117443085,0.567904794216156,1373
0.29678632616996764,0.7032136797904969,67416
0.3141434907913208,0.6858565092086792,53268
0.37755289673805237,0.62244713306427,20565
0.6280407667160034,0.3719592332839966,2680
0.5279572546482086,0.47204271554946897,51555
0.7448395013809204,0.2551605224609375,25572
0.6650304079055787,0.33496959805488585,40262
0.8081635475158692,0.19183645844459535,59647
0.6720415115356445,0.3279584765434265,17125
0.5363504409790039,0.4636495590209961,21205
0.14169214516878129,0.8583078503608703,44510
0.44834567308425904,0.5516543507575988,25172
0.10080418437719345,0.8991958022117614,46406
0.5280637860298156,0.4719362139701843,42541
0.5410647392272949,0.4589352786540985,36782
0.5217737674713134,0.4782262444496155,10381
0.6232367038726807,0.3767633080482483,9207
0.71849285364151,0.28150714635849,30380
0.1809988111257553,0.8190011978149414,30199
0.648094654083252,0.351905357837677,56811
0.44407188296318056,0.5559281229972839,15275
0.5140149354934692,0.4859850466251373,39469
0.7432279586791992,0.25677202045917513,33198
0.2857260823249817,0.7142739057540893,37818
0.2833543121814728,0.7166457056999207,59420
0.7810763955116272,0.21892359256744384,12266
0.6230253100395202,0.37697467803955076,68556
0.7223148226737977,0.27768515348434447,42260
0.20579456984996797,0.7942054152488709,15898
0.5708147168159485,0.429185277223587,3057
0.4652367472648621,0.5347632765769958,525
0.7381597518920898,0.26184025406837463,68702
0.5228203773498535,0.477179616689682,12848
0.6014993786811829,0.3985006272792816,30534
0.7317935228347778,0.26820647418498994,2351
0.522626006603241,0.4773739635944366,9094
0.2390478491783142,0.7609521627426148,47757
0.4883976221084595,0.511602383852005,70546
0.44571115970611574,0.5542888641357422,66632
0.6528657436370849,0.3471342384815216,71746
0.6497267007827758,0.35027328729629514,66089
0.6148430943489075,0.3851568758487701,5822
0.34262293577194214,0.657377052307129,18604
0.5974122405052185,0.40258778929710387,17325
0.9247419714927674,0.07525802701711655,53370
0.27267002761363984,0.7273300051689148,55484
0.4720269441604614,0.5279730200767517,24711
0.799622631072998,0.20037740767002105,11098
0.6265297293663025,0.37347025275230405,65762
0.5847724795341491,0.4152275204658508,71877
0.8149059891700745,0.1850940316915512,29267
0.6565286874771118,0.34347134828567505,45086
0.38368611931800845,0.6163138747215271,49805
0.2074546128511429,0.7925453782081604,32058
0.7194875001907348,0.28051251769065855,37152
0.5751019597053528,0.42489804029464723,8045
0.6635795474052429,0.336420464515686,29100
0.48165795803070066,0.5183420658111573,69521
0.5581629276275635,0.441837078332901,71068
0.4890011787414551,0.5109988212585449,4746
0.455536550283432,0.5444634318351745,21502
0.9351516008377075,0.06484837159514427,7193
0.688466215133667,0.31153379678726195,54383
0.5290088891983032,0.47099111676216127,28740
0.8373346447944641,0.1626653790473938,61795
0.5052611887454986,0.4947388172149658,72977
0.730877959728241,0.2691220730543137,29323
0.24524084925651551,0.7547591805458069,45177
0.7399536371231079,0.26004638969898225,33912
0.2314364343881607,0.7685635566711426,54118
0.36005253791809083,0.6399474382400513,68076
0.6959556698799133,0.30404433608055115,43583
0.6802607774734497,0.3197392225265503,66661
0.11259519457817077,0.8874048113822937,3804
0.6790805101394654,0.32091946005821226,10959
0.5242852389812469,0.47571473717689516,67885
0.502199649810791,0.497800350189209,59305
0.7207335352897644,0.27926647663116455,19171
0.28261122703552244,0.7173887968063355,71307
0.5729419827461243,0.4270580291748047,57335
0.625724482536316,0.37427549362182616,18946
0.2696906805038452,0.7303093314170838,69056
0.4700977861881256,0.5299022197723389,68588
0.30011738538742067,0.6998826384544372,36634
0.401396644115448,0.598603355884552,62395
0.42092740535736084,0.5790725827217102,15007
0.7131544351577759,0.28684555888175967,68826
0.8303696751594544,0.16963033974170685,53001
0.49608930945396423,0.5039107263088226,46636
0.15247417986392975,0.8475257992744446,54702
0.5367499351501465,0.463250070810318,23275
0.4032968819141388,0.5967031002044678,57204
0.7780377030372619,0.22196228802204132,53099
0.8239966630935669,0.17600333988666533,57000
0.6346864938735962,0.3653134822845459,44276
0.1186826080083847,0.881317389011383,36032
0.41002670526504514,0.5899732828140258,41953
0.4956444799900055,0.5043555557727813,56143
0.41392810344696046,0.5860718846321106,5263
0.3225651204586029,0.6774348616600037,36987
0.20287435352802277,0.7971256852149964,66934
0.5441602826118469,0.45583969354629517,59591
0.5874751687049866,0.41252484917640686,31917
0.5260063886642456,0.47399365305900576,64425
0.5536258339881897,0.4463741838932037,55095
0.6684902906417847,0.33150970935821533,2450
0.5719686269760131,0.4280313730239868,65564
0.21148475408554077,0.7885152697563171,70074
0.3933616399765015,0.6066384077072143,33073
0.5287164866924285,0.47128352522850037,13771
0.48452203869819643,0.5154779493808747,15682
0.8493047475814819,0.15069527924060822,21500
0.7722834944725037,0.22771649956703185,31279
0.29647092819213866,0.7035290598869324,43829
0.8953640937805176,0.10463589876890182,2728
0.5381581425666809,0.46184184551239016,17464
0.31146847605705263,0.6885315299034118,45094
0.6020088434219361,0.3979911506175995,72490
0.5625750541687011,0.4374249756336212,71467
0.8079575181007386,0.19204248189926149,47031
0.7267786502838135,0.2732213526964188,8526
0.34551097750663756,0.654489004611969,33639
0.3226726293563843,0.6773273468017578,9421
0.73895183801651,0.26104815006256105,13248
0.3895746529102325,0.6104253530502319,56599
0.2571788847446442,0.7428211092948913,55510
0.3682648718357086,0.6317351341247559,61364
0.47884745597839357,0.5211525440216065,54058
0.493576192855835,0.5064238011837006,63257
0.3614103615283966,0.6385896325111389,44178
0.40455124974250795,0.5954487562179566,57122
0.5059152126312256,0.494084769487381,72476
0.38670830726623534,0.6132916927337646,20590
0.42355897426605227,0.5764410495758057,39546
0.7506088018417358,0.24939121305942535,7428
0.3373769521713257,0.6626230478286743,25765
0.679521906375885,0.3204780876636505,12321
0.1461114391684532,0.8538885831832885,31571
0.20845169126987456,0.7915482997894288,45423
0.5115736484527588,0.48842636942863465,7717
0.5823763489723206,0.4176236629486084,71072
0.6828123807907105,0.3171876072883606,17889
0.5460204839706421,0.45397950410842897,61793
0.5976119875907898,0.40238805413246154,44339
0.44952489733695983,0.5504751086235047,37340
0.6677942156791687,0.3322058081626892,56351
0.165983909368515,0.8340160846710205,30981
0.4477112054824829,0.5522887945175171,43609
0.5830325603485107,0.41696740984916686,13438
0.7972046852111816,0.2027953088283539,40443
0.817094373703003,0.1829056203365326,51877
0.9223444342613221,0.07765557765960693,51078
0.9238852858543396,0.0761147454380989,55276
0.2135130435228348,0.7864869594573974,36150
0.3259967029094696,0.6740033268928528,69219
0.4715700149536133,0.5284300029277802,37719
0.904628312587738,0.09537168890237809,54451
0.9155009150505066,0.08449908345937729,34068
0.3042489171028137,0.6957510828971862,44077
0.14626761972904206,0.853732430934906,37363
0.8248731136322022,0.17512690722942353,67636
0.608218514919281,0.3917814552783966,40115
0.6517184495925903,0.34828152060508727,51397
0.8430623054504395,0.15693769752979278,33957
0.16848575472831726,0.8315142631530762,66495
0.5914889216423035,0.408511084318161,26024
0.7866561055183411,0.21334389746189117,68822
0.676291561126709,0.3237084448337555,67865
0.6892894744873047,0.3107105493545532,36801
0.20622596144676208,0.7937740325927735,14474
0.3967495262622833,0.6032504796981811,71058
0.6143576622009277,0.3856423258781433,24466
0.34540570378303526,0.6545942783355713,7481
0.6312623739242553,0.3687376260757446,64829
0.46474015712738037,0.5352598190307617,44223
0.7264039278030395,0.2735960692167282,48486
0.4461749970912933,0.553825032711029,32492
0.6482853651046753,0.35171465277671815,48629
0.1116701066493988,0.8883298754692077,63367
0.1161303237080574,0.8838696718215943,45993
0.7277070045471191,0.2722930073738098,48099
0.33660195469856263,0.663398027420044,14205
0.7091291427612305,0.29087087512016296,32368
0.45859103798866274,0.5414089322090149,61239
0.7970641732215882,0.20293584167957307,70132
0.8119601130485534,0.18803988695144652,61427
0.5867964267730713,0.4132035732269287,43252
0.5522651433944702,0.4477348566055298,34523
0.9122921347618103,0.08770784139633178,33393
0.23626533448696135,0.7637346863746644,33005
0.6084887146949768,0.3915113151073456,35788
0.1469757229089737,0.8530242681503296,25195
0.7332028746604919,0.2667970985174179,63011
0.7377570271492004,0.2622430115938187,11100
0.37496407628059386,0.6250359177589416,1286
0.5054384469985962,0.4945615351200104,18964
0.15998541116714476,0.8400145769119263,4592
0.8379749655723572,0.16202505230903624,9156
0.4934379875659943,0.5065620243549347,23971
0.358660364151001,0.641339647769928,72430
0.09496865719556809,0.9050313711166382,66682
0.25036523342132566,0.7496347665786743,43568
0.6003050088882447,0.39969499707221984,45432
0.30798250436782837,0.6920174837112427,70001
0.3853139400482178,0.6146860599517823,49817
0.6724214196205139,0.32757859826087954,72727
0.48848782777786254,0.5115121483802796,50971
0.4323214292526245,0.5676785588264466,69494
0.5082989633083344,0.4917010605335236,27593
0.765254020690918,0.2347459763288498,51620
0.7052367806434632,0.2947632372379303,52616
0.2692236423492432,0.7307763576507569,4802
0.24654202461242675,0.7534579753875732,51219
0.3694880545139313,0.6305119395256042,66703
0.763338053226471,0.23666196465492248,3182
0.8218500494956971,0.1781499207019806,62082
0.41923468112945556,0.5807652831077575,6559
0.5783578395843506,0.4216421604156494,9770
0.08546573370695114,0.9145342707633972,8466
0.4898579180240631,0.5101420760154725,29559
0.5719401359558105,0.42805987000465395,12001
0.15882809460163116,0.8411718845367432,37177
0.4980117678642273,0.5019881963729859,31745
0.38471747636795045,0.6152825236320496,45152
0.6399988174438477,0.36000115871429444,62550
0.6513522863388062,0.34864774346351624,19851
0.21825408339500427,0.7817459106445312,66014
0.11110614538192749,0.8888938546180725,3803
0.16595816910266875,0.8340418577194214,6943
0.47842185497283934,0.5215781271457672,38152
0.4199666678905487,0.5800333142280578,5360
0.3102859199047089,0.6897140741348267,46605
0.4774788677692413,0.5225211143493652,22537
0.34795724153518676,0.6520427584648132,33769
0.49049673080444334,0.5095033049583435,1519
0.4151004493236542,0.5848995327949524,21127
0.07966919988393784,0.9203308343887329,60806
0.2614438563585281,0.7385561347007752,31165
0.40551391839981077,0.5944860935211181,59607
0.8417953133583069,0.15820468366146087,61440
0.5340384840965271,0.46596153974533083,67275
0.9127255797386169,0.08727441728115082,59575
0.597329843044281,0.40267014503479004,52040
0.9161547422409058,0.0838452473282814,44663
0.9570574402809143,0.04294256940484047,62729
0.3243028879165649,0.6756971478462219,55112
0.4574124217033386,0.5425875902175903,10956
0.8394872665405273,0.1605127364397049,26345
0.378733879327774,0.6212661266326904,32657
0.6578558921813965,0.342144113779068,30518
0.2623203158378601,0.7376796841621399,10573
0.49304763078689573,0.5069523513317108,67027
0.10031442195177079,0.8996855854988098,70046
0.18060668408870698,0.8193933010101319,62900
0.8717234969139099,0.1282765358686447,34450
0.4480730175971985,0.5519270181655884,71910
0.5447622299194336,0.4552377760410309,36907
0.8989985823631287,0.101001438498497,74182
0.27471101880073545,0.725288987159729,48041
0.12791192382574082,0.872088086605072,67753
0.6161999821662902,0.3838000237941742,53208
0.5249987602233886,0.47500125765800477,71442
0.592274296283722,0.40772571563720705,64808
0.40801424384117124,0.5919857621192932,61609
0.8726883292198181,0.12731166183948517,67900
0.585926628112793,0.4140733540058136,68127
0.6323254466056824,0.36767457127571107,37441
0.7736048340797425,0.2263951599597931,70186
0.7112763881683349,0.28872361183166506,16253
0.5972963213920593,0.40270366668701174,30504
0.44950594902038576,0.5504940509796142,38173
0.8798645853996276,0.12013543546199798,16195
0.572799813747406,0.4272001564502716,28357
0.11112973392009735,0.8888702630996704,49156
0.4990154683589935,0.500984525680542,67616
0.46365991830825803,0.536340081691742,53225
0.16710138320922852,0.8328986406326294,21490
0.3757981419563293,0.6242018818855286,68571
0.15453798174858094,0.8454620122909546,43160
0.6099170327186585,0.39008294939994814,12213
0.7436258792877197,0.2563741147518158,60766
0.7007219910621643,0.29927802085876465,41088
0.2601124674081802,0.7398875474929809,28113
0.23159959614276887,0.7684004068374634,13346
0.7794182300567627,0.2205817937850952,6285
0.24009683430194856,0.7599031686782837,35835
0.8386979222297668,0.16130204796791076,39692
0.5969516396522522,0.4030483365058899,477
0.587807810306549,0.41219220161437986,52882
0.7567550539970398,0.24324496388435363,57353
0.4400714933872223,0.5599285006523133,5074
0.19638816714286805,0.8036118507385254,5642
0.4922036647796631,0.5077963471412659,73484
0.6993196725845336,0.30068031549453733,48552
0.23567152321338652,0.7643284320831298,6404
0.4399108350276947,0.5600892066955566,51676
0.713208019733429,0.2867919445037842,43529
0.4234314501285553,0.5765685439109802,1425
0.2555659204721451,0.7444340825080872,18095
0.7063509345054626,0.2936490595340729,24413
0.08436945825815201,0.9156305432319641,39061
0.5257783532142639,0.47422165274620054,20587
0.5956545829772949,0.40434539318084717,38988
0.15840805172920228,0.8415919423103333,65535
0.34154998064041137,0.6584499835968017,36097
0.6362441778182983,0.36375582218170166,3048
0.5430714368820191,0.4569285333156586,12678
0.3900303304195404,0.6099696516990661,2557
0.48082600235939027,0.5191739916801452,36299
0.5712115168571472,0.4287884831428528,49318
0.5228692531585694,0.47713074684143064,6265
0.37599657773971557,0.6240034580230713,28809
0.3537258505821228,0.6462741374969483,20092
0.5143035173416137,0.48569650053977964,38966
0.6823410272598267,0.3176589846611023,58173
0.6816838145256042,0.3183162271976471,44162
0.4089420199394226,0.5910579919815063,12604
0.8968909621238709,0.10310904532670975,5174
0.25819367468357085,0.7418063521385193,28939
0.7362080812454224,0.26379192173480986,38084
0.7693206429481506,0.23067935407161713,41405
0.3348081409931183,0.6651918649673462,39232
0.607919430732727,0.3920805811882019,67413
0.6846172332763671,0.3153827846050262,69294
0.3754694402217865,0.624530553817749,45890
0.5869074940681458,0.4130925118923187,40250
0.4600144326686859,0.5399855494499206,51042
0.5553332448005677,0.4446667551994324,7325
0.8514199018478393,0.14858008921146393,10094
0.5844524741172791,0.41554753184318544,8967
0.24638302028179168,0.7536169767379761,26125
0.46570293307304383,0.5342970728874207,25404
0.21542851626873016,0.7845714688301086,17498
0.3026030123233795,0.6973969459533691,34108
0.7954546928405761,0.20454530119895936,25894
0.7169622421264649,0.28303774297237394,47650
0.2309240520000458,0.7690759658813476,59494
0.6317747235298157,0.3682252883911133,37502
0.17545303404331208,0.8245469570159912,47626
0.5356616497039794,0.46433834433555604,33416
0.5271876633167267,0.4728123486042023,23790
0.39644292593002317,0.6035570502281189,39401
0.4664191365242004,0.5335808634757996,50077
0.4156998753547668,0.58430016040802,48257
0.5523187160491944,0.4476812660694122,30627
0.4742004871368408,0.5257995009422303,53274
0.35171387791633607,0.6482861280441284,8778
0.38126413226127626,0.6187358617782592,38314
0.6618067264556885,0.338193279504776,65696
0.46344795227050783,0.5365520715713501,30018
0.08873290568590164,0.911267101764679,49485
0.4743602991104126,0.5256397008895874,45235
0.4786524474620819,0.5213475346565246,28443
0.3829198181629181,0.6170801877975464,26487
0.32310873866081236,0.6768912434577942,68864
0.5719494462013245,0.4280505836009979,40222
0.2634359270334244,0.7365640640258789,40514
0.2701811671257019,0.729818832874298,44907
0.30296404361724855,0.6970359563827515,20128
0.3625833332538605,0.6374166965484619,1642
0.08009928017854691,0.9199007272720336,68909
0.11229514479637145,0.8877048969268799,68221
0.5236700356006623,0.47632995843887327,40172
0.20732013285160064,0.7926798701286316,24567
0.8146815180778504,0.18531849682331086,35885
0.2870130240917206,0.7129869580268859,35822
0.6998585939407349,0.3001413941383362,51505
0.6188010811805725,0.381198924779892,31215
0.4294978201389313,0.5705021977424621,54485
0.6633754134178161,0.33662459850311277,73434
0.5320498228073121,0.4679501593112946,57020
0.3083284258842468,0.6916715502738953,43667
0.5860364675521851,0.41396353840827943,20039
0.5878409266471862,0.41215909123420713,757
0.6857995510101318,0.31420043110847473,71553
0.16164704263210297,0.8383529305458068,53387
0.34166845083236697,0.6583315610885621,48086
0.6444861650466919,0.35551385283470155,40519
0.5229455947875976,0.4770544171333313,39937
0.5334980487823486,0.46650196313858033,9406
0.6221924066543579,0.37780759334564207,36050
0.36005865335464476,0.6399413347244263,53049
0.5701118469238281,0.4298881709575653,43560
0.3690132200717926,0.6309868216514587,63365
0.2977406919002533,0.7022592782974243,53996
0.29159433841705323,0.7084056258201599,32905
0.5016673743724823,0.49833263754844664,43814
0.33541781902313234,0.6645821452140808,54057
0.7790634512901307,0.2209365338087082,42252
0.45174328088760374,0.5482567071914672,48647
0.2809536695480347,0.7190463423728943,16752
0.632136607170105,0.3678633987903595,45479
0.8386699795722962,0.16133002042770386,8558
0.8914349436759949,0.10856505930423736,45555
0.31063416600227356,0.689365828037262,52719
0.44452406764030455,0.5554759263992309,26829
0.894043219089508,0.10595678836107254,4362
0.20431787073612212,0.7956821203231812,68309
0.9142933011054992,0.08570671826601028,29644
0.18258445858955383,0.8174155354499817,41595
0.3911415457725525,0.6088584899902344,29523
0.8704243063926697,0.129575677216053,64523
0.1331569582223892,0.866843068599701,33463
0.6420120596885681,0.35798797607421873,3133
0.18576762080192566,0.8142323613166809,66950
0.506991857290268,0.49300814270973203,17279
0.5336058020591736,0.466394180059433,25345
0.12867095321416855,0.8713290691375732,59416
0.3987282454967499,0.6012717723846436,32483
0.47157334089279174,0.5284266829490661,8399
0.3369643330574036,0.6630356907844543,46508
0.3677738428115845,0.6322261571884156,23869
0.5257538199424744,0.47424617409706116,47857
0.7346787929534913,0.2653212249279022,30141
0.32162882685661315,0.6783711552619934,23797
0.6421256184577941,0.3578743636608124,66019
0.5260069847106934,0.47399300932884214,63470
0.5493397116661072,0.4506602883338928,41842
0.6555644631385803,0.34443552494049073,47195
0.5931385397911072,0.4068614602088928,35346
0.3218053936958313,0.6781946063041687,27137
0.5859072089195252,0.41409279108047486,47381
0.7797991037368774,0.22020091414451598,64869
0.7496394038200378,0.25036061406135557,7992
0.4227770745754242,0.5772229552268981,46347
0.5496384739875794,0.4503615379333496,41267
0.7630785346031189,0.23692146837711334,9024
0.6633915066719055,0.3366084575653076,45056
0.3925350844860077,0.6074649095535278,27309
0.8977576494216919,0.10224236100912094,17584
0.08826818466186523,0.9117317795753479,57470
0.5145667195320129,0.48543328046798706,14244
0.4208762884140015,0.5791236758232117,8356
0.4324944198131561,0.5675055861473084,22513
0.6038905262947083,0.39610945582389834,33516
0.3142900228500366,0.6857099652290344,42389
0.8610626101493836,0.13893740326166154,3212
0.8924314856529236,0.10756853520870209,59531
0.7843434810638428,0.2156565248966217,23414
0.6528089880943299,0.3471910297870636,16829
0.5424970269203186,0.4575029730796814,15001
0.23666352927684783,0.7633364796638489,2993
0.13110291510820388,0.8688971042633057,60860
0.6080272674560547,0.3919727265834808,73382
0.6178576111793518,0.3821424007415771,28815
0.2749042510986328,0.7250957489013672,63453
0.5235611081123352,0.4764389097690582,46056
0.7064597010612488,0.2935402631759644,47945
0.6916621327400208,0.3083378732204437,64509
0.09648516923189163,0.9035148382186889,70902
0.38526796698570254,0.614732027053833,1414
0.17650974690914153,0.8234902501106263,37767
0.4099105417728424,0.5900894522666931,6176
0.8549947738647461,0.1450052171945572,8064
0.5376185536384582,0.4623814523220062,13109
0.6105902552604675,0.38940976858139037,34098
0.645747971534729,0.354252028465271,40852
0.31427950859069825,0.6857204556465148,67210
0.6649696350097656,0.335030335187912,54237
0.7809580087661743,0.21904202103614806,22887
0.364981484413147,0.6350185155868531,71100
0.5530783176422119,0.44692169427871703,4664
0.2052537053823471,0.7947463154792785,61914
0.21588581204414367,0.7841141700744629,44270
0.1930769771337509,0.8069230079650879,29187
0.4419713318347931,0.5580286502838134,47380
0.4699452519416809,0.5300547480583191,68925
0.10506695359945298,0.8949330449104309,54876
0.4161539912223816,0.5838459849357605,73604
0.3598978042602539,0.6401021838188171,74055
0.10178976058959961,0.8982102513313294,29160
0.2525285392999649,0.7474714398384095,27513
0.6841812491416931,0.3158187627792358,12268
0.1507854551076889,0.8492145538330078,52753
0.48663313388824464,0.5133668959140778,447
0.2368621528148651,0.7631378412246704,48897
0.333428168296814,0.6665718197822571,18417
0.4066638648509979,0.5933361411094665,24877
0.6680024862289429,0.33199750185012816,5955
0.09615096002817154,0.9038490533828736,12669
0.09338060021400452,0.9066194295883179,57937
0.6409526705741883,0.3590473413467407,38632
0.6426502823829651,0.3573497116565704,65559
0.5444404602050781,0.4555595099925995,34509
0.14898183941841125,0.8510181546211243,70603
0.1242768034338951,0.8757232069969177,27768
0.7372220635414124,0.2627779126167297,11494
0.1920267701148987,0.8079732298851013,13907
0.8808424592018127,0.11915755420923232,6037
0.41719708442687986,0.582802927494049,45980
0.532744163274765,0.46725585460662844,64945
0.5273614943027496,0.47263851165771487,33374
0.5505429625511169,0.44945703744888305,42039
0.5598940849304199,0.4401059091091156,57085
0.6101150155067444,0.3898849904537201,66187
0.278164941072464,0.7218350887298584,23047
0.6626169204711914,0.337383097410202,31624
0.5536346077919007,0.44636538028717043,702
0.6071799039840698,0.39282008409500124,7723
0.42990362644195557,0.5700963854789733,54886
0.2584630250930786,0.7415369868278503,35435
0.5765172719955445,0.42348270416259765,64301
0.3057881653308868,0.6942118525505065,29365
0.44442213177680967,0.5555778861045837,25322
0.12769849598407745,0.8723015069961548,50966
0.22475124299526214,0.7752487421035766,35787
0.3334360122680664,0.6665639758110047,44978
0.08599487394094467,0.9140051126480102,61214
0.26848606765270233,0.7315139293670654,64574
0.15839631855487823,0.841603672504425,48397
0.24369428753852845,0.7563056945800781,9986
0.7962005376815796,0.2037994682788849,59809
0.7670584559440613,0.23294153809547424,15723
0.6587512612342834,0.3412487506866455,37994
0.3154624938964844,0.6845374941825867,69849
0.8759773015975952,0.12402273565530778,56658
0.716500210762024,0.28349979519844054,21145
0.6721783518791199,0.3278216481208801,20637
0.5809631824493409,0.4190368473529816,57272
0.6407509922981263,0.35924898982048037,32790
0.511669373512268,0.48833062052726744,39511
0.5087804079055787,0.49121960401535036,55437
0.16553215384483339,0.83446786403656,48053
0.42340555787086487,0.5765944600105286,7679
0.34345285296440126,0.6565471172332764,42200
0.9023566961288452,0.09764330238103866,38591
0.7605337381362915,0.23946624100208283,12679
0.537041711807251,0.46295827627182007,32541
0.32758442163467405,0.6724156022071839,63721
0.1742344468832016,0.8257655620574951,9294
0.5709926366806031,0.42900736927986144,7159
0.45927301049232483,0.5407269954681396,45822
0.6557018518447876,0.3442981719970703,14050
0.13087348639965057,0.8691264867782593,36609
0.5482275724411011,0.4517724275588989,56029
0.6535528659820556,0.3464471101760864,58719
0.6198295593261719,0.3801704287528992,61356
0.8679694890975952,0.13203052878379823,7816
0.37701022028923037,0.6229897737503052,37170
0.5495272159576416,0.4504727780818939,36593
0.1757925420999527,0.8242075085639954,13798
0.32555020451545713,0.6744498014450073,66876
0.7543853163719177,0.2456146776676178,6652
0.770506763458252,0.229493248462677,23138
0.419008868932724,0.5809911251068115,30425
0.8641685366630554,0.13583149015903473,28597
0.11171887516975403,0.8882811188697814,60835
0.7295205354690552,0.2704794526100159,22551
0.8217239499092102,0.17827602922916413,41692
0.17852835953235627,0.821471655368805,67406
0.19603632688522338,0.8039636492729187,2274
0.768401026725769,0.23159902393817902,60301
0.7094939351081848,0.29050605893135073,38821
0.0906212255358696,0.9093788027763366,55090
0.14829736948013306,0.851702618598938,53273
0.7971405863761902,0.2028594434261322,47416
0.2322793573141098,0.767720639705658,52818
0.40633907318115237,0.5936609387397767,50281
0.08003374487161637,0.9199662327766418,61267
0.5114282369613647,0.4885717570781708,39660
0.36835709810256956,0.6316429018974304,18491
0.7546622633934021,0.24533771872520446,47987
0.6281867504119873,0.3718132615089417,54424
0.5670395970344544,0.43296038508415224,13313
0.1959777593612671,0.8040222287178039,25074
0.9109961032867432,0.08900387436151505,15775
0.5468514323234558,0.4531485795974731,7268
0.603937315940857,0.3960626721382141,20174
0.5906216979026795,0.40937830209732057,9355
0.1016323745250702,0.8983675956726074,16755
0.5803892612457275,0.4196107447147369,32015
0.43979905247688295,0.5602009296417236,38317
0.34698066115379333,0.653019380569458,65517
0.5741244673728942,0.42587552070617674,67316
0.7959574103355408,0.20404259562492372,70428
0.8188321471214295,0.18116785883903502,56772
0.7918608665466309,0.2081391543149948,22916
0.3548083662986755,0.6451916217803955,21105
0.5799226045608521,0.42007738947868345,39319
0.5260938763618469,0.473906135559082,20840
0.44521326422691343,0.5547867178916931,58225
0.19045010209083557,0.809549880027771,11119
0.2645927757024765,0.7354072213172913,66117
0.8778816223144531,0.12211838066577911,20799
0.6486573696136475,0.3513426184654236,36631
0.8443295955657959,0.15567044019699097,63298
0.4767710566520691,0.5232289552688598,40163
0.7958969116210938,0.20410309135913848,23016
0.5888776421546936,0.4111223340034485,42639
0.6651871681213379,0.3348128378391266,47584
0.7445330500602723,0.25546694695949557,52477
0.6028319358825683,0.39716809391975405,64847
0.35608957409858705,0.6439104437828064,26055
0.31499523520469663,0.6850047469139099,69592
0.7753505706787109,0.22464944720268248,72532
0.15483291447162628,0.8451670646667481,72208
0.5612145781517028,0.4387853920459747,46307
0.2725736141204834,0.7274263501167297,56905
0.39207221269607545,0.6079277753829956,40743
0.3584870874881744,0.6415128946304322,49405
0.681114399433136,0.318885600566864,7948
0.4986036419868469,0.5013963520526886,30160
0.6687242746353149,0.331275737285614,45411
0.45760953426361084,0.5423904538154602,46498
0.5502177953720093,0.4497821986675262,34862
0.34808016419410703,0.6519198417663574,9556
0.531950056552887,0.4680499374866486,37432
0.2564808249473572,0.7435191869735718,63699
0.175577312707901,0.8244226932525635,53655
0.7178563237190246,0.28214370608329775,2639
0.8412334084510803,0.15876660346984864,72170
0.36316036581993105,0.6368396282196045,17241
0.741123366355896,0.2588766485452652,14523
0.562252938747406,0.43774706721305845,17027
0.47065562605857847,0.5293443441390991,12734
0.6488923788070678,0.35110762119293215,39570
0.20143784880638121,0.7985621571540833,25627
0.5053886592388153,0.4946113109588623,60866
0.7637826561927795,0.23621734380722045,2360
0.6355437159538269,0.3644562721252441,58298
0.7204624533653259,0.2795375406742096,1182
0.5980285763740539,0.40197142362594607,12363
0.3273548364639282,0.6726451635360717,9545
0.46787827610969546,0.5321217238903045,16133
0.6697067975997925,0.33029323220252993,5415
0.6926175475120544,0.30738245248794555,50672
0.5765111088752747,0.42348886728286744,39793
0.1994099199771881,0.8005900740623474,60882
0.8138774275779724,0.18612259030342101,7864
0.48447664380073546,0.5155233800411224,62815
0.6030368447303772,0.39696314334869387,65391
0.0569163553416729,0.943083667755127,16108
0.5654738783836365,0.4345261216163635,12888
0.4434381425380707,0.5565618276596069,46097
0.5568960070610046,0.4431039929389954,61126
0.48851725459098816,0.5114827334880829,42224
0.29398697018623354,0.706013023853302,43266
0.38236546516418457,0.6176345586776734,656
0.28698192834854125,0.7130180478096009,5432
0.21766771972179413,0.7823323011398315,54994
0.48881887793540957,0.5111811280250549,69265
0.26352407932281496,0.7364759325981141,67818
0.6984689950942993,0.3015310049057007,70251
0.40633584856987,0.5936641454696655,1584
0.47210737466812136,0.5278926253318786,72980
0.6883649110794068,0.31163507103919985,16515
0.32926774621009824,0.6707322597503662,18655
0.7102138996124268,0.28978613018989563,74398
0.6138039231300354,0.38619605302810667,17458
0.5501848816871643,0.4498151123523712,34500
0.46040141582489014,0.5395985603332519,17272
0.3039895236492157,0.6960104584693909,73685
0.4485896944999695,0.5514103055000306,49925
0.9301251411437989,0.0698748379945755,70130
0.6041709542274475,0.39582905173301697,44501
0.2639899492263794,0.7360100507736206,30601
0.5696635365486145,0.4303364634513855,66101
0.49711161851882935,0.5028883516788483,47403
0.5403275966644288,0.45967237949371337,17300
0.40410950779914856,0.5958904981613159,16462
0.5515932440757751,0.4484067738056183,66697
0.37427849769592286,0.6257214426994324,10375
0.5221048951148987,0.47789508700370786,24725
0.5531667590141296,0.4468332529067993,50191
0.48325740694999697,0.5167425751686097,35611
0.3899501144886017,0.6100498676300049,42474
0.3847929537296295,0.6152070522308349,1220
0.569742226600647,0.43025778532028197,32346
0.2772940695285797,0.7227059125900268,44083
0.7111159682273864,0.28888404965400694,72309
0.2768216133117676,0.7231783866882324,25695
0.8325030207633972,0.16749697625637056,15604
0.6050762176513672,0.3949237883090973,5929
0.6237211465835572,0.37627884149551394,72929
0.41376487016677854,0.5862351179122924,15270
0.7561993479728699,0.24380066990852356,19091
0.5633938431739807,0.4366061329841614,54116
0.4914910852909088,0.5085088968276977,45885
0.5103850960731506,0.4896148920059204,39440
0.41047834157943724,0.5895216464996338,27909
0.7210483193397522,0.2789516806602478,15261
0.4117812752723694,0.5882187366485596,58168
0.3392415463924408,0.6607584595680237,16649
0.621653389930725,0.37834662199020386,4144
0.3109494984149933,0.6890505313873291,60417
0.3148935079574585,0.6851064682006835,36261
0.8201117396354676,0.17988825738430023,47868
0.555107855796814,0.444892144203186,24461
0.6918975710868835,0.3081024348735809,19237
0.3388116002082825,0.6611884117126465,43688
0.5345785975456238,0.46542136669158934,59442
0.40837658047676084,0.5916234493255615,53982
0.3304419696331024,0.6695580244064331,26705
0.5950496196746826,0.4049503684043884,115
0.628197169303894,0.3718028128147125,17114
0.7532968640327453,0.24670313596725463,56257
0.583030366897583,0.41696961522102355,64315
0.6281813740730285,0.3718186140060425,68390
0.17480399906635286,0.8251959800720214,21380
0.4070019245147705,0.5929980635643005,47331
0.5394328355789184,0.46056714057922366,5898
0.1745341509580612,0.8254658460617066,37103
0.8430602431297303,0.15693976283073424,72771
0.3082818746566772,0.6917181253433228,19377
0.3216764867305756,0.6783235311508179,40447
0.5156198143959045,0.4843801617622375,56245
0.22077216804027558,0.7792278409004212,45557
0.6797903776168823,0.3202096402645111,32382
0.7678999662399292,0.2321000277996063,55863
0.9212642192840577,0.07873578220605851,51080
0.18339159190654755,0.8166084051132202,26217
0.8456497669219971,0.15435022711753846,66645
0.144124636054039,0.8558753967285156,66341
0.5411773324012756,0.4588226854801178,64797
0.845327365398407,0.15467262864112855,47529
0.4937886118888855,0.5062113523483276,5066
0.4565359652042389,0.5434640526771546,37169
0.48506290912628175,0.5149370789527893,60204
0.11539889872074127,0.884601104259491,48401
0.5324718475341796,0.4675281703472137,13447
0.4537870526313782,0.5462129473686218,13822
0.6979830384254455,0.30201694965362547,55518
0.5246142864227294,0.47538570165634153,50009
0.5410408973693848,0.45895912051200866,52974
0.6702486157417298,0.3297513723373413,69401
0.40245468616485597,0.5975453376770019,26750
0.12267209887504578,0.8773278951644897,11559
0.42773176431655885,0.5722682356834412,43279
0.10884718298912048,0.891152811050415,12425
0.6397194027900696,0.3602805733680725,4220
0.9172826051712036,0.08271738439798355,6348
0.5268081784248352,0.4731918215751648,64377
0.4776216149330139,0.5223783731460572,54657
0.3751084327697754,0.6248915791511536,17180
0.33940100073814394,0.6605990171432495,45941
0.6036532044410705,0.39634681940078736,62746
0.1548815757036209,0.8451184272766114,5713
0.45086492896080016,0.5491351008415222,29417
0.13626310527324675,0.8637369036674499,37478
0.13824825137853622,0.8617517709732055,29217
0.3547110319137573,0.6452889919281006,44007
0.7426032423973083,0.25739677548408507,15131
0.7683897376060486,0.23161024749279022,72602
0.11427734494209289,0.8857226610183716,37255
0.525696188211441,0.4743038237094879,5091
0.3609992444515228,0.6390007615089417,36340
0.7938496708869934,0.2061503291130066,25685
0.13540069311857222,0.8645992994308471,30278
0.497515070438385,0.5024849057197571,21041
0.6120500564575195,0.38794994354248047,24351
0.7976775288581848,0.20232247710227966,46082
0.754702353477478,0.245297634601593,6206
0.8965294837951661,0.10347051173448563,21477
0.6883413553237915,0.311658638715744,65656
0.40150930881500246,0.5984906792640686,20143
0.9061813354492188,0.0938186526298523,49510
0.7972551941871643,0.2027447998523712,30039
0.5431033849716187,0.45689660906791685,23922
0.7916189312934876,0.20838107764720917,45010
0.10756267756223678,0.8924373388290405,24328
0.3643154203891754,0.635684585571289,13153
0.5618232846260071,0.43817670941352843,58836
0.47542492747306825,0.5245750725269318,58471
0.5159242033958436,0.4840757966041565,54133
0.5512852072715759,0.4487147867679596,5930
0.6276235580444336,0.37237644791603086,40991
0.10510922223329544,0.8948907613754272,2087
0.8112874269485474,0.188712540268898,18662
0.5475400567054749,0.45245993733406065,37072
0.5507935404777526,0.44920644760131834,23935
0.20637031495571137,0.7936296701431275,70537
0.5407314300537109,0.4592685580253601,42148
0.6285756230354309,0.37142437100410464,56476
0.13194119036197663,0.8680588006973267,13283
0.6806151866912842,0.3193847954273224,45658
0.362473601102829,0.6375264167785645,15072
0.07298997044563293,0.9270100355148315,59522
0.3828389346599579,0.6171610593795777,13099
0.6158761382102966,0.3841238856315613,45921
0.5523351311683655,0.4476648509502411,44862
0.4534817337989807,0.5465182662010193,53856
0.4895201802253723,0.5104798197746276,53717
0.4618054747581482,0.538194477558136,25582
0.7987967371940613,0.20120328664779663,20742
0.4476792931556702,0.5523207068443299,56294
0.6447053551673889,0.3552946448326111,59998
0.25123460292816163,0.7487653851509094,39664
0.6598672986030578,0.3401327013969421,34998
0.649128007888794,0.3508719980716705,40227
0.3346240699291229,0.6653759121894837,27363
0.5355544328689575,0.46444556713104246,41530
0.21729395985603334,0.7827060461044312,653
0.3938124418258667,0.6061875462532044,54164
0.07097288966178894,0.9290271043777466,50280
0.12201983779668808,0.8779801726341248,72253
0.47609549164772036,0.523904550075531,44537
0.5505322575569153,0.4494677305221558,44207
0.3114125728607178,0.6885874390602111,33433
0.3735126852989197,0.6264873504638672,18464
0.4889241695404053,0.5110758125782013,64123
0.767227041721344,0.23277294337749482,67913
0.6085778713226319,0.39142213463783265,65462
0.8731674313545227,0.12683261334896087,47297
0.12246390730142594,0.8775360941886902,6560
0.5516169667243958,0.4483830273151398,8351
0.7871984004974365,0.21280159056186676,29665
0.5564064025878906,0.44359360337257386,36969
0.4861846089363098,0.5138153910636902,53079
0.7383086204528808,0.2616913586854935,43748
0.6960174441337585,0.3039825618267059,51473
0.6253709077835083,0.37462909817695617,4913
0.7930776834487915,0.20692232847213746,27172
0.3270715236663818,0.6729285240173339,5397
0.10735007971525193,0.8926499128341675,14537
0.4088655591011047,0.5911344289779663,5267
0.304489928483963,0.6955100774765015,62970
0.5721795797348023,0.4278204321861267,35667
0.48341519236564634,0.5165848195552826,1033
0.2611341804265976,0.7388658165931702,40784
0.34840455651283264,0.651595413684845,62012
0.527002489566803,0.47299748063087466,19963
0.6357071995735168,0.3642928123474121,2297
0.7934669375419616,0.2065330594778061,67361
0.5225340127944946,0.4774660229682922,53034
0.39041046500205995,0.6095895528793335,11426
0.3176074862480164,0.6823924779891968,59857
0.4561955690383911,0.5438044309616089,2494
0.48182562589645384,0.5181743979454041,61468
0.6162510275840759,0.3837489664554596,12650
0.9128593325614929,0.08714066594839096,7129
0.13955111503601075,0.8604488968849182,5919
0.3675813376903534,0.6324186444282531,45777
0.4078274965286255,0.5921725153923034,57072
0.9002983927726745,0.09970157444477082,50931
0.5561781764030457,0.44382184743881226,69462
0.934769332408905,0.06523068100214005,73570
0.6737016916275025,0.326298314332962,59063
0.5416371941566467,0.45836280584335326,20672
0.7015020728111268,0.29849793910980227,59960
0.4182678282260895,0.5817321538925171,45119
0.6243812680244446,0.3756187081336975,73901
0.4573394894599915,0.5426605463027954,27180
0.6290163397789001,0.3709836721420288,13644
0.5617755055427551,0.43822452425956726,25250
0.8656099200248718,0.13439008295536042,49211
0.4564588665962219,0.543541145324707,52054
0.5806458592414856,0.41935413479804995,38510
0.5398801565170288,0.46011985540390016,40816
0.4943505048751831,0.5056495130062103,59928
0.7962741255760193,0.20372585356235504,71571
0.6114108920097351,0.3885891199111938,67064
0.6810539603233338,0.31894606351852417,50130
0.07990914881229401,0.9200908303260803,41249
0.497328507900238,0.5026714920997619,26065
0.6262348055839538,0.37376521825790404,46892
0.1337948203086853,0.8662051558494568,6405
0.4615254461765289,0.5384745597839355,16468
0.6026239514350891,0.3973760366439819,62783
0.904733145236969,0.09526684135198593,9805
0.6113339424133301,0.3886660933494568,14051
0.120755735039711,0.8792442202568054,23343
0.325044184923172,0.6749558210372925,20980
0.2778762400150299,0.7221237659454346,58920
0.5525128364562988,0.44748714566230774,4130
0.540979540348053,0.4590204656124115,46830
0.17514716386795043,0.8248528480529785,58341
0.4363990008831024,0.5636009812355042,26192
0.6170671820640564,0.3829328417778015,21090
0.2509149581193924,0.7490850567817688,39210
0.24389086961746215,0.75610910654068,50251
0.06728931665420532,0.9327106833457947,25950
0.4093528985977173,0.5906470775604248,50774
0.1857493042945862,0.8142506957054139,12142
0.827166736125946,0.17283326387405396,52707
0.15677662193775177,0.8432233929634094,40120
0.12689317762851715,0.873106837272644,17285
0.5805352926254272,0.4194647252559662,18199
0.696627390384674,0.30337259769439695,72711
0.6154137849807739,0.3845862329006195,64835
0.30024921894073486,0.6997507810592651,47613
0.5466627597808837,0.45333726406097413,70797
0.188325634598732,0.8116743683815002,2495
0.6282313108444214,0.37176868319511414,1806
0.3359635293483734,0.6640364646911621,28057
0.20878468453884125,0.7912152886390686,55491
0.7595305562019348,0.24046945571899414,23617
0.5833343386650085,0.41666566133499144,11318
0.654294216632843,0.3457057774066925,32986
0.48273746371269227,0.5172625303268432,61287
0.5624813914299012,0.4375185966491699,68890
0.5376784384250641,0.4623215556144714,64049
0.4955832898616791,0.5044167399406433,680
0.4984352648258209,0.5015647292137146,36339
0.6063547253608703,0.3936452746391296,1166
0.5016223609447479,0.4983776152133942,6393
0.7257850408554077,0.27421495914459226,8106
0.3300025165081024,0.6699974775314331,23469
0.2807412385940552,0.7192587375640869,22447
0.5298352777957916,0.4701647460460663,17091
0.3116568744182587,0.6883431315422058,23781
0.5420244574546814,0.45797556042671206,56657
0.5157743573188782,0.48422564268112184,24398
0.6522422432899475,0.34775776267051695,13696
0.5795714974403381,0.42042847275733947,31807
0.1437556713819504,0.8562443137168885,1214
0.25439776480197906,0.7456022500991821,14949
0.1665906548500061,0.8334093451499939,30320
0.800975751876831,0.1990242689847946,2881
0.5017063081264496,0.49829369187355044,48126
0.7532295227050781,0.2467704951763153,73068
0.2304490625858307,0.7695509314537048,22207
0.17881290912628173,0.8211871147155761,66010
0.11113221347332,0.8888678073883056,49635
0.19476865530014037,0.8052313089370727,57911
0.7007153153419494,0.29928470253944395,22592
0.4429502606391907,0.5570497512817383,6426
0.5180324852466583,0.48196750283241274,12591
0.49854405522346495,0.5014559388160705,3581
0.2371211677789688,0.7628788471221923,41264
0.5715075373649597,0.4284924745559692,36978
0.3277505338191986,0.6722494721412658,18216
0.682386326789856,0.3176136910915375,55528
0.46950197219848633,0.5304980278015137,324
0.24675799608230592,0.7532419919967651,2763
0.5205910325050354,0.4794089555740356,74452
0.40098812580108645,0.5990118503570556,49868
0.5125189125537872,0.4874810457229614,17080
0.8218640208244323,0.1781359761953354,34915
0.36003983616828916,0.6399601578712464,26637
0.585997462272644,0.4140025436878204,21901
0.7837655663490295,0.21623442471027374,72444
0.5616005957126617,0.4383994102478027,37226
0.5357137799263001,0.4642861902713776,840
0.27417015135288236,0.7258298516273498,41032
0.14518004655838013,0.8548199772834778,25611
0.5178454101085663,0.48215457797050476,45378
0.7825710058212281,0.21742898523807525,55760
0.6151439547538757,0.38485605716705323,39835
0.6207404732704163,0.37925954461097716,20859
0.704895842075348,0.2951041579246521,41340
0.2684553563594818,0.7315446138381958,66357
0.5499977231025696,0.4500022530555725,6995
0.4579726457595825,0.5420273661613464,51537
0.3731249630451202,0.6268750667572022,27039
0.368945848941803,0.6310541749000549,21746
0.8424875020980835,0.15751248002052307,18416
0.3642829120159149,0.6357171058654785,72238
0.7405454397201539,0.2594545394182205,485
0.5275521874427795,0.4724478363990784,43303
0.5208843946456909,0.47911561131477354,69807
0.5552552461624145,0.44474472403526305,56328
0.6554288268089294,0.3445712149143219,55400
0.30144519805908204,0.698554801940918,38138
0.583914828300476,0.4160851776599884,46990
0.2700812667608261,0.7299187183380127,12008
0.6601686477661133,0.33983134627342226,34879
0.4084936797618866,0.5915063381195068,25212
0.5334331274032593,0.46656686067581177,46167
0.5714600086212158,0.4285400152206421,8170
0.12629177421331406,0.8737082481384277,32129
0.8041607975959778,0.19583918750286103,36323
0.5657312393188476,0.4342687547206879,65497
0.39020469784736633,0.6097952961921692,41576
0.5464256286621094,0.45357438921928406,30142
0.44353516697883605,0.5564648389816285,58988
0.23777406811714172,0.7622259378433227,16886
0.24430857300758363,0.7556914329528809,36513
0.22818613052368164,0.7718138694763184,61571
0.47314261794090273,0.5268573641777039,15369
0.23864677250385286,0.7613532185554505,17898
0.5946799397468567,0.40532007813453674,37001
0.5946750521659852,0.4053249299526215,50098
0.8370183825492858,0.1629816472530365,8405
0.44559264183044434,0.5544073462486268,60174
0.3857509851455688,0.6142489790916443,13315
0.1964825063943863,0.803517484664917,57539
0.38227254152297974,0.6177274823188782,62001
0.5635564208030701,0.436443555355072,20776
0.3152554154396057,0.6847445726394653,72365
0.2886107861995697,0.7113892078399658,51947
0.8533581852912903,0.1466418355703354,72285
0.6972339987754822,0.3027659833431244,50237
0.2915491223335266,0.7084508657455444,39001
0.11848915517330169,0.8815108656883239,6062
0.19277601540088654,0.8072239756584167,20357
0.18881354928016664,0.8111864447593689,4734
0.41168695092201235,0.5883130431175232,64420
0.5471961617469787,0.4528038680553436,39970
0.7898417115211487,0.21015829145908355,69883
0.8752044320106507,0.1247955396771431,25680
0.568721878528595,0.43127812147140504,24423
0.8325003385543823,0.16749968826770784,40560
0.5568751335144043,0.4431248664855957,42784
0.15502708852291108,0.8449729442596435,46860
0.6331244230270385,0.3668755829334259,33423
0.4573586642742157,0.5426413536071777,37282
0.1255205601453781,0.8744794607162476,25871
0.6964710831642151,0.3035289168357849,2310
0.5236901342868805,0.4763098657131195,71206
0.9054530739784241,0.09454691112041473,26685
0.629539144039154,0.3704608857631683,13960
0.8061762452125549,0.19382373690605165,56130
0.3175517976284027,0.6824481964111329,72428
0.38351688981056214,0.6164831161499024,50899
0.6296353936195374,0.3703645884990692,6014
0.3303074181079865,0.669692587852478,8467
0.5243998467922211,0.47560014128684996,53005
0.8039140820503234,0.19608590602874756,14421
0.6653909325599671,0.33460906744003294,62634
0.5047433018684387,0.49525668025016784,2981
0.2300914168357849,0.7699085593223571,27889
0.8147965431213379,0.18520345091819762,64564
0.40263607501983645,0.5973639130592346,72817
0.39788230657577517,0.6021176815032959,4469
0.3632473528385162,0.6367526412010193,27467
0.26896618604660033,0.7310338258743286,70103
0.19486311972141265,0.8051368951797485,58172
0.36635332703590395,0.6336466670036316,34633
0.19739477336406708,0.8026052355766297,40808
0.06682734563946724,0.9331726551055908,45550
0.210224387049675,0.7897756099700928,64648
0.6954708576202393,0.30452914237976075,73837
0.8620136499404907,0.13798637837171554,69645
0.7184165716171265,0.28158339858055115,59453
0.6339010715484619,0.3660989284515381,9688
0.7430213928222656,0.2569786012172699,72256
0.6099751353263855,0.3900248646736145,55820
0.3192509114742279,0.6807491064071656,44096
0.5619315505027771,0.43806845545768736,63389
0.8640058994293213,0.13599409759044648,1492
0.40381708145141604,0.596182906627655,69446
0.516347324848175,0.4836526870727539,35520
0.32566300630569456,0.6743370175361634,50316
0.4470850586891174,0.5529149293899536,45316
0.7269768238067627,0.27302317023277284,73878
0.17143113315105438,0.8285688400268555,70861
0.24486134350299835,0.7551386713981628,65333
0.7198326706886291,0.28016733229160307,66150
0.9275777816772461,0.07242221981287003,70247
0.2041673481464386,0.795832633972168,7218
0.31618729829788206,0.6838127017021179,13939
0.6140989065170288,0.38590107560157777,1423
0.5312590956687927,0.4687409043312073,68340
0.62383553981781,0.3761644423007965,52533
0.310841566324234,0.6891584157943725,67305
0.21124636828899385,0.7887536287307739,40605
0.5773555874824524,0.4226444184780121,48057
0.749075710773468,0.2509242832660675,19438
0.7480835318565369,0.25191648602485656,12244
0.23279405534267425,0.7672059535980225,49639
0.17568053305149078,0.8243194580078125,24680
0.518219655752182,0.4817803382873535,43269
0.7764783263206482,0.22352165281772612,49133
0.6343564391136169,0.36564354300498964,17892
0.6108920931816101,0.3891079008579254,60572
0.06989604532718659,0.9301039457321167,52869
0.3019390761852264,0.698060929775238,50110
0.7904450416564941,0.20955495834350585,64311
0.4882678747177124,0.511732143163681,67804
0.2714543879032135,0.7285455822944641,63666
0.09881801456212998,0.901181983947754,56826
0.8290923118591309,0.1709076851606369,4736
0.543995475769043,0.4560045123100281,51090
0.32302204370498655,0.6769779443740844,69873
0.448645681142807,0.5513543128967285,36130
0.6671840667724609,0.33281593322753905,49526
0.7483038306236267,0.25169617533683775,45809
0.5315567493438721,0.4684432506561279,44194
0.06315851956605911,0.9368414998054504,34860
0.5678537845611572,0.43214619159698486,47668
0.6033432245254516,0.3966567635536194,37904
0.36484614610671995,0.635153865814209,8427
0.4187487006187439,0.5812512993812561,24428
0.541388475894928,0.4586114943027496,25370
0.13332725912332535,0.8666727781295777,73277
0.7545458316802979,0.24545415341854096,64024
0.6218528151512146,0.37814719080924986,10672
0.09364215135574341,0.9063578486442566,40117
0.1741478770971298,0.8258521437644959,65568
0.14634521305561066,0.8536548137664794,2997
0.4532887637615204,0.5467112421989441,25949
0.676428759098053,0.32357125282287597,27253
0.7389471650123596,0.2610528379678726,47540
0.693458080291748,0.306541895866394,43961
0.15453202724456788,0.8454679608345032,47768
0.5194188117980957,0.4805811882019043,35571
0.7626472353935242,0.2373527854681015,57473
0.1901964545249939,0.8098035097122193,46656
0.3694307804107666,0.6305692195892334,49249
0.08742839694023133,0.9125715732574463,66871
0.5937936663627624,0.406206339597702,51141
0.15581593811511993,0.8441840529441833,22582
0.9443453073501586,0.05565469190478325,54679
0.8965794920921326,0.10342050194740296,23145
0.7107058525085449,0.2892941474914551,36589
0.6255584955215454,0.374441522359848,21745
0.6741217732429504,0.3258782625198364,7256
0.36520766019821166,0.6347923517227173,46953
0.920388150215149,0.07961187064647675,59216
0.787748384475708,0.21225161254405975,52738
0.485535192489624,0.5144648075103759,20076
0.6674524664878845,0.33254753947258,42056
0.24420647621154784,0.7557935357093811,3004
0.5447511911392212,0.45524882078170775,53756
0.2626439034938812,0.7373561024665832,34467
0.25896096527576445,0.7410390377044678,51794
0.29621897339820863,0.7037810325622559,3138
0.2106630951166153,0.7893369197845459,35092
0.07287502884864808,0.9271249532699585,45266
0.2753035306930542,0.7246964812278748,41561
0.4687587022781372,0.531241261959076,41674
0.5681748747825622,0.43182512521743777,42359
0.7710480928421021,0.2289519190788269,52790
0.504909336566925,0.4950906693935394,6433
0.36802600622177123,0.6319740176200866,32456
0.519833892583847,0.480166095495224,20664
0.5646997809410095,0.4353002369403839,13950
0.7629555106163025,0.2370445102453232,2998
0.5027566730976105,0.4972433686256409,5953
0.4183273255825043,0.5816726684570312,18847
0.3472810983657837,0.6527189135551452,72814
0.7604633212089539,0.23953672349452973,10142
0.08432104587554931,0.9156789541244507,12959
0.5968196272850037,0.40318037271499635,31670
0.18241558969020844,0.8175844073295593,61329
0.9249424338340759,0.07505755871534348,36803
0.4949503481388092,0.5050496399402619,50892
0.8602368354797363,0.13976312875747682,19887
0.7009670615196228,0.2990329384803772,63302
0.31409854292869566,0.6859014391899109,50362
0.6465594172477722,0.35344061255455017,25117
0.7389851450920105,0.261014848947525,14770
0.4588210880756378,0.5411789417266846,64234
0.8744952321052551,0.1255047395825386,55750
0.5267812192440033,0.47321876883506775,968
0.31871837973594663,0.6812816023826599,37436
0.4633552134037018,0.5366447806358338,42702
0.7390764594078064,0.26092353761196135,39515
0.44618366956710814,0.5538163423538208,58257
0.10909220725297927,0.8909078121185303,52840
0.4818093478679657,0.5181906580924988,11479
0.3155287802219391,0.6844712018966674,10291
0.5714057207107544,0.42859427332878114,13758
0.3791294276714325,0.6208705544471741,22270
0.7403614521026611,0.2596385210752487,52785
0.20893326699733733,0.7910667538642884,37249
0.27810707688331604,0.7218929290771484,2942
0.6222547888755798,0.3777451992034912,4860
0.5315308213233948,0.4684691846370697,34060
0.5562460064888001,0.4437539875507355,20935
0.14823222756385804,0.8517677664756775,9070
0.7514927983283997,0.24850719273090363,28714
0.5130551815032959,0.486944842338562,20346
0.46214967370033266,0.5378503322601318,71305
0.912878668308258,0.08712131530046463,62582
0.28880075812339784,0.7111992359161377,48766
0.39125536680221557,0.6087446093559266,57232
0.6027423024177552,0.3972576856613159,34656
0.2819164991378784,0.7180834889411927,36855
0.6403851985931397,0.35961480140686036,57467
0.5059122920036316,0.4940877199172974,502
0.7971389055252075,0.20286106765270234,6226
0.2505820393562317,0.7494179606437683,65347
0.26139055788516996,0.7386094570159912,45323
0.4608481407165527,0.5391518592834472,62896
0.5234331548213959,0.4765668511390686,20866
0.6242063879966736,0.3757936179637909,62394
0.7118893265724182,0.28811067938804624,4564
0.32172609567642213,0.6782739281654357,21729
0.6883958339691162,0.3116041660308838,3051
0.07939371913671493,0.920606279373169,41064
0.6650972247123719,0.3349027931690216,25443
0.6930858016014099,0.3069141983985901,16500
0.5089505910873413,0.4910494089126587,23030
0.5449841499328614,0.4550158679485321,12659
0.7725178480148316,0.22748215198516847,1837
0.5913594484329223,0.40864053964614866,56878
0.376077800989151,0.6239221930503845,28686
0.17692484557628632,0.8230751514434814,5049
0.31711549162864683,0.6828845262527465,59696
0.5514780044555664,0.4485220074653625,10100
0.5625468373298645,0.4374531388282776,9312
0.29289097189903257,0.707108998298645,31688
0.6957086443901062,0.30429136753082275,39189
0.11765528172254562,0.8823447227478027,66570
0.08785131871700287,0.9121487021446228,39331
0.39490489959716796,0.605095100402832,37739
0.45332826375961305,0.5466717481613159,37008
0.10421406030654908,0.8957859396934509,16370
0.6426357746124267,0.35736424922943116,21258
0.45181708335876464,0.5481829404830932,70262
0.7431352257728576,0.25686477720737455,57952
0.6124450087547302,0.3875549852848053,3349
0.23575442731380464,0.7642455577850342,53758
0.669428014755249,0.33057197332382204,11779
0.6525374531745911,0.34746253490448,53329
0.37547882199287413,0.6245211720466614,66725
0.6331798076629639,0.3668201804161072,69456
0.5645046472549439,0.4354953646659851,7367
0.30236377716064455,0.6976361870765686,4585
0.8035248279571533,0.19647517502307893,38940
0.4802410125732422,0.5197589933872223,27766
0.44195257425308226,0.5580474376678467,67772
0.3651778280735016,0.6348221778869629,53561
0.175777605175972,0.8242223739624024,9190
0.7920576930046082,0.20794228911399842,25454
0.4376843750476837,0.5623156309127808,16760
0.10594176203012466,0.8940582156181336,47145
0.5183899879455567,0.4816100180149078,23461
0.6649464011192322,0.3350535869598389,31038
0.2337052196264267,0.7662947773933411,22730
0.8732117414474487,0.12678827047348024,3285
0.8212002992630005,0.17879968285560607,52559
0.924777340888977,0.07522266060113907,29737
0.2288970649242401,0.7711029410362243,16010
0.3342831373214722,0.6657168745994568,19571
0.33198530673980714,0.668014669418335,19916
0.11500053256750106,0.8849994659423828,53797
0.1799265682697296,0.820073401927948,6760
0.4931153953075409,0.5068845927715302,71366
0.5607311129570007,0.4392688810825348,56281
0.8015277862548829,0.19847223162651062,24964
0.07926289588212967,0.920737111568451,43397
0.48435266613960265,0.5156473278999328,65368
0.5551353573799134,0.4448646426200867,45431
0.4174568474292755,0.5825431108474731,11393
0.6601572632789612,0.33984273076057436,46592
0.3977047801017761,0.602295184135437,16751
0.2962562024593353,0.7037437796592713,62017
0.06850901991128922,0.9314909934997558,32582
0.5097796499729157,0.4902203559875488,3305
0.3134238958358765,0.6865761280059814,68430
0.29844451546669004,0.7015554547309876,53036
0.8162012696266174,0.18379872441291809,59463
0.8012011408805847,0.19879887104034424,65477
0.5948715925216674,0.4051283895969391,16330
0.9286594271659852,0.07134059146046638,9933
0.5163216710090637,0.4836782991886139,36171
0.5142146468162536,0.48578537702560426,48914
0.47544350028038024,0.5245565176010132,29862
0.19296415150165558,0.8070358514785767,17161
0.6690346002578735,0.33096541166305543,20165
0.31043357253074644,0.6895664095878601,61762
0.3941075444221497,0.6058924674987793,48253
0.34794259667396543,0.6520573973655701,8618
0.8441622972488403,0.15583769381046295,18308
0.4078290045261383,0.5921709656715393,32961
0.437796950340271,0.5622030258178711,27035
0.5582532167434693,0.4417467534542084,28273
0.8717049598693848,0.12829504311084747,25202
0.7174904584884644,0.2825095415115356,54398
0.8710804939270019,0.12891952246427535,64440
0.5253131270408631,0.47468686699867246,40393
0.32750996947288513,0.6724900603294373,5821
0.6080358743667602,0.39196412563323973,34274
0.7866243839263916,0.21337562799453735,238
0.5375687181949615,0.4624312937259674,13133
0.819564425945282,0.1804355800151825,12154
0.6506050109863282,0.3493949890136719,35836
0.49686771631240845,0.5031322598457336,16658
0.5038571357727051,0.4961428463459015,9764
0.4579252481460571,0.5420747399330139,25301
0.6851619005203247,0.31483811140060425,2692
0.40740622878074645,0.592593789100647,67199
0.7652868151664733,0.23471318781375886,74273
0.575022292137146,0.4249777257442474,70506
0.6015723347663879,0.3984276831150055,10139
0.4508641481399536,0.5491358637809753,55725
0.6053331017494201,0.3946668982505798,22279
0.7512162089347839,0.24878377616405487,18443
0.35475581884384155,0.6452441573143005,39004
0.7807217359542846,0.2192782461643219,65625
0.1134672373533249,0.8865327596664428,56957
0.642007577419281,0.3579924166202545,15879
0.7859802484512329,0.214019712805748,17765
0.7224829316139221,0.2775170385837555,32743
0.5814380288124085,0.4185619592666626,74033
0.7929137110710144,0.20708627998828888,28097
0.37511372566223145,0.6248862743377686,33018
0.8030965089797973,0.1969034880399704,6937
0.42182735204696653,0.5781726479530335,54194
0.4086787343025208,0.5913212895393372,40312
0.6693748593330383,0.3306251525878906,37779
0.19305185973644257,0.8069481253623962,60945
0.5564293622970581,0.4435706377029419,26043
0.3069170415401459,0.6930829524993897,22979
0.3991763234138489,0.6008236646652222,22803
0.6357033729553223,0.3642966151237488,45427
0.7534357190132142,0.24656427204608916,61141
0.7176955699920654,0.28230446577072144,27911
0.25295946896076205,0.7470405459403991,26996
0.6390084028244019,0.36099159717559814,71344
0.2817902207374573,0.7182098031044006,56522
0.15203324556350709,0.8479667544364929,58311
0.2821106195449829,0.717889404296875,59295
0.41560809016227723,0.5843919038772583,23758
0.5071823716163635,0.4928176164627075,53210
0.9150901556015014,0.08490984737873078,68373
0.6387388348579407,0.36126117706298827,13518
0.2224767953157425,0.7775231838226319,39747
0.37037994861602785,0.6296200633049012,4104
0.8965093612670898,0.10349061489105224,50873
0.49897011518478396,0.5010298907756805,32043
0.18621809780597687,0.8137819051742554,44729
0.638517963886261,0.3614820301532745,963
0.6832865834236145,0.316713410615921,58935
0.2497064232826233,0.7502935886383056,64033
0.7960647702217102,0.20393522083759308,41727
0.5486046195030212,0.4513953924179077,1847
0.6870463728904724,0.31295363903045653,41110
0.6614492654800415,0.3385507702827454,71512
0.5362442851066589,0.4637557089328766,31126
0.4940401494503021,0.5059598207473754,64980
0.06776421070098877,0.9322357892990112,43441
0.13954944908618927,0.8604505777359008,57146
0.6680691599845886,0.33193087577819824,66857
0.48007121682167053,0.5199287593364715,57441
0.4230194926261902,0.5769805192947388,25327
0.6916430950164795,0.30835691690444944,50348
0.2924566626548767,0.7075433492660522,10300
0.4255279958248138,0.5744720101356506,19052
0.10349835008382798,0.896501624584198,37882
0.6743085026741028,0.32569150924682616,30401
0.5915581345558166,0.4084418714046478,66360
0.492786705493927,0.5072132885456085,9290
0.5442788124084472,0.45572119355201723,29463
0.3917616426944733,0.6082383632659912,37182
0.41459516286849973,0.5854048252105712,26659
0.2171611726284027,0.7828388333320617,21211
0.5043770790100097,0.4956229209899902,23007
0.433456951379776,0.5665430784225464,34411
0.7973225355148316,0.20267747938632966,28298
0.46330490708351135,0.5366950869560242,4493
0.6777539134025574,0.322246128320694,65715
0.282840770483017,0.7171592473983764,35212
0.43104342222213743,0.5689565539360046,60512
0.4265559494495392,0.5734440445899963,61298
0.7884961843490601,0.2115037977695465,4569
0.737432861328125,0.2625671297311783,27652
0.2796938240528107,0.7203061819076538,34698
0.45838093757629395,0.541619074344635,49476
0.3833978116512299,0.6166021823883057,54541
0.4412239730358124,0.5587760448455811,19371
0.5436526775360108,0.45634732246398924,67076
0.697364604473114,0.3026353895664215,10046
0.7265849232673645,0.2734150648117065,16333
0.5288197755813598,0.47118024826049804,15888
0.5591364979743958,0.44086350202560426,51928
0.3768011391162872,0.6231988549232483,12320
0.9471551060676575,0.05284488946199417,59801
0.5262949883937835,0.4737050235271454,55050
0.5689244508743286,0.4310755133628845,27017
0.8180332541465759,0.18196672797203065,14563
0.45301554799079896,0.5469844698905945,780
0.40266343355178835,0.5973365545272827,6922
0.2675511002540588,0.7324488759040833,10785
0.5123283386230468,0.4876716613769531,36582
0.7965726613998413,0.20342732071876526,58554
0.5813719987869262,0.4186280071735382,55934
0.3990151286125183,0.6009849071502685,24278
0.11674751490354537,0.8832524657249451,7680
0.6082945227622986,0.3917054831981659,38529
0.6770713329315186,0.322928661108017,32742
0.9001104712486268,0.09988954216241837,9845
0.5032982409000397,0.4967017829418182,26019
0.5289337337017059,0.47106624841690065,22846
0.08655001372098922,0.9134499669075012,29274
0.6441399335861206,0.3558600842952728,505
0.5612290024757385,0.438771003484726,24198
0.7650571346282959,0.23494285643100737,36850
0.5921839952468873,0.40781601667404177,18986
0.707864511013031,0.2921354830265045,2991
0.6262861132621765,0.373713880777359,71409
0.4384307861328125,0.5615692257881164,9707
0.4815783679485321,0.5184216320514679,64285
0.16926484704017639,0.8307351708412171,24857
0.44284294843673705,0.5571570515632629,27120
0.6914613008499145,0.3085387170314789,24085
0.4238280653953552,0.5761719346046448,54409
0.6932801604270935,0.30671984553337095,22157
0.12226277142763138,0.8777372121810914,47867
0.8212326169013977,0.17876738905906678,20477
0.489925342798233,0.510074645280838,24483
0.6352127671241761,0.36478721499443056,45355
0.5405999660491944,0.45940003991127015,4811
0.7236102461814881,0.27638974189758303,32891
0.4395842671394348,0.5604157090187073,51550
0.8431969285011292,0.15680309534072875,8076
0.5659247279167176,0.4340752959251404,49197
0.6763600468635559,0.32363995909690857,46925
0.5139285743236541,0.48607141375541685,71460
0.6663890361785889,0.333610987663269,39925
0.5666819751262665,0.43331804871559143,31107
0.5548867821693421,0.4451132595539093,35909
0.7263358235359192,0.2736641764640808,40050
0.6688212990760803,0.33117868900299074,72588
0.7070824384689331,0.29291756749153136,25951
0.84164959192276,0.15835042297840118,73908
0.22190844714641572,0.7780915379524231,24629
0.3800568997859955,0.6199430823326111,20218
0.3287494957447052,0.6712504863739014,18030
0.40282233357429503,0.5971776723861695,11020
0.4863860309123993,0.5136139631271363,47103
0.501445734500885,0.49855429530143736,73087
0.8215838432312011,0.17841617465019227,52698
0.20718715488910674,0.7928128480911255,5905
0.2696525573730469,0.7303474307060241,5344
0.475486958026886,0.524513041973114,15258
0.6534046173095703,0.34659538269042967,70142
0.4091994285583496,0.5908005714416504,3883
0.8620921492576599,0.13790784776210785,23688
0.4355286955833435,0.5644712805747986,55254
0.41891108751296996,0.5810889005661011,50487
0.8595897793769837,0.14041021466255188,18145
0.8026123404502868,0.19738765358924865,29018
0.5806865096092224,0.41931349635124204,25138
0.5376994729042053,0.4623005211353302,22214
0.4753992557525635,0.524600726366043,15588
0.34121119379997256,0.658788800239563,13115
0.4936204731464386,0.5063795268535614,19893
0.34115487337112427,0.6588451385498046,67718
0.8296199560165405,0.17038004994392394,25390
0.5443972229957581,0.4556027889251709,3856
0.85713130235672,0.14286869615316392,22993
0.6442640542984008,0.35573593974113465,55516
0.73212229013443,0.26787773370742796,27815
0.2993873119354248,0.7006126880645752,68601
0.36111255288124083,0.6388874411582947,53128
0.22529481053352357,0.7747051596641541,11752
0.5735609769821167,0.4264390468597412,53853
0.8199077248573303,0.18009226620197297,33499
0.1580716162919998,0.8419283747673034,58980
0.6842982530593872,0.3157017111778259,55542
0.19324545860290526,0.8067545533180237,1991
0.5503203749656678,0.4496796250343323,61540
0.5300855338573456,0.46991445422172545,16599
0.8311532497406006,0.16884673535823821,4614
0.6820396542549133,0.31796035170555115,28417
0.3442015290260315,0.6557984709739685,21583
0.2059061646461487,0.7940938353538514,8172
0.773833966255188,0.22616604268550872,9012
0.7892927050590515,0.21070730984210967,401
0.47328366041183473,0.5267163276672363,53340
0.775215208530426,0.22478477656841278,16779
0.3434502363204956,0.6565497517585754,26519
0.1300628200173378,0.8699372053146363,23521
0.60272216796875,0.3972778141498566,64259
0.13243305832147598,0.8675669431686401,4646
0.2890580892562866,0.7109419107437134,9640
0.5388491153717041,0.46115089654922486,27850
0.6233638405799866,0.3766361474990845,62931
0.7397196769714356,0.2602803111076355,21503
0.7751651167869568,0.2248348832130432,32885
0.5310863733291626,0.46891363263130187,62300
0.24474377930164337,0.755256187915802,22516
0.2524832636117935,0.7475167155265808,26361
0.4012748420238495,0.5987251996994019,11651
0.7629918456077576,0.237008136510849,12682
0.8098985075950622,0.19010146856307983,30453
0.5085885703563691,0.49141143560409545,3307
0.40587044358253477,0.5941295504570008,46847
0.14165676683187484,0.8583432078361511,37033
0.4895896017551422,0.5104104101657867,44404
0.5727096319198608,0.4272903919219971,35377
0.5282525181770324,0.471747487783432,53744
0.9188152551651001,0.08118472993373871,10187
0.5458621740341186,0.4541378140449524,10943
0.23965566754341125,0.7603443264961243,24184
0.858957839012146,0.14104219377040864,19910
0.2407221108675003,0.759277880191803,15404
0.9325746536254883,0.06742537170648574,37377
0.39598777890205383,0.6040122389793396,2311
0.5248855412006378,0.47511444687843324,24654
0.525412917137146,0.47458707094192504,40
0.7601480603218078,0.2398519665002823,39015
0.6373916029930115,0.36260839104652404,3174
0.52806636095047,0.47193363308906555,36976
0.48989060521125793,0.5101094007492065,41053
0.48587766885757444,0.5141223549842835,45669
0.49073219299316406,0.5092678189277648,63501
0.4644842803478241,0.5355157136917115,32711
0.5347822666168213,0.4652177393436432,8634
0.09829476475715637,0.9017052412033081,45845
0.14900891184806825,0.8509910821914672,22221
0.7251185059547425,0.27488150000572203,20041
0.5589865207672119,0.44101346135139463,53103
0.5898906588554382,0.4101093351840973,49566
0.45883976817131045,0.5411602139472962,22390
0.647157084941864,0.352842903137207,34910
0.5104915976524353,0.48950842022895813,22143
0.24755351543426513,0.7524464726448059,23638
0.06308875605463982,0.9369112253189087,48394
0.5364416122436524,0.4635583937168121,31983
0.1621905267238617,0.8378094553947448,35728
0.26876925230026244,0.7312307596206665,20511
0.529500675201416,0.47049935460090636,3395
0.22990623116493225,0.7700937271118165,46551
0.34942572712898257,0.650574266910553,53637
0.7300149917602539,0.26998500525951385,71756
0.12051606327295303,0.879483962059021,5035
0.587534499168396,0.41246548295021057,24694
0.5348593831062317,0.4651406466960907,24394
0.7810805439949036,0.21891947388648986,27102
0.614801824092865,0.38519819378852843,14128
0.4938234150409698,0.5061765849590302,26585
0.6176300048828125,0.38236995935440066,36533
0.5794344067573547,0.4205656170845032,13594
0.502687931060791,0.49731207489967344,17560
0.5937441825866699,0.4062558114528656,68982
0.6269554972648621,0.37304449677467344,29515
0.6571504354476929,0.34284958243370056,62679
0.5773368120193482,0.4226631999015808,18710
0.17168935537338256,0.8283106565475464,39383
0.8968665719032287,0.10313343107700348,55989
0.4589005410671234,0.5410994529724121,43994
0.19070354998111724,0.8092964291572571,8547
0.4974117040634155,0.502588301897049,55790
0.4752258539199829,0.5247741341590881,9729
0.664932906627655,0.3350670874118805,47033
0.8439817070960999,0.15601827800273896,19491
0.08167493641376496,0.9183250904083252,32612
0.4036896526813507,0.5963103413581848,66330
0.4054382979869843,0.5945616841316224,59757
0.7224674224853516,0.2775325834751129,64774
0.6362255930900573,0.36377439498901365,48491
0.43922020196914674,0.5607797861099243,21612
0.4986038625240326,0.5013961613178253,3343
0.5163148999214172,0.4836850643157959,40620
0.47529754638671873,0.5247024774551392,65760
0.16077122390270232,0.8392287850379944,23144
0.5843459248542786,0.4156540811061859,1764
0.8694210648536682,0.13057894855737687,36884
0.3066804647445679,0.6933195233345032,8960
0.16345690488815307,0.8365430712699891,73611
0.3124107956886292,0.6875892400741577,12529
0.728735601902008,0.2712644040584564,6637
0.4673657536506653,0.5326342344284057,16949
0.7746026039123535,0.22539740800857544,29254
0.3215925574302673,0.6784074306488037,74465
0.6313542723655701,0.3686457395553589,39772
0.549205732345581,0.4507942795753479,49749
0.25352308452129363,0.7464769124984741,44033
0.7556167960166931,0.24438320994377136,30304
0.768570065498352,0.23142992854118347,15872
0.6641456127166748,0.33585437536239626,20832
0.412316232919693,0.5876837611198426,43494
0.3526306748390198,0.6473693490028382,44319
0.40767778754234313,0.5923221826553344,13008
0.8014721751213074,0.19852783679962158,62717
0.8404254794120789,0.1595745325088501,22161
0.22045879662036896,0.7795411825180054,61014
0.4333853662014008,0.5666146278381348,5158
0.6833702921867371,0.3166297137737274,1403
0.6925464987754821,0.3074534714221954,1231
0.13586668521165848,0.8641333103179931,9114
0.3569010019302368,0.6430990099906921,39006
0.3301208794116974,0.6698791146278381,27615
0.07966058552265168,0.9203394174575805,52813
0.43720667362213134,0.5627933144569397,68464
0.2880397319793701,0.7119602918624878,36775
0.830138897895813,0.16986110508441926,23038
0.5480978846549988,0.45190214514732363,43065
0.29539122581481936,0.7046087861061097,71894
0.7343695521354675,0.26563043892383575,7837
0.4741175889968872,0.5258824467658997,56305
0.4061183035373688,0.5938816666603088,64351
0.7122783303260803,0.2877216815948486,66567
0.7049006342887878,0.29509937167167666,9713
0.15630541741847992,0.8436945796012878,60325
0.14925134778022767,0.8507486581802368,20098
0.5837595105171204,0.41624046564102174,14399
0.9050107955932617,0.09498918801546097,70728
0.714729392528534,0.2852705717086792,31180
0.8583698034286499,0.1416301667690277,47944
0.25566221177577975,0.7443377614021301,22205
0.7773121476173401,0.22268784940242767,71790
0.7408522248268128,0.25914776921272276,5634
0.5535786271095275,0.44642138481140137,71094
0.1413738965988159,0.8586260914802551,26382
0.45589210987091067,0.5441078901290893,65714
0.1393684208393097,0.8606315970420837,14048
0.6548068642616272,0.34519312977790834,65827
0.7414294600486755,0.2585705488920212,12111
0.15572431981563567,0.844275689125061,36538
0.2542086333036423,0.7457913398742676,1327
0.5538830637931824,0.4461169481277466,28631
0.6151027917861939,0.38489720821380613,15700
0.6423636317253113,0.3576363563537598,69925
0.5666116595268249,0.4333883345127106,58205
0.1551360994577408,0.8448638916015625,42047
0.23020416498184204,0.7697958469390869,20410
0.16624273359775543,0.8337572455406189,11608
0.6022741794586182,0.3977258026599884,38955
0.3374422490596771,0.6625577449798584,69984
0.375537633895874,0.6244623184204101,29026
0.6146131992340088,0.3853868007659912,69901
0.6355642199516296,0.3644357740879059,18796
0.623468017578125,0.37653197050094606,24865
0.5408472776412964,0.4591526985168457,51521
0.5933624982833863,0.40663748383522036,23859
0.5414797544479371,0.4585202634334564,50060
0.4187361538410187,0.5812638521194458,57687
0.3264606654644012,0.6735393285751343,5224
0.5914703249931336,0.4085296928882599,15529
0.41420249342918397,0.5857975125312805,19913
0.7310443758964539,0.26895559430122373,22649
0.5788756370544433,0.42112435698509215,55742
0.49619072675704956,0.5038092613220215,950
0.7531516432762146,0.2468483716249466,53798
0.8556282997131348,0.1443717211484909,6657
0.7009631633758545,0.29903684854507445,13110
0.6311633944511413,0.3688366234302521,45692
0.8798412084579468,0.12015876919031143,40841
0.6836040496826172,0.3163959503173828,51206
0.802177906036377,0.19782209694385527,40102
0.3216970205307007,0.6783029913902283,72944
0.7477059483528137,0.25229405164718627,5183
0.2886334240436554,0.711366593837738,13042
0.8388402938842774,0.1611597031354904,7664
0.5437772035598755,0.45622279644012453,57342
0.15683804750442504,0.8431619286537171,54527
0.5733831882476806,0.4266168177127838,24201
0.420218425989151,0.5797815561294556,69720
0.48773245215415956,0.5122675418853759,61437
0.3623239755630493,0.6376760125160217,48300
0.5243278205394745,0.475672173500061,2352
0.5013624012470246,0.49863761067390444,54715
0.5631316900253296,0.43686830401420595,42101
0.49386403560638426,0.5061359763145447,73569
0.5661720633506775,0.43382794260978697,30745
0.927307665348053,0.07269229665398598,2060
0.6106882810592651,0.38931168913841246,37924
0.19164875149726868,0.8083512425422669,10949
0.7869386434555053,0.21306135058403014,51175
0.3701016426086426,0.6298983693122864,25736
0.43217597603797914,0.5678240299224854,62139
0.5491618037223815,0.45083820819854736,33449
0.5637946844100952,0.4362053155899048,24295
0.3239288330078125,0.6760711550712586,55403
0.8368113398551941,0.16318868696689606,16568
0.784678852558136,0.21532114446163178,60480
0.3447409331798553,0.6552590727806091,26152
0.8311667442321777,0.16883326172828675,68809
0.699566388130188,0.30043359398841857,60833
0.7891441941261291,0.2108558177947998,1843
0.47309535145759585,0.5269046247005462,13825
0.4765598773956299,0.5234400868415833,56962
0.3540338039398193,0.6459661960601807,68953
0.3960257649421692,0.6039742350578308,32000
0.6600540161132813,0.33994597792625425,59293
0.08634419739246368,0.9136557936668396,38708
0.8453961372375488,0.15460385382175446,66985
0.5679660439491272,0.43203392028808596,48290
0.8225597023963929,0.17744030952453613,58473
0.16222964227199554,0.8377703309059144,16867
0.49899752140045167,0.5010024666786194,41670
0.31901172995567323,0.6809882640838623,41072
0.559404981136322,0.44059501886367797,66420
0.6970601797103881,0.30293980836868284,14120
0.7813871264457702,0.21861288249492644,41808
0.6365037202835083,0.36349629759788515,69089
0.6004610300064087,0.39953898191452025,63339
0.8584731578826904,0.14152684211730956,42244
0.3912449240684509,0.6087550640106201,60256
0.6552705287933349,0.3447294652462006,47437
0.5012814044952393,0.49871860146522523,64398
0.39041629433631897,0.6095836758613586,42613
0.6727585196495056,0.32724146246910096,45041
0.4189025223255157,0.5810974597930908,21364
0.7216608047485351,0.27833920121192934,29134
0.3603753924369812,0.6396246194839478,31691
0.3492685317993164,0.6507314801216125,52457
0.8139003038406372,0.1860996812582016,25375
0.6867491006851196,0.3132509052753448,11363
0.38310067653656005,0.6168993353843689,31578
0.37256425619125366,0.6274357080459595,51420
0.5858495116233826,0.41415048837661744,6686
0.7370038151741027,0.26299619376659394,32534
0.36402581334114076,0.6359741806983947,26201
0.6303346991539002,0.369665265083313,30225
0.6767294526100158,0.323270583152771,57026
0.3198863804340363,0.6801136136054993,35406
0.6370726704597474,0.3629273116588593,38535
0.47056994438171384,0.5294300496578217,56291
0.7494578003883362,0.2505421906709671,71457
0.3572911262512207,0.6427088737487793,5876
0.4882074534893036,0.511792528629303,14593
0.642035698890686,0.35796430706977844,61292
0.19240560233592988,0.8075943708419799,64904
0.6595441699028015,0.34045580625534055,66350
0.7267109870910644,0.27328898310661315,5763
0.397802346944809,0.6021976351737977,2115
0.6314317107200622,0.3685682713985443,32486
0.3871733248233795,0.6128266811370849,2190
0.7443674087524415,0.25563259422779083,68681
0.3964442312717438,0.6035557627677918,46595
0.5467055678367615,0.45329442620277405,20714
0.7244490385055542,0.2755509436130524,72537
0.8189232468605041,0.1810767561197281,62119
0.44807320833206177,0.5519267559051514,71687
0.2490754395723343,0.750924575328827,39198
0.5748004078865051,0.42519959807395935,64664
0.4089993417263031,0.5910006642341614,61180
0.4955430686473846,0.5044569253921509,74013
0.6124381422996521,0.38756188154220583,10698
0.6657963991165161,0.3342035889625549,10093
0.695020568370819,0.3049794375896454,46471
0.7276730895042419,0.2723268985748291,58081
0.08556984961032868,0.9144301652908325,19697
0.440405946969986,0.5595940589904785,35308
0.6715522170066833,0.3284477829933167,54489
0.40036864280700685,0.5996313571929932,7145
0.33724245429039,0.6627575635910035,56338
0.8326926708221436,0.16730732023715972,72683
0.6691442489624023,0.33085572719573975,69952
0.3218053340911865,0.6781946659088135,37594
0.6246041178703308,0.3753958702087402,9023
0.41546434760093687,0.5845356345176697,10894
0.8301675319671631,0.1698324650526047,14994
0.7044835567474366,0.29551645517349245,11089
0.27356094121932983,0.726439094543457,43581
0.6372743368148803,0.3627256989479065,15997
0.2327608048915863,0.7672391772270203,30234
0.8791688799858093,0.120831099152565,16914
0.47838757634162904,0.5216124176979064,26547
0.7305903434753418,0.26940965056419375,21547
0.5597401022911072,0.4402599036693573,50779
0.44666426777839663,0.55333571434021,55396
0.8067384481430053,0.1932615429162979,47360
0.47872604727745055,0.521273934841156,59405
0.6901196122169495,0.3098803997039795,60358
0.7852319717407227,0.21476801931858064,2010
0.4620287179946899,0.537971305847168,59144
0.29973095655441284,0.7002690672874451,60885
0.8276165962219239,0.1723833918571472,27802
0.6703964948654175,0.32960350513458253,41958
0.7157904267311096,0.2842095673084259,64327
0.23556375205516816,0.7644362807273865,58254
0.580075716972351,0.41992429494857786,55248
0.5771372318267822,0.42286278009414674,26787
0.7108298778533936,0.2891701102256775,8749
0.5384879469871521,0.46151206493377683,43892
0.6505591034889221,0.3494408667087555,56267
0.34911646246910094,0.6508835434913636,19243
0.24218730330467225,0.7578126788139343,37338
0.797700822353363,0.20229918360710145,24923
0.32864736914634707,0.6713526248931885,54173
0.5561286807060242,0.4438713014125824,44430
0.6451325416564941,0.3548674643039703,50667
0.06568533405661584,0.9343146800994873,10154
0.6187901973724366,0.3812098026275635,22938
0.7325509667396546,0.26744902729988096,67330
0.15755324065685272,0.842446768283844,7417
0.06559963226318359,0.9344003438949585,74434
0.6970406413078308,0.3029593348503113,59291
0.43727830052375793,0.5627216935157776,17013
0.12349305599927902,0.8765068888664246,21219
0.7420463681221008,0.25795366168022155,74274
0.6759143233299255,0.3240856945514679,46721
0.5816935181617737,0.4183065056800842,66714
0.35191059708595274,0.6480894088745117,36501
0.11049529165029526,0.8895047187805176,6371
0.2577443659305573,0.7422556400299072,30790
0.5494555473327637,0.45054444670677185,51709
0.2170933187007904,0.7829066753387451,10263
0.13138438910245895,0.8686156153678894,40477
0.5710178136825561,0.4289821684360504,20764
0.521656334400177,0.478343665599823,53061
0.22887649834156037,0.7711235046386719,40305
0.8747630596160889,0.125236938893795,59316
0.31246034502983094,0.6875396490097045,9264
0.915224039554596,0.08477596193552017,41268
0.548108971118927,0.45189101696014405,16613
0.5610178112983704,0.43898220658302306,30577
0.7787872314453125,0.22121274173259736,20804
0.6793092131614685,0.32069078683853147,59795
0.48065592646598815,0.5193440914154053,54840
0.22698232531547546,0.7730176568031311,11456
0.8207401633262634,0.17925982773303986,18035
0.4976577639579773,0.5023422420024872,3508
0.622230076789856,0.3777699589729309,18140
0.9112606406211853,0.08873935937881469,35809
0.2653644770383835,0.7346355199813843,11857
0.17807733714580537,0.8219226598739624,38456
0.7101500391960144,0.2898499608039856,40293
0.5951178789138794,0.40488211512565614,20625
0.11811863780021667,0.8818813443183899,29822
0.5494323015213013,0.4505677103996277,1575
0.4941935896873474,0.5058064222335815,38428
0.34061955809593203,0.6593804478645324,13718
0.5401425957679749,0.45985740423202515,19373
0.3788659155368805,0.621134078502655,47163
0.13779755532741547,0.8622024536132813,40730
0.5867472767829895,0.4132526874542236,63407
0.3005710542201996,0.6994289755821228,35165
0.6431492567062378,0.3568507194519043,72188
0.3302225530147552,0.6697774648666381,4067
0.58336501121521,0.4166349649429321,25078
0.7353212475776673,0.26467875242233274,15057
0.3898347854614258,0.6101652383804321,22573
0.34118751287460325,0.6588124990463257,37943
0.754540991783142,0.2454589933156967,64895
0.29049253463745117,0.7095074653625488,14645
0.2750186800956726,0.7249813079833984,31869
0.4080640137195587,0.5919359683990478,46788
0.8384395480155945,0.16156045198440552,28878
0.9458887338638305,0.0541112445294857,65081
0.33962541818618774,0.6603745698928833,48879
0.42945980429649355,0.5705402135848999,31928
0.14128874540328978,0.8587112307548523,789
0.8943327784538269,0.10566718727350236,19265
0.5401412844657898,0.4598587155342102,32673
0.7738616704940796,0.22613832950592042,59902
0.8263910412788391,0.17360893487930298,46635
0.43060075044631957,0.5693992495536804,5983
0.46919589638710024,0.5308041214942932,213
0.584621012210846,0.4153790056705475,2300
0.32074715495109557,0.6792528390884399,30674
0.4315791964530945,0.5684208154678345,12594
0.6224830389022827,0.37751699686050416,45756
0.18427461087703706,0.8157253980636596,35464
0.6475130319595337,0.3524869799613953,73061
0.5018847584724426,0.4981152415275574,40105
0.5995971083641052,0.4004028975963593,44925
0.2741955518722534,0.7258044481277466,31695
0.5469719409942627,0.45302808880805967,3293
0.40123263001441956,0.5987673282623291,15816
0.9298161506652832,0.0701838806271553,29046
0.45817395448684695,0.5418260574340821,22922
0.2660753130912781,0.7339247107505799,40692
0.28982785940170286,0.710172152519226,17824
0.7116829991340637,0.28831700086593626,36331
0.412758070230484,0.5872419238090515,1036
0.6583508253097534,0.3416491627693176,3081
0.33235100507736204,0.6676489830017089,16225
0.21866487562656403,0.7813351392745972,55456
0.762788712978363,0.23721128106117248,27659
0.7857509732246399,0.21424900889396667,51065
0.4156436324119568,0.5843563556671143,24981
0.7321479082107544,0.2678520977497101,66508
0.5431382536888123,0.4568617522716522,49907
0.1636798471212387,0.836320161819458,70443
0.17311446964740754,0.8268855214118958,52748
0.21138183176517486,0.7886181712150574,60437
0.17586482167243958,0.8241351842880249,48144
0.2560944497585297,0.7439055562019348,63790
0.9086543202400208,0.09134566187858581,69148
0.2768219769001007,0.7231779932975769,40416
0.4536876678466797,0.5463123321533203,12441
0.46443381905555725,0.5355661630630493,36615
0.35981119275093076,0.6401888251304626,59884
0.7066742777824402,0.2933257222175598,59832
0.3157939016819,0.6842060923576355,7480
0.27751925885677337,0.7224807739257812,62697
0.6866570234298706,0.31334298849105835,13814
0.44901962876319884,0.5509804010391235,30228
0.5399698138236999,0.46003021001815797,36041
0.6463533878326416,0.3536466121673584,10183
0.5875870823860169,0.41241291761398313,72145
0.6290689706802368,0.37093102335929873,64678
0.8181089758872986,0.1818910449743271,41157
0.6946078658103942,0.30539214611053467,46891
0.8155966758728027,0.18440334498882294,58187
0.545559573173523,0.4544404149055481,268
0.6514148712158203,0.3485851287841797,9799
0.39057515263557435,0.6094248414039611,15138
0.4258415102958679,0.5741584777832032,67584
0.6401155471801758,0.35988447070121765,29780
0.4401554048061371,0.5598445892333984,821
0.871397590637207,0.12860241085290908,18360
0.3777371942996979,0.6222627758979797,23176
0.46202216744422914,0.5379778146743774,9106
0.5268412590026855,0.4731587588787079,60593
0.564441180229187,0.435558819770813,44969
0.5837143301963806,0.41628565192222594,31381
0.6257388114929199,0.3742611944675446,26314
0.39791268706321714,0.6020872950553894,73547
0.7362598657608033,0.2637401640415192,41807
0.5203889608383179,0.4796110689640045,49019
0.8142485022544861,0.18575150072574614,29008
0.4432412266731262,0.5567587852478028,12601
0.5159906625747681,0.4840093433856964,45447
0.4130297601222992,0.5869702458381653,7706
0.7616045475006104,0.23839547038078307,2687
0.35791863203048707,0.642081367969513,63781
0.11169337332248688,0.8883066415786743,69681
0.3217377305030823,0.6782622933387756,63684
0.6653823375701904,0.3346176743507385,44938
0.7920778036117554,0.2079222172498703,11374
0.5906893610954285,0.40931063890457153,58184
0.39162846803665163,0.6083715081214904,60071
0.7522518157958984,0.24774819910526275,721
0.34533736705780027,0.6546626448631286,15500
0.5262700736522674,0.4737299084663391,43377
0.23389929831027984,0.7661006808280945,47881
0.5956174492835998,0.4043825566768646,16531
0.9385732769966125,0.0614266887307167,11297
0.5786887764930725,0.4213112235069275,32998
0.4172654032707214,0.5827346205711365,8910
0.3758867681026459,0.6241132140159606,20603
0.20200167298316957,0.7979983448982239,14362
0.2243963360786438,0.7756036520004272,29388
0.7552207231521606,0.24477924704551696,73337
0.16499774158000946,0.8350022435188293,52898
0.28403960466384887,0.7159604072570801,57753
0.785086476802826,0.2149135112762451,50066
0.18095372021198272,0.8190462708473205,22614
0.12243727892637253,0.8775627136230468,38598
0.4775611340999603,0.5224388062953949,59806
0.8499585151672363,0.15004149377346038,11996
0.3669527292251587,0.6330472707748414,36071
0.8240178227424622,0.17598217129707336,58004
0.6280316233634948,0.37196837067604066,38644
0.24066629707813264,0.7593337178230286,46774
0.3016365110874176,0.698363471031189,44535
0.4315806567668915,0.568419349193573,42287
0.5650746464729309,0.43492536544799804,64079
0.6395324826240539,0.36046754717826845,22546
0.5635949850082398,0.4364050209522247,18394
0.5829092621803283,0.4170907258987427,5987
0.26249671876430514,0.7375032901763916,54113
0.7979099869728088,0.20209001898765563,12937
0.6634460330009461,0.33655397295951844,50275
0.6324977517127991,0.3675022482872009,9009
0.23890011608600617,0.7610998630523682,9452
0.163800647854805,0.8361993432044983,7980
0.2135216623544693,0.786478328704834,39475
0.7017825722694397,0.2982174515724182,62466
0.538168203830719,0.46183178424835203,28043
0.5845820903778076,0.41541788578033445,24665
0.5055739402770996,0.4944260478019714,68937
0.441490113735199,0.558509886264801,28108
0.6166731953620911,0.3833267867565155,50162
0.22144919037818908,0.7785508394241333,33357
0.4871505558490753,0.5128494441509247,19736
0.556022310256958,0.44397770166397094,32170
0.9468804717063903,0.053119519352912904,48186
0.38733392357826235,0.6126660466194153,28462
0.26196461319923403,0.7380353689193726,67665
0.6050651907920838,0.39493480920791624,24889
0.3887812256813049,0.6112187743186951,6480
0.3561644673347473,0.6438355088233948,19569
0.7180199742317199,0.28198001384735105,21982
0.4934832215309143,0.5065167844295502,18201
0.27537456154823303,0.7246254205703735,35135
0.28652302026748655,0.7134769916534424,46400
0.7931380033493042,0.20686198472976686,34825
0.17511746883392335,0.8248825430870056,34908
0.5445150375366211,0.4554849326610565,54476
0.6426142811775207,0.35738571286201476,61797
0.5619445443153381,0.43805546760559083,56011
0.8338374614715576,0.16616253554821014,31244
0.821225643157959,0.17877436578273773,9310
0.37945522665977477,0.6205447793006897,4423
0.6491893172264099,0.35081066489219664,13288
0.5389572501182556,0.4610427379608154,10475
0.46248226761817934,0.5375177085399627,64434
0.46335147619247435,0.5366485238075256,46873
0.43578978776931765,0.5642102122306824,47782
0.28665727376937866,0.7133427500724793,42410
0.1124763160943985,0.8875236749649048,4080
0.6557353258132934,0.3442646861076355,43346
0.5809469819068909,0.4190529942512512,62182
0.3646313786506653,0.6353686332702637,51559
0.8318358540534974,0.16816413700580596,56107
0.40408443808555605,0.5959155321121216,972
0.5611835241317749,0.43881645798683167,24180
0.7377368807792664,0.2622631460428238,18046
0.3860473334789276,0.6139526486396789,3800
0.5390336334705352,0.4609663665294647,42075
0.4223678171634674,0.5776321887969971,12308
0.6513690114021301,0.348630952835083,72081
0.48047218918800355,0.519527792930603,55283
0.4751812815666199,0.5248187005519866,37544
0.19923093616962434,0.8007690668106079,62927
0.2437850207090378,0.7562149882316589,12039
0.5767151594161988,0.4232848107814789,46566
0.44063757061958314,0.5593624472618103,56710
0.18050686717033387,0.8194931387901306,18850
0.07105576246976852,0.9289442539215088,5346
0.6076147675514221,0.3923852026462555,62388
0.22214291691780091,0.7778570890426636,57684
0.11058637499809265,0.8894136190414429,51719
0.48305628895759584,0.5169437110424042,55822
0.8569541811943054,0.14304580837488173,25409
0.812246561050415,0.1877534419298172,39700
0.5308557868003845,0.4691442310810089,53372
0.6891823291778565,0.3108176589012146,42932
0.7897751212120057,0.21022489070892333,58237
0.8428893208503723,0.15711068511009216,25828
0.4591238260269165,0.5408761858940124,22631
0.8301143646240234,0.1698856085538864,23924
0.5234580874443054,0.47654191255569456,45670
0.5087374806404114,0.4912625432014465,30863
0.5556095957756042,0.4443903863430023,30961
0.5923280358314514,0.40767196416854856,41456
0.33530516028404234,0.6646948218345642,34943
0.6751806139945984,0.32481939196586607,51184
0.47986621856689454,0.5201337814331055,64899
0.518242609500885,0.4817574143409729,16538
0.7133483171463013,0.28665164709091184,24053
0.3560245156288147,0.6439754724502563,15786
0.5976869106292725,0.402313095331192,10584
0.5197796523571014,0.4802203714847565,61151
0.5780714154243469,0.4219286024570465,42454
0.4347666800022125,0.565233337879181,35833
0.47076165676116943,0.5292383551597595,22819
0.39633591175079347,0.6036640882492066,1697
0.618916118144989,0.38108391165733335,32623
0.5531700730323792,0.4468299329280853,59309
0.5878344774246216,0.4121654987335205,14544
0.3498356699943542,0.6501643180847168,10853
0.18049302101135253,0.8195070028305054,37772
0.5481733918190003,0.4518265962600708,63969
0.5743571043014526,0.4256429195404053,43134
0.7517754316329956,0.24822455048561096,73759
0.6025715589523315,0.39742845892906187,14230
0.5424688220024109,0.4575311720371246,54959
0.19192331731319429,0.8080766797065735,73139
0.8255373477935791,0.1744626432657242,69508
0.21562185287475585,0.7843781590461731,10103
0.7810709118843079,0.2189290702342987,66211
0.19528262913227082,0.8047173619270325,54230
0.5457920670509339,0.45420798659324646,45744
0.05923270955681801,0.9407672643661499,1004
0.8192201614379883,0.18077984750270842,8709
0.8115075588226318,0.18849242925643922,35349
0.3032315015792847,0.6967684864997864,66473
0.10095075070858002,0.8990492105484009,38995
0.7424583077430725,0.25754168927669524,30297
0.35106521248817446,0.64893479347229,33185
0.6750147104263305,0.32498530149459837,48790
0.5534891128540039,0.44651090502738955,35310
0.156643608212471,0.8433564186096192,42954
0.7223453521728516,0.27765463590621947,3621
0.5903025269508362,0.40969746112823485,57759
0.5914995551109314,0.4085004389286041,14607
0.6398247122764588,0.3601753056049347,41229
0.36169399619102477,0.6383060097694397,6202
0.44087632894515993,0.5591236829757691,40698
0.8735866904258728,0.1264133021235466,60252
0.45399136543273927,0.5460086345672608,14188
0.200084188580513,0.7999157786369324,66379
0.29502685070037843,0.7049731492996216,59069
0.27389931082725527,0.7261007070541382,37319
0.4001721978187561,0.5998278141021729,27675
0.5298821330070496,0.47011788487434386,4161
0.34501845836639405,0.6549815535545349,43960
0.21373645067214966,0.7862635374069213,55794
0.5346211552619934,0.46537885069847107,65170
0.6396444320678711,0.36035560369491576,60193
0.20609873235225679,0.7939012527465821,50553
0.5988363027572632,0.40116373300552366,38592
0.3718013525009155,0.6281986355781555,20396
0.0848235622048378,0.9151764035224914,59600
0.4888185739517212,0.5111814439296722,46499
0.41186472177505495,0.5881352543830871,57089
0.36243218183517456,0.6375678420066834,47812
0.3429683268070221,0.6570316433906556,63648
0.7808624386787415,0.2191375881433487,2772
0.2526885151863098,0.7473114848136901,65507
0.21787768900394439,0.7821223378181458,44614
0.7624336957931519,0.23756629824638367,5555
0.5165871500968933,0.48341283202171326,5257
0.6316905736923217,0.36830942034721376,40231
0.8147080183029175,0.18529198467731475,69034
0.22858878076076508,0.7714112281799317,43777
0.7751264333724975,0.22487356662750244,62071
0.7024448275566101,0.2975551664829254,51672
0.42991101145744326,0.5700889706611634,10435
0.7555674195289612,0.24443257749080657,36985
0.4186320126056671,0.5813679575920105,39557
0.17046848237514495,0.8295315027236938,45934
0.34958646893501283,0.6504135012626648,10926
0.7218170285224914,0.27818299531936647,5717
0.3072783350944519,0.6927216410636902,58042
0.16607947051525115,0.8339205622673035,44481
0.4680514454841614,0.5319485783576965,50400
0.4807307243347168,0.5192693054676056,19708
0.49335169792175293,0.5066482722759247,48494
0.5393984317779541,0.46060157418251035,38114
0.1508014440536499,0.8491985559463501,70358
0.46404907703399656,0.5359509110450744,33414
0.24721418023109437,0.7527858138084411,57775
0.3189433515071869,0.6810566663742066,40625
0.7295808672904969,0.270419117808342,69999
0.5860844373703002,0.4139155447483063,43742
0.6401845693588257,0.3598154366016388,74093
0.15721868276596068,0.8427812814712524,62532
0.3769478380680084,0.6230521559715271,10743
0.37999406456947327,0.6200059413909912,49828
0.3711753487586975,0.6288246631622314,14238
0.6460213661193848,0.3539786458015442,21714
0.4116492807865143,0.5883507251739502,39813
0.8958480954170227,0.1041518822312355,28502
0.3754629671573639,0.6245370149612427,72163
0.42808658480644224,0.5719134092330933,47582
0.39833362102508546,0.6016663789749146,52920
0.21586696207523345,0.7841330528259277,58417
0.3535975396633148,0.6464024305343627,21103
0.5752543568611145,0.4247456073760986,2731
0.4205552637577057,0.5794447422027588,44587
0.2747623920440674,0.7252376079559326,60002
0.09489786326885223,0.9051021218299866,60467
0.6353463292121887,0.3646536707878113,35318
0.5050986886024476,0.49490131735801696,38422
0.7484300017356873,0.25157003104686737,58246
0.23039546906948088,0.7696045279502869,57302
0.4923673927783966,0.5076326072216034,19410
0.10945559591054917,0.8905444025993348,64140
0.3602057099342346,0.6397942662239074,32321
0.6120005488395691,0.38799946308135985,68272
0.5039422810077667,0.4960577189922333,29415
0.3705338597297668,0.6294661402702332,9198
0.8153871774673462,0.18461281359195708,20850
0.18776879012584685,0.8122312188148498,64663
0.30237136483192445,0.6976286172866821,47961
0.16040490865707396,0.839595103263855,14722
0.6812077760696411,0.31879223585128785,52388
0.25437767505645753,0.7456222891807556,38822
0.5699370384216309,0.4300629675388336,6060
0.7681592464447021,0.23184073865413665,37671
0.7903740644454956,0.2096259266138077,907
0.8743842601776123,0.12561570554971696,9574
0.34416347146034243,0.655836546421051,55232
0.12800451517105102,0.871995496749878,33266
0.29904258251190186,0.7009573936462402,58238
0.23393383026123046,0.7660661697387695,68238
0.5650060534477234,0.43499394655227663,71445
0.7675355672836304,0.23246442675590515,17915
0.24877552688121796,0.7512244939804077,22757
0.37474426031112673,0.6252557158470153,28873
0.27018908262252805,0.7298109412193299,68727
0.21929024755954743,0.7807097434997559,71281
0.6803051352500915,0.31969490051269533,38692
0.4452350795269012,0.5547649145126343,25809
0.5059485018253327,0.4940515041351318,51975
0.752836275100708,0.24716369509696962,18738
0.11377786695957184,0.8862221240997314,57420
0.3047299385070801,0.6952700614929199,16811
0.5327690958976745,0.46723091006278994,47805
0.22983560860157012,0.7701643943786621,56082
0.48804882168769836,0.5119511842727661,60291
0.7060455679893494,0.29395443201065063,944
0.3263686180114746,0.6736313819885253,69663
0.4679096400737762,0.5320903539657593,24671
0.48532943725585936,0.5146705508232117,70560
0.5245527863502503,0.4754471778869629,74385
0.7673612356185913,0.23263875544071197,65021
0.3773136794567108,0.6226863265037537,53409
0.24628229737281798,0.7537176847457886,42229
0.5084670722484589,0.4915329337120056,70635
0.15029598772525787,0.8497040033340454,19779
0.8582363605499268,0.14176364839076996,47427
0.6389741420745849,0.3610258877277374,70792
0.8546396374702454,0.14536032378673552,45674
0.7990105032920838,0.2009894847869873,903
0.8171469092369079,0.18285307586193084,62267
0.4771049678325653,0.5228950500488281,22383
0.4355964660644531,0.5644035458564758,66791
0.4568128645420074,0.543187141418457,59051
0.7010475993156433,0.29895241260528566,5087
0.4124830186367035,0.5875169634819031,73966
0.42067438960075376,0.5793256044387818,71646
0.27773866057395935,0.7222613453865051,33113
0.8088582754135132,0.19114172756671904,35649
0.43221367001533506,0.5677863359451294,36200
0.7000215530395508,0.2999784708023071,37523
0.9115541577339172,0.088445845246315,39377
0.9037203431129456,0.09627966284751892,30852
0.6124343752861023,0.3875656485557556,18807
0.4957574665546417,0.5042425513267517,57780
0.5231595933437347,0.4768404006958008,27027
0.4729024708271027,0.527097511291504,16987
0.21123931407928467,0.7887606859207154,68939
0.5250257611274719,0.47497422695159913,48996
0.7335209846496582,0.26647902429103854,2287
0.15568096041679383,0.8443190097808838,59059
0.5925526738166809,0.4074473202228546,66490
0.5079595685005188,0.49204044938087466,28837
0.5723993420600891,0.42760069370269777,50354
0.7202762007713318,0.2797237455844879,40449
0.3160619378089905,0.6839380502700806,20398
0.3974180519580841,0.6025819420814514,8389
0.6057622313499451,0.3942377746105194,19967
0.5070787489414215,0.49292128086090087,63183
0.33483418822288513,0.6651658296585083,26514
0.7093359470367432,0.2906640648841858,29110
0.5068106174468994,0.49318939447402954,46386
0.5808902144432068,0.4191097617149353,62117
0.28906206488609315,0.7109379410743714,48280
0.3896088361740112,0.6103911876678467,41494
0.5108729183673859,0.48912709951400757,5605
0.3984572231769562,0.6015427708625793,64143
0.43954811692237855,0.560451889038086,1825
0.18301453888416291,0.8169854760169983,14947
0.8443478465080261,0.15565215945243835,46621
0.29655179381370544,0.703448224067688,12554
0.2983901083469391,0.7016098976135254,62338
0.462712836265564,0.5372871637344361,43515
0.40738937854766843,0.5926106452941895,30673
0.5528769135475159,0.44712308049201965,26680
0.4517475783824921,0.5482524633407593,50450
0.6084975838661194,0.3915024042129517,28136
0.3456293046474457,0.6543707013130188,69175
0.611083471775055,0.388916540145874,14014
0.5382311105728149,0.4617688894271851,54059
0.587753689289093,0.41224629878997804,19316
0.6831105828285218,0.3168894350528717,57578
0.7937716126441956,0.2062283545732498,28627
0.1498301923274994,0.8501698136329651,72971
0.554878044128418,0.44512195587158204,62054
0.767033040523529,0.2329669862985611,28495
0.3900690197944641,0.6099309921264648,45405
0.5420300602912903,0.45796993374824524,59631
0.27836753726005553,0.721632432937622,47528
0.20240332186222076,0.7975966572761536,14849
0.14063429832458496,0.859365701675415,5131
0.6469473600387573,0.3530526399612427,70711
0.5010553359985351,0.4989446759223938,65382
0.588837730884552,0.4111622393131256,71417
0.48984761238098146,0.510152405500412,65892
0.7166967988014221,0.28330320715904234,31781
0.14180768430233,0.8581923484802246,61602
0.2930219769477844,0.7069780111312867,67583
0.5157302737236023,0.48426971435546873,3426
0.4312166154384613,0.5687834024429321,3058
0.2694276124238968,0.7305723905563355,8154
0.6131457805633544,0.3868542492389679,24066
0.32278759479522706,0.6772124171257019,66948
0.27024092674255373,0.7297590494155883,69209
0.59299556016922,0.40700443983078005,56108
0.46368966698646547,0.53631032705307,63162
0.1795138895511627,0.8204860925674439,54928
0.6468912839889527,0.3531087517738342,15062
0.17057075202465058,0.8294292449951172,59502
0.6195454955101013,0.3804544985294342,16608
0.5256927609443665,0.47430723905563354,15147
0.3927410185337067,0.6072589874267578,30283
0.5263428568840027,0.47365716099739075,28311
0.5090399205684661,0.4909600615501404,28073
0.45604093074798585,0.5439590573310852,56696
0.8315610408782959,0.16843898296356202,73141
0.6953136086463928,0.3046863853931427,39183
0.14334374964237212,0.8566562533378601,4071
0.1551886171102524,0.8448113679885865,50106
0.6723386406898498,0.32766135334968566,44641
0.46287375688552856,0.5371262431144714,14734
0.8688960552215577,0.1311039611697197,67557
0.602259886264801,0.39774012565612793,73203
0.637714946269989,0.36228503584861754,74051
0.1329966440796852,0.8670033812522888,5792
0.5874520063400268,0.41254799365997313,13292
0.9177144408226013,0.08228558152914048,51558
0.7203076124191284,0.27969237267971037,4511
0.6387206554412842,0.3612793326377869,9249
0.08557343035936356,0.9144266009330749,1831
0.4946043848991394,0.5053956210613251,60497
0.36457250118255613,0.6354274868965148,55229
0.12862209975719452,0.8713778972625732,39115
0.45127239227294924,0.5487275958061218,65008
0.5473854660987854,0.45261452794075013,35715
0.7223953604698181,0.27760465145111085,56923
0.1499557003378868,0.8500442981719971,21822
0.4905752718448639,0.5094247221946716,66731
0.23289129734039307,0.7671087145805359,27358
0.5340122818946839,0.46598770618438723,45619
0.5356861233711243,0.46431387066841123,275
0.7110018968582154,0.28899810910224916,39290
0.18441827297210694,0.8155817031860352,15360
0.9183205008506775,0.08167948871850968,29350
0.723064386844635,0.2769355833530426,9580
0.7198348641395569,0.28016512393951415,31400
0.4253602147102356,0.5746397852897644,67302
0.290361225605011,0.7096387624740601,54514
0.7995360255241394,0.20046397745609285,29154
0.2512370526790619,0.7487629413604736,36659
0.43934855461120603,0.5606514573097229,62534
0.7863435387611389,0.2136564612388611,50539
0.8244513034820556,0.1755487084388733,2969
0.6625818610191345,0.3374181628227234,32392
0.15372130274772644,0.8462786912918091,7744
0.5505385398864746,0.44946145415306094,68648
0.35734418630599973,0.6426558256149292,16344
0.8585216999053955,0.1414782702922821,62406
0.6187794923782348,0.38122050166130067,11542
0.39470301270484925,0.6052969932556153,30305
0.27979812026023865,0.7202018976211548,7041
0.13791571855545043,0.8620843052864074,13703
0.9029462695121765,0.09705374985933304,19274
0.3243814527988434,0.6756185412406921,1765
0.1634879916906357,0.8365120053291321,458
0.5214858770370483,0.4785141110420227,16387
0.34778264760971067,0.6522173523902893,49508
0.6909850120544434,0.3090149939060211,5924
0.38910187482833863,0.6108981370925903,35670
0.8536460399627686,0.14635398089885712,52085
0.4386355996131897,0.5613643884658813,14316
0.5973788857460022,0.40262113213539125,29823
0.08079566061496735,0.9192043423652649,63758
0.49497581720352174,0.5050241827964783,21272
0.2581788182258606,0.7418211579322815,67854
0.2549422442913055,0.7450577616691589,445
0.07352286279201507,0.9264771223068238,18925
0.2612177968025208,0.7387821912765503,74117
0.3762514293193817,0.6237486004829407,67878
0.8930145859718323,0.10698543041944504,45662
0.23493421077728271,0.7650658011436462,14255
0.32516413927078247,0.6748358845710755,32454
0.43447471857070924,0.5655252814292908,25568
0.7211742520332336,0.27882574796676635,43180
0.8788447976112366,0.12115520238876343,21730
0.8354026198387146,0.16459735333919526,10931
0.5273314833641052,0.4726684868335724,11516
0.557822847366333,0.44217714071273806,21318
0.27911750674247743,0.7208824992179871,56302
0.5395394206047058,0.4604605853557587,16137
0.512639844417572,0.48736015558242796,65157
0.7214122295379639,0.27858773469924925,32337
0.5014913856983185,0.49850860238075256,37763
0.5382277250289917,0.4617722749710083,55434
0.4461913764476776,0.5538086295127869,54992
0.6986372590065002,0.30136275887489317,57903
0.6666356801986695,0.33336433172225954,67797
0.6825286149978638,0.31747140288352965,34242
0.6926149249076843,0.3073850631713867,74199
0.6574273586273194,0.34257263541221616,2783
0.11885549277067184,0.8811444878578186,10308
0.4943574905395508,0.5056425094604492,31930
0.6015968799591065,0.39840312004089357,55683
0.5908639907836915,0.4091360032558441,40046
0.5972144722938537,0.4027855098247528,760
0.4503515541553497,0.5496484279632569,70347
0.5523004651069641,0.44769956469535827,39325
0.3465953290462494,0.6534046649932861,30720
0.213724684715271,0.786275315284729,45031
0.9371819972991944,0.06281801164150239,71652
0.7062296152114869,0.29377037286758423,72792
0.4872759282588959,0.512724083662033,69160
0.2800330877304077,0.7199669241905212,40351
0.16810229420661926,0.8318977236747742,29478
0.3192541658878326,0.680745804309845,8469
0.5072961986064911,0.4927038013935089,11790
0.8085917830467224,0.191408234834671,58295
0.3014586389064789,0.6985413670539856,52215
0.09669158607721329,0.9033084034919738,57756
0.6031986951828003,0.3968013107776642,50087
0.7662296891212463,0.23377031683921815,5071
0.41107035875320436,0.5889296531677246,26004
0.6720116615295411,0.3279883325099945,12083
0.8903376460075378,0.10966236889362335,20808
0.1649266242980957,0.8350733876228332,13553
0.6276386260986329,0.3723613560199738,45598
0.7020982503890991,0.29790176153182985,15102
0.39465646743774413,0.6053435683250428,38396
0.28361780047416685,0.7163822054862976,27966
0.5110464811325073,0.488953572511673,21545
0.4212656319141388,0.5787344098091125,13805
0.20819467008113862,0.7918053150177002,4156
0.5770439863204956,0.4229560077190399,20781
0.2214482009410858,0.7785518169403076,13038
0.6902844667434692,0.3097155153751373,5492
0.4386229693889618,0.5613770484924316,15622
0.4017008304595947,0.5982991933822632,47507
0.39139523506164553,0.6086047649383545,43125
0.3289832353591919,0.6710167407989502,50417
0.6602276563644409,0.3397723317146301,33186
0.44572030901908877,0.5542796850204468,21657
0.5530816078186035,0.4469184041023254,26477
0.8422909021377564,0.1577090799808502,51239
0.8596270918846131,0.14037289917469026,29148
0.1262829050421715,0.8737170934677124,38889
0.58229558467865,0.417704439163208,28514
0.5691101908683777,0.43088982105255125,51692
0.37651936411857606,0.6234806299209594,58501
0.5551996350288391,0.444800341129303,13874
0.7783696532249451,0.2216303378343582,47495
0.8250095129013062,0.17499051690101625,71635
0.18219768702983857,0.8178022980690003,52512
0.3657358944416046,0.634264099597931,12751
0.09802022874355316,0.9019798040390015,42169
0.6471697092056274,0.3528303146362305,46444
0.5312012434005737,0.4687987744808197,17383
0.586051094532013,0.41394890546798707,63931
0.44967532753944395,0.5503246545791626,31989
0.7414337515830993,0.25856625437736513,42134
0.8648298859596253,0.13517012298107148,14337
0.14056220054626464,0.8594378113746644,33359
0.45056699514389037,0.5494330048561096,73681
0.5945963382720947,0.40540369153022765,565
0.6953498125076294,0.3046501636505127,16130
0.8540371775627136,0.14596281349658966,64446
0.1180582121014595,0.8819417834281922,36062
0.712038254737854,0.2879617512226105,42028
0.5000645458698273,0.4999354720115662,11038
0.49146241545677183,0.5085375726222991,26259
0.7153132557868958,0.2846867501735687,71172
0.18778380155563354,0.8122162103652955,13695
0.4208434820175171,0.5791565299034118,74412
0.6149953007698059,0.385004723072052,47105
0.19767198860645294,0.8023280382156373,32030
0.6150624752044678,0.38493751883506777,8559
0.42560192942619324,0.5743980646133423,11551
0.35229761600494386,0.6477023839950562,11926
0.5057091474533081,0.49429083466529844,39802
0.6396979093551636,0.3603020548820496,55493
0.5847707390785217,0.41522926092147827,43108
0.8043947100639344,0.19560527801513672,19998
0.6449052214622497,0.35509479641914365,13392
0.4627640724182129,0.5372359454631805,52271
0.42922784090042115,0.5707721829414367,9147
0.48345822691917417,0.5165417790412903,33817
0.5508735418319702,0.44912647008895873,23012
0.30900872945785524,0.6909912586212158,3065
0.5006003499031066,0.4993996024131775,25780
0.7185272574424744,0.28147273063659667,33267
0.4803002893924713,0.5196997225284576,8980
0.593576169013977,0.4064238131046295,74007
0.5688431143760682,0.43115686178207396,67773
0.7274511575698852,0.27254884839057925,28580
0.4667456209659576,0.5332543969154357,21611
0.8621672630310059,0.13783273994922637,52678
0.8658054590225219,0.13419455289840698,71847
0.666104507446289,0.3338955223560333,19313
0.4934455335140228,0.5065545022487641,27798
0.17094323337078093,0.8290567636489868,71791
0.5289545774459838,0.4710454285144806,58512
0.813846206665039,0.18615381121635438,57613
0.46588510274887085,0.5341149210929871,18442
0.6260183811187744,0.3739816427230835,380
0.34235424399375913,0.6576457619667053,50285
0.6122969508171081,0.38770305514335635,70446
0.7526797294616699,0.24732024669647218,28147
0.29070900082588197,0.7092909932136535,68870
0.6594533562660218,0.34054664969444276,42610
0.6691971540451049,0.330802845954895,28151
0.5814732074737549,0.4185267984867096,31999
0.07051388919353485,0.9294861078262329,9376
0.2911387026309967,0.7088612914085388,39921
0.3234068214893341,0.6765931725502015,41694
0.6356307625770569,0.36436924934387205,22493
0.516325843334198,0.483674156665802,66185
0.5609169363975525,0.43908304572105405,41820
0.17156881988048553,0.8284311890602112,33253
0.5146432816982269,0.4853567242622375,7291
0.8269932389259338,0.1730067551136017,10366
0.878996479511261,0.12100351005792617,30543
0.35676577091217043,0.6432342410087586,48106
0.4967513382434845,0.5032486736774444,8162
0.5749639630317688,0.4250360667705536,48353
0.7023946046829224,0.2976054012775421,26349
0.4242672145366669,0.5757327556610108,26411
0.2097402960062027,0.7902596831321717,13507
0.3113505125045776,0.6886494874954223,31506
0.7487229228019714,0.25127710700035094,11950
0.8817150235176087,0.11828497052192688,2743
0.663781464099884,0.3362185597419739,55247
0.41964991092681886,0.5803500890731812,56433
0.09951863586902618,0.900481379032135,38927
0.19901743531227112,0.8009825468063354,19958
0.5795653939247132,0.4204346060752869,56728
0.6271762013435364,0.3728238224983215,181
0.8953153133392334,0.10468468368053437,19497
0.525182181596756,0.47481781244277954,5327
0.7960347175598145,0.20396531224250794,55632
0.6170849084854126,0.3829150855541229,49496
0.2164027601480484,0.7835972309112549,52469
0.43159393668174745,0.5684060692787171,68053
0.2667618989944458,0.7332380652427674,52691
0.5392414212226868,0.4607585847377777,53573
0.6655223727226257,0.3344776272773743,51803
0.9004398345947265,0.09956017285585403,26511
0.15598825216293336,0.8440117359161377,14140
0.2591719597578049,0.7408280611038208,28293
0.6999658107757568,0.30003419518470764,56904
0.3705406367778778,0.6294593811035156,34006
0.261257541179657,0.7387424349784851,17377
0.44230911135673523,0.5576908946037292,65935
0.666339659690857,0.3336603343486786,26536
0.6977875471115113,0.3022124648094177,14314
0.8432181239128113,0.15678187012672423,30177
0.8902874231338501,0.10971259772777557,67837
0.912174117565155,0.08782590925693512,56141
0.6098910689353942,0.3901089131832123,49468
0.7138294100761413,0.28617058098316195,54440
0.5305177927017212,0.46948222517967225,17970
0.30216882228851316,0.6978311777114868,67686
0.19578123092651367,0.8042187809944152,5429
0.29170368909835814,0.7082963347434997,31079
0.8585021376609803,0.14149786531925201,32101
0.44734840989112856,0.552651560306549,29385
0.4198542296886444,0.5801457762718201,16578
0.2142354041337967,0.7857645988464356,38782
0.6140750408172607,0.3859249413013458,14697
0.8248373389244079,0.17516266107559203,59900
0.5767947435379028,0.42320525646209717,7990
0.7342513680458069,0.2657486259937286,49524
0.36702356338500974,0.6329764246940612,24651
0.6780476689338684,0.3219523191452026,44748
0.43194801807403566,0.5680519938468933,9625
0.44051786661148074,0.5594821333885193,41924
0.3977715075016022,0.6022284865379334,5707
0.1385727271437645,0.8614272594451904,35473
0.6401747584342956,0.3598252534866333,62340
0.23881907761096954,0.7611809253692627,52497
0.7265299320220947,0.2734700858592987,47516
0.4317867696285248,0.5682132601737976,4879
0.3607419073581696,0.639258086681366,16581
0.5133664906024933,0.4866335093975067,59786
0.6604655385017395,0.33953443765640257,45145
0.48788449764251707,0.5121155083179474,43865
0.48209984302520753,0.5179001569747925,36832
0.22291586697101592,0.7770841121673584,43484
0.17612414956092834,0.8238758683204651,63128
0.12022582292556763,0.8797742009162903,67922
0.4668496072292328,0.5331504106521606,58258
0.6318932294845581,0.3681067883968353,25201
0.35388426184654237,0.6461157321929931,41669
0.32072067856788633,0.6792793035507202,63326
0.559330427646637,0.4406696021556854,48161
0.3049280822277069,0.6950718998908997,26892
0.5500231742858886,0.44997681975364684,2781
0.7750182628631592,0.22498171627521515,42006
0.8117603659629822,0.18823962211608886,34305
0.6363402605056763,0.3636597335338593,34008
0.3966445684432983,0.6033554434776306,1247
0.5032670855522156,0.4967329204082489,34039
0.9072428464889526,0.09275716245174408,20175
0.7130282998085022,0.2869717001914978,37059
0.38772740960121155,0.612272572517395,73212
0.6648624062538147,0.3351376295089722,34645
0.5645557999610901,0.4354442059993744,51384
0.7871479034423828,0.21285207867622374,9999
0.7298622846603393,0.27013771831989286,3309
0.3170483231544495,0.6829516649246216,68108
0.2342134028673172,0.765786612033844,63867
0.7510045289993286,0.24899547696113586,20561
0.2399213045835495,0.7600786924362183,34629
0.552576732635498,0.44742327332496645,56871
0.49761303067207335,0.5023869454860688,26132
0.11225212514400482,0.8877478957176208,70043
0.8496617555618287,0.15033825635910034,57079
0.506611043214798,0.493388956785202,48933
0.47053155303001404,0.5294684410095215,11300
0.34490105509757996,0.6550989747047424,73401
0.4044696807861328,0.595530343055725,9898
0.690203869342804,0.309796130657196,38987
0.6918158173561096,0.30818417072296145,36228
0.46683548092842103,0.5331645131111145,33020
0.5045539200305938,0.4954460680484772,41978
0.9401576161384583,0.059842399507761004,27293
0.5441123604774475,0.455887633562088,2904
0.2887842833995819,0.7112157225608826,25435
0.6252092480659485,0.374790745973587,72334
0.4140346944332123,0.5859652996063233,6838
0.5816478729248047,0.41835211515426635,71939
0.7126811146736145,0.2873189151287079,6753
0.49687910079956055,0.5031209230422974,52998
0.15883577167987822,0.8411642193794251,48260
0.4029333829879761,0.597066605091095,48783
0.15163534581661225,0.8483646392822266,274
0.28565643429756166,0.7143435716629029,24033
0.7491074442863465,0.25089256167411805,33962
0.5519956231117249,0.4480043828487396,58560
0.7964710354804992,0.2035289615392685,61543
0.6850212574005127,0.31497873067855836,60962
0.20702724158763885,0.7929727673530579,13589
0.5492768526077271,0.4507231771945953,66190
0.6849668383598327,0.3150331497192383,67030
0.346604585647583,0.653395414352417,54217
0.6998937726020813,0.3001062095165253,48695
0.2054622381925583,0.7945377588272095,33703
0.09231002330780029,0.9076899886131287,67001
0.5804858684539795,0.419514125585556,49429
0.3987895309925079,0.6012104511260986,5883
0.09121169149875641,0.9087883234024048,5880
0.8362505435943604,0.16374948024749755,37156
0.48574831485748293,0.5142516791820526,71507
0.40600889921188354,0.5939910769462585,37296
0.8536078095436096,0.14639220237731934,74272
0.7366140246391296,0.2633859872817993,45701
0.7033878326416015,0.2966121554374695,41180
0.6890941143035889,0.31090588569641114,65959
0.7962959051132202,0.20370408296585082,35556
0.7684603691101074,0.23153963685035706,29305
0.552543294429779,0.44745671153068545,43461
0.5778077244758606,0.42219228744506837,52967
0.5151947021484375,0.4848053097724915,46305
0.6728192329406738,0.3271807491779327,68048
0.8281757831573486,0.1718241959810257,68225
0.22891650795936586,0.7710834980010987,67620
0.7222319722175599,0.2777680456638336,33099
0.19270959496498108,0.8072903871536254,2727
0.4779886543750763,0.5220113396644592,47527
0.5946986079216003,0.4053013980388641,69522
0.11061208546161652,0.8893879055976868,28162
0.5799980759620667,0.4200019180774689,42015
0.6107044339179992,0.38929556012153627,26678
0.781612229347229,0.21838775277137756,42391
0.65515695810318,0.3448430597782135,23624
0.18569062948226928,0.8143094062805176,64464
0.15439351201057433,0.8456064939498902,72594
0.4879417657852173,0.5120582342147827,67229
0.23893443644046783,0.7610655665397644,6624
0.6103128671646119,0.38968712091445923,10679
0.499529093503952,0.5004709362983704,39028
0.6846808910369873,0.31531912088394165,10446
0.598791527748108,0.4012084722518921,28496
0.593401825428009,0.40659813284873964,61965
0.7554751992225647,0.24452481269836426,21900
0.7427380561828614,0.25726197063922884,45283
0.41085529923439024,0.5891447067260742,50492
0.7920454263687133,0.20795456171035767,13280
0.12713465839624405,0.87286536693573,31072
0.4154167532920837,0.5845832347869873,39547
0.6423835635185242,0.35761643648147584,27885
0.6706767678260803,0.3293232321739197,20336
0.3373287558555603,0.6626712441444397,72912
0.37508193254470823,0.6249180436134338,6820
0.5345541536808014,0.4654458224773407,19627
0.20793909728527069,0.7920608997344971,26324
0.25456575453281405,0.7454342126846314,53497
0.39775902032852173,0.6022409558296203,51343
0.6880841970443725,0.31191580295562743,8446
0.266696909070015,0.7333030819892883,11895
0.5893201112747193,0.4106798768043518,25285
0.5907519340515137,0.40924805998802183,62893
0.5498468041419983,0.45015319585800173,27926
0.6103341698646545,0.38966583609580996,37958
0.5298714518547059,0.4701285302639008,50526
0.5526080965995789,0.4473919034004211,12257
0.6615359902381897,0.33846400380134584,47109
0.4818847715854645,0.518115222454071,47345
0.3627867639064789,0.6372132539749146,61968
0.892432165145874,0.10756781846284866,6452
0.571741807460785,0.42825819849967955,55815
0.24610629677772522,0.7538936853408813,35148
0.36913031339645386,0.630869698524475,44363
0.10683386772871017,0.8931661367416381,28599
0.5983064889907836,0.40169350504875184,24881
0.42414515614509585,0.5758548259735108,8247
0.20923543870449066,0.7907645344734192,14983
0.5614334106445312,0.4385666012763977,53921
0.11367264240980149,0.8863273739814759,21148
0.7640653848648071,0.23593462109565735,26801
0.47992355227470396,0.5200764417648316,27312
0.29784935116767886,0.7021506309509278,54456
0.812230384349823,0.18776962757110596,72301
0.8250520825386047,0.17494793832302094,60985
0.1768368363380432,0.8231631636619567,69471
0.6344533085823059,0.3655466794967651,58769
0.41671565771102903,0.583284330368042,12224
0.48342728018760683,0.5165727376937866,61908
0.4757886707782745,0.52421133518219,13405
0.6650400638580323,0.3349599242210388,37246
0.2749788284301758,0.7250211954116821,35783
0.6036463022232056,0.3963537037372589,39199
0.6488051652908325,0.35119481682777404,72505
0.4420681416988373,0.5579318761825561,15762
0.353746223449707,0.646253788471222,68892
0.5032138228416443,0.49678616523742675,44666
0.9009547352790832,0.09904527068138122,34897
0.5494486451148987,0.45055134892463683,49958
0.5749209880828857,0.4250790119171143,57904
0.7702146291732788,0.22978535294532776,53211
0.43981778621673584,0.5601822257041931,20525
0.8909242868423461,0.10907571166753768,17522
0.3148305892944336,0.6851693987846375,55563
0.3971564471721649,0.6028435707092286,71741
0.4966888427734375,0.503311139345169,44644
0.26397000551223754,0.7360299944877624,46993
0.5933649659156799,0.40663504004478457,23792
0.3642804861068726,0.6357194781303406,21024
0.15283904671669007,0.8471609711647033,43379
0.5304040312767029,0.46959599256515505,36291
0.34195241928100584,0.6580475807189942,24338
0.20754746496677398,0.7924525141716003,70772
0.4947772741317749,0.5052226841449737,22861
0.8076018214225769,0.19239820241928102,47293
0.5760697007179261,0.4239303171634674,64423
0.7631466627120972,0.23685331046581268,71983
0.17781906723976135,0.8221809506416321,12072
0.44532917737960814,0.5546708345413208,25579
0.4602979063987732,0.5397020936012268,9507
0.8076901078224182,0.1923098921775818,55449
0.6486792802810669,0.3513206958770752,22694
0.06680946350097657,0.9331905603408813,18220
0.0903856709599495,0.9096143364906311,44456
0.7183554887771606,0.2816445350646973,4364
0.320138543844223,0.6798614501953125,67537
0.0880298912525177,0.9119700908660888,16124
0.5579386234283448,0.44206138253211974,63932
0.8831628441810608,0.1168371394276619,53960
0.5368906378746032,0.4631093442440033,31459
0.34232470393180847,0.657675313949585,58791
0.3393335580825806,0.6606664419174194,34472
0.526167380809784,0.4738326072692871,61940
0.7800786972045899,0.2199213057756424,6699
0.37401728630065917,0.6259827136993408,48794
0.6583658933639527,0.34163408875465395,22123
0.4929925978183746,0.5070074498653412,71785
0.6821690559387207,0.31783096194267274,38957
0.5847190618515015,0.4152809143066406,8791
0.6168013691902161,0.38319862484931944,7056
0.7994404196739197,0.20055958926677703,10714
0.07932272106409073,0.9206772685050965,6852
0.4404330313205719,0.5595669627189637,71659
0.6946626305580139,0.30533735156059266,61839
0.5279556214809418,0.4720444083213806,32719
0.48784357905387876,0.5121564507484436,60321
0.6290425896644593,0.3709574341773987,19292
0.1942770302295685,0.805722963809967,67494
0.8145559668540955,0.18544403612613677,52338
0.39069112539291384,0.6093088626861572,28760
0.2635339111089706,0.7364660978317261,54931
0.1467164158821106,0.8532835960388183,20570
0.719523811340332,0.2804762005805969,22835
0.465052193403244,0.5349477887153625,16166
0.531722116470337,0.4682778835296631,27085
0.6048174023628234,0.3951825737953186,43697
0.6412444829940795,0.35875550508499143,23241
0.1691614031791687,0.8308385848999024,48920
0.17154535353183747,0.8284546375274658,66375
0.42146664261817934,0.5785333275794983,46770
0.37470086812973025,0.6252991437911988,15055
0.7463010311126709,0.25369900166988374,14520
0.5877318739891052,0.41226813197135925,177
0.7618892550468445,0.23811075389385222,15825
0.575557017326355,0.424442982673645,50308
0.2143712967634201,0.7856287121772766,69914
0.5631326079368592,0.4368673741817474,63726
0.17074306607246398,0.8292569518089294,25289
0.672871446609497,0.32712854743003844,48162
0.13381235152482987,0.8661876797676087,45286
0.6552791476249695,0.3447208642959595,42320
0.7326233863830567,0.2673765987157822,57297
0.6729921698570251,0.3270078420639038,46710
0.46215575337409975,0.5378442406654358,56408
0.6117730021476746,0.38822702765464784,66976
0.6278610944747924,0.3721388876438141,5978
0.41931761503219606,0.5806823611259461,1041
0.676392424106598,0.32360758185386657,42799
0.5340378284454346,0.46596217155456543,7300
0.5106314122676849,0.48936856389045713,29189
0.42691032886505126,0.5730896472930909,6017
0.37063332796096804,0.629366660118103,39899
0.4289511561393738,0.5710488319396972,49711
0.31317744255065916,0.6868225336074829,51067
0.5915027141571045,0.40849725604057313,2834
0.7691978454589844,0.23080215454101563,36185
0.14847384095191957,0.8515261769294739,7954
0.23632822930812836,0.7636717677116394,13724
0.7842908501625061,0.21570913791656493,17283
0.35198792815208435,0.6480120658874512,3998
0.8422683477401733,0.15773166418075563,32884
0.3888984560966492,0.6111015439033508,55987
0.4411472737789154,0.5588526964187622,70600
0.24412353336811066,0.7558764457702637,36603
0.3734291911125183,0.6265707969665527,38240
0.1690943121910095,0.8309056639671326,70906
0.32679473161697387,0.6732052326202392,4476
0.5215931713581086,0.47840684056282046,1946
0.48875253200531005,0.5112474918365478,39798
0.7129093289375306,0.2870906382799149,69330
0.45396569967269895,0.546034288406372,31045
0.17589146494865418,0.8241085410118103,8318
0.48216964602470397,0.5178303360939026,19633
0.16489444375038148,0.835105562210083,2321
0.15825366079807282,0.8417463779449463,14149
0.8844562411308289,0.11554374694824218,42602
0.7228264212608337,0.2771735668182373,8507
0.7715367674827576,0.22846322655677795,34578
0.6352649569511414,0.3647350609302521,28010
0.6269424438476563,0.3730575442314148,38386
0.07877493500709534,0.9212250709533691,42512
0.22495401799678802,0.7750459909439087,23495
0.10010465979576111,0.8998953580856324,13400
0.7899783968925476,0.21002160012722015,4636
0.2773714452981949,0.7226285696029663,26427
0.855705988407135,0.14429402947425843,47071
0.16888782382011414,0.8311122059822083,13580
0.4504113793373108,0.5495886445045471,23700
0.2631032407283783,0.7368967652320861,40868
0.40261270403862,0.5973873019218445,5855
0.3943421900272369,0.6056578397750855,55443
0.7332196593284607,0.2667803347110748,51662
0.4562968730926514,0.5437031030654907,37530
0.13733199387788772,0.862667977809906,73641
0.8412450671195983,0.1587549328804016,40099
0.42102221846580506,0.5789777874946594,16126
0.3086208999156952,0.6913791179656983,74456
0.4073468029499054,0.5926531791687012,14486
0.5866157531738281,0.4133842408657074,27556
0.1903028517961502,0.8096971273422241,45035
0.20208718180656432,0.7979128241539002,19141
0.5295579552650451,0.4704420447349548,50402
0.6912509560585022,0.3087490200996399,62211
0.8585714221000671,0.1414285868406296,54930
0.6020305752754211,0.39796942472457886,48238
0.6154836177825928,0.3845164060592651,37726
0.364653080701828,0.6353469252586365,28684
0.5830219030380249,0.4169780731201172,29579
0.26703566014766694,0.7329643249511719,23159
0.5047221779823303,0.4952777922153473,68784
0.12962329834699632,0.870376706123352,34231
0.5675126791000367,0.43248732686042785,24700
0.6760037422180176,0.323996239900589,58296
0.7959964990615844,0.20400350093841552,56494
0.5233565509319306,0.4766434371471405,31686
0.3302024185657501,0.6697975516319274,69575
0.3195278882980347,0.6804721236228943,53621
0.6007829904556274,0.399217015504837,29763
0.15574588179588317,0.8442541241645813,24623
0.13342934250831603,0.8665706515312195,60691
0.36922762989997865,0.6307723641395568,31788
0.630761981010437,0.36923798322677615,42266
0.6194559454917907,0.3805440664291382,45917
0.48547746539115905,0.5145225286483764,72585
0.47438561320304873,0.5256144165992737,14402
0.5175620794296265,0.4824379444122314,8992
0.7946539163589478,0.20534608960151673,72150
0.6536322951316833,0.34636768102645876,62109
0.2534710645675659,0.746528959274292,39458
0.4850113093852997,0.5149886965751648,36731
0.64660564661026,0.35339434146881105,61857
0.35500405430793763,0.6449959397315979,51592
0.8223930120468139,0.17760698795318602,19873
0.4965543866157532,0.5034456074237823,65608
0.7517689228057861,0.24823107719421386,5861
0.35519789457321166,0.6448021173477173,42473
0.4475446820259094,0.5524553418159485,36551
0.8409594535827637,0.15904056429862976,69780
0.5141845166683197,0.4858154892921448,7996
0.6392936825752258,0.36070629954338074,2256
0.4402542769908905,0.5597457408905029,12025
0.20228923261165618,0.7977107763290405,50473
0.4893621623516083,0.5106378316879272,31129
0.41123364567756654,0.5887663722038269,37196
0.2799870610237122,0.7200129389762878,37615
0.7653326272964478,0.23466737568378448,25807
0.5120545268058777,0.4879454791545868,69406
0.6448206543922425,0.35517934560775755,14833
0.07029102593660355,0.9297090172767639,10537
0.4040768563747406,0.595923125743866,64992
0.7116527557373047,0.28834726810455324,31906
0.22925615906715394,0.7707438230514526,36307
0.5293385446071625,0.47066143751144407,57614
0.7967672109603882,0.2032327711582184,51275
0.2537548393011093,0.7462451457977295,62351
0.41151553988456724,0.5884844660758972,937
0.28089590072631837,0.7191041111946106,32878
0.4721297979354858,0.5278702139854431,12703
0.6020982027053833,0.39790180921554563,28909
0.37245270013809206,0.627547311782837,74174
0.30630764961242674,0.6936923503875733,20604
0.4014644265174866,0.5985355854034424,35348
0.5561441898345947,0.4438558280467987,73913
0.8984697103500366,0.10153030008077621,26591
0.20179081857204437,0.7982091903686523,68153
0.29468182325363157,0.7053181767463684,58870
0.5723838806152344,0.4276161253452301,28903
0.7969456434249877,0.2030543267726898,43706
0.4138715624809265,0.5861284732818604,72666
0.647856330871582,0.35214364528656006,53389
0.580480420589447,0.4195196032524109,37155
0.78497314453125,0.21502685546875,51686
0.9111046195030212,0.08889540433883666,54483
0.6376458883285523,0.36235411167144777,51251
0.19211401045322418,0.8078859806060791,1535
0.5527714729309082,0.44722853899002074,55856
0.5988165497779846,0.4011834442615509,27880
0.7308120369911194,0.2691879361867905,8442
0.3177329242229462,0.6822670817375183,62587
0.5995064854621888,0.4004935085773468,26603
0.325985050201416,0.674014949798584,25741
0.45668342113494875,0.5433165907859803,51736
0.18869159519672393,0.8113084077835083,26212
0.43442174792289734,0.565578281879425,70873
0.5839007735252381,0.4160992383956909,10325
0.2509613573551178,0.7490386605262757,9667
0.19884535372257234,0.801154637336731,34521
0.4956244885921478,0.5043755173683167,37645
0.4880560219287872,0.5119440138339997,48623
0.3180645227432251,0.6819354653358459,39091
0.6266721248626709,0.37332791090011597,46664
0.4707469940185547,0.5292530119419098,39260
0.8472165107727051,0.15278351455926895,63005
0.4852165222167969,0.5147834837436676,66383
0.2073095679283142,0.7926904201507569,34706
0.38107160925865174,0.6189283967018128,44402
0.6368934392929078,0.36310654878616333,42931
0.5543028831481933,0.4456971108913422,50108
0.3604736864566803,0.6395262956619263,57181
0.7879022479057312,0.21209777295589446,17363
0.5937376022338867,0.4062623977661133,41307
0.08181360214948655,0.9181864142417908,46652
0.05614452287554741,0.9438554525375367,3525
0.17305300235748292,0.8269469857215881,66615
0.12259253412485123,0.8774074673652649,54740
0.46007444262504577,0.5399255752563477,16825
0.7154002666473389,0.28459973335266114,53971
0.37630796432495117,0.6236920237541199,22711
0.5672077775001526,0.43279220461845397,29235
0.3981026768684387,0.6018973231315613,19422
0.35928972959518435,0.6407102942466736,72457
0.287076735496521,0.712923276424408,18554
0.404787415266037,0.5952126145362854,35972
0.49427059292793274,0.5057294309139252,59422
0.6687806367874145,0.33121933341026305,40633
0.46346794366836547,0.5365320324897767,34911
0.6929399728775024,0.30706003308296204,34171
0.35289694666862487,0.6471030592918396,34094
0.6837918162345886,0.3162082076072693,34081
0.3217745959758759,0.6782253980636597,25987
0.532175087928772,0.4678249001502991,47132
0.3981032967567444,0.6018966794013977,23316
0.5628905534744263,0.4371094584465027,18439
0.4625085353851318,0.5374914765357971,19579
0.4097550094127655,0.5902449727058411,41269
0.6102607131004334,0.3897392570972443,67130
0.16643208563327788,0.8335678935050964,56083
0.8552340149879456,0.1447660058736801,54231
0.5014023959636689,0.49859758615493777,8580
0.1662030965089798,0.8337969064712525,59788
0.5042524695396423,0.4957475244998932,19724
0.3939081966876984,0.6060917973518372,8043
0.6880768895149231,0.31192312836647035,18365
0.6078011393547058,0.39219885468482973,6485
0.5041774868965149,0.49582250118255616,61252
0.6886992812156677,0.31130072474479675,61620
0.1676101267337799,0.8323898553848267,69353
0.5879764318466186,0.41202354431152344,2061
0.665510606765747,0.33448939919471743,39690
0.10651117116212845,0.8934888243675232,19911
0.5760336637496948,0.42396633625030516,2339
0.5222379088401794,0.47776210904121397,59706
0.7114228248596192,0.28857718110084535,47256
0.3375323235988617,0.6624677062034607,23161
0.44720332622528075,0.5527966976165771,60516
0.0867933213710785,0.913206684589386,55301
0.4166063666343689,0.5833936214447022,63388
0.2678215891122818,0.7321784138679505,45945
0.07982075959444046,0.9201792359352112,16234
0.7033983111381531,0.296601676940918,56427
0.19406113028526306,0.8059388518333435,49527
0.6151529908180237,0.38484700918197634,41142
0.3235041081905365,0.6764958739280701,36750
0.13849819153547288,0.8615017771720886,47133
0.48032370805740354,0.5196763157844544,72387
0.49218933582305907,0.5078106641769409,32112
0.49893890619277953,0.501061075925827,72850
0.6272337555885314,0.37276623845100404,65555
0.6454347848892212,0.35456520318984985,33197
0.3365671753883362,0.6634328007698059,23214
0.7961460232734681,0.20385397970676422,40496
0.7223678231239319,0.2776321768760681,55682
0.8088289022445678,0.19117110669612886,36464
0.44901288151741026,0.5509871125221253,57959
0.14203936755657195,0.8579606175422668,14711
0.16250789761543274,0.8374920964241028,70587
0.507657241821289,0.49234274625778196,18894
0.754831063747406,0.24516891241073607,58217
0.4113394558429718,0.5886605501174926,24139
0.7893019795417786,0.21069801449775696,35132
0.3297598481178284,0.6702401280403137,48190
0.3462912440299988,0.6537087440490723,72739
0.5451629161834717,0.45483707785606386,3002
0.20534718334674834,0.794652807712555,74356
0.4392915010452271,0.5607084989547729,61471
0.314155238866806,0.6858447670936585,36685
0.2979793965816498,0.7020205855369568,43591
0.29212312698364257,0.7078768610954285,68209
0.33417523503303526,0.6658247590065003,45190
0.3520197331905365,0.6479802608489991,36442
0.44935622811317444,0.5506437540054321,63697
0.2321349114179611,0.7678650736808776,21861
0.383984112739563,0.6160158634185791,41682
0.11614713817834854,0.8838528752326965,40183
0.46100625991821287,0.5389937400817871,46005
0.6804848790168763,0.3195151090621948,3703
0.7375385761260986,0.26246142387390137,26381
0.3525524377822876,0.6474475622177124,52267
0.6167686820030213,0.3832313060760498,25714
0.5788511991500854,0.42114880681037903,33552
0.8949414253234863,0.10505856722593307,7169
0.8588982224464417,0.14110175967216493,837
0.11183002591133118,0.8881700038909912,22929
0.2922573506832123,0.7077426552772522,49605
0.5788528919219971,0.42114715576171874,964
0.5219049334526062,0.4780950427055359,35770
0.4217126727104187,0.5782873034477234,71917
0.55336434841156,0.4466356456279755,37116
0.6009428381919861,0.39905717968940735,26622
0.6484562993049622,0.35154369473457336,56288
0.924581789970398,0.07541821002960206,3243
0.8491888761520385,0.15081112682819367,35989
0.1521799236536026,0.8478201150894165,36462
0.584557032585144,0.415442967414856,54978
0.44577689170837403,0.5542231321334838,40440
0.4575230121612549,0.5424769639968872,16423
0.2573686182498932,0.7426313638687134,16963
0.4380927324295044,0.5619072556495667,70079
0.5640034079551697,0.4359965682029724,31728
0.07091141641139984,0.929088580608368,66860
0.18922042846679688,0.810779583454132,19748
0.5668159008026123,0.4331840813159943,28406
0.25784178972244265,0.7421582102775574,15344
0.1699316382408142,0.8300683498382568,4412
0.4243005931377411,0.5756994009017944,63057
0.6900034308433532,0.3099965512752533,8773
0.6004564523696899,0.39954357147216796,37145
0.37211408615112307,0.6278859138488769,29649
0.18839821815490723,0.8116017699241638,26751
0.7496397495269775,0.2503602594137192,42533
0.642543351650238,0.3574566185474396,13091
0.4542343556880951,0.5457656383514404,14045
0.24330544471740723,0.7566945552825928,24759
0.279132205247879,0.7208677887916565,68078
0.3552520453929901,0.6447479367256165,15852
0.4877468168735504,0.512253201007843,63368
0.17427495121955872,0.8257250308990478,51817
0.2735604286193848,0.7264395952224731,29312
0.18291817903518676,0.8170818328857422,48097
0.13863269686698915,0.8613672852516174,57306
0.3182475924491882,0.6817524075508118,37944
0.7415760397911072,0.25842393934726715,30646
0.6586129546165467,0.3413870096206665,45650
0.26972000002861024,0.7302799940109252,33264
0.5302757143974304,0.46972428560256957,60177
0.43427774906158445,0.5657222390174865,49759
0.891571831703186,0.10842818468809128,73520
0.5562897324562073,0.4437102437019348,63242
0.7384902119636536,0.26150979697704313,11536
0.6039183139801025,0.3960817039012909,26560
0.8806279301643372,0.11937207281589508,28882
0.8298944711685181,0.17010553181171417,40090
0.7664983749389649,0.23350161612033843,8161
0.263336768746376,0.7366631984710693,22080
0.67248455286026,0.32751545310020447,10408
0.46713052988052367,0.5328694701194763,44506
0.6736205339431762,0.32637945413589475,5443
0.4313248097896576,0.5686751723289489,30440
0.37911545634269717,0.6208845615386963,5014
0.7345567107200622,0.26544328033924103,35622
0.32317227125167847,0.6768277049064636,10090
0.3736099362373352,0.6263900637626648,31895
0.29374778270721436,0.7062522172927856,27616
0.7057665467262269,0.29423345923423766,62282
0.25361701250076296,0.7463829994201661,3289
0.5041562557220459,0.495843768119812,47679
0.10937216281890869,0.8906278491020203,54816
0.16593544483184813,0.8340645432472229,22377
0.3675616681575775,0.6324383735656738,69241
0.5161803483963012,0.4838196516036987,40615
0.7684935331344604,0.23150645792484284,70610
0.38110544085502623,0.6188946008682251,30527
0.5465484023094177,0.45345160365104675,57051
0.5441372513771057,0.4558627545833588,46861
0.5060726523399353,0.4939273536205292,35679
0.5953819155693054,0.40461809039115904,36630
0.4171561121940613,0.5828438639640808,19621
0.4485995590686798,0.5514004468917847,36866
0.42774186134338377,0.5722581386566162,71927
0.32200307250022886,0.6779969334602356,9684
0.6215869545936584,0.3784130275249481,56200
0.5112815022468566,0.48871848583221433,9250
0.5817815780639648,0.4182184040546417,28874
0.4870403826236725,0.512959611415863,40294
0.6603911995887757,0.339608770608902,70159
0.8744691133499145,0.12553087174892424,17492
0.8474878072738647,0.15251220166683196,62805
0.07684038430452347,0.9231596112251281,5513
0.9136751770973206,0.08632486611604691,40174
0.624978530406952,0.3750214517116547,53886
0.3386101484298706,0.6613898754119873,17932
0.10183025747537613,0.89816974401474,42607
0.1959007650613785,0.8040992140769958,23589
0.5564468979835511,0.44355311393737795,28720
0.47983257174491883,0.5201674401760101,52610
0.7087329626083374,0.2912670075893402,59499
0.7330836772918701,0.2669163286685944,41637
0.39913688898086547,0.6008631110191345,13626
0.11893036216497421,0.8810696482658387,7330
0.21964507102966307,0.7803549528121948,52885
0.6869697093963623,0.31303030252456665,34909
0.6547181248664856,0.3452818751335144,62722
0.3418105185031891,0.6581894755363464,21175
0.7434403419494628,0.25655969977378845,22521
0.08646820932626724,0.9135318040847779,59557
0.20228423476219176,0.7977157831192017,10674
0.41578164100646975,0.5842183709144593,44690
0.6912024140357971,0.30879758596420287,31963
0.26453479528427126,0.7354651808738708,35479
0.6418538928031922,0.35814613103866577,56389
0.28376689553260803,0.7162330985069275,67038
0.8526831030845642,0.1473169058561325,56870
0.8708582639694213,0.1291417196393013,39392
0.6815222144126892,0.3184777796268463,55801
0.23680950105190277,0.7631905198097229,13610
0.6835655450820923,0.31643449068069457,49062
0.6009919881820679,0.3990080416202545,72813
0.33874793648719786,0.6612520575523376,46842
0.20003533363342285,0.7999646425247192,49504
0.3476856887340546,0.652314281463623,8333
0.10873166918754577,0.8912683725357056,7278
0.5947871446609497,0.4052128612995148,57225
0.185492604970932,0.8145073890686035,17837
0.8151344776153564,0.18486553728580474,14403
0.42831205725669863,0.5716879367828369,63514
0.8981232643127441,0.10187671780586242,47864
0.5777422070503235,0.4222577750682831,2285
0.14999718368053436,0.8500028133392334,8249
0.8720324635505676,0.12796755135059357,4233
0.1773138791322708,0.8226861119270324,49576
0.11257925182580948,0.8874207496643066,52825
0.2321641594171524,0.7678358674049377,26317
0.8757332921028137,0.12426671832799911,34904
0.38540823459625245,0.6145917654037476,3201
0.46762452125549314,0.5323754668235778,27699
0.5397537827491761,0.460246205329895,2723
0.4511683166027069,0.5488316774368286,10572
0.18491921126842498,0.8150807619094849,53363
0.4926851987838745,0.5073147892951966,18192
0.9071477651596069,0.09285226613283157,21429
0.34598627090454104,0.65401371717453,35730
0.298500257730484,0.7014997363090515,40714
0.37822737693786623,0.6217726349830628,19923
0.7742300987243652,0.22576990723609924,2593
0.367166006565094,0.632834005355835,37457
0.4811392843723297,0.5188607096672058,5995
0.1684013217687607,0.8315986752510071,72198
0.7082824468612671,0.29171754121780397,59370
0.5282011032104492,0.4717989146709442,20773
0.5212502241134643,0.4787497460842133,12825
0.4292980968952179,0.5707019090652465,32049
0.5975478649139404,0.4024521470069885,33932
0.8424081325531005,0.1575918674468994,4991
0.15090925395488738,0.8490907311439514,30034
0.21895645260810853,0.781043541431427,71454
0.679927921295166,0.32007208466529846,8677
0.8362672448158264,0.16373277604579925,53847
0.43244771361351014,0.5675522923469544,43429
0.48293890357017516,0.5170611262321472,47678
0.3899733543395996,0.6100266575813293,68343
0.5200049042701721,0.4799950957298279,34934
0.20790632367134093,0.7920936703681946,18906
0.2800466537475586,0.7199533462524415,31736
0.3288479149341583,0.6711520910263061,16332
0.6732619404792786,0.3267380714416504,40306
0.8092888593673706,0.19071112275123597,15531
0.7075967669487,0.29240325689315794,47369
0.508265632390976,0.4917343854904175,36858
0.6706896424293518,0.32931033372879026,8474
0.4842102348804474,0.5157897591590881,69196
0.7713364720344543,0.22866350412368774,11528
0.38636094331741333,0.6136390447616578,44808
0.5422603249549866,0.45773968696594236,53235
0.20707956552505494,0.7929204344749451,34780
0.1082129254937172,0.8917870879173279,26600
0.43268194794654846,0.5673180341720581,45004
0.8957565784454345,0.1042434349656105,3027
0.8549156665802002,0.1450843408703804,64263
0.5557335376739502,0.4442664623260498,10756
0.46375319361686707,0.5362468123435974,45377
0.8148652195930481,0.1851347416639328,21551
0.721709942817688,0.27829004526138307,20453
0.38716796040534973,0.6128320217132568,72622
0.07567446082830429,0.9243255257606506,47991
0.5387999475002289,0.4612000584602356,14297
0.5643026947975158,0.4356972873210907,33286
0.9247060775756836,0.07529391199350358,59794
0.5489295840263366,0.45107042193412783,61418
0.9163365840911866,0.08366344422101975,58378
0.6277894496917724,0.3722105801105499,52153
0.6598422169685364,0.3401577651500702,14091
0.3465681910514832,0.6534318327903748,1732
0.22274700403213502,0.7772529721260071,7279
0.4174780547618866,0.5825219511985779,67147
0.2013867974281311,0.7986132025718689,61951
0.8376746416091919,0.16232536137104034,442
0.5671124339103699,0.432887601852417,39818
0.2509965360164642,0.7490034699440002,19225
0.7491076707839965,0.25089234709739683,60838
0.4976408362388611,0.5023592054843903,20004
0.575464129447937,0.42453588247299195,13246
0.4196098387241364,0.5803901672363281,631
0.5131659388542176,0.4868340134620667,37242
0.5816453099250793,0.4183546781539917,68972
0.7071774721145629,0.29282251596450803,50437
0.1630799204111099,0.8369200825691223,32352
0.2591110557317734,0.7408889412879944,3351
0.5757413148880005,0.42425870299339297,13827
0.7578445911407471,0.24215539991855622,16065
0.6326442956924438,0.3673557281494141,51523
0.3237291157245636,0.676270866394043,67549
0.31463987231254575,0.6853601455688476,11754
0.6975869417190552,0.3024130821228027,11273
0.8320185780525208,0.1679813891649246,39395
0.9124177694320679,0.08758224546909332,55778
0.476743620634079,0.5232563972473144,19124
0.5441761255264282,0.4558238685131073,50136
0.5099115371704102,0.4900884389877319,50366
0.8234052538871766,0.1765947163105011,48998
0.47863796949386594,0.521362042427063,65175
0.6727677583694458,0.32723226547241213,22182
0.4633944869041443,0.5366055428981781,12841
0.6904187679290772,0.30958123207092286,66261
0.5965630769729614,0.40343695878982544,32985
0.5382749557495117,0.4617250204086304,38402
0.08160709589719772,0.9183929324150085,26237
0.2069554567337036,0.7930445194244384,2299
0.7517366290092469,0.24826336205005645,71029
0.7940745115280151,0.20592547953128815,6758
0.8758654832839966,0.1241345152258873,43179
0.7720099806785583,0.22798999547958373,25142
0.6314780831336975,0.368521910905838,772
0.30477213859558105,0.695227861404419,47723
0.6762052178382874,0.3237947583198547,49370
0.8543296813964844,0.14567029774188994,5448
0.3402174174785614,0.6597825646400451,7226
0.20183733701705933,0.7981626629829407,41208
0.6578835129737854,0.3421164691448212,31393
0.506074321269989,0.49392569065093994,6431
0.11598372757434845,0.8840162515640259,37010
0.5824160933494568,0.41758389472961427,4610
0.29280477166175845,0.707195234298706,72979
0.47068615555763244,0.5293138504028321,26714
0.17589155733585357,0.8241084456443787,6427
0.5423985838890075,0.45760140419006345,42060
0.5291935563087463,0.4708064436912537,11762
0.1305716559290886,0.8694283366203308,26447
0.20355521142482758,0.7964447736740112,3768
0.6761283874511719,0.3238716185092926,11674
0.5802542448043824,0.41974576115608214,35088
0.5518461883068084,0.44815378189086913,63086
0.30845276117324827,0.6915472388267517,50488
0.6071199774742126,0.3928800463676453,40995
0.6043638944625854,0.3956361174583435,37105
0.5398563027381897,0.4601436913013458,26436
0.8131298184394836,0.1868701696395874,27475
0.3789964854717255,0.621003532409668,12155
0.47978631854057313,0.5202137172222138,41931
0.24311797320842743,0.7568820118904114,24320
0.6727803587913513,0.3272196531295776,51822
0.9201325654983521,0.07986741811037064,14514
0.5919967651367187,0.4080032408237457,24028
0.5791365742683411,0.4208634555339813,32638
0.49425498247146604,0.5057450115680695,52239
0.6505638957023621,0.3494361162185669,37140
0.20702601373195648,0.7929740071296691,63649
0.4070184826850891,0.5929815292358398,37414
0.7985801100730896,0.2014198988676071,32365
0.6394587397575379,0.36054126620292665,48011
0.5847361326217652,0.4152638494968414,49788
0.27786582708358765,0.7221341490745544,71047
0.2433248996734619,0.7566750884056092,42530
0.5024307429790497,0.49756925702095034,4347
0.25101950764656067,0.7489805102348328,31867
0.6561686515808105,0.3438313603401184,26483
0.2859456956386566,0.7140542984008789,10114
0.5425818204879761,0.45741817355155945,11731
0.7360149621963501,0.26398503184318545,55300
0.5171206176280976,0.48287937641143797,58700
0.5700502157211303,0.4299498021602631,51057
0.523353785276413,0.4766462087631226,23459
0.889651107788086,0.11034887731075287,1273
0.47719901204109194,0.5228010296821595,69699
0.21756865382194518,0.7824313282966614,19891
0.8430471658706665,0.15695284008979798,12491
0.853709077835083,0.14629091322422028,45308
0.5889206647872924,0.4110793054103851,42337
0.3199575483798981,0.6800424456596375,39874
0.42422582507133483,0.5757741928100586,30657
0.21961469054222107,0.7803853154182434,29038
0.7798668503761291,0.22013314068317413,47740
0.5013180851936341,0.498681902885437,26312
0.6677182078361511,0.33228179812431335,17996
0.5704403042793273,0.429559713602066,27888
0.8950453042984009,0.104954694211483,20666
0.5004063189029694,0.49959367513656616,49020
0.3235372185707092,0.6764627575874329,25704
0.9162625908851624,0.08373743146657944,35998
0.3979996800422668,0.6020003199577332,73188
0.47480379343032836,0.5251962244510651,35968
0.18194515109062195,0.8180548548698425,24185
0.6157072901725769,0.38429269194602966,64101
0.3971706688404083,0.6028293132781982,60268
0.8586940169334412,0.14130596816539764,13485
0.5144315123558044,0.485568505525589,61684
0.6390280246734619,0.36097195744514465,30074
0.6420691609382629,0.35793081521987913,69423
0.5315719246864319,0.46842806935310366,37445
0.11555736660957336,0.8844426512718201,6683
0.10638647973537445,0.8936135292053222,72144
0.5343242764472962,0.46567569971084594,28997
0.6265093088150024,0.3734906792640686,59001
0.14208743274211882,0.8579125761985779,36580
0.6112112879753113,0.38878870010375977,35757
0.17856962084770203,0.8214303970336914,3712
0.6750663757324219,0.3249336123466492,69181
0.3478267252445221,0.6521732807159424,54284
0.43923077583312986,0.5607692241668701,29971
0.5259137272834777,0.4740862786769867,11193
0.6381371736526489,0.3618628144264221,5048
0.44958863854408265,0.5504113912582398,63989
0.4969651401042938,0.5030348598957062,10561
0.5075528442859649,0.492447155714035,44948
0.22788025736808776,0.7721197247505188,39966
0.18733593821525574,0.8126640439033508,40207
0.7247518420219421,0.2752481460571289,51584
0.3185044229030609,0.6814956068992615,14501
0.3735297203063965,0.6264702677726746,400
0.5393684566020965,0.46063151955604553,42118
0.672195315361023,0.3278047025203705,8421
0.6477635264396667,0.3522364556789398,35469
0.30422985553741455,0.6957701563835144,11763
0.477366578578949,0.5226334452629089,9000
0.9196187496185303,0.08038124293088914,42211
0.3376275420188904,0.6623724341392517,13766
0.698936116695404,0.30106388330459594,8865
0.2751288920640945,0.7248711228370667,59244
0.33103589415550233,0.6689641118049622,54017
0.4234140753746033,0.5765859484672546,49147
0.1792288154363632,0.8207711935043335,45327
0.19437550604343415,0.8056245088577271,20221
0.6353484153747558,0.3646515965461731,3564
0.18517675697803498,0.8148232460021972,44266
0.642677617073059,0.35732240080833433,20183
0.36233592629432676,0.6376640677452088,17815
0.14912813007831574,0.8508718609809875,59336
0.470397812128067,0.5296021938323975,57642
0.33664640188217165,0.6633535981178283,60365
0.09224726855754853,0.9077527165412903,64623
0.5817924499511719,0.4182075381278992,41252
0.42796267867088317,0.5720373153686523,12827
0.7585948705673218,0.24140512347221374,129
0.5475565314292907,0.45244349241256715,68318
0.44771693348884584,0.5522830843925476,63127
0.19648682475090026,0.8035132050514221,4294
0.20532639622688292,0.7946735978126526,55611
0.5964989185333252,0.4035010814666748,51019
0.569201934337616,0.4307980716228485,68031
0.6581538438796997,0.3418461322784424,39560
0.45130842328071596,0.5486915826797485,7201
0.7439596772193908,0.25604026913642886,28792
0.644041097164154,0.3559589087963104,61768
0.08563146740198135,0.9143685221672058,53456
0.23752863705158234,0.7624713897705078,44702
0.7906950831413269,0.20930492281913757,59611
0.15974232256412507,0.8402577042579651,381
0.918611478805542,0.08138851076364517,56618
0.5111966848373413,0.4888033092021942,50467
0.5231862664222717,0.47681373357772827,18435
0.5572975754737854,0.44270241260528564,49202
0.6551682353019714,0.344831770658493,24765
0.7848975181579589,0.21510247886180878,37292
0.9466491103172302,0.053350879997015,39903
0.8275936722755433,0.17240632176399232,72955
0.5914152145385743,0.4085847795009613,64122
0.516504830121994,0.4834951519966125,21131
0.41741849184036256,0.5825815081596375,60561
0.17070507109165192,0.8292949557304382,19995
0.4980631828308105,0.5019368171691895,38902
0.16298324167728423,0.837016761302948,51481
0.8392289876937866,0.16077099740505219,24207
0.8010986089706421,0.19890139997005463,55511
0.7553423523902894,0.24465767443180084,13275
0.312774133682251,0.687225878238678,28448
0.6240978002548218,0.37590219974517824,3560
0.30807076692581176,0.6919292211532593,28604
0.7072888255119324,0.2927111566066742,5449
0.6848915815353394,0.3151083946228027,16163
0.3718178510665894,0.6281821370124817,38046
0.46368865966796874,0.5363113641738891,4158
0.6007269978523254,0.3992730021476746,53082
0.6881014108657837,0.31189862489700315,13039
0.23459851145744323,0.7654015064239502,26957
0.41101552844047545,0.588984489440918,23552
0.19802166521549225,0.801978349685669,64816
0.5313365817070007,0.4686634063720703,11662
0.5815422296524048,0.41845775842666627,43741
0.40031840801239016,0.5996815800666809,68847
0.31346315741539,0.6865368485450745,39157
0.5081654965877533,0.4918344795703888,53114
0.5730424404144288,0.42695754766464233,35398
0.343654191493988,0.6563457489013672,16232
0.6572113513946534,0.3427886426448822,54224
0.702525007724762,0.2974749982357025,697
0.11470494121313095,0.8852950811386109,46783
0.7450293183326722,0.2549706965684891,28349
0.5592083930969238,0.4407916128635406,29396
0.7730464696884155,0.22695354819297792,67439
0.7028748273849488,0.29712520241737367,27437
0.8974437713623047,0.10255621373653412,50996
0.6301859378814697,0.36981405019760133,56390
0.19844617545604706,0.8015538096427918,37991
0.3667056024074554,0.6332943797111511,73712
0.2504128575325012,0.7495871543884277,52251
0.4802771508693695,0.519722855091095,44623
0.9287092685699463,0.07129073292016982,12285
0.5743253111839295,0.425674694776535,254
0.6246962666511535,0.37530370950698855,24329
0.24547821581363677,0.7545217633247375,70284
0.16773852407932283,0.8322614789009094,74291
0.41702603101730346,0.5829739689826965,633
0.19128770530223846,0.8087123036384583,33697
0.6854056000709534,0.31459439396858213,8704
0.3092868149280548,0.6907131791114807,53659
0.8103045582771301,0.18969545960426332,46275
0.8709884643554687,0.12901154905557632,32618
0.5604403138160705,0.43955969214439394,9519
0.5116040885448456,0.48839591145515443,18849
0.8609892964363098,0.13901072591543198,64614
0.8920002341270447,0.10799979716539383,46001
0.39373619556427003,0.606263792514801,18717
0.5794760584831238,0.4205239534378052,12991
0.9038003802299499,0.09619962424039841,43132
0.8855087041854859,0.11449130475521088,64248
0.2606333076953888,0.7393667221069335,65079
0.6730360984802246,0.3269639194011688,25372
0.5639879107475281,0.4360120952129364,13448
0.4577897787094116,0.5422102212905884,69106
0.4645007848739624,0.5354992151260376,29083
0.8670155286788941,0.132984459400177,39886
0.6208691120147705,0.3791308760643005,29178
0.5590768694877625,0.440923148393631,43219
0.45181838870048524,0.5481816172599793,9074
0.42250293493270874,0.5774970650672913,66762
0.605929148197174,0.3940708041191101,62136
0.5132493138313293,0.4867506563663483,44525
0.29373534917831423,0.7062646985054016,69237
0.4081631004810333,0.5918368816375732,53382
0.6780238032341004,0.3219762027263641,56069
0.6815443754196167,0.3184556126594543,52997
0.1367700219154358,0.8632299900054932,62923
0.35713701248168944,0.6428630113601684,5736
0.24779001474380494,0.7522099494934082,22351
0.2819604516029358,0.7180395483970642,29051
0.5076968967914581,0.49230310320854187,49904
0.6514364957809449,0.3485635340213776,32158
0.9238857746124267,0.07611423879861831,28200
0.37070472836494445,0.629295265674591,39685
0.08051684200763702,0.9194831848144531,48297
0.20032914876937866,0.7996708273887634,14193
0.09450191408395767,0.9054980874061584,12326
0.7301323771476745,0.26986760795116427,49519
0.5856895685195923,0.4143104612827301,7402
0.5649849653244019,0.43501505851745603,54042
0.43993298411369325,0.5600670218467713,36859
0.4258625090122223,0.5741374969482422,21599
0.7103943943977356,0.28960559964179994,10661
0.14817523956298828,0.8518247365951538,33590
0.4702144801616669,0.5297855019569397,29609
0.4312256217002869,0.5687743782997131,57293
0.2138632506132126,0.7861367464065552,11942
0.23073990345001222,0.7692600965499878,24585
0.37639816403388976,0.6236018180847168,16356
0.5300828337669372,0.46991718411445615,66903
0.3539269745349884,0.6460729956626892,14557
0.8863994836807251,0.11360052824020386,45246
0.17677826285362244,0.823221743106842,72280
0.7994384527206421,0.20056155622005462,12507
0.24885377883911133,0.7511462092399597,31031
0.4825071930885315,0.5174928486347199,12901
0.8868427634239197,0.11315724849700928,19488
0.36736106872558594,0.6326389193534852,26183
0.7202563166618348,0.27974370718002317,6425
0.6703421711921692,0.3296578288078308,62792
0.5489049315452575,0.45109506845474245,37934
0.5414638996124268,0.45853610038757325,28325
0.2737955927848816,0.7262043952941895,32326
0.5132776856422424,0.48672227263450624,51417
0.40047010183334353,0.5995299220085144,63546
0.4462535619735718,0.5537464380264282,45562
0.4810233056545258,0.5189766883850098,42804
0.6484042048454285,0.351595801115036,54557
0.2889626622200012,0.7110373497009277,30488
0.4608415484428406,0.5391584515571595,53529
0.42349867820739745,0.5765013098716736,665
0.2884290814399719,0.7115708947181701,33671
0.2251223087310791,0.7748776793479919,40942
0.5993990302085876,0.4006009459495544,38577
0.20992255806922913,0.7900774359703064,2587
0.3203938722610474,0.6796061277389527,28978
0.6386246681213379,0.36137535572052004,34662
0.5027870416641236,0.49721297025680544,44005
0.8887617468833924,0.11123825162649155,14503
0.26498742699623107,0.7350125670433044,60888
0.6295916080474854,0.37040839791297914,16862
0.5580424547195435,0.44195754528045655,10973
0.13338201940059663,0.8666179776191711,29680
0.8830343842506408,0.11696562319993972,10605
0.25681127309799195,0.7431887030601502,59514
0.3315477311611176,0.6684522509574891,58031
0.2898640751838684,0.7101359367370605,6167
0.46283278465270994,0.537167239189148,53066
0.7154107332229614,0.28458927273750306,57938
0.5962799072265625,0.4037200927734375,7181
0.2775301277637482,0.7224698662757874,7542
0.4887187719345093,0.5112812519073486,54218
0.5492001891136169,0.4507997989654541,36
0.8162611722946167,0.18373883664608,59071
0.2287508249282837,0.7712491631507874,65759
0.39027801156044006,0.6097219944000244,39382
0.6203609466552734,0.379639083147049,55215
0.4384061574935913,0.5615938305854797,1261
0.6662957310676575,0.33370429277420044,69000
0.6885362863540649,0.3114637315273285,47984
0.4698318541049957,0.5301681399345398,8823
0.49498282074928285,0.5050171494483948,63192
0.2488688498735428,0.7511311650276185,54811
0.7339619636535645,0.2660380184650421,40190
0.09906773418188095,0.9009322404861451,30897
0.3204248249530792,0.6795752048492432,62378
0.43055556416511537,0.5694444656372071,6650
0.5292736053466797,0.4707263708114624,12348
0.44893396496772764,0.5510660529136657,1639
0.7588775634765625,0.24112244546413422,57131
0.8452618718147278,0.15473813116550444,58545
0.5785320162773132,0.4214679479598999,69019
0.5316297888755799,0.46837023496627805,38810
0.40808194875717163,0.5919180750846863,53146
0.10337848067283631,0.8966215491294861,8591
0.33297857642173767,0.6670214176177979,36370
0.22201778888702392,0.7779822230339051,38076
0.7684614658355713,0.23153850734233855,71885
0.5052229285240173,0.4947770893573761,31597
0.3239220917224884,0.676077926158905,27666
0.14225130379199982,0.8577486872673035,14218
0.603555953502655,0.3964440405368805,39316
0.1993071734905243,0.8006928205490113,12080
0.41577751040458677,0.5842224836349488,5620
0.8558961868286132,0.1441038131713867,30972
0.22249928414821624,0.7775007128715515,72020
0.18853045403957366,0.811469554901123,52141
0.4759294390678406,0.5240705370903015,50785
0.4578183710575104,0.5421816110610962,21455
0.17547315061092378,0.8245268344879151,34309
0.24760282635688782,0.7523971796035767,45738
0.7392942786216736,0.26070572435855865,43815
0.5709612607955933,0.4290387272834778,19765
0.7716246843338013,0.2283753275871277,11505
0.39386074542999266,0.6061392903327942,58527
0.28497896790504457,0.7150210499763489,24897
0.6523401856422424,0.347659832239151,27449
0.6280707597732544,0.3719292521476746,61897
0.39597651958465574,0.6040234804153443,63512
0.6956772446632385,0.30432277321815493,49185
0.5616814851760864,0.43831852078437805,9956
0.508231008052826,0.49176896214485166,39302
0.8276895403861999,0.17231046557426452,12140
0.5596674919128418,0.4403325021266937,1386
0.319220107793808,0.6807799100875854,59996
0.42926708459854124,0.5707328915596008,23265
0.8929866909980774,0.10701331794261933,18088
0.39239763617515566,0.6076023697853088,6703
0.821605634689331,0.17839436531066893,44985
0.626924479007721,0.3730755090713501,73440
0.09796307384967803,0.9020369291305542,5800
0.25147869884967805,0.7485213279724121,64130
0.863773763179779,0.13622622191905975,72901
0.826151442527771,0.17384856641292573,65789
0.4606245577335358,0.5393754482269287,14530
0.5037833392620087,0.4962166309356689,9808
0.2950075566768646,0.7049924492835998,24568
0.638614010810852,0.36138600707054136,3311
0.5627325415611267,0.43726745843887327,15939
0.5006181955337524,0.4993818044662476,13646
0.552567207813263,0.44743276238441465,43749
0.5121166169643402,0.4878833770751953,33117
0.3352421760559082,0.6647578477859497,21335
0.6727498292922973,0.32725015878677366,36288
0.7945601105690002,0.205439892411232,37448
0.39415932893753053,0.6058406710624695,31498
0.3227418720722198,0.6772580981254578,52712
0.6627534389495849,0.3372465789318085,57189
0.7475440740585327,0.25245593786239623,67282
0.5568016648292542,0.4431983411312103,8505
0.35916924476623535,0.6408307790756226,15619
0.8460767507553101,0.15392325222492217,10219
0.34877810478210447,0.6512218952178955,62912
0.6903489351272583,0.30965105891227723,49028
0.6203274607658387,0.3796725332736969,71131
0.5762501358985901,0.4237498760223389,10021
0.2916456818580627,0.7083543062210083,42467
0.4603501081466675,0.5396499037742615,13338
0.7970085859298706,0.20299140512943267,63327
0.37602593898773196,0.623974084854126,15178
0.1711264967918396,0.8288734912872314,40629
0.3204144716262817,0.6795855164527893,56777
0.44935622811317444,0.5506437420845032,1796
0.6568517565727234,0.3431482374668121,12483
0.6414596676826477,0.35854031443595885,18006
0.35983931422233584,0.6401607036590576,58996
0.5360904157161712,0.4639096140861511,31468
0.5797857522964478,0.42021424174308775,45689
0.14432939887046814,0.8556705951690674,38031
0.7731923818588257,0.2268076092004776,66788
0.6294072031974792,0.37059279084205626,1880
0.7419791460037232,0.2580208480358124,49992
0.23806678950786592,0.7619332313537598,61334
0.557016134262085,0.44298386573791504,71629
0.38023468255996706,0.6197653412818909,64416
0.702674150466919,0.2973258674144745,8565
0.8709263563156128,0.1290736347436905,37572
0.6327108979225159,0.3672891020774841,70172
0.6925357103347778,0.3074642837047577,67480
0.48269702196121217,0.5173030018806457,44472
0.8369597792625427,0.1630402535200119,6529
0.2579799622297287,0.742020058631897,35068
0.38290449380874636,0.6170954942703247,32052
0.5587273240089417,0.44127264618873596,23895
0.4207427740097046,0.5792572498321533,18283
0.9156747698783875,0.08432524651288986,49935
0.09360258728265762,0.9063974380493164,46433
0.8958658933639526,0.10413408428430557,41858
0.5903746247291565,0.40962537527084353,61590
0.6475465536117554,0.35245344042778015,22435
0.6589477062225342,0.3410523056983948,35260
0.5325337529182435,0.46746620535850525,34028
0.5716683745384217,0.42833164930343626,21159
0.7340763926506042,0.26592358350753786,28024
0.22133347094058992,0.7786665320396423,5565
0.1521046668291092,0.8478952884674072,49189
0.3989792227745056,0.6010207533836365,57349
0.3877261996269226,0.6122737765312195,39920
0.39864215850830076,0.6013578534126282,62140
0.11432235389947891,0.8856776356697083,4058
0.6065319418907166,0.39346804022789,49282
0.6451499700546265,0.35485000610351564,59842
0.45665456652641295,0.5433454155921936,19678
0.8833454847335815,0.11665454357862473,67881
0.22582614719867705,0.7741738796234131,69513
0.6232849359512329,0.37671507596969606,53764
0.41289594769477844,0.587104058265686,10789
0.1873721808195114,0.8126278162002564,3726
0.500276243686676,0.49972376227378845,51241
0.6231614589691162,0.37683852910995486,28681
0.6498020887374878,0.3501979112625122,21007
0.5275434136390686,0.4724565863609314,56518
0.886816143989563,0.11318386495113372,69598
0.17895239889621734,0.821047556400299,13130
0.3880165994167328,0.6119834184646606,7626
0.5589543461799622,0.4410456657409668,44168
0.3645822465419769,0.6354177713394165,42796
0.20108906030654908,0.798910939693451,55889
0.1944035768508911,0.8055964350700379,47950
0.6315322160720825,0.368467777967453,42272
0.18532846570014955,0.814671540260315,31763
0.6457419633865357,0.3542580246925354,73407
0.5269273459911347,0.47307267785072327,62056
0.6291217684745789,0.37087822556495664,34644
0.35359063744544983,0.6464093208312989,60302
0.4265725791454315,0.5734274029731751,10611
0.4148201525211334,0.5851798176765441,8279
0.709265673160553,0.290734326839447,55261
0.31679831743240355,0.6832016706466675,26011
0.27641481757164,0.7235851645469665,50645
0.42028099298477173,0.5797189950942994,45403
0.21527892649173735,0.7847210764884949,68941
0.47881497740745543,0.5211850225925445,24204
0.7247201204299927,0.2752798795700073,5200
0.7594932794570923,0.24050676226615905,63767
0.5878862619400025,0.41211371421813964,986
0.5005492150783539,0.4994507670402527,37495
0.8997652411460877,0.1002347707748413,1254
0.8478399515151978,0.15216004848480225,34192
0.6475197196006774,0.352480286359787,73072
0.6125658392906189,0.3874341368675232,68456
0.6153525710105896,0.3846474289894104,45329
0.4541142821311951,0.545885705947876,36135
0.5034267008304596,0.49657330513000486,1444
0.3844200909137726,0.615579891204834,68537
0.5028591394424439,0.4971408724784851,1391
0.40770516991615297,0.5922948360443115,64169
0.7731237173080444,0.22687628865242004,53485
0.7181595921516418,0.28184038400650024,1458
0.6766287565231324,0.3233712375164032,23842
0.5622520446777344,0.4377479314804077,20993
0.6642455697059632,0.33575439453125,36585
0.4184196174144745,0.5815804123878479,68659
0.15251730978488923,0.847482693195343,44706
0.6167325854301453,0.3832674205303192,357
0.4908917725086212,0.5091082334518433,41394
0.39814203381538393,0.6018579363822937,30150
0.23003363013267517,0.7699663758277893,61476
0.38747408986091614,0.6125259041786194,47314
0.8667479395866394,0.1332520306110382,45221
0.41219082474708557,0.587809157371521,67508
0.5403486967086792,0.4596512854099274,44022
0.7344345331192017,0.2655654639005661,17724
0.7613521337509155,0.23864785432815552,51372
0.46649636030197145,0.533503669500351,23608
0.5640451431274414,0.43595486879348755,71769
0.8188408374786377,0.18115915954113007,35756
0.41967758536338806,0.5803224205970764,29132
0.33268840312957765,0.6673116087913513,21744
0.2464955061674118,0.7535045266151428,5785
0.42460858821868896,0.5753914475440979,1998
0.6905219197273255,0.30947808623313905,41929
0.795978307723999,0.20402170717716217,40840
0.4657670557498932,0.5342329382896424,10950
0.6861666798591614,0.31383330225944517,30892
0.9417401194572449,0.05825987458229065,67689
0.6258313059806824,0.37416868805885317,71742
0.48923872113227845,0.5107612669467926,27629
0.1304985374212265,0.8695014595985413,8855
0.9050076007843018,0.09499240815639495,56813
0.2764841914176941,0.723515796661377,37573
0.5629240274429321,0.43707595467567445,26145
0.8452545642852783,0.15474545061588288,31610
0.16941722333431244,0.8305827856063843,1172
0.4761359453201294,0.5238640546798706,44413
0.23284022212028505,0.7671597719192504,73391
0.6794954538345337,0.32050456404685973,64957
0.10573425740003586,0.8942657470703125,46274
0.4108578085899353,0.5891421556472778,67786
0.27179848551750185,0.7282014966011048,53546
0.5356411457061767,0.46435885429382323,66547
0.38601996898651125,0.6139800190925598,29175
0.6817947387695312,0.31820525527000426,53771
0.6140657663345337,0.38593427538871766,21091
0.16482510268688202,0.8351748824119568,16865
0.2686172664165497,0.7313827157020569,65051
0.6544257521629333,0.34557424783706664,68287
0.12455688267946244,0.8754431128501892,53606
0.6479291200637818,0.3520708501338959,23286
0.602775764465332,0.39722423553466796,50047
0.8240281224250794,0.175971856713295,19490
0.5809624552726745,0.4190375328063965,1181
0.08881000876426696,0.9111899852752685,47227
0.5874033451080323,0.41259666085243224,35685
0.4198543429374695,0.5801456451416016,47480
0.19518885910511016,0.8048111438751221,21534
0.40432168245315553,0.5956782937049866,57251
0.14438895285129547,0.8556110620498657,51564
0.6819997549057006,0.31800023913383485,27441
0.323656290769577,0.6763436794281006,33773
0.15378306806087494,0.8462169289588928,6212
0.9019418001174927,0.09805817753076554,32614
0.36495828032493594,0.6350417256355285,14189
0.0923062190413475,0.9076937675476074,57860
0.6931143999099731,0.3068855881690979,32591
0.29642473459243773,0.7035752654075622,24050
0.30903902649879456,0.6909609913825989,60570
0.7066876411437988,0.2933123290538788,67324
0.8535066604614258,0.14649332463741302,71855
0.14925256073474885,0.8507474303245545,21011
0.5146558523178101,0.4853441655635834,16736
0.48185166120529177,0.5181483268737793,58594
0.47712584733963015,0.5228741645812989,7979
0.6874365091323853,0.31256347298622134,2296
0.3434796750545502,0.6565203070640564,25450
0.6971325755119324,0.3028674006462097,12951
0.5883214354515076,0.41167856454849244,38155
0.0687902569770813,0.9312097430229187,27531
0.4319121241569519,0.568087887763977,69430
0.5556583523750305,0.444341653585434,67084
0.2060202807188034,0.7939797163009643,2384
0.31210858225822447,0.6878914117813111,72521
0.4825416386127472,0.5174583494663239,18325
0.4672503352165222,0.5327496528625488,64786
0.21738125383853912,0.7826187491416932,43785
0.448231565952301,0.551768445968628,49175
0.2798230588436127,0.7201769471168518,6341
0.18344927132129668,0.8165507555007935,39046
0.5478322744369507,0.4521677136421204,36667
0.28396942019462584,0.7160305976867676,12571
0.5911767601966857,0.4088232159614563,27041
0.3134878635406494,0.6865121483802795,52977
0.6432228565216065,0.35677713751792905,15663
0.4077268600463867,0.5922731637954712,73132
0.20358926355838775,0.7964107394218445,29627
0.5723597168922424,0.4276402831077576,43691
0.21417010426521302,0.7858299136161804,28867
0.8336820244789124,0.16631796061992646,48924
0.6724653124809266,0.32753467559814453,55575
0.5200782179832458,0.4799217820167542,43904
0.3616292059421539,0.6383707642555236,43771
0.5830161213874817,0.4169838786125183,62141
0.38029536604881287,0.6197046518325806,31943
0.49689977765083315,0.5031001746654511,24675
0.6996048569679261,0.30039511919021605,14939
0.3717678487300873,0.6282321572303772,19388
0.44834535121917723,0.5516546487808227,66279
0.34538782835006715,0.6546121597290039,47604
0.603147315979004,0.3968526542186737,9431
0.6343884468078613,0.3656115233898163,37331
0.8936181902885437,0.1063818097114563,53526
0.30938286185264585,0.6906171560287475,20066
0.6254180788993835,0.37458192706108095,52472
0.6849558234214783,0.3150442004203796,26946
0.10333822518587113,0.8966617941856384,50381
0.6443025827407837,0.35569743514060975,51312
0.7269972920417785,0.2730026841163635,68849
0.5883191227912903,0.4116808772087097,68984
0.7958003997802734,0.20419957339763642,39610
0.29576024413108826,0.7042397379875183,6424
0.7758701801300049,0.22412983775138856,47371
0.6148603439331055,0.3851396679878235,20394
0.11919506490230561,0.8808049440383912,72159
0.5484180331230164,0.45158196687698365,4789
0.3801858723163605,0.619814133644104,2387
0.6385695099830627,0.36143048405647277,28643
0.3770737946033478,0.6229262351989746,55707
0.22796049118041992,0.7720394968986511,40295
0.6248736262321473,0.37512637972831725,43709
0.10025026649236679,0.8997497081756591,11987
0.685990309715271,0.314009690284729,37980
0.8157575845718383,0.18424240052700042,9274
0.8282547354698181,0.17174524962902069,29568
0.1874395102262497,0.812560498714447,9203
0.12407245934009552,0.8759275555610657,52522
0.4977215170860291,0.502278470993042,42227
0.47155589461326597,0.5284440994262696,67238
0.15294269323349,0.84705730676651,12488
0.5806377768516541,0.4193622052669525,42470
0.8491581201553344,0.15084188133478166,25917
0.4731845557689667,0.5268154621124268,16165
0.8404280185699463,0.1595720022916794,66369
0.17240433096885682,0.8275956869125366,374
0.5789535522460938,0.42104647755622865,53289
0.18428894579410554,0.8157110571861267,5012
0.46838820576667783,0.5316118359565735,72531
0.7827146768569946,0.2172853171825409,13322
0.8772420406341552,0.12275793701410294,16679
0.6600834727287292,0.3399165213108063,56559
0.3901823043823242,0.6098177075386048,66953
0.14156947433948516,0.8584305286407471,70990
0.684882128238678,0.315117871761322,51171
0.6665073513984681,0.33349266052246096,52363
0.9282616376876831,0.07173839807510377,45008
0.464928662776947,0.5350713014602662,30578
0.6369773983955384,0.36302258968353274,59348
0.5907756567001343,0.40922434329986573,13416
0.15008375644683838,0.8499162435531616,68631
0.8525043845176696,0.14749558866024018,55803
0.76803640127182,0.23196362555027009,67250
0.8515484809875489,0.14845151603221893,72523
0.10893593579530716,0.8910640716552735,29027
0.1437661498785019,0.8562338352203369,30098
0.8728137254714966,0.12718627005815505,7927
0.19480254352092743,0.8051974534988403,53634
0.6275364398956299,0.3724635660648346,54072
0.4337663114070892,0.5662337183952332,36454
0.3680453419685364,0.6319546580314637,61635
0.6075213313102722,0.39247865676879884,21394
0.815939474105835,0.18406052887439728,44217
0.5873443961143494,0.4126555860042572,70311
0.15762926042079925,0.8423707485198975,65203
0.6309030771255493,0.36909693479537964,49754
0.566642415523529,0.43335758447647094,56218
0.4496430516242981,0.5503569722175599,14785
0.6139253735542297,0.38607463240623474,27374
0.555053973197937,0.44494602680206297,41809
0.4575109541416168,0.5424890518188477,12775
0.4866203904151917,0.5133795976638794,12258
0.31227007508277893,0.6877299427986145,72146
0.2708311378955841,0.7291688442230224,47423
0.5823371171951294,0.4176628828048706,66933
0.7810372233390808,0.2189628005027771,66818
0.7883434414863586,0.21165656745433808,10836
0.581768536567688,0.41823144555091857,14967
0.7579445004463196,0.24205553531646729,55062
0.10238397419452668,0.8976160287857056,34167
0.5982718348503113,0.4017281413078308,33919
0.8014365077018738,0.19856348931789397,54598
0.545867097377777,0.4541328907012939,28598
0.5872329592704773,0.41276705265045166,43231
0.5319235682487488,0.4680764377117157,72298
0.5485459923744201,0.45145400762557986,45393
0.42112289667129515,0.5788770914077759,61974
0.49535865187644956,0.5046413898468017,63013
0.7762531518936158,0.22374686002731323,55775
0.3084542632102966,0.6915457487106323,11401
0.943031120300293,0.05696886405348778,53439
0.08204281032085418,0.9179571747779847,13191
0.5625975131988525,0.4374024987220764,54326
0.4982494056224823,0.5017505824565888,63224
0.6264283418655395,0.37357165217399596,67191
0.35138466358184817,0.6486153602600098,49165
0.8081345677375793,0.19186542332172393,58490
0.686292040348053,0.3137079834938049,8298
0.09615563601255417,0.9038443565368652,7042
0.16341040432453155,0.8365895867347717,65968
0.2990537703037262,0.7009461998939515,19850
0.5395944476127624,0.460405570268631,66455
0.45186963081359866,0.5481303572654724,16350
0.7537093997001648,0.24629057943820953,35727
0.6641800403594971,0.33581992983818054,46510
0.670193898677826,0.3298061192035675,31421
0.33231117129325866,0.6676888465881348,9784
0.47587618231773376,0.5241238355636597,40018
0.4016423225402832,0.5983577132225036,7286
0.7380402326583863,0.26195976734161375,59212
0.45617119073867796,0.543828809261322,57364
0.8456535458564758,0.1543464481830597,49163
0.7831433534622192,0.21685665845870972,28838
0.06258982121944427,0.9374101638793946,23306
0.3878206372261047,0.6121793746948242,42235
0.2915171027183533,0.7084828972816467,71356
0.6771986007690429,0.32280136942863463,1350
0.8211658120155334,0.1788341999053955,29420
0.3473662257194519,0.6526337742805481,56057
0.9097172141075134,0.09028277099132538,15573
0.4690905690193176,0.5309093952178955,31784
0.6757154345512391,0.32428457140922545,22836
0.5927084565162659,0.40729153752326963,16049
0.24125058054924012,0.7587494015693664,58049
0.8668745398521424,0.1331254705786705,33820
0.6889391660690307,0.31106082797050477,70706
0.7087480545043945,0.2912519574165344,54932
0.5398218631744385,0.4601781666278839,10194
0.5860254168510437,0.41397457718849184,42088
0.6764249444007874,0.32357504963874817,68493
0.5730974197387695,0.42690258026123046,29668
0.10702169835567474,0.8929782748222351,56065
0.6347246766090393,0.3652753233909607,16870
0.6885385394096375,0.31146144270896914,18957
0.09110940545797348,0.9088905811309814,41502
0.6966849565505981,0.3033150196075439,23762
0.7354973554611206,0.264502626657486,39627
0.2916703552007675,0.7083296298980712,8490
0.7357263088226318,0.26427374184131625,45291
0.8137524008750916,0.1862476199865341,44664
0.5111583590507507,0.48884161114692687,17521
0.9457368612289428,0.054263164103031156,24220
0.5574983835220337,0.44250160455703735,64738
0.46420522332191466,0.5357947826385498,21440
0.0803601861000061,0.9196398138999939,46462
0.11154687851667404,0.8884531259536743,44396
0.5645079135894775,0.4354920446872711,50184
0.5409574270248413,0.4590425729751587,70559
0.39409626722335817,0.605903708934784,60790
0.4715144455432892,0.5284855782985687,63261
0.30188448429107667,0.6981155157089234,61319
0.5357221603393555,0.4642778396606445,9823
0.47635696530342103,0.523643034696579,13184
0.8962601661682129,0.103739795088768,58626
0.47378199696540835,0.5262180209159851,74250
0.7730367302894592,0.22696326076984405,47848
0.14653031527996063,0.853469705581665,63197
0.7026911616325379,0.29730883836746214,67845
0.13316266238689423,0.8668373346328735,40562
0.8134201407432556,0.1865798443555832,22051
0.271581357717514,0.7284186363220215,43637
0.711276400089264,0.2887235939502716,42985
0.5986861228942871,0.40131390690803526,30412
0.7032635569572449,0.2967364490032196,37315
0.5266015529632568,0.4733984529972076,49415
0.4405058860778809,0.5594941139221191,55525
0.46887190341949464,0.5311280965805054,871
0.3849096059799194,0.6150903701782227,33901
0.2923949837684631,0.7076050281524658,54535
0.5544184803962707,0.44558151364326476,60957
0.792474091053009,0.20752592086791993,61964
0.4978848397731781,0.5021151542663574,64694
0.9500916481018067,0.049908347427845,30752
0.6285950660705566,0.37140493988990786,4470
0.06286878660321235,0.9371312141418457,49338
0.593300998210907,0.406699013710022,6294
0.6544885158538818,0.3455114722251892,1170
0.6845301270484925,0.315469890832901,26064
0.15281158983707427,0.847188413143158,61669
0.10712104588747025,0.8928789138793946,60556
0.17413150668144226,0.8258684873580933,17931
0.1876675933599472,0.8123324394226075,55967
0.3464373230934143,0.6535626769065856,68504
0.557776939868927,0.442223060131073,74462
0.7870428442955018,0.21295716166496276,34479
0.7085307240486145,0.29146924018859866,72181
0.42638877034187317,0.5736112117767334,56426
0.6825612425804138,0.3174387812614441,45871
0.4377926766872406,0.5622073173522949,40487
0.507558274269104,0.492441725730896,25892
0.44665477275848386,0.5533452272415161,29162
0.6553887724876404,0.3446112394332886,44769
0.7083082675933838,0.2916917145252228,8866
0.12375144064426422,0.876248562335968,5550
0.5907092928886414,0.40929071307182313,58649
0.5823056936264038,0.41769429445266726,29863
0.7934919357299804,0.2065080940723419,31667
0.43597704768180845,0.5640229344367981,41273
0.2821508198976517,0.7178491830825806,33268
0.20667813420295716,0.7933218717575073,37192
0.14424085319042207,0.8557591438293457,57069
0.8768973112106323,0.12310266941785812,39870
0.3590724587440491,0.6409275531768799,47207
0.5765025734901428,0.4234974026679993,34672
0.36201141476631166,0.6379886031150818,22834
0.12930153757333757,0.8706984519958496,25743
0.28839281797409055,0.7116071581840515,27064
0.5191325843334198,0.48086740970611574,8424
0.699350106716156,0.300649893283844,69012
0.4929457545280457,0.5070542395114899,17116
0.5794382929801941,0.4205617129802704,58843
0.7817223191261291,0.2182776927947998,69943
0.45185600519180297,0.5481440186500549,69931
0.08197643756866455,0.9180235743522644,7001
0.921680748462677,0.0783192366361618,47617
0.7673855662345886,0.2326144516468048,11979
0.36522560715675356,0.6347743988037109,15680
0.4974080562591553,0.5025919198989868,27894
0.6800738334655761,0.3199261903762817,8502
0.8134103775024414,0.18658964931964875,15975
0.6609348297119141,0.33906516432762146,35599
0.5561277031898498,0.44387229084968566,10513
0.11161699444055558,0.8883829832077026,11485
0.4177249431610107,0.5822750329971313,14098
0.16861681640148163,0.8313831806182861,7344
0.6618480920791626,0.3381518840789795,30728
0.47230774760246275,0.5276922702789306,46266
0.821398651599884,0.17860135436058044,46693
0.0980812206864357,0.9019187569618226,8796
0.46170703172683714,0.5382929801940918,755
0.18802149891853331,0.8119784832000733,25656
0.8268725752830506,0.1731274038553238,37407
0.23304167687892913,0.7669583439826966,7781
0.4655376136302948,0.5344623804092408,59942
0.4517025947570801,0.5482973992824555,36400
0.4914571404457092,0.5085428357124329,69062
0.36965903639793396,0.6303409337997437,59599
0.32104095816612244,0.678959047794342,20513
0.5468780279159546,0.45312198996543884,16630
0.7860578894615173,0.21394214034080505,60765
0.39675508737564086,0.603244948387146,20677
0.4309442162513733,0.5690557956695557,24911
0.8883028626441956,0.11169713586568833,59549
0.3519260406494141,0.648073959350586,42264
0.3914241552352905,0.6085758566856384,30156
0.4211778581142426,0.578822135925293,45373
0.6005587458610535,0.39944125413894654,38652
0.43959551453590395,0.5604045033454895,18784
0.7221535801887512,0.27784640789031984,65640
0.3342654049396515,0.665734589099884,54512
0.438519024848938,0.561480987071991,44352
0.4826100766658783,0.5173899471759796,37624
0.36496386528015134,0.6350361466407776,25233
0.6346291780471802,0.3653708338737488,53198
0.5122000396251678,0.4877999722957611,32366
0.11812603622674941,0.8818739295005799,61883
0.7371548056602478,0.2628451943397522,42551
0.07148596495389939,0.928514039516449,67559
0.22803098559379578,0.7719690322875976,38824
0.703918993473053,0.296081018447876,28128
0.48736863136291503,0.5126313626766205,46055
0.5136842250823974,0.48631579279899595,22466
0.1176726683974266,0.8823273181915283,28614
0.6236046075820922,0.37639538049697874,24673
0.3661251425743103,0.6338748574256897,47631
0.5945726633071899,0.4054273247718811,67072
0.5932163834571839,0.40678361654281614,56602
0.4976002275943756,0.5023997545242309,11907
0.30094535946846007,0.6990546226501465,62296
0.4026456654071808,0.5973543405532837,16189
0.9128564953804016,0.08714351803064346,67149
0.47566039562225343,0.5243395984172821,1686
0.2385499358177185,0.7614500641822814,58177
0.1276685804128647,0.8723313927650451,42895
0.6668501973152161,0.33314980268478395,956
0.507054477930069,0.49294553399086,36847
0.5763761520385742,0.4236238241195679,14814
0.5426934361457825,0.4573065459728241,14181
0.8164486765861512,0.18355131149291992,18152
0.5910236358642578,0.4089763522148132,33878
0.13640294075012208,0.8635970473289489,36677
0.6937649369239807,0.3062350332736969,16224
0.19524266421794892,0.8047573208808899,51779
0.525256335735321,0.4747436702251434,69972
0.6141452312469482,0.3858547627925873,13328
0.515017169713974,0.4849828243255615,22226
0.6557751297950745,0.3442248642444611,73497
0.44480761885643005,0.5551923751831055,67014
0.6081057071685791,0.391894257068634,1929
0.15638915002346038,0.8436108231544495,89
0.5734409809112548,0.42655906081199646,55921
0.9216005444526673,0.07839944660663604,13746
0.5085682511329651,0.49143179655075075,73283
0.5514720320701599,0.44852795004844664,30589
0.5652659893035888,0.43473400473594664,1871
0.1611734449863434,0.8388265609741211,66194
0.3449890434741974,0.6550109624862671,67153
0.8828819632530213,0.11711802631616593,47885
0.7073616862297059,0.29263831973075866,56226
0.6574880123138428,0.34251198172569275,4088
0.40082952976226804,0.599170470237732,15999
0.47534152269363406,0.524658477306366,69260
0.4012143909931183,0.5987856149673462,16955
0.8227121591567993,0.1772878110408783,70719
0.35804200172424316,0.6419579982757568,66149
0.5933189511299133,0.4066810429096222,57035
0.92218998670578,0.07781001031398774,44080
0.6459340453147888,0.35406596064567564,72162
0.42398504018783567,0.5760149359703064,9129
0.6070566177368164,0.39294336438179017,6011
0.5185819029808044,0.4814180850982666,15150
0.49137515425682066,0.5086248517036438,50528
0.8287126421928406,0.171287339925766,42506
0.5529186606407166,0.44708133339881895,55380
0.4550364017486572,0.5449635982513428,41247
0.6650582194328308,0.3349417746067047,25057
0.601960289478302,0.39803971648216246,67806
0.34021779894828796,0.6597821712493896,53168
0.3779064953327179,0.6220934867858887,51131
0.5293288946151733,0.4706710875034332,61434
0.26662322878837585,0.7333767890930176,45262
0.39814826250076296,0.6018517494201661,15088
0.41231402158737185,0.5876859843730926,7111
0.4816178798675537,0.5183821141719818,50443
0.10534712076187133,0.8946529030799866,14410
0.5065610945224762,0.4934389054775238,4265
0.4812301158905029,0.518769907951355,6367
0.5368682503700256,0.4631317794322968,68744
0.2436177045106888,0.7563822865486145,58010
0.2932225167751312,0.7067774653434753,28451
0.4878847599029541,0.5121152520179748,20482
0.6067477703094483,0.39325222969055174,9485
0.5035128951072693,0.49648706912994384,11817
0.42508997321128844,0.5749100089073181,16380
0.4392398834228516,0.5607601284980774,69261
0.12123509645462036,0.8787648916244507,23382
0.7536849737167358,0.24631500840187073,42189
0.5079355239868164,0.49206448197364805,37903
0.9334683299064637,0.0665316790342331,40142
0.738218116760254,0.26178187429904937,51150
0.5166694223880768,0.4833305835723877,57944
0.5131672322750092,0.4868327796459198,37987
0.44516306519508364,0.5548369407653808,55710
0.47733153104782106,0.5226684868335724,51836
0.28559066653251647,0.714409327507019,7373
0.64649817943573,0.35350180268287656,52006
0.2143877774477005,0.7856122016906738,46853
0.35876338481903075,0.6412366032600403,26553
0.17771030068397523,0.8222896933555603,6330
0.4640297949314117,0.5359702229499816,49719
0.29489986300468446,0.705100131034851,15952
0.5138057172298431,0.4861943185329437,13040
0.6068336129188537,0.3931663930416107,52660
0.6085498094558716,0.39145019054412844,1520
0.23162013292312622,0.7683798670768738,70602
0.4213296890258789,0.57867032289505,73155
0.7640268921852111,0.23597311079502106,35198
0.7454955458641053,0.25450447797775266,30093
0.8999706149101258,0.1000293880701065,20922
0.7773414015769958,0.22265859544277192,4326
0.5085090219974517,0.49149097204208375,22637
0.07136252373456956,0.9286374688148499,64573
0.2706210434436798,0.7293789625167847,56041
0.5995981097221375,0.4004019021987915,23146
0.09962662607431412,0.9003734111785888,47490
0.23974598050117493,0.7602540254592896,10826
0.682195782661438,0.31780421137809756,27908
0.22471106946468353,0.7752889394760132,43111
0.5621134757995605,0.4378865480422974,50419
0.6227190017700195,0.3772810161113739,28489
0.68942791223526,0.31057204604148864,59297
0.9410796999931336,0.058920254558324815,33246
0.6169158697128296,0.383084112405777,48686
0.2925744831562042,0.7074255347251892,36267
0.8083148956298828,0.191685089468956,23513
0.5855445027351379,0.41445550322532654,1787
0.5485231637954712,0.45147684812545774,43069
0.2953187823295593,0.7046811938285827,57604
0.5952187776565552,0.40478124618530276,41905
0.34755481481552125,0.6524452328681946,32963
0.45122107267379763,0.5487789630889892,73269
0.19840888381004335,0.8015911221504212,40610
0.5488312125205994,0.45116880536079407,56885
0.2682548940181732,0.7317451238632202,22920
0.3618937790393829,0.6381061911582947,1968
0.5490356087684631,0.45096437335014344,72568
0.8203863739967346,0.17961363196372987,73700
0.7389953374862671,0.2610046863555908,35233
0.7091063499450684,0.29089364409446716,53111
0.6535519957542419,0.346448028087616,55092
0.35750959515571595,0.6424904108047486,74420
0.6855404138565063,0.31445958018302916,40662
0.10365356653928756,0.8963464379310608,18719
0.9108113765716552,0.0891886293888092,62561
0.49349926710128783,0.5065006911754608,3109
0.7102999091148376,0.28970007300376893,1656
0.2734577178955078,0.7265422940254211,38803
0.761788260936737,0.23821173310279847,66015
0.8014538645744324,0.1985461264848709,8782
0.5373498320579528,0.4626501977443695,66785
0.6536953926086426,0.3463046133518219,56227
0.49728562831878664,0.5027143895626068,12576
0.894831120967865,0.10516886413097382,27669
0.2497462660074234,0.7502537369728088,49148
0.8895526766777039,0.11044731140136718,19489
0.21302979290485383,0.7869702219963074,31957
0.38308233618736265,0.6169176697731018,68602
0.6500769853591919,0.34992300271987914,13291
0.5776639103889465,0.42233608961105346,70221
0.5172726035118103,0.48272735476493833,55159
0.5961084008216858,0.4038915991783142,3945
0.810577666759491,0.18942229449748993,37534
0.5148025214672088,0.48519747257232665,9017
0.6187213063240051,0.3812787115573883,34159
0.4080257534980774,0.5919742345809936,22713
0.3303306221961975,0.6696693897247314,28819
0.5571994066238404,0.44280058741569517,63170
0.37067845463752747,0.629321551322937,29508
0.7682148575782776,0.23178513646125792,18189
0.5302656054496765,0.4697343945503235,1749
0.4497069239616394,0.5502930760383606,12600
0.631091046333313,0.3689089298248291,15522
0.6371825933456421,0.3628174185752869,43145
0.6116148114204407,0.3883851945400238,66009
0.1818057656288147,0.8181942105293274,27289
0.46952064037323,0.530479371547699,17357
0.6356601119041443,0.36433987617492675,4453
0.417718106508255,0.5822818875312805,51821
0.2030195862054825,0.7969804167747497,33571
0.6735492706298828,0.32645073533058167,1857
0.5472976922988891,0.4527022898197174,49849
0.5471860885620117,0.4528138816356659,23080
0.40295507907867434,0.5970449447631836,14698
0.19142434895038604,0.8085756421089172,37838
0.1119225412607193,0.8880774855613709,24896
0.19023761451244353,0.8097623825073242,57372
0.7931321501731873,0.2068678468465805,28006
0.4777010381221771,0.5222989797592164,21918
0.25271289348602294,0.747287106513977,19588
0.447240424156189,0.5527595639228821,50378
0.5259636163711547,0.4740363836288452,58505
0.8932063341140747,0.10679364502429962,15326
0.6320673704147339,0.3679326415061951,16447
0.46430790424346924,0.5356920957565308,61275
0.44875187873840333,0.5512481093406677,63332
0.5158890902996063,0.48411090970039367,56061
0.536389148235321,0.46361087560653685,20323
0.5825621247291565,0.41743785738945005,68191
0.28844907879829407,0.7115509152412415,15558
0.45500617027282714,0.5449938178062439,18515
0.6866597294807434,0.313340300321579,2133
0.10180901288986206,0.8981909871101379,68834
0.4095689237117767,0.5904311060905456,34916
0.3729934930801392,0.627006471157074,48067
0.8729321956634521,0.1270677849650383,61584
0.5717146635055542,0.42828534841537474,25591
0.2612445652484894,0.7387554407119751,47068
0.38341112732887267,0.6165888786315918,5982
0.2273547738790512,0.7726452231407166,23663
0.13702534586191178,0.8629746317863465,20550
0.3253844380378723,0.6746155619621277,31330
0.6453558444976807,0.3546441733837128,7733
0.5758973121643066,0.424102658033371,54970
0.7597833156585694,0.24021668434143068,72573
0.40503352880477905,0.594966459274292,54591
0.7101418733596802,0.28985813856124876,14431
0.5286142408847809,0.471385782957077,67938
0.4812596321105957,0.5187403798103333,50801
0.41416041254997255,0.5858395814895629,67218
0.5268410563468933,0.4731589436531067,49969
0.41239039301872255,0.587609612941742,2226
0.6743699073791504,0.32563008069992067,3001
0.6258011341094971,0.37419883608818055,51635
0.5470955729484558,0.4529044270515442,15993
0.45104351043701174,0.5489564895629883,47422
0.4905562102794647,0.5094438135623932,57491
0.37761315107345583,0.6223868727684021,27007
0.3514287769794464,0.648571228981018,3762
0.8329166769981384,0.1670833259820938,5844
0.7200246691703797,0.2799753487110138,74367
0.7696132898330689,0.23038671314716339,30032
0.696094024181366,0.30390599370002747,19259
0.6450143933296204,0.3549855828285217,72579
0.4294749557971954,0.5705250263214111,55553
0.2784405589103699,0.7215594530105591,23470
0.42917113900184634,0.5708288669586181,30250
0.5852631688117981,0.4147368311882019,7835
0.816945219039917,0.18305476903915405,59984
0.4739839494228363,0.5260160565376282,29827
0.47831828594207765,0.5216816961765289,19715
0.5408017635345459,0.45919823050498965,67595
0.5913110136985779,0.40868896842002866,29089
0.6624270677566528,0.33757293224334717,63502
0.5775238990783691,0.42247614860534666,53494
0.3920575439929962,0.6079424381256103,6718
0.23413184881210328,0.7658681750297547,8924
0.6840414524078369,0.315958571434021,42788
0.17368086874485017,0.8263191342353821,47555
0.3927049577236176,0.607295036315918,64754
0.035299612954258916,0.9647004008293152,16236
0.4964425265789032,0.5035574734210968,65022
0.15050650835037233,0.8494934797286987,54960
0.8232969284057617,0.1767030954360962,20341
0.6721191167831421,0.32788087129592897,64871
0.5521143794059753,0.4478856146335602,17169
0.16509806513786315,0.8349019289016724,3215
0.7000133514404296,0.29998663663864134,20903
0.44145144820213317,0.5585485458374023,7731
0.306476491689682,0.6935235142707825,64165
0.10489628463983536,0.8951037168502808,62405
0.48868165612220765,0.5113183677196502,33556
0.6432642579078675,0.3567357540130615,19809
0.49003844857215884,0.5099615454673767,13671
0.9012696146965027,0.09873037487268448,69651
0.8107716321945191,0.18922836184501649,22303
0.5643624186515808,0.43563759326934814,38778
0.8850393891334534,0.11496062874794007,55645
0.7334909439086914,0.26650903224945066,69289
0.4103112816810608,0.5896887183189392,24862
0.716175639629364,0.28382434844970705,10980
0.2378592997789383,0.7621407032012939,18266
0.19458521008491517,0.8054148077964782,73011
0.5372079014778137,0.4627920925617218,67622
0.46901133060455324,0.5309886813163758,49472
0.061221576482057574,0.9387784123420715,5776
0.4827228903770447,0.5172770977020263,14436
0.4074366450309753,0.5925633668899536,33395
0.6476650714874268,0.3523349463939667,49616
0.2370966523885727,0.762903368473053,46415
0.6433203220367432,0.35667967796325684,71277
0.6309536933898926,0.3690463125705719,32570
0.6553387999534607,0.34466121196746824,49913
0.915427315235138,0.08457266241312027,2708
0.4206445932388306,0.5793553829193115,63851
0.7772487163543701,0.22275125980377197,20365
0.5318985104560852,0.46810148358345033,36057
0.33047704100608827,0.6695229530334472,10970
0.3732682764530182,0.6267317175865174,25542
0.13310365974903107,0.8668963193893433,20934
0.8605132222175598,0.13948678821325303,58357
0.48158036470413207,0.518419623374939,8931
0.5817824602127075,0.4182175576686859,29437
0.5229210615158081,0.47707895636558534,42233
0.9025216102600098,0.09747840315103531,5206
0.4093655526638031,0.5906344532966614,57918
0.607075321674347,0.3929246962070465,34086
0.05334160178899765,0.9466583847999572,62310
0.13689336627721788,0.863106644153595,61794
0.4790905356407166,0.5209094882011414,72911
0.21171864569187165,0.7882813453674317,37065
0.1924789607524872,0.8075210213661194,26806
0.378523850440979,0.6214761376380921,74197
0.6193113565444947,0.38068861961364747,29639
0.500085425376892,0.4999145746231079,65960
0.23433123528957367,0.7656687736511231,74043
0.6639125347137451,0.33608747720718385,23418
0.11295856535434723,0.887041449546814,53214
0.12971677035093307,0.8702832341194153,7432
0.15940590500831603,0.8405940771102905,53183
0.41102209091186526,0.5889779090881347,41302
0.3976212739944458,0.6023787140846253,31583
0.6305287837982178,0.36947118639945986,65066
0.7064512968063354,0.2935486912727356,41817
0.726802659034729,0.2731973439455032,31275
0.8392494201660157,0.16075057983398439,46602
0.3569486916065216,0.6430513143539429,22228
0.4761809706687927,0.5238190531730652,42697
0.6029255032539368,0.3970745086669922,43129
0.8867437720298768,0.11325619369745255,70004
0.5372044086456299,0.4627955794334412,39208
0.6160302042961121,0.38396981358528137,20255
0.7288264989852905,0.2711735010147095,66283
0.42320661544799804,0.576793372631073,60396
0.3007343649864197,0.6992656350135803,17999
0.7499562859535217,0.2500437319278717,67449
0.4590590834617615,0.5409409403800964,30243
0.15431149899959565,0.8456885099411011,15048
0.5394899725914002,0.46051000952720644,43768
0.0844720482826233,0.9155279278755188,15466
0.7262160897254943,0.27378391921520234,125
0.11675278842449188,0.883247184753418,72696
0.29582272171974183,0.7041772961616516,23533
0.7158419013023376,0.28415809869766234,15316
0.17793603241443634,0.822063946723938,40669
0.5886125802993775,0.41138742566108705,62272
0.4942640244960785,0.505735981464386,27423
0.25514155328273774,0.744858467578888,62488
0.5825147151947021,0.4174852788448334,56964
0.6109767436981202,0.3890232563018799,29713
0.19833056330680848,0.801669442653656,10306
0.5832656621932983,0.41673431396484373,53455
0.47885379791259763,0.5211462020874024,32374
0.10466291308403015,0.8953370690345764,61568
0.5396522998809814,0.46034770607948305,53481
0.7577178835868835,0.24228208959102632,44008
0.6938703536987305,0.306129652261734,35687
0.5235433578491211,0.4764566540718079,41871
0.21928108036518096,0.7807189106941224,2894
0.3666666686534882,0.6333333134651185,16142
0.10782014429569245,0.8921798706054688,6975
0.3361655831336975,0.6638343930244446,70329
0.635457444190979,0.36454256176948546,31445
0.12523094713687896,0.8747690439224243,59523
0.3736908733844757,0.6263090968132019,46928
0.7595088481903076,0.24049112498760222,39417
0.2699877768754959,0.7300122141838074,54277
0.2681154429912567,0.7318845748901367,11618
0.869101595878601,0.13089840859174728,36779
0.2380787193775177,0.7619212985038757,36247
0.7178082823753357,0.28219172954559324,67403
0.587590754032135,0.4124092161655426,56450
0.5959907174110413,0.40400928258895874,26972
0.7417016386985779,0.2582983493804932,6137
0.9128262758255005,0.08717375099658967,72928
0.23479622304439546,0.7652037739753723,14887
0.7846865773200988,0.21531339585781098,28418
0.3818530857563019,0.6181469202041626,51999
0.5393065690994263,0.46069343090057374,16597
0.1746654510498047,0.8253345489501953,48849
0.17342921495437622,0.8265707850456238,25488
0.2200309157371521,0.7799690723419189,54327
0.6968560576438904,0.30314392447471616,34581
0.5883413672447204,0.41165863275527953,7493
0.22773164808750151,0.7722683548927307,551
0.5087115824222564,0.4912883996963501,37342
0.5644511103630065,0.4355488955974579,2183
0.35075597167015077,0.6492440223693847,50036
0.6809758901596069,0.3190240919589996,71435
0.11574174016714096,0.8842582702636719,36317
0.5758569836616516,0.4241430401802063,63540
0.4579008400440216,0.5420991659164429,45752
0.9012994050979615,0.09870059490203857,54686
0.6328211426734924,0.36717885732650757,14664
0.5477996587753295,0.4522003471851349,26028
0.34688794016838076,0.6531120657920837,64722
0.49471125602722166,0.5052887678146363,27174
0.7276735305786133,0.27232646346092226,18537
0.5735089302062988,0.4264910638332367,49320
0.8208728194236755,0.17912717461585997,54635
0.6834092736244202,0.31659072637557983,27694
0.40116629004478455,0.5988337159156799,23985
0.5092548549175262,0.49074516296386717,39629
0.4582935035228729,0.5417065501213074,52357
0.7227674007415772,0.27723261117935183,14884
0.4774394392967224,0.5225605547428132,5523
0.509250956773758,0.49074905514717104,10721
0.45496894121170045,0.5450310468673706,64954
0.5205785453319549,0.47942144274711607,54578
0.26480513215065005,0.7351948738098144,1088
0.6757872581481934,0.3242127478122711,61307
0.5207270324230194,0.47927300333976747,34681
0.603519856929779,0.396480119228363,47241
0.6360081434249878,0.3639918684959412,42390
0.25647695958614347,0.7435230255126953,63671
0.6875108242034912,0.31248919367790223,4450
0.39825196862220763,0.6017480373382569,55679
0.20032375752925874,0.799676239490509,33455
0.7852845072746277,0.21471548676490784,53835
0.634631621837616,0.365368390083313,33660
0.7936651587486268,0.2063348263502121,64210
0.3698925793170929,0.6301073789596557,17836
0.8103576540946961,0.18964236080646515,42483
0.20987845957279205,0.7901215434074402,46025
0.28204676508903503,0.7179532527923584,33596
0.5825844287872315,0.4174156069755554,27184
0.4926003158092499,0.5073996961116791,50652
0.4987653851509094,0.5012346148490906,41550
0.2966585516929626,0.7033414363861084,36365
0.5399660468101501,0.46003395318984985,34762
0.720551359653473,0.2794486343860626,60651
0.6701286673545838,0.3298713266849518,19718
0.4870552122592926,0.5129448235034942,68859
0.5773525476455689,0.4226474404335022,9076
0.12119143158197403,0.878808569908142,39376
0.4110744476318359,0.588925552368164,2529
0.25406508445739745,0.7459349274635315,35379
0.5623003602027893,0.4376996338367462,69489
0.30031216740608213,0.6996878504753112,30047
0.5205426096916199,0.4794573843479156,66030
0.19419899582862854,0.8058010220527649,53063
0.4489851176738739,0.5510148644447327,60094
0.5284076809883118,0.47159231305122373,66180
0.8902356147766113,0.10976437777280808,6553
0.07768299728631974,0.9223170042037964,32004
0.12565370351076127,0.8743462800979614,60566
0.1674266576766968,0.8325733423233033,31480
0.7697822451591492,0.23021777272224425,60832
0.17773545682430267,0.822264552116394,46403
0.640982735157013,0.35901727676391604,63387
0.062056629359722136,0.9379433393478394,625
0.7706236004829407,0.22937638759613038,45251
0.5856789827346802,0.4143209934234619,36514
0.3963227689266205,0.6036772489547729,23021
0.84262033700943,0.15737967789173127,61181
0.12217055261135101,0.8778294205665589,55677
0.4570274889469147,0.5429725050926208,39090
0.5744824886322022,0.4255175292491913,21167
0.24502571821212768,0.7549742579460144,30382
0.2299455463886261,0.7700544476509095,24948
0.5111682057380676,0.4888318359851837,20417
0.41005927324295044,0.5899407267570496,21019
0.5976590275764465,0.40234095454216,73907
0.19330891370773315,0.8066910862922668,58991
0.9104706168174743,0.08952937871217728,2722
0.4521357178688049,0.5478642582893372,16982
0.5312934458255768,0.4687065362930298,2084
0.5471623301506042,0.4528377056121826,22903
0.7662527203559876,0.23374730050563813,39565
0.5723331093788147,0.4276668667793274,10644
0.24121427834033965,0.7587857127189637,60459
0.2736563444137573,0.7263436555862427,43537
0.4312704265117645,0.568729567527771,22907
0.3728064954280853,0.6271935224533081,30486
0.5514393806457519,0.44856061935424807,51514
0.53749760389328,0.4625024080276489,33297
0.2780952125787735,0.7219048142433167,43692
0.6646888375282287,0.33531118035316465,34558
0.7435650825500488,0.2564349055290222,1014
0.5250564575195312,0.47494354248046877,37803
0.48661128878593446,0.513388741016388,43565
0.22965216636657715,0.7703478693962097,33709
0.47019860744476316,0.5298014044761657,65287
0.6061761975288391,0.39382381439208985,3453
0.7932111024856567,0.20678891539573668,25479
0.6993483662605285,0.3006516396999359,65806
0.38121368288993834,0.6187863230705262,47444
0.4236564517021179,0.5763435006141663,57974
0.6992215275764465,0.3007784605026245,11082
0.49872114658355715,0.5012788951396943,55808
0.680311405658722,0.31968859434127805,42575
0.49559451937675475,0.5044054746627807,40292
0.14630701243877411,0.8536929845809936,2618
0.32583811283111574,0.6741618752479553,11994
0.37352097034454346,0.6264790296554565,72674
0.2542561084032059,0.7457438945770264,68013
0.4263602077960968,0.5736397862434387,35050
0.836705482006073,0.1632945328950882,50499
0.6428479194641114,0.3571520924568176,19038
0.7261788249015808,0.27382116913795473,1124
0.46331353187561036,0.5366864919662475,64182
0.4222074568271637,0.5777925372123718,55508
0.5366074085235596,0.463392573595047,33353
0.6576670646667481,0.34233293533325193,55667
0.7726786851882934,0.2273213118314743,2886
0.8931044816970826,0.10689554065465927,34894
0.4946219563484192,0.5053780555725098,6410
0.7801149368286133,0.21988505423069,33347
0.820764136314392,0.17923587560653687,74431
0.36569222807884216,0.6343077659606934,56125
0.4603200316429138,0.5396799683570862,69182
0.6666993260383606,0.33330069184303285,68670
0.7771689057350158,0.22283108830451964,22177
0.5909037232398987,0.40909627079963684,31367
0.7382803559303284,0.2617196500301361,8843
0.3419883668422699,0.6580116629600525,21642
0.5036338925361633,0.4963661074638367,12578
0.4091075360774994,0.5908924698829651,19335
0.30559359192848207,0.6944064021110534,39174
0.5265955686569214,0.4734044551849365,4212
0.3521970510482788,0.6478029370307923,43207
0.4022627115249634,0.5977372884750366,804
0.7872736692428589,0.21272630691528321,34187
0.40776281952857973,0.5922371625900269,42034
0.8621715068817138,0.13782851547002792,417
0.7106114029884338,0.2893886029720306,65071
0.5896078109741211,0.41039220094680784,69383
0.33696316480636596,0.663036847114563,4837
0.6925508856773377,0.30744910836219785,62051
0.2949115693569183,0.7050884366035461,34054
0.5912483215332032,0.40875168442726134,46458
0.3176924824714661,0.6823074817657471,63809
0.1974609225988388,0.802539050579071,25624
0.715401291847229,0.28459871411323545,3695
0.7457565188407898,0.2542434722185135,69805
0.1754927307367325,0.8245072603225708,17536
0.4344306766986847,0.5655693054199219,15881
0.3315635442733765,0.6684364557266236,46121
0.5791592001914978,0.4208408176898956,16529
0.7213842153549195,0.27861576676368716,6895
0.4163286328315735,0.5836713552474976,45496
0.08014528006315232,0.9198546886444092,12893
0.5505311250686645,0.44946886897087096,52444
0.1456821382045746,0.8543178558349609,17942
0.5610968828201294,0.4389031410217285,53762
0.8431921362876892,0.15680785477161407,59352
0.3605594336986542,0.6394405722618103,25489
0.21870941519737244,0.781290590763092,42620
0.5507138252258301,0.44928616285324097,65476
0.5433715105056762,0.45662848353385926,58717
0.5592061161994935,0.44079389572143557,24910
0.5098738193511962,0.490126234292984,20493
0.529989731311798,0.4700102984905243,475
0.5817847967147827,0.4182152032852173,27299
0.6618841290473938,0.3381158530712128,72296
0.6600059032440185,0.33999409079551696,59940
0.14227941036224365,0.8577206015586853,18306
0.14822253286838533,0.8517774939537048,68099
0.8521176099777221,0.14788239002227782,55411
0.7443081498146057,0.2556918293237686,39095
0.23832010626792907,0.7616798996925354,33210
0.18565380871295928,0.814346170425415,22820
0.43589873909950255,0.564101231098175,72408
0.23255222141742707,0.7674477696418762,10694
0.538763451576233,0.46123656034469607,26439
0.3860715925693512,0.6139283895492553,55408
0.46269080638885496,0.537309193611145,12115
0.7286039590835571,0.27139601707458494,6197
0.34000030159950256,0.6599997043609619,53202
0.48293142318725585,0.5170685887336731,46514
0.6062988996505737,0.3937010884284973,70549
0.4843366503715515,0.5156633615493774,35568
0.616161334514618,0.3838386654853821,48421
0.7330474972724914,0.2669524997472763,6805
0.6419263124465943,0.35807369351387025,72527
0.6772785067558289,0.3227215111255646,41308
0.4855048477649689,0.5144951283931732,56033
0.43356517553329466,0.5664348125457763,11757
0.4500792741775513,0.5499207377433777,73883
0.42547385692596434,0.5745261549949646,38243
0.7164625525474548,0.28353744745254517,45054
0.5179139733314514,0.4820860683917999,45170
0.8816953539848328,0.1183046281337738,66439
0.2286958158016205,0.7713041782379151,20001
0.27841250896453856,0.7215874910354614,38455
0.9007001042366027,0.09929988235235214,13467
0.5563257217407227,0.4436742842197418,34665
0.7666340708732605,0.2333659529685974,42195
0.675508177280426,0.32449185848236084,8988
0.28630216121673585,0.7136978387832642,61291
0.7490132570266723,0.2509867429733276,24959
0.38009947538375854,0.6199005246162415,13916
0.5712876796722413,0.42871232628822326,19307
0.44839367270469666,0.5516063690185546,37190
0.31380924582481384,0.6861907720565796,71794
0.8719608187675476,0.12803916037082672,63082
0.07214243710041046,0.9278575658798218,15425
0.16408143639564515,0.8359185457229614,27816
0.6452741742134094,0.35472580790519714,51073
0.5908895373344422,0.4091104745864868,62373
0.4257590055465698,0.5742410063743592,27734
0.27542453110218046,0.7245754718780517,41102
0.6668003559112549,0.33319965600967405,55981
0.5024006009101868,0.4975994050502777,19747
0.7570377469062806,0.24296227097511292,66115
0.5023319900035859,0.4976679801940918,38019
0.24122685194015503,0.7587731599807739,24907
0.3296405851840973,0.6703594088554382,1513
0.44987586736679075,0.5501241683959961,16422
0.8387775897979737,0.16122243106365203,37561
0.41989020705223085,0.5801097869873046,19350
0.7763738393783569,0.22362614870071412,47310
0.2951555371284485,0.7048444628715516,52397
0.4259645164012909,0.5740354895591736,15198
0.19520564377307892,0.8047943711280823,38415
0.30725611448287965,0.6927438735961914,43171
0.7384939908981323,0.26150597631931305,16890
0.6264812469482421,0.37351877689361573,30840
0.6062405586242676,0.3937594532966614,60878
0.4609791040420532,0.5390208840370179,28996
0.6555877089500427,0.3444122731685638,48963
0.9080701231956482,0.0919298768043518,4507
0.38843337893486024,0.6115666270256043,3754
0.6134008526802063,0.3865991711616516,55504
0.745989453792572,0.2540105193853378,12253
0.1537291795015335,0.8462708115577697,20489
0.5108832955360413,0.48911669850349426,56738
0.1934412032365799,0.8065587997436523,1331
0.11709973812103272,0.8829002857208252,5829
0.282845014333725,0.7171549916267395,72734
0.5478999733924865,0.4521000325679779,53582
0.12325628846883774,0.8767436981201172,13239
0.46042835116386416,0.5395716547966003,11869
0.6371260285377502,0.36287397146224976,72282
0.8465502381324768,0.15344974100589753,55855
0.5059559285640717,0.4940440714359283,65650
0.22974359691143037,0.7702563881874085,849
0.7040811061859131,0.2959188878536224,20849
0.48400960564613343,0.5159904003143311,39273
0.6141128182411194,0.38588719964027407,27702
0.7175047039985657,0.28249529004096985,70904
0.365718412399292,0.6342816114425659,46703
0.6400932550430298,0.3599067270755768,29782
0.376573646068573,0.623426365852356,43997
0.45872812271118163,0.5412718892097473,74364
0.32213435173034666,0.6778656244277954,25235
0.1763780951499939,0.8236218929290772,12910
0.8303294658660889,0.16967051327228547,18714
0.5242029547691345,0.47579704523086547,27905
0.19138480722904205,0.8086151957511902,3834
0.24739522933959962,0.7526047587394714,3698
0.5930904150009155,0.40690959692001344,73366
0.5135214686393738,0.4864785075187683,59042
0.20662059783935546,0.7933794140815735,44097
0.4524819016456604,0.5475180745124817,2827
0.5774713516235351,0.42252867221832274,52505
0.49445165395736695,0.5055483520030976,2528
0.32534940242767335,0.6746506094932556,42440
0.21992687582969667,0.7800731420516968,61906
0.17561542093753815,0.824384605884552,33092
0.15498504042625427,0.8450149655342102,42255
0.4848401784896851,0.5151598215103149,31383
0.17439327538013458,0.8256067156791687,8271
0.17656098008155824,0.8234390377998352,36665
0.7915785789489747,0.20842141807079315,28167
0.65422283411026,0.34577717781066897,3483
0.11634587794542313,0.8836541414260864,8216
0.39840152859687805,0.6015984654426575,14805
0.24938458502292632,0.7506154179573059,53858
0.284477573633194,0.7155224084854126,26167
0.45711230039596557,0.5428877115249634,57966
0.5138811826705932,0.4861188530921936,64911
0.3913501679897308,0.6086498379707337,9036
0.5373716354370117,0.4626283586025238,43671
0.5150065064430237,0.48499348759651184,57825
0.9144791603088379,0.08552083522081375,22001
0.16079745590686798,0.8392025232315063,41476
0.2906234383583069,0.7093765377998352,20424
0.710202157497406,0.28979781866073606,1537
0.6083689212799073,0.39163108468055724,48855
0.22533015310764312,0.7746698379516601,40489
0.6096240639686584,0.3903759241104126,51831
0.6798702001571655,0.3201298117637634,6986
0.43437339663505553,0.565626609325409,44919
0.1389455169439316,0.8610544919967651,74073
0.4569882571697235,0.543011748790741,46843
0.46559963226318357,0.5344003677368164,69814
0.11805289685726165,0.881947112083435,64976
0.5303951978683472,0.4696048259735107,37840
0.3037321448326111,0.6962678551673889,43235
0.4472614049911499,0.552738606929779,14043
0.5066447913646698,0.4933552086353302,11515
0.4307073652744293,0.5692926526069642,25928
0.9268081665039063,0.07319179773330689,36817
0.745475423336029,0.25452459156513213,17785
0.22669295072555543,0.7733070373535156,34194
0.7774544000625611,0.22254558801651,53248
0.5921268939971924,0.40787310600280763,42860
0.4956649422645569,0.5043350517749786,2239
0.49911702871322633,0.5008829653263092,42173
0.8296306848526,0.170369291305542,52848
0.20876307785511017,0.791236937046051,27597
0.6008289813995361,0.39917102456092834,57795
0.898954701423645,0.10104528367519379,16913
0.470631468296051,0.529368543624878,36375
0.45879958271980287,0.5412004351615906,42276
0.5878323197364808,0.41216768622398375,53808
0.43148943185806277,0.5685105562210083,13470
0.6554065704345703,0.3445934295654297,43973
0.8395488262176514,0.16045120358467102,6109
0.4774420499801636,0.5225579619407654,49869
0.41934096813201904,0.580659031867981,8530
0.35102537274360657,0.6489746332168579,42281
0.23974702656269073,0.7602529883384704,52062
0.19965133666992188,0.8003486633300781,10138
0.8785707712173462,0.12142922282218933,6001
0.3228781044483185,0.6771218657493592,44952
0.5657488346099854,0.4342512011528015,26567
0.7033553838729858,0.29664461612701415,34400
0.6697062253952026,0.3302937626838684,37742
0.18516474962234497,0.8148352384567261,42076
0.6403455972671509,0.3596543848514557,58234
0.32555330395698545,0.674446702003479,17733
0.894978928565979,0.10502107441425323,28100
0.10732540488243103,0.8926745772361755,61812
0.6965233683586121,0.3034766256809235,33825
0.5164157271385192,0.4835842490196228,74448
0.861946415901184,0.13805359303951265,1802
0.26977235078811646,0.7302276372909546,58844
0.6121118307113648,0.38788816928863523,40457
0.2829862982034683,0.7170136928558349,45132
0.845482587814331,0.15451744496822356,27097
0.855194354057312,0.14480564892292022,50414
0.6847763895988465,0.31522356867790224,65226
0.28364863991737366,0.7163513422012329,7118
0.17385639250278473,0.8261435985565185,6400
0.30733797550201414,0.6926620364189148,46193
0.6153468370437623,0.38465316891670226,1567
0.6215803027153015,0.37841969132423403,1142
0.4087125062942505,0.5912874937057495,20425
0.6412116169929505,0.358788400888443,64063
0.6089751362800598,0.39102486371994016,23975
0.45967026948928835,0.5403296947479248,30441
0.6795475721359253,0.32045242190361023,12545
0.48297210335731505,0.5170278906822204,50153
0.3882693946361542,0.6117306351661682,26816
0.1323968932032585,0.8676030755043029,41364
0.5088037788867951,0.491196209192276,44020
0.2239091157913208,0.7760908842086792,38748
0.5732170939445496,0.42678292989730837,65309
0.5132263958454132,0.4867735743522644,44833
0.4467641174793243,0.5532358646392822,41802
0.2849680960178375,0.715031898021698,52322
0.4207966387271881,0.5792033672332764,54909
0.2712311804294586,0.7287688374519348,73663
0.8163724780082703,0.18362752199172974,16695
0.5981673121452331,0.40183268785476683,59512
0.2791214346885681,0.7208785653114319,50042
0.36052945256233215,0.6394705533981323,60619
0.5452280282974243,0.45477195382118224,11541
0.8608564257621765,0.13914357125759125,7555
0.5856393218040467,0.41436067819595335,12519
0.3794609308242798,0.6205390691757202,7442
0.6091959476470947,0.3908040761947632,6725
0.6908536195755005,0.3091463714838028,51511
0.8237344264984131,0.17626557350158692,21734
0.40197697281837463,0.598022997379303,3827
0.24139543175697326,0.7586045622825622,43406
0.5165714144706726,0.48342859745025635,35265
0.344672304391861,0.6553277015686035,7802
0.2550296068191528,0.7449703931808471,51443
0.7033102631568908,0.29668974280357363,24197
0.6590516209602356,0.3409483790397644,22965
0.6914011597633362,0.30859883427619933,10119
0.5306487202644348,0.4693512678146362,69416
0.8247478723526,0.17525213360786437,18730
0.3576919436454773,0.6423080682754516,8198
0.20207860171794892,0.7979213953018188,18279
0.4249144434928894,0.5750855445861817,18296
0.5460458397865295,0.4539541959762573,35393
0.31783571243286135,0.6821642875671386,57862
0.7858780145645141,0.21412196457386018,69884
0.2097193956375122,0.7902806043624878,70110
0.722216260433197,0.2777837038040161,54618
0.6300593733787536,0.3699406087398529,21202
0.5278874814510346,0.47211251258850095,36461
0.39666897654533384,0.6033310294151306,20037
0.5955450773239136,0.40445493459701537,30317
0.08334998041391373,0.9166500329971313,59338
0.19680427610874177,0.8031957149505615,43079
0.5167411506175995,0.48325886130332946,16461
0.7812966704368591,0.2187033325433731,53524
0.2809251308441162,0.7190748929977417,11294
0.27030364274978635,0.7296963453292846,56201
0.23326157331466674,0.7667384386062622,40983
0.4364627480506897,0.5635372400283813,60494
0.6507926225662232,0.3492073595523834,14792
0.6661380648612976,0.3338619291782379,52726
0.6226519107818603,0.37734806537628174,14118
0.23703543543815614,0.7629645466804504,8659
0.694565725326538,0.3054342806339264,70157
0.26674423515796664,0.7332557559013366,31777
0.4147439420223236,0.585256040096283,56501
0.4803489685058594,0.5196510195732117,2624
0.507285988330841,0.49271400570869445,3187
0.5213535010814667,0.4786464750766754,58623
0.36716628074645996,0.6328336954116821,47983
0.2973367154598236,0.7026633024215698,647
0.7999631285667419,0.2000368654727936,5084
0.4791348099708557,0.5208652138710022,6258
0.5072445392608642,0.49275543093681334,3956
0.6923789381980896,0.3076211094856262,2127
0.924652922153473,0.07534708827733994,63212
0.8217102885246277,0.17828971147537231,56354
0.6153898000717163,0.38461018800735475,23337
0.7193526983261108,0.2806473016738892,71179
0.4725178718566895,0.5274821281433105,29745
0.5262232065200806,0.47377676963806153,9599
0.7502546906471252,0.24974534213542937,8086
0.9085066676139831,0.09149332642555237,54038
0.6027970671653747,0.3972029030323029,24294
0.49171167612075806,0.5082883358001709,59169
0.3493848621845245,0.6506151556968689,47500
0.4641095042228699,0.5358904659748077,8876
0.9311938166618348,0.06880617141723633,53709
0.15141026377677919,0.8485897541046142,26442
0.5856433987617493,0.4143566071987152,46359
0.3132102251052856,0.6867897868156433,19236
0.8852891802787781,0.11471083760261536,59399
0.629106605052948,0.37089338302612307,67304
0.4837756872177124,0.5162242829799653,42523
0.5708794713020324,0.42912051677703855,12374
0.4880104959011078,0.5119895219802857,39643
0.4702197670936584,0.5297802209854126,70285
0.45114814043045043,0.5488518714904785,15941
0.5957460641860962,0.4042539238929749,46470
0.5222763895988465,0.47772362232208254,50497
0.4450611412525177,0.5549388527870178,51075
0.43094855546951294,0.569051456451416,65505
0.782797634601593,0.2172023981809616,30622
0.8485954880714417,0.15140451788902282,34794
0.25826272964477537,0.7417372703552246,44547
0.5869521856307983,0.4130478024482727,26148
0.8244425773620605,0.17555741369724273,66231
0.7661454558372498,0.2338545501232147,71614
0.4665833055973053,0.5334167242050171,62186
0.311489063501358,0.6885109424591065,11459
0.30882405042648314,0.6911759614944458,47320
0.5179666519165039,0.48203336000442504,73621
0.35225847363471985,0.6477415323257446,4277
0.31346799731254577,0.6865320205688477,44305
0.7581501483917237,0.24184984862804412,3909
0.3630396544933319,0.6369603514671326,38575
0.45900958180427553,0.5409903645515441,18274
0.43564859628677366,0.5643514156341553,74094
0.49386542439460757,0.5061345815658569,69376
0.5112854957580566,0.4887145280838013,10360
0.15932925343513488,0.8406707406044006,22865
0.8812471508979798,0.11875282973051071,58412
0.22673020362854004,0.773269784450531,63692
0.3720537185668945,0.6279462695121765,69155
0.5318044781684875,0.4681955337524414,7108
0.8570154905319214,0.14298452138900758,18497
0.5563691020011902,0.4436308741569519,54162
0.5921781063079834,0.4078218638896942,50113
0.1682723194360733,0.83172767162323,68617
0.12020606398582459,0.879793894290924,34769
0.5065394937992096,0.4934605062007904,33511
0.13374861776828767,0.8662514090538025,62802
0.07386398762464523,0.9261359930038452,29924
0.2857453882694244,0.714254629611969,9240
0.4276938378810883,0.5723061561584473,32559
0.2045716792345047,0.7954283118247986,14565
0.466554719209671,0.5334452867507935,19446
0.5843670606613159,0.41563294529914857,21325
0.42140663266181944,0.578593373298645,10240
0.850667929649353,0.14933206737041474,10133
0.7276084184646606,0.2723915815353394,60403
0.1625394642353058,0.8374605417251587,37853
0.6766020894050598,0.32339789271354674,6925
0.7004680156707763,0.299532026052475,51576
0.7947545170783996,0.20524552166461946,40971
0.5694006085395813,0.43059941530227663,66748
0.3888673961162567,0.6111326217651367,1198
0.44378077387809756,0.5562192559242248,65834
0.5788232803344726,0.42117668986320494,69833
0.17561066746711732,0.8243893265724183,52908
0.6825899124145508,0.3174101233482361,11879
0.4951034367084503,0.5048965454101563,68923
0.8705768346786499,0.12942317128181458,44367
0.7065644145011902,0.2934356153011322,47591
0.84881432056427,0.15118569135665894,27195
0.721027159690857,0.27897284626960756,50053
0.5959897041320801,0.4040102958679199,59773
0.6180811882019043,0.3819187879562378,42109
0.1271936520934105,0.8728063583374024,59045
0.49994657635688783,0.5000534176826477,58386
0.16059750616550444,0.8394025087356567,8108
0.9070365786552429,0.09296341389417648,18368
0.37953256368637084,0.6204674005508423,47980
0.7856061458587646,0.21439384520053864,69497
0.44489127993583677,0.5551087260246277,15227
0.4654152274131775,0.5345847845077515,68567
0.30875982642173766,0.6912401676177978,68692
0.5254678130149841,0.4745322048664093,4658
0.6649195909500122,0.3350804030895233,3708
0.23391328752040863,0.7660867094993591,32106
0.8843471765518188,0.11565280854701995,73089
0.6061626195907592,0.39383737444877626,38964
0.31355391144752504,0.6864461064338684,22412
0.26928932666778566,0.7307106733322144,16029
0.6056891322135926,0.394310861825943,31716
0.5852152466773987,0.41478475332260134,63301
0.8303639888763428,0.16963599026203155,432
0.3295152306556702,0.6704847693443299,46671
0.30064990520477297,0.699350106716156,42995
0.5005613982677459,0.49943860769271853,52286
0.7174810290336608,0.2825189769268036,1819
0.6547728061676026,0.34522718787193296,16343
0.4249564290046692,0.5750435590744019,54901
0.34352301955223086,0.6564769625663758,52600
0.5072209894657135,0.49277902245521543,66993
0.45523011684417725,0.5447698950767517,36316
0.4030568301677704,0.5969431638717652,62179
0.5305230021476746,0.4694770276546478,10830
0.7457302331924438,0.25426975190639495,5027
0.7029839158058167,0.29701608419418335,10686
0.8209027051925659,0.1790973037481308,44887
0.4030642330646515,0.596935760974884,65932
0.7653380274772644,0.23466198444366454,20384
0.6976991653442383,0.302300825715065,68437
0.5197621762752533,0.4802377998828888,57084
0.7510054588317872,0.2489945262670517,36948
0.6313498735427856,0.36865013241767886,7221
0.12853415161371232,0.8714658617973328,44823
0.6347204804420471,0.3652795314788818,67426
0.15343527793884276,0.8465647220611572,37879
0.48236191272735596,0.5176380753517151,49697
0.18499667644500734,0.8150033235549927,12466
0.4350218892097473,0.5649781346321106,31744
0.7350247740745545,0.26497523188591005,39258
0.6847434043884277,0.31525662541389465,30027
0.4699738919734955,0.530026125907898,73352
0.42342046499252317,0.5765795469284057,13297
0.4556929111480713,0.5443070530891418,48917
0.4462416052818298,0.5537583947181701,19928
0.563192343711853,0.436807656288147,69673
0.6900996565818787,0.3099003374576569,5689
0.5247939646244049,0.4752060234546661,72441
0.4522817671298981,0.5477182149887085,29973
0.6945831179618835,0.3054168879985809,58486
0.47832168340682985,0.5216783106327056,16667
0.5860914945602417,0.4139085054397583,29854
0.7576357841491699,0.24236423075199126,60697
0.2533365249633789,0.746663510799408,5489
0.40363274812698363,0.5963672876358033,14005
0.6901626229286194,0.3098373651504517,26343
0.48211212158203126,0.5178878486156464,64591
0.5943214535713196,0.4056785345077515,72240
0.1157974734902382,0.884202527999878,60606
0.7842651009559631,0.21573488116264344,69741
0.7215475559234619,0.2784524649381638,17776
0.3677418828010559,0.632258141040802,18759
0.6987768530845642,0.301223149895668,52821
0.4547149777412415,0.5452850222587585,31033
0.8654321074485779,0.13456788957118987,48702
0.31818551421165464,0.6818144798278809,13217
0.48904150128364565,0.510958445072174,17632
0.21323387920856476,0.7867661118507385,13122
0.35057024359703065,0.6494297504425048,28929
0.5669762849807739,0.433023738861084,2627
0.6004362940788269,0.39956368803977965,15496
0.6020859479904175,0.39791406989097594,42127
0.6349098324775696,0.36509016156196594,53095
0.28849083185195923,0.7115091919898987,7876
0.7134315133094787,0.2865685224533081,32294
0.7239919900894165,0.27600801587104795,10106
0.6177179336547851,0.3822820603847504,49680
0.7549175143241882,0.24508248269557953,37857
0.5668851375579834,0.43311487436294555,17313
0.8708360195159912,0.12916398793458939,20486
0.6909592151641846,0.309040766954422,63525
0.495450496673584,0.5045495212078095,8756
0.8421593546867371,0.15784063637256623,40063
0.28585158586502074,0.7141484141349792,53254
0.49811452627182007,0.5018854737281799,65480
0.0974605843424797,0.9025394320487976,27403
0.4674749612808228,0.5325250387191772,626
0.6252201080322266,0.3747799277305603,61210
0.7081685423851013,0.29183144569396974,63961
0.37623410820961,0.6237658977508544,10244
0.43494906425476076,0.5650509357452392,44442
0.932898998260498,0.06710101068019866,18593
0.1687144637107849,0.831285548210144,73941
0.7519884943962097,0.24801151752471923,5693
0.7497594833374024,0.25024051666259767,10086
0.8318055152893067,0.1681944638490677,43242
0.20673684477806092,0.7932631850242615,59485
0.34612334370613096,0.6538766741752624,17845
0.2122301936149597,0.7877698183059693,8741
0.18951379656791686,0.8104861855506897,66220
0.7135532021522522,0.2864468038082123,63019
0.6676731705665588,0.3323268175125122,62264
0.7977964758872986,0.20220354199409485,15461
0.5382378935813904,0.461762136220932,32550
0.23562560081481934,0.7643743991851807,66118
0.4385701954364777,0.5614298224449158,29202
0.6196207642555237,0.3803792178630829,15624
0.6714070796966553,0.3285929262638092,66399
0.5168213367462158,0.4831786692142487,52206
0.4613435983657837,0.5386564016342164,26292
0.9220967531204224,0.0779032751917839,19865
0.5193122029304504,0.48068779706954956,46050
0.4596484124660492,0.5403516054153442,59532
0.3944138526916504,0.6055861353874207,55495
0.14300574958324433,0.8569942474365234,21857
0.20644814670085906,0.7935518383979797,50905
0.23069550693035126,0.7693044900894165,4605
0.4056861877441406,0.5943138122558593,38842
0.5995513319969177,0.4004486560821533,69142
0.6100551128387451,0.3899449110031128,35639
0.2216988891363144,0.7783011198043823,10255
0.20269483029842378,0.7973051905632019,18811
0.4762203812599182,0.5237796425819397,10531
0.7622620582580566,0.23773798942565919,68050
0.17107695043087007,0.8289230346679688,48923
0.7193713307380676,0.2806286454200745,20825
0.21043385565280914,0.7895661354064941,1799
0.6149674177169799,0.38503258228302,51418
0.5753313064575195,0.4246686816215515,27924
0.7531088352203369,0.24689119458198547,55673
0.5505036234855651,0.44949638843536377,72968
0.5296315550804138,0.4703684329986572,31842
0.5868088006973267,0.41319119930267334,70801
0.42460847496986387,0.5753915190696717,30564
0.2902873754501343,0.7097126364707946,50123
0.19745193421840668,0.8025480747222901,41228
0.4879746973514557,0.5120253205299378,32563
0.5739336848258972,0.42606631517410276,5925
0.6248399257659912,0.37516005635261535,18930
0.5866970300674439,0.41330298185348513,32349
0.4449477016925812,0.5550523161888122,30769
0.8139692544937134,0.1860307514667511,40856
0.14060346484184266,0.859396505355835,62230
0.16271818280220032,0.8372818231582642,41936
0.6510753393173218,0.34892465472221373,60560
0.45221335291862486,0.5477866411209107,51109
0.7396424531936645,0.26035756766796114,8668
0.5287500143051147,0.47125000357627866,32259
0.5081923484802247,0.4918076753616333,33811
0.3802597463130951,0.6197402477264404,73178
0.3662263751029968,0.6337735891342163,53488
0.5171642065048218,0.48283579349517824,42485
0.5605635404586792,0.43943644165992735,59536
0.878434705734253,0.12156530767679215,56926
0.15922461152076722,0.8407753467559814,6189
0.7232227563858032,0.27677723169326784,49966
0.20439131259918214,0.7956086993217468,6791
0.3719745874404907,0.6280254364013672,73145
0.4068306624889374,0.593169343471527,41779
0.41546536087989805,0.5845346331596375,15821
0.8833364605903625,0.11666354537010193,30672
0.5246323943138123,0.4753676295280457,63528
0.8771788001060485,0.12282121181488037,11745
0.43354895114898684,0.5664510488510132,45627
0.5046308696269989,0.49536911845207215,28488
0.5085623502731323,0.4914376139640808,53431
0.4841025948524475,0.5158973813056946,60122
0.7640156626701355,0.2359843373298645,68628
0.599065625667572,0.4009343504905701,51519
0.520824009180069,0.479175990819931,64352
0.6000546455383301,0.39994534850120544,63150
0.44594631195068357,0.5540536761283874,36142
0.6891340255737305,0.3108659744262695,25688
0.43862344622612,0.5613765835762023,7455
0.31623960137367246,0.683760404586792,43942
0.8650491595268249,0.13495083302259445,50309
0.40614262223243713,0.5938573718070984,57884
0.37408818006515504,0.6259117960929871,4606
0.5382779836654663,0.4617220163345337,36854
0.1849657863378525,0.8150342345237732,39249
0.15959978997707366,0.840400218963623,21094
0.3782537579536438,0.6217462301254273,71787
0.7886320948600769,0.21136790812015532,27240
0.8329123258590698,0.1670876771211624,45630
0.5014965832233429,0.49850340485572814,33310
0.5160222113132477,0.48397778868675234,17294
0.46643816232681273,0.5335618376731872,66205
0.3552819490432739,0.6447180509567261,64421
0.5289484977722168,0.47105149626731874,35779
0.4380806863307953,0.5619193196296692,47475
0.6013842940330505,0.39861570596694945,71783
0.5418997526168823,0.45810028314590456,19067
0.5035598039627075,0.496440178155899,27671
0.9061754226684571,0.09382456839084626,20509
0.34441916942596434,0.6555808544158935,71107
0.5470864772796631,0.45291356444358827,60138
0.3389005184173584,0.6610994815826416,68312
0.5776181697845459,0.42238186597824096,47989
0.7993545889854431,0.20064542293548585,28737
0.4359769940376282,0.5640229940414428,67798
0.4023416042327881,0.597658383846283,57983
0.8135553479194642,0.18644466996192932,48531
0.49447611570358274,0.5055238723754882,5366
0.4855096936225891,0.514490294456482,28212
0.17898698151111603,0.8210130453109741,54717
0.2524846285581589,0.7475153803825378,67501
0.48978483080863955,0.510215163230896,59734
0.526379668712616,0.47362030744552613,28245
0.5458889603614807,0.4541110575199127,46991
0.5439739346504211,0.4560260891914368,38498
0.6317739844322204,0.36822599172592163,56659
0.8001152396202087,0.19988475143909454,35239
0.43961631655693056,0.5603836894035339,52489
0.6765912413597107,0.32340875267982483,46812
0.8603240966796875,0.1396758884191513,30128
0.2967066466808319,0.7032933473587036,57422
0.6622045874595642,0.3377954065799713,46986
0.5744093656539917,0.42559062242507933,46845
0.24795516431331635,0.7520448327064514,48942
0.6867841839790344,0.3132158160209656,5255
0.4875158131122589,0.5124841690063476,34198
0.5492311716079712,0.45076881647109984,10206
0.283293616771698,0.7167063593864441,58510
0.7172865629196167,0.28271341919898985,72731
0.4950155794620514,0.5049844145774841,20124
0.44096810817718507,0.559031891822815,50096
0.3716657876968384,0.6283342003822326,54609
0.5727079272270202,0.42729207277297976,59408
0.7875884175300598,0.21241158843040467,65112
0.5389963746070862,0.4610036313533783,37248
0.6422029495239258,0.3577970564365387,32512
0.18086976408958436,0.8191301941871643,61755
0.5993081212043763,0.40069186091423037,33891
0.5310378193855285,0.46896219849586485,35203
0.5698387145996093,0.4301612854003906,72567
0.3239835798740387,0.6760164260864258,18844
0.5446003794670105,0.45539958477020265,50592
0.5006819725036621,0.4993180394172668,22256
0.507691603899002,0.4923084259033203,68552
0.36514889597892763,0.6348510980606079,69183
0.45883204936981203,0.541167950630188,59177
0.19645746052265167,0.8035425186157227,14182
0.21039494276046752,0.7896050572395324,25886
0.341216903924942,0.6587831020355225,63974
0.45495558381080625,0.5450443983078003,63386
0.28473991751670835,0.7152600646018982,22216
0.2640230178833008,0.7359769821166993,59360
0.416016161441803,0.5839838504791259,50399
0.4834974706172943,0.5165025353431701,18305
0.5702557802200318,0.42974419593811036,36598
0.2673167258501053,0.7326833009719849,24913
0.5114020824432373,0.48859794735908507,26269
0.10693157762289048,0.8930684328079224,51693
0.6856043815612793,0.31439560651779175,17720
0.05993081405758858,0.9400691986083984,19778
0.4285068094730377,0.5714931726455689,44155
0.5817481875419617,0.4182518184185028,65717
0.4756783366203308,0.5243216633796692,60412
0.22715675234794616,0.7728432416915894,47892
0.5393445253372192,0.46065550446510317,58894
0.46260812878608704,0.5373918771743774,23298
0.366812539100647,0.633187472820282,30911
0.6732970714569092,0.3267028987407684,59493
0.6524100542068482,0.34758998155593873,17502
0.43546571135520934,0.5645342946052552,18685
0.21349830329418182,0.786501681804657,55954
0.6661284685134887,0.33387152552604676,36529
0.774189555644989,0.22581044137477874,22318
0.49342241883277893,0.5065775632858276,62591
0.11662579774856567,0.8833742260932922,45130
0.14366179704666138,0.8563381910324097,8769
0.2675729751586914,0.7324270367622375,19474
0.8119454860687256,0.1880545049905777,38474
0.5646660208702088,0.43533399105072024,227
0.3841984808444977,0.6158014893531799,53652
0.8875323057174682,0.11246768236160279,13578
0.21149854958057404,0.7885014414787292,21023
0.6180763125419617,0.38192368745803834,45053
0.456449556350708,0.5435504794120789,10849
0.28476566076278687,0.7152343630790711,72176
0.2942998826503754,0.7057001233100891,64751
0.841501784324646,0.15849817991256715,35944
0.45225452780723574,0.5477454781532287,43280
0.16931606233119964,0.8306839108467102,64479
0.6996097445487977,0.30039024353027344,46604
0.375308758020401,0.6246912360191346,50092
0.16229569017887116,0.8377043008804321,66576
0.628833556175232,0.37116641998291017,37646
0.7524746298789978,0.24752535223960875,51112
0.12454549819231034,0.8754545450210571,6579
0.5784133672714233,0.42158663272857666,56630
0.3859179198741913,0.6140820741653442,39415
0.7016777396202087,0.2983222663402557,46906
0.3313518226146698,0.6686481714248658,43384
0.5560619592666626,0.4439380407333374,36347
0.27928966879844663,0.7207103490829467,13207
0.4055138647556305,0.5944861650466919,6562
0.48299400210380555,0.517006003856659,33585
0.6380490899085999,0.3619508743286133,64397
0.5157928466796875,0.48420716524124147,23311
0.5836958527565003,0.41630417108535767,48464
0.5891654133796692,0.41083460450172427,8406
0.5688003778457642,0.4311996340751648,32339
0.8551627397537231,0.14483723938465118,66073
0.6520400524139405,0.3479599833488464,44533
0.37427318692207334,0.6257267951965332,56617
0.5583667159080505,0.44163328409194946,67679
0.1741025775671005,0.8258974194526673,9382
0.3530477941036224,0.6469521760940552,11249
0.4581025898456573,0.5418974161148071,70453
0.35378789305686953,0.646212124824524,62149
0.7446743130683899,0.2553256809711456,17606
0.7740528464317322,0.22594715058803558,9121
0.7192416310310363,0.2807583749294281,64785
0.506866204738617,0.49313378930091856,74027
0.5864367246627807,0.4135632932186127,43817
0.9063260436058045,0.09367394745349884,71425
0.9333971261978149,0.06660285145044327,46395
0.34038974046707154,0.6596102595329285,73204
0.5688378095626831,0.43116217851638794,56670
0.07396160513162613,0.92603839635849,53687
0.3534700334072113,0.6465299844741821,13018
0.7484483361244202,0.2515516370534897,6947
0.7469115018844604,0.2530885100364685,44575
0.6347119331359863,0.36528807282447817,54836
0.695843493938446,0.3041565418243408,71361
0.6679557800292969,0.3320442199707031,1363
0.7972686529159546,0.20273135900497435,62126
0.8926332592964172,0.10736674070358276,17173
0.2931327223777771,0.7068673014640808,43245
0.4591746747493744,0.5408253192901611,23002
0.38053523898124697,0.6194647431373597,72506
0.1738656371831894,0.8261343717575074,64559
0.7200224757194519,0.27997753620147703,68454
0.6227108359336853,0.3772891640663147,17704
0.18596258461475373,0.8140374183654785,39066
0.6470122694969177,0.35298771858215333,2363
0.1678919643163681,0.8321080327033996,54564
0.9266830921173096,0.07331691160798073,28945
0.13096853494644164,0.8690314292907715,70414
0.8184605717658997,0.18153941333293916,14913
0.2323291540145874,0.7676708579063416,59606
0.37044262886047363,0.6295573592185975,15782
0.2737970769405365,0.7262029051780701,5552
0.6127472400665284,0.3872527539730072,2221
0.5381194949150085,0.4618805289268494,7657
0.41123018860816957,0.5887698173522949,33438
0.21594830155372619,0.7840516924858093,8052
0.7409394264221192,0.25906053781509397,34047
0.34528893828392027,0.6547110557556153,49303
0.41595558524131776,0.5840444087982177,65058
0.1314459577202797,0.8685540437698365,51026
0.33983476758003234,0.6601652264595032,62929
0.26408607959747316,0.7359139084815979,72027
0.23656006157398224,0.763439953327179,61063
0.3565267860889435,0.6434731960296631,16145
0.6338704824447632,0.36612952351570127,43947
0.585450804233551,0.414549195766449,28624
0.6383305072784424,0.36166946291923524,53427
0.2028951406478882,0.7971048593521118,32258
0.47049768567085265,0.5295023202896119,6677
0.5466901659965515,0.45330982804298403,26662
0.49830026030540464,0.5016997456550598,28464
0.6509159088134766,0.3490840673446655,61542
0.5975854516029357,0.4024145543575287,32186
0.07525606453418732,0.9247439622879028,20686
0.1118637278676033,0.8881362915039063,44256
0.6985820531845093,0.3014179527759552,24104
0.8869717478752136,0.11302824765443802,71584
0.5816085696220398,0.4183914601802826,53825
0.7221153855323792,0.27788459658622744,32913
0.09418445676565171,0.9058155655860901,37434
0.8020048022270203,0.19799522757530214,67101
0.7353646874427795,0.26463530361652376,62855
0.44949714541435243,0.5505028367042542,49637
0.1579999953508377,0.8419999718666077,67926
0.8211582064628601,0.17884177565574647,22353
0.9103633165359497,0.08963667154312134,65790
0.383810955286026,0.6161890506744385,32279
0.46366788148880006,0.5363321185112,27390
0.43478466272354127,0.5652153015136718,22296
0.1727304220199585,0.8272696018218995,58107
0.5806672811508179,0.41933271288871765,71046
0.7167101383209229,0.2832898378372192,27254
0.13101350665092468,0.8689864993095398,68128
0.6617637395858764,0.33823628425598146,66888
0.8699696660041809,0.1300303265452385,59060
0.6014390707015991,0.3985609173774719,56087
0.28878063559532163,0.7112193584442139,8238
0.3443730115890503,0.6556269645690918,4846
0.28563725352287295,0.7143627524375915,56592
0.813060462474823,0.1869395285844803,12762
0.7355586409568786,0.26444133222103117,34877
0.45490490794181826,0.5450950860977173,34669
0.7878710985183716,0.21212893724441528,18949
0.15537382662296295,0.8446261405944824,10464
0.48200839161872866,0.5179915726184845,22528
0.9218215227127076,0.07817848175764083,42356
0.12359726279973984,0.876402747631073,33606
0.4770260751247406,0.5229739308357239,46715
0.7794192552566528,0.22058075070381164,29940
0.8256256818771363,0.17437431514263152,51347
0.12530746161937714,0.8746925592422485,44490
0.5921905755996704,0.40780943632125854,48140
0.6967226028442383,0.30327740907669065,20110
0.8214824676513672,0.17851754724979402,68747
0.48943249583244325,0.5105674922466278,23699
0.13085899204015733,0.8691409945487976,68609
0.6049936890602112,0.3950063049793243,9792
0.24730795621871948,0.7526920557022094,32511
0.6703898668289184,0.329610139131546,69582
0.4956923186779022,0.5043077290058136,24248
0.5169981956481934,0.48300181031227113,44618
0.5338746666908264,0.4661253452301025,47387
0.13474558144807816,0.8652544140815734,44867
0.2571966290473938,0.7428033471107482,39109
0.3118037641048431,0.6881962537765502,46585
0.45107274651527407,0.5489272594451904,65238
0.699219822883606,0.3007801651954651,10832
0.667240297794342,0.33275969624519347,16659
0.6617449522018433,0.3382550120353699,14170
0.5529049277305603,0.44709508419036864,65259
0.09059690833091735,0.9094031095504761,6872
0.5682417154312134,0.4317582964897156,28936
0.21315206587314606,0.7868479371070862,24200
0.4279697060585022,0.5720302939414978,70645
0.28932844996452334,0.7106715440750122,49274
0.49657506346702573,0.5034249126911163,58908
0.7201918005943299,0.27980823516845704,49909
0.07312144339084625,0.9268785715103149,51427
0.5235795259475708,0.4764204680919647,24990
0.6024006485939026,0.3975993514060974,10567
0.0930734246969223,0.9069265842437744,44744
0.4598879456520081,0.5401120543479919,7519
0.18630876541137695,0.8136912226676941,57622
0.4955086946487427,0.504491263628006,65106
0.2652525156736374,0.7347474813461303,31762
0.5524880886077881,0.44751189947128295,69285
0.34532914161682127,0.6546708822250367,18234
0.3250452995300293,0.6749546766281128,54906
0.5656551957130432,0.4343448102474213,33766
0.4194446563720703,0.5805553555488586,17299
0.470783406496048,0.5292165756225586,71358
0.24679650664329528,0.7532035112380981,58138
0.43241116404533386,0.5675888061523438,3137
0.4970810770988464,0.5029189467430115,10596
0.605967378616333,0.3940325975418091,25604
0.7129379391670227,0.2870620429515839,25749
0.5537919878959656,0.44620801210403443,36073
0.8612616896629334,0.13873828947544098,9938
0.5797424674034118,0.42025754451751707,16431
0.7484149098396301,0.2515851199626923,59679
0.10912534892559052,0.8908746600151062,51373
0.594615387916565,0.40538461208343507,15209
0.6172178506851196,0.38278214931488036,8539
0.7600941061973572,0.23990591764450073,19295
0.4515396535396576,0.5484603524208069,40498
0.8395659446716308,0.16043407320976258,15633
0.38056734800338743,0.6194326519966126,43166
0.1489912450313568,0.8510087490081787,42510
0.8371218800544739,0.1628781110048294,2475
0.17250837087631227,0.8274916529655456,73307
0.10696890354156494,0.893031096458435,57961
0.25410342812538145,0.7458965539932251,50021
0.4283172845840454,0.5716827154159546,18876
0.6488052129745483,0.3511947989463806,61099
0.7391714096069336,0.26082860827445986,30182
0.843826150894165,0.15617384910583496,47006
0.6261645674705505,0.37383543252944945,26395
0.4007693827152252,0.5992306113243103,71919
0.5688023447990418,0.4311976730823517,55008
0.5697898864746094,0.43021013736724856,30008
0.17107139825820922,0.8289286017417907,57465
0.2778859704732895,0.7221140146255494,56416
0.7546645402908325,0.24533548653125764,58185
0.4760619103908539,0.5239380836486817,18751
0.46743213534355166,0.5325678825378418,64886
0.5957683563232422,0.40423162579536437,4497
0.7391032695770263,0.26089671850204466,16670
0.21649987399578094,0.7835001230239869,55986
0.864343798160553,0.13565621078014373,16475
0.6329500198364257,0.3670499801635742,36013
0.3200401544570923,0.6799598455429077,31331
0.5634552478790283,0.43654475808143617,22562
0.7721667170524598,0.2278332680463791,63376
0.2724920392036438,0.7275079250335693,67350
0.5421251654624939,0.45787482261657714,8789
0.7423136353492736,0.2576863765716553,21235
0.5567269682884216,0.44327305555343627,66485
0.5449424147605896,0.45505759716033933,42151
0.3656405210494995,0.6343594551086426,52365
0.5314895391464234,0.46851048469543455,37507
0.4220938742160797,0.5779061436653137,43825
0.42197875380516053,0.578021240234375,12979
0.4761182427406311,0.5238817453384399,63426
0.13412667512893678,0.8658733129501343,50690
0.7406086444854736,0.25939135253429413,54393
0.8791779398918151,0.12082205116748809,20941
0.5634472250938416,0.43655277490615846,54148
0.7359485149383544,0.2640514850616455,39148
0.5837847828865051,0.41621519923210143,3851
0.5972956538200378,0.40270431637763976,18235
0.47410481572151186,0.5258951902389526,51130
0.7952255010604858,0.20477447807788848,51880
0.9363296151161193,0.06367037370800972,46049
0.32633938193321227,0.6736606359481812,19285
0.11283606737852096,0.8871639132499695,34477
0.6228314399719238,0.3771685719490051,23107
0.40094884037971495,0.5990511655807496,42915
0.49294829964637754,0.5070516705513001,52012
0.5434211134910584,0.4565788745880127,15483
0.5779730200767517,0.4220269739627838,41047
0.7418926954269409,0.25810730159282685,5056
0.47355182766914367,0.5264481544494629,17064
0.8317576885223389,0.16824230849742888,53512
0.15708695948123932,0.842913019657135,29586
0.5161779165267945,0.48382207155227663,24824
0.19491018652915953,0.8050898313522339,70848
0.5742595791816711,0.4257404386997223,31712
0.34714784622192385,0.6528521537780761,61849
0.5450075507164002,0.4549924314022064,71513
0.20576652884483337,0.7942334532737731,63396
0.33935658931732177,0.6606434345245361,40441
0.4622624695301056,0.5377375245094299,49304
0.17287206053733825,0.8271279335021973,39077
0.8045376896858215,0.19546229839324952,10659
0.2329924672842026,0.7670075178146363,863
0.8947058200836182,0.10529417544603348,63829
0.751209831237793,0.24879015386104583,40307
0.4297448456287384,0.5702551484107972,28301
0.7946144104003906,0.20538560152053834,46610
0.1006817102432251,0.8993182897567749,15743
0.4517982482910156,0.5482017755508423,682
0.5821821212768554,0.41781789660453794,52459
0.5922918438911438,0.40770816802978516,33399
0.6149887442588806,0.38501123189926145,18926
0.8027367472648621,0.19726324677467347,40269
0.4854077398777008,0.5145922660827636,9768
0.839266586303711,0.1607334166765213,3028
0.387786453962326,0.6122135519981384,61806
0.46828206777572634,0.5317179083824157,54459
0.45926918983459475,0.5407308101654053,72494
0.5418675065040588,0.4581325113773346,19810
0.42868844866752626,0.5713115692138672,68131
0.4305443584918976,0.5694556117057801,474
0.3157099783420563,0.6842900276184082,32053
0.5713441729545593,0.4286557972431183,54399
0.23542028963565825,0.764579689502716,60688
0.7499975204467774,0.25000246465206144,17553
0.7027475953102111,0.29725242257118223,53985
0.13368624448776245,0.8663137435913086,22345
0.2402961939573288,0.7597037792205811,47590
0.8719345808029175,0.12806539237499237,38596
0.1971610575914383,0.8028389573097229,19273
0.2587561160326004,0.7412438750267029,3610
0.4835658073425293,0.5164341747760772,15989
0.41216559410095216,0.5878344058990479,22892
0.40857488512992857,0.591425096988678,60197
0.1576811581850052,0.8423188328742981,64752
0.33071778416633607,0.6692822098731994,57059
0.8032035589218139,0.19679645001888274,23600
0.6887471795082092,0.3112528443336487,39598
0.5807283401489258,0.4192716717720032,27852
0.43090574741363524,0.5690942645072937,9921
0.848093581199646,0.1519064038991928,30337
0.3800584554672241,0.6199415564537049,47276
0.5847989797592164,0.41520103216171267,64971
0.9300580382347107,0.06994196027517319,652
0.6075227856636047,0.39247719049453733,20095
0.4193264663219452,0.5806735277175903,5863
0.32185775637626646,0.6781422257423401,47519
0.47716747522354125,0.5228325009346009,37705
0.295558100938797,0.7044418811798095,33779
0.34457811117172243,0.6554218888282776,16592
0.10314647257328033,0.896853506565094,20322
0.557505977153778,0.44249401092529295,67755
0.8537665367126465,0.14623346030712128,15470
0.1416427195072174,0.8583572983741761,31685
0.48982646465301516,0.5101735293865204,49447
0.14298074841499328,0.8570192575454711,65225
0.13015200346708297,0.8698480010032654,8858
0.6803303122520447,0.31966968774795534,73682
0.7295730471611023,0.27042693495750425,59959
0.6179995179176331,0.38200045824050904,434
0.21980953216552734,0.7801904678344727,1034
0.1848184883594513,0.8151814937591553,46793
0.7159593820571899,0.28404061794281005,32419
0.5286610364913941,0.47133893966674806,35174
0.5006955802440644,0.4993044376373291,20586
0.40500764846801757,0.5949923515319824,27688
0.7579502582550048,0.2420497328042984,59511
0.12088960856199264,0.8791104316711426,39909
0.466751766204834,0.5332482576370239,48408
0.8757898092269898,0.12421019673347473,52936
0.20676499009132385,0.7932349920272828,43503
0.4678447425365448,0.5321552395820618,49871
0.792177164554596,0.20782285332679748,64720
0.20695162415504456,0.7930483937263488,1961
0.8335365533828736,0.1664634495973587,4418
0.537128233909607,0.46287177205085756,6511
0.6720866560935974,0.32791333794593813,37003
0.17935078740119934,0.8206492066383362,15599
0.5283610701560975,0.47163893580436705,15324
0.3204259693622589,0.6795740008354187,65353
0.524668526649475,0.47533146739006044,27600
0.8404232859611511,0.1595767021179199,51901
0.5178447484970092,0.4821552634239197,59289
0.6251370787620545,0.37486292123794557,68658
0.7227871656417847,0.2772128403186798,60513
0.4932693302631378,0.5067306458950043,48489
0.3897929906845093,0.6102070212364197,45684
0.5149363696575164,0.4850636303424835,67613
0.23420412540435792,0.7657958626747131,62807
0.2952908635139465,0.7047091364860535,10586
0.7426694154739379,0.2573305368423462,73525
0.3305713176727295,0.6694286942481995,4252
0.5827351927757263,0.4172647833824158,11483
0.7647873401641846,0.23521265089511872,68288
0.6005037188529968,0.3994962930679321,61912
0.6482658743858337,0.3517341375350952,28852
0.6153301358222961,0.384669828414917,2301
0.5131135821342468,0.48688639998435973,12618
0.4708324193954468,0.5291675925254822,65771
0.6945301294326782,0.3054698944091797,46393
0.5379568934440613,0.4620431363582611,71371
0.34289448261260985,0.657105553150177,10399
0.4485606670379639,0.5514393091201782,26054
0.21128110587596893,0.7887188911437988,38539
0.6651015639305115,0.33489843606948855,2438
0.8273663878440857,0.17263365387916565,23780
0.3641844093799591,0.6358155965805053,16291
0.334030419588089,0.6659695863723755,22280
0.5287609875202179,0.4712390244007111,64837
0.35497848987579345,0.6450214982032776,43120
0.43394712805747987,0.5660528898239136,43800
0.2547045886516571,0.7452953815460205,68754
0.31392273902893064,0.6860772490501403,55390
0.8779786944389343,0.12202129513025284,36017
0.3199244260787964,0.6800755739212037,12715
0.4238320529460907,0.5761679410934448,11821
0.4080414354801178,0.5919585704803467,46835
0.3578114569187164,0.6421885251998901,35280
0.7953877449035645,0.20461224913597106,51732
0.8349915623664856,0.16500846147537232,33075
0.5840576171875,0.41594238877296447,34273
0.10199010819196701,0.8980099081993103,49663
0.4339222252368927,0.5660777568817139,11640
0.9339047789573669,0.06609519049525261,32497
0.5693883061408996,0.43061167001724243,32078
0.4086302161216736,0.5913697957992554,5467
0.10942867249250413,0.8905713319778442,14195
0.7098965287208557,0.2901034474372864,28762
0.7929424166679382,0.20705759823322295,14665
0.38727411031723025,0.6127258896827698,11405
0.7093668699264526,0.29063313603401186,54212
0.32052071690559386,0.6794792890548706,12587
0.7262763738632202,0.27372363209724426,27194
0.8972883582115173,0.10271161645650864,26143
0.5856853365898133,0.4143146872520447,30043
0.5756115674972534,0.4243884146213531,9091
0.5386051177978516,0.46139490604400635,47468
0.364348828792572,0.635651171207428,30521
0.07813078314065933,0.9218692302703857,69419
0.05488312095403671,0.9451168537139892,51447
0.8798902988433838,0.12010966688394546,22978
0.7469572782516479,0.2530427485704422,72763
0.25597003996372225,0.744029951095581,38573
0.6173772573471069,0.38262274861335754,48508
0.7318337440490723,0.2681662768125534,67211
0.5993730664253235,0.4006269216537476,35171
0.5685052394866943,0.4314947366714478,25642
0.47722944617271423,0.5227705359458923,5833
0.09838519543409348,0.9016148090362549,65685
0.7336501717567444,0.26634983718395233,34917
0.7123339295387268,0.2876660645008087,11421
0.3110867977142334,0.6889131784439086,16427
0.5464521884918213,0.45354777574539185,36399
0.5208618462085723,0.47913816571235657,9635
0.5869311809539794,0.4130688011646271,65500
0.5758849501609802,0.42411504983901976,48150
0.5152052819728852,0.48479472398757933,23627
0.4607886075973511,0.53921138048172,44632
0.11593696624040603,0.8840630292892456,49844
0.27258007526397704,0.7274198889732361,16704
0.7393865823745728,0.26061340868473054,36710
0.20103780329227447,0.7989621996879578,34734
0.6842754721641541,0.31572452187538147,4400
0.2380226194858551,0.7619773626327515,71723
0.2130392760038376,0.7869607090950013,27718
0.8946124076843261,0.10538759082555771,19278
0.10852345526218414,0.8914765596389771,18881
0.6390429019927979,0.36095712184906004,58372
0.32891741394996643,0.671082592010498,24187
0.437328439950943,0.5626715421676636,21065
0.5093185722827911,0.49068142771720885,30364
0.6511185526847839,0.3488814353942871,43270
0.7780090689659118,0.22199094891548157,31410
0.5001721858978272,0.49982781410217286,16455
0.3806095063686371,0.6193905234336853,59552
0.6231651186943055,0.3768348693847656,27967
0.2282712370157242,0.771728777885437,12002
0.19600929617881774,0.8039907097816468,67205
0.9360145211219788,0.06398551687598228,49330
0.7958228826522827,0.20417712032794952,60285
0.5507896542549133,0.4492103695869446,57358
0.7524918198585511,0.2475081831216812,31702
0.39601526856422425,0.6039847254753112,67366
0.48581446409225465,0.5141855418682099,54800
0.5262177526950836,0.47378222942352294,24334
0.30888875722885134,0.6911112427711487,1176
0.7487238049507141,0.2512762039899826,62323
0.8153242588043212,0.18467574715614318,15153
0.1563991516828537,0.843600845336914,67918
0.8654520034790039,0.13454802334308624,15075
0.10396924614906311,0.8960307359695434,48170
0.4710452198982239,0.5289547801017761,60776
0.4200389444828033,0.5799610495567322,48472
0.2967175543308258,0.7032824397087097,23871
0.8857381582260132,0.11426184177398682,35762
0.5243748664855957,0.47562514543533324,61112
0.6402746796607971,0.3597253143787384,38903
0.5484040737152099,0.45159593820571897,47808
0.3139644742012024,0.6860355138778687,36157
0.2389043778181076,0.761095654964447,55652
0.532072764635086,0.4679272174835205,29661
0.30532442927360537,0.6946755647659302,138
0.42260493636131286,0.5773950457572937,65990
0.6089739680290223,0.3910260617733002,12808
0.7016353368759155,0.2983646631240845,2609
0.8450732946395874,0.1549267053604126,43010
0.8607775092124939,0.13922247886657715,7162
0.33106245994567873,0.6689375400543213,49934
0.25385809540748594,0.7461419343948364,3442
0.6164586782455445,0.38354130983352663,73666
0.42471447587013245,0.575285530090332,55126
0.40583733320236204,0.5941626906394959,37440
0.12901623994112016,0.8709837555885315,26032
0.6638694047927857,0.3361306130886078,6665
0.37151381373405457,0.628486168384552,17826
0.3796446919441223,0.6203553199768066,30885
0.0868394136428833,0.9131605625152588,30219
0.6662412524223328,0.3337587356567383,43425
0.5647148609161377,0.43528515100479126,2976
0.39766080379486085,0.6023391842842102,12891
0.7112089395523071,0.28879106044769287,19610
0.8412569761276245,0.15874301493167878,46616
0.6390586137771607,0.36094136238098146,2230
0.3532668352127075,0.6467331767082214,73567
0.5813283920288086,0.41867161393165586,68178
0.11286509931087493,0.8871349096298218,37634
0.536860728263855,0.4631392598152161,3594
0.3561901211738586,0.6438098549842834,4146
0.5589677214622497,0.44103226661682127,72511
0.5678359031677246,0.4321640908718109,8747
0.40098509192466736,0.5990148901939392,7678
0.4994441390037537,0.5005558609962464,885
0.6315936207771301,0.36840633153915403,64381
0.35969557762146,0.64030442237854,11053
0.3828828513622284,0.6171171545982361,8518
0.1995428740978241,0.8004571318626403,38836
0.2948997676372528,0.7051002025604248,13203
0.5477708220481873,0.4522291660308838,61610
0.6294363379478455,0.37056363821029664,72706
0.10813751369714737,0.8918624877929687,9425
0.5444735050201416,0.4555264949798584,13941
0.8023075699806214,0.19769243597984315,48974
0.30972158908843994,0.6902784109115601,51905
0.8982558965682983,0.10174408853054047,61971
0.6659099459648132,0.3340900480747223,29322
0.6539065361022949,0.3460934698581696,67707
0.6033584713935852,0.3966415286064148,9390
0.3758170366287231,0.6241829514503479,61747
0.6740154266357422,0.3259846031665802,5320
0.46871232986450195,0.5312876164913177,35492
0.5088772714138031,0.4911227345466614,12388
0.6734055399894714,0.3265945017337799,20845
0.2864689290523529,0.7135310530662536,9804
0.6381716251373291,0.3618283748626709,64012
0.5300519287586212,0.4699480593204498,12758
0.1922456681728363,0.8077543377876282,40483
0.44309431314468384,0.5569056987762451,5039
0.4933235585689545,0.506676459312439,9909
0.11223610788583756,0.8877639055252076,43571
0.5083978235721588,0.4916021406650543,13034
0.4678418874740601,0.5321581363677979,60243
0.3337384879589081,0.6662615180015564,2410
0.2820872187614441,0.7179127931594849,15876
0.44634510278701783,0.5536548972129822,52637
0.2425282269716263,0.757471787929535,49414
0.6110468626022338,0.38895314931869507,15674
0.3645505905151367,0.6354494214057922,18302
0.782835865020752,0.21716415882110596,26523
0.12993138730525972,0.8700685858726501,4847
0.5326643466949463,0.4673356533050537,28560
0.29860875606536863,0.7013912200927734,27835
0.46216353178024294,0.5378364682197571,47876
0.3708336055278778,0.6291664004325866,41679
0.4190058171749115,0.5809942007064819,46228
0.4487709403038025,0.5512290835380554,10888
0.39762264490127563,0.6023773312568664,54707
0.2192780077457428,0.7807219862937927,51755
0.7017729997634887,0.2982269823551178,36460
0.4213473260402679,0.5786526799201965,28632
0.3433888077735901,0.6566112399101257,66946
0.7345122218132019,0.2654877960681915,64894
0.8015604496002198,0.19843954741954803,32062
0.5421473383903503,0.4578526258468628,71858
0.9237177729606628,0.07628221660852433,53412
0.4920742690563202,0.5079257369041443,68002
0.21276729702949523,0.7872326970100403,34368
0.6042870998382568,0.3957129120826721,60126
0.16599623262882232,0.8340037703514099,37284
0.7500033378601074,0.24999666810035706,40812
0.17711770832538604,0.8228823065757751,29118
0.6357286810874939,0.36427130699157717,61765
0.7336577296257019,0.2663422852754593,60375
0.8120704054832458,0.18792960345745086,3715
0.8883336186408997,0.11166639477014542,66554
0.43486530184745786,0.5651347041130066,44885
0.1843973994255066,0.8156026244163513,63727
0.22580206096172334,0.7741979479789733,57141
0.6862318515777588,0.31376813650131224,17658
0.4828850746154785,0.5171148896217346,42366
0.6917792558670044,0.3082207441329956,11891
0.3960890531539917,0.6039109468460083,41932
0.8239850878715516,0.17601490318775176,47509
0.14236380606889726,0.8576361775398255,73882
0.5701800107955932,0.4298200011253357,47248
0.6700942158699036,0.3299058020114899,36258
0.28680150508880614,0.7131984949111938,31852
0.3984153807163239,0.6015846252441406,64303
0.5433964133262634,0.45660356879234315,63536
0.8219999074935913,0.1780000865459442,47265
0.49315270185470583,0.5068472802639008,34503
0.4730937957763672,0.5269062042236328,49669
0.899465548992157,0.10053446888923645,60464
0.6212167382240296,0.3787832915782928,49606
0.5752619624137878,0.42473801374435427,35934
0.7150359630584717,0.2849640607833862,10946
0.5625164031982421,0.4374835669994354,18499
0.5727264523506165,0.4272735595703125,52405
0.194637992978096,0.8053620100021363,8415
0.5319433212280273,0.4680566906929016,5253
0.5370423913002014,0.4629576027393341,38945
0.14455152451992034,0.8554484724998475,70333
0.3433556199073792,0.6566443681716919,53515
0.3424102783203125,0.6575897097587585,42797
0.21556297838687896,0.7844369888305665,61453
0.7034013032913208,0.2965987026691437,25985
0.2879245400428772,0.7120754599571228,43092
0.45916460156440736,0.5408353686332703,37935
0.4284833073616028,0.5715166926383972,31124
0.1577681839466095,0.842231810092926,47379
0.24768795371055602,0.7523120164871215,49974
0.6236352682113647,0.37636472582817077,59135
0.06959606930613518,0.9304039359092713,71126
0.694838571548462,0.3051613926887512,36934
0.4075525224208832,0.5924474596977234,41368
0.5349910855293274,0.46500890254974364,64023
0.6190657019615173,0.3809343039989471,28080
0.09651476889848709,0.9034852266311646,16101
0.4815321028232574,0.5184679210186005,4773
0.8329576849937439,0.16704227924346923,73539
0.4018402576446533,0.5981597423553466,71717
0.6508198499679565,0.349180144071579,24267
0.06395166516304016,0.9360483288764954,36518
0.5468177795410156,0.4531822204589844,39683
0.6313944101333618,0.36860557198524474,37832
0.6734365344047546,0.32656346559524535,6586
0.7211395144462586,0.27886049151420594,70974
0.8792474508285523,0.12075255811214447,42455
0.43391770124435425,0.5660822987556458,30963
0.7118611693382263,0.2881388127803802,48711
0.7470771670341492,0.25292285084724425,44120
0.539772629737854,0.4602273881435394,29457
0.24648958146572114,0.7535104036331177,56715
0.5726026654243469,0.4273973822593689,13520
0.1433568924665451,0.8566430807113647,48221
0.43195685744285583,0.5680431604385376,73272
0.43998239040374754,0.5600176095962525,73599
0.8114089846611023,0.18859100043773652,21505
0.6121405720710754,0.3878594100475311,16424
0.12028193175792694,0.8797180652618408,867
0.2833917737007141,0.7166082262992859,69701
0.8141083240509033,0.18589165508747102,62693
0.9024191260337829,0.09758085757493973,52699
0.2723294585943222,0.7276705622673034,47002
0.6180036187171936,0.38199639320373535,41750
0.9022181272506714,0.09778191447257996,19537
0.7987407684326172,0.20125920474529266,36772
0.8524729490280152,0.1475270450115204,66883
0.11394758969545364,0.886052417755127,12267
0.6777618050575256,0.3222382187843323,28596
0.03853301070630551,0.9614670038223266,59030
0.472581946849823,0.5274180412292481,49597
0.3392736613750458,0.6607263684272766,2062
0.7248705387115478,0.2751294791698456,23314
0.5824608922004699,0.41753912568092344,7809
0.6989110350608826,0.3010889828205109,14147
0.6189311861991882,0.3810688018798828,61972
0.3555712640285492,0.6444287419319152,47999
0.6365155458450318,0.36348444819450376,26378
0.3185123324394226,0.6814876675605774,68688
0.7843306303024292,0.21566936373710632,20058
0.6364882588386536,0.363511735200882,73408
0.39431300163269045,0.6056869983673095,53270
0.6153351783752441,0.3846648097038269,61401
0.5458909034729004,0.4541091024875641,72059
0.5949665784835816,0.40503339767456054,2400
0.1520403116941452,0.8479596853256226,59311
0.3669650673866272,0.6330349326133728,73724
0.9123583793640136,0.08764161616563797,60203
0.3014462232589722,0.6985538005828857,23599
0.26165074706077573,0.7383492350578308,10701
0.662517786026001,0.3374822199344635,17599
0.6207601666450501,0.37923985719680786,40203
0.5008840203285218,0.4991159439086914,36326
0.1344337433576584,0.8655662655830383,16085
0.40782914161682127,0.5921708703041076,49121
0.39624733924865724,0.6037526488304138,8278
0.38961646556854246,0.6103835463523865,68873
0.45720708966255186,0.5427929162979126,63055
0.5998723864555359,0.40012763142585756,54366
0.3961885154247284,0.6038114786148071,59232
0.6501651287078858,0.3498348891735077,15913
0.6313576579093934,0.3686423420906067,25357
0.6288415312767028,0.3711584389209747,19689
0.09248223155736923,0.9075177550315857,50973
0.8374459981918335,0.16255399882793425,46650
0.7601655483245849,0.2398344546556473,52832
0.6138398289680481,0.3861601769924164,70665
0.6813518285751343,0.3186481535434723,59419
0.7458503007888794,0.25414968132972715,192
0.7232593774795533,0.2767406165599823,42555
0.17500094175338746,0.8249990344047546,31403
0.5009379208087921,0.4990620672702789,27841
0.726850712299347,0.27314929068088534,57077
0.7043820261955261,0.29561799168586733,7539
0.7088341474533081,0.2911658644676208,64540
0.9055498600006103,0.09445011168718338,56352
0.48046897649765014,0.5195310592651368,43237
0.4800123333930969,0.519987690448761,40709
0.3311640679836273,0.6688359141349792,51666
0.49387564063072203,0.5061243593692779,30782
0.768147349357605,0.2318526655435562,49349
0.09242813885211945,0.9075718641281127,40934
0.42872404456138613,0.5712759971618653,11913
0.5125992238521576,0.48740074634552,69858
0.5769540548324585,0.42304596304893494,51871
0.6045255422592163,0.3954744577407837,31444
0.5909700036048889,0.4090299665927887,57811
0.6164670586585999,0.38353295922279357,33752
0.5312989354133606,0.46870105266571044,49562
0.6643115401268005,0.335688453912735,72354
0.3683601379394531,0.6316398739814758,61867
0.4236401379108429,0.5763598442077636,17486
0.5942546486854553,0.4057453513145447,56555
0.8214348196983338,0.17856517434120178,753
0.43307111859321595,0.5669288754463195,40824
0.4724315941333771,0.5275683879852295,38345
0.3501721978187561,0.6498277902603149,46269
0.5447447121143341,0.45525531768798827,52897
0.4331045806407928,0.5668954253196716,24346
0.7793455600738526,0.2206544280052185,4381
0.5398988962173462,0.4601011335849762,9557
0.4575702786445618,0.5424297332763672,822
0.47563273310661314,0.5243672847747802,10400
0.6090298652648926,0.3909701406955719,5942
0.15879749357700348,0.8412025094032287,28552
0.662804925441742,0.3371950924396515,66729
0.5558446049690247,0.44415539503097534,38570
0.365291154384613,0.634708833694458,23851
0.5965197682380676,0.4034802317619324,53043
0.3766132712364197,0.6233867287635804,22775
0.3811504065990448,0.6188496112823486,26193
0.7741328477859497,0.22586717307567597,70732
0.4049399018287659,0.5950601100921631,53557
0.23858400881290437,0.761415982246399,62370
0.1238146260380745,0.8761854052543641,13444
0.8841452956199646,0.11585471481084823,56812
0.7975214958190918,0.20247848927974701,45149
0.07232112884521484,0.9276788830757141,57455
0.5376366019248963,0.46236336827278135,21101
0.5343635439872741,0.4656364440917969,40660
0.7693065166473388,0.2306934893131256,12256
0.8531196236610412,0.14688035249710082,29932
0.6385442018508911,0.3614558160305023,26683
0.3717956066131592,0.6282043933868409,39106
0.34797646999359133,0.6520235300064087,53809
0.11081984639167786,0.8891801595687866,55485
0.19526660740375518,0.8047333717346191,73596
0.7688334345817566,0.23116657733917237,2732
0.5222989797592164,0.4777010440826416,10022
0.7587403774261474,0.24125964641571046,30508
0.37489272356033326,0.6251072525978089,24224
0.5384859919548035,0.4615139901638031,39053
0.5970346331596375,0.4029653429985046,49988
0.5749560594558716,0.42504396438598635,50733
0.4896649599075317,0.5103350639343261,16175
0.08067344725131989,0.9193265676498413,43497
0.43267704248428346,0.5673229575157166,4231
0.5827000498771667,0.4172999620437622,25748
0.44823182821273805,0.5517681479454041,25266
0.11672165691852569,0.8832783341407776,40006
0.7755872130393981,0.2244127869606018,47135
0.14636568427085878,0.8536343097686767,27284
0.06596371158957481,0.9340363144874573,62708
0.8869271278381348,0.11307289302349091,73170
0.11443397253751755,0.8855660438537598,27584
0.15760897994041442,0.842391037940979,43423
0.3403449714183807,0.6596550107002258,44109
0.8331819176673889,0.16681807935237886,54290
0.5679328441619873,0.4320671558380127,71279
0.46199855804443357,0.5380014419555664,2580
0.21855062544345855,0.7814493775367737,59923
0.6969694375991822,0.30303056836128234,24077
0.8460546851158142,0.15394530594348907,40146
0.2470459073781967,0.7529541015625,10563
0.11344505101442337,0.8865549564361572,58779
0.8398563623428345,0.16014363169670104,61125
0.16542086601257325,0.8345791459083557,10699
0.6094188213348388,0.39058120250701905,49311
0.08157326728105545,0.9184267401695252,20613
0.5926863431930542,0.4073136389255524,61221
0.2500250697135925,0.7499749064445496,55072
0.8263554692268371,0.1736445188522339,23583
0.5179708242416382,0.4820291638374329,18576
0.4306929409503937,0.5693070292472839,73989
0.15194637775421144,0.8480536103248596,199
0.5370471358299256,0.4629528641700745,6692
0.8753611445426941,0.12463886588811875,51768
0.5807306170463562,0.4192693829536438,22201
0.8175531387329101,0.18244688510894774,68509
0.4353817760944366,0.5646182179450989,18599
0.40548754930496217,0.5945124626159668,39630
0.3962647020816803,0.6037352800369262,43498
0.12665639221668243,0.8733436226844787,44054
0.27118639647960663,0.7288136005401611,61697
0.4835795223712921,0.5164204835891724,67265
0.5848974823951721,0.41510249376297,36545
0.3752723872661591,0.6247276067733765,3630
0.06551763489842415,0.9344823837280274,14082
0.06724014729261399,0.9327598571777344,61312
0.5111951291561126,0.4888048768043518,17129
0.27571187615394593,0.7242881298065186,58899
0.47051534056663513,0.5294846534729004,4027
0.3807170629501343,0.6192829251289368,41008
0.39966503977775575,0.6003349781036377,54142
0.4786139905452728,0.5213860213756562,19032
0.6452160239219665,0.35478397011756896,47275
0.4932204008102417,0.5067795872688293,35317
0.5267144203186035,0.47328558564186096,29361
0.5068283677101135,0.49317164421081544,40901
0.14378769993782042,0.8562122821807862,61005
0.34864243268966677,0.6513575911521912,6492
0.19779459536075591,0.8022054076194763,47937
0.116372612118721,0.8836274027824402,26098
0.4522832989692688,0.5477166891098022,11314
0.08744469434022903,0.9125553250312806,33396
0.43358537554740906,0.5664146423339844,66243
0.6472365975379943,0.3527633786201477,37830
0.5106933534145355,0.4893066346645355,36586
0.2210918754339218,0.778908121585846,58051
0.3538129568099976,0.6461870431900024,26406
0.3955503463745117,0.6044496774673462,52964
0.19707385897636415,0.8029261827468872,57793
0.13486807644367219,0.8651319146156311,25639
0.6903997540473938,0.30960023403167725,59598
0.13698028326034545,0.8630196809768677,7482
0.20867426991462706,0.7913257360458374,69965
0.37070472836494445,0.629295265674591,11134
0.12691303342580795,0.8730869770050049,42571
0.3577296793460846,0.6422703504562378,55947
0.9198423027992249,0.08015771508216858,73127
0.5342295527458191,0.4657704412937164,21157
0.6408824801445008,0.35911752581596373,670
0.773847472667694,0.22615252137184144,47978
0.10284759104251862,0.8971524119377137,59279
0.4101532816886902,0.5898466944694519,69550
0.8510573267936706,0.14894266724586486,36155
0.4493029296398163,0.5506970643997192,42176
0.2809448063373566,0.71905517578125,57913
0.6119109869003296,0.38808897137641907,60495
0.4250670850276947,0.5749328970909119,71291
0.1524614691734314,0.8475385546684265,21137
0.743611478805542,0.2563885122537613,4129
0.18919681012630463,0.8108031868934631,47440
0.5707549691200257,0.4292450249195099,10599
0.8620941162109375,0.13790586292743684,12641
0.5466873049736023,0.4533126771450043,18608
0.3284620940685272,0.6715378880500793,7681
0.6660125136375428,0.3339874863624573,55663
0.4858056426048279,0.51419438123703,34392
0.4586716592311859,0.5413283348083496,8722
0.6218972086906434,0.37810279726982116,23480
0.22989175617694854,0.7701082587242126,49206
0.775002920627594,0.22499706447124482,31547
0.7570346713066101,0.24296532571315765,73810
0.5884045243263245,0.41159548163414,10850
0.5358841300010682,0.4641158938407898,20671
0.6896670579910278,0.3103329360485077,19806
0.5322636127471924,0.46773636937141416,22266
0.4382160007953644,0.5617839932441712,56276
0.07598823606967926,0.9240117788314819,4163
0.6768301367759705,0.3231698632240295,48285
0.5635785460472107,0.43642144799232485,36039
0.5568681001663208,0.44313188791275027,55308
0.6442285895347595,0.35577141046524047,60938
0.7703970909118653,0.22960290014743806,55235
0.7870821833610535,0.21291781067848206,58427
0.4822259247303009,0.5177740693092346,67951
0.6244283676147461,0.37557162046432496,8953
0.5156235635280609,0.48437644839286803,56168
0.653664767742157,0.346335244178772,4813
0.3982985496520996,0.6017014622688294,50476
0.2113487273454666,0.7886512756347657,57268
0.23029860258102416,0.7697013974189758,71028
0.3328544318675995,0.667145597934723,37514
0.32686875462532045,0.6731312513351441,72700
0.63029625415802,0.36970375180244447,61767
0.6881046295166016,0.31189535856246947,33285
0.6196960806846619,0.3803039491176605,49373
0.4942385971546173,0.5057613968849182,68712
0.4350583732128143,0.5649416327476502,36870
0.5227537512779236,0.4772462427616119,58127
0.17520529329776763,0.8247947096824646,10882
0.42641315460205076,0.5735868334770202,65542
0.7714394092559814,0.22856059968471526,6693
0.0806594356894493,0.9193406105041504,64255
0.7575082778930664,0.2424916982650757,18636
0.3234257996082306,0.6765742063522339,30902
0.771915864944458,0.22808412909507753,60323
0.17683912813663483,0.8231608748435975,63437
0.2647117435932159,0.7352882623672485,44902
0.8526085257530213,0.14739148914813996,24457
0.5578312277793884,0.4421687722206116,34936
0.5492132902145386,0.4507866859436035,65272
0.31146560311317445,0.688534390926361,26467
0.5855980277061462,0.41440196633338927,39262
0.5630593419075012,0.4369406342506409,14859
0.07495056539773941,0.9250494599342346,43893
0.7317743301391602,0.26822568774223327,63455
0.21630576252937317,0.7836942553520203,25859
0.6642012000083923,0.3357988178730011,71403
0.6544549942016602,0.34554500579833985,10594
0.4993557870388031,0.5006441831588745,55086
0.32780714631080626,0.6721928238868713,70516
0.1558706670999527,0.8441293239593506,9135
0.385591596364975,0.6144084215164185,5032
0.7762098193168641,0.2237901896238327,56365
0.4346737802028656,0.5653262257575988,56405
0.7173041582107544,0.2826958239078522,43984
0.3423082709312439,0.6576917290687561,74140
0.452959406375885,0.547040605545044,11129
0.6163724184036254,0.383627587556839,37770
0.32404772043228147,0.6759523034095765,66609
0.421919572353363,0.5780804395675659,53537
0.633735191822052,0.366264808177948,71924
0.5252537846565246,0.4747462451457977,10742
0.6031789541244507,0.3968210756778717,37300
0.785468578338623,0.21453141570091247,58301
0.5974066853523254,0.402593332529068,43531
0.1330923095345497,0.8669076800346375,10541
0.6935388326644898,0.30646117925643923,54977
0.7310292243957519,0.26897075176239016,10870
0.8137313961982727,0.186268612742424,7877
0.7571852803230286,0.24281471073627472,19859
0.6195419907569886,0.3804580092430115,53013
0.8897639989852906,0.11023598313331603,69888
0.6012876868247986,0.39871233105659487,53733
0.8128505110740661,0.18714947402477264,23913
0.6271712303161621,0.3728287577629089,34789
0.16371276080608368,0.836287260055542,33704
0.31824936270713805,0.6817506432533265,33635
0.5101747930049896,0.48982521891593933,7728
0.45027366280555725,0.5497263312339783,54268
0.6011727809906006,0.3988272547721863,56406
0.805344533920288,0.1946554511785507,36444
0.42836960554122927,0.5716303586959839,1450
0.5166060507297516,0.483393931388855,10844
0.7037331461906433,0.29626685976982114,33610
0.6383078813552856,0.3616921126842499,1098
0.3366638720035553,0.6633361220359802,43273
0.38567774891853335,0.614322280883789,2166
0.6182429313659668,0.3817570984363556,31841
0.5556312084197998,0.44436879754066466,19314
0.17239968478679657,0.8276003241539002,49535
0.7305218338966369,0.26947818100452425,65647
0.57948077917099,0.4205191731452942,35238
0.24282479882240296,0.7571752190589904,62327
0.3578240394592285,0.6421759843826294,27873
0.6523563146591187,0.3476436972618103,27243
0.4526350378990173,0.5473649621009826,31014
0.43057896494865416,0.5694210171699524,33484
0.6732607007026672,0.3267393112182617,73730
0.6274173259735107,0.37258267402648926,57075
0.3025761842727661,0.697423803806305,18139
0.22666593194007872,0.7733340382575988,1793
0.2057255268096924,0.7942744970321656,59889
0.2587568640708923,0.7412431478500366,61093
0.555754554271698,0.444245445728302,57538
0.6040749669075012,0.39592504501342773,22872
0.35788687467575075,0.6421131253242492,8450
0.7648500323295593,0.23514994382858276,46606
0.6403034448623657,0.35969658493995665,33733
0.67989501953125,0.32010496854782106,44427
0.23963485956192015,0.7603651404380798,9127
0.5108866453170776,0.4891133487224579,33918
0.1763891816139221,0.8236108422279358,18277
0.47930378317832945,0.520696222782135,35021
0.1071983054280281,0.8928016781806946,52003
0.46204976439476014,0.5379502534866333,9736
0.4963415443897247,0.5036584734916687,73137
0.18005035817623138,0.8199496388435363,52672
0.21802132725715637,0.7819786906242371,2645
0.25169677734375,0.748303210735321,51230
0.6071166634559632,0.3928833603858948,51064
0.33366318345069884,0.6663367867469787,41162
0.5293736338615418,0.47062639594078065,52315
0.8681650400161743,0.13183497190475463,67523
0.5124889135360717,0.4875110864639282,25813
0.5583584904670715,0.4416415333747864,40579
0.5174718081951142,0.48252819776535033,40494
0.5347101807594299,0.46528981924057006,33105
0.7285775780677796,0.27142244577407837,52200
0.10284962654113769,0.8971503973007202,43735
0.46844701170921327,0.5315529644489289,41763
0.7318717956542968,0.26812820732593534,9277
0.24652133584022523,0.7534786343574524,53448
0.6543904423713685,0.3456095516681671,63121
0.15015701055526734,0.8498429775238037,21029
0.8490167021751404,0.15098333358764648,29775
0.5385361075401306,0.4614638686180115,51895
0.5339675605297088,0.46603245139122007,55995
0.5059372246265411,0.49406280517578127,51221
0.0695973977446556,0.9304025530815124,68261
0.2337192863225937,0.766280734539032,65837
0.8918517827987671,0.10814821422100067,59877
0.6909663438796997,0.3090336680412292,66679
0.6130956530570983,0.38690434098243714,23367
0.3499343991279602,0.6500656247138977,37659
0.8036565780639648,0.19634343087673187,60324
0.5335544168949127,0.4664456009864807,32109
0.48931813836097715,0.5106818497180938,74038
0.2899225831031799,0.7100773930549622,43913
0.18070747554302216,0.8192925333976746,26699
0.46061928272247316,0.5393807172775269,71223
0.18778058290481567,0.8122194051742554,55053
0.29605388045310976,0.7039461374282837,42466
0.609783160686493,0.39021681547164916,66354
0.17607952356338502,0.823920464515686,980
0.10853626132011414,0.8914637327194214,43110
0.6024943590164185,0.39750561118125916,53926
0.2097106844186783,0.790289306640625,70058
0.9371305227279663,0.06286949887871743,66137
0.14036933481693267,0.8596306562423706,44854
0.49761403203010557,0.5023859560489654,33190
0.25487140119075774,0.7451286435127258,43585
0.4523389756679535,0.5476609945297242,39672
0.1690494179725647,0.8309505701065063,13586
0.864809513092041,0.1351904973387718,31184
0.611615264415741,0.38838472962379456,15577
0.5796265244483948,0.4203734755516052,29756
0.13628520518541337,0.8637148022651673,3637
0.18870047032833098,0.8112995386123657,40348
0.4082602322101593,0.5917397737503052,39623
0.6101217627525329,0.3898782193660736,11969
0.28266608715057373,0.7173339009284974,27490
0.5320927023887634,0.46790730357170107,47481
0.9062366127967835,0.09376338273286819,2308
0.4071392834186554,0.5928607106208801,60240
0.5227412104606628,0.47725880742073057,49695
0.6653798937797546,0.33462013602256774,52007
0.2571899652481079,0.7428100228309631,21491
0.23501147627830504,0.7649885535240173,58036
0.6326140642166138,0.36738592982292173,43424
0.7256065130233764,0.2743934839963913,65707
0.4844230592250824,0.5155769407749176,71203
0.2818089425563812,0.7181910753250123,28519
0.2742810666561127,0.7257189393043518,15960
0.5110874593257904,0.4889125287532806,50033
0.13397980630397796,0.8660201907157898,73601
0.5651295900344848,0.43487043380737306,63372
0.6033843159675598,0.39661568999290464,111
0.835869288444519,0.1641307145357132,32371
0.20989485681056977,0.790105140209198,72134
0.21659568846225738,0.7834043502807617,68452
0.643989622592926,0.35601035952568055,4700
0.3430169403553009,0.6569830536842346,28862
0.501589959859848,0.4984100699424744,12048
0.10048069953918456,0.8995193004608154,50198
0.726835298538208,0.2731646835803986,51750
0.2650225430727005,0.7349774718284607,51407
0.3517257750034332,0.6482742309570313,41650
0.4717488348484039,0.5282511532306671,9083
0.6307412981987,0.3692586839199066,7912
0.852196729183197,0.14780327379703523,18514
0.5638780713081359,0.43612191677093504,25834
0.24167270958423615,0.7583272814750671,31960
0.4579160809516907,0.5420839071273804,53406
0.3577374219894409,0.6422626137733459,70920
0.13856720924377441,0.8614327907562256,16339
0.3453715622425079,0.6546284317970276,53444
0.07823739424347878,0.9217625856399536,58377
0.3441608190536499,0.6558391809463501,68962
0.6508814692497253,0.3491185486316681,47503
0.7684617161750793,0.2315383017063141,22720
0.7611585974693298,0.2388414263725281,56672
0.33441570997238157,0.6655842781066894,12933
0.6060172080993652,0.3939827620983124,45702
0.5795376896858215,0.4204623162746429,53134
0.12462418526411057,0.8753758430480957,21550
0.4983008086681366,0.5016991853713989,46719
0.5109901905059815,0.48900980949401857,18995
0.11080271303653717,0.8891972661018371,11213
0.5403247475624084,0.4596752166748047,73609
0.359200656414032,0.640799343585968,64866
0.44502717852592466,0.5549728274345398,73576
0.18386802673339844,0.8161319732666016,40361
0.46066452860832213,0.5393354713916778,15046
0.460853111743927,0.539146900177002,26295
0.40608264207839967,0.5939173579216004,43608
0.39493776559829713,0.6050622224807739,19469
0.8248031497001648,0.1751968801021576,28868
0.26241819858551024,0.7375817775726319,16887
0.44422444701194763,0.5557755589485168,18304
0.591808533668518,0.40819149613380434,54377
0.3871083915233612,0.6128916263580322,73285
0.7409052848815918,0.25909470319747924,16094
0.1219297170639038,0.8780702710151672,10180
0.8122841954231262,0.1877157896757126,54672
0.5165616989135742,0.4834383070468903,66693
0.47534478902816774,0.5246552586555481,16618
0.19905064702033998,0.8009493589401245,5013
0.2637229889631271,0.7362769961357116,55982
0.14625601172447206,0.8537439823150634,25230
0.7450651407241822,0.25493484139442446,51380
0.49557013511657716,0.5044298768043518,13677
0.1321445494890213,0.867855453491211,57216
0.591780138015747,0.4082198739051819,66930
0.6703077554702759,0.3296922445297241,61615
0.5326120793819428,0.4673879384994507,65875
0.9010879993438721,0.09891199916601182,11839
0.6924518823623658,0.30754812955856325,14553
0.15521627068519592,0.8447837114334107,3394
0.6600674152374267,0.3399325668811798,11788
0.8672604560852051,0.1327395483851433,24324
0.5536555886268616,0.4463444113731384,7874
0.4854909121990204,0.5145090878009796,22527
0.11886340826749801,0.8811365842819214,35759
0.7569360733032227,0.24306392967700957,71323
0.22555363476276397,0.7744463562965394,1022
0.15237047374248505,0.8476295232772827,22849
0.39849180579185484,0.6015081882476807,9394
0.7512897729873658,0.2487102121114731,59592
0.14545753896236419,0.8545424461364746,69756
0.6960661768913269,0.3039337992668152,8241
0.7579836010932922,0.24201642572879792,56078
0.500476998090744,0.4995229959487915,39997
0.45805701017379763,0.5419430017471314,64233
0.6343489050865173,0.36565113067626953,21821
0.5158170461654663,0.48418299555778505,7150
0.8331729173660278,0.1668270856142044,41513
0.5622518420219421,0.4377481579780579,58751
0.6178330898284912,0.38216689229011536,64689
0.7900048732757569,0.20999515056610107,68416
0.27331448197364805,0.7266855120658875,5325
0.17463619112968445,0.8253637909889221,38858
0.22308331727981567,0.7769166946411132,38154
0.9125404000282288,0.08745958954095841,42476
0.8411550760269165,0.1588449239730835,25998
0.7829328298568725,0.21706715524196624,26968
0.3214458882808685,0.6785540819168091,27036
0.1679849147796631,0.832015085220337,44249
0.6952455997467041,0.3047544002532959,48538
0.7049291729927063,0.29507086873054506,26777
0.5736337184906006,0.42636626958847046,62497
0.3420076906681061,0.6579923272132874,62368
0.5108634293079376,0.4891365706920624,58492
0.3849776029586792,0.6150224208831787,27380
0.5519546508789063,0.44804531931877134,29445
0.6858412742614746,0.3141587316989899,29116
0.20394909977912903,0.7960508942604065,69516
0.4989882469177246,0.5010117352008819,8818
0.4746147930622101,0.5253851890563965,44617
0.17809751331806184,0.8219024777412415,33830
0.11354471147060394,0.8864552855491639,49078
0.34238112568855283,0.6576188921928405,1672
0.532217288017273,0.46778271198272703,38435
0.5896048069000244,0.410395210981369,23181
0.2858963251113892,0.7141036987304688,70372
0.3061966300010681,0.6938033699989319,58884
0.33590956330299376,0.6640904307365417,37326
0.5219561874866485,0.47804381847381594,1381
0.4286327838897705,0.5713672041893005,58683
0.34138613343238833,0.6586138725280761,65015
0.38835049271583555,0.6116495013237,43720
0.26668118834495547,0.733318829536438,63904
0.6153549909591675,0.38464503884315493,28807
0.0875849336385727,0.912415087223053,39097
0.9082922816276551,0.09170770049095153,60749
0.8306174397468566,0.1693825513124466,25625
0.9088749170303345,0.09112507402896881,40763
0.7484901547431946,0.251509827375412,8189
0.8080895900726318,0.19191038608551025,21544
0.43291662335395814,0.5670833826065064,30051
0.8224868774414062,0.17751311063766478,69441
0.6947242617607117,0.3052757501602173,51677
0.3768330872058868,0.6231669187545776,11792
0.46742454171180725,0.5325754642486572,40342
0.911836576461792,0.08816340565681458,17282
0.5692715406417846,0.43072848320007323,22648
0.5837520360946655,0.41624794006347654,30480
0.3966470301151276,0.603352963924408,33812
0.17892371118068695,0.8210762858390808,41498
0.1377397358417511,0.8622602581977844,11822
0.11696328967809677,0.8830366969108582,57696
0.8451333403587341,0.15486666262149812,68913
0.5387563467025757,0.46124365329742434,29316
0.4126951277256012,0.5873048663139343,60555
0.5005896389484406,0.49941036105155945,34731
0.7801959872245788,0.21980400383472443,62790
0.7195393085479737,0.2804607152938843,43345
0.4055487930774689,0.5944511890411377,27973
0.2919177353382111,0.7080822348594665,8914
0.14784829467535018,0.8521517038345336,48224
0.5826393365859985,0.4173606693744659,49629
0.37438247799873353,0.625617527961731,35351
0.7921798586845398,0.20782013535499572,66715
0.9064747810363769,0.09352517127990723,2758
0.41364869475364685,0.5863512992858887,3758
0.37057379484176634,0.6294261574745178,49390
0.12203215658664704,0.8779678344726562,50772
0.12041602283716202,0.879583990573883,57437
0.4178458094596863,0.5821542024612427,40167
0.8403741121292114,0.15962590277194977,27709
0.42813401818275454,0.5718659877777099,38327
0.21424159705638884,0.7857583999633789,45764
0.7390633463859558,0.26093667447566987,45585
0.7374508380889893,0.26254914700984955,63748
0.4859531998634338,0.5140468001365661,26460
0.23731804192066192,0.7626819610595703,19722
0.3834270238876343,0.6165729761123657,27185
0.7533084750175476,0.2466915190219879,48735
0.25482631027698516,0.7451736927032471,26557
0.4975167095661163,0.5024832844734192,16854
0.4652155518531799,0.5347844421863556,51862
0.6561985850334168,0.3438014268875122,13906
0.3678556203842163,0.6321443915367126,5247
0.5965678811073303,0.4034321367740631,54555
0.5291540503501893,0.4708459496498108,43552
0.6084429621696472,0.39155704379081724,891
0.9274349927902221,0.07256500124931335,60330
0.7824751615524292,0.21752479374408723,49063
0.7403633117675781,0.2596367061138153,56865
0.8469173789024353,0.15308261215686797,43796
0.5416245400905609,0.45837547183036803,31628
0.7030925750732422,0.29690741896629336,3438
0.2727718859910965,0.7272281408309936,38694
0.4215151309967041,0.5784848690032959,72487
0.6291359186172485,0.370864075422287,26250
0.30527823567390444,0.694721782207489,18366
0.6195073008537293,0.3804927170276642,26407
0.37098785638809206,0.6290121674537659,62336
0.307714182138443,0.6922858119010925,40363
0.4679122805595398,0.5320877432823181,4230
0.42127406001091006,0.5787259221076966,60575
0.5217437863349914,0.47825621366500853,48619
0.5265554249286651,0.47344456911087035,17006
0.7946262240409852,0.20537377893924713,1633
0.5920231103897095,0.407976895570755,220
0.7906960368156433,0.20930399000644684,30668
0.8460735440254211,0.15392643511295317,19804
0.23032520115375518,0.769674813747406,21777
0.5083745241165161,0.4916254699230194,9919
0.5486021041870117,0.45139787197113035,11616
0.28910858631134034,0.7108914256095886,67870
0.3367853879928589,0.6632145762443542,72358
0.4557781457901001,0.5442218899726867,19287
0.2083701878786087,0.7916298151016236,39757
0.1980270892381668,0.8019729256629944,64222
0.5824848771095276,0.41751511096954347,61204
0.36722658276557923,0.6327733874320984,40232
0.1992633730173111,0.8007366299629212,63837
0.16234323978424073,0.8376567721366882,27848
0.6519981026649475,0.3480019271373749,21715
0.4825958669185638,0.5174041330814362,6757
0.47428869605064394,0.5257112979888916,2649
0.5051498711109161,0.4948501169681549,31085
0.5450891256332397,0.4549108803272247,7953
0.21730415225028993,0.7826958298683167,20364
0.6537246227264404,0.3462753653526306,43634
0.761657965183258,0.23834204077720642,23618
0.2622499942779541,0.7377499938011169,26323
0.23151136040687562,0.7684886455535889,58784
0.9070611357688904,0.09293885380029679,56246
0.4058675467967987,0.5941324591636657,8830
0.5436607539653778,0.45633923411369326,51904
0.24893905520439147,0.751060962677002,37512
0.3648599863052368,0.6351400256156922,60337
0.48874695897102355,0.5112530648708343,14821
0.5839021801948547,0.4160978138446808,14654
0.8110864281654357,0.188913556933403,57519
0.29042842984199524,0.7095715761184692,44931
0.7853280901908875,0.21467191874980926,57404
0.48775255084037783,0.5122474372386933,8054
0.5936056494712829,0.40639435052871703,21190
0.6419206023216247,0.35807942748069765,34369
0.711208724975586,0.28879126310348513,26868
0.7506932973861694,0.24930670261383056,62619
0.6086044430732727,0.3913955628871918,23126
0.7166574716567993,0.28334254324436187,1277
0.5083818316459656,0.49161813855171205,3314
0.19728274941444396,0.8027172446250915,66801
0.7575721263885498,0.24242787659168244,41495
0.3400904178619385,0.6599095940589905,40399
0.7887041926383972,0.21129580736160278,55435
0.4555777311325073,0.5444222807884216,70847
0.5492499470710754,0.45075002908706663,252
0.5609508514404297,0.43904913663864137,1735
0.3685827910900116,0.631417202949524,40188
0.7403007745742798,0.2596992522478104,66496
0.500311803817749,0.4996882021427155,71488
0.6780713677406311,0.3219286322593689,60680
0.589710247516632,0.41028974056243894,24802
0.7107086062431336,0.28929136991500853,12623
0.48019477128982546,0.5198052406311036,60132
0.20331175923347472,0.7966882348060608,12994
0.40389866232872007,0.5961013436317444,69320
0.2416204422712326,0.7583795547485351,709
0.6116625070571899,0.3883374810218811,36561
0.24134329259395598,0.7586567044258118,47874
0.23317222893238068,0.7668277740478515,23251
0.4122926354408264,0.5877073407173157,145
0.3523577988147736,0.647642195224762,4473
0.15276918411254883,0.8472308158874512,40684
0.6323166489601135,0.3676833987236023,9725
0.8513772487640381,0.14862275123596191,25068
0.5890009760856628,0.41099905371665957,2418
0.6472939372062683,0.3527060508728027,67899
0.7183380722999573,0.28166194558143615,36558
0.5920346856117249,0.40796528458595277,57765
0.7621611595153809,0.23783884346485137,66719
0.5516203880310059,0.4483795762062073,61978
0.7478575229644775,0.25214244425296783,54045
0.3806845903396606,0.6193153858184814,29805
0.5756489872932434,0.42435103058815005,3639
0.681212043762207,0.3187879383563995,30926
0.6449320673942566,0.3550679087638855,26859
0.6902629137039185,0.3097370624542236,62217
0.5004398226737976,0.49956018328666685,3875
0.7569219589233398,0.2430780440568924,35570
0.08590314537286758,0.9140968680381775,64011
0.29556928277015687,0.7044306993484497,50906
0.5529236435890198,0.4470763146877289,5549
0.34092782735824584,0.6590721845626831,17589
0.09354227930307388,0.9064577460289002,54455
0.5792983174324036,0.42070170044898986,60127
0.8595165133476257,0.140483495593071,30775
0.3954856634140015,0.6045143485069275,15979
0.5802035689353943,0.41979644298553465,25874
0.8195834875106811,0.18041650354862213,33048
0.20727703869342803,0.7927229523658752,26352
0.093697090446949,0.9063029170036316,36950
0.3119913637638092,0.6880086302757263,3868
0.6885513305664063,0.3114486515522003,70762
0.6575107455253602,0.3424892485141754,5936
0.3810665011405945,0.6189334988594055,54666
0.8071446180343628,0.19285538494586946,62160
0.5474095463752746,0.4525904476642609,7973
0.8275810241699219,0.17241896092891693,30529
0.7223235487937927,0.2776764571666718,23437
0.6315643429756165,0.36843566298484803,50516
0.284019410610199,0.7159805774688721,66909
0.31484997272491455,0.6851500034332275,73872
0.40135916471481325,0.5986408591270447,55519
0.7405365109443665,0.2594635158777237,18520
0.33112812638282774,0.6688718438148499,23616
0.6926004767417908,0.30739951729774473,50041
0.391599303483963,0.6084007024765015,32840
0.33801171779632566,0.6619882822036743,13127
0.6075874924659729,0.3924125075340271,59397
0.6562937140464783,0.34370626211166383,37836
0.7631781458854675,0.23682186603546143,34982
0.5346339464187622,0.46536603569984436,915
0.8375499486923218,0.16245003640651703,70406
0.5591426134109497,0.4408573925495148,17968
0.3112157344818115,0.6887842535972595,7065
0.4943038523197174,0.505696153640747,17542
0.4552678346633911,0.5447321891784668,16663
0.6775476336479187,0.32245236039161684,19574
0.21085367500782012,0.789146339893341,16781
0.09234751015901566,0.9076525092124939,2103
0.3291986048221588,0.6708013772964477,38833
0.6720840334892273,0.32791599035263064,71698
0.5316496014595031,0.46835035681724546,60257
0.5804484724998474,0.4195515334606171,73967
0.7300134301185608,0.2699865698814392,1073
0.39167401790618894,0.6083259582519531,71576
0.774453091621399,0.22554690539836883,21974
0.3586452901363373,0.6413547039031983,3396
0.08956962823867798,0.9104303836822509,33591
0.627771532535553,0.37222846150398253,36645
0.6262629628181458,0.3737370610237122,36415
0.1521906942129135,0.8478093028068543,56937
0.9197509288787842,0.08024906218051911,19402
0.1543291062116623,0.8456708908081054,49141
0.7505120635032654,0.2494878888130188,15011
0.6176061749458313,0.3823938012123108,54169
0.6262440085411072,0.3737559914588928,57003
0.7301458120346069,0.2698542147874832,30548
0.5110474050045013,0.4889525830745697,46952
0.4383973658084869,0.5616026639938354,28374
0.34218711853027345,0.6578128576278687,72932
0.41401122212409974,0.5859887719154357,4504
0.225059974193573,0.774940037727356,69096
0.6073251366615295,0.39267483353614807,1901
0.6295285820960999,0.3704714119434357,68821
0.5716559290885925,0.42834408283233644,5541
0.3509866952896118,0.6490132808685303,10736
0.23887638747692108,0.7611236333847046,675
0.3980065047740936,0.6019935011863708,26423
0.3746233880519867,0.6253766298294068,15128
0.7230723977088929,0.2769276201725006,31004
0.9177066922187805,0.082293301820755,28704
0.8426511645317077,0.15734882056713104,41562
0.1805792897939682,0.8194206953048706,22457
0.4701515257358551,0.5298484444618226,70540
0.12558075934648513,0.8744192242622375,2291
0.5356403589248657,0.4643596410751343,41345
0.5017592906951904,0.498240715265274,1917
0.7468873739242554,0.2531126499176025,55675
0.23776521384716034,0.7622347831726074,18533
0.1156168058514595,0.8843831896781922,56929
0.4581881403923035,0.5418118715286255,43306
0.42302361130714417,0.5769764065742493,53736
0.713091504573822,0.2869084715843201,45061
0.4189641118049622,0.5810358881950378,49096
0.47399674654006957,0.5260032832622528,3636
0.32764214277267456,0.6723578453063965,8534
0.40453991293907166,0.5954600811004639,20553
0.891887366771698,0.1081126168370247,22917
0.4055106520652771,0.5944893598556519,54492
0.2792353630065918,0.7207646250724793,54827
0.16655223071575165,0.833447790145874,73252
0.8170671463012695,0.18293282985687256,37096
0.6734357118606568,0.32656427621841433,69290
0.5378463506698609,0.46215360760688784,61297
0.6174358248710632,0.3825641691684723,48474
0.8202738881111145,0.17972610294818878,60040
0.2953002452850342,0.7046997427940369,3223
0.5485827684402466,0.4514172077178955,56529
0.21809870898723602,0.7819012761116028,72839
0.19202310740947723,0.8079769253730774,70576
0.18089281022548676,0.819107186794281,21999
0.6161242604255677,0.38387576341629026,63486
0.5936152219772339,0.4063847720623016,33982
0.19882879555225372,0.8011712193489074,74237
0.5902613997459412,0.40973857045173645,3012
0.11928552985191346,0.8807144641876221,26950
0.12083622813224792,0.8791637659072876,70905
0.8688671708106994,0.13113279193639754,8342
0.29406471848487853,0.705935287475586,67738
0.41744588017463685,0.5825541257858277,44967
0.19078165888786316,0.8092183470726013,21397
0.6022029161453247,0.39779706597328185,28642
0.7670948147773743,0.23290516138076783,4895
0.7683592200279236,0.23164077401161193,62104
0.40183687806129453,0.598163115978241,43642
0.6534909009933472,0.3465091109275818,23896
0.23796441853046418,0.7620355606079101,10122
0.34411404132843015,0.6558859705924988,36829
0.6015728116035461,0.3984272062778473,51062
0.10149188190698624,0.8985081434249877,3143
0.3643886387348175,0.6356113314628601,18013
0.4667235195636749,0.533276480436325,41295
0.7709310054779053,0.22906897962093353,22897
0.4158134639263153,0.5841865420341492,32394
0.46943874955177306,0.5305612325668335,29280
0.5323599696159362,0.4676400125026703,38819
0.6882985830307007,0.31170145869255067,5677
0.7633691191673279,0.2366308957338333,11855
0.660861074924469,0.3391389429569244,55839
0.20915256142616273,0.7908474326133728,24342
0.7947892189025879,0.20521077513694763,20236
0.25961321890354155,0.7403867840766907,24594
0.8986163020133973,0.10138368308544159,61891
0.5752349972724915,0.4247649788856506,65315
0.6335541486740113,0.3664458394050598,54004
0.45563119649887085,0.5443688035011292,14758
0.46611822247505186,0.5338817596435547,41665
0.42400327920913694,0.5759967207908631,49494
0.6681223511695862,0.33187763690948485,29848
0.4836414337158203,0.5163585722446442,72075
0.5719282269477844,0.4280717670917511,41045
0.5725051999092102,0.4274947941303253,55959
0.7451079487800598,0.25489201545715334,52579
0.4619906544685364,0.5380093574523925,73528
0.4541953444480896,0.5458046674728394,73488
0.4734812617301941,0.5265187442302703,72116
0.6162270426750183,0.3837729811668396,19617
0.5828297734260559,0.4171702265739441,28946
0.7217721343040466,0.2782278835773468,20508
0.6412339925765991,0.3587660312652588,7174
0.48748372197151185,0.5125162601470947,14528
0.9256849765777588,0.07431501597166061,28383
0.6318989038467407,0.36810110211372377,64497
0.7246156811714173,0.2753843069076538,37728
0.48334323763847353,0.5166567683219909,55501
0.2403115749359131,0.759688425064087,45081
0.18523965179920196,0.8147603154182435,59638
0.8919222712516784,0.1080777645111084,35204
0.0939792513847351,0.9060207486152649,44503
0.16292337477207183,0.8370766162872314,9054
0.2862678349018097,0.7137321352958679,9060
0.4998693525791168,0.5001306354999542,67182
0.20518115162849426,0.7948188543319702,6466
0.12528515011072158,0.8747148394584656,12787
0.8048529386520386,0.1951470673084259,26848
0.3517833173274994,0.6482166886329651,6914
0.274759578704834,0.725240433216095,69877
0.2978427767753601,0.7021572232246399,51020
0.5237507045269012,0.4762493073940277,42100
0.5603507161140442,0.4396492958068848,34954
0.892433249950409,0.10756677538156509,37275
0.43253234028816223,0.5674676656723022,52151
0.6307373166084289,0.36926270127296446,9031
0.6356805801391602,0.36431944370269775,7824
0.6912987232208252,0.3087012469768524,60225
0.6891866564750672,0.31081334948539735,14442
0.8339353919029235,0.16606460213661195,29232
0.14530887305736542,0.8546911239624023,30077
0.571758222579956,0.4282417714595795,41567
0.048880983144044876,0.9511190295219422,44480
0.7360112071037292,0.2639888048171997,20981
0.2574727892875671,0.7425272226333618,13928
0.6193595170974732,0.3806404709815979,69758
0.48897345662117003,0.5110265254974365,30701
0.8103806972503662,0.18961929380893708,32087
0.6180657148361206,0.38193429708480836,55423
0.7079479336738587,0.29205209016799927,70884
0.4069944739341736,0.5930055260658265,4801
0.11520168334245681,0.8847983121871948,55576
0.18165504932403564,0.8183449387550354,48856
0.8083918333053589,0.19160816967487335,19973
0.4068528413772583,0.5931471705436706,60504
0.735833752155304,0.26416627168655393,31205
0.5401628255844116,0.45983717441558836,36607
0.6188798427581788,0.38112016916275027,20208
0.5985414266586304,0.40145856738090513,48237
0.34745530486106874,0.6525446891784668,35971
0.1340987801551819,0.865901243686676,61278
0.15725532472133635,0.8427446961402894,28800
0.122394160926342,0.8776058435440064,17238
0.5264451265335083,0.4735548794269562,64989
0.7952162027359009,0.2047837942838669,11201
0.47801138162612916,0.5219886541366577,11125
0.4209364831447601,0.5790635347366333,64588
0.7112917900085449,0.2887082040309906,10418
0.30048471689224243,0.6995152950286865,26788
0.7052411675453186,0.29475886225700376,26243
0.4628026306629181,0.5371973752975464,42457
0.23444401025772094,0.765555989742279,33534
0.6126378178596497,0.3873621940612793,30154
0.7460093379020691,0.2539906919002533,41332
0.4546720802783966,0.545327889919281,20504
0.46252201795578,0.537477993965149,72920
0.29560627937316897,0.704393744468689,47492
0.37659579515457153,0.6234041690826416,23013
0.49246288537979127,0.5075371205806732,43986
0.8213907837867737,0.17860922515392302,52378
0.8564126133918762,0.14358740150928498,31726
0.5892593383789062,0.4107406556606293,61855
0.7337913155555725,0.26620870232582095,70912
0.5630495071411132,0.4369505047798157,54785
0.44116676449775694,0.5588332295417786,14312
0.6240427851676941,0.37595722675323484,6482
0.8558911919593811,0.1441088080406189,42761
0.37218459248542785,0.6278154373168945,60830
0.6435631394386292,0.35643688440322874,31986
0.4158204674720764,0.5841795325279235,61124
0.6775121569633484,0.3224878370761871,25221
0.5923621535301209,0.40763784646987916,66850
0.536331045627594,0.4636689603328705,6706
0.6264008283615112,0.3735991418361664,15248
0.20770521759986876,0.7922947764396667,51383
0.6447548508644104,0.3552451491355896,24302
0.4137949407100677,0.5862050890922547,72407
0.22469662725925446,0.7753033399581909,28436
0.4794364869594574,0.5205635309219361,61490
0.5163437604904175,0.483656233549118,24555
0.35488687753677367,0.6451131105422974,36926
0.30538740158081057,0.6946126103401185,61991
0.44500715732574464,0.5549928545951843,72556
0.4376932978630066,0.5623067259788513,1932
0.8432309031486511,0.15676909387111665,64764
0.26512438952922823,0.7348756074905396,59918
0.4690443515777588,0.5309556245803833,5580
0.5913285851478577,0.4086713969707489,27025
0.794204580783844,0.20579540133476257,36256
0.08391430675983429,0.9160857200622559,22953
0.7425722002983093,0.2574277758598328,16790
0.12052030116319656,0.879479706287384,65332
0.5770231008529663,0.4229768931865692,22086
0.22179368436336516,0.7782063007354736,37701
0.25231277346611025,0.7476872324943542,62653
0.5083962500095367,0.4916037917137146,41627
0.479457300901413,0.5205426871776581,28363
0.6727208733558655,0.3272791564464569,37914
0.17871740460395813,0.8212826013565063,27903
0.7591739535331726,0.2408260554075241,44273
0.45355373024940493,0.5464462637901306,65402
0.8000312328338623,0.1999687820672989,67442
0.6855146765708924,0.3144853115081787,48347
0.718910014629364,0.28108999133110046,99
0.4497469365596771,0.550253051519394,51226
0.2286319464445114,0.7713680505752564,15400
0.7671092510223388,0.2328907310962677,11260
0.20977902114391328,0.7902209758758545,66050
0.3436746716499329,0.6563253164291382,20231
0.3793058454990387,0.6206941843032837,2917
0.6402833580970764,0.3597166478633881,1785
0.8367518901824951,0.16324810683727264,73387
0.893816101551056,0.10618387460708618,25901
0.7354732871055603,0.26452670693397523,5059
0.5138012528419494,0.4861987352371216,6737
0.6998526215553283,0.30014737844467165,45933
0.23620897829532622,0.7637909889221192,70580
0.7715147614479065,0.22848523855209352,38847
0.9448408246040344,0.055159160494804384,46450
0.44519148468971254,0.5548085331916809,63895
0.4827839434146881,0.5172160387039184,42082
0.6111180424690247,0.38888198137283325,23531
0.7590266108512879,0.24097338020801545,63078
0.5727524042129517,0.4272475838661194,14366
0.17197831571102143,0.8280216932296753,48363
0.6093647122383118,0.3906352877616882,32678
0.7720107913017273,0.22798921167850494,54234
0.7898620963096619,0.21013788878917694,49016
0.7638525485992431,0.2361474633216858,47282
0.816796886920929,0.1832031011581421,39853
0.4044801354408264,0.5955198645591736,35952
0.5346839785575866,0.46531599164009096,19014
0.7340356945991516,0.26596432626247407,18111
0.43523316383361815,0.5647668361663818,5006
0.47277251482009885,0.5272274792194367,8019
0.19119473397731782,0.8088052630424499,9773
0.384314626455307,0.6156854033470154,74271
0.15634872019290924,0.843651282787323,56861
0.3048898935317993,0.6951100945472717,4599
0.882780659198761,0.11721934527158737,55868
0.4930108547210693,0.5069891393184662,32293
0.7206301212310791,0.27936986088752747,25694
0.34390397667884826,0.6560960292816163,32745
0.14806389510631562,0.8519361138343811,48415
0.6465889811515808,0.35341101288795473,64099
0.6676421403884888,0.3323578476905823,5115
0.6479615569114685,0.35203843712806704,15236
0.5880425095558166,0.4119574844837189,26088
0.3913270831108093,0.6086729049682618,73075
0.4275780081748962,0.5724219560623169,34907
0.8121716499328613,0.18782831430435182,54102
0.6278629422187805,0.37213703989982605,18025
0.7959546446800232,0.20404536724090577,27089
0.39739739894866943,0.6026025891304017,22990
0.43606101870536806,0.5639390230178833,22446
0.4822061598300934,0.517793846130371,42977
0.45564172863960267,0.5443582534790039,57675
0.791045343875885,0.2089546501636505,59758
0.4618560016155243,0.5381440043449401,1335
0.2154605805873871,0.7845394134521484,25810
0.7801544785499572,0.21984553039073945,40968
0.5674969792366028,0.4325030267238617,30984
0.4934765100479126,0.5065234899520874,14010
0.5084835827350617,0.49151644110679626,55807
0.6786649584770202,0.32133505344390867,6380
0.4867922604084015,0.5132077693939209,35462
0.5396394610404969,0.46036052107810976,73624
0.17025327384471894,0.8297467112541199,15726
0.034778716415166853,0.9652212858200073,57629
0.22231958210468292,0.7776804327964782,31422
0.09998869001865388,0.9000113368034363,12294
0.2666993707418442,0.7333006024360657,33351
0.20887694954872132,0.7911230444908142,52589
0.6313447594642639,0.36865525245666503,46520
0.5354093194007874,0.4645906388759613,30245
0.39728726744651793,0.6027127265930176,18578
0.3871105134487152,0.6128894686698914,69525
0.5978011608123779,0.4021988272666931,64624
0.6115629076957703,0.3884371042251587,30058
0.19129420816898346,0.8087058067321777,15218
0.15679025948047637,0.8432097434997559,23966
0.749893581867218,0.2501064330339432,38909
0.5179555773735046,0.4820444107055664,60244
0.324760365486145,0.6752396345138549,4516
0.7911237597465515,0.20887625813484192,72039
0.5433521628379822,0.45664784908294676,22918
0.7716441035270691,0.22835588753223418,61564
0.4976418375968933,0.5023581862449646,30460
0.3367302656173706,0.6632697343826294,3404
0.20300719738006592,0.7969928026199341,6593
0.3526228070259094,0.6473771929740906,57356
0.6552363872528076,0.3447636246681213,57213
0.31575325727462766,0.6842467427253723,9170
0.20894938707351685,0.7910506248474121,17847
0.4621204614639282,0.5378795266151428,26319
0.726300060749054,0.2736999452114105,46115
0.5333948254585266,0.4666051805019379,71470
0.1328805923461914,0.8671194076538086,30477
0.3120808184146881,0.6879191756248474,54900
0.6532415628433228,0.34675846099853513,28347
0.8674752116203308,0.13252480030059816,27976
0.7939294099807739,0.20607059001922606,13309
0.8788874864578247,0.1211124986410141,62315
0.3006837487220764,0.6993162274360657,52903
0.3528732001781464,0.6471267819404602,44584
0.7796204924583435,0.2203794986009598,62142
0.36082621216773986,0.6391738176345825,73086
0.6718775629997253,0.3281224250793457,50847
0.19787491858005524,0.802125084400177,43760
0.41506251096725466,0.5849375128746033,45514
0.43549224734306335,0.5645077586174011,57190
0.48833648562431337,0.5116635262966156,57960
0.6025288462638855,0.397471159696579,13549
0.48200430274009703,0.5179957091808319,5232
0.37192824482917786,0.6280717492103577,690
0.40878931879997255,0.5912107110023499,24327
0.7594028115272522,0.24059719145298003,60180
0.7627776861190796,0.23722233176231383,49567
0.4428587377071381,0.5571412682533264,68439
0.4808184325695038,0.5191815435886383,66738
0.29458349347114565,0.7054165005683899,30235
0.8346882820129394,0.165311735868454,43524
0.4122605800628662,0.5877394080162048,56165
0.7453132271766663,0.2546867847442627,59134
0.1852949947118759,0.8147050023078919,53810
0.4049429476261139,0.5950570464134216,12108
0.7046764612197876,0.29532352089881897,14278
0.472420996427536,0.5275790154933929,28745
0.7213001132011414,0.27869990170001985,73331
0.17989524006843566,0.8201047658920289,7061
0.243606773018837,0.7563932299613952,54405
0.7445617556571961,0.25543826520442964,6399
0.5314257085323334,0.4685742795467377,15823
0.6895111322402954,0.3104888617992401,26104
0.6256513357162475,0.37434866428375246,4544
0.6916701793670654,0.3083298563957214,48117
0.14672187864780425,0.853278124332428,10167
0.08726874589920045,0.9127312421798706,31229
0.6918467998504638,0.30815319418907167,47570
0.5056305468082428,0.49436944127082827,27298
0.35621402263641355,0.6437859535217285,48484
0.6594952464103698,0.34050471186637876,70471
0.34451250433921815,0.6554874897003173,62269
0.4860822081565857,0.5139177978038788,35602
0.6080238223075867,0.39197617769241333,1040
0.7037719368934632,0.29622810482978823,14002
0.5713767766952514,0.42862323522567747,71396
0.24151613116264342,0.7584838986396789,44916
0.5313226580619812,0.46867731809616087,13512
0.6440632581710816,0.35593674778938295,23301
0.6034420847892761,0.39655792713165283,53779
0.5515926480293274,0.4484073340892792,48860
0.2815546452999115,0.718445360660553,20878
0.5618624210357666,0.4381375670433044,74400
0.2267390489578247,0.7732609629631042,70026
0.3013592600822449,0.6986407160758972,74424
0.3805858254432678,0.6194141507148743,46084
0.6224237084388733,0.37757629752159116,5804
0.7052172064781189,0.29478275775909424,54818
0.39639551639556886,0.6036044716835022,3863
0.715689218044281,0.2843107759952545,67347
0.663788664340973,0.3362113296985626,26911
0.1260707661509514,0.873929214477539,71639
0.6790413737297059,0.3209586083889008,67704
0.10106436312198638,0.8989356517791748,74220
0.6711791157722473,0.32882089614868165,59088
0.3126066207885742,0.6873933792114257,5361
0.36539512872695923,0.6346048712730408,57137
0.4613925576210022,0.5386074185371399,54536
0.7900447368621826,0.20995526313781737,31879
0.1540612131357193,0.8459388017654419,61625
0.49219380021095277,0.507806247472763,28359
0.9177745938301086,0.08222540616989135,20629
0.5570565462112427,0.4429434537887573,39217
0.6648126363754272,0.3351873517036438,21407
0.4029718577861786,0.5970281362533569,27710
0.11147693693637847,0.8885230422019958,23142
0.06542895510792732,0.9345710515975952,25691
0.1620958536863327,0.837904155254364,27583
0.20417724251747132,0.79582279920578,14075
0.5339446723461151,0.4660553216934204,50843
0.08347730338573456,0.9165226936340332,2181
0.6011807441711425,0.3988192617893219,19603
0.42740885019302366,0.5725911617279053,872
0.6225500702857971,0.37744994163513185,49239
0.6388189673423768,0.3611810505390167,27596
0.8544378399848938,0.14556214809417725,71562
0.35314308404922484,0.6468569517135621,13437
0.26130888164043425,0.7386911273002624,51644
0.49656333327293395,0.5034366726875306,52035
0.8653392195701599,0.13466077148914338,12792
0.7093466520309448,0.2906533479690552,59970
0.36591029167175293,0.6340897083282471,43864
0.3130085229873657,0.6869914889335632,47421
0.5463613033294678,0.4536386847496033,53611
0.4218763291835785,0.5781236886978149,73327
0.7016188263893127,0.2983811616897583,62129
0.6339951515197754,0.3660048544406891,28575
0.1914581388235092,0.8085418462753295,30549
0.28432160019874575,0.7156784176826477,65956
0.6166524291038513,0.38334758281707765,54736
0.3833580672740936,0.6166419386863708,613
0.670773184299469,0.32922680377960206,47967
0.8538467168807984,0.14615327417850493,47352
0.28072812855243684,0.7192718744277954,47770
0.5750089287757874,0.4249910533428192,11714
0.8412345767021179,0.15876544117927552,38610
0.5901292085647583,0.4098707795143127,65475
0.22833057045936583,0.7716694235801697,4870
0.7601545453071594,0.2398454248905182,71506
0.6328360795974731,0.36716391444206237,46185
0.5134164035320282,0.48658362627029417,9267
0.682773208618164,0.31722680330276487,6527
0.5128230631351471,0.4871769189834595,35478
0.6192209362983704,0.38077905774116516,58291
0.8366137385368347,0.1633862406015396,26346
0.645710563659668,0.3542894124984741,57271
0.6327069997787476,0.36729297041893005,3209
0.5461546182632446,0.45384536385536195,71993
0.46141972541809084,0.5385802865028382,66712
0.6192254781723022,0.3807745397090912,67744
0.439059978723526,0.5609400033950805,7653
0.5519307136535645,0.44806925654411317,32171
0.1490374058485031,0.8509625911712646,35915
0.5262611508369446,0.47373884320259096,27860
0.1577194333076477,0.8422805786132812,33220
0.38549224734306337,0.6145077586174011,35784
0.34377269744873046,0.6562273025512695,1183
0.38464882373809817,0.6153511762619018,18503
0.6774585723876954,0.32254140377044677,33916
0.4588869273662567,0.5411130666732789,35449
0.48506486415863037,0.5149351358413696,35035
0.17754935026168822,0.8224506258964539,1762
0.5793814301490784,0.4206185698509216,33409
0.5103137612342834,0.4896862328052521,70670
0.6313291430473328,0.3686708390712738,43490
0.6424569010734558,0.3575431227684021,32862
0.5155731976032257,0.48442680239677427,32660
0.4186637938022614,0.5813362121582031,43551
0.2138629674911499,0.786137068271637,17597
0.298665726184845,0.7013343095779419,25140
0.5919233918190002,0.40807661414146423,28432
0.8427243590354919,0.1572756290435791,1818
0.11958481520414352,0.8804151892662049,52411
0.6274248957633972,0.3725751221179962,46969
0.6013362288475037,0.3986637592315674,72206
0.3529427647590637,0.6470572471618652,45509
0.888036060333252,0.1119639441370964,7607
0.786157751083374,0.21384225487709047,54475
0.6800280690193177,0.31997191309928896,19173
0.6596083521842957,0.3403916835784912,33839
0.35503931641578673,0.6449606657028198,59975
0.6938864827156067,0.3061135053634644,57702
0.678075623512268,0.3219243764877319,22474
0.307878315448761,0.6921216726303101,32082
0.42682711482048036,0.5731729149818421,12914
0.16952008605003357,0.8304799199104309,20102
0.5901617288589478,0.4098382890224457,24866
0.2775153279304504,0.7224846601486206,62657
0.5515751838684082,0.44842480421066283,21241
0.653628945350647,0.3463710367679596,36355
0.6733031868934631,0.3266968309879303,72211
0.9205393195152283,0.07946067303419113,10802
0.39032621383666993,0.609673798084259,68703
0.20109744966030121,0.7989025592803956,56858
0.4630957007408142,0.5369042992591858,64392
0.7555020809173584,0.24449792504310608,71942
0.46050286293029785,0.5394971251487732,40791
0.5259952902793884,0.47400469779968263,40378
0.8171736836433411,0.18282632231712342,51571
0.37749428749084474,0.6225057363510131,34773
0.22692128419876098,0.7730787038803101,47827
0.5995445132255555,0.40045546889305117,41527
0.11900846213102341,0.880991518497467,2719
0.1832443058490753,0.8167557001113892,66387
0.48948851227760315,0.5105114877223969,23296
0.6348835587501526,0.36511642336845396,33394
0.527956509590149,0.47204347252845763,28702
0.5570980548858643,0.4429019451141357,897
0.7314881563186646,0.26851185262203214,70331
0.447499668598175,0.552500319480896,20437
0.15416983366012574,0.8458301305770874,35962
0.8969179868698121,0.1030819684267044,69276
0.380184543132782,0.619815468788147,58616
0.8843159556388855,0.11568403989076614,66601
0.3746990144252777,0.6253009915351868,63873
0.26869145035743713,0.7313085556030273,36372
0.4141362369060516,0.5858637571334839,56825
0.7018668293952942,0.29813316464424133,64852
0.3436440408229828,0.6563559412956238,6002
0.47337263226509096,0.5266273796558381,48830
0.5946464657783508,0.40535354018211367,44546
0.08718395531177521,0.9128160595893859,50374
0.4754055976867676,0.5245944142341614,64724
0.4515420377254486,0.5484579682350159,5326
0.5028360188007355,0.49716396927833556,53663
0.2379419445991516,0.7620580554008484,23523
0.6044691205024719,0.39553086161613465,482
0.27102415561676024,0.7289758682250976,29705
0.4164874255657196,0.5835125684738159,19056
0.4827670991420746,0.5172329306602478,51392
0.42640689611434934,0.5735931158065796,69218
0.5734467387199402,0.4265532553195953,71544
0.49355953335762026,0.5064404904842377,17251
0.7654129862785339,0.23458701968193055,32427
0.776108717918396,0.22389128804206848,17077
0.8503356099128723,0.14966441094875335,12036
0.684411084651947,0.3155889093875885,64163
0.5090824663639069,0.4909175276756287,42246
0.08744503557682037,0.9125549793243408,7487
0.3138896942138672,0.6861103296279907,16051
0.7953736305236816,0.20462636947631835,53276
0.1860929399728775,0.8139070510864258,55202
0.5666810154914856,0.433318966627121,8307
0.3542281210422516,0.6457718729972839,3873
0.3230845212936401,0.6769154787063598,15683
0.33581568002700807,0.6641843318939209,47788
0.565763533115387,0.43423645496368407,21333
0.8426058053970337,0.157394203543663,223
0.4044953227043152,0.5955046653747559,72269
0.6220351338386536,0.3779648721218109,46094
0.5771425724029541,0.42285740971565244,57405
0.6115601181983947,0.3884398937225342,24849
0.9023195743560791,0.09768042713403702,36212
0.10062581747770309,0.8993741512298584,7520
0.11132510304450989,0.8886749148368835,5602
0.8145428657531738,0.18545714020729065,12335
0.27702065110206603,0.7229793429374695,43480
0.12354380786418914,0.8764562129974365,20155
0.5696045517921448,0.4303954243659973,49882
0.6285782217979431,0.3714217782020569,32476
0.48968628644943235,0.5103136837482453,28857
0.48527891635894777,0.5147210836410523,51913
0.7617565274238587,0.23824344277381898,40217
0.4341656804084778,0.5658343195915222,45893
0.6301884412765503,0.36981155872344973,4329
0.8576189517974854,0.14238106608390808,1679
0.6505014419555664,0.349498575925827,46250
0.4082805931568146,0.5917193770408631,35927
0.5526367068290711,0.4473633050918579,12190
0.084210804104805,0.9157892107963562,66342
0.397172623872757,0.6028273820877075,33630
0.8540045738220214,0.1459953933954239,63245
0.8745921373367309,0.12540786117315292,41001
0.6370406150817871,0.3629594027996063,14705
0.5871137380599976,0.4128862857818604,20073
0.5347102165222168,0.4652897834777832,44963
0.7069430112838745,0.29305697679519654,33490
0.5188728392124176,0.4811271607875824,73468
0.5431751728057861,0.45682485699653624,67906
0.8817040324211121,0.11829595267772675,55291
0.5584884405136108,0.44151155948638915,53076
0.3865355372428894,0.6134644746780396,39800
0.4196207284927368,0.5803792715072632,5860
0.2898007869720459,0.710199236869812,61702
0.6949178814888001,0.305082106590271,6076
0.9070086598396301,0.09299132525920868,54103
0.19027357399463654,0.8097264170646667,47947
0.3860393941402435,0.613960599899292,50150
0.3698888778686523,0.6301111102104187,53574
0.9398439049720764,0.060156124830245974,44252
0.5441443800926209,0.45585564970970155,20575
0.4055668592453003,0.5944331645965576,67877
0.4549215376377106,0.5450784683227539,60085
0.7818296551704407,0.21817036271095275,3778
0.11967744082212448,0.8803225517272949,44890
0.7184999942779541,0.2814999997615814,1222
0.10371308475732803,0.8962869048118591,69111
0.4243243753910065,0.575675618648529,12422
0.09922709167003632,0.9007728934288025,41988
0.4668563723564148,0.5331436395645142,71353
0.666022002696991,0.33397801518440245,21593
0.7377439618110657,0.26225602626800537,61489
0.4856667220592499,0.5143332779407501,43175
0.5501378536224365,0.449862140417099,33813
0.5553515195846558,0.4446484684944153,27343
0.9023093819618225,0.09769063293933869,54348
0.6201950430870056,0.37980496883392334,57228
0.5985840320587158,0.4014159619808197,6876
0.5788022041320801,0.42119778990745543,31334
0.4951739549636841,0.5048260629177094,16157
0.7212181925773621,0.27878181338310243,28584
0.6263420104980468,0.3736579596996307,25637
0.5565138816833496,0.4434861421585083,52795
0.6049347281455993,0.3950652480125427,28034
0.16159119307994843,0.8384088039398193,62601
0.4082507610321045,0.5917492270469665,61641
0.9054381847381592,0.09456179440021514,51778
0.7291292667388916,0.2708707511425018,4249
0.11706810891628265,0.8829318761825562,34460
0.6706979990005493,0.3293019890785217,23880
0.7313300967216492,0.26866990327835083,7846
0.3072942078113556,0.6927057981491089,55924
0.552498996257782,0.44750099182128905,63394
0.5913779020309449,0.4086220860481262,29920
0.45266530513763426,0.5473347127437591,46378
0.8737321257591247,0.1262678921222687,39003
0.3662955045700073,0.6337044835090637,65358
0.1993789255619049,0.8006211042404174,16731
0.8259244203567505,0.17407557964324952,6233
0.6413110136985779,0.3586889684200287,18505
0.6818983316421509,0.3181016743183136,33789
0.35920605063438416,0.6407939553260803,35677
0.3029299557209015,0.6970700263977051,44115
0.5723092317581177,0.42769076228141784,7719
0.687414801120758,0.31258519291877745,544
0.11838646531105042,0.8816135406494141,50341
0.34871482849121094,0.6512851595878602,7970
0.6587971329689026,0.3412028431892395,65922
0.8852199912071228,0.11478003710508347,60107
0.4375048100948334,0.5624951720237732,809
0.49774845838546755,0.5022515416145324,15727
0.6890355110168457,0.31096447110176084,42073
0.5340282917022705,0.4659716963768005,38367
0.8171725392341613,0.18282745480537416,5538
0.37536447644233706,0.6246355295181274,64804
0.48796468377113345,0.5120353102684021,56360
0.6239647269248962,0.3760352611541748,35881
0.716923201084137,0.2830767810344696,63635
0.8542332172393798,0.14576677978038788,16040
0.6882040500640869,0.31179596185684205,44673
0.7732924699783326,0.226707524061203,51492
0.7042947173118591,0.2957052946090698,35834
0.2886363446712494,0.7113636374473572,65674
0.25916441679000857,0.7408355951309205,4250
0.4128826320171356,0.5871173858642578,7341
0.2393684685230255,0.7606315612792969,2619
0.5995382070541382,0.40046179890632627,8627
0.3481146991252899,0.6518853187561036,64890
0.5832121014595032,0.41678789258003235,65363
0.1863434284925461,0.8136565804481506,10241
0.638249933719635,0.36175007224082945,17057
0.45885780453681946,0.5411421716213226,9662
0.4646555185317993,0.5353444814682007,1466
0.5522591590881347,0.4477408707141876,7666
0.7141845703125,0.2858154058456421,37643
0.1380881428718567,0.8619118571281433,38129
0.5131204485893249,0.48687955141067507,45485
0.3521818399429321,0.6478181600570678,58665
0.40507462024688723,0.5949253916740418,3236
0.1744920402765274,0.8255079746246338,58315
0.5261536419391633,0.47384633421897887,3368
0.6822892427444458,0.31771076917648317,54904
0.4163196623325348,0.5836803317070007,53249
0.7178551077842712,0.28214492201805114,21906
0.24772855639457703,0.7522714734077454,71895
0.5181965172290802,0.48180346488952636,31936
0.2832011878490448,0.7167988300323487,29770
0.09453981816768646,0.9054602026939392,19017
0.5865535497665405,0.4134464681148529,45093
0.835341477394104,0.16465851664543152,52337
0.39148191809654237,0.6085180878639221,162
0.6978181719779968,0.30218183994293213,59294
0.6537824153900147,0.34621757864952085,12803
0.3319473385810852,0.6680526852607727,57941
0.28261003494262693,0.717389953136444,54754
0.18998199105262756,0.8100180268287659,71128
0.8194039583206176,0.1805960416793823,5474
0.3091523051261902,0.6908477067947387,30726
0.5465291380882263,0.45347089171409605,5135
0.5025100350379944,0.49748994708061217,57178
0.6882116198539734,0.31178839802742003,37021
0.6189457654953003,0.3810542345046997,31919
0.7611915111541748,0.23880847692489623,43293
0.5598357796669007,0.4401642382144928,9102
0.5665180206298828,0.4334819853305817,66287
0.4060230016708374,0.5939769983291626,68190
0.8402966499328614,0.15970335006713868,25797
0.5671886682510376,0.4328113436698914,23929
0.5321605682373047,0.46783941984176636,53204
0.47678486108779905,0.523215138912201,59925
0.12755214273929597,0.8724478602409362,48825
0.5095868706703186,0.49041312336921694,35156
0.3922328054904938,0.6077671885490418,58897
0.4855573117733002,0.5144427180290222,60298
0.13065215051174164,0.8693478345870972,63338
0.8003469944000244,0.1996530055999756,70601
0.7604885816574096,0.2395114302635193,44336
0.8636218190193177,0.1363781973719597,52324
0.6525754451751709,0.3474245607852936,26923
0.5666552186012268,0.4333448052406311,14819
0.11193467080593109,0.8880653381347656,30705
0.47734798192977906,0.522652006149292,4999
0.9210345387458801,0.07896547764539719,25530
0.5950265049934387,0.4049735009670258,33196
0.5360063314437866,0.46399367451667783,49671
0.6685987830162048,0.3314012348651886,50914
0.4702490568161011,0.5297509551048278,33214
0.1455309957265854,0.8544690132141113,48820
0.5682738423347473,0.43172613382339475,12332
0.7455066442489624,0.25449337959289553,73146
0.8762022972106933,0.12379769533872605,14422
0.13563262522220612,0.864367401599884,41687
0.841589343547821,0.15841065794229509,13959
0.6308007955551147,0.36919924020767214,36549
0.5688211798667908,0.43117881417274473,61707
0.9227326512336731,0.0772673487663269,45071
0.1338627591729164,0.8661372423171997,12396
0.49470499753952024,0.5052949786186218,26006
0.6498887419700623,0.35011125802993776,22129
0.4585608184337616,0.5414391756057739,5767
0.4674160599708557,0.5325839400291443,25726
0.32008846402168273,0.6799115419387818,7500
0.10859050750732421,0.8914094805717468,40011
0.6773654341697692,0.3226345360279083,46227
0.8743974924087524,0.12560248821973802,1464
0.5535664319992065,0.4464335799217224,69755
0.11995514184236526,0.8800448656082154,31236
0.25668110251426696,0.7433189272880554,12636
0.8271738529205322,0.17282615303993226,52349
0.2994361400604248,0.7005638599395752,48274
0.8847931504249573,0.11520682573318482,20309
0.25146878361701963,0.748531186580658,69913
0.8000127911567688,0.1999872148036957,24240
0.338564532995224,0.6614354729652405,48620
0.6056473016738891,0.39435267448425293,46321
0.5698454856872559,0.4301545321941376,48760
0.3784497380256653,0.6215502738952636,13401
0.26893306970596315,0.7310669183731079,48220
0.7508431911468506,0.24915679693222045,15928
0.30835484266281127,0.6916451573371887,6342
0.687948739528656,0.3120512545108795,68936
0.48903613090515136,0.5109638571739197,25537
0.7001901984214782,0.29980979561805726,2009
0.7607807278633117,0.23921927511692048,5301
0.5573859453201294,0.4426140427589417,50454
0.3794187903404236,0.6205812096595764,8379
0.23197973072528838,0.7680202603340149,41933
0.6246132016181946,0.3753868222236633,62359
0.3651409029960632,0.6348590970039367,50205
0.6098502993583679,0.39014970064163207,11077
0.7911950349807739,0.20880496501922607,52413
0.4080576002597809,0.5919424295425415,41441
0.28248488903045654,0.7175150752067566,69322
0.6580486297607422,0.3419513523578644,58538
0.07260061055421829,0.9273993849754334,73870
0.6571719408035278,0.3428280413150787,48149
0.552091407775879,0.44790855050086975,67887
0.8970612287521362,0.10293879806995392,25087
0.5723759412765503,0.4276240646839142,30265
0.44540507793426515,0.5545949101448059,58729
0.7980948567390442,0.20190515816211702,28506
0.30044042468070986,0.6995596051216125,37089
0.19863292574882507,0.8013670921325684,53984
0.6455901503562927,0.35440983772277834,15171
0.5771190881729126,0.4228809118270874,16542
0.8082935333251953,0.19170645475387574,48454
0.26983452439308164,0.7301654696464539,35126
0.9309138536453248,0.06908614784479142,21042
0.6026261806488037,0.39737382531166077,16687
0.27153576612472535,0.7284642338752747,5454
0.3602885365486145,0.6397114753723144,46712
0.29010928273200987,0.7098907470703125,20301
0.6064757585525513,0.3935242533683777,63467
0.3878144145011902,0.6121855974197388,12548
0.25414847433567045,0.7458515048027039,66543
0.484302943944931,0.5156970858573914,38826
0.8603471994400025,0.13965280950069428,63899
0.5429998517036438,0.45700016617774963,23840
0.12120531946420669,0.8787946581840516,43450
0.7912194132804871,0.2087805986404419,33792
0.12126173377037049,0.878738260269165,73037
0.5345662355422973,0.4654337465763092,41449
0.312791234254837,0.6872087478637695,67578
0.44741328358650206,0.5525867223739624,64067
0.2516538083553314,0.748346209526062,17891
0.6663556337356568,0.33364435434341433,38972
0.0770899772644043,0.9229099988937378,4816
0.7175144076347351,0.2824856162071228,70837
0.12531143724918364,0.8746885299682617,7843
0.6831587791442871,0.31684122085571287,52555
0.4887240529060364,0.5112759530544281,33699
0.4964954316616058,0.5035045325756073,57274
0.35413681864738467,0.6458632230758667,74464
0.23514759838581084,0.7648524045944214,25671
0.9408581256866455,0.05914185270667076,22689
0.5962336659431458,0.40376635193824767,56217
0.14927051961421967,0.850729477405548,6195
0.47078669667243955,0.5292133092880249,69409
0.6071635961532593,0.3928364276885986,55913
0.5620816588401795,0.43791834712028505,11127
0.7465150594711304,0.25348493456840515,61495
0.7554636001586914,0.2445363849401474,31044
0.505303955078125,0.4946960389614105,13317
0.36148773431777953,0.6385122656822204,39489
0.3333174467086792,0.6666825294494629,4990
0.21676309406757355,0.7832369089126587,68292
0.6881354093551636,0.3118645936250687,35205
0.41237658858299253,0.5876234173774719,8493
0.22807271778583527,0.7719272971153259,34673
0.8262896299362182,0.17371036112308502,10394
0.6823192358016967,0.31768075823783876,57127
0.5604408383369446,0.43955917954444884,54143
0.23870711624622346,0.7612928867340087,46399
0.8133592009544373,0.18664079606533052,28125
0.7187619805335999,0.28123803734779357,35601
0.595881724357605,0.40411829948425293,71893
0.7292381048202514,0.27076186537742614,70419
0.632734727859497,0.36726527810096743,73638
0.21877156794071198,0.7812284469604492,10814
0.5902061462402344,0.40979387164115905,66937
0.9341239094734192,0.0658760778605938,44819
0.3108952581882477,0.6891047358512878,56499
0.5825933814048767,0.41740661263465884,30552
0.7430838942527771,0.2569161236286163,40508
0.1891710251569748,0.8108289837837219,73353
0.5204740762710571,0.47952592372894287,50829
0.9113836169242859,0.08861637562513351,66954
0.5835522651672364,0.41644773483276365,33835
0.4422051250934601,0.5577948689460754,16118
0.19712285697460175,0.802877140045166,52253
0.4009959101676941,0.5990041136741638,14019
0.6414075255393982,0.3585924804210663,51916
0.17356716394424437,0.8264328241348267,14555
0.44674441814422605,0.553255558013916,25733
0.44771167635917664,0.5522883176803589,52667
0.6980206847190857,0.3019792914390564,60082
0.46300814747810365,0.5369918465614318,2331
0.3010734796524048,0.6989264965057373,62754
0.43788360357284545,0.5621163845062256,22530
0.6053499817848206,0.39465002417564393,26932
0.6407898664474487,0.3592101216316223,53283
0.48841955065727233,0.5115804612636566,29244
0.8475507140159607,0.15244928002357483,2794
0.665113878250122,0.33488611578941346,36479
0.5450619578361511,0.45493807196617125,6949
0.08489757627248765,0.9151024222373962,72040
0.47480390667915345,0.5251960635185242,1676
0.5357434928417206,0.4642565190792084,29381
0.8538355827331543,0.14616441130638122,69247
0.1283172532916069,0.8716827392578125,40301
0.4297431707382202,0.5702568173408509,34626
0.8221094369888305,0.17789057195186614,15094
0.5319331884384155,0.4680667817592621,22877
0.09933058321475982,0.9006694078445434,42329
0.3982008516788483,0.6017991781234742,11509
0.8694836735725403,0.13051631003618241,27030
0.7396656513214112,0.26033433973789216,8226
0.49404109716415406,0.5059589147567749,10017
0.4931821584701538,0.5068178415298462,24434
0.7722823739051818,0.22771766483783723,57779
0.32180107831954957,0.6781989336013794,45025
0.7672683715820312,0.232731631398201,27060
0.14858395755290985,0.8514160513877869,4443
0.8566614270210267,0.1433385878801346,61277
0.432034558057785,0.5679654240608215,63112
0.8438853859901428,0.1561146229505539,29607
0.10677485764026642,0.8932251453399658,68396
0.7467832446098328,0.25321676433086393,46893
0.44073177576065065,0.5592682361602783,42399
0.6313201785087585,0.3686798274517059,24776
0.6705368518829345,0.3294631659984589,71499
0.6271462440490723,0.3728537619113922,41640
0.3794650137424469,0.6205349922180176,69473
0.8338318943977356,0.16616812646389006,211
0.7022092580795288,0.2977907359600067,11469
0.21353544294834137,0.786464524269104,49699
0.15356026589870453,0.8464397668838501,62531
0.49766812920570375,0.5023318588733673,30750
0.18407996892929077,0.8159200310707092,10707
0.16869784593582154,0.8313021421432495,54259
0.2606716126203537,0.7393283724784852,45771
0.49886053800582886,0.5011394619941711,48901
0.2636462956666946,0.7363536834716797,45625
0.4152233123779297,0.5847766757011413,25787
0.6126959443092346,0.3873040795326233,36668
0.28843300342559813,0.7115670084953308,14494
0.3870329439640045,0.612967050075531,42167
0.6884073138236999,0.3115926802158356,59095
0.5487592458724976,0.4512407720088959,67422
0.2951149344444275,0.7048850536346436,66955
0.25585024058818817,0.7441497802734375,34668
0.5754237532615661,0.4245762348175049,19244
0.5257330536842346,0.4742669403553009,59161
0.3453273415565491,0.6546726584434509,21083
0.4932910203933716,0.5067089915275573,59313
0.7002952456474304,0.299704784154892,74262
0.9018460750579834,0.09815393835306167,48483
0.7926069974899292,0.207393017411232,46834
0.3296880185604095,0.6703119874000549,42807
0.4641031801700592,0.5358968377113342,17902
0.7705907940864563,0.22940922677516937,13978
0.3960084497928619,0.6039915442466736,38985
0.3682464838027954,0.6317535281181336,5678
0.4601445972919464,0.5398553967475891,55862
0.5936676263809204,0.40633238554000856,65004
0.9122292995452881,0.08777068555355072,9235
0.3214353442192078,0.6785646438598633,40661
0.6578795790672303,0.3421204149723053,16809
0.7091678738594055,0.29083213210105896,10902
0.26781960725784304,0.732180392742157,42540
0.5540799260139465,0.445920068025589,55243
0.7041901230812073,0.2958099007606506,14488
0.5560711741447448,0.44392884373664854,45736
0.8153926134109497,0.1846073806285858,53759
0.4175714373588562,0.5824285387992859,35236
0.39192905426025393,0.6080709218978881,61013
0.3900843024253845,0.6099156975746155,42330
0.921425974369049,0.07857402712106705,53533
0.6479163527488708,0.3520836353302002,56910
0.3613423824310303,0.6386576414108276,66116
0.2869990587234497,0.7130009293556213,22768
0.832077157497406,0.16792283058166504,58640
0.611614215373993,0.3883857786655426,66519
0.6854590773582458,0.31454090476036073,44158
0.6860844016075134,0.31391559839248656,8975
0.6261809706687927,0.3738190233707428,59505
0.8202724456787109,0.17972756624221803,51412
0.48623099327087405,0.5137689888477326,21422
0.6485589623451233,0.3514410197734833,62507
0.5134669005870819,0.486533111333847,7030
0.6560320258140564,0.3439679741859436,58120
0.5713530421257019,0.4286469638347626,40891
0.7286836981773377,0.27131628394126894,45499
0.6287146091461182,0.37128540873527527,58045
0.6279250860214234,0.37207490801811216,49474
0.6110661745071411,0.3889338135719299,33397
0.7894520282745361,0.21054795682430266,73860
0.34577977657318115,0.6542202353477478,65336
0.43642470240592957,0.5635753154754639,65420
0.24134032130241395,0.7586596846580506,345
0.5588698267936707,0.4411301910877228,70149
0.8591784596443176,0.14082153439521788,30158
0.1780051052570343,0.8219949245452881,72678
0.8753379344940185,0.12466204166412354,629
0.09361747801303863,0.9063825368881225,12956
0.3070473372936249,0.6929526805877686,36429
0.8971794962882995,0.1028204768896103,9591
0.6114914417266846,0.38850852847099304,14889
0.3784001648426056,0.6215998291969299,23335
0.5193339347839355,0.4806660532951355,11099
0.3322961091995239,0.6677038669586182,21223
0.6654380559921265,0.3345619261264801,2389
0.9272000193595886,0.07279999703168868,11984
0.6993098616600036,0.30069015026092527,27103
0.31869972944259645,0.6813002824783325,53434
0.1309949740767479,0.869005024433136,16034
0.2942115724086761,0.7057884216308594,42479
0.3726238369941711,0.627376139163971,28398
0.34228411316871643,0.6577159285545349,70946
0.4557517409324646,0.5442482948303222,38480
0.20828849971294403,0.7917114973068238,59176
0.5014711558818817,0.4985288143157959,62027
0.4988878905773163,0.5011121094226837,5842
0.2050372391939163,0.7949627757072448,29332
0.33477579355239867,0.6652241945266724,37990
0.7324470996856689,0.26755291521549224,59207
0.7170051455497741,0.28299483060836794,38423
0.760192584991455,0.23980743288993836,49865
0.658337926864624,0.3416620433330536,10951
0.44804410338401796,0.5519558787345886,73222
0.5786316275596619,0.42136837244033815,65326
0.22153888940811156,0.7784611105918884,3565
0.5827558755874633,0.4172441363334656,22510
0.34147083163261416,0.6585291862487793,74321
0.1211099773645401,0.87889004945755,2236
0.35700234174728396,0.6429976701736451,49741
0.8910727977752686,0.1089271917939186,34620
0.4205420553684235,0.5794579148292541,12929
0.2507267355918884,0.7492732763290405,70448
0.2164656102657318,0.7835343837738037,58077
0.5288910388946533,0.4711089849472046,35275
0.09364639967679977,0.9063536167144776,42791
0.46262633204460146,0.5373736619949341,11920
0.6744961738586426,0.3255038022994995,56266
0.22863990664482117,0.7713601112365722,67866
0.2374264121055603,0.7625735759735107,39671
0.6154316663742065,0.3845683097839355,25870
0.19485170543193817,0.8051482915878296,10406
0.5097329020500183,0.49026707410812376,9058
0.7611449599266052,0.23885499835014343,12695
0.8249084234237671,0.17509157061576844,24383
0.6085698246955872,0.39143015146255494,23964
0.4478896498680115,0.5521103501319885,17148
0.8872086882591248,0.11279132217168808,5422
0.46796663403511046,0.532033371925354,56770
0.5685326457023621,0.4314673840999603,19271
0.4475553333759308,0.5524446845054627,813
0.43008582592010497,0.5699141979217529,17371
0.5115350008010864,0.48846499919891356,59663
0.6194465279579162,0.3805534660816193,63491
0.5292031288146972,0.47079689502716066,1002
0.8351512670516967,0.16484874486923218,59955
0.593391215801239,0.40660877227783204,54592
0.5809401631355285,0.41905983686447146,52013
0.5113568425178527,0.48864315152168275,1439
0.5570994973182678,0.4429004967212677,46537
0.5256251573562623,0.47437485456466677,47871
0.48472357392311094,0.515276449918747,66470
0.47779068946838377,0.5222093105316162,67125
0.37542333602905276,0.6245766282081604,6822
0.8520285010337829,0.14797152280807496,56285
0.4515807807445526,0.5484192252159119,15751
0.06691876351833344,0.9330812573432923,35956
0.6366193056106567,0.36338070034980774,51237
0.6510832667350769,0.3489167630672455,50133
0.7018718242645263,0.29812816977500917,9456
0.7560718417167663,0.2439281612634659,8751
0.466860169172287,0.5331398248672485,47023
0.6999578356742859,0.30004215240478516,4093
0.06964242160320282,0.9303575873374939,10528
0.8301249861717224,0.1698749840259552,7784
0.6532985091209411,0.34670146107673644,45136
0.5968983769416809,0.40310159921646116,26224
0.6606805562973023,0.33931944966316224,66686
0.7501502513885498,0.24984976649284363,714
0.5574225783348083,0.4425774157047272,40767
0.47994844913482665,0.5200515449047088,52584
0.7428815245628357,0.25711849629878997,72472
0.6993887186050415,0.3006113111972809,35692
0.4943792104721069,0.505620801448822,61552
0.9294816732406617,0.07051829621195793,61661
0.5407694935798645,0.45923049449920655,17480
0.5521988987922668,0.44780110716819765,16452
0.7158082127571106,0.2841917872428894,60073
0.8518989086151123,0.14810107052326202,58279
0.26509175896644593,0.7349082469940186,12045
0.638231897354126,0.36176806688308716,73704
0.7796751976013183,0.2203248232603073,4405
0.8952287435531616,0.10477123707532883,46859
0.5274921715259552,0.4725078225135803,73413
0.8461751818656922,0.1538247972726822,15551
0.38121315836906433,0.6187868237495422,18479
0.49391052722930906,0.5060894966125489,73078
0.6917019486427307,0.30829805731773374,49889
0.2160724014043808,0.783927571773529,28472
0.4189299404621124,0.581070077419281,64769
0.48843801617622373,0.5115619778633118,5090
0.7574331760406494,0.24256684482097626,27935
0.13116456419229508,0.8688354134559632,2869
0.909082555770874,0.09091743677854539,9412
0.30258975028991697,0.6974102616310119,20497
0.41662064790725706,0.5833793759346009,3616
0.7048739671707154,0.2951260328292847,61520
0.7711137533187866,0.22888622283935547,40764
0.8577479481697082,0.1422520697116852,7593
0.6612373948097229,0.3387626051902771,64555
0.6188480854034424,0.38115190863609316,30335
0.11490442156791687,0.8850955843925477,28459
0.2671369671821594,0.7328630566596985,64968
0.2128173828125,0.787182605266571,45828
0.87186598777771,0.12813398391008377,41708
0.5056572020053863,0.4943427860736847,19760
0.4447730123996735,0.555226993560791,17421
0.5090418815612793,0.49095815420150757,33467
0.21191777288913727,0.7880822420120239,17265
0.5733878016471863,0.42661215662956237,24057
0.2710983008146286,0.728901720046997,28679
0.18681684136390686,0.8131831765174866,61086
0.5648366451263428,0.4351633548736572,55063
0.5507456302642822,0.44925435185432433,32654
0.25151526629924775,0.74848473072052,56120
0.3072137594223022,0.6927862405776978,10222
0.6568553209304809,0.3431446850299835,68017
0.451773464679718,0.5482265472412109,38860
0.7219095826148987,0.2780904084444046,69577
0.5134683787822724,0.4865316152572632,17349
0.4181275725364685,0.5818724274635315,68563
0.7705551505088806,0.22944486439228057,67778
0.28765066266059874,0.7123493552207947,21178
0.09916253685951233,0.9008374571800232,31206
0.490104478597641,0.5098954916000367,53514
0.7102266907691955,0.28977330327033995,55639
0.18343769013881683,0.8165622830390931,6248
0.5718730926513672,0.42812690138816833,12082
0.5658430933952332,0.43415690660476686,65428
0.8486934661865234,0.15130652487277985,62242
0.6660950064659119,0.33390499353408815,47268
0.6932241320610046,0.3067758619785309,801
0.8404087424278259,0.15959124267101288,4791
0.6143991708755493,0.3856008231639862,10592
0.7473363518714905,0.25266365706920624,54258
0.4123396337032318,0.5876603722572327,57692
0.33372488617897034,0.6662750720977784,37238
0.5701233148574829,0.42987669706344606,69766
0.36900795698165895,0.6309920191764832,1035
0.633009397983551,0.36699060797691346,27859
0.4491047263145447,0.5508952617645264,20439
0.3246318221092224,0.6753681898117065,53813
0.4502431213855743,0.5497569084167481,4616
0.43984660506248474,0.5601533889770508,13505
0.8041796326637268,0.19582034647464752,34964
0.47695167660713195,0.5230483293533326,53151
0.3408281862735748,0.6591717720031738,37637
0.769734013080597,0.2302659809589386,61072
0.4849148213863373,0.5150851905345917,41057
0.41866769194602965,0.5813323140144349,56091
0.6924147248268128,0.3075852394104004,20914
0.07537504434585571,0.9246249437332154,59912
0.5962952494621276,0.4037047684192657,3789
0.3542239546775818,0.6457760572433472,63223
0.3873979926109314,0.6126020073890686,28685
0.5917372703552246,0.40826270580291746,43329
0.39927860498428347,0.6007213711738586,2804
0.3242915689945221,0.6757084608078003,26169
0.6850614666938781,0.3149385333061218,45614
0.13566189408302307,0.8643380880355835,32605
0.4792845964431763,0.5207153737545014,74122
0.5731411457061768,0.4268588602542877,30218
0.6803195953369141,0.31968039870262144,30575
0.313833612203598,0.6861663818359375,9343
0.1546238213777542,0.8453761816024781,46677
0.7003084182739258,0.29969158172607424,52177
0.08850642144680024,0.9114935874938965,34990
0.7283668518066406,0.2716331720352173,3979
0.6863535523414612,0.3136464536190033,42367
0.4503084719181061,0.5496915102005004,22038
0.2835456907749176,0.7164543032646179,70439
0.57100350856781,0.42899650931358335,30343
0.4412115395069122,0.5587885022163391,3936
0.28771198987960817,0.7122880101203919,52227
0.35839964747428893,0.6416003465652466,25830
0.835364305973053,0.16463568210601806,60415
0.19534560441970825,0.8046543836593628,44720
0.30390037298202516,0.6960996508598327,3855
0.2238261878490448,0.7761738419532775,40949
0.9095805525779724,0.0904194325208664,14895
0.3461150825023651,0.6538849115371704,64332
0.6038021802902221,0.3961978077888489,71295
0.3447504699230194,0.655249547958374,57317
0.4116924345493317,0.5883075833320618,3415
0.06635226011276245,0.9336477398872376,843
0.3497001051902771,0.6502998828887939,17412
0.63732430934906,0.3626757025718689,65965
0.7186375498771668,0.28136245608329774,31274
0.2625022053718567,0.7374978065490723,13702
0.5086088478565216,0.4913911402225494,21843
0.453495067358017,0.5465049624443055,19305
0.37464761137962344,0.625352394580841,69948
0.6910526990890503,0.3089472711086273,44034
0.48873000144958495,0.5112699866294861,41258
0.7337029099464416,0.26629709005355834,26814
0.8554848670959473,0.14451514482498168,44341
0.4226824462413788,0.5773175597190857,22787
0.4029131233692169,0.5970868945121766,12185
0.5189092695713043,0.48109076619148256,21899
0.5869966268539428,0.41300339698791505,67177
0.23718951642513275,0.7628105044364929,12752
0.6147154331207275,0.385284560918808,58130
0.4026470839977264,0.597352921962738,72065
0.7553894639015197,0.2446105271577835,63024
0.47562389373779296,0.5243761241436005,55114
0.09766442477703094,0.9023355841636658,32947
0.46760773062705996,0.5323922634124756,25311
0.547034227848053,0.45296578407287597,68123
0.2940385013818741,0.7059614896774292,38022
0.07255632281303406,0.9274436950683593,36786
0.4097757935523987,0.5902241945266724,44686
0.6514842629432678,0.3485157430171967,66142
0.560520339012146,0.4394796431064606,58821
0.764719021320343,0.23528094887733458,19425
0.4494425654411316,0.5505574345588684,66892
0.2235572576522827,0.7764427304267884,64819
0.49621673822402956,0.5037832677364349,22257
0.4528552949428558,0.5471447229385376,49314
0.4044760227203369,0.595523989200592,31151
0.7181906819343566,0.2818093180656433,674
0.30542066097259524,0.6945793509483338,41662
0.2575887441635132,0.7424112439155579,49534
0.17679172158241271,0.8232082605361939,71218
0.4458090603351593,0.5541909337043762,18094
0.7706129789352417,0.22938701510429382,54758
0.4826733648777008,0.5173266291618347,55061
0.6009652733802795,0.399034720659256,9468
0.3678737461566925,0.6321262717247009,24391
0.5885277152061462,0.4114722967147827,54198
0.22434547245502473,0.7756545424461365,33164
0.16055842936038972,0.8394415855407715,38147
0.7011089324951172,0.29889107346534727,20904
0.5981281042098999,0.401871931552887,45126
0.4356078505516052,0.5643921494483948,18294
0.46450652480125426,0.5354934573173523,48180
0.7796275377273559,0.22037245631217955,50836
0.21168144345283507,0.7883185744285583,3009
0.9064522862434388,0.0935477375984192,21863
0.5838034272193908,0.4161965727806091,15014
0.1318540930747986,0.8681459426879883,59377
0.7699497222900391,0.23005025386810302,54566
0.8932149887084961,0.10678500682115555,66460
0.6052085995674134,0.3947914242744446,72404
0.544136106967926,0.4558639168739319,16107
0.8276900529861451,0.17230992913246154,2477
0.6921754598617553,0.30782453417778016,73592
0.501166307926178,0.4988336801528931,65577
0.5191475510597229,0.48085241913795473,36522
0.5341177940368652,0.4658821702003479,36763
0.48116753101348875,0.5188324689865113,46202
0.5746004939079284,0.425399512052536,51981
0.46000205278396605,0.5399979472160339,52826
0.5573308229446411,0.4426691770553589,56340
0.5058236002922059,0.4941763937473297,3717
0.5596990942955017,0.4403009176254272,39298
0.2034245938062668,0.7965753674507141,5789
0.10824366211891175,0.8917563438415528,70528
0.21012831032276152,0.7898716807365418,23820
0.4756473422050476,0.5243526756763458,31034
0.19141289591789246,0.808587121963501,8312
0.29059177041053774,0.7094082117080689,47066
0.7987947583198547,0.20120524168014525,14464
0.4719767928123474,0.528023225069046,850
0.14954999089241028,0.8504500269889832,50856
0.725079607963562,0.27492037415504456,63440
0.646343445777893,0.353656530380249,65431
0.611460828781128,0.3885391652584076,17877
0.38498433232307433,0.6150156855583191,21328
0.710266649723053,0.28973333835601806,6842
0.519303846359253,0.4806961715221405,6996
0.8685128927230835,0.13148709535598754,62306
0.41534011363983153,0.5846598625183106,63304
0.251288640499115,0.7487113833427429,44856
0.813749098777771,0.18625092506408691,55739
0.23691527545452118,0.7630847334861756,41713
0.12996281087398528,0.8700371861457825,72806
0.49688754677772523,0.5031124472618103,44754
0.7260900259017944,0.273909991979599,50805
0.35883439183235166,0.641165578365326,52226
0.3936353325843811,0.60636465549469,10345
0.5617342591285706,0.43826574087142944,22847
0.38840272426605227,0.6115972757339477,56940
0.6506682157516479,0.3493317723274231,37725
0.13924067616462707,0.8607593178749084,8265
0.23646023571491243,0.7635397434234619,60427
0.25025404095649717,0.7497459411621094,33906
0.9418255925178528,0.05817440375685692,66603
0.3189613878726959,0.6810386419296265,32546
0.8346016764640808,0.1653983026742935,11888
0.24665826857089995,0.7533417344093323,37435
0.6444508910179139,0.3555490970611572,2314
0.17286462485790252,0.8271353602409363,43670
0.33127144575119016,0.6687285780906678,29227
0.2414240151643753,0.7585759878158569,73053
0.0751036673784256,0.9248963236808777,54537
0.348682701587677,0.6513172864913941,18023
0.3110631227493286,0.6889368772506714,61545
0.8474751830101013,0.15252481400966644,30408
0.43183374404907227,0.5681662321090698,28101
0.3564825296401978,0.6435174822807312,56914
0.5232178926467895,0.47678210735321047,30293
0.5186221599578857,0.48137784004211426,73880
0.3599352538585663,0.6400647640228272,42994
0.7014188051223755,0.29858123064041137,55404
0.6355645060539246,0.3644355297088623,17517
0.5951774001121521,0.40482258796691895,21995
0.7807636499404907,0.21923636198043822,51284
0.5551427245140076,0.4448572754859924,15747
0.2809808015823364,0.7190191984176636,15040
0.24846550822257996,0.7515345096588135,35792
0.36001741886138916,0.6399825572967529,30748
0.48785096406936646,0.5121490240097046,58728
0.8306835532188416,0.16931643187999726,24852
0.18424628376960756,0.8157537341117859,54815
0.7127168416976929,0.2872831583023071,42699
0.36541863679885866,0.6345813512802124,471
0.8403311371803284,0.15966888666152954,36388
0.46175956130027773,0.5382404446601867,47095
0.7052763938903809,0.2947236180305481,26830
0.7240623354911804,0.2759376883506775,39834
0.3908912479877472,0.6091087579727172,51222
0.8653221011161805,0.13467787355184554,25000
0.6670889973640441,0.33291102647781373,6035
0.7565614938735962,0.2434385448694229,8257
0.14335551708936692,0.8566444993019104,20541
0.9384047865867615,0.061595223098993304,58513
0.35090633630752566,0.6490936636924743,27440
0.49184379577636717,0.5081562101840973,42242
0.48457240462303164,0.5154275953769684,60065
0.592651116847992,0.40734885931015014,68275
0.5615862011909485,0.43841383457183836,30318
0.5888658046722413,0.4111341953277588,31733
0.0885571449995041,0.9114428400993347,6146
0.5097195088863373,0.49028047919273376,35300
0.505578875541687,0.49442113041877744,9521
0.4132577121257782,0.5867422819137573,37429
0.8392662286758423,0.16073381304740905,44177
0.17161958217620848,0.8283804059028625,5370
0.6520519018173218,0.3479481041431427,29891
0.48499680161476133,0.5150032103061676,45352
0.6316236615180969,0.3683763086795807,67968
0.39075353741645813,0.6092464685440063,4558
0.15703462958335876,0.8429653882980347,12729
0.6547274589538574,0.34527252316474916,41482
0.5635558724403381,0.43644410371780396,13601
0.6429049849510193,0.3570949971675873,65595
0.7253426313400269,0.27465733885765076,20639
0.14833914041519164,0.8516608595848083,24546
0.7083883047103882,0.29161173701286314,29711
0.9475241780281067,0.052475813776254654,68353
0.6869907975196838,0.3130091905593872,1600
0.1030125230550766,0.8969874501228332,26390
0.6147881746292114,0.38521183133125303,51247
0.4590893805027008,0.5409106254577637,25439
0.7137874245643616,0.2862125635147095,25027
0.6106593012809753,0.3893406867980957,35146
0.6525437355041503,0.3474562704563141,48131
0.09632037580013275,0.903679621219635,33947
0.6559056639671326,0.34409433603286743,61659
0.7052258968353271,0.29477412402629855,26307
0.7658344388008118,0.23416555523872376,22307
0.3673074245452881,0.6326925754547119,68825
0.300597083568573,0.699402904510498,73142
0.3127302289009094,0.6872697949409485,17386
0.16262899935245514,0.837371003627777,63347
0.3727200925350189,0.6272798776626587,4205
0.7292866587638855,0.27071333527565,30883
0.7363458275794983,0.26365417540073394,45263
0.39184885621070864,0.6081511378288269,32825
0.45223556756973265,0.5477644085884095,71171
0.7478362560272217,0.252163764834404,60626
0.3052334725856781,0.6947665214538574,60449
0.5297155261039734,0.47028449177742004,45572
0.4774267256259918,0.5225732684135437,38431
0.752755320072174,0.24724468290805818,64740
0.4541266143321991,0.5458733797073364,33983
0.8048609852790832,0.195139017701149,21437
0.16300546526908874,0.8369945049285888,70409
0.6478789925575257,0.3521209955215454,615
0.25480474531650543,0.7451952457427978,27954
0.45336186289787295,0.5466381430625915,4876
0.3372140407562256,0.6627859830856323,49246
0.20545544028282164,0.7945445656776429,96
0.5594448447227478,0.44055516123771665,17050
0.1492699235677719,0.850730037689209,51476
0.8149900317192078,0.18500994443893432,28812
0.8549160838127137,0.14508391320705413,53348
0.5407950639724731,0.4592049181461334,9857
0.6466794729232788,0.3533205032348633,51394
0.43030852675437925,0.5696914553642273,45628
0.46172272562980654,0.5382772564888001,13151
0.56471186876297,0.43528814911842345,2512
0.44927576184272766,0.5507242202758789,25829
0.5015654623508453,0.4984345376491547,21936
0.664369523525238,0.33563047647476196,19177
0.6884210586547852,0.31157893538475034,56112
0.6269709944725037,0.37302902340888977,36033
0.6354358315467834,0.3645641624927521,35769
0.45317469239234925,0.5468253254890442,45357
0.8852609634399414,0.1147390440106392,20223
0.39321839809417725,0.6067816019058228,61722
0.4560224175453186,0.5439775824546814,49668
0.4521902561187744,0.5478097438812256,14500
0.32490935921669006,0.6750906586647034,17818
0.6783994197845459,0.3216005861759186,47041
0.6303099989891052,0.36969000697135923,42614
0.4732160210609436,0.5267839968204499,71133
0.07184306010603905,0.9281569480895996,31998
0.5564589142799378,0.4435410797595978,66060
0.42244479060173035,0.5775551915168762,40356
0.7148167610168457,0.28518323302268983,73857
0.6386941432952881,0.36130584478378297,281
0.5200607657432557,0.47993921041488646,3788
0.48107149004936217,0.5189284980297089,20136
0.7065407156944274,0.29345929622650146,72840
0.22686136960983277,0.7731386423110962,47122
0.55374174118042,0.44625827074050906,73423
0.44691664576530454,0.553083336353302,74446
0.7405975937843323,0.25940237641334535,7878
0.7980612277984619,0.20193878710269927,30617
0.21277478337287903,0.7872251749038697,58703
0.5118076086044312,0.48819241523742674,35616
0.1587322622537613,0.841267728805542,22975
0.8892123460769653,0.11078766584396363,51328
0.7302032470703125,0.26979673802852633,67896
0.7215591907501221,0.27844080328941345,62951
0.46244673132896424,0.5375532686710358,19650
0.3535904765129089,0.64640953540802,32019
0.2537169694900513,0.7462830305099487,26069
0.8180639505386352,0.181936052441597,65578
0.062182220816612246,0.9378178119659424,38706
0.38962456583976746,0.6103754162788391,51176
0.40156551003456115,0.5984344840049743,12552
0.6222146511077881,0.37778536081314085,25097
0.147246116399765,0.8527538537979126,51346
0.6756947278976441,0.3243052899837494,58489
0.2072334498167038,0.792766559123993,51345
0.2865723133087158,0.7134276866912842,27287
0.7150904893875122,0.2849095106124878,41022
0.28034199476242067,0.7196580171585083,59518
0.12084429264068604,0.879155695438385,30306
0.7212277770042419,0.27877224087715147,19162
0.826028573513031,0.17397143542766572,50168
0.61586594581604,0.3841340780258179,73670
0.4975152850151062,0.5024847090244293,1593
0.6704177379608154,0.3295822203159332,71697
0.6469508290290833,0.3530491769313812,29044
0.7222047805786133,0.27779521346092223,19682
0.22416214942932128,0.7758378267288208,55303
0.531814432144165,0.468185555934906,65220
0.5966281294822693,0.4033718526363373,29616
0.8455498814582825,0.15445011854171753,9842
0.852961802482605,0.14703818857669831,12490
0.3941544234752655,0.6058455824851989,53110
0.3009165108203888,0.6990834951400757,73324
0.4499944746494293,0.5500055193901062,6844
0.6460624098777771,0.3539375960826874,26792
0.44643418192863465,0.5535658001899719,39482
0.48569390177726746,0.5143060922622681,32347
0.7340078473091125,0.2659921944141388,70452
0.1498438835144043,0.8501561045646667,32433
0.2618365347385406,0.7381634473800659,47699
0.37205495238304137,0.6279450535774231,29369
0.15628104507923127,0.84371896982193,60478
0.5577661275863648,0.4422338783740997,38483
0.09153026342391968,0.9084697604179383,27250
0.24208416640758515,0.7579158306121826,967
0.4670810341835022,0.5329189777374268,62265
0.24218255877494813,0.7578174352645874,34746
0.19145394563674928,0.8085460543632508,17590
0.7422110319137574,0.2577889829874039,65504
0.6244264841079712,0.3755735158920288,21370
0.6100675344467164,0.3899324595928192,48467
0.6088663339614868,0.39113367199897764,39330
0.1635652393102646,0.8364347815513611,23788
0.4534218907356262,0.5465781092643738,48886
0.843069565296173,0.15693043172359467,35595
0.8886664628982544,0.11133352220058441,11048
0.7994956970214844,0.2005043148994446,53189
0.6544256806373596,0.3455743134021759,21624
0.11820757389068604,0.881792426109314,55489
0.37751626372337344,0.62248375415802,61949
0.591229259967804,0.4087707340717316,68943
0.194698765873909,0.8053012490272522,31432
0.5192088305950164,0.4807911515235901,37055
0.5439837098121643,0.4560162663459778,20665
0.08733241707086563,0.9126675605773926,9215
0.506187629699707,0.4938123643398285,31606
0.8362900137901306,0.16370997130870818,5212
0.40093424916267395,0.5990657567977905,13478
0.7683855891227722,0.2316143959760666,7782
0.41821537613868714,0.5817846059799194,8551
0.598920202255249,0.40107977390289307,2329
0.492803817987442,0.5071961939334869,19248
0.6664624571800232,0.33353751301765444,4917
0.31428785920143126,0.6857121586799622,12458
0.405156797170639,0.5948431968688965,51606
0.6075825095176697,0.39241748452186587,12061
0.3319035887718201,0.66809641122818,1296
0.4627007722854614,0.5372992515563965,41104
0.275294291973114,0.724705696105957,25502
0.4837210178375244,0.5162790000438691,62836
0.5093200981616974,0.4906799137592316,5626
0.08001656085252762,0.919983446598053,52932
0.716578483581543,0.2834214925765991,159
0.6148732542991638,0.38512673377990725,4626
0.5503816246986389,0.4496183693408966,9739
0.5587882399559021,0.44121177196502687,48248
0.7138746500015258,0.2861253470182419,59350
0.3957579731941223,0.6042420268058777,22884
0.4060992658138275,0.5939007639884949,11142
0.6585244178771973,0.34147557616233826,22542
0.7002870082855225,0.2997129738330841,23336
0.7534888744354248,0.2465111255645752,19558
0.8345839381217957,0.16541606187820435,32187
0.45022006034851075,0.5497799396514893,37790
0.7004903435707093,0.29950963258743285,17347
0.7541669726371765,0.24583301842212676,74164
0.06210509166121483,0.9378948926925659,9890
0.5901411890983581,0.4098587930202484,12410
0.4372302234172821,0.5627697706222534,50061
0.3751464247703552,0.6248535871505737,67572
0.5971282243728637,0.4028717875480652,72307
0.238664510846138,0.7613354802131653,28609
0.4843063592910767,0.5156936407089233,2744
0.3605592966079712,0.6394407272338867,47083
0.7830229878425599,0.21697702407836914,8373
0.5424673080444335,0.45753270387649536,57962
0.5854901552200318,0.41450985670089724,54865
0.5829689264297485,0.41703109741210936,23160
0.8957431793212891,0.10425679981708527,8833
0.7664641261100769,0.23353590071201324,21887
0.3703611731529236,0.6296388030052185,57161
0.56778883934021,0.4322111487388611,56990
0.7998423337936401,0.20015766024589537,26138
0.37719692587852477,0.6228031158447266,23970
0.6531864404678345,0.3468135595321655,52339
0.44568496346473696,0.5543150186538697,65979
0.45095713138580323,0.5490428805351257,26970
0.6433711528778077,0.35662885308265685,63252
0.3589718222618103,0.6410281658172607,57430
0.6412628769874573,0.35873712301254274,36276
0.5167504727840424,0.48324952721595765,13020
0.5067425012588501,0.4932575047016144,57512
0.5184521198272705,0.4815479040145874,17156
0.1258658617734909,0.8741341352462768,9581
0.8412726640701294,0.15872732400894166,23130
0.8820231318473816,0.11797689497470856,23698
0.2065013200044632,0.7934986591339112,41853
0.5661003708839416,0.4338996112346649,3860
0.4820856869220734,0.5179143071174621,47044
0.6037991285324097,0.39620086550712585,69129
0.5311759948730469,0.46882396936416626,73526
0.24567027390003204,0.7543296933174133,31693
0.18715105950832367,0.8128489136695862,1599
0.6832364082336426,0.316763573884964,73797
0.6154988646507263,0.3845011591911316,27919
0.1810218870639801,0.8189781069755554,5658
0.3374716222286224,0.6625283598899842,64862
0.5625689387321472,0.4374310255050659,5639
0.8520765423774719,0.14792345762252807,17721
0.36940757036209104,0.6305924177169799,16188
0.16150948405265808,0.8384905099868775,53192
0.5587269306182862,0.4412730634212494,51816
0.32249572277069094,0.6775042772293091,13823
0.5544563174247742,0.4455436646938324,42152
0.4987667679786682,0.5012332439422608,47800
0.6806150794029235,0.31938493251800537,30292
0.7624900460243225,0.23750993013381957,8589
0.754891300201416,0.24510871171951293,14577
0.5766215205192566,0.4233784854412079,58833
0.5511795997619628,0.4488203763961792,32452
0.5027384221553802,0.4972615897655487,18572
0.6335191845893859,0.36648080348968504,39467
0.7262822985649109,0.2737177014350891,33843
0.5387066006660461,0.4612934112548828,33016
0.16977716982364655,0.8302228331565857,51867
0.8706964373588562,0.12930356115102767,33464
0.7158946514129638,0.2841053128242493,22933
0.30654815435409544,0.6934518456459046,18859
0.6245216846466064,0.37547833323478697,19954
0.06981890052556991,0.9301810979843139,64344
0.2788587987422943,0.7211412191390991,10352
0.06367747336626053,0.9363225102424622,67019
0.870969545841217,0.1290304481983185,48122
0.20060297548770906,0.7993970513343811,27959
0.5020216405391693,0.49797834157943727,21679
0.8308560848236084,0.16914392709732057,69026
0.2593161046504974,0.740683913230896,13722
0.6169910192489624,0.3830089867115021,12773
0.5407124876976013,0.4592875003814697,33944
0.6450545072555542,0.35494548082351685,71298
0.7455556988716125,0.2544443219900131,65413
0.7553266048431396,0.24467339515686035,53845
0.19370372593402863,0.8062962651252746,8937
0.4881516218185425,0.511848372220993,60276
0.21473467350006104,0.78526531457901,3503
0.6298474907875061,0.370152485370636,60995
0.43069621324539187,0.5693037986755372,58443
0.44296143054962156,0.5570385575294494,15123
0.17700726091861724,0.8229927301406861,50091
0.7048699498176575,0.2951300382614136,63630
0.8703415870666504,0.12965840697288514,4587
0.6302037835121155,0.36979620456695556,74304
0.7858011722564697,0.2141988158226013,67138
0.6255229353904724,0.37447706460952757,54617
0.3887311935424805,0.6112688064575196,4661
0.6447424411773681,0.3552575409412384,38669
0.23815359473228453,0.761846399307251,62380
0.4851313948631287,0.5148686170578003,17893
0.872857415676117,0.12714260518550874,19847
0.5047114074230195,0.4952885568141937,20348
0.620914626121521,0.3790853440761566,53504
0.8941228151321411,0.10587717890739441,28954
0.6069844603538513,0.39301556944847105,71097
0.5871201038360596,0.4128799200057983,56474
0.8577532649040223,0.14224672615528106,48722
0.7935378193855286,0.20646218061447144,50812
0.5814936876296997,0.4185063064098358,70605
0.5944338917732239,0.4055661141872406,48492
0.534346079826355,0.4656539440155029,56040
0.8372912883758545,0.16270870268344878,39491
0.31011760234832764,0.6898823738098144,52762
0.4743043899536133,0.5256955981254577,13621
0.7094073534011841,0.290592634677887,8619
0.7395545244216919,0.26044546365737914,13132
0.5192946553230285,0.4807053208351135,63585
0.46775898337364197,0.5322410225868225,19182
0.3763276994228363,0.6236723303794861,16775
0.7401963710784912,0.25980362594127654,5477
0.4164348244667053,0.5835651516914367,36711
0.23087226450443268,0.7691277623176574,32943
0.9228291034698486,0.07717090696096421,56722
0.6316550254821778,0.36834496855735777,46491
0.5852866053581238,0.41471338272094727,4725
0.3965878188610077,0.6034121870994568,38578
0.12251299917697907,0.8774870157241821,19720
0.5353509664535523,0.46464902758598325,41260
0.5517446756362915,0.44825533628463743,19186
0.5910510778427124,0.40894893407821653,41087
0.5305051684379578,0.4694948673248291,53822
0.131716226041317,0.8682837724685669,30310
0.3288941323757172,0.6711058378219604,29339
0.31909831762313845,0.6809016704559326,3646
0.06790101677179336,0.9320989966392517,46379
0.7412909388542175,0.25870905816555023,17596
0.18178923428058624,0.818210780620575,21411
0.484997832775116,0.5150021851062775,1711
0.5118958115577698,0.48810415863990786,57819
0.08635335564613342,0.913646650314331,24382
0.4798577010631561,0.5201423048973084,67757
0.6187245130538941,0.38127548694610597,26605
0.8231779217720032,0.17682205736637116,11366
0.5057053029537201,0.4942947030067444,43102
0.6748459577560425,0.3251540422439575,4385
0.30838472843170167,0.6916152834892273,31663
0.46095738410949705,0.5390426039695739,26654
0.7984475016593933,0.2015524685382843,51341
0.46058700084686277,0.5394129753112793,26318
0.596136462688446,0.4038635313510895,65294
0.48214067816734313,0.5178593218326568,65591
0.2296963095664978,0.7703037142753602,51697
0.4439243733882904,0.5560756206512452,37606
0.4189935863018036,0.581006395816803,73504
0.57447829246521,0.42552170157432556,16852
0.6604460120201111,0.3395539939403534,41899
0.6616380929946899,0.3383618891239166,8366
0.3810576438903809,0.6189423322677612,73363
0.11190413534641266,0.8880958676338195,4421
0.8602932810783386,0.13970673084259033,14304
0.34521524906158446,0.6547847509384155,24809
0.48076396584510805,0.519236034154892,40539
0.39261192083358765,0.6073880672454834,43333
0.5333982467651367,0.4666017651557922,50588
0.5315563559532166,0.46844364404678346,43878
0.5980614423751831,0.4019385576248169,64109
0.552482259273529,0.4475177526473999,26344
0.2691964268684387,0.7308035373687745,22495
0.22636651992797852,0.7736334681510926,63141
0.8000694751739502,0.19993050694465636,70723
0.5871786952018738,0.4128212988376617,34280
0.15390122532844544,0.846098792552948,69476
0.3575568974018097,0.6424430966377258,29915
0.6768069505691529,0.32319305539131166,61231
0.5378884673118591,0.46211153268814087,25820
0.33014843463897703,0.669851565361023,50264
0.5291649341583252,0.4708350658416748,7985
0.5106060862541199,0.48939390778541564,45066
0.5199771046638488,0.4800228953361511,69733
0.5016175091266633,0.4983825087547302,49548
0.6910741567611695,0.30892581343650816,32016
0.2566898375749588,0.7433101654052734,10035
0.6345923662185669,0.36540762186050413,15348
0.39320077896118166,0.6067992210388183,52844
0.19905709028244017,0.8009429216384888,47887
0.4087342321872711,0.5912657856941224,21496
0.8290382385253906,0.17096175253391266,11988
0.5802537679672242,0.41974623799324035,72000
0.7631984710693359,0.2368015468120575,70062
0.5148318409919739,0.48516815304756167,37916
0.10135510414838791,0.8986449122428894,15491
0.46920185089111327,0.5307981610298157,27482
0.6271913170814514,0.3728086829185486,64013
0.30947935581207275,0.6905206441879272,15562
0.7750687599182129,0.2249312698841095,20769
0.5840559005737305,0.4159440934658051,61514
0.7063293695449829,0.2936706066131592,36877
0.26575368344783784,0.7342463254928588,13472
0.41988072991371156,0.580119252204895,19264
0.3997709572315216,0.6002290368080139,50745
0.7517126679420472,0.24828733801841735,63749
0.1267727181315422,0.8732272744178772,19512
0.32172337770462034,0.6782766222953797,30941
0.2193515866994858,0.780648410320282,9233
0.43052818179130553,0.56947181224823,9061
0.3307849705219269,0.6692150235176086,45206
0.4729003608226776,0.5270996510982513,54418
0.5607035517692566,0.4392964541912079,64941
0.4879396855831146,0.5120603263378143,50233
0.21132877469062805,0.7886711955070496,41351
0.4726288318634033,0.5273711502552032,59455
0.5698318600654602,0.43016813397407533,71493
0.21934126019477845,0.780658733844757,73634
0.6652590155601501,0.33474098443984984,22630
0.49950316548347473,0.5004968106746673,11583
0.17595620453357697,0.8240437865257263,10566
0.07432226538658142,0.9256777405738831,40071
0.7559985518455505,0.24400143325328827,52817
0.3914478302001953,0.6085521578788757,42174
0.8025833606719971,0.19741664528846742,72822
0.696942138671875,0.3030578851699829,3900
0.20093527138233186,0.7990647315979004,10049
0.5388478636741638,0.4611521542072296,4720
0.5955838799476624,0.4044161200523376,43569
0.6814601182937622,0.3185398459434509,69168
0.20261369347572328,0.7973863005638122,7614
0.7203322529792786,0.27966776192188264,13368
0.2981392562389374,0.701860761642456,25607
0.4078864216804504,0.5921135783195496,12112
0.3472455859184265,0.6527544140815735,58181
0.11935331374406814,0.8806466937065125,13624
0.5612102031707764,0.4387898087501526,58288
0.06450053155422211,0.9354994654655456,509
0.4054249346256256,0.594575023651123,64241
0.8050426483154297,0.19495731592178345,33245
0.27074742317199707,0.7292525887489318,18108
0.6903859615325928,0.3096140384674072,47907
0.8765421748161316,0.12345783263444901,6349
0.47251638770103455,0.5274836421012878,50915
0.6431460738182068,0.3568539321422577,52482
0.7579144239425659,0.24208555221557618,49763
0.34731183052062986,0.652688205242157,71706
0.5646571278572082,0.4353428602218628,36602
0.8417552828788757,0.15824469029903412,41523
0.33568999767303465,0.6643099784851074,36457
0.3825662672519684,0.617433738708496,29028
0.46377333998680115,0.5362266778945923,70316
0.3637159287929535,0.636284077167511,2820
0.7640845656394959,0.2359154373407364,4357
0.5276243567466736,0.4723756432533264,27801
0.7328232526779175,0.2671767622232437,73424
0.46620823740959166,0.5337917566299438,60735
0.39234169125556945,0.607658326625824,63744
0.8190577983856201,0.18094216883182526,3990
0.5010707437992096,0.49892927408218385,32950
0.6229688048362731,0.3770312011241913,48312
0.7176003456115723,0.28239964246749877,28680
0.5556477427482605,0.444352263212204,22723
0.6874617218971253,0.31253829002380373,49755
0.7666481971740723,0.23335182368755342,32606
0.48755488395690916,0.5124451100826264,14882
0.302076917886734,0.6979230880737305,61059
0.3356593370437622,0.6643406748771667,22478
0.7264115333557128,0.27358847558498384,11130
0.05070840492844582,0.9492915868759155,58673
0.7590484499931336,0.2409515142440796,8479
0.5250310063362121,0.4749689817428589,37301
0.5063905894756318,0.4936094045639038,8933
0.43827892541885377,0.5617210865020752,72512
0.11956701278686524,0.8804329633712769,58863
0.7054840803146363,0.29451591372489927,58781
0.6617157816886902,0.33828421831130984,37804
0.5854319214820862,0.41456804275512693,68756
0.5820173501968384,0.41798263788223267,14793
0.4807035565376282,0.5192964375019073,25165
0.2806724488735199,0.7193275570869446,73563
0.11211918145418168,0.8878808379173279,53386
0.8252294659614563,0.174770525097847,53666
0.5810686588287354,0.4189313590526581,31303
0.5731054306030273,0.4268945693969727,31581
0.5325786232948303,0.4674214005470276,48026
0.6047492504119873,0.39525073766708374,9352
0.11814259737730026,0.8818573832511902,27318
0.43590126037597654,0.5640987277030944,72042
0.6835796952247619,0.31642024517059325,8908
0.2705338060855865,0.7294661998748779,57920
0.4445137619972229,0.5554862439632415,37751
0.2337366372346878,0.7662633419036865,53154
0.4105114877223969,0.5894885063171387,66675
0.5255308747291565,0.47446911334991454,58388
0.49834243655204774,0.5016575932502747,68985
0.4427992880344391,0.5572006940841675,68402
0.4018136739730835,0.5981863379478455,52481
0.5821072220802307,0.4178927779197693,11373
0.6061063885688782,0.39389362931251526,55925
0.5625727772712708,0.4374272048473358,7263
0.26151111125946047,0.7384889006614686,13993
0.6380887269973755,0.361911278963089,27321
0.4705929338932037,0.5294070959091186,2653
0.2034476786851883,0.7965523481369019,66689
0.5968797087669373,0.4031202793121338,47688
0.23737577497959136,0.7626242280006409,12609
0.8160260558128357,0.1839739352464676,11706
0.39409984946250914,0.6059001564979554,33580
0.36262863874435425,0.6373713493347168,67934
0.7201263785362244,0.27987361550331114,43695
0.7996999621391296,0.20030001699924468,39161
0.5126308798789978,0.48736911416053774,41782
0.8602707147598266,0.1397292882204056,64962
0.36740570664405825,0.6325942873954773,43908
0.3331600785255432,0.6668399095535278,74306
0.35415083169937134,0.6458491683006287,46299
0.5173905968666077,0.4826093852519989,44680
0.21965888142585754,0.7803411364555359,47429
0.6195156216621399,0.3804843842983246,23026
0.41258555054664614,0.5874144554138183,5217
0.1829649865627289,0.8170350313186645,63036
0.4979915916919708,0.502008444070816,57357
0.4872527360916138,0.5127472639083862,21504
0.4150061964988708,0.5849937796592712,69282
0.451636528968811,0.5483634829521179,35673
0.4406561553478241,0.5593438386917114,47318
0.8495319485664368,0.15046806037425994,2550
0.7278646469116211,0.27213534116745,42759
0.9503814935684204,0.04961850270628929,25613
0.1200455904006958,0.8799544215202332,38533
0.6899186849594117,0.3100813448429108,37864
0.16530029475688934,0.8346996903419495,12897
0.5008485555648804,0.4991514146327972,68769
0.30525641441345214,0.6947435855865478,67377
0.4686075270175934,0.5313924312591553,18622
0.6462811827659607,0.3537188172340393,830
0.8462006568908691,0.1537993371486664,26772
0.21941984593868255,0.7805801630020142,51286
0.31565470695495607,0.684345293045044,18179
0.7729192614555359,0.22708073854446412,52625
0.20706929862499238,0.7929306983947754,68558
0.7344635128974915,0.2655364692211151,47899
0.6790816783905029,0.32091830372810365,72330
0.21345288157463074,0.7865471124649048,1945
0.31967737674713137,0.6803226232528686,42452
0.15641363561153412,0.8435863852500916,52846
0.4894624650478363,0.5105375051498413,10455
0.8068950772285461,0.19310493171215057,54511
0.16337594985961915,0.8366240501403809,6628
0.19358847737312318,0.8064115047454834,41602
0.23398863077163695,0.766011381149292,61591
0.22147627770900727,0.7785237193107605,55198
0.7838564395904541,0.21614355444908143,13582
0.5479751586914062,0.45202481746673584,19462
0.5824915885925293,0.41750840544700624,70887
0.7464700102806091,0.2535299867391586,15268
0.6112067818641662,0.38879322409629824,29054
0.5200505793094635,0.47994940876960757,15756
0.4692477107048035,0.530752319097519,9068
0.7722321152687073,0.22776787877082824,14970
0.815207552909851,0.1847924292087555,8882
0.0617798276245594,0.9382201671600342,52619
0.4849043726921082,0.5150956392288208,42171
0.8612140536308288,0.1387859597802162,61147
0.7871007919311523,0.21289921104907988,61799
0.32315319776535034,0.6768468141555786,42901
0.3308495759963989,0.6691504001617432,30348
0.45696297883987425,0.5430370450019837,41382
0.3943692922592163,0.6056307196617127,7755
0.47870807647705077,0.5212918877601623,73661
0.818388831615448,0.18161115050315857,4884
0.13196624517440797,0.868033766746521,35535
0.2469358503818512,0.7530641436576844,8007
0.5797894477844239,0.42021052837371825,61324
0.350640082359314,0.6493598937988281,9633
0.34693288803100586,0.6530671119689941,26331
0.4694629669189453,0.5305370330810547,594
0.16506544649600982,0.8349345803260804,57055
0.3430855989456177,0.6569144010543824,73811
0.8645780444145202,0.1354219615459442,42201
0.3332702279090881,0.6667297840118408,62328
0.9088078022003174,0.0911922201514244,27655
0.825726842880249,0.17427313029766084,36333
0.6287665843963623,0.37123340368270874,23379
0.7399814248085022,0.2600185751914978,29222
0.6085329532623291,0.3914670765399933,26219
0.594760513305664,0.40523948073387145,4051
0.5051884949207306,0.4948115348815918,27260
0.6687657833099365,0.33123422265052793,24630
0.3239908039569855,0.6760091781616211,18915
0.5788982629776,0.4211017251014709,52499
0.8776963710784912,0.1223036453127861,17533
0.3797578752040863,0.6202421426773072,20703
0.37056735157966614,0.6294326305389404,22791
0.5488240957260132,0.4511759042739868,342
0.15284721553325653,0.8471527814865112,67134
0.5139710545539856,0.4860289454460144,69986
0.40118197202682493,0.5988180279731751,4892
0.46033846139907836,0.5396615386009216,7683
0.6977138638496398,0.3022861421108246,23786
0.30857362747192385,0.6914263725280761,43486
0.5845142364501953,0.4154857337474823,1648
0.17976898849010467,0.8202309966087341,2531
0.13445743322372436,0.8655425906181335,65917
0.24571869671344757,0.7542813062667847,21996
0.5917316555976868,0.4082683205604553,69361
0.4927080273628235,0.507291978597641,72709
0.2828642249107361,0.717135775089264,14968
0.3449787497520447,0.6550212502479553,28511
0.24440700709819793,0.7555930137634277,43317
0.13319691866636277,0.8668030977249146,11068
0.4312660932540894,0.5687339067459106,10193
0.2428503155708313,0.7571496844291687,9268
0.6436561703681946,0.35634382963180544,43036
0.10035934001207351,0.8996406435966492,24706
0.47611387968063357,0.5238861203193664,47153
0.5727564930915833,0.4272435188293457,59500
0.46522841453552244,0.5347715735435485,38795
0.27618147134780885,0.7238185405731201,15280
0.21133051812648773,0.78866947889328,59410
0.579804253578186,0.42019574642181395,30475
0.6864509820938111,0.3135490000247955,37786
0.5298939406871795,0.47010607123374937,30709
0.8355702042579651,0.16442981064319612,17759
0.42933920621871946,0.5706607818603515,45471
0.3973984897136688,0.6026015520095825,12657
0.6032536745071411,0.3967463314533234,58581
0.6917650580406189,0.30823495984077454,23823
0.7326444745063782,0.2673555165529251,57294
0.39788968563079835,0.6021103143692017,18177
0.8112068176269531,0.18879319131374359,69728
0.3334049105644226,0.6665951132774353,63695
0.15812799334526062,0.8418719887733459,65089
0.5335899472236634,0.4664100527763367,64390
0.45151819586753844,0.5484818100929261,68579
0.48908079862594606,0.5109192073345185,4998
0.587373924255371,0.4126261115074158,21339
0.6128651380538941,0.38713486194610597,26570
0.6650857567787171,0.33491424322128294,6205
0.606113076210022,0.3938868999481201,43354
0.34389373660087585,0.6561062335968018,54260
0.8407453775405884,0.15925459265708924,10580
0.5669583022594452,0.43304167985916137,18594
0.21180505454540252,0.7881949186325073,66431
0.27351418137550354,0.7264858245849609,31508
0.14230284690856934,0.8576971173286438,55199
0.7401983618736268,0.25980162918567656,55463
0.6251185774803162,0.3748814344406128,63722
0.7352608442306519,0.2647391140460968,41055
0.5941943526268005,0.4058056354522705,64395
0.5513338565826416,0.44866612553596497,64697
0.4294924080371857,0.5705075621604919,29499
0.5478893041610717,0.45211073756217957,25863
0.6021439552307128,0.39785606861114503,66873
0.5601737141609192,0.4398262619972229,71341
0.56721111536026,0.43278887271881106,63680
0.577372407913208,0.4226276040077209,39895
0.3292095959186554,0.6707904100418091,27716
0.07986144125461578,0.9201385855674744,26413
0.6931854248046875,0.30681455731391905,62342
0.4450558125972748,0.5549441814422608,18912
0.6507669448852539,0.3492330551147461,8290
0.6967329502105712,0.30326703786849973,59891
0.8552798628807068,0.14472014904022218,53836
0.7803616046905517,0.2196383982896805,41380
0.292862868309021,0.70713711977005,47174
0.5595080256462097,0.4404919743537903,30005
0.6476773738861084,0.35232263803482056,42513
0.8062024593353272,0.1937975376844406,73546
0.3657269239425659,0.6342730641365051,16778
0.7209123969078064,0.2790875852108002,44338
0.32518882751464845,0.6748111486434937,1415
0.637089467048645,0.36291052103042604,14443
0.3390589118003845,0.6609411120414734,38741
0.3962269902229309,0.603773009777069,27122
0.4484249711036682,0.5515750288963318,34024
0.46356600522994995,0.5364339828491211,3511
0.5358157753944397,0.46418423652648927,47036
0.2921647846698761,0.7078352093696594,20158
0.22021486163139342,0.7797851204872132,39859
0.19185835719108582,0.8081416487693787,16385
0.5854609847068787,0.41453900933265686,72770
0.0966980740427971,0.9033019065856933,43728
0.16403547525405884,0.8359645366668701,9698
0.8259996771812439,0.17400032579898833,31489
0.13318156003952025,0.8668184757232666,69669
0.08238740265369415,0.9176125884056091,59019
0.34190565943717954,0.6580943465232849,55644
0.5546916961669922,0.44530829787254333,68738
0.26927959024906156,0.7307204008102417,38392
0.658211624622345,0.34178838729858396,29279
0.4908717215061188,0.5091282844543457,29881
0.705360758304596,0.29463924169540406,45153
0.6541868805885315,0.345813113451004,12144
0.8487620711326599,0.15123796164989473,10631
0.42080270051956176,0.5791972994804382,55011
0.3707418322563171,0.6292581677436828,27149
0.3734587371349335,0.626541268825531,46869
0.306253057718277,0.6937469482421875,6831
0.428047651052475,0.5719523549079895,20315
0.3596219539642334,0.6403780460357666,69191
0.20939602851867675,0.7906039714813232,44453
0.1259273499250412,0.8740726709365845,73826
0.4899954915046692,0.5100044965744018,27588
0.7009398221969605,0.29906015992164614,50208
0.1508078396320343,0.8491921663284302,37855
0.8614989876747131,0.1385010227560997,55388
0.3610730230808258,0.6389269709587098,36730
0.4046255886554718,0.5953744173049926,41601
0.5841738700866699,0.41582611203193665,28313
0.7310963034629822,0.26890369355678556,27132
0.3550244927406311,0.6449755072593689,64735
0.0811115175485611,0.9188884854316711,41237
0.37237003445625305,0.6276299595832825,14484
0.4897663414478302,0.5102336764335632,13006
0.6061312317848205,0.39386876821517947,14356
0.6124917387962341,0.3875082790851593,37309
0.25474741160869596,0.7452525973320008,17731
0.20275048911571503,0.7972494721412658,32044
0.46641871333122253,0.5335812568664551,55419
0.296258544921875,0.7037414669990539,49234
0.4307451844215393,0.5692548274993896,32140
0.8105640530586242,0.1894359678030014,36014
0.5143794596195221,0.4856205523014069,57721
0.5687954068183899,0.4312045812606812,42024
0.4833882451057434,0.5166117429733277,6569
0.5885679006576539,0.41143207550048827,32639
0.46574240922927856,0.5342575669288635,52696
0.39597741365432737,0.6040226101875306,9854
0.5755175232887269,0.4244825065135956,8459
0.6858694434165955,0.3141305685043335,33575
0.8823670387268067,0.11763298362493516,9827
0.3108194708824158,0.6891805410385132,47127
0.4218809545040131,0.5781190514564514,72810
0.619408929347992,0.3805910587310791,56877
0.15613609552383423,0.8438639044761658,8655
0.15576518774032594,0.844234824180603,14122
0.6215616703033447,0.3784383058547974,35627
0.8413313508033753,0.1586686462163925,73107
0.7623748064041138,0.23762515485286712,30877
0.6915937662124634,0.30840625762939455,7038
0.18837695121765136,0.8116230487823486,63129
0.6913826584815979,0.30861735343933105,46460
0.47573856711387635,0.5242614388465882,954
0.26394160389900206,0.7360584020614624,70356
0.8442399501800537,0.1557600885629654,35289
0.6050037622451783,0.39499626159667967,35404
0.316682243347168,0.6833177924156189,40480
0.36075504422187804,0.6392449498176574,47752
0.2774400860071182,0.7225598812103271,25112
0.8500799179077149,0.1499200940132141,39905
0.24813008010387422,0.7518699526786804,43646
0.4068200886249542,0.5931798934936523,56663
0.42530914545059206,0.574690866470337,66500
0.858967387676239,0.14103262424468993,36883
0.777004337310791,0.2229956418275833,2864
0.7736717581748962,0.22632823288440704,19254
0.7099946856498718,0.2900053083896637,8608
0.4266843438148499,0.5733156442642212,26841
0.3370445728302002,0.6629554510116578,1163
0.3758585751056671,0.6241414189338684,64207
0.24195017218589782,0.7580498218536377,56093
0.8817694783210754,0.11823050528764725,2443
0.6518236517906189,0.3481763780117035,23201
0.407787948846817,0.5922120451927185,70041
0.746041214466095,0.25395878255367277,66307
0.8957130312919617,0.10428695529699325,25631
0.4579542398452759,0.5420457363128662,14096
0.5254474401473999,0.4745525777339935,33165
0.4087620437145233,0.5912379741668701,59237
0.23126406073570252,0.7687359690666199,72865
0.1991175264120102,0.8008824944496155,12359
0.4916041731834412,0.5083958506584167,24580
0.265379872918129,0.7346201539039612,50507
0.8785144925117493,0.12148550152778625,22878
0.8414417505264282,0.1585582673549652,19003
0.3575202882289886,0.6424797177314758,48192
0.6889125227928161,0.31108748316764834,62021
0.19703564047813416,0.8029643416404724,57847
0.7347765564918518,0.26522345244884493,48657
0.30097280740737914,0.699027168750763,27937
0.5413186550140381,0.4586813271045685,25543
0.45978245735168455,0.5402175903320312,40086
0.4011391162872314,0.5988608598709106,10320
0.13292930126190186,0.8670707106590271,58000
0.5796684741973877,0.42033153772354126,24657
0.8303769826889038,0.1696229726076126,41781
0.25182311832904813,0.7481768965721131,8116
0.3436141788959503,0.6563858151435852,11251
0.8713075041770935,0.12869250625371934,9490
0.09387619495391845,0.9061237931251526,9732
0.1642603188753128,0.8357396841049194,44821
0.49535388946533204,0.5046461343765258,64438
0.7700878739356994,0.2299121379852295,45219
0.8702251672744751,0.12977483123540878,22058
0.8054468989372253,0.19455307722091675,18428
0.6043795466423034,0.3956204533576965,12496
0.7025306224822998,0.2974693775177002,1792
0.08131807446479797,0.9186819195747375,45525
0.6268243789672852,0.3731756269931793,8640
0.38927605748176575,0.6107239484786987,13324
0.418713253736496,0.5812867879867554,7892
0.6933334827423095,0.3066665232181549,21595
0.20616169273853302,0.7938383102416993,42421
0.108671934902668,0.8913280725479126,22935
0.6670103430747986,0.3329896628856659,25925
0.6336077690124512,0.36639222502708435,17250
0.7277463793754577,0.27225361466407777,54437
0.1131355494260788,0.88686443567276,52198
0.7532667994499207,0.24673319160938262,10056
0.5852529048919678,0.4147471010684967,57644
0.44959664940834043,0.550403356552124,71714
0.18125058114528655,0.8187494039535522,56967
0.47014068365097045,0.5298592925071717,9723
0.4016849219799042,0.5983150839805603,57537
0.7869064807891846,0.21309353709220885,24685
0.4370007336139679,0.5629992365837098,68407
0.532898771762848,0.4671012103557587,49645
0.4304633021354675,0.5695366859436035,61676
0.3666770815849304,0.6333229184150696,14545
0.7734449505805969,0.22655504941940308,74345
0.695909833908081,0.3040901482105255,44643
0.3927272856235504,0.6072727322578431,18959
0.45378496050834655,0.5462150573730469,61001
0.5825228929519654,0.41747709512710574,13365
0.6209274291992187,0.3790725827217102,19165
0.2207656294107437,0.7792343735694885,48279
0.42980109453201293,0.5701988816261292,67004
0.4720890402793884,0.5279109716415405,29101
0.5349758625030517,0.4650241196155548,31899
0.6997790813446045,0.3002209186553955,30645
0.5268745124340057,0.4731255292892456,56973
0.8095373988151551,0.19046258926391602,1748
0.151845583319664,0.8481543898582459,73828
0.8205575585365296,0.1794424384832382,19555
0.5655254244804382,0.4344745874404907,68531
0.4590390264987946,0.5409609794616699,4089
0.12759652137756347,0.8724034786224365,52274
0.5259970843791961,0.47400290369987486,66192
0.5741007208824158,0.4258992612361908,28297
0.7008726000785828,0.2991274118423462,50505
0.5152916669845581,0.4847083270549774,24339
0.181544291973114,0.818455696105957,31727
0.6844307899475097,0.31556923389434816,32619
0.4366831839084625,0.563316822052002,36046
0.5799269080162048,0.4200730860233307,5673
0.19252956807613372,0.8074704527854919,56336
0.45475309491157534,0.5452468991279602,55475
0.548585855960846,0.4514141261577606,58692
0.09000029116868973,0.909999692440033,64811
0.2790365099906921,0.7209635019302368,62899
0.4811418533325195,0.5188581585884094,19839
0.3464097619056702,0.6535902261734009,60075
0.4072200834751129,0.5927799463272094,50788
0.7644300103187561,0.23556999564170839,67792
0.7985989928245545,0.20140102207660676,62353
0.14018985331058503,0.8598101377487183,1258
0.5135003745555877,0.4864996254444122,12043
0.6485808610916137,0.3514191210269928,15321
0.5383840322494506,0.4616159737110138,579
0.15155059695243836,0.8484494090080261,46737
0.3405695021152496,0.6594304800033569,24760
0.7087296843528748,0.2912703394889832,56140
0.8073005557060242,0.19269945919513704,2519
0.8462621808052063,0.1537377953529358,68989
0.3675169229507446,0.6324830770492553,65725
0.47862026691436765,0.5213797688484192,21191
0.7555384993553161,0.244461527466774,50351
0.3980791330337524,0.6019208669662476,36911
0.6029471755027771,0.39705281853675845,66795
0.44980186223983765,0.5501981258392334,44023
0.8421276330947876,0.15787236094474794,34835
0.29149524569511415,0.7085047364234924,22209
0.3006926715373993,0.6993073463439942,66610
0.4561752378940582,0.5438247680664062,5971
0.3807572484016418,0.6192427515983582,52896
0.8986363530158996,0.1013636514544487,1257
0.4957198679447174,0.5042801380157471,24495
0.5344839870929718,0.4655160129070282,4029
0.45409936308860777,0.5459006369113922,45515
0.21615446209907532,0.7838455319404602,23865
0.30212548971176145,0.6978744864463806,32532
0.45724728107452395,0.5427526950836181,47365
0.5722826838493347,0.4277172923088074,37682
0.7104902625083923,0.2895097374916077,29722
0.21596323549747468,0.7840367674827575,22261
0.8720322489738465,0.12796775847673417,25754
0.4823045551776886,0.517695426940918,25808
0.559768795967102,0.4402312397956848,19081
0.4364578783512115,0.5635421395301818,2928
0.9022596716880799,0.0977403163909912,38512
0.5683575749397278,0.4316424190998077,26542
0.49856711030006406,0.5014328896999359,7479
0.7659798741340638,0.23402009010314942,55128
0.4084766149520874,0.5915233969688416,32235
0.8853442430496216,0.11465575248003006,9646
0.1759579598903656,0.8240420579910278,9386
0.5076156258583069,0.4923843860626221,52126
0.45485212802886965,0.5451478600502014,59127
0.6985930800437927,0.3014069378376007,43851
0.8706061840057373,0.1293938234448433,20921
0.6784610152244568,0.3215389966964722,39751
0.46757206320762634,0.532427978515625,59187
0.16838590502738954,0.831614100933075,40549
0.5904048085212708,0.40959519147872925,15166
0.9097221970558167,0.09027781188488007,29687
0.686768364906311,0.3132316291332245,73656
0.5892471194267273,0.4107529044151306,53738
0.492382675409317,0.5076173067092895,46528
0.411271345615387,0.5887286543846131,28633
0.8959903240203857,0.10400967448949813,48769
0.6286648392677308,0.37133513689041137,31472
0.5065681576728821,0.4934318482875824,69902
0.6036525964736938,0.39634740352630615,2509
0.6665903568267822,0.33340962529182433,3796
0.49103394746780393,0.508966064453125,47055
0.39281055331230164,0.6071894407272339,4574
0.38424702882766726,0.6157529592514038,14753
0.7989740371704102,0.20102597773075104,15392
0.8832403421401978,0.11675965189933776,20249
0.8027712225914001,0.1972287893295288,42315
0.8419084787368775,0.1580915480852127,30015
0.6264991760253906,0.3735008120536804,17463
0.21662880182266236,0.7833712100982666,51015
0.37743903398513795,0.6225609660148621,51485
0.658411157131195,0.3415888428688049,12546
0.14263705611228944,0.857362937927246,22476
0.36836488246917726,0.6316350936889649,57830
0.8508575320243835,0.14914244413375854,21048
0.0913526549935341,0.9086473107337951,28585
0.6517024636268616,0.3482975423336029,9136
0.733655858039856,0.26634414196014405,14155
0.7513755559921265,0.24862444400787354,16717
0.5017720520496368,0.49822794198989867,66095
0.6940477132797241,0.30595230460166933,46047
0.41426742672920225,0.5857325792312622,37009
0.764785635471344,0.23521436452865602,21600
0.6145082831382751,0.3854917109012604,42303
0.21097324192523956,0.7890267491340637,16153
0.13181196600198747,0.8681880712509156,52277
0.5159639418125153,0.48403605818748474,49316
0.4705745100975037,0.5294254660606384,55830
0.8039481163024902,0.19605189859867095,27402
0.3992804765701294,0.6007195115089417,19615
0.6162486672401428,0.38375131487846376,15177
0.5058835804462433,0.49411643147468565,15710
0.22946202158927917,0.7705379724502563,54560
0.46794617772102354,0.5320538580417633,48707
0.4199672698974609,0.580032742023468,28522
0.37130683064460757,0.628693163394928,37784
0.5098663747310639,0.49013360738754275,29538
0.5429497599601746,0.45705023407936096,1577
0.16307564079761505,0.8369243741035461,6514
0.5253510713577271,0.47464895248413086,68582
0.2654434353113174,0.7345565557479858,11276
0.6439615845680237,0.35603838562965395,14927
0.7055867314338684,0.29441326260566714,38376
0.6981375098228455,0.30186251401901243,14958
0.8652461409568787,0.13475387245416642,62513
0.3477446734905243,0.6522553443908692,37462
0.21751309037208558,0.782486891746521,13380
0.5482291579246521,0.4517708420753479,36715
0.7264853954315186,0.2735145688056946,45553
0.5825016856193542,0.4174982845783234,23049
0.4012672007083893,0.5987328052520752,72871
0.6159860253334045,0.3840139269828796,38113
0.752926766872406,0.24707321524620057,912
0.18214736580848695,0.8178526639938355,12432
0.4263192296028137,0.5736807465553284,17361
0.4885645031929016,0.5114355087280273,37612
0.4426484704017639,0.5573515295982361,10689
0.481879448890686,0.518120539188385,71762
0.911745822429657,0.08825418502092361,33030
0.17279644906520844,0.8272035717964172,31464
0.4016218841075897,0.5983780980110168,46769
0.3197592914104462,0.6802407264709472,28407
0.6557376265525818,0.3442624032497406,61619
0.4864102303981781,0.5135897994041443,60194
0.6076698303222656,0.3923301577568054,70465
0.5599556922912597,0.4400443255901337,3301
0.7845224022865296,0.21547760665416718,12640
0.3927723944187164,0.6072275876998902,41490
0.5828173756599426,0.4171826124191284,63174
0.9229737758636475,0.07702623456716537,27320
0.1383738711476326,0.861626148223877,7913
0.8662052273750305,0.13379479050636292,33257
0.4934889614582062,0.5065110504627228,39741
0.6745048761367798,0.3254951357841492,6936
0.8790375232696533,0.12096250057220459,9982
0.5518819689750671,0.4481180250644684,44849
0.7990368962287903,0.20096309781074523,12815
0.32044935822486875,0.6795506596565246,45758
0.5362864255905151,0.46371360421180724,33248
0.5182703375816345,0.48172964453697203,73003
0.5390960335731506,0.4609039485454559,57503
0.7378531098365784,0.26214687526226044,67298
0.49404512643814086,0.505954897403717,42671
0.4533584237098694,0.5466415762901307,25414
0.5437707901000977,0.4562292337417603,16306
0.37697082161903384,0.6230291724205017,63479
0.7130472898483277,0.2869526743888855,25292
0.7452900171279907,0.254709991812706,39369
0.564213240146637,0.4357867300510406,44695
0.13138393610715865,0.8686160683631897,57262
0.554399836063385,0.44560016989707946,70679
0.36694851517677307,0.6330514788627625,39821
0.7499499082565307,0.25005013048648833,6311
0.1346262663602829,0.8653737306594849,11840
0.6509740710258484,0.3490259230136871,27557
0.42651033997535703,0.5734896302223206,61027
0.09819720685482025,0.9018027782440186,30322
0.7695477247238159,0.2304522544145584,13353
0.2781169295310974,0.7218830585479736,62195
0.12413594424724579,0.8758640885353088,51127
0.7847831964492797,0.21521680057048798,57736
0.6951373219490051,0.3048626780509949,18713
0.4353285372257233,0.5646714806556702,60004
0.2725502043962479,0.7274497985839844,13487
0.787897276878357,0.2121027320623398,44613
0.5404488205909729,0.45955119729042054,543
0.2179522007703781,0.7820478081703186,34597
0.35485134124755857,0.6451486468315124,40647
0.7093121409416199,0.29068787693977355,45320
0.7519014596939086,0.2480985403060913,64639
0.23057706356048585,0.7694229483604431,68998
0.6391363620758057,0.360863596200943,3190
0.13156106621026992,0.8684388995170593,3171
0.18265002071857453,0.8173499703407288,68189
0.6594552278518677,0.34054476022720337,26566
0.245964914560318,0.7540350437164307,49363
0.18580972254276276,0.8141902565956116,50964
0.19401655197143555,0.8059834480285645,41938
0.10097040981054306,0.8990296006202698,61030
0.08267907947301864,0.9173209071159363,59707
0.6022810816764832,0.3977188766002655,11600
0.6657516479492187,0.3342483460903168,15160
0.4480899810791016,0.5519100427627563,40177
0.5459612011909485,0.45403878688812255,19342
0.48228291869163514,0.5177170872688294,19369
0.47581913471221926,0.5241808533668518,44993
0.18649596869945526,0.8135040402412415,59545
0.5536767244338989,0.4463232696056366,12493
0.09558699429035186,0.9044130086898804,32778
0.40042117834091184,0.5995787978172302,24962
0.4367967486381531,0.5632032752037048,5836
0.07403643280267716,0.925963568687439,59034
0.9112011313438415,0.08879887759685516,69500
0.21123848259449005,0.7887615084648132,28463
0.7407961010932922,0.25920390486717226,30458
0.19738031327724456,0.8026196718215942,61150
0.3804194986820221,0.6195805191993713,53995
0.17916998863220215,0.8208300352096558,33869
0.6068133592605591,0.393186616897583,5788
0.471957266330719,0.5280426979064942,66851
0.5392504334449768,0.46074954271316526,37599
0.6636624813079834,0.3363375127315521,65668
0.18415885269641877,0.8158411383628845,29260
0.6624503493309021,0.33754963874816896,22271
0.6119857549667358,0.38801426291465757,68140
0.558259105682373,0.4417409121990204,10029
0.7971400737762451,0.20285991132259368,41923
0.24732599258422852,0.7526740074157715,37273
0.19895194470882416,0.8010480284690857,24670
0.3723759949207306,0.6276240110397339,46702
0.5112509965896607,0.4887490212917328,67300
0.802297842502594,0.19770216941833496,7476
0.8900688290596008,0.10993122905492783,66701
0.6587543845176697,0.34124565720558164,60146
0.34650576710700987,0.6534942388534546,64984
0.19747246205806732,0.8025275349617005,48310
0.30404272079467776,0.6959573149681091,40814
0.8453096270561218,0.1546903520822525,40175
0.6635670781135559,0.33643295168876647,69512
0.539288854598999,0.4607111573219299,71143
0.5438577651977539,0.4561422109603882,55037
0.7705451130867005,0.22945487797260283,13216
0.5561882138252259,0.44381179213523864,5663
0.5807837247848511,0.4192162752151489,13321
0.28361489474773405,0.7163851141929627,28157
0.8717397809028625,0.1282602071762085,57628
0.6913742065429688,0.3086258053779602,23496
0.6699685454368591,0.33003145456314087,21461
0.688379967212677,0.311620032787323,65110
0.33900182843208315,0.6609981656074524,51428
0.3997443437576294,0.6002556324005127,14832
0.19341714382171632,0.8065828680992126,38801
0.740383505821228,0.2596164733171463,70367
0.5078112006187439,0.4921888053417206,16459
0.22393807172775268,0.7760619401931763,5282
0.5410031080245972,0.45899686217308044,13815
0.37331385016441343,0.626686155796051,22397
0.5176852107048034,0.48231480121612547,53288
0.9322499632835388,0.06775006502866746,51191
0.40785385966300963,0.5921461582183838,65446
0.4901668787002563,0.5098330974578857,30862
0.5221076369285583,0.47789235711097716,39152
0.689831280708313,0.3101687550544739,25953
0.4264956474304199,0.5735043525695801,18939
0.2829383075237274,0.7170616984367371,32234
0.19021906852722167,0.8097809314727783,18620
0.3525779008865356,0.6474221110343933,60952
0.8174337863922119,0.18256619274616243,37521
0.8756086349487304,0.1243913859128952,34549
0.8945942401885987,0.1054057538509369,15807
0.5238578915596008,0.4761420965194702,38572
0.590330159664154,0.4096698582172394,68521
0.42738662362098695,0.5726133942604065,6063
0.79284108877182,0.20715891122817992,8491
0.8779714703559875,0.12202852368354797,70783
0.466555655002594,0.533444344997406,20022
0.5365704298019409,0.46342955231666566,46748
0.13180884271860122,0.8681911706924439,39011
0.2017076551914215,0.798292338848114,2066
0.13685999512672425,0.8631399989128112,24636
0.09127564132213592,0.9087243556976319,226
0.19373613595962524,0.8062638640403748,54996
0.5215760409832001,0.4784239649772644,14917
0.4960910379886627,0.5039089441299438,70594
0.654708468914032,0.3452915489673615,34318
0.3757953107357025,0.624204683303833,11182
0.5981022477149963,0.4018977463245392,43007
0.4356402397155762,0.5643597483634949,47304
0.12593230456113816,0.8740676879882813,691
0.5999395251274109,0.40006046295166015,67247
0.4594599843025208,0.5405400514602661,43914
0.5561195254325867,0.44388049840927124,34474
0.07935493290424347,0.9206450581550598,61513
0.6457178473472596,0.35428218841552733,24868
0.4366153120994568,0.5633847117424011,36053
0.7454400539398194,0.2545599341392517,12761
0.23172551095485688,0.7682744979858398,53513
0.1365092769265175,0.8634907126426696,33019
0.34844985604286194,0.6515501499176025,47424
0.5427812099456787,0.4572188198566437,58752
0.5127176642417908,0.48728235960006716,45569
0.46912208795547483,0.5308779180049896,4679
0.6707752227783204,0.32922478914260866,62506
0.537042212486267,0.4629577875137329,40501
0.8048304319381714,0.19516957700252532,20536
0.5100355625152588,0.4899644494056702,34491
0.25378433167934417,0.7462156772613525,19927
0.5261407375335694,0.47385925650596616,24949
0.5365101814270019,0.4634898006916046,48241
0.804452919960022,0.19554707705974578,4885
0.3349876642227173,0.6650123715400695,19922
0.5895027279853821,0.41049724817276,31389
0.3993282914161682,0.6006716966629029,72063
0.566811990737915,0.43318800926208495,17832
0.5610005140304566,0.43899949789047243,14109
0.27428913712501524,0.7257108569145203,70909
0.4352136254310608,0.564786410331726,56006
0.26705201864242556,0.7329480171203613,21288
0.29674104452133176,0.7032589077949524,20620
0.8838929414749146,0.11610706001520157,28655
0.466396564245224,0.5336034655570984,43003
0.5719907402992248,0.42800923585891726,23833
0.21993772089481353,0.7800622701644897,27754
0.13795544803142548,0.8620445370674134,9273
0.46225100159645083,0.5377490282058716,8075
0.8134979248046875,0.18650208413600922,17854
0.5563315033912659,0.4436684787273407,39484
0.5908784747123719,0.40912154912948606,69879
0.24989759624004365,0.7501024007797241,20965
0.7005367517471314,0.29946324825286863,65513
0.9177074909210206,0.08229251652956009,56349
0.5223721504211426,0.477627831697464,72094
0.6841365694999695,0.31586341857910155,68507
0.46786066293716433,0.5321393132209777,22385
0.5720319747924805,0.4279680371284485,14945
0.7734034657478333,0.22659655809402465,25496
0.6358744025230407,0.36412558555603025,38580
0.36514639258384707,0.6348536133766174,1967
0.8617821455001831,0.13821783661842346,2362
0.252176433801651,0.7478235721588135,51653
0.6196489334106445,0.3803510367870331,24305
0.5404674053192139,0.4595325946807861,70222
0.8105990886688232,0.18940090537071227,72778
0.4765510976314545,0.523448896408081,51061
0.12274140864610672,0.877258586883545,63730
0.6059583187103271,0.39404167532920836,19712
0.22816071808338165,0.7718392729759216,38616
0.3232703447341919,0.6767296195030212,31523
0.12525682300329208,0.8747431516647339,27668
0.3492897033691406,0.6507103085517884,4681
0.6016529679298401,0.3983470380306244,71420
0.8420260667800903,0.15797394514083862,45731
0.6995914459228516,0.3004085302352905,61739
0.47007487416267396,0.5299251556396485,55601
0.6027932286262512,0.3972067475318909,10124
0.8366726279258728,0.16332737505435943,65209
0.4727403998374939,0.5272596120834351,69063
0.30794618725776673,0.6920538187026978,8781
0.08859424740076065,0.9114057540893554,44425
0.20573144853115083,0.794268536567688,32699
0.6600071668624878,0.3399928450584412,26214
0.28307766914367677,0.7169223427772522,10816
0.7148146033287048,0.28518540859222413,49505
0.5375866174697876,0.4624133765697479,28908
0.4436203896999359,0.5563796043395997,40859
0.4015745222568512,0.5984254837036133,1079
0.19801771640777588,0.8019822835922241,73961
0.42887638211250306,0.5711236119270324,39998
0.2860552191734314,0.7139448046684265,58015
0.8016947627067565,0.19830525517463685,56273
0.44022544026374816,0.5597745537757873,6101
0.811548912525177,0.1884510725736618,22148
0.8716089367866516,0.12839104384183883,49795
0.1897382378578186,0.8102617502212525,4680
0.4354466080665588,0.5645533919334411,10673
0.5871134996414185,0.412886506319046,60565
0.4148138165473938,0.5851861715316773,40821
0.7943371891975403,0.20566280484199523,7060
0.4771970510482788,0.5228029429912567,68661
0.5930279612541198,0.40697202682495115,48758
0.6655996441841125,0.3344003140926361,60515
0.3690748929977417,0.6309251070022583,20278
0.5303538680076599,0.46964614391326903,5518
0.6417482376098633,0.3582517862319946,25149
0.4457564055919647,0.5542436003684997,59562
0.6531251907348633,0.34687480330467224,6905
0.17977772951126098,0.820222270488739,21803
0.731635856628418,0.2683641314506531,25687
0.5393471896648407,0.46065281629562377,12663
0.6383731245994568,0.3616268754005432,1860
0.3040502190589905,0.6959497928619385,16766
0.8590129733085632,0.14098699241876603,68734
0.6329744338989258,0.3670255959033966,40313
0.3302223145961761,0.6697776675224304,48584
0.7620698809623718,0.23793010413646698,41961
0.6637404084205627,0.33625962138175963,18763
0.18576643764972686,0.8142335653305054,9756
0.6779514193534851,0.32204859852790835,44422
0.8787680864334106,0.12123191356658936,10539
0.24998279809951782,0.7500172138214112,73173
0.5136379361152649,0.4863620936870575,3618
0.631197702884674,0.3688022971153259,42694
0.5134867548942565,0.48651325702667236,47395
0.36375105381011963,0.6362489461898804,18024
0.7164066910743714,0.2835933268070221,16682
0.7362478256225586,0.2637521535158157,20061
0.5333585858345031,0.4666414260864258,35020
0.5941516518592834,0.4058483600616455,13088
0.6631282210350037,0.33687175512313844,11116
0.6447352886199951,0.3552647054195404,15034
0.29075717329978945,0.7092428207397461,2852
0.40758838653564455,0.5924116253852845,15487
0.742787492275238,0.25721252858638766,60479
0.4357831597328186,0.5642168402671814,34577
0.5926756024360657,0.40732436776161196,28919
0.11501403599977493,0.8849859714508057,43143
0.33863475918769836,0.6613652467727661,36248
0.5228941082954407,0.47710588574409485,68438
0.8325161814689637,0.16748382151126862,35045
0.418484103679657,0.581515884399414,8009
0.9241896390914917,0.07581035643815995,28933
0.5513810515403748,0.4486189126968384,9700
0.48073421120643617,0.5192658066749573,41443
0.3628994047641754,0.6371005892753601,58089
0.6077617168426513,0.3922383010387421,43326
0.4243807077407837,0.5756192803382874,31739
0.3190487205982208,0.6809512853622437,21957
0.6823341608047485,0.317665833234787,22514
0.8025871753692627,0.19741279184818267,20347
0.7495372414588928,0.2504627645015717,44921
0.0842370092868805,0.915763008594513,12635
0.2579804569482803,0.7420195579528809,71398
0.4200499176979065,0.5799500703811645,3118
0.5018369972705841,0.49816298484802246,73210
0.4857387006282806,0.5142612755298615,11418
0.21992993354797363,0.7800700664520264,27773
0.5317069053649902,0.4682930767536163,2153
0.5884632468223572,0.4115367650985718,12311
0.498101270198822,0.5018987119197845,7933
0.5219409465789795,0.4780590653419495,6976
0.7308881044387817,0.2691118746995926,49186
0.7028035283088684,0.29719647765159607,73357
0.8857677817344666,0.11423223167657852,61889
0.7839158177375793,0.21608414947986604,17296
0.44540982842445376,0.5545901596546173,52688
0.44670607447624205,0.5532939195632934,53699
0.814666497707367,0.18533349633216858,5315
0.41143548488616943,0.5885645151138306,65733
0.6838133335113525,0.31618669629096985,57322
0.6672490119934082,0.3327509820461273,58363
0.4044439077377319,0.595556092262268,15180
0.6857299923896789,0.31427000761032103,70864
0.1950995832681656,0.8049004077911377,9088
0.5790470957756042,0.42095291018486025,60853
0.49868449568748474,0.5013155043125153,55260
0.19382811188697815,0.8061718702316284,11904
0.7152182817459106,0.2847817063331604,74006
0.559045922756195,0.44095409512519834,8875
0.6469404339790344,0.35305953621864317,8935
0.43869821429252626,0.5613018155097962,66711
0.5662584781646729,0.4337415099143982,34419
0.6048699140548706,0.39513007998466493,15148
0.32544379830360415,0.6745562195777893,54014
0.4876473367214203,0.5123526513576507,37267
0.698255181312561,0.30174481868743896,30850
0.8174707293510437,0.1825292617082596,69861
0.24467181861400605,0.7553281545639038,7617
0.7939075946807861,0.20609237551689147,12346
0.41028448939323425,0.5897155046463013,27050
0.43492722511291504,0.5650727868080139,57859
0.6214605093002319,0.378539502620697,6185
0.41558541655540465,0.5844145894050599,14284
0.8932394504547119,0.106760573387146,20794
0.8443173766136169,0.15568263530731202,64748
0.42261934876441953,0.577380645275116,17519
0.19703361093997956,0.8029664039611817,63119
0.6320030808448791,0.36799692511558535,62800
0.4294329404830933,0.5705670475959778,36417
0.7405595660209656,0.25944045186042786,20256
0.7978033542633056,0.2021966427564621,10875
0.38999615907669066,0.6100038290023804,21418
0.5796252131462097,0.4203747630119324,73585
0.30227481126785277,0.6977251648902894,72001
0.1894401490688324,0.810559868812561,65230
0.40090411305427553,0.5990959048271179,51772
0.5477950572967529,0.4522049844264984,74106
0.08079788982868194,0.9192021012306213,36386
0.6471180081367492,0.3528820097446442,35612
0.3032271027565002,0.6967728853225708,23194
0.6825212478637696,0.3174786984920502,4094
0.6360470414161682,0.3639529585838318,27099
0.6251436114311218,0.3748563826084137,48042
0.4151124536991119,0.5848875284194947,20833
0.6022510528564453,0.3977489769458771,6516
0.5665979981422424,0.43340201377868653,4690
0.7747596383094788,0.22524034976959229,47166
0.8081695437431335,0.19183044135570526,36319
0.43175355195999143,0.5682464241981506,7011
0.2859634280204773,0.7140365719795227,70819
0.605889892578125,0.3941101133823395,48105
0.8235955119132996,0.17640450596809387,5764
0.27555709779262544,0.7244428992271423,6214
0.4261436402797699,0.5738563537597656,59371
0.6676549792289734,0.3323449730873108,2516
0.6985273838043213,0.3014725983142853,58947
0.31925942897796633,0.6807405471801757,50636
0.4915975511074066,0.508402407169342,9936
0.4663491725921631,0.5336508274078369,50247
0.43173458576202395,0.5682654261589051,16246
0.0981991320848465,0.9018008470535278,63214
0.7563154458999634,0.2436845302581787,4245
0.5742112398147583,0.42578877210617067,28012
0.16107536852359772,0.8389246106147766,51330
0.862240731716156,0.13775927126407622,53641
0.8990337014198303,0.10096631646156311,7319
0.4863806664943695,0.5136193215847016,9397
0.299922901391983,0.7000770568847656,54336
0.5479043602943421,0.45209563970565797,6651
0.4059001266956329,0.5940998673439026,5599
0.33604687452316284,0.6639531016349792,11868
0.7092755794525146,0.29072439670562744,24427
0.5119587540626526,0.48804123401641847,25717
0.4684808969497681,0.5315191388130188,12482
0.7132696509361267,0.28673032820224764,3864
0.11959561109542846,0.8804044246673584,62019
0.6726693630218505,0.32733062505722044,20005
0.5739824652671814,0.4260175108909607,53171
0.2998578608036041,0.7001421570777893,74049
0.37969287633895876,0.6203071236610412,1299
0.13036603778600692,0.8696339726448059,54207
0.4362514793872833,0.5637485146522522,8783
0.804461944103241,0.19553805589675904,16074
0.8742629408836364,0.12573705315589906,38851
0.36934146881103513,0.6306585431098938,48478
0.5615995168685913,0.4384004473686218,3929
0.4320447325706482,0.5679552674293518,70690
0.7540628433227539,0.24593716859817505,42715
0.4228686988353729,0.5771313071250915,32566
0.44917012453079225,0.5508298516273499,47696
0.5477648735046386,0.45223512649536135,29090
0.5221017837524414,0.47789821624755857,65239
0.8040285706520081,0.19597144722938536,47238
0.45473910570144654,0.5452608823776245,21373
0.5923250079154968,0.4076749622821808,13326
0.39595711827278135,0.6040428638458252,66539
0.42933979630470276,0.5706602215766907,40412
0.40967079997062683,0.5903291940689087,39112
0.3692744314670563,0.6307255625724792,24958
0.48359606266021726,0.5164039313793183,3931
0.2071722388267517,0.7928277492523194,27721
0.8264061689376831,0.17359383702278136,23208
0.6010126233100891,0.39898738265037537,11747
0.3918618500232697,0.6081381559371948,22042
0.2636558383703232,0.7363441824913025,47910
0.6579014539718628,0.3420985579490662,7515
0.4106285810470581,0.5893714189529419,58829
0.11588326543569565,0.8841167211532592,7183
0.5461047649383545,0.45389519929885863,57972
0.8048695683479309,0.19513045847415925,15256
0.3520703077316284,0.6479296922683716,38051
0.10643139481544495,0.8935686111450195,23723
0.7261145114898682,0.2738855183124542,41701
0.6083216667175293,0.39167832136154174,12960
0.20347276628017424,0.7965272545814515,45288
0.30666142106056216,0.6933385729789734,61960
0.7755114316940308,0.22448856830596925,67341
0.46939089298248293,0.5306091070175171,42696
0.83816899061203,0.16183100044727325,8743
0.5003014624118804,0.49969852566719053,74375
0.483506441116333,0.5164935529232025,9223
0.6402833938598633,0.35971659421920776,53123
0.44977298378944397,0.5502270102500916,39996
0.5325016498565673,0.4674983501434326,64449
0.7202181220054626,0.2797818541526794,43300
0.8143031597137451,0.18569684624671937,24281
0.5008911609649658,0.49910886883735656,3995
0.7490777611732483,0.2509222090244293,6475
0.7633036851882935,0.23669630587100982,13427
0.6777831792831421,0.322216796875,12523
0.1890712022781372,0.8109287738800048,69695
0.5234774708747864,0.4765225529670715,19771
0.1849006325006485,0.8150993585586548,72377
0.6769426822662353,0.32305731177330016,25847
0.16926678717136384,0.8307332038879395,49944
0.1529675841331482,0.8470324158668519,53990
0.5870283007621765,0.41297170519828796,5716
0.5280218839645385,0.47197810411453245,16230
0.47514691948890686,0.5248530864715576,5171
0.3048872768878937,0.6951127290725708,35994
0.5672826766967773,0.43271730542182923,16527
0.15065380334854125,0.8493461847305298,1442
0.5323878526687622,0.46761212944984437,66966
0.39204437732696534,0.6079556107521057,64128
0.3420643210411072,0.6579356789588928,5533
0.5737650752067566,0.42623492479324343,44316
0.38214998245239257,0.6178499937057496,18944
0.5639974236488342,0.43600258231163025,7787
0.39217793345451357,0.6078220844268799,14497
0.42075825929641725,0.5792417645454406,71526
0.5301807522773743,0.46981924772262573,63042
0.693813955783844,0.3061860740184784,1349
0.42112910747528076,0.5788708925247192,57421
0.7752855777740478,0.22471442818641663,6861
0.36621094346046446,0.6337890625,11703
0.895266878604889,0.10473313927650452,62992
0.5062506675720215,0.493749326467514,73446
0.7298764824867249,0.2701234757900238,20623
0.5258167386054993,0.47418327927589415,50675
0.25573078393936155,0.7442692518234253,9913
0.4573974072933197,0.5426025867462159,49533
0.5025412082672119,0.4974587857723236,59444
0.8109915256500244,0.18900844752788543,6049
0.4715446472167969,0.5284553527832031,43746
0.6534895300865173,0.3465104758739471,17237
0.4057069420814514,0.5942930459976197,62572
0.3544686853885651,0.6455313086509704,43534
0.8007762551307678,0.19922375679016113,20197
0.7738715171813965,0.22612846791744232,22312
0.5930979609489441,0.4069020330905914,63864
0.4485420286655426,0.5514579534530639,13095
0.3133964478969574,0.686603558063507,52032
0.260435551404953,0.7395644664764405,69032
0.770847225189209,0.22915277779102325,37552
0.8777269959449768,0.12227300852537155,5772
0.7251274347305298,0.2748725891113281,15704
0.60370032787323,0.39629966020584106,32704
0.6850330471992493,0.3149669826030731,6232
0.4391848146915436,0.560815179347992,11402
0.4957513093948364,0.5042486608028411,11755
0.5721722364425659,0.4278277516365051,4109
0.6068864703178406,0.3931135177612305,61842
0.5785845875740051,0.4214154064655304,27091
0.6474540829658508,0.3525458812713623,41452
0.31559393405914304,0.684406042098999,27328
0.8373034358024597,0.16269654929637908,36756
0.7730854511260986,0.22691454589366913,66951
0.8541327118873596,0.14586729407310486,9818
0.7377278208732605,0.26227219998836515,30517
0.9032485842704773,0.0967513844370842,21780
0.40827745795249937,0.5917225360870362,39234
0.39564191102981566,0.6043581008911133,45317
0.5451920628547668,0.4548079311847687,9671
0.1770660698413849,0.8229339480400085,44782
0.5654328107833863,0.4345672070980072,1589
0.5094755053520202,0.4905245125293732,31573
0.691383957862854,0.30861605405807496,33241
0.6897519826889038,0.3102480411529541,22611
0.40438432693481446,0.5956156849861145,36027
0.6465513229370117,0.35344865918159485,26862
0.7948159098625183,0.20518409013748168,9288
0.48932726979255675,0.5106727302074432,16003
0.8668193101882935,0.1331806719303131,57834
0.6699980139732361,0.3300019860267639,16337
0.7811419248580933,0.21885806620121,51461
0.6805855631828308,0.31941444873809816,49489
0.5999385833740234,0.40006141662597655,7724
0.6959098100662231,0.3040902018547058,49032
0.3578184425830841,0.6421815633773804,14006
0.505660492181778,0.49433953762054444,74228
0.6714341878890991,0.32856579422950744,53882
0.4136330604553223,0.5863669395446778,70491
0.4300549149513245,0.5699451088905334,12540
0.7299077033996582,0.27009227871894836,2491
0.5105624794960022,0.4894375205039978,56403
0.5236651778221131,0.47633480429649355,5015
0.4402128279209137,0.5597871899604797,33146
0.8537696838378906,0.14623030722141267,68819
0.8437603354454041,0.1562396377325058,17346
0.47816216945648193,0.521837842464447,72127
0.29353699684143064,0.7064629793167114,60492
0.877706778049469,0.12229320108890533,70624
0.8470137119293213,0.1529862642288208,65801
0.48522698879241943,0.5147730112075806,32373
0.36524670124053954,0.6347533345222474,71367
0.769206702709198,0.23079330027103423,12075
0.789828896522522,0.21017110645771026,44385
0.17669379711151123,0.8233062148094177,25332
0.4015351116657257,0.5984648823738098,24255
0.7659316897392273,0.23406828939914703,43896
0.5388034701347351,0.46119651198387146,60731
0.5007730424404144,0.49922696948051454,58783
0.12808596044778825,0.8719140529632569,57763
0.40170778036117555,0.5982922434806823,27369
0.8154529094696045,0.18454709649085999,64322
0.38682645559310913,0.6131735444068909,64144
0.29332476258277895,0.7066752195358277,10685
0.42072770595550535,0.5792723059654236,2747
0.13488416075706483,0.8651158690452576,24458
0.5127477467060089,0.487252277135849,33931
0.11927349418401718,0.8807265162467957,71168
0.5346388101577759,0.46536117792129517,28111
0.40812817215919495,0.5918718218803406,35446
0.14327142536640167,0.8567285537719727,68198
0.06347642466425896,0.9365235805511475,35040
0.2729844510555267,0.7270155549049377,13439
0.7696417927742004,0.23035819530487062,61330
0.14049979001283647,0.8595002174377442,42539
0.2675471842288971,0.7324528336524964,7570
0.765922486782074,0.23407749831676483,14615
0.1453486442565918,0.8546513676643371,14459
0.6472192287445069,0.35278077721595763,23995
0.4981651246547699,0.5018348693847656,53801
0.5468195796012878,0.45318039059638976,60418
0.7482694864273072,0.2517305284738541,73224
0.6018865704536438,0.39811341762542723,66510
0.7283336520195007,0.27166635990142823,47498
0.4014484465122223,0.5985515236854553,22658
0.6420034646987915,0.35799652338027954,27722
0.659306013584137,0.340693998336792,11620
0.49564159512519834,0.5043584287166596,18938
0.6341761589050293,0.3658238768577576,46039
0.6582815408706665,0.341718465089798,55564
0.5822088360786438,0.4177911579608917,46507
0.7232239603996277,0.27677600383758544,5891
0.45898579359054564,0.5410142064094543,33418
0.3800770163536072,0.6199229598045349,71245
0.6690584182739258,0.3309415876865387,32164
0.2670329362154007,0.7329670786857605,42573
0.4976778507232666,0.5023221611976624,55353
0.2890662670135498,0.7109336972236633,25141
0.7807471036911011,0.2192529022693634,30716
0.7217354536056518,0.2782645344734192,26822
0.09296243935823441,0.9070375680923461,56410
0.1348377749323845,0.865162193775177,66029
0.7763342261314392,0.2236657589673996,62744
0.5610258460044861,0.43897417187690735,35719
0.8847238302230835,0.1152761697769165,73026
0.6674447298049927,0.3325552761554718,59066
0.8185896277427673,0.18141037225723267,44800
0.7316504120826721,0.26834961771965027,22622
0.1076316475868225,0.8923683524131775,5712
0.4841504871845245,0.51584951877594,23091
0.6399805545806885,0.36001943945884707,43922
0.6099798917770386,0.3900200843811035,2814
0.5442445635795593,0.45575541257858276,18727
0.4191261470317841,0.5808738589286804,42007
0.36545339822769163,0.6345465779304504,32595
0.3962733209133148,0.6037266850471497,39778
0.3729544341564178,0.6270455718040466,43621
0.4577992558479309,0.542200756072998,7271
0.6365133881568908,0.3634866297245026,62607
0.35232266783714294,0.6476773262023926,52866
0.861185359954834,0.13881464302539825,46787
0.7747496604919434,0.22525031864643097,37352
0.386265230178833,0.613734769821167,54128
0.45576337575912473,0.5442366361618042,22194
0.24106088280677795,0.7589391350746155,14529
0.494785737991333,0.505214262008667,72539
0.5197770059108734,0.4802229702472687,59414
0.4406364917755127,0.5593634843826294,68538
0.6717459917068481,0.32825400233268737,43378
0.7956846237182618,0.2043153762817383,4283
0.6969032049179077,0.3030967950820923,55465
0.39676040410995483,0.6032396197319031,17211
0.2509398877620697,0.7490601181983948,69254
0.7152540564537049,0.2847459435462952,70181
0.5687033534049988,0.4312966465950012,2906
0.46537140011787415,0.5346285939216614,28533
0.6006067633628845,0.39939322471618655,23847
0.7379649043083191,0.26203509271144865,45787
0.28072678446769717,0.7192732095718384,45400
0.2262786716222763,0.7737213253974915,6555
0.7032349944114685,0.296765011548996,8926
0.47279638051986694,0.5272036075592041,52360
0.46878340244293215,0.5312165856361389,13811
0.25753081738948824,0.7424691796302796,46658
0.9310362219810486,0.06896375045180321,8942
0.7052990913391113,0.2947009325027466,69140
0.47929542064666747,0.520704585313797,35509
0.49003905057907104,0.5099609315395355,36010
0.46306864619255067,0.5369313478469848,35150
0.3513720214366913,0.6486279726028442,24445
0.47008764147758486,0.5299123764038086,18700
0.290296345949173,0.7097036480903626,44286
0.47792693972587585,0.5220730543136597,36879
0.4897401452064514,0.5102598667144775,12515
0.8784095048904419,0.1215904712677002,2559
0.5054122686386109,0.49458771347999575,47933
0.4654625356197357,0.5345374464988708,4457
0.6251948952674866,0.37480508685112,56652
0.8481702327728271,0.1518297642469406,62684
0.3241318166255951,0.6758681654930114,59778
0.2949248492717743,0.7050751328468323,9062
0.7813864588737488,0.21861352920532226,2241
0.39477837085723877,0.6052216529846192,21975
0.5566093802452088,0.4433906257152557,30082
0.6084071636199951,0.39159284234046937,47384
0.747573721408844,0.2524263024330139,14922
0.5131546914577484,0.4868453025817871,34888
0.6560959935188293,0.3439040184020996,58841
0.742969810962677,0.2570301741361618,33114
0.43713182806968687,0.5628681778907776,25254
0.6041769981384277,0.3958230197429657,6085
0.547587251663208,0.452412748336792,40580
0.6755004525184631,0.32449952960014344,18857
0.5499882817268371,0.4500117123126984,56469
0.37405110001564024,0.6259489178657531,24165
0.3897453546524048,0.6102546453475952,10905
0.4678513765335083,0.5321486294269562,1898
0.346683007478714,0.6533169984817505,29011
0.8858449697494507,0.11415503323078155,64572
0.16014938056468964,0.8398506045341492,73801
0.35090035796165464,0.6490996479988098,18564
0.6017925024032593,0.3982074737548828,36250
0.49588525891304014,0.5041147589683532,40208
0.2379413664340973,0.7620586276054382,60226
0.1500922679901123,0.8499077200889588,38662
0.7851667523384094,0.21483323574066163,61683
0.7352737665176392,0.2647262394428253,42348
0.44307329654693606,0.556926679611206,35039
0.41470457911491393,0.5852954030036926,39437
0.23978217840194702,0.760217821598053,11078
0.16716550588607787,0.8328344702720643,47785
0.22382662296295167,0.7761733889579773,22368
0.5946579575538635,0.40534205436706544,31455
0.13799777626991272,0.8620022177696228,50955
0.24653289914131166,0.7534670948982238,43750
0.20016872882843018,0.7998312711715698,23593
0.4779612720012665,0.5220387220382691,22002
0.4557849526405334,0.5442150712013245,42527
0.46384647488594055,0.536153519153595,56692
0.5598448038101196,0.44015523195266726,1323
0.12089145481586457,0.8791085600852966,34859
0.411504340171814,0.588495671749115,19768
0.6422086834907532,0.3577913224697113,9992
0.17767601907253266,0.8223239779472351,13111
0.7137569546699524,0.28624305725097654,29009
0.21505782008171082,0.7849421739578247,29285
0.39524114727973936,0.604758870601654,43854
0.6864349842071533,0.3135650098323822,35131
0.6160143971443176,0.3839855968952179,66957
0.5362594127655029,0.4637406051158905,58767
0.22663370668888091,0.7733662724494934,5999
0.9132698893547058,0.08673012405633926,3219
0.8639921903610229,0.13600781857967376,57369
0.5681816220283509,0.4318183958530426,70781
0.4742322742938995,0.525767719745636,33138
0.2663913667201996,0.7336086392402649,69421
0.0956286296248436,0.9043713569641113,34638
0.6875400304794311,0.3124599516391754,24970
0.36948680877685547,0.6305131673812866,7516
0.7277102828025818,0.27228970527648927,63901
0.8251587629318238,0.17484124898910522,39261
0.524727976322174,0.475271999835968,35120
0.6272762060165405,0.3727238118648529,35090
0.6217997550964356,0.37820024490356446,58636
0.17839920222759248,0.8216008186340332,54662
0.4073419511318207,0.5926580309867859,11500
0.6058237433433533,0.3941762387752533,66695
0.5822419047355651,0.4177580654621124,74324
0.5875502705574036,0.4124497532844543,18110
0.31678529381752013,0.6832147002220154,27846
0.6715108990669251,0.32848910689353944,13564
0.9014346957206726,0.09856530129909516,60716
0.3408432126045227,0.6591567635536194,49276
0.8604793429374695,0.13952067196369172,9195
0.6630409598350525,0.336959046125412,38883
0.4675803542137146,0.5324196338653564,61776
0.41697303056716917,0.5830269813537597,9255
0.57334223985672,0.42665772438049315,31562
0.5410383820533753,0.4589616060256958,56604
0.8436910033226013,0.1563090294599533,57128
0.6607322573661805,0.3392677426338196,43967
0.38787250518798827,0.6121274709701539,15813
0.48923307061195376,0.5107669413089753,68714
0.7113767981529235,0.28862318992614744,69850
0.5286731660366059,0.4713268518447876,27712
0.7627020716667176,0.23729792833328248,38448
0.7667725324630738,0.23322748839855195,13717
0.828813660144806,0.17118632197380065,17618
0.5906496047973633,0.40935038328170775,53502
0.3614085853099823,0.6385914325714112,35850
0.6339831352233887,0.3660168468952179,8229
0.6100600361824036,0.389939945936203,62928
0.5500011086463928,0.44999886155128477,52828
0.4427712202072144,0.5572287917137146,28625
0.48669785261154175,0.5133021593093872,59641
0.3466200530529022,0.6533799648284913,43366
0.12980797439813613,0.870192015171051,22601
0.4664145827293396,0.5335854172706604,48817
0.1231083020567894,0.8768917322158813,68868
0.7901570558547973,0.2098429560661316,18904
0.4705366432666779,0.5294633269309997,49015
0.19385882914066316,0.8061411857604981,53868
0.42743738293647765,0.5725626230239869,41945
0.7748755693435669,0.22512441873550415,63959
0.22165129482746124,0.7783487200736999,65980
0.43165714740753175,0.5683428645133972,64456
0.30743622183799746,0.6925637602806092,26116
0.39219401478767396,0.6078059911727905,2056
0.6444538712501526,0.355546110868454,36530
0.6214874505996704,0.3785125732421875,9819
0.06901689618825912,0.9309830904006958,45474
0.6576318979263306,0.34236809611320496,71204
0.1273475855588913,0.8726524233818054,31092
0.42925137281417847,0.5707486391067504,6940
0.4664380788803101,0.533561909198761,67131
0.08568819165229798,0.9143118023872375,43056
0.6617900490760803,0.3382099747657776,44933
0.3679689347743988,0.6320310950279235,58634
0.4766261398792267,0.5233738422393799,38528
0.12526164203882217,0.8747383713722229,9101
0.6166488289833069,0.38335113525390624,50271
0.48195427656173706,0.5180457055568695,64038
0.5309551954269409,0.4690448045730591,45904
0.28138391971588134,0.7186161160469056,2182
0.8908774852752686,0.10912253856658935,67609
0.3697890818119049,0.6302109003067017,73371
0.8746265053749085,0.12537347972393037,23882
0.3547510802745819,0.6452489018440246,66782
0.3331039845943451,0.6668959856033325,70689
0.6803895711898804,0.31961042284965513,44219
0.1579586774110794,0.8420413374900818,73291
0.183139568567276,0.8168604254722596,1812
0.11195110231637954,0.8880488991737365,54256
0.5153430342674256,0.48465700149536134,24739
0.5867759943008423,0.41322401762008665,50749
0.14518483281135558,0.8548151850700378,19367
0.7261720895767212,0.27382792830467223,49807
0.2661931335926056,0.7338068723678589,71647
0.5362309098243714,0.4637690782546997,71
0.6184404730796814,0.3815595507621765,16936
0.40242481231689453,0.5975751757621766,26785
0.4051077842712402,0.5948922276496887,74081
0.4378570854663849,0.5621429145336151,64770
0.31002660393714904,0.6899734020233155,3733
0.32542628049850464,0.6745737075805665,11388
0.8895118474960327,0.1104881539940834,45869
0.48470582365989684,0.5152941644191742,9939
0.4799315869808197,0.5200684070587158,53577
0.10042757540941238,0.8995724439620971,33473
0.5474586009979248,0.45254141092300415,41083
0.7424043178558349,0.2575956702232361,20771
0.6497778534889221,0.35022218227386476,18458
0.49366032481193545,0.5063396573066712,55274
0.4259566068649292,0.5740434169769287,22021
0.22585714161396026,0.774142861366272,26625
0.48646474480628965,0.5135352313518524,72226
0.7847012758255005,0.21529869139194488,9754
0.784396517276764,0.21560344696044922,69490
0.6484948873519898,0.35150510668754575,44735
0.5165135622024536,0.4834864497184753,19803
0.25171171724796293,0.7482882618904114,50738
0.7321394681930542,0.2678605020046234,59314
0.3670640170574188,0.6329359769821167,32103
0.36069748401641843,0.6393025398254395,564
0.46874884366989134,0.5312511682510376,52373
0.8825454831123352,0.11745451837778091,29824
0.3904041826725006,0.6095958471298217,63432
0.4481578886508942,0.5518421053886413,39691
0.1559344470500946,0.844065523147583,5529
0.6931649804115295,0.30683504343032836,64295
0.5350164175033569,0.46498359441757203,66412
0.3248014569282532,0.6751985311508178,3176
0.13085869401693345,0.8691413164138794,56512
0.433387303352356,0.5666126847267151,58971
0.64305180311203,0.3569481909275055,35701
0.49509040713310243,0.5049095928668976,71573
0.22546632289886476,0.7745336890220642,49292
0.5470025420188904,0.4529974400997162,66608
0.5403701543807984,0.4596298635005951,26003
0.7635099649429321,0.23649000823497773,16410
0.3801803231239319,0.6198196649551392,57810
0.5121301293373108,0.48786984086036683,15533
0.3756723880767822,0.6243275761604309,32631
0.4672252476215363,0.5327747225761413,43874
0.5914881587028503,0.40851183533668517,72054
0.1942058324813843,0.8057941675186158,22411
0.7499853730201721,0.2500146508216858,5163
0.7605585098266602,0.2394414871931076,18521
0.6796687960624694,0.32033122181892393,48843
0.2619077920913696,0.7380922198295593,66638
0.4861988425254822,0.5138011813163758,16267
0.8425856113433838,0.15741439461708068,10571
0.19458750486373902,0.8054125070571899,18634
0.57451993227005,0.42548006772994995,52123
0.45905678272247313,0.5409432172775268,60269
0.5891582131385803,0.41084182262420654,46394
0.6667951583862305,0.3332048535346985,20280
0.1942795306444168,0.8057204604148864,63976
0.8176202297210693,0.182379749417305,67639
0.4755793154239655,0.5244206786155701,12242
0.3792269825935364,0.6207729935646057,2332
0.7163673281669617,0.28363264799118043,68980
0.44440332651138303,0.555596673488617,24493
0.24061273634433747,0.7593872547149658,53293
0.3101214587688446,0.6898785710334778,25012
0.5608088374137878,0.43919116258621216,53402
0.653067147731781,0.3469328284263611,17404
0.6003939270973205,0.39960606694221495,16277
0.5295321464538574,0.47046785354614257,46509
0.7602395415306091,0.23976045846939087,7316
0.5417188704013824,0.458281147480011,53505
0.6284299492835999,0.3715700447559357,30426
0.531898844242096,0.46810118556022645,64813
0.6072634577751159,0.3927365243434906,65563
0.42803398966789247,0.5719659924507141,33188
0.6084729671478272,0.39152705669403076,15890
0.2700446546077728,0.7299553275108337,10033
0.1319176509976387,0.8680823445320129,56730
0.48793426156044006,0.5120657205581665,29652
0.46400226354599,0.53599773645401,17653
0.420714271068573,0.579285728931427,69126
0.692843222618103,0.30715676546096804,4570
0.12750359028577804,0.8724963903427124,33262
0.7301560163497924,0.26984399259090425,2617
0.07954235821962356,0.9204576492309571,25926
0.7223841547966003,0.2776158392429352,7412
0.5570845484733582,0.44291547536849973,31406
0.7732904553413391,0.2267095059156418,12204
0.3093645930290222,0.6906354188919067,20454
0.20775312185287476,0.7922468662261963,44818
0.6477484941482544,0.3522515058517456,42205
0.5611679315567016,0.4388320744037628,16802
0.1754206418991089,0.82457937002182,22550
0.4725139856338501,0.52748601436615,42516
0.5282608807086945,0.47173908948898313,22009
0.3350814044475555,0.6649186015129089,51032
0.22038954496383667,0.7796104550361633,20083
0.6424715518951416,0.35752847194671633,41893
0.3653653562068939,0.6346346259117126,1690
0.6544717669486999,0.3455282270908356,56186
0.4701817810535431,0.5298182249069214,17234
0.4510249435901642,0.5489750623703002,4819
0.07235597521066665,0.9276440262794494,6676
0.5987712264060974,0.4012287676334381,8726
0.3753003716468811,0.6246996283531189,73372
0.4237993538379669,0.5762006282806397,44147
0.6086504817008972,0.3913495361804962,11308
0.05643108040094376,0.9435689091682434,63558
0.6331997752189636,0.36680026054382325,5173
0.44924476742744446,0.5507552266120911,26480
0.6756240367889405,0.3243759751319885,23211
0.3449527382850647,0.6550472497940063,63554
0.4413691282272339,0.558630895614624,41585
0.6530577898025512,0.34694220423698424,45147
0.13481274247169495,0.8651872515678406,43139
0.25067574381828306,0.7493242621421814,22041
0.23970478773117065,0.7602952003479004,25968
0.5517855644226074,0.4482144355773926,4529
0.4459869861602783,0.5540130257606506,30579
0.6272163391113281,0.3727836608886719,67776
0.5279178857803345,0.4720821142196655,39950
0.9054136991500854,0.09458630234003067,43582
0.40777248740196226,0.5922275066375733,61028
0.30413362979888914,0.6958663582801818,31598
0.7842246413230896,0.21577535271644593,68906
0.1724220335483551,0.8275779604911804,67779
0.3434478759765625,0.6565521001815796,36083
0.13352107107639313,0.866478967666626,39749
0.8970136761665344,0.10298634022474289,58624
0.6361767172813415,0.3638232946395874,586
0.6193252086639405,0.380674809217453,62804
0.3518679141998291,0.6481321096420288,25984
0.7105030536651611,0.2894969403743744,8531
0.5437631249427796,0.45623689889907837,37091
0.24497424066066742,0.7550257563591003,39513
0.28324315547943113,0.7167568445205689,64706
0.6296726107597351,0.37032737135887145,54114
0.39618725180625913,0.6038127422332764,19731
0.6844893813133239,0.31551063656806944,22040
0.33781530261039733,0.6621846914291382,4040
0.5654005408287048,0.4345994234085083,28316
0.48969053030014037,0.5103094696998596,995
0.27008731067180636,0.7299126863479615,64142
0.3076860189437866,0.6923139691352844,65173
0.4718674600124359,0.5281325221061707,51352
0.9181748986244201,0.08182510286569596,53691
0.6367323517799377,0.36326765418052676,34779
0.6198318362236023,0.38016815185546876,45401
0.8423431396484375,0.15765684545040132,35190
0.7626612424850464,0.23733873665332794,7564
0.2245553582906723,0.7754446148872376,25544
0.5338497161865234,0.466150289773941,29069
0.36287089586257937,0.6371290922164917,1190
0.43729789853096007,0.5627020716667175,12692
0.5359925746917724,0.46400741338729856,1194
0.8362544059753418,0.16374562084674835,66348
0.7372127413749695,0.2627872407436371,21634
0.4340714693069458,0.5659285426139832,25784
0.6470283269882202,0.35297168493270875,49235
0.6956761479377747,0.3043238282203674,63114
0.16674286425113677,0.8332571268081665,2266
0.43755799531936646,0.5624420166015625,52603
0.40685009956359863,0.5931499123573303,48272
0.2200033634901047,0.7799966216087342,73296
0.16025500297546386,0.8397449851036072,15244
0.5781628012657165,0.42183720469474795,56627
0.4690840780735016,0.530915904045105,56330
0.5109116792678833,0.48908829092979433,29183
0.661428439617157,0.3385715901851654,28362
0.13227223753929138,0.8677277803421021,73093
0.47086391448974607,0.5291361093521119,36272
0.7813904762268067,0.21860950887203218,37736
0.7217983841896057,0.2782016217708588,28786
0.3348962068557739,0.665103805065155,20893
0.25568642318248747,0.7443135619163513,9978
0.8558181285858154,0.14418187439441682,6273
0.5207037568092346,0.47929624915122987,56955
0.5376540780067444,0.4623459279537201,68731
0.4765089571475983,0.5234910607337951,67733
0.7658994197845459,0.2341005951166153,49556
0.48945426344871523,0.5105457484722138,72639
0.7821471452713012,0.2178528755903244,35073
0.46196919679641724,0.5380308151245117,23767
0.6276494979858398,0.3723505139350891,51228
0.642034113407135,0.35796589255332945,3947
0.28684577643871306,0.7131542205810547,38341
0.13398747593164445,0.8660125374794007,9448
0.16997234523296356,0.8300276279449463,379
0.46546927094459534,0.5345307111740112,44579
0.7160669684410095,0.28393304347991943,72845
0.1870306372642517,0.8129693627357483,43648
0.5823717951774597,0.41762821078300477,16823
0.11240332126617432,0.8875966787338256,9332
0.7543746352195739,0.24562536776065827,1624
0.5213763892650605,0.4786236107349396,18780
0.5389441728591919,0.4610558032989502,53963
0.4918279707431793,0.5081720352172852,18011
0.5355028629302978,0.46449715495109556,43295
0.6573689699172973,0.34263101816177366,39355
0.2795291841030121,0.7204708337783814,28159
0.9204784154891967,0.07952158004045487,32128
0.6884348511695861,0.31156517267227174,26097
0.8672136306762696,0.13278639018535615,42004
0.5389902353286743,0.46100977063179016,57211
0.4476091146469116,0.5523908853530883,50693
0.18730133771896362,0.8126986861228943,72772
0.23497315347194672,0.76502685546875,46870
0.5595636367797852,0.44043636322021484,53160
0.7068640112876892,0.2931359827518463,37371
0.658604085445404,0.341395902633667,19439
0.534644728899002,0.46535528898239137,67538
0.4514931976795197,0.5485068082809448,25772
0.20238815248012543,0.7976118445396423,48831
0.515928077697754,0.484071946144104,57556
0.546422290802002,0.453577721118927,48452
0.3758030474185944,0.6241969585418701,19989
0.5499316453933716,0.4500683665275574,39350
0.4402583956718445,0.5597416043281556,47557
0.15085918009281157,0.8491408348083496,52448
0.2774899899959564,0.7225100040435791,39371
0.4894896924495697,0.5105102837085724,3941
0.861345911026001,0.13865411877632142,55003
0.7828281998634339,0.21717182397842408,33178
0.45991458296775817,0.5400854229927063,16345
0.18372515141963958,0.8162748575210571,36210
0.32737390995025634,0.6726260900497436,53653
0.6678557515144348,0.3321442425251007,8711
0.8620041608810425,0.13799583911895752,29842
0.8341642379760742,0.16583574414253235,29628
0.4756904304027557,0.5243095457553864,39276
0.1904861181974411,0.8095138430595398,37484
0.7200399875640869,0.27996001243591306,25261
0.5625701904296875,0.4374298095703125,70303
0.2864841759204865,0.713515841960907,21383
0.8943711638450622,0.10562882274389267,42290
0.6990555644035339,0.30094444155693056,24984
0.6439867734909057,0.3560132265090942,55701
0.7632574319839478,0.2367425501346588,55145
0.6484772086143493,0.351522821187973,1122
0.15289214253425598,0.8471078276634216,32124
0.6419579386711121,0.3580420553684235,4197
0.4705819606781006,0.5294180512428284,53849
0.2308918207883835,0.7691082000732422,26865
0.7507595777511596,0.24924041628837584,65900
0.23796778917312622,0.7620322346687317,32462
0.5789904713630676,0.42100951075553894,65105
0.5003044605255127,0.49969556331634524,42878
0.5578101992607116,0.44218980669975283,72753
0.8416063070297242,0.15839366018772125,36025
0.5088758707046509,0.4911241352558136,1001
0.5210664570331573,0.4789335489273071,60538
0.08681726157665252,0.9131827592849732,36826
0.5620338320732117,0.4379661977291107,42031
0.41145718693733213,0.5885428428649903,34686
0.48901388645172117,0.5109861075878144,63291
0.36194632649421693,0.6380536675453186,57312
0.6197432279586792,0.38025677800178526,41590
0.6765645623207093,0.32343544363975524,62367
0.4806382775306702,0.5193617522716523,55222
0.8918492436408997,0.10815075039863586,20819
0.16487838923931122,0.8351215839385986,42450
0.5061547458171844,0.49384525418281555,50466
0.5538472294807434,0.44615277647972107,65693
0.6814328312873841,0.31856717467308043,67057
0.7206547498703003,0.2793452501296997,47586
0.7501801252365112,0.2498198479413986,48728
0.17580253183841704,0.8241974711418152,51649
0.6367085456848145,0.3632914662361145,48410
0.5308882892131805,0.469111704826355,65825
0.34606948494911194,0.6539304971694946,69976
0.135159832239151,0.8648401498794556,41117
0.39811314940452575,0.6018868327140808,43283
0.45472487807273865,0.5452751278877258,67869
0.5503479361534118,0.4496520936489105,59466
0.5208262205123901,0.4791737854480743,13421
0.578154194355011,0.421845817565918,62398
0.7245780467987061,0.27542197704315186,4531
0.8411353707313538,0.15886462926864625,72209
0.6491288423538208,0.3508711576461792,41016
0.4271548569202423,0.5728451251983643,781
0.39532344341278075,0.6046765685081482,69647
0.49484903216362,0.5051509439945221,43930
0.6100749969482422,0.38992502093315123,17861
0.13137077540159225,0.8686291933059692,53994
0.44618154764175416,0.5538184523582459,49744
0.45788241624832154,0.5421175718307495,52904
0.7061586380004883,0.2938413679599762,22529
0.3581762969493866,0.6418237090110779,16358
0.8513546586036682,0.14864535331726075,4365
0.8100397944450378,0.18996018469333648,55034
0.880113708972931,0.11988629698753357,32666
0.6870390892028808,0.31296092867851255,64444
0.7739280819892883,0.22607191801071166,74441
0.2789817452430725,0.7210182547569275,681
0.16671795547008514,0.8332820057868957,10895
0.4007444024085999,0.5992555856704712,9502
0.23245766758918762,0.7675423264503479,48350
0.373528254032135,0.6264717698097229,67954
0.3324003040790558,0.6675996899604797,12065
0.5260943591594696,0.4739056169986725,36616
0.7297121167182923,0.27028786540031435,33963
0.836978018283844,0.16302195191383362,74021
0.2243724286556244,0.775627589225769,45990
0.43437127470970155,0.5656287193298339,5733
0.6173915982246398,0.3826084017753601,24746
0.5827576398849488,0.4172423601150513,30595
0.46741008162498476,0.5325899004936219,3221
0.16645140647888185,0.8335485935211182,34442
0.5962867617607117,0.40371326804161073,7484
0.486871474981308,0.513128536939621,15645
0.6055006146430969,0.3944994151592255,46591
0.8159663200378418,0.18403366804122925,35967
0.14551951587200165,0.8544804573059082,51930
0.5518448233604432,0.44815516471862793,21162
0.23245044350624083,0.7675495743751526,64749
0.6945453763008118,0.30545461773872373,10362
0.17310659289360047,0.826893401145935,6673
0.727707314491272,0.2722926795482635,11307
0.24405162632465363,0.7559483766555786,51939
0.9238457202911377,0.07615426480770111,25034
0.6260175228118896,0.3739825010299683,29647
0.6288005232810974,0.371199494600296,60474
0.3077393174171448,0.6922606945037841,52864
0.38219491243362425,0.6178050994873047,71005
0.06595555320382118,0.9340444684028626,28922
0.7112537384033203,0.2887462615966797,34105
0.664046847820282,0.3359531342983246,8936
0.5184438586235046,0.4815561354160309,25690
0.21269989013671875,0.7873001098632812,37795
0.20530483424663543,0.7946951746940613,48334
0.7648460268974304,0.2351539582014084,34420
0.9264297723770142,0.07357023656368256,35684
0.41327049136161803,0.5867295026779175,2142
0.70539870262146,0.2946012794971466,26608
0.6864042520523072,0.3135957658290863,39321
0.6652448177337646,0.3347551941871643,13926
0.7292236447334289,0.2707763671875,24440
0.4803838670253754,0.5196161270141602,45793
0.8666893720626831,0.13331065326929092,35251
0.8866401314735413,0.11335986405611038,31198
0.6424216628074646,0.3575783550739288,20757
0.3497981488704681,0.6502018690109252,67203
0.5964415192604064,0.403558486700058,35347
0.6400089740753174,0.359991055727005,22754
0.15955853462219238,0.8404414653778076,67219
0.3821610689163208,0.6178389430046082,21766
0.421726393699646,0.578273594379425,56609
0.5532242059707642,0.44677579402923584,45911
0.376531183719635,0.6234688282012939,22497
0.6628643155097962,0.3371356725692749,12725
0.8575116157531738,0.14248837977647782,72849
0.3358459770679474,0.6641539812088013,66427
0.698011040687561,0.30198897123336793,2955
0.6532309174537658,0.34676907658576966,73238
0.2385191649198532,0.7614808320999146,71088
0.2548032462596893,0.7451967597007751,14476
0.8844413042068482,0.1155586838722229,69387
0.5128865361213684,0.4871134519577026,3054
0.3250510096549988,0.6749489784240723,69047
0.5406475305557251,0.45935245156288146,27171
0.31997025609016416,0.6800297141075134,7292
0.19031380116939545,0.8096861720085144,7210
0.25862167179584505,0.7413783550262452,72175
0.6487150549888611,0.35128495693206785,24783
0.4019080579280853,0.5980919122695922,25653
0.7610350728034974,0.23896491527557373,40565
0.7416347742080689,0.2583652317523956,34101
0.8092172026634217,0.19078281819820403,42547
0.5207637667655944,0.47923620939254763,30457
0.21760035157203675,0.7823996663093566,42393
0.5592108845710755,0.440789133310318,24369
0.6028883576393127,0.39711164832115176,9460
0.46867334842681885,0.5313266754150391,13152
0.48548200726509094,0.5145180106163025,53542
0.7659103393554687,0.23408966958522798,56260
0.43046786189079284,0.5695321440696717,63655
0.6492568135261536,0.35074315667152406,28763
0.6790228605270385,0.320977121591568,67047
0.41577887535095215,0.5842211246490479,66411
0.7549241781234741,0.24507583677768707,40535
0.5385055303573608,0.46149447560310364,66309
0.10134741514921189,0.8986526012420655,23263
0.3916513681411743,0.6083486557006836,36074
0.4730662524700165,0.526933753490448,56882
0.5141360521316528,0.4858639180660248,14453
0.7360842108726502,0.2639157921075821,72386
0.14295413792133332,0.8570458769798279,62329
0.6458571553230286,0.3541428565979004,42059
0.20620600283145904,0.7937940001487732,12958
0.6999994039535522,0.3000005841255188,22499
0.12430793344974518,0.8756920337677002,33588
0.5024892389774323,0.4975108027458191,33233
0.9086599946022034,0.09133999347686768,5289
0.7310228705406189,0.26897712647914884,41825
0.41200538277626036,0.5879945993423462,18787
0.08448824137449265,0.9155117630958557,931
0.49020718932151797,0.509792822599411,17690
0.23456783294677735,0.7654321432113648,36606
0.8627169728279114,0.13728304505348204,1228
0.8680062174797059,0.13199375569820404,58637
0.7534287929534912,0.24657120406627656,16327
0.27868961691856386,0.7213104248046875,3402
0.371786367893219,0.628213620185852,57163
0.5473625183105468,0.4526374936103821,28663
0.14465718269348143,0.8553428292274475,18358
0.5112142324447632,0.48878578543663026,49264
0.4879389703273773,0.5120610296726227,71873
0.2732871949672699,0.7267128109931946,14999
0.4355040490627289,0.5644959449768067,64627
0.4447989046573639,0.5552011132240295,49023
0.6416962146759033,0.3583037734031677,73109
0.3988094449043274,0.6011905312538147,38142
0.5180185079574585,0.4819814920425415,59364
0.4306899607181549,0.5693100333213806,12107
0.4049493670463562,0.5950506567955017,60603
0.37909446358680726,0.6209055423736572,32383
0.12144279927015304,0.8785572052001953,66280
0.6803271889686584,0.31967281103134154,17639
0.5550716280937195,0.44492838978767396,12342
0.4478806793689728,0.5521193146705627,43841
0.5249431252479553,0.4750568985939026,65048
0.08734641969203949,0.9126535892486572,73436
0.8247660160064697,0.17523398101329804,59236
0.0788006454706192,0.921199357509613,62276
0.8715868353843689,0.1284131646156311,67735
0.3840869665145874,0.6159130454063415,60710
0.2602349281311035,0.7397650718688965,35005
0.4343713402748108,0.5656286478042603,31902
0.9083613753318787,0.09163863211870193,61771
0.7552717804908753,0.2447281986474991,46813
0.7614285588264466,0.2385714530944824,12401
0.18000800609588624,0.8199919939041138,56220
0.7307860851287842,0.2692138910293579,50616
0.2241728723049164,0.7758271217346191,37493
0.5560626983642578,0.4439372718334198,20168
0.5894025802612305,0.4105974078178406,12201
0.5798839449882507,0.4201160311698914,55571
0.5601490020751954,0.4398509681224823,57289
0.3524899423122406,0.6475100517272949,32649
0.4998691737651825,0.500130832195282,6479
0.4714410245418549,0.5285589575767518,1310
0.9215057611465454,0.07849423587322235,63623
0.49736104607582093,0.5026389300823212,25088
0.4963619947433472,0.5036380171775818,2288
0.3922596275806427,0.6077404022216797,18397
0.4027756929397583,0.5972243070602417,55149
0.6751064777374267,0.32489351034164426,40469
0.7150930047035218,0.28490700721740725,71017
0.79518963098526,0.20481037497520446,64474
0.5077247560024262,0.49227522015571595,30020
0.6472921252250672,0.35270786881446836,50937
0.26424873769283297,0.7357512712478638,40715
0.46884307861328123,0.5311569333076477,52768
0.6391698598861695,0.360830157995224,16355
0.7619414687156677,0.2380585104227066,38130
0.7912956833839416,0.20870432555675505,61091
0.5295200884342194,0.4704799294471741,69428
0.3402403831481934,0.6597595930099487,47710
0.6331861138343811,0.36681386828422546,33868
0.6917957544326783,0.30820422768592837,58369
0.540629780292511,0.4593702495098114,32942
0.8133299827575684,0.18667001128196717,42545
0.7068800449371337,0.29311994314193723,73728
0.9156228184700013,0.08437718749046326,32297
0.6235428214073181,0.3764571905136108,48302
0.38578527569770815,0.6142147541046142,56438
0.8611399888992309,0.1388600081205368,67428
0.673036515712738,0.326963472366333,40817
0.12552457451820373,0.8744754552841186,64593
0.5689096570014953,0.43109036087989805,17081
0.5891274452209473,0.4108725905418396,18254
0.22632153928279877,0.773678457736969,66555
0.09693628549575806,0.9030637264251709,13023
0.836690092086792,0.16330987811088563,40035
0.6508936882019043,0.34910633563995364,56859
0.38400830030441285,0.6159917116165161,59213
0.3997750341892242,0.6002249717712402,51636
0.7714374303817749,0.22856254279613494,17713
0.5426128029823303,0.4573871910572052,66304
0.07595989257097244,0.9240401268005372,54279
0.7336696147918701,0.26633035838603974,43385
0.6800691366195679,0.3199308514595032,32821
0.32493409514427185,0.6750659346580505,23518
0.44927421808242796,0.550725769996643,42210
0.7873568773269654,0.21264309287071229,13077
0.4715792179107666,0.5284207940101624,54141
0.5483104825019837,0.4516895055770874,67178
0.605434262752533,0.394565749168396,70254
0.3460030496120453,0.6539969444274902,73455
0.6798429250717163,0.32015708088874817,25200
0.15358770191669463,0.8464122653007508,29793
0.5101089596748352,0.48989105224609375,2542
0.6560365200042725,0.343963497877121,19843
0.6078054308891296,0.3921945929527283,20901
0.728866970539093,0.271133029460907,34215
0.19202678501605988,0.8079732060432434,24749
0.49565995335578916,0.5043400585651397,58251
0.6199824094772339,0.38001757860183716,10971
0.47840750217437744,0.5215924918651581,41862
0.636575186252594,0.36342482566833495,7885
0.6729128241539002,0.32708718776702883,47485
0.7484529733657836,0.25154699981212614,1167
0.15554074048995972,0.8444592356681824,62477
0.86501042842865,0.13498958051204682,14219
0.45362181663513185,0.5463781595230103,34688
0.6843046069145202,0.3156953930854797,16432
0.7705772161483765,0.22942277789115906,33000
0.2480902463197708,0.7519097447395324,59153
0.8432159543037414,0.15678404569625853,23323
0.8459505081176758,0.15404950082302094,26107
0.6548483014106751,0.3451517105102539,16791
0.3043272614479065,0.6956727385520936,47182
0.33021743297576905,0.669782555103302,73038
0.605348014831543,0.394651985168457,3566
0.7156546354293823,0.28434537053108216,5186
0.27195108532905576,0.7280488967895508,42257
0.734511935710907,0.26548807621002196,6537
0.4572122097015381,0.5427877902984619,25841
0.20782322883605958,0.7921767830848694,3172
0.5105076909065247,0.48949233889579774,1165
0.6335506081581116,0.36644941568374634,19146
0.4602123975753784,0.5397876262664795,278
0.5560816287994385,0.44391838312149046,5511
0.5981542825698852,0.4018457055091858,5741
0.481700474023819,0.51829953789711,43243
0.7512152552604675,0.24878473877906798,2114
0.34687466621398927,0.6531253218650818,44199
0.40087944865226743,0.599120557308197,51998
0.7296941637992859,0.2703058302402496,13970
0.23710710406303406,0.7628928780555725,8816
0.39188231229782106,0.6081177115440368,39705
0.33627655506134035,0.6637234449386596,2910
0.5183206737041474,0.48167930245399476,51958
0.11388459652662278,0.8861153960227967,50031
0.8067990064620971,0.19320100247859956,43766
0.4447938799858093,0.5552061200141907,30143
0.5899580955505371,0.41004189252853396,20945
0.9176992535591125,0.08230075687170028,17747
0.4292450785636902,0.5707548975944519,71130
0.3496216475963593,0.6503783345222474,18591
0.6018853425979614,0.3981146812438965,61966
0.1844103902578354,0.8155895948410035,32181
0.5818293809890747,0.41817060112953186,37554
0.4697528719902039,0.5302471280097961,24541
0.5999711632728577,0.40002883672714235,15445
0.32075557112693787,0.6792444467544556,34882
0.3922378718852997,0.6077621340751648,34439
0.5637648940086365,0.4362351596355438,3417
0.337542861700058,0.6624571442604065,33503
0.6683512449264526,0.3316487669944763,67338
0.8895858287811279,0.11041418313980103,40815
0.6706943511962891,0.3293056547641754,21983
0.381217485666275,0.6187825202941895,698
0.6159772634506225,0.3840227544307709,70846
0.3162837028503418,0.6837162852287293,51471
0.3052488684654236,0.6947511315345765,51764
0.49003668427467345,0.5099632978439331,15882
0.4012771546840668,0.5987228512763977,1291
0.45821271538734437,0.5417872846126557,59580
0.4156842827796936,0.5843156933784485,63409
0.29617938995361326,0.7038205862045288,24379
0.8698557615280151,0.13014424294233323,55619
0.7075484871864319,0.292451536655426,1609
0.8438488125801087,0.15615116357803344,50403
0.5073647797107697,0.49263523817062377,14624
0.5467976331710815,0.45320239663124084,40880
0.3649101793766022,0.6350898265838623,42663
0.5884023308753967,0.41159766912460327,58732
0.09141301065683365,0.9085869908332824,30345
0.22755285501480102,0.772447144985199,68733
0.22057062089443208,0.7794293880462646,73024
0.5496733903884887,0.4503266215324402,53233
0.6196393251419068,0.3803606748580933,3154
0.4792805790901184,0.5207194328308106,24829
0.7107716798782349,0.2892282873392105,16701
0.35751880407333375,0.6424811959266663,32771
0.2646325320005417,0.735367476940155,49564
0.8951429963111878,0.10485699921846389,64935
0.148049458861351,0.8519505500793457,17809
0.4093972444534302,0.5906027436256409,17556
0.7781762957572937,0.22182372212409973,33151
0.7326312065124512,0.26736880838871,47356
0.7408916592597962,0.2591083824634552,56127
0.23789733052253723,0.7621026754379272,38612
0.6037804841995239,0.39621950387954713,35408
0.4755852460861206,0.5244147598743438,31435
0.9087793707847596,0.0912206456065178,42406
0.15523517429828643,0.8447648406028747,67725
0.45486692190170286,0.5451330661773681,68642
0.37429364323616027,0.6257063627243042,27534
0.5464141964912415,0.4535857915878296,45489
0.5759928107261658,0.42400718331336973,10173
0.904314398765564,0.09568557888269424,50758
0.3132919788360596,0.6867080450057983,70375
0.6084893226623536,0.39151068329811095,68543
0.2917862832546234,0.708213746547699,67146
0.1754189759492874,0.8245810270309448,29315
0.3291918933391571,0.6708081483840942,7360
0.487652450799942,0.5123475313186645,33722
0.3255172669887543,0.6744827151298523,27297
0.294162392616272,0.7058376193046569,19322
0.5885969042778015,0.41140310764312743,54096
0.13585752099752427,0.8641424775123596,19485
0.6395086288452149,0.36049140691757203,62600
0.5639006614685058,0.4360993325710297,45906
0.47190435528755187,0.5280956506729126,5563
0.833532702922821,0.1664672911167145,37593
0.3760781526565552,0.6239218592643738,56024
0.7570052146911621,0.24299478828907012,34546
0.6159282445907592,0.38407174944877626,32573
0.5704674839973449,0.4295324802398682,32558
0.5111343622207641,0.4888656437397003,65003
0.6522983074188232,0.3477016627788544,68296
0.5991722106933594,0.40082777142524717,68351
0.150191068649292,0.8498089432716369,9200
0.4665022134780884,0.5334977984428406,62350
0.4091764628887177,0.5908235073089599,56779
0.13512239158153533,0.8648776292800904,32029
0.5208742260932923,0.47912576198577883,1902
0.8487545728683472,0.1512454092502594,26793
0.717775821685791,0.28222417235374453,32723
0.7207357048988342,0.2792642891407013,67829
0.5641056776046753,0.4358943283557892,17540
0.5281609892845154,0.47183902859687804,4624
0.3423407256603241,0.6576592445373535,67966
0.7918231368064881,0.20817683637142181,67081
0.7459246516227722,0.25407530665397643,54280
0.8178033828735352,0.1821966290473938,54614
0.5309602499008179,0.4690397620201111,28138
0.4893859028816223,0.5106141149997712,44984
0.6911519050598145,0.30884810090065,4595
0.5040753662586213,0.495924586057663,63269
0.18121298551559448,0.8187870144844055,70627
0.26375836730003355,0.7362416386604309,773
0.7055697560310363,0.2944302439689636,21812
0.8572095394134521,0.14279045164585114,10818
0.8627456903457642,0.13725431859493256,34151
0.12554807513952254,0.8744519233703614,30358
0.06310021355748177,0.9368997812271118,40796
0.5885561466217041,0.41144387125968934,49313
0.39693899154663087,0.6030610084533692,48132
0.4930687427520752,0.5069312632083893,55706
0.8761154294013977,0.12388458251953124,14505
0.6385990262031556,0.3614009916782379,62840
0.332524037361145,0.667475950717926,74243
0.531676197052002,0.46832382678985596,37602
0.3426735758781433,0.6573264360427856,2779
0.23694287240505219,0.7630571007728577,50684
0.4927788734436035,0.5072211146354675,36179
0.44887633323669435,0.5511236667633057,74362
0.7104919195175171,0.28950809836387636,10994
0.6350852608680725,0.36491475701332093,17782
0.552985429763794,0.44701457023620605,22434
0.28177728652954104,0.718222713470459,65841
0.5611830592155457,0.43881693482398987,20702
0.25579607784748076,0.7442039489746094,15728
0.7574140191078186,0.24258597791194916,27326
0.11475915908813476,0.8852408528327942,50224
0.5445671498775482,0.4554328918457031,20633
0.13598477095365524,0.8640151977539062,34454
0.3254714787006378,0.6745285034179688,67103
0.41917474269866944,0.5808252692222595,4266
0.37462903261184693,0.625370979309082,28967
0.7091288685798645,0.2908711016178131,42107
0.8015526175498963,0.1984474003314972,19445
0.45293180346488954,0.547068190574646,5564
0.5392182230949402,0.4607817709445953,50491
0.3362059831619263,0.6637940168380737,36574
0.30059117674827573,0.6994088411331176,57827
0.46853665113449094,0.5314633250236511,27643
0.5762954354286194,0.42370455861091616,49073
0.7393545031547546,0.26064554154872893,2751
0.40302059054374695,0.5969793915748596,899
0.38849095106124876,0.6115090608596802,56350
0.3505926191806793,0.6494073987007141,366
0.7734687805175782,0.2265312045812607,47870
0.45324252247810365,0.5467574954032898,27696
0.4378811478614807,0.5621188521385193,63007
0.9423434734344482,0.057656527310609815,74325
0.6004844188690186,0.3995155930519104,36486
0.8546109795570374,0.14538905024528503,20973
0.11460642218589782,0.8853935837745667,72781
0.12514606565237046,0.8748539328575134,23353
0.3366428792476654,0.6633571028709412,7641
0.39946459531784057,0.6005354166030884,16409
0.5042247176170349,0.49577529430389405,69734
0.2969731330871582,0.7030268549919129,67800
0.49029737114906313,0.509702616930008,13144
0.5249154567718506,0.47508456110954284,3701
0.7376009941101074,0.2623990088701248,30209
0.3819561958312988,0.6180437922477722,33602
0.43140909671783445,0.5685909032821655,66045
0.4844531059265137,0.5155469357967377,55407
0.6654984593391419,0.33450154662132264,20566
0.6552461624145508,0.3447538435459137,42938
0.17768176198005675,0.8223182559013367,13268
0.46186567544937135,0.5381343007087708,20890
0.5398046851158143,0.4601953148841858,43767
0.9282787919044495,0.07172119617462158,66826
0.5209190666675567,0.4790808975696564,69650
0.5975775718688965,0.40242246389389036,63593
0.07485326528549194,0.9251467466354371,36178
0.5366667926311492,0.4633332252502441,50726
0.8178609251976013,0.18213907778263091,18545
0.4427322089672089,0.5572678208351135,34804
0.11434385925531387,0.885656189918518,26102
0.6728226065635681,0.3271773993968964,45847
0.6111623406410217,0.3888376712799072,30056
0.424363374710083,0.5756366372108459,20187
0.3729144692420959,0.627085518836975,84
0.249246484041214,0.7507535338401794,21591
0.43592185974121095,0.564078152179718,72440
0.22365694046020507,0.776343047618866,6666
0.20907438695430755,0.7909256100654602,62192
0.6996978163719177,0.30030220150947573,63496
0.2650485455989838,0.7349514722824096,28121
0.7799874901771545,0.22001247406005858,2902
0.2691887438297272,0.7308112740516662,11437
0.44596158862113955,0.554038405418396,60483
0.7437730669975281,0.256226909160614,69511
0.26129777133464815,0.7387022256851197,50455
0.6015916466712952,0.39840835332870483,59894
0.7197435736656189,0.2802564203739166,64413
0.889173400402069,0.11082657724618912,33483
0.4988048136234283,0.5011951684951782,59516
0.7201152682304383,0.27988473176956175,5269
0.4819189667701721,0.5180809974670411,67819
0.6455758810043335,0.35442411303520205,37909
0.39029759764671323,0.6097023963928223,2442
0.5075924515724182,0.49240753054618835,27986
0.8213804244995118,0.17861960232257842,24317
0.7648938298225403,0.2351061463356018,4042
0.2167736291885376,0.7832263708114624,9888
0.49840579032897947,0.5015942037105561,35468
0.5279973745346069,0.4720026314258575,32731
0.708178436756134,0.291821551322937,36900
0.8116787552833558,0.18832124173641204,39088
0.7262259125709534,0.2737740695476532,66906
0.6428767800331116,0.3571232080459595,50707
0.6875826597213746,0.31241735219955447,13739
0.10163589715957641,0.8983640909194947,18839
0.8170728564262391,0.18292713761329651,22776
0.34055874347686765,0.6594412565231323,61655
0.6314029335975647,0.3685970664024353,62360
0.7085177898406982,0.29148221015930176,35296
0.1750859349966049,0.8249140620231629,34560
0.6321894407272339,0.367810583114624,68188
0.2981800377368927,0.7018199563026428,42302
0.43409739136695863,0.5659026265144348,22398
0.507391756772995,0.49260823130607606,23433
0.46123141050338745,0.5387686252593994,73849
0.39036808609962464,0.6096319317817688,40110
0.5677273273468018,0.43227267265319824,15109
0.5169407606124878,0.4830592513084412,45256
0.46521777510643003,0.5347822189331055,38648
0.40064293146133423,0.5993570685386658,196
0.3011115610599518,0.6988884091377259,37984
0.2953857481479645,0.7046142578125,57647
0.3948826968669891,0.6051173090934754,3271
0.3403332054615021,0.6596668243408204,56098
0.4855190455913544,0.5144809186458588,58762
0.5719241261482239,0.42807585597038267,4464
0.9147250175476074,0.0852749690413475,27450
0.2528355985879898,0.7471643924713135,16756
0.54138263463974,0.45861735939979553,19019
0.8891598582267761,0.11084016114473343,15673
0.887143337726593,0.1128566563129425,5534
0.5014829158782959,0.4985170602798462,34490
0.5228810667991638,0.47711892127990724,16403
0.7568638682365417,0.24313612878322602,29850
0.8512064814567566,0.14879353046417237,315
0.5507775545120239,0.4492224395275116,63765
0.4375216543674469,0.5624783396720886,73071
0.6444250106811523,0.35557499527931213,29218
0.4302873134613037,0.5697126626968384,8915
0.7759521842002869,0.22404780089855195,17743
0.4483673870563507,0.5516326069831848,49796
0.6804157137870789,0.31958428025245667,73884
0.5914121627807617,0.4085878074169159,22557
0.5399693131446839,0.4600306868553162,38075
0.38752415776252747,0.612475848197937,32447
0.4722657918930054,0.5277341961860657,3029
0.6509169578552246,0.34908306002616885,52167
0.28985875248909,0.7101412415504456,19381
0.20820975303649902,0.7917902112007141,37888
0.2004043072462082,0.7995957016944886,59491
0.7445069313049316,0.2554930716753006,7581
0.3803830027580261,0.6196169972419738,3556
0.7927289128303527,0.2072710782289505,64653
0.5270779490470886,0.4729220509529114,42689
0.4046308994293213,0.5953691124916076,4594
0.6380436420440674,0.3619563639163971,13204
0.11468027830123902,0.88531973361969,2816
0.7334576845169067,0.2665423065423965,50367
0.34718356728553773,0.6528164505958557,35117
0.21812788248062134,0.7818721175193787,65455
0.5555320620536804,0.44446792006492614,56611
0.3990215539932251,0.6009784579277039,36784
0.3141421377658844,0.6858578562736511,71830
0.3750234067440033,0.6249765753746033,20778
0.22964611351490022,0.770353889465332,21635
0.334887170791626,0.6651128053665161,27594
0.7889733791351319,0.2110266327857971,1813
0.17842114865779876,0.821578848361969,40761
0.9187275052070618,0.08127249032258987,1481
0.8569085717201232,0.14309143126010895,27458
0.45406000018119813,0.5459400177001953,45873
0.5959926247596741,0.4040073692798615,43321
0.23676776587963105,0.7632322311401367,1478
0.6879238009452819,0.3120762288570404,64166
0.7243609309196473,0.2756390690803528,16383
0.4183945655822754,0.5816054463386535,13049
0.2339673161506653,0.7660326719284057,71641
0.11310995817184448,0.8868900299072265,65147
0.1510079324245453,0.8489920973777771,16815
0.5768716096878052,0.42312840223312376,72766
0.5706258058547974,0.4293742001056671,10256
0.5749534845352173,0.4250464975833893,64087
0.1578788697719574,0.8421211242675781,16300
0.2691341698169708,0.7308658599853516,5502
0.1512667328119278,0.8487332463264465,61191
0.6296662569046021,0.3703337609767914,68382
0.9374515652656555,0.0625484250485897,42519
0.18381719589233397,0.816182804107666,64532
0.24757090210914612,0.7524291038513183,29184
0.534580385684967,0.4654196321964264,35333
0.6488160967826844,0.3511839330196381,56502
0.5747801899909973,0.4252198159694672,38123
0.32660846710205077,0.6733915090560914,12451
0.4516818165779114,0.5483181953430176,55307
0.3823030054569244,0.6176969885826111,43570
0.13428996801376342,0.8657100081443787,70067
0.7498041987419128,0.25019578635692596,40823
0.3800763666629791,0.6199236035346984,42111
0.677375590801239,0.32262441515922546,35041
0.864235234260559,0.13576475977897645,10425
0.3998051106929779,0.6001948833465576,4572
0.36223410367965697,0.6377658843994141,33670
0.5038514494895935,0.4961485624313354,73648
0.5783994913101196,0.4216005265712738,73582
0.5460099339485168,0.4539900660514832,56954
0.2822610974311829,0.7177389144897461,44451
0.3436978399753571,0.6563021302223205,58879
0.6324368238449096,0.3675631582736969,34227
0.3978940427303314,0.6021059393882752,49404
0.6493762254714965,0.3506238043308258,13250
0.6602991580963135,0.33970081210136416,26707
0.8427871346473694,0.15721288025379182,28397
0.48581467270851136,0.5141853451728821,17514
0.3296908736228943,0.6703091502189636,39509
0.758899986743927,0.24110001921653748,18276
0.21842421889305114,0.7815757870674134,59963
0.5907564878463745,0.4092435300350189,49366
0.8109484314918518,0.18905154764652252,22461
0.4160362184047699,0.5839637875556946,50965
0.41286240220069886,0.5871376037597656,58277
0.6639577627182007,0.3360422611236572,45282
0.5176590144634247,0.48234097957611083,46804
0.1831512361764908,0.8168487668037414,23888
0.49033416509628297,0.5096658229827881,14601
0.5009828209877014,0.49901716113090516,27979
0.4671309232711792,0.5328690767288208,198
0.5510758519172668,0.4489241063594818,26309
0.7016367793083191,0.29836325645446776,54157
0.607204258441925,0.3927957475185394,57649
0.3330603837966919,0.666939628124237,10440
0.11203140467405319,0.8879685997962952,16801
0.3884130120277405,0.6115869760513306,48324
0.4614091098308563,0.5385908722877503,2575
0.4597977101802826,0.540202283859253,53572
0.5089494287967682,0.4910506010055542,3576
0.25868016481399536,0.7413197994232178,68732
0.7022543549537659,0.297745680809021,22125
0.7609323024749756,0.239067679643631,7950
0.4320841908454895,0.5679158210754395,73940
0.5926069498062134,0.40739301443099973,55940
0.761263084411621,0.23873693346977234,25032
0.5920536994934082,0.4079462945461273,69005
0.3036174476146698,0.6963825464248657,28629
0.2880701065063477,0.7119298815727234,1571
0.5636194467544555,0.43638057112693784,69644
0.8131433010101319,0.18685670495033263,2808
0.553634524345398,0.4463654637336731,47155
0.4388136208057404,0.5611863732337952,28975
0.08833604007959366,0.9116639852523803,42940
0.1328772485256195,0.8671227335929871,43702
0.40021000504493714,0.5997899532318115,30261
0.4621653318405151,0.5378346860408783,64597
0.3876191735267639,0.6123808264732361,1830
0.5912778496742248,0.4087221622467041,18846
0.6488628625869751,0.3511371612548828,60254
0.6056496858596802,0.3943503201007843,11360
0.08103217035531998,0.9189678072929383,33408
0.27605742812156675,0.7239425778388977,28069
0.6276260852813721,0.3723739445209503,58682
0.3676362156867981,0.6323637723922729,62429
0.672443974018097,0.32755606174468993,15808
0.07349153608083725,0.9265084862709045,69911
0.5058310031890869,0.4941689670085907,59550
0.21525900959968566,0.7847409844398499,37869
0.30038982629776,0.69961017370224,26558
0.8761961340904236,0.12380385100841522,25708
0.38069490194320676,0.6193050980567932,72105
0.736513352394104,0.2634866267442703,58384
0.8372002243995667,0.16279976963996887,27444
0.5867579936981201,0.41324201226234436,11151
0.4336518108844757,0.5663481950759888,40770
0.8143640160560608,0.1856359750032425,53686
0.30351064801216127,0.6964893460273742,37577
0.8246304154396057,0.17536960542201996,36848
0.6072109341621399,0.3927890419960022,30038
0.27382351756095885,0.7261764645576477,384
0.15818810164928437,0.8418118953704834,2350
0.4410514533519745,0.5589485406875611,50926
0.32308498620986936,0.6769150257110595,10207
0.635022497177124,0.3649775207042694,17447
0.49470662474632265,0.5052933692932129,68052
0.2796569257974625,0.7203431010246277,29526
0.5865401148796081,0.41345989108085635,65526
0.8489815950393677,0.1510184198617935,2098
0.5843927025794983,0.41560731530189515,33085
0.7700893163681031,0.22991069555282592,39426
0.4877431392669678,0.5122568845748902,69011
0.5182934701442719,0.4817065179347992,33240
0.49946890473365785,0.5005310714244843,12884
0.35786513686180116,0.6421348571777343,14524
0.672986376285553,0.3270136535167694,49220
0.6303768515586853,0.36962316632270814,20284
0.20655275583267213,0.7934472680091857,3383
0.528356385231018,0.47164362072944643,57997
0.11612340211868286,0.8838765978813171,42247
0.5690554141998291,0.43094457387924195,24961
0.1905526965856552,0.8094473004341125,5672
0.537603223323822,0.46239678263664247,69024
0.6095426082611084,0.39045741558074953,19620
0.06737471148371696,0.9326252460479736,54659
0.3941826045513153,0.6058174014091492,48631
0.7531586766242981,0.24684135019779205,21430
0.5754926085472107,0.4245073735713959,55223
0.5462897002696991,0.453710263967514,41046
0.22703188359737397,0.7729681015014649,45128
0.2698031485080719,0.7301968455314636,6780
0.5507052063941955,0.44929479360580443,53925
0.6366815567016602,0.3633184492588043,26576
0.503906887769699,0.49609312415122986,53296
0.21773861348628998,0.7822613954544068,31521
0.84625643491745,0.15374357700347902,25566
0.5569878458976746,0.4430121660232544,47571
0.6455158591270447,0.3544841229915619,55881
0.3726207375526428,0.6273792743682861,41146
0.6689309358596802,0.3310690879821777,25570
0.38822993636131287,0.6117700815200806,605
0.4452214539051056,0.5547785282135009,5271
0.2299453377723694,0.7700546503067016,16932
0.35011219382286074,0.6498878121376037,27055
0.3311775326728821,0.668822455406189,4348
0.6276857495307923,0.3723142445087433,65376
0.847240436077118,0.15275953710079193,28218
0.6353131771087647,0.3646868109703064,63317
0.6264988541603088,0.3735011577606201,66252
0.2854776859283447,0.7145223021507263,60087
0.8751850008964539,0.12481501102447509,17096
0.6172307372093201,0.38276928663253784,62023
0.4807939052581787,0.5192061185836792,30603
0.8454282999038696,0.15457171499729155,21509
0.6436774611473084,0.3563225448131561,46086
0.4482223629951477,0.5517776250839234,27065
0.7217016100883484,0.2782984048128128,60287
0.3120222330093384,0.6879777550697327,53722
0.1460609644651413,0.8539390206336975,43501
0.774385130405426,0.22561489641666413,8892
0.11894784867763519,0.8810521602630615,6331
0.69105224609375,0.3089477241039276,73969
0.318685582280159,0.6813144207000732,50398
0.903981626033783,0.09601838439702988,6708
0.46914849877357484,0.5308514952659606,69556
0.5464147329330444,0.4535852611064911,39684
0.5139541149139404,0.4860458791255951,34674
0.14974241256713866,0.8502575755119324,18821
0.11809565871953964,0.8819043517112732,69553
0.49851344227790834,0.5014865577220917,4349
0.7871181845664978,0.21288181245326995,4145
0.6452457785606385,0.3547542154788971,52221
0.8917066574096679,0.1082933411002159,71817
0.49607454538345336,0.5039254367351532,62228
0.3352566361427307,0.6647433757781982,34545
0.4776553988456726,0.5223446011543273,35699
0.7227010846138,0.2772989273071289,21940
0.6923914670944213,0.3076085686683655,7410
0.892481517791748,0.10751850754022599,5116
0.8674409031867981,0.13255910128355025,5465
0.4126772105693817,0.5873227834701538,11513
0.5169543564319611,0.48304563164711,52935
0.582660174369812,0.41733983159065247,14683
0.6500819087028503,0.3499181091785431,9577
0.43366857171058654,0.566331422328949,48731
0.24244608283042907,0.7575539231300354,57831
0.490727961063385,0.5092720508575439,72077
0.47445042729377745,0.5255495429039001,57423
0.1729162573814392,0.8270837306976319,686
0.7534764766693115,0.24652352929115295,71115
0.3950099587440491,0.604990029335022,6430
0.5495865821838379,0.4504134178161621,39337
0.3775429904460907,0.6224570274353027,4110
0.4293855369091034,0.5706144452095032,18392
0.14097070097923278,0.8590292811393738,13073
0.5176887691020966,0.48231125473976133,31022
0.4545060694217682,0.5454939126968383,7259
0.3917385578155518,0.6082614183425903,49143
0.28846275210380556,0.7115372657775879,29879
0.4629386603832245,0.5370613217353821,13359
0.08786670267581939,0.9121333122253418,40020
0.5983943581581116,0.40160563588142395,67974
0.20681248605251312,0.7931875228881836,74285
0.7793612599372863,0.2206387549638748,50302
0.47870012521743777,0.5212998747825622,21725
0.6573755025863648,0.34262450933456423,3364
0.593574059009552,0.40642595291137695,60662
0.36476256847381594,0.6352374076843261,65195
0.7456393480300904,0.25436065495014193,49129
0.36711893081665037,0.6328810811042785,2126
0.37809320688247683,0.6219067931175232,34740
0.49431597590446474,0.5056840062141419,50895
0.4827866852283478,0.5172133147716522,60781
0.4110328912734985,0.5889671206474304,7147
0.6280592322349549,0.3719407796859741,58701
0.7743248462677002,0.22567513287067414,15357
0.8463506698608398,0.15364929735660554,23735
0.8884969234466553,0.11150307506322861,12089
0.5242006659507752,0.47579935789108274,7120
0.6206702947616577,0.3793297052383423,43856
0.5723856210708618,0.42761436104774475,3125
0.31413567066192627,0.6858643293380737,73874
0.33446851968765257,0.6655314803123474,33884
0.08005934357643127,0.9199406743049622,52815
0.29830838441848756,0.7016916155815125,47882
0.5268709123134613,0.47312907576560975,41216
0.17237336933612823,0.827626621723175,7134
0.3883161246776581,0.6116838812828064,25750
0.6722200989723206,0.32777988314628603,65874
0.8802538037300109,0.11974620819091797,21849
0.07689888030290604,0.9231011152267456,195
0.5247856855392456,0.47521430253982544,26080
0.7303799629211426,0.2696200549602509,24485
0.3741628408432007,0.6258371710777283,34712
0.25968679785728455,0.7403132081031799,52789
0.22827191948890685,0.7717280983924866,32979
0.1330999329686165,0.8669000506401062,46286
0.2925259739160538,0.7074740409851075,69313
0.6720081448554993,0.3279918909072876,18996
0.35421496629714966,0.6457849979400635,41656
0.4067645013332367,0.5932355284690857,73231
0.15957289338111877,0.8404271006584167,17628
0.6621221303939819,0.33787785172462464,42032
0.14590436220169067,0.8540956139564514,13971
0.8934295415878296,0.10657045245170593,17538
0.3902391254901886,0.6097608804702759,33712
0.38976517915725706,0.6102348089218139,10657
0.32102195620536805,0.6789780497550965,17769
0.31521435976028445,0.6847856283187866,13841
0.5649843096733094,0.43501566648483275,69469
0.5662671804428101,0.4337328374385834,18827
0.4665927529335022,0.5334072589874268,65133
0.5835571527481079,0.41644285917282103,24717
0.5471970200538635,0.4528029978275299,62032
0.44537644386291503,0.5546235680580139,41790
0.5002021253108978,0.49979785084724426,72630
0.21604553163051604,0.7839544653892517,38172
0.7034789085388183,0.29652109146118166,49793
0.6750285744667053,0.32497143745422363,39403
0.6416703939437867,0.3583296060562134,1044
0.42235260009765624,0.5776474237442016,70752
0.8975811243057251,0.10241887271404267,36271
0.9242977857589721,0.075702203810215,65069
0.3930069863796234,0.6069930076599122,35240
0.2737362146377563,0.7262637615203857,23370
0.5912731051445007,0.4087268829345703,39888
0.5713195443153382,0.42868045568466184,37538
0.2357010841369629,0.7642989158630371,56262
0.6064943194389343,0.3935056865215302,36450
0.6595107316970825,0.34048928022384645,32465
0.05466539710760117,0.9453346252441406,13977
0.20329568386077881,0.7967043161392212,60392
0.2539037078619003,0.7460962772369385,58461
0.16229010224342347,0.8377098798751831,49500
0.4025303602218628,0.5974696278572083,582
0.4223670423030853,0.5776329398155212,23375
0.39172705411911013,0.608272933959961,34259
0.19926327466964722,0.8007367134094239,64666
0.7129794716835022,0.2870205283164978,43405
0.1276857763528824,0.8723142147064209,30116
0.24268536269664764,0.7573146462440491,35924
0.22216233611106873,0.77783762216568,45750
0.38998528122901915,0.6100147366523743,8621
0.7880710601806641,0.21192893087863923,70858
0.1984514743089676,0.8015485405921936,14778
0.7045501708984375,0.29544984698295595,42631
0.40008476972579954,0.5999152183532714,38144
0.43545591831207275,0.5645440816879272,12585
0.3223375678062439,0.6776624083518982,70112
0.09185277074575424,0.9081472277641296,11799
0.4072855532169342,0.5927144289016724,65833
0.7447683095932007,0.2552316725254059,25577
0.6004553318023682,0.39954463839530946,51054
0.4542496860027313,0.5457503199577332,43718
0.9002721071243286,0.09972787648439407,31401
0.7348416447639465,0.26515833139419553,46698
0.23779361844062805,0.7622063517570495,8426
0.27115737199783324,0.7288426280021667,59851
0.5141894161701203,0.48581061959266664,46277
0.613992977142334,0.3860070049762726,72938
0.30960813760757444,0.6903918743133545,64610
0.2553238034248352,0.7446761965751648,1031
0.12878134250640869,0.8712186694145203,34035
0.6041316270828248,0.3958683729171753,52368
0.1392982393503189,0.8607017636299134,6066
0.5490773320198059,0.45092266201972964,13794
0.5139805555343628,0.4860194683074951,43073
0.5779239177703858,0.4220761001110077,74157
0.49414989948272703,0.5058501183986663,30778
0.5161861300468444,0.4838138818740845,46654
0.7601637125015259,0.23983631134033204,40151
0.5293708801269531,0.47062910795211793,38990
0.2222821980714798,0.7777178049087524,8684
0.2043148785829544,0.7956851243972778,34568
0.5423940777778625,0.457605904340744,74063
0.08701032847166061,0.9129896640777588,25241
0.3830272078514099,0.6169727683067322,36805
0.4070129096508026,0.5929870724678039,19977
0.29201417565345766,0.7079858422279358,4872
0.6546971559524536,0.3453028738498688,62775
0.533650529384613,0.4663494467735291,12164
0.7505724549293518,0.24942750930786134,34164
0.8260467767715454,0.17395318746566774,25239
0.1753355711698532,0.8246644377708435,43566
0.8187004446983337,0.18129955232143402,30910
0.5042476952075958,0.49575231671333314,17715
0.5137048304080963,0.4862951934337616,7768
0.13622636198997498,0.8637736201286316,61760
0.7270928263664246,0.27290716767311096,61354
0.36186298727989197,0.6381370306015015,30511
0.18172523379325867,0.8182747721672058,65934
0.6344874739646912,0.36551254987716675,25360
0.23723275363445281,0.762767243385315,26154
0.17957810759544374,0.8204218983650208,28610
0.43623380064964296,0.5637661814689636,3886
0.48676949739456177,0.5132305324077606,12798
0.9175008416175843,0.08249912858009338,38273
0.6104622483253479,0.3895377516746521,40493
0.6938859939575195,0.30611400604248046,26451
0.47545241117477416,0.5245476067066193,29572
0.3519795835018158,0.6480203866958618,12497
0.5658079743385315,0.43419203758239744,65677
0.33361199498176575,0.6663880109786987,26384
0.26716877818107604,0.7328312516212463,36962
0.11218958050012588,0.8878104209899902,12744
0.24373725354671477,0.756262743473053,10075
0.7363842248916626,0.26361578702926636,73348
0.3064743638038635,0.6935256600379944,60892
0.11747532486915588,0.8825246930122376,73197
0.89010169506073,0.10989829301834106,47914
0.7905449628829956,0.20945504307746887,65503
0.6291334509849549,0.37086659073829653,57435
0.19791433811187745,0.8020856738090515,40056
0.48758447766304014,0.5124154984951019,62983
0.22557613849639893,0.7744238495826721,59039
0.5493380308151246,0.450661963224411,62834
0.17114177644252776,0.828858208656311,58429
0.37037100791931155,0.6296290159225464,3512
0.6043351292610168,0.39566485285758973,28729
0.6548964381217957,0.34510356187820435,9695
0.4239924907684326,0.5760075330734253,23768
0.4469731211662292,0.5530268669128418,29575
0.6951534509658813,0.3048465311527252,58360
0.11371501535177231,0.8862849950790406,10578
0.6262279272079467,0.37377204895019533,60471
0.48883668780326844,0.511163341999054,52835
0.43288171887397764,0.5671182632446289,62449
0.48064748048782346,0.5193525135517121,7580
0.5800902247428894,0.4199097752571106,13499
0.8377482295036316,0.1622517615556717,47721
0.6059219002723694,0.3940781056880951,13561
0.7926540493965148,0.2073459506034851,36759
0.6077786207199096,0.39222137331962587,29548
0.6132735133171081,0.3867264986038208,38557
0.6005795001983643,0.3994205057621002,52893
0.5881187558174134,0.4118812263011932,40685
0.7201507687568665,0.279849237203598,70353
0.3473434388637543,0.6526565551757812,55081
0.5383017063140869,0.46169829964637754,55636
0.39402457475662234,0.6059754490852356,20728
0.6980237483978271,0.30197622179985045,25732
0.25117500126361847,0.7488249897956848,57054
0.16789382994174956,0.8321061849594116,58214
0.2813009262084961,0.718699049949646,41803
0.5975726962089538,0.40242732167243955,45624
0.532628846168518,0.4673711657524109,59085
0.8532721281051636,0.14672785103321076,37073
0.1654372900724411,0.8345627307891845,336
0.4588306486606598,0.5411693334579468,28409
0.6694231986999511,0.33057681322097776,57341
0.5211261868476867,0.47887380719184874,41089
0.6035460233688354,0.396453982591629,30641
0.05240296199917793,0.9475970506668091,56991
0.6146746873855591,0.38532530665397646,8495
0.7051104664802551,0.2948895275592804,59777
0.5902211546897889,0.4097788333892822,69838
0.33167126774787903,0.6683287143707275,48789
0.16275449395179747,0.837245500087738,3845
0.16807685196399688,0.8319231629371643,8837
0.7855274915695191,0.2144725054502487,14870
0.7548548936843872,0.24514511227607727,69893
0.8301647782325745,0.16983523666858674,48463
0.5164835929870606,0.4835164129734039,48499
0.6196680307388306,0.38033199310302734,6556
0.42772966623306274,0.5722703218460083,45124
0.6442624449729919,0.35573757290840147,70745
0.6551859140396118,0.3448140621185303,69178
0.6882988333702087,0.3117011785507202,35870
0.20099685490131378,0.7990031361579895,60602
0.5062961637973785,0.49370384216308594,70071
0.6914618134498596,0.30853818655014037,322
0.32514856457710267,0.6748514652252198,5568
0.641212010383606,0.35878799557685853,53790
0.7320289373397827,0.267971071600914,21044
0.09443776160478592,0.9055622339248657,69030
0.12847742736339568,0.871522581577301,14830
0.5066442310810089,0.49335575103759766,58085
0.38982632756233215,0.6101736783981323,51263
0.4595008671283722,0.5404991388320923,16031
0.4212925672531128,0.5787074565887451,40918
0.5547795414924621,0.4452204525470734,33377
0.22523253858089448,0.7747674465179444,14226
0.6983177304267884,0.3016822636127472,37733
0.42243515849113467,0.5775648593902588,21806
0.1873762845993042,0.8126237392425537,8666
0.25653217136859896,0.7434678316116333,27206
0.4394442915916443,0.5605557084083557,28657
0.5470731735229493,0.4529268264770508,34885
0.7941192388534546,0.2058807760477066,39435
0.49047998785972596,0.5095200300216675,44711
0.4275485575199127,0.5724514603614808,67977
0.4359305202960968,0.5640694499015808,1986
0.5987272262573242,0.40127278566360475,17531
0.4964927017688751,0.5035072922706604,19152
0.6295610070228577,0.3704389989376068,6419
0.3441639065742493,0.6558360934257508,13535
0.5816941499710083,0.41830583810806277,23349
0.4309603273868561,0.5690396785736084,50426
0.5359791338443756,0.4640208423137665,27637
0.7776672840118408,0.2223327249288559,43988
0.592051362991333,0.40794864296913147,46071
0.27756112813949585,0.7224388718605042,11623
0.7279042959213257,0.2720957100391388,15135
0.41607314348220825,0.5839268565177917,19176
0.1831890195608139,0.8168109774589538,33708
0.5073268592357636,0.49267312288284304,1419
0.2979119777679443,0.7020880222320557,9282
0.5265140771865845,0.47348593473434447,34613
0.765047037601471,0.23495300114154816,68591
0.1930760383605957,0.8069239616394043,32945
0.5379332184791565,0.4620667815208435,50405
0.33050469756126405,0.6694953083992005,43588
0.2700349658727646,0.7299650430679321,39665
0.14250125288963317,0.8574987411499023,7097
0.7484277486801147,0.25157225131988525,36955
0.46096144914627074,0.5390385627746582,61373
0.17987923324108124,0.8201207876205444,42064
0.4241986572742462,0.5758013367652893,6913
0.19282236695289612,0.8071776151657104,29835
0.48263601064682005,0.5173640012741089,10277
0.577606451511383,0.42239354848861693,63260
0.5647476792335511,0.43525230288505556,14495
0.6709954619407654,0.3290045440196991,44959
0.19339124858379364,0.8066087603569031,70261
0.5464256644248963,0.45357437133789064,31356
0.5101355910301208,0.48986442685127257,63644
0.6652429580688477,0.3347570598125458,11057
0.6252833604812622,0.3747166275978088,70497
0.3587858259677887,0.6412141561508179,4337
0.7140298008918762,0.28597021102905273,48891
0.47495166063308714,0.5250483214855194,17472
0.48374239206314085,0.5162575840950012,42765
0.6907811522483825,0.30921885967254636,55424
0.7024497389793396,0.29755027294158937,5228
0.21068444848060608,0.7893155455589295,49353
0.3207210421562195,0.6792789816856384,32378
0.43058760166168214,0.5694123983383179,3649
0.648851466178894,0.3511485457420349,7655
0.8594049930572509,0.14059502482414246,61907
0.2972204267978668,0.7027796149253845,34880
0.2539697587490082,0.7460302472114563,40366
0.19420164823532104,0.805798351764679,26633
0.1219218447804451,0.8780781269073487,23352
0.27931588888168335,0.7206841111183167,71799
0.7632782578468322,0.23672173619270326,14862
0.28375874161720277,0.7162412405014038,41343
0.5980353355407715,0.40196467041969297,15945
0.4412009477615356,0.5587990522384644,62169
0.8085695743560791,0.19143040776252745,66936
0.8076128482818603,0.19238717257976531,40367
0.07530518025159835,0.9246948003768921,28889
0.4698051571846008,0.530194890499115,54289
0.4110204458236694,0.5889795422554016,4037
0.32751200199127195,0.672487998008728,48146
0.624105179309845,0.3758947908878326,41163
0.358134526014328,0.6418654918670654,37251
0.6723064541816711,0.3276935458183289,23614
0.8632620215415955,0.13673799484968185,1318
0.8916940450668335,0.1083059623837471,36223
0.7079897403717041,0.29201024770736694,34201
0.6285190463066102,0.37148095965385436,53042
0.43505237698554994,0.5649476170539856,15938
0.36251418590545653,0.6374858140945434,67079
0.8060213804244996,0.19397862553596495,42831
0.23542487621307373,0.7645750999450683,25431
0.4829096019268036,0.517090380191803,54352
0.8512961506843567,0.14870385825634003,19111
0.5548658251762391,0.44513415098190307,25341
0.16165742576122283,0.8383425831794739,9085
0.5142361462116242,0.4857638418674469,55347
0.13717764914035796,0.8628223538398743,36554
0.8635098338127136,0.13649018257856368,28233
0.356850665807724,0.6431493163108826,65039
0.7820208668708801,0.21797911524772645,12433
0.5849580883979797,0.4150419056415558,38365
0.4725096344947815,0.5274903774261475,65231
0.45626970529556277,0.5437302947044372,46424
0.34389562606811525,0.6561044096946717,30765
0.38256449699401857,0.6174354910850525,27417
0.3008602738380432,0.6991397261619567,9901
0.8685817003250123,0.13141827583312987,13819
0.807356083393097,0.19264394342899321,72343
0.09215382784605027,0.9078461527824402,29643
0.24853769242763518,0.7514623045921326,31647
0.6553792953491211,0.34462072253227233,44229
0.7717471361160279,0.22825289368629456,36712
0.5600296378135681,0.43997037410736084,13745
0.6582907319068909,0.3417092442512512,20658
0.607745087146759,0.39225491881370544,31122
0.3011006355285645,0.6988993287086487,36197
0.16405000984668733,0.8359499573707581,31884
0.17334037125110627,0.8266596317291259,61431
0.5953881025314331,0.40461188554763794,23866
0.8807284474372864,0.11927156299352645,60116
0.5865439057350159,0.41345612406730653,69382
0.5414510369300842,0.4585489571094513,13898
0.6806509375572205,0.31934905648231504,8036
0.7126980900764466,0.28730190396308897,41256
0.6931749701499939,0.30682504177093506,17905
0.5870102167129516,0.41298980116844175,2892
0.4882253110408783,0.5117746770381928,70744
0.49981330037117006,0.5001867175102234,23776
0.7485101342201232,0.2514898687601089,32429
0.6999481797218323,0.30005183815956116,50037
0.5190185308456421,0.4809814810752869,29890
0.45689514875411985,0.5431048393249511,48425
0.6296861886978149,0.37031384110450744,59907
0.8671433687210083,0.13285662680864335,35024
0.44828819036483764,0.5517118096351623,29597
0.289206463098526,0.7107935547828674,35268
0.49875068068504336,0.5012492954730987,37809
0.290787935256958,0.7092120885848999,10478
0.4761283576488495,0.523871636390686,3279
0.3294508337974548,0.670549190044403,57256
0.12250414043664933,0.8774958491325379,52520
0.9230224251747131,0.07697758376598358,5881
0.6324026703834533,0.3675973415374756,72089
0.1602247714996338,0.8397752046585083,41512
0.4411954045295715,0.5588045597076416,4395
0.7704307675361634,0.22956924736499787,26347
0.9149719119071961,0.08502809852361679,18387
0.6101009607315063,0.3898990392684937,53320
0.09112869501113892,0.9088712930679321,45536
0.2921617329120636,0.7078382492065429,44006
0.48448689579963683,0.5155130743980407,67364
0.5000725388526917,0.4999274492263794,15005
0.3672443687915802,0.6327556252479554,49975
0.6942327857017517,0.30576722621917723,43150
0.718004047870636,0.28199594020843505,4393
0.9131633162498474,0.08683669716119766,66552
0.7898689985275269,0.2101310133934021,48530
0.5910363793373108,0.40896361470222475,7628
0.7165252327919006,0.28347474336624146,38097
0.8500648736953735,0.14993513524532318,27972
0.9084701061248779,0.09152992218732833,42251
0.7233165383338929,0.2766834646463394,35587
0.5097204506397247,0.4902795374393463,62915
0.7575039148330689,0.2424960881471634,66902
0.44525174498558046,0.554748272895813,23680
0.508313524723053,0.49168646335601807,38028
0.0939681813120842,0.9060318112373352,17680
0.4515864014625549,0.548413610458374,16522
0.544488525390625,0.455511474609375,56270
0.28330788016319275,0.7166920900344849,60430
0.7291211128234864,0.27087888717651365,24774
0.8243521094322205,0.17564790546894074,34241
0.6718566179275512,0.32814338207244875,21070
0.5531734943389892,0.44682651162147524,73160
0.6145081520080566,0.38549184799194336,52850
0.8643260359764099,0.13567394018173218,42278
0.8459935069084168,0.15400649309158326,59709
0.1265833258628845,0.8734166383743286,57484
0.2943860352039337,0.7056139826774597,1942
0.5915066480636597,0.40849338173866273,29164
0.5197414636611939,0.4802585244178772,57080
0.78904789686203,0.2109520971775055,42923
0.4799598932266235,0.5200401186943054,35636
0.4445113241672516,0.5554886579513549,28658
0.24007847309112548,0.7599215269088745,53037
0.463300883769989,0.5366991400718689,58876
0.8590020298957824,0.14099795520305633,72780
0.4328410863876343,0.5671589136123657,24782
0.596262788772583,0.40373722910881044,43713
0.7201361656188965,0.2798638463020325,20145
0.8674153447151184,0.1325846567749977,58206
0.5577857494354248,0.44221425652503965,58328
0.22575312554836274,0.7742468833923339,57233
0.5387585282325744,0.46124145984649656,67575
0.5788784742355346,0.42112153172492983,37002
0.7177545070648194,0.28224549293518064,9952
0.28548577427864075,0.7145142197608948,18371
0.5514975666999817,0.4485024571418762,73773
0.6832865834236145,0.31671338677406313,19926
0.34792948365211485,0.6520704984664917,2248
0.37623888850212095,0.6237611413002014,6634
0.5448314309120178,0.4551685810089111,44796
0.4282940685749054,0.5717059016227722,2377
0.7795955538749695,0.22040445506572723,36329
0.4736790180206299,0.5263209581375122,23128
0.4904339909553528,0.5095660030841828,13656
0.36427430510520936,0.6357256770133972,46683
0.5701069951057434,0.4298930048942566,48915
0.8182301640510559,0.181769859790802,10630
0.3262665092945099,0.6737335085868835,74048
0.44699153304100037,0.5530084609985352,49453
0.5407465100288391,0.45925348401069643,38444
0.5500376224517822,0.44996235966682435,17248
0.20020972192287445,0.7997902631759644,68307
0.3190138638019562,0.6809861421585083,6082
0.6085535645484924,0.39144647121429443,45376
0.1856367915868759,0.8143632054328919,65609
0.7740357637405395,0.22596424520015718,72025
0.36489306688308715,0.635106897354126,65941
0.20479671359062196,0.7952032566070557,2232
0.7035592079162598,0.2964407980442047,6840
0.5459470629692078,0.4540529251098633,41141
0.3785706698894501,0.6214293360710144,59869
0.5366700172424317,0.46332997679710386,46133
0.597184419631958,0.40281557440757754,47172
0.5045946180820465,0.49540539979934695,25418
0.43175298571586607,0.5682469964027405,60219
0.5650497198104858,0.43495029807090757,1271
0.5344027400016784,0.46559726595878603,55559
0.6690439939498901,0.3309559941291809,34432
0.7173625111579895,0.2826374888420105,4673
0.6106271028518677,0.3893728733062744,44446
0.6101848959922791,0.38981513381004335,36679
0.42016068696975706,0.5798393130302429,16400
0.35303555727005004,0.6469644784927369,27002
0.5450909614562989,0.45490905046463015,8454
0.44603981375694274,0.5539601683616638,38818
0.2897571474313736,0.7102428436279297,31893
0.19262937605381011,0.8073706269264221,56028
0.5428672790527344,0.45713269114494326,59375
0.5426345467567444,0.4573654532432556,69119
0.5762489080429077,0.4237510979175568,20328
0.5869071006774902,0.41309290528297427,32042
0.36929223537445066,0.6307077527046203,9846
0.35388246178627014,0.6461175322532654,44009
0.2847814679145813,0.7152185678482056,29079
0.18318078219890593,0.8168192148208618,66756
0.54910808801651,0.45089189410209657,7639
0.4030635833740234,0.5969364047050476,4375
0.6750795364379882,0.3249204456806183,40415
0.49931405782699584,0.5006859302520752,52760
0.5164991617202759,0.4835008025169373,66300
0.8106191039085389,0.18938088417053223,53898
0.06501685976982116,0.9349831461906433,55028
0.22133039832115173,0.7786696076393127,68085
0.6372259974479675,0.3627739906311035,20161
0.8689440131187439,0.1310560092329979,52960
0.45916674137115476,0.5408332705497741,41209
0.6437528491020202,0.3562471091747284,56498
0.3638148784637451,0.636185097694397,60372
0.6622865200042725,0.3377135157585144,42718
0.6409377694129944,0.35906222462654114,30251
0.07134131416678428,0.9286586761474609,9987
0.6571476101875305,0.3428524136543274,64728
0.4335705578327179,0.5664294242858887,72018
0.17053861916065216,0.8294613838195801,49895
0.814563000202179,0.18543700575828553,66834
0.2787531465291977,0.72124685049057,16056
0.4850570797920227,0.5149429202079773,3736
0.2983292877674103,0.7016706943511963,7608
0.8526658892631531,0.14733411520719528,1487
0.5418879270553589,0.45811204314231874,62571
0.42700246572494505,0.5729975223541259,71574
0.3394084990024567,0.6605915307998658,61106
0.1387962132692337,0.8612037777900696,9686
0.7793594717979431,0.22064052820205687,53842
0.150233718752861,0.8497662663459777,4878
0.5778100490570068,0.4221899449825287,58963
0.9120070219039917,0.0879929780960083,53294
0.6647226572036743,0.33527733087539674,63654
0.5068350613117218,0.4931649327278137,354
0.2749663293361664,0.7250336885452271,8035
0.6495339512825012,0.35046606659889223,71331
0.712879753112793,0.28712027072906493,54441
0.28315097093582153,0.7168490052223205,58213
0.4274502515792847,0.5725497364997864,15058
0.723112690448761,0.2768872916698456,72701
0.5230370759963989,0.476962947845459,58569
0.60260488986969,0.397395122051239,72184
0.4928856432437897,0.5071143269538879,24471
0.7844455242156982,0.21555446684360505,70520
0.7006559014320374,0.29934409260749817,48833
0.52267786860466,0.4773221492767334,43001
0.26817469894886015,0.731825304031372,57495
0.5703243970870971,0.4296756088733673,63477
0.5647852897644043,0.4352147102355957,58587
0.43018199801445006,0.5698179841041565,71766
0.6547332763671875,0.34526673555374143,31792
0.627476978302002,0.37252299189567567,66074
0.7625298857688904,0.2374701350927353,52714
0.406319397687912,0.5936806201934814,15421
0.5121478259563446,0.4878521502017975,67921
0.5932780981063843,0.4067218959331512,45337
0.7615030407905579,0.23849696218967437,73005
0.8529221653938294,0.1470778167247772,14625
0.25920207500457765,0.7407979130744934,40689
0.276065057516098,0.7239349126815796,50927
0.6884055018424988,0.3115945041179657,70818
0.35713661909103395,0.6428633809089661,63615
0.7021406769752503,0.29785932302474977,47332
0.6799763917922974,0.32002362608909607,1401
0.44534367322921753,0.5546563386917114,29129
0.434887683391571,0.5651123046875,59943
0.46080203652381896,0.5391979932785034,13880
0.6672339320182801,0.33276607990264895,17042
0.3229882836341858,0.6770117282867432,5094
0.46790980696678164,0.532090175151825,38002
0.3147909641265869,0.6852090239524842,33500
0.3292763948440552,0.6707236409187317,12563
0.28808515667915346,0.71191486120224,33907
0.38107094168663025,0.6189290404319763,24262
0.44922338128089906,0.5507766246795655,20630
0.31108028888702394,0.6889196753501892,68440
0.26340813636779786,0.73659188747406,31543
0.7409465789794922,0.2590534299612045,52061
0.18699057400226593,0.8130094289779664,28170
0.4721732497215271,0.5278267443180085,37240
0.29302492141723635,0.7069750905036927,63629
0.26056255102157594,0.739437460899353,55288
0.8669760942459106,0.1330238863825798,59014
0.5327345371246338,0.4672654628753662,6436
0.39409711956977844,0.6059028387069703,67098
0.5599252820014954,0.4400747299194336,69643
0.9313266277313232,0.06867335960268975,13955
0.23227773010730743,0.7677222609519958,32724
0.5956462264060974,0.40435376167297366,17903
0.520635586977005,0.47936442494392395,39137
0.6649094581604004,0.3350905358791351,26669
0.5007441520690918,0.4992558479309082,72230
0.2506727546453476,0.7493272662162781,7672
0.5441684603691102,0.4558315575122833,7674
0.8523357748985291,0.14766423106193544,57600
0.4674676895141602,0.5325323104858398,55733
0.44878643155097964,0.551213550567627,45974
0.7680490136146545,0.2319509655237198,64872
0.5972750782966614,0.4027249336242676,50903
0.36297476291656494,0.6370252370834351,60734
0.6171698689460754,0.3828301429748535,60627
0.8313580751419067,0.16864190399646758,40093
0.3476038157939911,0.6523962020874023,46389
0.18324044048786164,0.8167595744132996,60162
0.4926401853561401,0.5073598146438598,1976
0.6262503504753113,0.37374967336654663,36970
0.6371342658996582,0.36286572813987733,69271
0.4054900050163269,0.5945099949836731,51980
0.4433340013027191,0.5566660046577454,30560
0.4601973116397858,0.5398027062416076,55370
0.5036002159118652,0.4963997960090637,66684
0.6062719464302063,0.3937280237674713,50456
0.1289045661687851,0.8710954070091248,60779
0.4868831396102905,0.5131168782711029,31399
0.508896428346634,0.49110358357429507,26846
0.5087094128131866,0.49129055738449096,14511
0.7647262215614319,0.2352737754583359,71258
0.5504910528659821,0.44950894713401796,17293
0.4609901010990143,0.5390099346637726,72544
0.7977940201759338,0.20220600664615632,54130
0.855920159816742,0.14407979995012282,32435
0.7404258728027344,0.25957413017749786,30823
0.5037988185882568,0.49620112776756287,14175
0.13541286587715148,0.864587152004242,13543
0.6357612848281861,0.36423872113227845,45120
0.335417765378952,0.6645822286605835,9119
0.296671599149704,0.7033283948898316,38959
0.8941248059272766,0.10587519854307174,32554
0.6270118355751038,0.37298813462257385,65816
0.8920260787010192,0.10797392129898072,69319
0.4127879858016968,0.5872120022773742,57307
0.31226831674575806,0.6877316832542419,24097
0.48725526928901675,0.5127447366714477,23681
0.2215266466140747,0.7784733176231384,28666
0.5195216655731201,0.4804783225059509,20869
0.11479307413101196,0.8852069139480591,8012
0.30320950150489806,0.6967905044555665,30377
0.6052367568016053,0.3947632431983948,2433
0.18457065522670746,0.8154293537139893,12137
0.2916765809059143,0.7083234190940857,3273
0.6009818553924561,0.39901812076568605,42729
0.2064088761806488,0.7935911059379578,64636
0.7306124329566955,0.2693875581026077,43641
0.2313074767589569,0.7686925172805786,1155
0.44845768213272097,0.551542329788208,12801
0.4915471374988556,0.5084528803825379,45817
0.2600514829158783,0.7399484992027283,44206
0.30963593125343325,0.6903640627861023,48228
0.6555769085884094,0.34442309141159055,39068
0.10637866854667663,0.8936213493347168,40827
0.33852224349975585,0.6614777684211731,18586
0.2937207639217377,0.7062792301177978,13912
0.5956048965454102,0.4043950796127319,61301
0.659093701839447,0.34090629816055296,59274
0.39171826243400576,0.6082817435264587,48904
0.4458668828010559,0.5541331171989441,16235
0.38319514989852904,0.616804838180542,8884
0.21030183434486388,0.7896981477737427,60935
0.7143750667572022,0.2856248915195465,2579
0.3600940048694611,0.6399060249328613,23673
0.5741368532180786,0.42586315870285035,63662
0.9438593506813049,0.05614064559340477,53680
0.15086445212364197,0.8491355538368225,22193
0.6860002636909485,0.31399971842765806,70224
0.1458691507577896,0.8541308760643005,28749
0.7494980931282044,0.2505019009113312,53903
0.18453845977783204,0.815461540222168,67985
0.453572553396225,0.5464274406433105,47748
0.701461112499237,0.2985388696193695,27987
0.9291139364242553,0.07088602781295776,5967
0.5619377732276917,0.4380622446537018,70809
0.29964944124221804,0.700350534915924,43937
0.4737292766571045,0.5262707471847534,9451
0.34554948210716246,0.654450523853302,39687
0.5642034649848938,0.4357965409755707,13727
0.31830265522003176,0.6816973209381103,32473
0.4401019215583801,0.5598980545997619,63390
0.2206650048494339,0.7793349981307983,4066
0.40122464299201965,0.5987753391265869,30623
0.6482398629188537,0.35176015496253965,60752
0.601646625995636,0.3983533620834351,42362
0.5671453356742859,0.4328546702861786,5740
0.7069851040840149,0.2930148899555206,11924
0.46983746290206907,0.5301625609397889,20199
0.2219030499458313,0.7780969619750977,25386
0.4907854735851288,0.5092145204544067,11862
0.5693476319313049,0.4306523621082306,47179
0.5661247372627258,0.43387527465820314,30596
0.8338168144226075,0.16618320047855378,28415
0.07698911875486374,0.9230108857154846,5820
0.746166729927063,0.2538332432508469,6499
0.11529103517532349,0.8847089767456054,67370
0.7079269170761109,0.29207308292388917,33567
0.5331901907920837,0.4668097972869873,4140
0.6217464089393616,0.37825358510017393,32766
0.32367935180664065,0.6763206601142884,56477
0.6473005175590515,0.35269950032234193,65001
0.5164264917373658,0.48357351422309874,39054
0.5305090427398682,0.4694909632205963,49025
0.42707114219665526,0.5729288458824158,32708
0.6270598769187927,0.37294012904167173,9761
0.13471033573150634,0.8652896523475647,24529
0.5444776296615601,0.455522358417511,32919
0.9303069829940795,0.06969301402568817,21697
0.8421214580535888,0.15787852704524993,9208
0.23720813989639283,0.7627918601036072,19355
0.6198604106903076,0.3801395833492279,49135
0.5054340958595276,0.4945659339427948,54570
0.4078728914260864,0.5921270966529846,16294
0.8105552673339844,0.18944474756717683,14113
0.47490374445915223,0.5250962495803833,65524
0.5394758105278015,0.46052417159080505,64021
0.6022396802902221,0.3977603554725647,37074
0.19566221833229064,0.8043377876281739,46281
0.1694762587547302,0.8305237174034119,15231
0.5612040996551514,0.4387959003448486,58001
0.3003799974918365,0.69961998462677,69017
0.5342614889144898,0.46573851108551023,17263
0.6020617842674255,0.3979382157325745,12352
0.6797745108604432,0.32022546529769896,28424
0.892989718914032,0.10701029598712922,27396
0.4418546199798584,0.5581453680992127,58679
0.8551419496536254,0.14485807716846466,9196
0.900145161151886,0.09985483139753341,22315
0.40808433294296265,0.5919156670570374,451
0.23747892677783966,0.7625210523605347,68169
0.8017204165458679,0.19827958047389985,27523
0.5027226388454438,0.49727733731269835,25143
0.42457776665687563,0.5754222631454468,8335
0.6792406916618348,0.3207593262195587,72469
0.7098595142364502,0.2901404798030853,44382
0.5205747723579407,0.4794252276420593,54055
0.3286725342273712,0.6713274955749512,70087
0.2594509869813919,0.7405490040779114,72946
0.7292607307434082,0.2707392692565918,42068
0.5267164230346679,0.47328357100486756,63373
0.7890485525131226,0.21095144748687744,23114
0.1253102958202362,0.8746897101402282,20628
0.6536505222320557,0.3463494718074799,31907
0.5320367813110352,0.4679632127285004,8683
0.6405422925949097,0.3594576895236969,39677
0.6319770336151123,0.36802299618721007,15518
0.2014286696910858,0.7985713362693787,17974
0.3881011426448822,0.6118988752365112,53397
0.7764618515968322,0.22353811860084533,25485
0.7463254570960999,0.2536745220422745,50202
0.7292402029037476,0.2707597970962524,28367
0.8002658009529113,0.19973418712615967,66193
0.7310030221939087,0.26899698078632356,18553
0.6572777628898621,0.3427222013473511,28336
0.3101054191589355,0.6898945689201355,25503
0.4763151347637177,0.5236848771572113,1865
0.3763506352901459,0.6236493706703186,38176
0.5022010803222656,0.49779889583587644,8237
0.35469014644622804,0.6453098654747009,32833
0.6951315760612488,0.30486842691898347,50166
0.5708074927330017,0.42919248938560484,24146
0.28110353350639344,0.7188964486122131,16571
0.6636288046836853,0.3363712191581726,42089
0.435013347864151,0.5649866580963134,8588
0.3411830723285675,0.658816933631897,6965
0.5324313759803772,0.4675686240196228,54791
0.44592095613479615,0.5540790438652039,2684
0.8756605982780457,0.12433940321207046,41918
0.6509766697883606,0.34902332425117494,4640
0.5927807927131653,0.4072192132472992,37789
0.49862107038497927,0.5013789117336274,38762
0.8725449800491333,0.12745503336191177,50760
0.6824488759040832,0.3175511538982391,15718
0.5087433278560638,0.49125664830207827,72420
0.5040092229843139,0.49599077701568606,33517
0.5100930154323577,0.4899069666862488,18003
0.5119650423526764,0.4880349636077881,45667
0.47839257717132566,0.5216074109077453,40905
0.5486735343933106,0.4513264775276184,58090
0.2583746433258057,0.7416253447532654,40045
0.5761779904365539,0.42382198572158813,26517
0.6225204944610596,0.37747952342033386,37918
0.5424693465232849,0.45753063559532164,68489
0.42242705821990967,0.5775729537010192,54125
0.6029342770576477,0.39706570506095884,28994
0.6108805060386657,0.3891194760799408,3716
0.5615365266799927,0.4384634971618652,26986
0.31833951771259306,0.6816604971885681,32249
0.5294538736343384,0.47054612040519717,14876
0.768274974822998,0.23172502219676971,35916
0.7914470195770263,0.2085529863834381,70632
0.13430403620004655,0.8656959414482117,21930
0.2743470847606659,0.7256529331207275,29103
0.21986460983753203,0.7801353931427002,66754
0.3906168222427368,0.6093831777572631,57083
0.7341901302337647,0.2658098638057709,30447
0.481157523393631,0.5188424527645111,27353
0.46250802278518677,0.5374920010566712,27853
0.8076515436172486,0.1923484444618225,67534
0.4125926673412323,0.5874073386192322,43614
0.36516637206077573,0.6348336219787598,41964
0.4325699031352997,0.5674301147460937,6457
0.8444963216781616,0.15550369322299956,58797
0.4321972131729126,0.5678028106689453,25293
0.36348294615745547,0.6365170478820801,41051
0.5007598102092743,0.4992402017116547,56343
0.3898716390132904,0.610128378868103,68210
0.3639500975608826,0.6360499024391174,68920
0.39361310601234434,0.6063868880271912,9929
0.7480029225349426,0.2519970864057541,45363
0.4582106411457062,0.5417893409729004,72614
0.11664088368415833,0.8833591222763062,37185
0.6865331172943115,0.3134668469429016,3661
0.15658040046691896,0.8434195876121521,74450
0.13962024748325347,0.8603797435760498,7302
0.5104977667331696,0.4895022511482239,58264
0.356991308927536,0.6430086970329285,47399
0.859212589263916,0.14078740477561952,37111
0.10844451487064362,0.8915554881095886,70966
0.4920010447502136,0.5079989910125733,3078
0.8253351926803589,0.17466480135917664,28106
0.49444715976715087,0.5055528461933136,48613
0.5139921128749847,0.4860078752040863,61724
0.6021718859672547,0.39782810807228086,68346
0.5264992117881775,0.47350079417228697,60630
0.35738315582275393,0.6426168560981751,52431
0.34411447644233706,0.6558855295181274,28241
0.46941153407096864,0.5305884718894959,29893
0.27121435701847074,0.7287856459617614,21045
0.5495010614395142,0.4504988968372345,8787
0.3740124642848969,0.6259875178337098,10239
0.8684756398200989,0.13152435868978501,51425
0.3453262627124786,0.654673719406128,16420
0.41261377930641174,0.5873862147331238,8614
0.5534505248069763,0.4465494632720947,69470
0.1453915148973465,0.8546084880828857,7556
0.45032013654708863,0.5496798753738403,26336
0.8251601934432984,0.17483980655670167,73275
0.5825059413909912,0.41749406456947324,33191
0.5962129831314087,0.40378701090812685,26834
0.4400166094303131,0.5599833846092224,46744
0.2901723265647888,0.7098276734352111,56068
0.2891444265842438,0.7108555793762207,36262
0.7423568725585937,0.2576431453227997,60652
0.5886026978492737,0.41139731407165525,34096
0.36116819381713866,0.6388318061828613,68599
0.3628612220287323,0.6371387720108033,32527
0.41257035732269287,0.587429678440094,60792
0.7096315860748291,0.2903684198856354,27681
0.4446751117706299,0.5553248703479767,22402
0.5601627469062805,0.4398372948169708,56946
0.3143560588359833,0.6856439232826232,48173
0.680707824230194,0.3192921936511993,11349
0.7654587268829346,0.23454128503799437,7749
0.5858974933624268,0.41410250067710874,35189
0.6923388123512269,0.30766117572784424,64466
0.15211834609508515,0.8478816628456116,52125
0.3732731580734253,0.6267268657684326,51464
0.2094677895307541,0.7905322074890136,64651
0.6442806482315063,0.3557193517684937,18597
0.2254983514547348,0.774501645565033,23821
0.8168384313583374,0.183161598443985,72429
0.6364777684211731,0.36352225542068484,38461
0.2926358163356781,0.7073641777038574,50379
0.3159806847572327,0.6840193271636963,59243
0.5539990782737731,0.4460009217262268,73262
0.2207305610179901,0.7792694449424744,33545
0.6112526059150696,0.388747376203537,7321
0.6640872120857239,0.33591278195381163,5670
0.4272136867046356,0.572786295413971,31371
0.1288665935397148,0.8711334347724915,13371
0.12328996211290359,0.876710057258606,8954
0.3035856127738953,0.6964143753051758,23499
0.19091716706752776,0.809082818031311,34705
0.3692557752132416,0.6307442307472229,3121
0.4573017776012421,0.5426982522010804,23240
0.37689219117164613,0.6231078028678894,28096
0.12964557856321335,0.870354425907135,51647
0.09086422920227051,0.9091357827186585,20526
0.35166254043579104,0.648337459564209,11539
0.18639927208423615,0.8136007189750671,51403
0.623474907875061,0.3765251100063324,20951
0.3719705522060394,0.6280294537544251,56939
0.48157172799110415,0.5184282958507538,24482
0.6330541491508483,0.3669458329677582,33076
0.6233297944068908,0.37667020559310915,29276
0.26166472733020785,0.7383352994918824,63360
0.20589893758296968,0.7941010594367981,67849
0.914225447177887,0.08577457964420318,29995
0.527816653251648,0.4721833646297455,43915
0.5067514777183533,0.4932484984397888,6574
0.18476030826568604,0.815239691734314,16172
0.46373230814933775,0.5362676382064819,9759
0.545155143737793,0.4548448622226715,2792
0.701738715171814,0.29826128482818604,8310
0.39929702281951907,0.6007029771804809,29167
0.6699869155883789,0.3300131022930145,5
0.5241632580757141,0.47583675384521484,7859
0.3640169560909271,0.6359830498695374,42374
0.4249686300754547,0.5750313758850097,73360
0.48757765889167787,0.5124223053455352,57842
0.7132762789726257,0.28672370314598083,39373
0.19711077809333802,0.8028892517089844,47301
0.2387913405895233,0.7612086772918701,36733
0.3031383156776428,0.6968617081642151,53304
0.9001641511917114,0.09983582347631455,38772
0.767978286743164,0.23202170431613922,55852
0.6460884928703308,0.3539115071296692,67401
0.21534322798252106,0.7846567749977111,26203
0.35927911996841433,0.6407208919525147,22305
0.84953693151474,0.1504630744457245,54138
0.12689725905656815,0.8731027364730835,69018
0.32791194319725037,0.6720880627632141,16797
0.8683538436889648,0.13164617121219635,52487
0.8229143381118774,0.17708571553230285,45101
0.5201748728752136,0.4798251330852509,20777
0.4568158745765686,0.5431841135025024,18818
0.4102489948272705,0.5897509813308716,29271
0.7967067360877991,0.20329327285289764,10613
0.4566923677921295,0.5433076381683349,47793
0.7291057944297791,0.27089421451091766,26398
0.5225753545761108,0.4774246335029602,71992
0.21961218118667603,0.7803878545761108,57566
0.6090535044670105,0.39094650745391846,66846
0.8914528250694275,0.1085471898317337,45971
0.8321216940879822,0.16787830293178557,41823
0.7513205289840699,0.2486794412136078,45732
0.9155758023262024,0.08442417681217193,24386
0.48778952956199645,0.5122105181217194,4035
0.559779942035675,0.4402200520038605,10918
0.48036948442459104,0.5196305215358734,70582
0.34186909198760984,0.6581308960914611,10948
0.345400732755661,0.6545992493629456,11780
0.6367111682891846,0.36328882575035093,40237
0.08691518008708954,0.9130847930908204,13142
0.5681540131568908,0.4318459928035736,47769
0.20339859127998353,0.7966014266014099,45087
0.48247251510620115,0.5175274670124054,22052
0.6349984645843506,0.36500154733657836,68938
0.6720746040344239,0.32792539000511167,43594
0.4623506963253021,0.5376493036746979,68891
0.6265788197517395,0.3734211683273315,7791
0.5254427433013916,0.4745572626590729,63157
0.5364579200744629,0.46354206204414367,25146
0.571029007434845,0.428971004486084,62907
0.6656641006469727,0.33433592319488525,71819
0.1759352058172226,0.8240647792816163,61169
0.5326572179794311,0.46734278202056884,33061
0.2665784299373627,0.7334215760231018,57104
0.393165135383606,0.606834888458252,43513
0.48998955488204954,0.5100104629993438,32418
0.9240694165229797,0.07593058794736862,35974
0.3255559325218201,0.6744440793991089,48104
0.4082053005695343,0.5917946815490722,17993
0.13157380521297454,0.8684262037277222,70914
0.6541919350624085,0.3458080589771271,20583
0.3036938369274139,0.6963061690330505,11547
0.6768468022346497,0.3231532037258148,57727
0.07367599830031395,0.9263239860534668,7603
0.31749823689460754,0.682501757144928,14141
0.5035749077796936,0.4964250922203064,69551
0.14115035831928252,0.8588496327400208,51478
0.7160264134407044,0.28397358655929567,27068
0.6440329074859619,0.35596710443496704,69101
0.5438931226730347,0.4561068892478943,19453
0.2736200153827667,0.7263799905776978,37802
0.9311391711235046,0.0688608504831791,11690
0.500263512134552,0.49973649382591245,37184
0.602749252319336,0.397250771522522,35716
0.38968974351882935,0.6103102445602417,14378
0.83760986328125,0.16239013969898225,63267
0.6580694317817688,0.34193058013916017,62020
0.09883014559745788,0.9011698484420776,61614
0.888242244720459,0.11175775229930877,26741
0.7954875826835632,0.204512420296669,60760
0.6710073351860046,0.3289926528930664,61877
0.4981301248073578,0.5018698394298553,21871
0.2852237343788147,0.7147762417793274,20788
0.36293119192123413,0.6370688199996948,42365
0.7901214361190796,0.20987859070301057,19161
0.7368245840072631,0.2631754159927368,28764
0.6492585420608521,0.350741446018219,56938
0.46256186366081237,0.5374381422996521,16270
0.6640701651573181,0.33592981696128843,27948
0.3375172197818756,0.6624827742576599,34793
0.4817482531070709,0.5182517766952515,17783
0.29198110699653623,0.7080188870429993,29904
0.6139704585075378,0.3860295593738556,60900
0.3345652401447296,0.6654347538948059,19242
0.7687523007392884,0.2312476873397827,8902
0.6969988584518433,0.3030011594295502,2837
0.1821378141641617,0.8178621649742126,17479
0.8280811667442322,0.17191886007785798,69048
0.7592404127120972,0.24075957834720613,32065
0.6437440395355225,0.356255966424942,44539
0.16455429494380952,0.8354457020759583,70040
0.42894352674484254,0.5710564613342285,43520
0.5611673712730407,0.4388326406478882,33808
0.6689403295516968,0.3310596525669098,9209
0.6297917842864991,0.37020822167396544,1289
0.535030061006546,0.46496994495391847,9955
0.6953959584236145,0.3046040117740631,34258
0.7906824231147767,0.20931756496429443,30316
0.5280802369117736,0.4719197690486908,55846
0.5782346844673156,0.42176533937454225,35122
0.3180356562137604,0.6819643497467041,14088
0.6583971381187439,0.34160286784172056,12274
0.44866694808006286,0.5513330340385437,35544
0.7855588316917419,0.214441180229187,50508
0.08998090177774429,0.9100191116333007,7025
0.5407622218132019,0.45923779010772703,72035
0.4201441824436188,0.5798558235168457,48951
0.4192098736763,0.5807901501655579,53904
0.5862705945968628,0.41372939944267273,66917
0.3431695759296417,0.6568304419517517,11083
0.5245017647743225,0.47549823522567747,59483
0.16910498440265656,0.8308950066566467,58476
0.44651055335998535,0.5534894347190857,15436
0.8113619565963746,0.18863803744316102,31731
0.7810332298278808,0.21896676421165467,42243
0.5816332817077636,0.41836673617362974,45881
0.6424125552177429,0.3575874388217926,34533
0.5028604745864869,0.49713953733444216,69079
0.3869879126548767,0.6130121111869812,54553
0.44803711771965027,0.5519629120826721,66958
0.2936021268367767,0.7063978791236878,3419
0.5326319217681885,0.46736804246902464,24987
0.5018248915672302,0.49817511439323425,24025
0.43479689955711365,0.5652030944824219,24177
0.8313323497772217,0.16866761147975923,54965
0.22018172442913056,0.7798182845115662,13251
0.08100010007619858,0.9189998865127563,2194
0.30095949172973635,0.6990405321121216,30282
0.3721509754657745,0.6278490543365478,46802
0.16678521633148194,0.8332147836685181,63277
0.6849580764770508,0.31504192352294924,66081
0.45363778471946714,0.5463621973991394,10343
0.5155457437038422,0.4844542622566223,65746
0.442239373922348,0.5577606320381164,59756
0.7720253705978394,0.22797464430332184,31719
0.15761428475379943,0.8423856973648072,21648
0.6818550944328308,0.3181448936462402,15292
0.47673999667167666,0.5232599914073944,9056
0.4691024124622345,0.53089759349823,11467
0.23066399097442628,0.7693360209465027,15695
0.15674070715904237,0.8432593226432801,56771
0.5684395670890808,0.43156043291091917,68060
0.579789912700653,0.4202100932598114,41885
0.8637136101722718,0.13628638088703154,32952
0.18870935142040252,0.8112906694412232,1585
0.06149758845567703,0.9385024070739746,37174
0.2073468714952469,0.7926531314849854,31838
0.4938035547733307,0.5061964273452759,35581
0.1867731511592865,0.813226842880249,1484
0.10143860131502151,0.898561429977417,58362
0.472032356262207,0.5279676258563996,5976
0.6568032503128052,0.3431967616081238,56513
0.37462597489356997,0.6253740191459656,62090
0.5323162078857422,0.46768379807472227,31149
0.5999485373497009,0.4000514507293701,20693
0.45491785407066343,0.5450821280479431,8601
0.5035096228122711,0.4964903950691223,61723
0.14576719999313353,0.8542327880859375,70657
0.7962185382843018,0.20378147661685944,44848
0.46965367197990415,0.5303463339805603,65613
0.27543503046035767,0.7245649576187134,59807
0.46555593609809875,0.5344440460205078,30665
0.5466509580612182,0.45334903597831727,54920
0.855590546131134,0.14440948367118836,48113
0.32599315643310545,0.6740068435668946,3602
0.6911427974700928,0.30885722041130065,28911
0.37275704741477966,0.6272429823875427,70154
0.4423534631729126,0.5576465606689454,61989
0.6430871963500977,0.3569128215312958,61880
0.20204163193702698,0.7979583740234375,22664
0.4661556422710419,0.5338443517684937,64121
0.4064806938171387,0.5935192942619324,54210
0.27270286679267886,0.7272971272468567,16444
0.432147878408432,0.5678521394729614,23944
0.649249267578125,0.35075072646141053,52051
0.8598610758781433,0.1401389181613922,44582
0.5314646005630493,0.46853541731834414,31305
0.5415122270584106,0.45848779678344725,16324
0.520798659324646,0.47920135259628294,39796
0.5373583912849427,0.4626416265964508,74268
0.7226102232933045,0.27738977670669557,36118
0.2394270807504654,0.760572898387909,26847
0.5254820704460144,0.474517959356308,71062
0.44470890760421755,0.5552911043167115,12419
0.5699722170829773,0.4300277829170227,1524
0.7093335390090942,0.2906664490699768,54915
0.5885173439979553,0.4114826738834381,14635
0.2832091271877289,0.7167908668518066,60533
0.5973234415054322,0.40267655849456785,6743
0.32453595399856566,0.6754640340805054,12358
0.4023782968521118,0.5976216793060303,58376
0.4897156059741974,0.5102843999862671,17699
0.4193798899650574,0.5806201100349426,52172
0.5894924998283386,0.4105075001716614,20173
0.600762403011322,0.3992375910282135,9622
0.31760844588279724,0.6823915481567383,3345
0.420528906583786,0.5794710993766785,13362
0.5657680630683899,0.4342319369316101,14042
0.3720362544059753,0.6279637455940247,2681
0.28874110579490664,0.7112589001655578,64823
0.6829967856407165,0.31700320839881896,15714
0.11318762749433517,0.8868123769760132,6269
0.7543855786323548,0.2456144094467163,67972
0.7551760077476501,0.24482398629188537,58191
0.6776693344116211,0.3223307132720947,60310
0.30046212673187256,0.6995378851890564,57019
0.37138618230819703,0.6286138296127319,19294
0.6571602582931518,0.3428397476673126,57606
0.7419016122817993,0.2580983877182007,74471
0.7634497165679932,0.23655025959014891,28084
0.8909934997558594,0.10900650471448899,4022
0.8556097865104675,0.14439021348953246,58143
0.6039535760879516,0.3960464298725128,39013
0.5747814774513245,0.42521851062774657,6632
0.6819805979728699,0.31801939010620117,65183
0.14869519472122192,0.851304805278778,65284
0.1601237714290619,0.8398762106895447,4209
0.6057077407836914,0.39429226517677307,40389
0.0905478298664093,0.9094521641731262,1175
0.09258139133453369,0.9074185967445374,4901
0.3598503828048706,0.6401496171951294,31186
0.6778535008430481,0.3221465051174164,1174
0.5155900716781616,0.4844099164009094,23317
0.29683758020401,0.7031623840332031,8364
0.12298471629619598,0.8770152807235718,28219
0.45578703880310056,0.5442129611968994,70898
0.5995376825332641,0.4004623293876648,63946
0.6726882576942443,0.32731173634529115,73442
0.7089939951896668,0.29100602865219116,68940
0.19020996987819672,0.8097900152206421,73117
0.8432029485702515,0.15679705440998076,67726
0.40745165944099426,0.5925483345985413,6526
0.8062698483467102,0.1937301814556122,37025
0.5243505001068115,0.4756494998931885,17965
0.41070374846458435,0.5892962455749512,25594
0.2923821806907654,0.7076177954673767,50084
0.566906476020813,0.4330935478210449,49782
0.5642311573028564,0.4357688307762146,58355
0.11797410845756531,0.8820258736610412,72621
0.5294574618339538,0.47054252624511717,20852
0.5047065913677216,0.4952933967113495,65137
0.39421001076698303,0.6057899832725525,29839
0.39162623286247256,0.608373761177063,57777
0.17106005251407624,0.828939962387085,22676
0.5530755043029785,0.4469245135784149,48089
0.46040363907814025,0.5395963430404663,35966
0.09121143072843552,0.908788549900055,16871
0.7198469758033752,0.2801530063152313,27393
0.44732979536056516,0.5526702046394348,37543
0.5302027821540832,0.4697972059249878,27657
0.34103461503982546,0.6589654088020325,49794
0.5876793503761292,0.41232065558433534,27480
0.8596930146217346,0.1403069794178009,41729
0.5784014940261841,0.4215985119342804,15515
0.8036283731460572,0.1963716119527817,41378
0.6561322212219238,0.3438677489757538,3011
0.3221629798412323,0.6778370141983032,36478
0.597758162021637,0.40224185585975647,60024
0.08081680089235306,0.9191831946372986,36205
0.5815555691719055,0.41844442486763,21074
0.5150199711322785,0.48498005270957945,50568
0.36907635927200316,0.6309236288070679,4246
0.20023097693920136,0.7997690320014954,64296
0.5373550891876221,0.46264490485191345,53668
0.4843901813030243,0.5156097888946534,27563
0.27132059931755065,0.7286793828010559,27071
0.49400572180747987,0.5059942901134491,64734
0.7351132392883301,0.26488673985004424,48840
0.3260693073272705,0.6739306926727295,51146
0.3295713782310486,0.6704286098480224,54066
0.5413004994392395,0.45869951248168944,73944
0.4864790737628937,0.5135209202766419,16696
0.6432172179222106,0.35678277611732484,15183
0.4935533583164215,0.506446647644043,44284
0.3772930264472961,0.6227069854736328,64065
0.5484724521636963,0.45152756571769714,74463
0.19885098040103913,0.8011490225791931,7707
0.31602943539619444,0.6839705824851989,14965
0.6247503280639648,0.37524970173835753,54652
0.876198148727417,0.12380186170339584,51082
0.5725820422172546,0.42741798758506777,41293
0.4132880926132202,0.5867118954658508,65655
0.6870742082595825,0.31292577981948855,58674
0.7330514073371888,0.2669486105442047,43790
0.5607142269611358,0.43928579092025755,63900
0.1991442024707794,0.8008557796478272,12284
0.6300673365592957,0.3699326694011688,20207
0.3540084421634674,0.6459915637969971,1060
0.7346279144287109,0.26537207663059237,59666
0.37283241748809814,0.6271676063537598,63068
0.6594208836555481,0.34057910442352296,6897
0.7337758421897889,0.26622414290905,32837
0.1505821615457535,0.8494178533554078,71968
0.5297205209732055,0.47027952075004575,48420
0.4727391839027405,0.5272608160972595,23717
0.9066148281097413,0.0933851420879364,40873
0.71874440908432,0.28125557899475095,66188
0.7736757516860961,0.22632423639297486,4654
0.8194287657737732,0.1805712401866913,29727
0.791610062122345,0.20838994085788726,39251
0.6637080430984497,0.3362919569015503,71730
0.5912555694580078,0.40874444246292113,8880
0.11034810841083527,0.889651894569397,36005
0.6005446672439575,0.3994553446769714,20500
0.40421029925346375,0.5957896947860718,56790
0.8761263012886047,0.12387370318174362,30830
0.6063259363174438,0.3936740279197693,52304
0.277225399017334,0.722774600982666,40705
0.6023311495780945,0.3976688265800476,24238
0.4254410207271576,0.574558961391449,38481
0.5101056754589081,0.48989430665969846,32393
0.28397979736328127,0.7160202145576477,52940
0.7897494077682495,0.21025058329105378,10281
0.3144788384437561,0.6855211973190307,6530
0.40537106394767763,0.5946289420127868,72975
0.5943066954612732,0.4056933045387268,17123
0.6585995554924011,0.34140047430992126,42185
0.11945244669914246,0.8805475234985352,43191
0.6947303175926208,0.30526965856552124,72864
0.7359571933746338,0.2640428215265274,56519
0.3766388714313507,0.6233611345291138,17644
0.6930101752281189,0.30698981285095217,11332
0.17335595488548278,0.8266440272331238,45276
0.4340360939502716,0.5659639120101929,73297
0.6194311141967773,0.38056886196136475,66566
0.42782694697380064,0.5721730351448059,53199
0.5413076639175415,0.4586923122406006,36217
0.6000301122665406,0.39996989369392394,11097
0.9204973578453064,0.0795026496052742,24371
0.11644484698772431,0.8835551381111145,23086
0.6511015176773072,0.34889849424362185,7468
0.3957736313343048,0.6042263507843018,6759
0.6620400309562683,0.33795997500419617,24136
0.676749849319458,0.32325016260147094,65489
0.25670005977153776,0.74329993724823,72096
0.49752378463745117,0.5024762034416199,28323
0.2608600378036499,0.739139974117279,60363
0.21203285157680513,0.7879671454429626,35460
0.39014081954956054,0.6098591923713684,7822
0.5920210838317871,0.40797890424728395,6484
0.6760844588279724,0.32391555309295655,68654
0.24690153896808625,0.7530984520912171,57112
0.4769129931926727,0.5230870127677918,38875
0.8614681482315063,0.13853183388710022,49821
0.6708548784255981,0.32914512753486636,20042
0.5001849830150604,0.4998150408267975,52181
0.4336909830570221,0.5663089990615845,18934
0.47510125041007994,0.5248987257480622,12103
0.557617461681366,0.44238253831863406,14077
0.2580641984939575,0.7419358134269715,65873
0.16817404329776764,0.8318259716033936,13996
0.8639673590660095,0.1360326498746872,9923
0.23486974835395813,0.7651302576065063,64940
0.4758214294910431,0.5241785824298859,48632
0.5485000133514404,0.4514999806880951,41730
0.6156136393547058,0.3843863487243652,12066
0.7561130285263061,0.24388697743415833,44051
0.6954701542854309,0.30452985167503355,2323
0.6451579689979553,0.35484201908111573,375
0.8713767647743225,0.12862320989370346,57632
0.9005847334861755,0.09941526651382446,21765
0.5033526182174682,0.49664737582206725,51734
0.24902549684047698,0.7509745001792908,35857
0.08508953601121902,0.9149104595184326,33331
0.5182670772075653,0.4817329287528992,20756
0.44518337249755857,0.5548166155815124,60559
0.675718355178833,0.324281644821167,65397
0.42815807461738586,0.5718419075012207,73198
0.21982527673244476,0.7801747441291809,13632
0.7976613640785217,0.20233862698078156,17031
0.4623065948486328,0.5376933813095093,31643
0.23512713313102723,0.7648728489875793,31299
0.33629398345947265,0.6637060523033143,71616
0.5939287424087525,0.4060712456703186,66589
0.7044249176979065,0.29557507038116454,25286
0.3334186851978302,0.6665813207626343,20469
0.31617786884307864,0.6838221430778504,11853
0.4239631175994873,0.5760368824005127,24522
0.5774844408035278,0.4225155472755432,44241
0.30513171553611756,0.6948683023452759,19133
0.5886804223060608,0.41131955981254575,65532
0.4024825096130371,0.597517478466034,47211
0.5336689710617065,0.4663310289382935,54030
0.8064797997474671,0.19352020025253297,24014
0.6119166493415833,0.3880833268165588,12558
0.5440710783004761,0.45592891573905947,70512
0.8303640484809875,0.16963593363761903,22378
0.5685834765434266,0.4314165532588959,64873
0.34973992109298707,0.650260078907013,58886
0.4457912504673004,0.554208767414093,60176
0.6022951126098632,0.3977048695087433,73769
0.7507737755775452,0.24922620952129365,4417
0.35151259899139403,0.6484874248504638,9843
0.37713290452957154,0.6228670835494995,16394
0.42159816026687624,0.5784018516540528,59972
0.6415797114372254,0.3584203004837036,11543
0.6584907531738281,0.3415092468261719,21596
0.32952411770820617,0.6704758882522583,11941
0.5382057785987854,0.46179420948028566,3714
0.4715546429157257,0.5284453749656677,52761
0.7716485023498535,0.22835150957107545,11567
0.6555312156677247,0.34446879029273986,73557
0.47980732917785646,0.5201926589012146,46819
0.826224935054779,0.17377508878707887,69944
0.45743573904037477,0.5425642728805542,39229
0.4430819094181061,0.5569181203842163,61634
0.3714978575706482,0.6285021185874939,4919
0.12475368231534958,0.8752463221549988,54980
0.5186933636665344,0.4813066184520721,74015
0.2613944798707962,0.738605546951294,44719
0.11447062641382218,0.885529363155365,59476
0.654981005191803,0.3450190007686615,55687
0.07262864708900452,0.927371346950531,15200
0.6073298335075379,0.39267019629478456,70871
0.8007337212562561,0.19926626980304718,26773
0.4181987941265106,0.5818012356758118,45176
0.14472861886024474,0.8552713751792907,50262
0.37367659211158755,0.6263234376907348,20209
0.7734219193458557,0.22657809257507325,62862
0.4909848690032959,0.5090151429176331,48021
0.5666293859481811,0.43337060809135436,65850
0.48583457469940183,0.5141654372215271,7965
0.7023576140403748,0.2976423740386963,12521
0.1803576707839966,0.8196423649787903,34396
0.3761141836643219,0.6238858103752136,44358
0.6104426503181457,0.3895573616027832,67644
0.6143516421318054,0.3856483638286591,13932
0.45678689479827883,0.5432131171226502,22945
0.5178819894790649,0.4821180284023285,43091
0.8372455835342407,0.16275439262390137,34296
0.7474440097808838,0.25255600214004514,5947
0.8719386696815491,0.12806135267019272,70281
0.36746200919151306,0.6325380206108093,73640
0.5582221388816834,0.4417778253555298,32929
0.20423436164855957,0.7957656502723693,59831
0.715446412563324,0.28455360531806945,59330
0.38305245637893676,0.6169475674629211,15208
0.6784283995628357,0.3215716063976288,12784
0.46568264365196227,0.5343173623085022,52900
0.1618486076593399,0.8381513833999634,16822
0.5757916450500489,0.42420839667320254,73217
0.7155489206314087,0.2844510793685913,32756
0.1506720095872879,0.8493279695510865,50056
0.5450537323951721,0.4549462556838989,50765
0.05638808906078339,0.9436118960380554,730
0.5010454595088959,0.49895453453063965,62979
0.5137099504470826,0.48629006147384646,44518
0.37601944208145144,0.6239805459976197,15394
0.6797435283660889,0.32025647163391113,70176
0.5285048246383667,0.47149519324302674,16707
0.4764595031738281,0.523540484905243,41889
0.5754578232765197,0.4245421826839447,70431
0.5097426235675812,0.4902573823928833,30013
0.8367915391921997,0.16320843398571014,8642
0.61662437915802,0.38337565660476686,36035
0.7596250772476196,0.24037495851516724,81
0.7372530460357666,0.26274695694446565,27090
0.0918330579996109,0.9081669330596924,62757
0.6338970065116882,0.3661029875278473,630
0.6509478330612183,0.34905220866203307,56436
0.21843256652355195,0.7815674424171448,21446
0.1829173445701599,0.81708265542984,61116
0.18673159778118134,0.8132684111595154,875
0.5565163016319274,0.44348368644714353,7107
0.7323337912559509,0.2676662117242813,12821
0.45431393980979917,0.5456860661506653,6544
0.6356448173522949,0.364355194568634,73636
0.49136165976524354,0.508638322353363,42664
0.6759424448013306,0.3240575432777405,2219
0.48564651012420657,0.5143534958362579,47104
0.46817050576210023,0.5318295121192932,4752
0.5959081411361694,0.40409183502197266,27368
0.5848286271095275,0.4151713728904724,55591
0.4612543761730194,0.5387456297874451,16903
0.465152770280838,0.5348472118377685,66165
0.16679381132125853,0.8332062125205993,56371
0.636399257183075,0.36360076665878294,24656
0.23617654144763947,0.7638234734535218,57464
0.39073058366775515,0.6092694282531739,31204
0.5385135889053345,0.4614863991737366,66611
0.22448104619979858,0.7755189299583435,6166
0.5812992334365845,0.4187007546424866,73062
0.5566314697265625,0.4433685302734375,59880
0.48097224831581115,0.5190277099609375,64258
0.4696741759777069,0.5303258299827576,70609
0.4388706922531128,0.5611292839050293,64217
0.24954601228237153,0.7504539847373962,16132
0.7308616399765014,0.2691383808851242,12068
0.28344198763370515,0.716558039188385,12291
0.539472758769989,0.46052722334861756,54924
0.6113227605819702,0.38867724537849424,35445
0.22194707989692689,0.7780529499053955,13859
0.48464012145996094,0.5153598666191102,55430
0.5583387017250061,0.44166131019592286,34356
0.45336179733276366,0.5466382145881653,58207
0.14566531479358674,0.8543346643447876,63358
0.1926422655582428,0.8073577284812927,46335
0.3923363447189331,0.6076636672019958,54596
0.8784793496131897,0.1215206578373909,18845
0.3833106577396393,0.6166893482208252,25616
0.7929263710975647,0.20707361102104188,21112
0.4890265643596649,0.5109734177589417,30381
0.3379811406135559,0.6620188593864441,52217
0.5553874135017395,0.444612580537796,53384
0.6554990172386169,0.34450098872184753,14370
0.5304047226905823,0.46959527730941775,22810
0.1743493288755417,0.8256506800651551,71251
0.6915813207626342,0.30841867327690126,21921
0.5697489261627198,0.43025105595588686,40486
0.3742254555225372,0.6257745504379273,51748
0.4608588993549347,0.5391410946846008,58520
0.1715433865785599,0.8284566164016723,67872
0.7129207372665405,0.287079268693924,68388
0.41973717212677003,0.5802628040313721,51170
0.6805521249771118,0.3194478750228882,47434
0.6176441311836243,0.3823558747768402,1514
0.40970303416252135,0.5902969598770141,58394
0.8858633279800415,0.1141366869211197,72668
0.8962919354438782,0.103708054125309,57897
0.45060442090034486,0.5493955850601197,3952
0.3560027122497559,0.643997311592102,51104
0.40742228031158445,0.5925777554512024,40926
0.16216439604759217,0.8378355860710144,42
0.8048829913139344,0.19511699676513672,21476
0.5100840210914612,0.4899159848690033,1645
0.40889897346496584,0.5911010265350342,66887
0.1536971479654312,0.8463028311729431,19717
0.648790967464447,0.351209020614624,30919
0.748248291015625,0.251751708984375,65561
0.5705094575881958,0.42949053049087527,44458
0.4764033854007721,0.5235966086387634,32842
0.3502411663532257,0.6497588276863098,8050
0.45421414971351626,0.5457858681678772,34082
0.6471453666687011,0.35285467505455015,18238
0.6569720506668091,0.3430279314517975,2518
0.5303054094314575,0.46969459652900697,32396
0.4501906096935272,0.5498093843460083,1292
0.6043551445007325,0.39564486145973204,56223
0.5326284945011139,0.4673715054988861,14702
0.11086979061365128,0.8891302108764648,22709
0.4822555184364319,0.5177444696426392,23973
0.6479112267494201,0.3520888090133667,58129
0.46239663362503053,0.5376033544540405,28389
0.7693925380706788,0.2306074619293213,51890
0.7917241811752319,0.20827581584453583,68590
0.5992056488990783,0.4007943391799927,17191
0.3568916618824005,0.643108332157135,41503
0.21368308663368224,0.7863168835639953,31564
0.07987166494131089,0.9201283693313599,57489
0.09380512833595275,0.9061948657035828,24995
0.35674006342887876,0.6432599663734436,52658
0.6281502366065979,0.3718497633934021,15923
0.4622237026691437,0.5377762794494629,48406
0.15717433393001556,0.8428256869316101,25947
0.4319019794464111,0.5680980205535888,51147
0.42471243143081666,0.5752875685691834,11584
0.5875541687011718,0.41244585514068605,30232
0.6921775937080383,0.30782238841056825,20459
0.7976237773895264,0.20237621366977693,1290
0.5430366396903992,0.4569633662700653,56075
0.6513609051704407,0.3486391007900238,57320
0.5332924962043762,0.4667074978351593,63052
0.5388095140457153,0.4611905038356781,49126
0.6276384592056274,0.372361546754837,10466
0.3956495702266693,0.6043504357337952,68158
0.4463186264038086,0.5536813497543335,17354
0.4711738765239716,0.5288261413574219,829
0.4871124565601349,0.5128875613212586,70190
0.7869002223014832,0.21309980154037475,17874
0.5800633311271668,0.41993669271469114,48838
0.5285090804100037,0.47149090766906737,20226
0.8487668037414551,0.1512331873178482,20483
0.19019014537334442,0.8098098397254944,21739
0.2986116290092468,0.7013883709907531,50565
0.391752153635025,0.6082478642463685,50615
0.7868431806564331,0.21315683126449586,38622
0.8401828646659851,0.15981712341308593,47270
0.40229336023330686,0.5977066397666931,22867
0.6558333039283752,0.3441667139530182,32028
0.24783152043819429,0.7521684765815735,37558
0.2728395998477936,0.727160382270813,42939
0.7640338659286499,0.23596612513065338,56080
0.13169449418783188,0.8683055162429809,37379
0.38525315523147585,0.6147468328475952,67781
0.19026966989040375,0.809730327129364,48213
0.7708561897277832,0.22914381623268126,60598
0.8528156876564026,0.14718430042266845,68603
0.694880199432373,0.305119788646698,26450
0.29101035594940183,0.7089896321296691,63420
0.19152889549732208,0.8084710717201233,18851
0.521686726808548,0.478313273191452,36897
0.23547309637069702,0.7645269155502319,59513
0.2034124404191971,0.7965875506401062,38269
0.5736944794654846,0.4263054966926575,3428
0.5009011924266815,0.4990988254547119,9299
0.5993202328681946,0.4006797790527344,19520
0.2087732434272766,0.7912267565727233,40828
0.23917506039142608,0.7608249306678772,46289
0.5188382923603058,0.4811617016792297,3283
0.7847355842590332,0.21526441276073455,28102
0.5593739509582519,0.4406260550022125,70704
0.7597545146942138,0.24024547636508942,68958
0.3615144908428192,0.6384854674339294,1995
0.5195825874805451,0.48041743636131284,36230
0.5337929487228393,0.4662070631980896,8232
0.2479044556617737,0.7520955204963684,34972
0.9052723050117493,0.0947277307510376,61947
0.29680238366127015,0.7031976461410523,73273
0.30355584025383,0.6964441537857056,59971
0.7926026940345764,0.20739729106426238,72003
0.666721498966217,0.33327850699424744,35583
0.6467653274536133,0.35323466658592223,29882
0.4480000436306,0.5519999504089356,49603
0.16905070841312408,0.8309492707252503,3119
0.23930487930774688,0.7606950998306274,64089
0.5108949959278106,0.4891050457954407,73080
0.5097136795520782,0.49028630256652833,66127
0.7566977500915527,0.24330225884914397,38297
0.7801286458969117,0.21987134218215942,25019
0.5637760996818543,0.4362239122390747,24621
0.3113703548908234,0.68862966299057,73856
0.8618827223777771,0.13811728954315186,33991
0.43183237314224243,0.5681676506996155,33204
0.6220780372619629,0.37792197465896604,46313
0.8743109226226806,0.12568904757499694,41036
0.39952396750450136,0.6004760503768921,14166
0.45375208258628846,0.546247923374176,60227
0.12451427727937699,0.8754857182502747,42492
0.580118989944458,0.4198809862136841,25914
0.44964619278907775,0.5503537893295288,37239
0.41475377082824705,0.585246229171753,61898
0.4512096345424652,0.5487903833389283,71525
0.639196264743805,0.36080374121665953,50035
0.557876980304718,0.44212302565574646,64458
0.418464332818985,0.5815356969833374,14132
0.6502245545387269,0.34977545142173766,26900
0.8859185934066772,0.1140813872218132,15023
0.17692736089229583,0.8230726242065429,25487
0.6537018895149231,0.34629812836647034,11120
0.41167706847190855,0.5883229494094848,37928
0.8233492374420166,0.1766507714986801,33457
0.6241511344909668,0.3758488893508911,37986
0.4500165581703186,0.5499834418296814,40396
0.44907733201980593,0.5509227037429809,70807
0.8538341760635376,0.14616581797599792,8365
0.2827158570289612,0.7172841429710388,11114
0.3221933126449585,0.6778067111968994,41118
0.6986892223358154,0.301310783624649,22653
0.5654195070266723,0.43458051681518556,33254
0.6481767177581788,0.35182327032089233,52076
0.7332733035087585,0.2667266994714737,12800
0.5733962416648865,0.42660375237464904,71250
0.2526321977376938,0.7473678231239319,40522
0.5487776756286621,0.4512223482131958,67325
0.1612976759672165,0.8387023210525513,22326
0.8341812252998352,0.1658188134431839,39037
0.6767001509666443,0.32329986691474916,24696
0.4528967499732971,0.5471032619476318,3934
0.5454576075077057,0.45454239249229433,50319
0.8003461003303528,0.19965390861034393,66138
0.2059655159711838,0.7940344691276551,12619
0.12040638327598571,0.8795936107635498,49375
0.4430465042591095,0.5569534778594971,35493
0.5920596718788147,0.4079403281211853,68374
0.3391843497753143,0.6608156323432922,2211
0.7756555676460266,0.2243444114923477,73380
0.7326644062995911,0.2673356056213379,57290
0.45476176738739016,0.5452382445335389,48185
0.49440722465515136,0.5055927753448486,58495
0.7144770860671997,0.28552289605140685,14318
0.3281164526939392,0.671883499622345,20624
0.1401538997888565,0.8598461151123047,54563
0.6356391549110413,0.3643608093261719,56137
0.2185720056295395,0.7814279794692993,16759
0.4380116522312164,0.561988365650177,7687
0.8994113206863403,0.10058867484331131,43855
0.8077629566192627,0.1922370582818985,67711
0.7251618146896363,0.27483819127082826,41310
0.12623701244592667,0.8737629652023315,35744
0.9099968075752258,0.09000319540500641,17806
0.7337549686431885,0.26624505817890165,13541
0.07478152364492416,0.9252185106277466,41903
0.20875898003578186,0.7912409901618958,34243
0.49521088004112246,0.5047891199588775,48177
0.5241981387138367,0.47580183744430543,45975
0.4560251772403717,0.5439748644828797,6096
0.25221513509750365,0.7477848649024963,41028
0.6196144938468933,0.38038551807403564,44032
0.22465606927871704,0.775343942642212,73631
0.4518364429473877,0.5481635332107544,32439
0.8397621512413025,0.16023786664009093,15510
0.5288765788078308,0.47112342715263367,34409
0.6677156090736389,0.33228440284729005,68030
0.6292622566223145,0.37073774337768556,35749
0.6229133248329163,0.3770866870880127,32722
0.4100924074649811,0.5899075865745544,72152
0.9037588119506836,0.09624121785163879,15579
0.5430731534957886,0.4569268345832825,50039
0.9141899466514587,0.08581004738807678,42683
0.5988844871520996,0.40111554265022276,13536
0.1381989002227783,0.8618010997772216,19498
0.9105206489562988,0.08947934955358505,45006
0.09670113921165466,0.9032988667488098,60206
0.1789613038301468,0.8210387110710144,73235
0.46144973039627074,0.5385502815246582,31574
0.10253739804029464,0.8974626064300537,48468
0.6699215531349182,0.3300784111022949,38379
0.43414894342422483,0.5658510565757752,25161
0.5730270147323608,0.42697298526763916,4173
0.7938216805458069,0.20617832243442535,54998
0.5049310564994812,0.49506896138191225,7244
0.5450117588043213,0.4549882411956787,41220
0.07870635241270066,0.9212936282157898,42847
0.7949963212013245,0.2050036907196045,69557
0.21474846005439757,0.7852515459060669,71020
0.3024831831455231,0.6975168108940124,34540
0.7224272727966309,0.2775727152824402,31730
0.2222406506538391,0.777759337425232,61954
0.5093936800956727,0.49060633182525637,73854
0.66322820186615,0.3367718100547791,46067
0.15528741776943206,0.8447125673294067,22966
0.6250185251235962,0.3749814748764038,44626
0.5767494916915894,0.42325049042701723,43296
0.3534223198890686,0.6465776801109314,59262
0.3332240343093872,0.666775918006897,61678
0.8422891974449158,0.1577107936143875,29700
0.6956388115882873,0.30436116456985474,44781
0.3154131889343262,0.6845868229866028,64035
0.13322075307369233,0.8667792558670044,6200
0.47610664963722227,0.5238933324813843,61020
0.31075628399848937,0.689243733882904,63934
0.6405668020248413,0.35943318009376524,4254
0.1492404043674469,0.8507595896720886,48103
0.686353576183319,0.3136464059352875,74109
0.2614346414804459,0.7385653257369995,46553
0.7883846998214722,0.21161528825759887,35613
0.4879086256027222,0.5120913863182068,36639
0.09859595894813537,0.9014040470123291,15253
0.8860226988792419,0.11397730261087417,26052
0.7187883734703064,0.28121164441108704,14349
0.9085648894309998,0.09143509715795517,24421
0.22336142957210542,0.7766385674476624,13
0.4128639817237854,0.5871360182762146,42364
0.783598792552948,0.21640120446681976,33988
0.7997910141944885,0.2002089649438858,1530
0.7877065777778626,0.21229340732097626,21462
0.7788696646690368,0.2211303234100342,40308
0.22736022174358367,0.7726397633552551,18989
0.29639803171157836,0.7036019325256347,14216
0.8296891212463379,0.1703108787536621,21271
0.5788830041885376,0.4211169958114624,38901
0.5290777146816253,0.4709222674369812,5956
0.5891637563705444,0.4108362376689911,40065
0.5437503933906556,0.45624961256980895,16265
0.4932417213916779,0.5067582488059997,14277
0.5395121216773987,0.46048790216445923,62011
0.5725789189338684,0.4274210572242737,53100
0.7007784247398376,0.2992215692996979,36051
0.92896728515625,0.07103271707892418,22087
0.41893734931945803,0.581062662601471,55728
0.5298863291740418,0.4701136827468872,72337
0.7236629486083984,0.2763370215892792,54386
0.3647381365299225,0.6352618336677551,16905
0.297063535451889,0.7029364824295044,21004
0.6183860659599304,0.38161394000053406,21809
0.7241072416305542,0.2758927524089813,45943
0.20423707067966462,0.7957629323005676,48673
0.6592514157295227,0.34074859619140624,19502
0.646905517578125,0.3530944883823395,42072
0.4338413834571838,0.5661586046218872,73794
0.534734046459198,0.465265953540802,22998
0.7045194149017334,0.29548056423664093,57608
0.8010068297386169,0.19899318516254424,2972
0.5450203835964202,0.45497962832450867,31212
0.12024146765470504,0.8797585129737854,12946
0.6082123279571533,0.3917876541614532,31210
0.8017237782478333,0.19827620983123778,7699
0.3523591935634613,0.6476408123970032,58639
0.782105004787445,0.21789498031139373,21239
0.7390443563461304,0.2609556198120117,53583
0.14027049094438554,0.859729528427124,64650
0.453962242603302,0.5460377216339112,9265
0.27040069103240966,0.7295992970466614,20316
0.7939535975456238,0.206046399474144,12163
0.23256588876247405,0.7674341082572937,41570
0.9053290724754334,0.09467093199491501,67794
0.25912854075431824,0.7408714294433594,72785
0.39677592515945437,0.6032240629196167,43365
0.1816665470600128,0.8183334350585938,63555
0.08072443455457687,0.9192755699157715,38202
0.5030644774436951,0.4969355046749115,2096
0.49905102252960204,0.5009489357471466,35029
0.8265251994132996,0.17347481548786164,5928
0.6171993255615235,0.38280069231987,58431
0.5188843786716462,0.48111559748649596,38952
0.5350575506687164,0.4649424314498901,32141
0.5750213027000427,0.42497868537902833,65701
0.5093636631965637,0.49063633680343627,1867
0.6294331431388855,0.3705668389797211,35647
0.35434918403625487,0.6456508278846741,41480
0.20347364246845245,0.7965263605117798,51648
0.6006489634513855,0.3993510365486145,6977
0.6280393838882447,0.37196060419082644,30367
0.528119969367981,0.4718800663948059,35620
0.8637053966522217,0.1362946093082428,15276
0.6552793264389039,0.34472068548202517,11804
0.6472229599952698,0.3527770400047302,26909
0.49716257452964785,0.5028374314308166,38071
0.2100472331047058,0.7899527788162232,51309
0.39510917067527773,0.6048908352851867,25245
0.4422706067562103,0.5577293634414673,58965
0.3393622934818268,0.6606376886367797,15855
0.653892207145691,0.3461077868938446,39801
0.8560353517532349,0.14396463930606843,3432
0.7559104442596436,0.24408955872058868,18237
0.8432373762130737,0.15676261186599733,60937
0.4990470349788666,0.500952935218811,47956
0.24007291793823243,0.7599270939826965,20580
0.7530928730964661,0.24690713882446289,10470
0.6997648477554321,0.3002351611852646,14730
0.5862829446792602,0.4137170612812042,62968
0.08504899442195893,0.9149509906768799,20899
0.8602107405662537,0.13978923261165618,32867
0.4782519519329071,0.5217480421066284,25253
0.12541813105344773,0.8745818495750427,61429
0.6144770622253418,0.38552291989326476,63278
0.6020901799201965,0.39790983200073243,53549
0.5220687508583068,0.47793124318122865,72317
0.601850426197052,0.39814959168434144,27268
0.41967955231666565,0.5803204417228699,71480
0.4694130837917328,0.5305868983268738,1603
0.6447602272033691,0.3552397608757019,60447
0.5994475483894348,0.40055246353149415,65785
0.5288394570350647,0.47116054892539977,35065
0.5162059545516968,0.48379406332969666,48511
0.7158317923545837,0.2841682255268097,48871
0.5644043803215026,0.4355956256389618,20263
0.3143666386604309,0.6856333494186402,46501
0.2884081840515137,0.7115918159484863,42600
0.1480238914489746,0.8519761323928833,55218
0.3519068956375122,0.6480931043624878,61782
0.6306802868843079,0.3693197250366211,19864
0.19046328365802764,0.8095366954803467,30915
0.6713526606559753,0.3286473274230957,39573
0.30316850543022156,0.6968315362930297,16810
0.5963286638259888,0.4036713480949402,71169
0.8213766813278198,0.17862331867218018,32498
0.39958646297454836,0.6004135370254516,59234
0.623745608329773,0.3762543976306915,71608
0.6460911512374878,0.3539088606834412,51396
0.5540200591087341,0.4459799349308014,21689
0.6701830744743347,0.3298169195652008,19834
0.5061096906661987,0.4938902914524078,39661
0.35688605308532717,0.6431139469146728,28664
0.7317142367362977,0.2682857602834702,58060
0.636924946308136,0.3630750596523285,20480
0.400333559513092,0.599666440486908,4096
0.38842206001281737,0.6115779280662537,25127
0.4836906850337982,0.5163093328475952,17396
0.3073704481124878,0.6926295518875122,55602
0.6466664671897888,0.3533335268497467,32466
0.5282054841518402,0.47179450988769533,314
0.1554795801639557,0.8445204496383667,41217
0.4513465940952301,0.5486533999443054,29646
0.4552286207675934,0.544771385192871,47521
0.2541504710912704,0.7458495497703552,40528
0.4928618311882019,0.5071381449699401,50295
0.5270107865333558,0.4729891955852509,16054
0.6493793249130249,0.35062065720558167,31273
0.8527456521987915,0.14725433886051179,45963
0.6957943081855774,0.30420567393302916,42645
0.3754953980445862,0.6245046257972717,52311
0.7028708815574646,0.29712913036346433,48967
0.701749861240387,0.298250150680542,18315
0.645611560344696,0.3543884217739105,60399
0.8914071440696716,0.10859286040067673,14535
0.7193873047828674,0.2806126981973648,39746
0.33854098320007325,0.6614590167999268,67384
0.5452272176742554,0.4547727942466736,2785
0.5777596235275269,0.42224039435386657,54989
0.44054033160209655,0.5594596862792969,29583
0.08124949038028717,0.918750548362732,1752
0.47427021265029906,0.5257297933101654,45983
0.5745375394821167,0.4254624545574188,49187
0.35300359725952146,0.6469964027404785,54586
0.40320828557014465,0.5967917203903198,62976
0.5869919180870056,0.4130080699920654,48548
0.15499132573604585,0.8450086832046508,67044
0.8527757406234742,0.14722425043582915,33383
0.2892599284648895,0.7107400894165039,46189
0.791258692741394,0.20874133408069612,52184
0.8101610779762268,0.18983893394470214,23152
0.43686240911483765,0.5631375789642334,440
0.5459641933441162,0.45403581857681274,54683
0.5905523538589478,0.4094476580619812,46568
0.7377781987190246,0.26222178637981414,63661
0.5092698872089386,0.4907300710678101,11235
0.5438446640968323,0.45615535974502563,61932
0.6173259735107421,0.38267403841018677,59114
0.3221088767051697,0.6778911113739013,51915
0.42100865244865415,0.5789913535118103,19812
0.6371464848518371,0.36285353302955625,34927
0.5733814358711242,0.4266185641288757,66965
0.5573191404342651,0.44268086552619934,69589
0.6295578718185425,0.37044214010238646,71903
0.4189891219139099,0.5810108661651612,37734
0.5063771486282349,0.49362288117408754,14595
0.7399765253067017,0.26002351343631747,28046
0.5252662062644958,0.4747337520122528,67244
0.7768589735031128,0.22314102351665496,30718
0.09055373519659042,0.9094462990760803,14279
0.3038638472557068,0.69613618850708,68194
0.38971269130706787,0.610287320613861,10521
0.7027989387512207,0.29720107316970823,49464
0.3488709807395935,0.6511289954185486,59282
0.7845763564109802,0.21542364060878755,57275
0.585202956199646,0.414797043800354,53761
0.0898865208029747,0.9101134657859802,58552
0.28310143351554873,0.7168985605239868,6520
0.6944180369377136,0.30558199286460874,48008
0.6816199541091919,0.31838003396987913,29525
0.6680286169052124,0.3319713890552521,13048
0.5924171090126038,0.4075829029083252,11311
0.5530509352684021,0.4469490349292755,63072
0.09386594891548157,0.906134057044983,61219
0.24273983240127564,0.7572601675987244,37774
0.2590169906616211,0.7409830331802368,42228
0.34207327365875245,0.6579267501831054,16874
0.9142542481422424,0.08574577122926712,66365
0.5705819845199585,0.429418021440506,31699
0.5914480328559876,0.40855197310447694,26455
0.1619144231081009,0.8380855798721314,51522
0.25257120132446287,0.747428810596466,67441
0.7966992020606994,0.20330080389976501,71401
0.6020921468734741,0.3979078531265259,29506
0.12770039439201356,0.872299599647522,53955
0.44511515498161314,0.5548848032951355,17381
0.4412259876728058,0.5587740182876587,40370
0.3384906768798828,0.6615093231201172,37183
0.7162456631660461,0.28375433683395385,13374
0.2307190179824829,0.7692809462547302,52661
0.3951853096485138,0.6048147082328796,6145
0.8430780529975891,0.1569219410419464,22600
0.268054324388504,0.7319456815719605,70953
0.7415890216827392,0.25841096937656405,7423
0.37121316194534304,0.6287868738174438,68329
0.7480129837989807,0.2519870221614838,30036
0.43698258996009826,0.5630174279212952,12595
0.8181217432022094,0.1818782716989517,46631
0.7096168637275696,0.2903831124305725,63874
0.35886974930763244,0.6411302566528321,429
0.16959701776504515,0.8304029822349548,15521
0.7098312854766846,0.2901687264442444,67587
0.18251508474349976,0.8174849271774292,29858
0.11327657550573349,0.8867234230041504,50075
0.6078464388847351,0.39215356707572935,51470
0.5692909598350525,0.4307090163230896,68024
0.44435503482818606,0.5556449651718139,71013
0.3768711447715759,0.623128867149353,25771
0.15731269419193267,0.8426873087882996,32387
0.31542268991470335,0.6845772981643676,66425
0.8657692074775696,0.1342308059334755,52392
0.8007706999778748,0.19922930002212524,45880
0.36562625169754026,0.6343737244606018,30618
0.5869195342063904,0.4130804777145386,53841
0.22605160176753997,0.7739483714103699,4670
0.33375793099403384,0.6662420749664306,15865
0.43952779173851014,0.5604722142219544,70228
0.49710593819618226,0.5028940498828888,53724
0.580166757106781,0.419833242893219,4108
0.3321549594402313,0.6678450226783752,14209
0.5673485040664673,0.4326514840126038,36141
0.6691128611564636,0.33088715076446534,34750
0.6063306093215942,0.3936694085597992,48423
0.4264190137386322,0.5735809683799744,26515
0.4552354276180267,0.5447646021842957,46522
0.15512242317199706,0.8448775887489319,36690
0.4982454776763916,0.5017544865608216,29569
0.8150183081626892,0.1849817156791687,31905
0.11995480954647064,0.8800451636314393,61718
0.47975568771362304,0.5202443122863769,66597
0.17807635962963103,0.8219236731529236,28930
0.4468232035636902,0.5531767964363098,50171
0.5130361258983612,0.48696386218070986,48500
0.6839568972587585,0.316043084859848,35807
0.8482366085052491,0.15176339447498322,28825
0.356391167640686,0.6436088562011719,18665
0.5864194512367249,0.41358051300048826,3830
0.5233439922332763,0.4766560196876526,22222
0.5323149204254151,0.4676850616931915,19710
0.6533792972564697,0.3466207146644592,72263
0.29957214593887327,0.7004278540611267,73209
0.7106094598770142,0.2893905401229858,4787
0.21236501336097718,0.7876349925994873,38409
0.46464372277259824,0.5353562474250794,36059
0.3786055982112885,0.6213943958282471,15398
0.7296625256538392,0.27033747136592867,60870
0.7796342968940735,0.22036569118499755,30011
0.4106814503669739,0.5893185377120972,48029
0.45845006108284,0.5415499091148377,49277
0.36572285890579226,0.6342771291732788,72227
0.573058831691742,0.42694119811058046,73575
0.8824149250984192,0.11758505553007126,59129
0.48569248914718627,0.5143074989318848,13576
0.8855429887771606,0.11445704400539398,59484
0.8143899440765381,0.18561001718044282,69448
0.8195582389831543,0.1804417610168457,38217
0.13158480823040009,0.8684151649475098,13981
0.6352276563644409,0.3647723257541656,72318
0.2896937310695648,0.7103062510490418,22520
0.8387030959129333,0.16129691004753113,9159
0.7734117031097412,0.22658827602863313,41854
0.597141969203949,0.40285803079605104,62493
0.6114854574203491,0.3885145127773285,49237
0.6636245489120484,0.33637542724609376,13123
0.38128289580345154,0.6187171220779419,43339
0.4293038010597229,0.570696210861206,68257
0.54018132686615,0.4598186552524567,50859
0.13466821759939193,0.865331768989563,16197
0.5240074276924134,0.47599256634712217,66038
0.38364760875701903,0.6163523912429809,61962
0.500241357088089,0.4997586369514465,35697
0.3652812302112579,0.6347187638282776,18653
0.46062747836112977,0.5393725097179413,874
0.3146309554576874,0.6853690266609191,17253
0.20346852838993074,0.7965314865112305,27486
0.5476388931274414,0.45236110091209414,16671
0.7202767133712769,0.2797232687473297,72196
0.24945830106735228,0.7505416870117188,65329
0.40462254285812377,0.5953774333000184,56995
0.6336595892906189,0.3663403809070587,50634
0.7674386262893677,0.23256136775016784,25448
0.5987244725227356,0.4012755036354065,65300
0.3442993700504303,0.6557006359100341,38225
0.41764686703681947,0.5823531150817871,51849
0.509469735622406,0.49053027033805846,4982
0.8747984528541565,0.12520155161619187,20697
0.6751088738441468,0.32489109635353086,7326
0.10445820391178132,0.8955417990684509,74086
0.5807496309280396,0.419250351190567,55545
0.664484179019928,0.33551581501960753,44394
0.5974012851715088,0.40259872674942015,6391
0.8608945965766907,0.13910539895296098,34293
0.659946346282959,0.340053653717041,3977
0.5067497193813324,0.4932502627372742,57815
0.6534260749816895,0.34657389521598814,3117
0.7121037244796753,0.2878962755203247,32509
0.7510918974876404,0.2489081084728241,22625
0.139592345058918,0.8604076385498047,42375
0.28282007575035095,0.7171799540519714,18426
0.5336801409721375,0.4663198232650757,17181
0.5920364022254944,0.40796363949775694,35281
0.3076781272888184,0.6923218727111816,14935
0.5803361654281616,0.41966387033462527,19154
0.25070212185382845,0.749297845363617,14024
0.525511360168457,0.474488639831543,61282
0.35123761296272277,0.6487623810768127,73529
0.7568620562553405,0.24313798248767854,23894
0.37122446298599243,0.6287755250930787,13558
0.12174757719039916,0.8782524466514587,23544
0.13566871285438536,0.8643313050270081,4830
0.599277138710022,0.4007228434085846,69141
0.5368005156517028,0.4631994545459747,63559
0.4275601089000702,0.5724398732185364,38275
0.0809535637497902,0.9190464377403259,44432
0.43043273091316225,0.5695672512054444,31570
0.6955862045288086,0.3044138252735138,61820
0.16837870478630065,0.8316212892532349,32944
0.5724726676940918,0.4275273382663727,33568
0.5166836380958557,0.48331636786460874,6498
0.6360124588012696,0.3639875650405884,60712
0.20546371340751649,0.7945362448692321,41890
0.3375037372112274,0.6624962568283081,64583
0.38097604513168337,0.6190239429473877,33112
0.11223407685756684,0.8877659678459168,18251
0.16285188496112823,0.837148118019104,17368
0.8804604053497315,0.11953959316015243,35888
0.4067835330963135,0.5932164788246155,39295
0.8969620943069458,0.10303791910409928,20569
0.5532749176025391,0.4467250883579254,11462
0.690038537979126,0.30996147990226747,37955
0.5773966312408447,0.4226034104824066,34801
0.2227874517440796,0.7772125482559205,36816
0.21629462242126465,0.7837053894996643,61363
0.5938122630119324,0.40618775486946107,2868
0.1369723528623581,0.8630276322364807,15277
0.906348705291748,0.0936513215303421,6298
0.5082345068454742,0.4917655110359192,53031
0.18405735194683076,0.815942645072937,30664
0.521193677186966,0.4788063168525696,55567
0.7179960608482361,0.2820039242506027,31904
0.31746846437454224,0.6825315117835998,42921
0.22017266154289244,0.7798273444175721,45011
0.7693549752235412,0.23064502477645873,20507
0.47166137099266053,0.528338634967804,58846
0.5240178287029267,0.47598214745521544,29507
0.7724063873291016,0.2275935709476471,66328
0.5522967100143432,0.44770331382751466,24914
0.08862269967794419,0.9113773226737976,44275
0.7901921510696411,0.2098078817129135,21233
0.45836393237113954,0.541636061668396,3180
0.910620367527008,0.08937961310148239,62132
0.5037090897560119,0.49629089832305906,42296
0.2480059027671814,0.7519940853118896,57309
0.6888157248497009,0.311184287071228,3914
0.2489805817604065,0.7510194063186646,26232
0.5563913226127625,0.4436086595058441,20276
0.8977167010307312,0.10228329300880432,10242
0.34992257952690126,0.6500774264335633,966
0.6007532715797425,0.39924673438072206,45513
0.5141480505466461,0.48585194945335386,41916
0.47043377161026,0.5295661926269531,13460
0.7332351803779602,0.26676478385925295,35480
0.7104180932044983,0.2895818710327148,60953
0.17399707436561584,0.8260029196739197,25066
0.5327497124671936,0.46725032925605775,60880
0.6019290566444397,0.3980709433555603,62842
0.37476152181625366,0.6252385020256043,927
0.11218977570533753,0.8878102421760559,69228
0.5144461929798126,0.48555376529693606,2642
0.4196985483169556,0.5803014636039734,24951
0.8675075531005859,0.13249245136976243,36767
0.6891782999038696,0.310821670293808,29567
0.8141111254692077,0.18588885068893432,69189
0.8120018839836121,0.18799811005592346,9583
0.2762982904911041,0.7237017154693604,7396
0.5871322989463806,0.41286771893501284,61455
0.8573314189910889,0.14266856610774994,3474
0.8620328426361084,0.13796717524528504,32190
0.658279824256897,0.34172017574310304,15767
0.3619722604751587,0.6380277276039124,11836
0.21691465377807617,0.7830853581428527,11944
0.6974337339401245,0.3025662362575531,41688
0.7146038889884949,0.2853960871696472,28090
0.10994012802839279,0.8900598764419556,48305
0.8435815453529358,0.15641844570636748,11981
0.7350800037384033,0.2649200052022934,47829
0.39581445455551145,0.6041855454444885,33487
0.5354491233825683,0.4645508885383606,955
0.33158482909202575,0.6684151291847229,41203
0.06364720240235329,0.9363527894020081,6920
0.6711540579795837,0.3288459420204163,35107
0.6821054697036744,0.3178945243358612,6873
0.8320184707641601,0.1679815798997879,54988
0.7228784322738647,0.2771215558052063,47726
0.25593901574611666,0.7440609812736512,73645
0.10474533587694168,0.895254623889923,71019
0.42931737303733825,0.5706826210021972,53966
0.31274832487106324,0.6872516989707946,30300
0.3507286012172699,0.6492714047431946,61433
0.8656042337417602,0.1343957856297493,70523
0.1776192843914032,0.8223807692527771,70574
0.18965077996253968,0.810349190235138,38146
0.19816645085811616,0.8018335580825806,50653
0.47650591731071473,0.5234940648078918,21770
0.12940812855958939,0.8705918669700623,45556
0.6536080479621887,0.34639195203781126,44715
0.31939252018928527,0.6806074857711792,70220
0.47303167581558225,0.5269683420658111,68199
0.48990875482559204,0.5100912570953369,70922
0.3072563409805298,0.6927436470985413,6071
0.5647175908088684,0.43528240323066714,36360
0.7293226838111877,0.27067733407020567,35477
0.38659330606460574,0.6134066939353943,9872
0.4213335573673248,0.5786664724349976,38961
0.23446014821529387,0.7655398607254028,29625
0.22982259094715118,0.7701773881912232,19784
0.6377268314361573,0.3622731864452362,23586
0.4346892237663269,0.5653107762336731,74245
0.5756423950195313,0.42435759902000425,54126
0.37838551998138426,0.6216144680976867,12336
0.3024066686630249,0.6975933194160462,54247
0.2532069832086563,0.746793019771576,32198
0.3036794900894165,0.6963205337524414,46917
0.10574683398008347,0.8942531466484069,64853
0.3794539511203766,0.6205460786819458,63132
0.6869642734527588,0.31303571462631224,26333
0.5788824439048768,0.4211175560951233,10577
0.8456901788711548,0.1543097972869873,46885
0.5288463830947876,0.47115360498428344,7616
0.33723015189170835,0.6627698183059693,49619
0.566599452495575,0.43340054154396057,40927
0.3668438374996185,0.6331561923027038,7391
0.6825236439704895,0.317476361989975,53264
0.2780120253562927,0.7219879746437072,15484
0.3585068345069885,0.6414931654930115,11646
0.7942728996276855,0.20572711825370787,67863
0.3241229236125946,0.6758770823478699,28746
0.2260216146707535,0.7739784121513367,52047
0.2158900737762451,0.7841099381446839,14001
0.652892279624939,0.34710771441459654,64470
0.38680779337883,0.6131922125816345,6598
0.6221831202507019,0.3778168559074402,53339
0.534940093755722,0.46505988240242,35155
0.28587076663970945,0.7141292333602905,9794
0.6348451972007751,0.3651547968387604,17038
0.5556773543357849,0.444322669506073,15715
0.3338906764984131,0.6661093235015869,23812
0.5458388328552246,0.45416117310523985,9385
0.7453286409378052,0.25467135906219485,44861
0.5587577223777771,0.4412423074245453,42117
0.6041743159294128,0.39582565426826477,10128
0.47486756443977357,0.5251324594020843,28827
0.92801513671875,0.07198487222194672,47640
0.4553783476352692,0.5446216702461243,6552
0.48213791847229004,0.5178620755672455,22200
0.36031049489974976,0.6396895170211792,31373
0.8558998823165893,0.14410013258457183,49067
0.25848366022109986,0.7415163278579712,33930
0.15041517615318298,0.8495848178863525,32799
0.1877384215593338,0.8122615814208984,16413
0.8486645936965942,0.15133538842201233,12509
0.22354301810264587,0.7764569640159606,55899
0.16899216175079346,0.8310078144073486,30469
0.5506290912628173,0.449370926618576,45360
0.1536317676305771,0.8463682293891907,60623
0.5351072907447815,0.4648927330970764,43514
0.10445211231708526,0.8955479025840759,18603
0.10504060834646226,0.8949593663215637,5780
0.43456692695617677,0.5654330372810363,66409
0.34717275500297545,0.65282723903656,56256
0.8056836605072022,0.19431633055210112,36067
0.1802820920944214,0.8197179079055786,10409
0.854300343990326,0.14569967836141587,21851
0.24493075013160706,0.7550692439079285,21082
0.6719229340553283,0.32807707190513613,73646
0.44782779216766355,0.5521721959114074,51110
0.4740119338035583,0.5259880661964417,64459
0.5283583641052246,0.47164162397384646,20062
0.13834191262722015,0.8616581082344055,32839
0.7875900506973267,0.21240991353988647,27226
0.5680114507675171,0.431988525390625,43888
0.43087937235832213,0.5691206216812134,70207
0.07583370283246041,0.9241663217544556,62130
0.19446429014205932,0.8055356860160827,33852
0.5440646767616272,0.4559353232383728,46343
0.8735158681869507,0.1264841616153717,40989
0.1522217333316803,0.8477782487869263,59948
0.7024671554565429,0.297532856464386,47713
0.28730507493019103,0.7126949429512024,71640
0.5980369091033936,0.4019630789756775,29314
0.47744372487068176,0.5225562810897827,27301
0.5503370881080627,0.4496628940105438,69887
0.496811705827713,0.5031883001327515,37798
0.7484612822532654,0.25153868794441225,32245
0.31067214608192445,0.689327847957611,14609
0.5482254981994629,0.4517745316028595,53055
0.23112057745456696,0.7688794136047363,48503
0.5008970260620117,0.4991029679775238,71468
0.3194973707199097,0.6805026173591614,55054
0.44269947409629823,0.5573005318641663,22022
0.4635097861289978,0.5364902377128601,51652
0.6339357972145081,0.36606420278549195,47080
0.2621695280075073,0.7378304600715637,39304
0.6581903457641601,0.34180964827537536,4781
0.4356447696685791,0.564355218410492,7340
0.8402937173843383,0.15970627963542938,48611
0.6658257365226745,0.33417423367500304,18029
0.3004948437213898,0.6995051503181458,1411
0.48246626257896424,0.5175337314605712,10987
0.42063556909561156,0.5793644428253174,68408
0.6044842839241028,0.3955157160758972,4188
0.549661111831665,0.45033888816833495,37029
0.45342792868614196,0.5465720534324646,33017
0.27354033589363097,0.7264596819877625,7983
0.9655041337013245,0.034495871141552926,63247
0.8446440458297729,0.15535593032836914,13944
0.10565715283155441,0.8943428635597229,46597
0.4362680673599243,0.5637319445610046,29511
0.8565131664276123,0.14348681569099425,60299
0.29542174339294436,0.7045782685279847,64193
0.8086297750473023,0.1913702219724655,38404
0.3617514371871948,0.6382485508918763,38804
0.2623498648405075,0.7376501083374023,27631
0.8914991736412048,0.10850081443786622,41467
0.7866100072860718,0.21338998675346374,57148
0.779145884513855,0.22085411846637726,48596
0.5989616394042969,0.4010383188724518,70238
0.32337363362312316,0.6766263723373414,23620
0.1901620954275131,0.8098379135131836,4049
0.2882644057273865,0.7117356061935425,10304
0.6247589349746704,0.3752410650253296,26133
0.47936142086982725,0.5206385731697083,25972
0.6753636360168457,0.3246363937854767,33535
0.8135871887207031,0.18641282021999359,15976
0.878572154045105,0.12142787873744965,31266
0.5159714579582214,0.4840285420417786,21724
0.17054858505725862,0.8294514298439026,19640
0.7195019364356995,0.2804980635643005,34565
0.1036717563867569,0.8963282227516174,12234
0.546778404712677,0.45322160720825194,10574
0.30124672651290896,0.698753273487091,25710
0.3493598818778992,0.6506401419639587,34464
0.30352956652641294,0.6964704275131226,39807
0.27765161395072935,0.7223483681678772,27233
0.1473863959312439,0.8526135683059692,26020
0.8890641808509827,0.11093581467866898,14305
0.6161533236503601,0.3838467001914978,57236
0.548780107498169,0.4512199103832245,52296
0.5671126365661621,0.4328873693943024,61651
0.40779281258583067,0.5922071933746338,29790
0.40579805374145506,0.5942019701004029,72076
0.1590455174446106,0.8409544706344605,40547
0.11339808255434036,0.8866019248962402,932
0.47535239458084105,0.5246476173400879,31181
0.6021968245506286,0.3978031873703003,29065
0.7115040183067322,0.2884959697723389,13672
0.8029927015304565,0.19700730144977568,28906
0.09652934223413467,0.9034706592559815,62096
0.4981962382793427,0.501803743839264,19275
0.47863752841949464,0.5213624596595764,53763
0.6928076386451721,0.30719234347343444,66511
0.6845878005027771,0.3154122233390808,34938
0.7759219169616699,0.22407808303833007,46297
0.6542423605918884,0.345757657289505,34650
0.4169537961483002,0.5830461978912354,51363
0.5732441306114197,0.42675586342811583,71009
0.6333566188812256,0.366643363237381,32410
0.13546522855758666,0.8645347833633423,35497
0.7458724975585938,0.2541274905204773,55296
0.6311656951904296,0.36883431673049927,32630
0.27618820667266847,0.7238117933273316,67756
0.5007781982421875,0.49922179579734804,17527
0.22568085491657258,0.7743191599845887,23434
0.61194828748703,0.3880517303943634,2606
0.5973579525947571,0.4026420474052429,28446
0.8031852841377258,0.19681472480297088,54095
0.3157297015190125,0.6842702865600586,68356
0.4803123831748962,0.5196876287460327,49111
0.5031529664993286,0.49684699773788454,63855
0.4281416177749634,0.5718584060668945,4501
0.8262275576591491,0.1737724393606186,51257
0.44391119480133057,0.5560888051986694,5368
0.5609323978424072,0.4390676200389862,71287
0.6953647851943969,0.304635226726532,72190
0.5664722681045532,0.43352773785591125,60212
0.7636454820632934,0.2363545000553131,38081
0.8557505965232849,0.14424942135810853,59751
0.47632473707199097,0.5236752271652222,9790
0.7126045823097229,0.2873953878879547,22109
0.6498769640922546,0.3501230597496033,15119
0.405471408367157,0.5945285797119141,53675
0.7060775995254517,0.29392237067222593,52609
0.8932512760162353,0.10674871504306793,25416
0.5258568167686463,0.4741431713104248,68645
0.8578913450241089,0.14210863113403321,27292
0.14213689267635346,0.8578631162643433,55452
0.6673705458641053,0.3326294481754303,46195
0.3572159826755524,0.642784059047699,34260
0.2618945509195328,0.7381054759025574,31333
0.521255898475647,0.47874410152435304,59848
0.27823405861854555,0.7217659592628479,19219
0.6269435405731201,0.37305649518966677,58768
0.26214695572853086,0.7378530502319336,2146
0.8364055156707764,0.16359449028968812,18480
0.20055533051490784,0.7994446873664856,13946
0.667950439453125,0.3320495545864105,40320
0.5502889633178711,0.4497110605239868,21852
0.7045093178749084,0.2954907059669495,41437
0.8396629214286804,0.16033706665039063,25125
0.4685685753822327,0.5314314246177674,11717
0.5018831431865692,0.4981168508529663,23270
0.08008515387773514,0.9199148416519165,60678
0.38673736453056334,0.6132626175880432,49419
0.2816274404525757,0.7183725714683533,42122
0.6121073722839355,0.3878926157951355,2315
0.18657270073890686,0.8134273052215576,44762
0.7348881721496582,0.26511184573173524,72604
0.5989312052726745,0.401068788766861,19664
0.2308701306581497,0.7691298604011536,13864
0.6720044612884521,0.3279955327510834,4169
0.5563635945320129,0.4436363816261292,63517
0.3453087449073792,0.6546912550926208,43876
0.871896231174469,0.1281037837266922,9977
0.8462467193603516,0.15375326573848724,2234
0.6777968764305115,0.32220312356948855,21791
0.8952096939086914,0.10479032248258591,29510
0.6158210039138794,0.38417899012565615,64253
0.6177814483642579,0.3822185456752777,33682
0.1859327107667923,0.8140673041343689,31199
0.09696233123540879,0.9030376434326172,25768
0.5712573409080506,0.4287426471710205,33049
0.2754031538963318,0.7245968341827392,65967
0.7782882928848267,0.22171173393726348,65037
0.6077305197715759,0.3922694742679596,3084
0.8399637460708618,0.16003625392913817,73242
0.3693598806858063,0.6306401133537293,71828
0.33756495714187623,0.6624350547790527,50739
0.409962397813797,0.5900376319885254,55705
0.675014853477478,0.32498515844345094,68192
0.6931398630142211,0.30686016082763673,41583
0.24681954681873322,0.7531804800033569,57417
0.7548551917076111,0.2451448142528534,21213
0.8874290704727172,0.11257092505693436,53881
0.26136477291584015,0.738635241985321,72891
0.08174432069063187,0.9182556986808776,59061
0.8087797403335572,0.19122025966644288,67539
0.22952315509319304,0.7704768419265747,22827
0.378686660528183,0.6213133692741394,51472
0.2429117292165756,0.7570882558822631,68022
0.7792988300323487,0.2207011491060257,24041
0.3441502094268799,0.6558498024940491,68494
0.270471864938736,0.7295281171798706,73962
0.7169303655624389,0.28306963443756106,53843
0.19024454951286315,0.8097554564476013,32132
0.3249077141284943,0.6750922679901123,69006
0.27871477603912354,0.7212852120399476,21026
0.8011755824089051,0.1988244414329529,67720
0.5138391554355621,0.48616084456443787,61979
0.8324504733085633,0.16754953265190126,17137
0.500775295495987,0.49922469854354856,29887
0.7158658146858216,0.2841342031955719,31081
0.3585833489894867,0.6414166450500488,34948
0.7415578961372375,0.25844211876392365,69445
0.8966471791267395,0.10335283428430557,30813
0.17359342575073242,0.8264065861701966,67577
0.5769561052322387,0.42304388880729676,110
0.8511016249656678,0.1488983929157257,61187
0.39348424673080445,0.6065157413482666,22039
0.8233481168746948,0.17665185630321503,42182
0.6325191617012024,0.3674808621406555,6992
0.28695300221443176,0.7130470156669617,28525
0.3033348202705383,0.6966651797294616,60070
0.34218255877494813,0.6578174352645874,68882
0.7661855340003967,0.23381446897983552,32274
0.8534799456596375,0.14652003943920136,43712
0.5237164616584777,0.4762835204601288,63652
0.909130311012268,0.09086968302726746,55024
0.27688499689102175,0.7231150150299073,52316
0.7957690119743347,0.20423103272914886,6991
0.7782637357711792,0.2217362642288208,60800
0.1794220358133316,0.8205779671669007,70399
0.6023505687713623,0.39764941930770875,1297
0.3526888847351074,0.6473110914230347,71240
0.680528974533081,0.31947104930877684,30259
0.30605350732803344,0.6939464807510376,64000
0.710672128200531,0.28932787775993346,12631
0.2237601637840271,0.7762398362159729,41500
0.6917932152748107,0.3082068026065826,58080
0.2951678097248077,0.7048322081565856,40723
0.5946575045585633,0.4053425192832947,72174
0.4911794066429138,0.5088206052780151,62357
0.2466052532196045,0.7533947706222535,59160
0.23801774084568023,0.7619822382926941,222
0.7683123588562012,0.23168766796588897,72873
0.271073055267334,0.728926956653595,42350
0.7895183205604553,0.21048167645931243,55200
0.8091924667358399,0.190807569026947,4581
0.8600269436836243,0.1399730533361435,32412
0.5716973066329956,0.42830268740653993,57334
0.5511544466018676,0.44884552955627444,65858
0.518584144115448,0.4814158320426941,64933
0.17694887518882751,0.8230511307716369,65633
0.6986048698425293,0.30139514803886414,35382
0.37491458654403687,0.625085425376892,42094
0.5056775450706482,0.4943224430084229,16813
0.11578783094882965,0.8842121481895446,71234
0.6355248689651489,0.3644751012325287,7202
0.4913321554660797,0.5086678624153137,34139
0.3140579581260681,0.6859420657157898,67336
0.3185694694519043,0.6814305305480957,40590
0.635214114189148,0.3647859215736389,68246
0.636382257938385,0.36361772418022154,67311
0.6797947764396668,0.3202052414417267,56317
0.47336814403533933,0.5266318559646607,62190
0.5848327875137329,0.4151672422885895,73673
0.8974115252494812,0.1025884985923767,13936
0.5932257175445557,0.40677427053451537,50250
0.2097449779510498,0.7902550101280212,70432
0.4382882475852966,0.5617117285728455,12534
0.4692611753940582,0.5307388186454773,19270
0.8214827537536621,0.1785172313451767,53065
0.6121508598327636,0.38784914612770083,26689
0.44309644103050233,0.5569035649299622,59674
0.11606629937887192,0.883933675289154,28465
0.7120918393135071,0.28790816068649294,65805
0.5517480134963989,0.4482519686222076,2073
0.43794630765914916,0.5620537042617798,37408
0.2686677098274231,0.7313323140144348,1957
0.315590912103653,0.6844090938568115,13652
0.6264716982841492,0.3735283076763153,18388
0.9411603450775147,0.05883962884545326,57957
0.6592398047447204,0.34076018929481505,21134
0.42668259143829346,0.5733174085617065,2916
0.5959784269332886,0.4040215790271759,30164
0.4895825147628784,0.5104174613952637,19856
0.6147584438323974,0.38524158000946046,53191
0.29033455848693845,0.7096654295921325,47601
0.30449016094207765,0.6955098509788513,58057
0.47573126554489137,0.5242687284946441,48100
0.7747208833694458,0.2252790868282318,59542
0.24344418048858643,0.7565558314323425,57870
0.6164363980293274,0.3835635781288147,45305
0.7841780185699463,0.215821972489357,51385
0.4784763216972351,0.5215236783027649,57315
0.4787126839160919,0.521287328004837,22802
0.4238888382911682,0.5761111617088318,43577
0.42045101523399353,0.5795490264892578,49799
0.5386022448539733,0.4613977611064911,52192
0.38790410161018374,0.6120959043502807,35943
0.45628491044044495,0.5437150716781616,69955
0.6560385346412658,0.34396145343780515,38825
0.7895156502723694,0.2104843318462372,34719
0.4334670305252075,0.5665329813957214,72599
0.6785916447639465,0.3214083671569824,26117
0.4500985980033875,0.5499014139175415,30547
0.6777297496795655,0.32227025032043455,62473
0.27044029235839845,0.7295596837997437,52241
0.3886676788330078,0.6113322973251343,38466
0.9050977230072021,0.09490227401256561,50942
0.6235466957092285,0.376453298330307,28853
0.22966353297233583,0.7703364610671997,34587
0.11938946843147277,0.8806105256080627,70955
0.382539701461792,0.617460310459137,16090
0.4783534944057465,0.521646523475647,59342
0.23085044026374818,0.7691495656967163,61811
0.8070021271705627,0.19299785792827606,43707
0.4662355124950409,0.5337644696235657,69344
0.5948718309402465,0.405128139257431,70536
0.7637011051177979,0.2362988829612732,26819
0.18197930455207825,0.8180206656455994,10603
0.4822837233543396,0.5177163064479828,3429
0.4892876386642456,0.5107123494148255,28752
0.5093936264514923,0.4906063795089722,67697
0.6873558044433594,0.3126442015171051,58564
0.5983786344528198,0.4016213655471802,23304
0.47771695256233215,0.5222830414772034,17390
0.27110208868980407,0.7288979291915894,39815
0.5346748232841492,0.46532514691352844,67530
0.5930260181427002,0.40697396397590635,13973
0.2767106592655182,0.7232893466949463,64136
0.1461491048336029,0.8538509011268616,55551
0.7867029905319214,0.21329700350761413,41609
0.8451297521591187,0.15487025380134584,4978
0.2265424519777298,0.7734575390815734,38877
0.411158150434494,0.5888418316841125,21001
0.4870602548122406,0.5129397511482239,67194
0.787870442867279,0.2121295750141144,40481
0.7622058510780334,0.23779414594173431,67256
0.47967261672019956,0.5203273832798004,4520
0.8637719869613647,0.13622801303863524,8248
0.6559118270874024,0.34408814907073976,63775
0.10719897150993347,0.8928009986877441,63497
0.8630215525627136,0.13697845339775086,62209
0.6927903413772583,0.30720965266227723,19247
0.1951546251773834,0.8048454046249389,7206
0.52497199177742,0.475027984380722,4880
0.3096781849861145,0.6903218150138855,30513
0.3688028812408447,0.6311970949172974,28166
0.5788784146308898,0.42112159729003906,65214
0.3702080488204956,0.6297919631004334,63592
0.3318458259105682,0.6681541919708252,17150
0.24345922470092773,0.7565407633781434,4052
0.44086679220199587,0.5591331839561462,11257
0.363239997625351,0.6367600321769714,60672
0.23362607955932618,0.7663739562034607,31027
0.48816490173339844,0.5118350863456727,13813
0.4814396440982819,0.5185603439807892,71566
0.5810208201408387,0.41897915601730346,9204
0.3632034003734589,0.6367965936660767,61260
0.23323882818222047,0.7667611837387085,37036
0.21528881490230561,0.784711217880249,2900
0.5172430336475372,0.4827569484710693,15664
0.5885773777961731,0.4114226222038269,69136
0.7600776314735412,0.239922371506691,5229
0.24844637811183928,0.7515536189079285,50557
0.16697688698768615,0.8330231070518493,54953
0.5262406587600708,0.4737593173980713,28617
0.07697758227586746,0.9230224132537842,40406
0.2536509484052658,0.746349036693573,45632
0.528719687461853,0.4712803304195404,44082
0.9070215106010437,0.09297849237918854,27784
0.6836138486862182,0.31638617515563966,44326
0.48901960253715515,0.5109803795814514,45281
0.5480515122413635,0.4519485056400299,30187
0.4547558307647705,0.5452441573143005,68201
0.642092227935791,0.357907772064209,68371
0.343136727809906,0.6568632245063781,61909
0.7356552124023438,0.2643447667360306,51000
0.6072098851203919,0.3927901089191437,30390
0.4682374060153961,0.5317625880241394,32788
0.9219705820083618,0.07802942246198655,62546
0.2700585126876831,0.729941463470459,60910
0.4235180139541626,0.5764819860458374,59579
0.8193861603736877,0.18061385154724122,63022
0.6261695623397827,0.3738304615020752,27271
0.14057165682315825,0.859428346157074,44727
0.6071587204933167,0.3928412735462189,69824
0.40475221276283263,0.5952477812767029,55945
0.5359806418418884,0.4640193581581116,40818
0.20958520770072936,0.7904148101806641,46358
0.16496890783309937,0.8350311160087586,22202
0.3488832712173462,0.6511167287826538,52474
0.7155277371406555,0.2844722747802734,3571
0.4549718201160431,0.5450281739234925,58555
0.37309492826461793,0.6269050478935242,38874
0.6382697582244873,0.36173022985458375,2956
0.08039987236261367,0.9196001291275024,55336
0.5787331342697144,0.4212668418884277,42335
0.5463269352912903,0.45367302298545836,8122
0.7389184713363648,0.26108152270317075,16112
0.8005142092704773,0.19948578476905823,69560
0.1673294335603714,0.8326705813407898,43116
0.21892722249031066,0.7810727477073669,23390
0.12165954262018204,0.8783404707908631,29208
0.5820611000061036,0.41793885827064514,9595
0.5391723871231079,0.4608276128768921,68983
0.49443609118461607,0.5055638790130615,17835
0.9243162512779236,0.0756837472319603,58375
0.494804710149765,0.5051953077316285,32343
0.6216164588928222,0.37838353514671325,72694
0.41971501111984255,0.5802849769592285,61165
0.8873990774154663,0.11260091066360474,18819
0.1641062468290329,0.8358937501907349,24474
0.22719196677207948,0.772808027267456,28593
0.4578536689281464,0.5421463251113892,71538
0.4738918006420135,0.5261082053184509,63275
0.6978062510490417,0.3021937608718872,41868
0.24765922129154205,0.7523407816886902,17090
0.5922359466552735,0.4077640473842621,51976
0.4717335343360901,0.528266453742981,70434
0.4423094570636749,0.5576905131340026,54403
0.24840793907642364,0.7515920639038086,69744
0.8605607867240905,0.1394392117857933,59337
0.4479845464229584,0.5520154356956481,44763
0.6340633630752563,0.36593663692474365,28840
0.7597427248954773,0.24025727510452272,50821
0.7684354305267334,0.23156458139419556,46887
0.2914918839931488,0.7085080981254578,42888
0.3245215654373169,0.6754784464836121,10181
0.7533077836036682,0.246692231297493,5659
0.4547006905078888,0.5452993035316467,47312
0.6777529954910279,0.32224697470664976,25997
0.6837713837623596,0.3162286102771759,8515
0.8886992692947387,0.11130075007677079,33079
0.6969287753105163,0.3030712366104126,453
0.2442701905965805,0.7557298183441162,43038
0.2283892571926117,0.7716107368469238,10841
0.6388365149497985,0.36116347908973695,63968
0.569243597984314,0.43075640201568605,53716
0.9212042212486267,0.07879578918218613,57863
0.5131981372833252,0.48680185079574584,36922
0.5263416409492493,0.4736583650112152,66222
0.5216678142547607,0.4783321738243103,58025
0.6836439609527588,0.31635605096817015,33665
0.5743861317634582,0.4256138801574707,431
0.7985640287399292,0.20143601000308992,28579
0.3923918604850769,0.6076081395149231,22783
0.3400146484375,0.6599853515625,57361
0.41386874914169314,0.5861312508583069,8197
0.6720214009284973,0.32797862887382506,9995
0.5494215965270997,0.4505784034729004,49783
0.6849073886871337,0.31509259939193723,9795
0.15982919335365295,0.8401708245277405,29801
0.641505753993988,0.35849425196647644,40261
0.24849953651428222,0.7515004754066468,31815
0.5734414935112,0.426558518409729,13725
0.736923897266388,0.2630761116743088,11266
0.5234844505786895,0.4765155494213104,69996
0.5771569967269897,0.4228430151939392,63348
0.7931181073188782,0.2068818688392639,40266
0.6919387817382813,0.3080612123012543,34576
0.5663523316383362,0.4336476445198059,53695
0.3074578821659088,0.6925421237945557,42816
0.4249542891979218,0.5750457167625427,37308
0.10206974744796753,0.8979302763938903,269
0.35791690945625304,0.6420830845832824,9481
0.5836477041244507,0.41635227799415586,49911
0.45594974756240847,0.5440502762794495,45325
0.47035776972770693,0.5296422362327575,63158
0.5834802150726318,0.41651976108551025,40969
0.5524417042732239,0.4475582778453827,5195
0.11081122010946273,0.889188802242279,13469
0.821169400215149,0.1788306027650833,43128
0.2929992526769638,0.7070007205009461,9511
0.33438647389411924,0.6656135559082031,47494
0.6584635734558105,0.34153643250465393,23210
0.6241475462913513,0.3758524596691132,8669
0.9430822610855103,0.056917740404605864,60770
0.3100757598876953,0.6899242281913758,4449
0.7147262215614318,0.2852737784385681,65906
0.37229562401771543,0.6277043938636779,33795
0.46520880460739134,0.5347911834716796,69009
0.2916121780872345,0.708387804031372,61367
0.7195060014724731,0.2804940104484558,69568
0.6848212361335755,0.31517874002456664,21946
0.3874823570251465,0.6125176787376404,54871
0.5424017190933228,0.45759825110435487,30439
0.29074484705924986,0.7092551350593567,9632
0.8720599770545959,0.12794001698493956,34984
0.18094830214977264,0.8190516829490662,66612
0.5249710798263549,0.4750289022922516,64235
0.60460284948349,0.3953971266746521,38168
0.43380284309387207,0.5661971807479859,29562
0.6539011240005493,0.3460988700389862,9627
0.750486421585083,0.24951357543468475,25816
0.48848406672477723,0.5115159511566162,20475
0.40230330228805544,0.5976966977119446,60650
0.3266529619693756,0.6733470320701599,39203
0.5028627455234528,0.4971372544765472,39775
0.7279984951019287,0.27200149893760683,42261
0.7635539650917054,0.2364460289478302,35232
0.4974824130535126,0.502517569065094,72316
0.8013747334480286,0.19862523376941682,24036
0.6602482438087464,0.33975179195404054,53697
0.45083542466163634,0.549164605140686,42164
0.496489155292511,0.5035108745098114,10431
0.7961472392082214,0.20385275781154633,44874
0.8248553037643432,0.1751446932554245,4087
0.6760453462600708,0.32395468950271605,33494
0.5960011959075928,0.4039988279342651,20067
0.3089268684387207,0.6910731077194214,74260
0.2480939209461212,0.7519060969352722,70297
0.4795423150062561,0.5204576849937439,62704
0.6798561573028564,0.32014381885528564,59215
0.4457251012325287,0.5542748808860779,48987
0.7815001130104064,0.21849991083145143,4005
0.9073289036750793,0.09267110377550125,35923
0.6742638230323792,0.32573617696762086,2508
0.3485491394996643,0.6514509081840515,71891
0.4377938687801361,0.5622061252593994,28620
0.5849923968315125,0.415007621049881,19829
0.7780960917472839,0.2219038724899292,32031
0.7408183217048645,0.25918168425559995,37087
0.6809952259063721,0.3190047562122345,31518
0.7152387857437134,0.28476120829582213,10928
0.5879656553268433,0.41203433871269224,44665
0.35608671307563783,0.6439133286476135,24264
0.517136526107788,0.48286348581314087,40863
0.2323296219110489,0.7676704168319702,64991
0.17817996740341185,0.8218200445175171,65224
0.811789584159851,0.18821041882038117,1046
0.8111995220184326,0.18880046606063844,12457
0.17795145213603974,0.822048568725586,38538
0.7499941706657409,0.2500058561563492,51625
0.5851796388626098,0.414820396900177,48854
0.42662973403930665,0.5733703017234802,65318
0.13259984254837037,0.8674001574516297,13663
0.2721714794635773,0.7278285145759582,11734
0.7103790044784546,0.2896209955215454,30815
0.8100032448768616,0.18999676704406737,3836
0.5142479836940765,0.48575202822685243,61576
0.31934146881103515,0.6806585311889648,9958
0.4542780339717865,0.5457219362258912,68887
0.5344397187232971,0.46556031703948975,28333
0.4322279989719391,0.5677719831466674,53938
0.4093280017375946,0.5906720161437988,61592
0.7855071783065796,0.2144928127527237,34837
0.4464178681373596,0.5535821437835693,1622
0.32939560413360597,0.6706043958663941,20907
0.28831547498703003,0.71168452501297,9607
0.3701488494873047,0.6298511266708374,17445
0.8456567049026489,0.15434329509735106,6528
0.2881170630455017,0.7118829488754272,12869
0.7113245844841003,0.28867541551589965,24258
0.5506523966789245,0.44934760332107543,25071
0.8989985942840576,0.10100137293338776,20407
0.4509739577770233,0.5490260243415832,56751
0.41938971877098086,0.5806102871894836,31379
0.4666599214076996,0.533340060710907,51663
0.4949281334877014,0.5050718545913696,17555
0.6805908679962158,0.31940914392471315,19239
0.6470541000366211,0.3529458999633789,64220
0.3281973659992218,0.6718026638031006,27581
0.244578218460083,0.7554217934608459,50579
0.3679909348487854,0.6320090770721436,19195
0.5755385875701904,0.4244614064693451,343
0.6755008101463318,0.32449917793273925,37988
0.2892798662185669,0.7107201099395752,65255
0.589668869972229,0.4103311479091644,941
0.3025892436504364,0.6974107623100281,58765
0.26174352169036863,0.7382564902305603,69646
0.19261683523654938,0.807383143901825,22962
0.42926145195960996,0.5707385659217834,4615
0.3408178389072418,0.6591821432113647,57192
0.25471261143684387,0.7452873826026917,3874
0.48411970734596255,0.515880286693573,2089
0.45400304198265073,0.5459969639778137,71563
0.6448004841804504,0.35519951581954956,617
0.11396249830722809,0.886037540435791,70412
0.1341419607400894,0.8658580541610718,71803
0.8713106870651245,0.128689306974411,61060
0.6057984232902527,0.3942015767097473,16064
0.5672043919563293,0.43279563188552855,4310
0.5237168192863464,0.4762832045555115,72137
0.5285227060317993,0.47147727608680723,41545
0.8222503423690796,0.17774965465068818,4013
0.47227277755737307,0.527727210521698,47009
0.6723054766654968,0.3276945173740387,21212
0.5980006694793701,0.40199933052062986,66634
0.49315680265426637,0.5068431913852691,32341
0.7505332350730896,0.24946677684783936,47386
0.9237337946891785,0.07626622468233109,51578
0.3952823579311371,0.6047176480293274,23530
0.22889139056205748,0.771108603477478,7738
0.7538704872131348,0.2461294949054718,23000
0.454876983165741,0.5451230406761169,64260
0.8384434580802917,0.16155655980110167,40941
0.2427262246608734,0.75727379322052,23972
0.7696905374526978,0.23030947744846345,11573
0.6675788760185242,0.3324211061000824,33174
0.33005294799804685,0.6699470520019531,23892
0.8279352426528931,0.17206475734710694,46583
0.47769373655319214,0.5223062753677368,10330
0.6456034421920777,0.3543965816497803,62689
0.9049672842025757,0.09503271132707596,52705
0.35033278465270995,0.64966721534729,5347
0.45408799648284914,0.5459120035171509,13180
0.6406998634338379,0.3593001484870911,54522
0.5836194038391114,0.4163805842399597,40257
0.6690166592597961,0.33098332285881044,52824
0.7009904384613037,0.29900955557823183,37541
0.2143891394138336,0.7856108546257019,31063
0.8384057521820069,0.16159426271915436,67993
0.40601142644882204,0.593988585472107,73565
0.5017989575862885,0.4982010066509247,15884
0.40726606249809266,0.5927339315414428,30410
0.877144992351532,0.12285498976707458,29111
0.4966662049293518,0.5033338129520416,40073
0.502949595451355,0.49705039262771605,21350
0.06667852103710174,0.9333214879035949,11497
0.4487657129764557,0.5512343049049377,56358
0.42744722962379456,0.572552752494812,58075
0.33145968317985536,0.6685403227806092,21274
0.8871618866920471,0.11283812671899796,57336
0.19473817050457,0.8052618265151977,15498
0.6418481826782226,0.3581518232822418,73410
0.44599598050117495,0.5540040254592895,42944
0.23024076521396636,0.7697592377662659,49559
0.5467160105705261,0.45328397750854493,14460
0.37529551386833193,0.6247045159339905,15113
0.9009762167930603,0.09902378022670746,5946
0.3885702908039093,0.6114297151565552,31976
0.5310873866081238,0.46891261339187623,69969
0.7358770608901978,0.26412294507026673,52915
0.2860527992248535,0.7139472126960754,58135
0.3503668963909149,0.6496331334114075,52065
0.8009474277496338,0.19905256927013398,61183
0.6081043004989624,0.3918956995010376,69950
0.2781614661216736,0.7218385457992553,13840
0.2791165053844452,0.7208834648132324,15819
0.7533420205116272,0.24665796756744385,54430
0.706379771232605,0.2936202347278595,12581
0.5607314705848694,0.43926852345466616,59703
0.6003548860549927,0.39964513182640077,12620
0.6865527391433716,0.3134472668170929,12826
0.46622315645217893,0.5337768197059631,24965
0.37747105956077576,0.6225289225578308,67175
0.3841924786567688,0.6158075213432312,40982
0.5215276062488556,0.4784724056720734,43236
0.5705233931541442,0.4294766068458557,41313
0.33065733313560486,0.6693426370620728,23018
0.2975781559944153,0.7024218559265136,17688
0.6048579454421997,0.39514203667640685,48837
0.4420027434825897,0.5579972505569458,23918
0.6616545081138611,0.3383454978466034,38771
0.7921416163444519,0.2078583925962448,23962
0.3177570283412933,0.6822429537773133,56621
0.40728843212127686,0.5927115678787231,15285
0.4292224645614624,0.5707775592803955,72161
0.6192097783088684,0.38079025149345397,43504
0.08859950453042983,0.9114004850387574,46188
0.5823032259941101,0.4176967978477478,68832
0.634021544456482,0.365978467464447,1171
0.5025988221168518,0.49740117192268374,30114
0.25767533779144286,0.7423246502876282,35149
0.4961988806724548,0.5038011133670807,7882
0.08312592655420303,0.9168740749359131,71724
0.8176671981811523,0.18233277201652526,4045
0.27306787967681884,0.726932144165039,16702
0.17772314250469207,0.8222768664360046,73555
0.26153617203235624,0.738463842868805,65565
0.1836877793073654,0.8163122415542603,9052
0.3352629840373993,0.6647370100021363,22533
0.7953984856605529,0.20460150241851807,53506
0.47504594922065735,0.5249540269374847,30844
0.6279240608215332,0.3720759332180023,56538
0.5639456748962403,0.43605432510375974,28564
0.48998674750328064,0.5100132465362549,64349
0.8031952857971192,0.19680472910404206,29253
0.19445154964923858,0.8055484414100647,11242
0.5520384073257446,0.4479615569114685,70346
0.8489813089370728,0.151018688082695,3130
0.5405670285224915,0.459432989358902,25182
0.5626370787620545,0.43736294507980344,39678
0.15490194857120515,0.8450980067253113,20219
0.6527578592300415,0.34724212884902955,32761
0.6275128245353698,0.37248716950416566,40842
0.33266728520393374,0.6673327326774597,20339
0.8280827164649963,0.1719173163175583,16281
0.5814004898071289,0.41859949231147764,20976
0.5249391078948975,0.475060898065567,66186
0.06431678235530854,0.9356832265853882,19541
0.5229013502597809,0.477098673582077,23167
0.12293595373630524,0.8770640254020691,20017
0.5763443827629089,0.42365561723709105,56424
0.22572124898433685,0.7742787599563599,37557
0.7330336809158325,0.26696631908416746,30556
0.38312249779701235,0.6168775200843811,70063
0.6757537364959717,0.32424627542495726,35270
0.4331468343734741,0.566853141784668,16342
0.6005087852478027,0.3994912266731262,44751
0.22500804364681243,0.7749919414520263,10838
0.14763959646224975,0.8523604035377502,55702
0.8585467457771301,0.14145323485136033,24527
0.5661545872688294,0.43384540677070615,7356
0.6201861381530762,0.37981385588645933,41017
0.6356436491012574,0.36435635685920714,73398
0.6960173845291138,0.3039826214313507,22942
0.31882464289665224,0.6811753630638122,9785
0.6912229776382446,0.3087770402431488,24778
0.5498111486434937,0.4501888632774353,41440
0.7254693865776062,0.2745305746793747,8362
0.5018398702144623,0.4981601178646088,14449
0.4637143909931183,0.5362855970859528,30729
0.8434353590011596,0.15656461715698242,24934
0.7866050839424134,0.21339490115642548,26062
0.07532147616147995,0.9246785044670105,23756
0.40341184139251707,0.596588134765625,60592
0.8108753323554992,0.18912465274333953,67481
0.4385664641857147,0.5614335536956787,48691
0.588171637058258,0.4118283689022064,59496
0.7727126717567444,0.22728729546070098,40588
0.08904560506343842,0.9109543919563293,19838
0.21442683041095734,0.7855731844902039,24578
0.5042413175106049,0.4957586646080017,24955
0.34699267745018003,0.6530072927474976,57449
0.5382792353630066,0.46172081828117373,45468
0.5088656187057495,0.49113438129425047,3739
0.5530441403388977,0.44695585370063784,67920
0.5066989064216614,0.4933010995388031,35603
0.6136229872703552,0.38637701869010926,37663
0.3864785969257355,0.613521409034729,39341
0.4019537091255188,0.5980462670326233,66474
0.43643847703933714,0.5635615468025208,6313
0.46990190744400023,0.5300980806350708,1058
0.7345106720924377,0.2654893398284912,21057
0.4166739821434021,0.583326005935669,4403
0.6496037125587464,0.3503962874412537,53972
0.6216646194458008,0.3783353865146637,49874
0.5702248454093933,0.4297751486301422,61618
0.5411235094070435,0.4588764667510986,45173
0.20291968286037446,0.7970803260803223,53592
0.5736502885818482,0.42634973526000974,48800
0.4504162609577179,0.5495837211608887,66967
0.4927575886249542,0.5072424173355102,52822
0.09921539127826691,0.9007845878601074,28242
0.4958645224571228,0.5041354894638062,26165
0.20532411336898804,0.794675886631012,9142
0.2596956938505173,0.7403043031692504,41593
0.19375865757465363,0.8062413573265076,1499
0.7018584609031677,0.29814152121543885,73785
0.5385564923286438,0.46144354343414307,24524
0.6571189999580384,0.34288097620010377,64454
0.4426820456981659,0.5573179721832275,44317
0.4783131778240204,0.5216868042945861,29013
0.47724167108535764,0.5227583229541779,30296
0.3281953275203705,0.6718046545982361,5796
0.793718159198761,0.2062818318605423,59816
0.6945091962814331,0.3054908037185669,55770
0.409728467464447,0.5902715206146241,58881
0.7991462349891663,0.20085375308990477,14883
0.5140260398387909,0.48597395420074463,67421
0.36431930065155027,0.6356806993484497,58794
0.6985033273696899,0.30149667263031005,32033
0.9337514400482178,0.06624856516718865,65380
0.24102861285209656,0.7589713931083679,9247
0.7029438853263855,0.2970561146736145,17955
0.5184884011745453,0.4815116047859192,30960
0.3430684685707092,0.6569315075874329,42048
0.5378045797348022,0.4621954083442688,2500
0.5076603293418884,0.4923396706581116,43144
0.33881996273994447,0.6611800193786621,5993
0.5591416835784913,0.44085830450057983,66051
0.17994152307510375,0.8200584888458252,20413
0.6270521998405456,0.37294777631759646,44994
0.6264870405197144,0.3735129594802856,40491
0.8919954061508178,0.10800457894802093,12312
0.6863239288330079,0.3136760652065277,52754
0.3796916604042053,0.6203083276748658,60616
0.2694764375686646,0.7305235505104065,22782
0.4902167022228241,0.5097833096981048,66881
0.5748332738876343,0.42516669631004333,18489
0.6044924139976502,0.39550758004188535,63985
0.5745397925376892,0.4254602074623108,28137
0.38057127594947815,0.6194287419319153,69438
0.21175759732723237,0.7882423996925354,48519
0.6946866750717163,0.3053133308887482,67546
0.28204148411750796,0.7179585337638855,44246
0.6335263967514038,0.3664735913276672,69842
0.36186211109161376,0.6381379008293152,20217
0.29545862674713136,0.7045413613319397,72053
0.41257485151290896,0.5874251365661621,53255
0.3600622296333313,0.6399377584457397,14604
0.614162266254425,0.38583768606185914,47451
0.4433030664920807,0.5566969275474548,55744
0.14422009289264678,0.8557798862457275,16223
0.7276066541671753,0.27239333391189574,53983
0.0968706488609314,0.9031293392181396,4432
0.5636651277542114,0.4363348662853241,48646
0.6614691019058228,0.3385309219360352,61281
0.6902406215667725,0.3097593903541565,25798
0.6491107225418091,0.35088927745819093,39364
0.5248721957206726,0.47512778639793396,36890
0.5686151504516601,0.4313848793506622,62106
0.4491483747959137,0.5508516073226929,14580
0.7746471643447876,0.22535284757614135,28581
0.20681022405624389,0.7931897759437561,6546
0.5312569797039032,0.4687430143356323,28154
0.4530039370059967,0.5469960451126099,70530
0.25372099280357363,0.746278989315033,20939
0.6116273045539856,0.3883726954460144,37317
0.4919210135936737,0.5080789983272552,50594
0.24980451464653014,0.7501955270767212,12005
0.2751308441162109,0.724869167804718,37979
0.4042802810668945,0.5957197308540344,70450
0.4690512537956238,0.5309487462043763,66123
0.5310189962387085,0.46898102164268496,67080
0.17005217373371123,0.8299478173255921,25225
0.6229559302330017,0.3770440697669983,44669
0.22778190076351165,0.7722180962562561,59909
0.39311365485191346,0.606886351108551,25183
0.5340036869049072,0.4659963071346283,73
0.15721611976623534,0.8427838921546936,23910
0.5600471138954163,0.43995286226272584,38915
0.0699654683470726,0.9300345301628112,13775
0.8365697622299194,0.16343025863170624,9737
0.47540445923805236,0.52459557056427,22409
0.6620070815086365,0.3379929006099701,53262
0.28088338375091554,0.7191166162490845,40561
0.6670233488082886,0.3329766452312469,61587
0.5156083047389984,0.4843916594982147,18955
0.7543139815330505,0.24568600654602052,55657
0.6895178437232972,0.3104821562767029,64031
0.09179729372262954,0.9082027316093445,35919
0.3364489793777466,0.6635510206222535,73669
0.5140473663806915,0.4859526097774506,19793
0.4902016222476959,0.5097984075546265,31267
0.5637313604354859,0.43626863360404966,12104
0.47214030027389525,0.5278597056865693,7413
0.5236979365348816,0.47630205750465393,49595
0.7439726114273071,0.2560273975133896,72395
0.4068706214427948,0.5931293964385986,52326
0.09583448767662048,0.904165506362915,55
0.30747018456459047,0.692529845237732,53714
0.4434021174907684,0.556597888469696,51137
0.4794058740139008,0.5205941021442413,59108
0.5695876002311706,0.43041240572929385,50020
0.6742254614830017,0.3257745385169983,20189
0.5087127804756164,0.49128720760345457,1039
0.8180309176445008,0.1819690853357315,29978
0.8315957427024842,0.16840426325798036,64579
0.7834940791130066,0.2165058970451355,28202
0.4009160816669464,0.5990839123725891,61316
0.6669017314910889,0.33309824466705323,50212
0.28930692076683046,0.7106930613517761,57876
0.8293175339698792,0.17068243622779847,30070
0.37102564573287966,0.6289743900299072,60150
0.835732102394104,0.164267897605896,2915
0.5271197319030761,0.47288023829460146,8663
0.14621020555496217,0.8537897944450379,58108
0.7286935925483704,0.27130638957023623,6690
0.5457718372344971,0.4542281568050385,41956
0.5437634468078614,0.4562365412712097,58146
0.5508450627326965,0.44915496110916137,15603
0.432232403755188,0.567767596244812,24459
0.6339935541152955,0.3660064399242401,61605
0.9171722769737244,0.0828277051448822,1054
0.5722270965576172,0.4277729272842407,67105
0.2287738710641861,0.7712261438369751,37799
0.10508249998092652,0.8949175119400025,6927
0.49236865639686583,0.5076313495635987,59090
0.5804471015930176,0.4195528984069824,43663
0.4411021053791046,0.5588978886604309,71113
0.7277437329292298,0.2722562551498413,70180
0.5654340267181397,0.43456596732139585,15843
0.15136247724294663,0.8486375331878662,16934
0.5259172916412354,0.47408270835876465,286
0.7537285089492798,0.24627149999141693,54215
0.5693932414054871,0.43060675263404846,58483
0.4864737570285797,0.5135262250900269,49847
0.1395601749420166,0.8604398369789124,43798
0.5036245942115783,0.4963754117488861,51301
0.6247094392776489,0.3752905786037445,20692
0.34019564390182494,0.659804356098175,51259
0.8190289855003356,0.18097100853919984,540
0.5287427127361297,0.47125728726387023,18648
0.8279442429542542,0.17205575108528137,59323
0.4491462826728821,0.550853717327118,32425
0.25757802128791807,0.7424219608306885,58441
0.8150487422943116,0.18495126068592072,6149
0.13753777742385864,0.8624622464179993,72445
0.19186245799064636,0.8081375360488892,22224
0.8712655782699585,0.12873440235853195,24976
0.7026039004325867,0.29739609360694885,14171
0.40419957637786863,0.5958003997802734,62718
0.174548003077507,0.8254520058631897,19035
0.33781606554985044,0.6621839284896851,52865
0.4423568308353424,0.5576431512832641,35527
0.5034203886985779,0.49657959342002866,19137
0.9159865856170655,0.0840134248137474,14812
0.6329609870910644,0.3670390069484711,51655
0.2964942157268524,0.7035058021545411,12145
0.8383326292037964,0.16166738271713257,36605
0.5725730299949646,0.42742695808410647,19437
0.6617496967315674,0.33825029730796813,17821
0.7139473795890808,0.2860526263713837,29695
0.24629114270210267,0.7537088513374328,40067
0.11022117286920548,0.8897788166999817,37921
0.8624138832092285,0.13758612275123597,24099
0.5533843159675598,0.44661569595336914,48606
0.6794147491455078,0.32058520913124083,67161
0.6516177654266357,0.3483822286128998,64746
0.443917328119278,0.5560826539993287,38525
0.8631696581840516,0.13683033883571624,688
0.3594493865966797,0.6405506491661072,56301
0.4736609637737274,0.526339054107666,74255
0.8658334732055664,0.13416653126478195,44142
0.4676050364971161,0.5323949575424194,3816
0.36684020757675173,0.6331598043441773,48262
0.5854995965957641,0.41450039148330686,38720
0.5850057125091552,0.4149942934513092,19549
0.3276405155658722,0.6723594903945923,15364
0.2217552423477173,0.7782447695732116,58122
0.6512646079063416,0.348735386133194,1201
0.5121835470199585,0.4878164708614349,14489
0.6229050636291504,0.37709490656852723,11519
0.3336947441101074,0.6663052678108216,71815
0.3642182290554047,0.6357817769050598,57640
0.6186412334442138,0.38135877847671507,30048
0.8402549266815186,0.1597450703382492,5668
0.2692642241716385,0.7307357907295227,36471
0.6834957718849182,0.31650424003601074,23606
0.43023619055747986,0.5697637915611267,38124
0.24395852982997895,0.7560414910316468,37129
0.3262771189212799,0.6737228989601135,57588
0.6530092597007752,0.34699071049690244,34777
0.5631067156791687,0.4368933141231537,45389
0.6892461657524109,0.31075382232666016,49764
0.8892906427383422,0.11070937365293503,51491
0.5513315200805664,0.4486685037612915,44851
0.07854833602905273,0.9214516758918763,12995
0.10630768984556198,0.8936923027038575,71328
0.48437227606773375,0.5156277418136597,26555
0.8325820922851562,0.16741793155670165,43138
0.3969879150390625,0.6030120968818664,52939
0.5550025224685669,0.4449974775314331,65258
0.3988221943378448,0.6011777877807617,64337
0.2811039686203003,0.7188960194587708,10280
0.26214287281036375,0.7378571510314942,42202
0.8802350044250489,0.11976500302553177,47840
0.6054589629173279,0.39454105496406555,61987
0.4655648469924927,0.5344351649284362,23279
0.6158711194992066,0.38412888050079347,47054
0.6720112681388855,0.32798871397972107,30990
0.8172642111778259,0.18273580968379974,23221
0.6677287578582763,0.33227126598358153,68532
0.6866692662239074,0.313330751657486,73073
0.713162875175476,0.28683713674545286,63391
0.4115475475788116,0.5884524345397949,53260
0.7462156653404236,0.2537843197584152,41957
0.23015235364437103,0.7698476552963257,49459
0.8196667551994323,0.18033329248428345,34997
0.7618303298950195,0.23816967010498047,51641
0.8593474268913269,0.14065256714820862,53257
0.7204100489616394,0.27958996295928956,65859
0.3151222586631775,0.6848777413368226,30631
0.6677708506584168,0.3322291553020477,72801
0.23861564993858336,0.7613843679428101,7891
0.38668185472488403,0.613318145275116,52890
0.8321796774864196,0.16782033443450928,24016
0.5963808774948121,0.4036191046237946,68495
0.6715635418891907,0.32843645215034484,64389
0.24992161095142365,0.7500783801078796,32521
0.45296608805656435,0.5470338940620423,66338
0.5829309821128845,0.4170690178871155,50781
0.820637583732605,0.17936241626739502,70839
0.909171974658966,0.09082801640033722,72765
0.677319860458374,0.3226801693439484,53520
0.38925290703773496,0.6107471108436584,5300
0.6245152354240417,0.37548476457595825,72466
0.8839882373809814,0.11601178646087647,62355
0.4746116876602173,0.5253883123397827,13803
0.63778657913208,0.3622134268283844,46753
0.5165980219841003,0.4834019899368286,62318
0.3092704176902771,0.6907295823097229,4149
0.5232336461544037,0.4767663300037384,52957
0.5209118843078613,0.47908812165260317,46743
0.6551523685455323,0.34484764337539675,73954
0.16042183637619017,0.8395781874656677,54955
0.44876507520675657,0.5512349247932434,3434
0.25605634450912473,0.7439436793327332,42909
0.8805938839912415,0.11940614134073257,54346
0.06776081174612045,0.9322391867637634,38253
0.4041479408740997,0.5958520531654358,28623
0.2841614544391632,0.7158385515213013,3907
0.6379646420478821,0.36203537583351136,25777
0.8450756192207336,0.15492435693740844,47040
0.7100807309150696,0.2899192750453949,23629
0.33663408160209657,0.6633658885955811,15542
0.5779451966285706,0.42205480933189393,29262
0.22306654453277588,0.7769334554672241,37807
0.3728922665119171,0.6271077394485474,24628
0.35718574523925783,0.6428142547607422,25849
0.4571786761283875,0.5428213357925415,70590
0.8407536625862122,0.15924634635448456,17122
0.33900558948516846,0.6609943985939026,7209
0.7300820112228393,0.26991800367832186,2306
0.44239522218704225,0.5576047658920288,38433
0.162873712182045,0.8371262788772583,36583
0.4708948850631714,0.5291050612926483,18687
0.42547420263290403,0.574525785446167,12634
0.5941430926322937,0.4058569371700287,2139
0.6160098195075989,0.383990204334259,31545
0.6007346034049987,0.3992653965950012,70354
0.6553011894226074,0.3446988224983215,16994
0.29842384457588195,0.7015761613845826,39416
0.3762734591960907,0.6237265467643738,68260
0.4960663378238678,0.5039336740970611,66745
0.5234241724014282,0.47657582759857176,1521
0.22268229126930236,0.77731773853302,70981
0.29637988805770876,0.7036200761795044,73639
0.3900341629981995,0.6099658370018005,61679
0.5471853852272034,0.4528146028518677,812
0.6497413396835328,0.35025867223739626,42238
0.433890825510025,0.5661092042922974,68951
0.7905091643333435,0.20949084758758546,57338
0.550948417186737,0.4490515947341919,4290
0.2436548501253128,0.7563451647758483,39084
0.11683013141155243,0.8831698656082153,26061
0.8650051832199097,0.1349948078393936,30818
0.6725026965141296,0.32749727964401243,18054
0.5433713674545289,0.4566286504268646,46318
0.21715847849845887,0.7828415155410766,33977
0.5338457942008972,0.46615420579910277,21841
0.49506824016571044,0.504931753873825,8286
0.5589536666870117,0.4410463452339172,12279
0.22153707444667817,0.7784629344940186,21627
0.33225122690200803,0.667748749256134,21795
0.5983926892280579,0.4016073167324066,958
0.7363388419151307,0.2636611670255661,64439
0.12281105816364288,0.8771889686584473,43905
0.8858384132385254,0.11416157782077789,7361
0.4887490928173065,0.5112509250640869,52342
0.6730093479156494,0.3269906520843506,46207
0.11465647369623184,0.8853435516357422,9289
0.13193085491657258,0.8680691480636596,74112
0.572663426399231,0.427336585521698,67326
0.5511738538742066,0.44882612228393554,29965
0.3465875804424286,0.6534124255180359,35862
0.6670098781585694,0.33299015164375306,56131
0.374778950214386,0.6252210259437561,2373
0.6931238412857056,0.30687615275382996,64606
0.698594081401825,0.30140591263771055,48139
0.3707778215408325,0.6292221903800964,66783
0.5219116926193237,0.47808831334114077,11271
0.43188428282737734,0.5681157231330871,4092
0.4490160882472992,0.5509839057922363,65152
0.3760396182537079,0.6239603519439697,61104
0.6624581217765808,0.33754186034202577,28706
0.1256643131375313,0.8743356823921203,64469
0.44303804636001587,0.5569619417190552,57877
0.9091427326202393,0.09085727334022523,65264
0.4528543710708618,0.5471456050872803,15120
0.5397568941116333,0.46024309992790224,66246
0.26033566892147064,0.7396643161773682,36199
0.6645213723182678,0.3354786217212677,53816
0.5414291858673096,0.4585708260536194,62789
0.32772279977798463,0.6722772121429443,48320
0.22502865195274352,0.774971342086792,25644
0.30782803893089294,0.6921719431877136,35500
0.38381397128105166,0.6161860346794128,5277
0.5325049519538879,0.4674950480461121,66422
0.23265809416770936,0.7673419117927551,65653
0.8029764533042908,0.19702354073524475,53930
0.4320290744304657,0.5679709315299988,28327
0.39613404870033264,0.6038659691810608,71734
0.12186703383922577,0.878132951259613,63331
0.17594725489616395,0.8240527391433716,54710
0.34601002335548403,0.6539899468421936,32817
0.4012948513031006,0.5987051606178284,41769
0.33068307638168337,0.6693169474601746,50117
0.5857129573822022,0.4142870306968689,5897
0.34201583862304685,0.6579841256141663,48214
0.2956866204738617,0.7043133735656738,43054
0.8768584251403808,0.12314157634973526,43268
0.49388455152511596,0.5061154663562775,18389
0.7233991622924805,0.2766008198261261,7003
0.6451391458511353,0.35486084818840025,31375
0.5505160450935364,0.44948395490646365,2047
0.37909196615219115,0.6209080219268799,19108
0.215792116522789,0.7842078804969788,30370
0.6881838321685791,0.31181617379188536,49354
0.7371721267700195,0.26282787322998047,32057
0.5361125588417053,0.4638874471187592,62939
0.7239155650138855,0.27608442902565,11258
0.45504204630851747,0.544957959651947,62967
0.5484846830368042,0.4515153169631958,69425
0.4736944019794464,0.526305615901947,28283
0.8125596284866333,0.18744038045406342,55255
0.6155534505844116,0.3844465434551239,32232
0.09101323336362839,0.908986759185791,37023
0.3690005898475647,0.6309994101524353,70532
0.40787025094032286,0.5921297550201416,38252
0.19237188398838043,0.8076281309127807,27537
0.16938581466674804,0.830614197254181,32219
0.8351282954216004,0.16487171351909638,57507
0.4051176369190216,0.5948823690414429,32269
0.4833462774753571,0.5166537284851074,71665
0.32306292057037356,0.6769370555877685,63906
0.07466541230678558,0.9253346085548401,46422
0.4409441828727722,0.5590558052062988,3805
0.2854072034358978,0.7145927906036377,15687
0.4648394465446472,0.5351605772972107,38989
0.6982043385505676,0.3017956793308258,23921
0.204709193110466,0.7952908277511597,67234
0.4899937450885773,0.5100062727928162,5235
0.518830680847168,0.48116931319236755,31202
0.09616747796535492,0.9038325309753418,66583
0.6956740617752075,0.3043259382247925,60347
0.3911279797554016,0.6088720202445984,67319
0.7327145099639892,0.26728550493717196,51027
0.2252124398946762,0.7747875809669494,65624
0.7337205648422241,0.2662794262170792,7543
0.35218567252159116,0.6478143215179444,52647
0.6836806178092957,0.31631935834884645,45491
0.3884007751941681,0.6115992546081543,9518
0.46611049175262453,0.5338895082473755,53607
0.5322797894477844,0.4677201986312866,28384
0.32877174615859983,0.6712282776832581,5553
0.6414132118225098,0.3585867643356323,13125
0.5519103288650513,0.4480896592140198,23432
0.8358970403671264,0.1641029506921768,73897
0.39061456322669985,0.6093854427337646,71781
0.30905482172966003,0.6909451723098755,31163
0.6316255927085876,0.36837443709373474,40446
0.2908512532711029,0.7091487526893616,12355
0.3130171477794647,0.6869828820228576,27009
0.4243209183216095,0.575679087638855,57586
0.6698006153106689,0.33019937872886657,57412
0.8216641068458557,0.17833589613437653,67979
0.20389909744262696,0.7961008906364441,29224
0.36508304476737974,0.6349169731140136,61580
0.7525699853897094,0.2474299967288971,9032
0.8612409949302673,0.13875900208950043,73207
0.8059731841087341,0.19402681589126586,38518
0.5375033140182495,0.46249669790267944,14857
0.14968074560165406,0.850319242477417,41949
0.5751926302909851,0.42480735182762147,53309
0.8630237579345703,0.13697624057531357,58852
0.6119147539138794,0.3880852460861206,67850
0.4389647006988525,0.5610353052616119,24150
0.2712280750274658,0.7287719488143921,69187
0.2816795349121094,0.7183204650878906,23976
0.5172797441482544,0.48272026777267457,45456
0.29055979251861574,0.7094402313232422,69334
0.9521640539169312,0.04783594906330109,11187
0.37422269582748413,0.625777292251587,2663
0.2535641133785248,0.7464358925819397,43957
0.6618160605430603,0.3381839573383331,56115
0.5594654679298401,0.44053447246551514,4904
0.5006082475185394,0.49939178824424746,3041
0.4294025063514709,0.5705974817276,8151
0.5147348701953888,0.48526509404182433,13642
0.388610976934433,0.6113890290260315,3320
0.2538994163274765,0.7461005687713623,50151
0.6689971804618835,0.3310028076171875,262
0.578202998638153,0.42179700136184695,61497
0.5657523036003113,0.43424769043922423,35665
0.6702553987503052,0.32974460124969485,55685
0.9190501928329468,0.08094979971647262,47213
0.11876381486654282,0.8812362074851989,29781
0.5033162474632263,0.4966837286949158,5371
0.4426830470561981,0.5573169350624084,3074
0.5623450398445129,0.43765498995780944,63604
0.616538918018341,0.38346107006073,61012
0.5873503088951111,0.41264968514442446,47338
0.3682570576667786,0.6317429184913635,44059
0.8091961860656738,0.19080379903316497,63299
0.7563195586204529,0.24368043541908263,36768
0.6202656626701355,0.37973433136940005,34741
0.31590108275413514,0.6840989112854003,64291
0.43833178877830503,0.5616682052612305,6320
0.40135403275489806,0.5986459851264954,2342
0.6218966603279114,0.3781033456325531,44797
0.3151675820350647,0.6848324298858642,65467
0.5410690784454346,0.45893091559410093,18628
0.1711699277162552,0.828830087184906,13014
0.3389948010444641,0.661005163192749,65396
0.8360965132713318,0.16390345990657806,60530
0.4392091631889343,0.5607908129692077,11036
0.29550197124481203,0.704498028755188,26920
0.44595677852630616,0.5540432095527649,72565
0.15965186953544616,0.8403481125831604,30148
0.4242395281791687,0.5757604479789734,68220
0.25546385645866393,0.7445361495018006,67847
0.5439170360565185,0.4560829758644104,47170
0.59524906873703,0.4047509551048279,40204
0.14726398289203643,0.8527360439300538,14638
0.8472883939743042,0.15271160900592803,52731
0.9095828294754028,0.09041719734668732,57076
0.7248002767562867,0.27519969940185546,42660
0.46824643611907957,0.5317535638809204,19673
0.8767540335655213,0.123245969414711,44395
0.37291226387023924,0.6270877242088317,12386
0.41331018805503844,0.586689805984497,8920
0.4712146520614624,0.5287853598594665,34042
0.8188114523887634,0.18118854165077208,16228
0.36456960439682007,0.6354303956031799,36663
0.5818847179412842,0.41811528205871584,37848
0.24357149004936218,0.7564285039901734,70076
0.7279665112495423,0.27203350365161894,10285
0.5742421627044678,0.4257578670978546,51775
0.7921125769615174,0.20788742005825042,62409
0.35255874395370485,0.647441279888153,59597
0.46184423565864563,0.5381557703018188,29761
0.5675014972686767,0.43249847292900084,9173
0.6149505615234375,0.38504946827888487,25056
0.7788650751113891,0.22113490402698516,44100
0.21110067665576934,0.7888993144035339,70625
0.0677266113460064,0.9322734117507935,32499
0.16417837142944336,0.8358216285705566,24011
0.49792946577072145,0.5020705103874207,13760
0.8422969460487366,0.15770302414894105,24603
0.6245993137359619,0.3754006862640381,43738
0.49451820850372313,0.5054817795753479,36718
0.5627058386802674,0.43729416728019715,37863
0.5778449892997741,0.42215502858161924,35957
0.15304814279079437,0.8469518542289733,36336
0.7815388321876526,0.21846115887165068,34791
0.14112889468669892,0.8588711142539978,73351
0.7350671529769898,0.2649328649044037,53424
0.35951738357543944,0.6404826402664184,60067
0.3979781806468964,0.6020218372344971,66979
0.4005247414112091,0.5994752526283265,48577
0.46224871277809143,0.5377512812614441,65499
0.8709580659866333,0.1290419206023216,54552
0.6079421997070312,0.3920578062534332,58219
0.18453751802444457,0.8154624819755554,37582
0.5797608017921447,0.4202392041683197,57343
0.6429893255233765,0.35701066851615904,55079
0.37625413537025454,0.6237458705902099,9474
0.4774425268173218,0.5225574910640717,42092
0.40083823204040525,0.5991617441177368,71522
0.6089258670806885,0.39107410311698915,58786
0.9013653755187988,0.0986346498131752,14828
0.9054144382476806,0.09458556473255157,57292
0.24226481914520265,0.7577351689338684,26718
0.5008691251277924,0.4991308987140656,30987
0.7322126150131225,0.267787379026413,53190
0.37424800992012025,0.6257519721984863,55906
0.46337149739265443,0.5366285085678101,20481
0.6089492678642273,0.39105075001716616,48273
0.4888197422027588,0.5111802339553833,31494
0.21698491275310516,0.7830150961875916,40845
0.2647700786590576,0.7352299094200134,3076
0.5275271952152252,0.47247280478477477,58725
0.6259019851684571,0.37409800887107847,1352
0.8519371271133422,0.1480628401041031,42840
0.22840065658092498,0.7715993523597717,46330
0.5277392029762268,0.47226078510284425,61089
0.23771707117557525,0.7622829437255859,60595
0.22444286644458772,0.7755571126937866,44312
0.29031418561935424,0.7096858024597168,2361
0.720679771900177,0.2793202459812164,70736
0.4365587532520294,0.5634412169456482,33986
0.6606909394264221,0.3393090844154358,65864
0.7469730377197266,0.25302697718143463,52173
0.8380443334579468,0.16195568144321443,39666
0.5232316493988037,0.4767683446407318,44651
0.8048929691314697,0.19510703384876252,12215
0.3943028151988983,0.6056971907615661,5324
0.5052252173423767,0.4947747766971588,63091
0.21141884922981263,0.7885811686515808,54636
0.40321817994117737,0.5967818140983582,53227
0.37137110233306886,0.6286289095878601,30821
0.3885574758052826,0.6114425301551819,15895
0.08823183029890061,0.9117681741714477,18143
0.2583890676498413,0.7416109442710876,17003
0.3498517632484436,0.6501482486724853,56017
0.8914612889289856,0.10853868573904038,61475
0.828965163230896,0.171034836769104,34939
0.41724528670310973,0.58275465965271,69280
0.6498791217803955,0.35012086629867556,42131
0.10246745645999908,0.8975325107574463,49402
0.7495053291320801,0.2504946857690811,66177
0.1436456710100174,0.8563543558120728,2167
0.7164916753768921,0.28350831270217897,42267
0.8536266088485718,0.14637337923049926,13412
0.6321442484855652,0.36785576343536375,62313
0.5292109668254852,0.4707890272140503,47411
0.7418675184249878,0.25813246965408326,23308
0.11417248547077179,0.8858275055885315,22750
0.7868713021278382,0.21312869787216188,22833
0.6486022472381592,0.3513977587223053,5990
0.6648283004760742,0.3351716935634613,38201
0.4396476984024048,0.5603523015975952,37016
0.28198217749595644,0.7180178046226502,39291
0.5586931586265564,0.44130682945251465,35827
0.7770955443382264,0.22290443181991576,73067
0.16707959473133088,0.8329204440116882,4198
0.5295747101306916,0.47042530179023745,72978
0.7031468391418457,0.2968531668186188,7457
0.34000334739685056,0.6599966168403626,16354
0.4539057433605194,0.5460942625999451,56916
0.5484536170959473,0.4515463888645172,30914
0.5677630543708801,0.43223694562911985,19031
0.7989695906639099,0.20103037655353545,26904
0.48719756603240966,0.5128024101257325,45942
0.5869550585746766,0.41304491758346557,37471
0.529969310760498,0.47003069519996643,41819
0.42146474719047544,0.5785352706909179,41968
0.33231576681137087,0.6676842093467712,27943
0.3012828826904297,0.6987171173095703,27674
0.6652875542640686,0.33471245765686036,2099
0.7134099721908569,0.28659003376960757,27636
0.5218361437320709,0.4781638503074646,71102
0.3934490501880646,0.6065509200096131,34015
0.7791567921638489,0.22084319293498994,44103
0.48310428857803345,0.5168956935405731,23401
0.3159927725791931,0.6840072393417358,35567
0.29770892262458803,0.7022910237312316,65117
0.4127424001693726,0.5872575759887695,66800
0.7294766187667847,0.27052338421344757,2689
0.42198259830474855,0.5780173778533936,3822
0.8094838976860046,0.19051612615585328,54228
0.41716904640197755,0.5828309416770935,3629
0.30712081789970397,0.6928791999816895,26492
0.7371828079223632,0.2628172129392624,68536
0.332785552740097,0.6672144532203674,63971
0.2699518591165543,0.730048143863678,20789
0.899482810497284,0.10051714181900025,4216
0.7496249198913574,0.25037508010864257,18667
0.6786766290664673,0.3213233947753906,30651
0.6113956093788147,0.38860438466072084,57180
0.6846646547317505,0.315335339307785,6891
0.10948324203491211,0.89051673412323,21754
0.5414248108863831,0.45857518911361694,26248
0.4754009902477264,0.5245990037918091,67197
0.6921102285385132,0.30788975954055786,33
0.2851790487766266,0.7148209691047669,30865
0.5738845825195312,0.42611541748046877,14315
0.4184740841388702,0.5815258979797363,53119
0.6241230845451355,0.37587695717811587,50253
0.6623082995414734,0.3376917004585266,49814
0.5695156216621399,0.43048437833786013,64544
0.8717723965644837,0.1282275900244713,64973
0.2426878273487091,0.7573121786117554,17607
0.22226812541484833,0.7777318596839905,59672
0.4378249228000641,0.5621750593185425,32490
0.2882004380226135,0.7117995500564576,65344
0.8083103656768799,0.1916896551847458,73886
0.874621045589447,0.12537896931171416,36507
0.2353595733642578,0.764640462398529,11563
0.4325305104255676,0.5674694895744323,24007
0.34165774583816527,0.6583422422409058,14382
0.7160359740257263,0.2839640021324158,5758
0.4586519956588745,0.5413480162620544,71583
0.4793975830078125,0.5206024169921875,14618
0.24835186302661896,0.7516481399536132,52098
0.5256423950195312,0.4743575990200043,41297
0.8125996232032776,0.18740037381649016,39036
0.35496158003807066,0.6450384140014649,45505
0.8790220022201538,0.12097800076007843,4741
0.6161111950874328,0.3838887929916382,8582
0.28025624752044676,0.7197437286376953,53164
0.790129280090332,0.20987071394920348,34787
0.4504270672798157,0.5495729207992553,38532
0.33619737029075625,0.6638026237487793,16436
0.6599810123443604,0.34001901745796204,23669
0.2837176501750946,0.7162823677062988,943
0.4669128358364105,0.533087158203125,38014
0.6835930943489075,0.31640692353248595,57576
0.15366958379745482,0.8463304042816162,12020
0.5578966021537781,0.442103374004364,12859
0.1946483373641968,0.8053516507148742,7823
0.09712725430727005,0.9028727650642395,30798
0.5052530169487,0.4947469592094421,21298
0.1418703615665436,0.858129620552063,70472
0.464088100194931,0.5359119296073913,55289
0.3582346498966217,0.6417653322219848,55068
0.7659237146377563,0.23407630026340484,45657
0.5190235018730164,0.4809765160083771,17335
0.8233556389808655,0.17664435207843782,40209
0.5608220815658569,0.4391779065132141,14512
0.7288413047790527,0.2711587011814117,12533
0.38728067278862,0.6127193570137024,30336
0.42858040928840635,0.5714195728302002,30554
0.9168896913528443,0.08311029970645904,69208
0.6190143942832946,0.3809855878353119,22217
0.6658673286437988,0.33413267135620117,225
0.5430176138877869,0.45698238015174864,63448
0.6168472409248352,0.3831527650356293,4386
0.49934903979301454,0.5006509721279144,48276
0.8011351346969604,0.19886488020420073,26978
0.36126492619514466,0.638735044002533,47231
0.7184047341346741,0.2815952807664871,41464
0.4311135828495026,0.5688864111900329,2376
0.349841433763504,0.6501585602760315,6290
0.698077666759491,0.30192232728004453,61422
0.13013878613710403,0.8698612093925476,11983
0.3313150882720947,0.6686849117279052,4314
0.5873537540435791,0.41264625191688536,24500
0.1210795983672142,0.8789204120635986,61376
0.37323463559150694,0.6267653465270996,38711
0.6866729855537415,0.3133270502090454,41671
0.6412374138832092,0.3587625682353973,32648
0.4174483597278595,0.5825516223907471,41470
0.5110859453678132,0.4889140546321869,41390
0.45220801830291746,0.5477920055389405,46252
0.5801778793334961,0.41982213258743284,38930
0.49755815863609315,0.5024418592453003,35648
0.4947614729404449,0.5052385270595551,4977
0.47916239500045776,0.5208376109600067,12879
0.5105082929134369,0.489491730928421,38756
0.6166755676269531,0.38332441449165344,12726
0.1677384853363037,0.8322615146636962,24607
0.6253732323646546,0.37462679147720335,65506
0.8080883860588074,0.19191159307956696,68265
0.6833260178565979,0.3166739583015442,28587
0.3970325529575348,0.6029674291610718,36373
0.4766346216201782,0.5233653426170349,57253
0.8180225491523743,0.1819774627685547,7758
0.41976358294487,0.5802363872528076,3888
0.7666123270988464,0.23338770270347595,69408
0.8399615526199341,0.16003846526145935,23967
0.6580408096313477,0.34195921421051023,46181
0.40126216411590576,0.5987378239631653,70999
0.7082324147224426,0.29176756739616394,3919
0.5808732986450196,0.41912670731544494,70133
0.5223925173282623,0.4776074767112732,7498
0.3339433789253235,0.6660566210746766,58022
0.8356310367584229,0.1643689602613449,14108
0.6803460955619812,0.3196539103984833,59529
0.6851736783981324,0.31482630372047427,48566
0.5394985437393188,0.46050143241882324,47392
0.46103301644325256,0.5389670014381409,60913
0.48227988481521605,0.5177200615406037,50662
0.07307380586862564,0.9269261837005616,54452
0.07978449016809464,0.9202154994010925,3003
0.6662410140037537,0.33375896215438844,27232
0.42396593689918516,0.5760340809822082,15613
0.49985970854759215,0.5001403152942657,54783
0.9058773040771484,0.09412270188331603,40028
0.7553858757019043,0.24461413621902467,39653
0.27922980189323426,0.7207702159881592,74218
0.3271163821220398,0.6728836297988892,49381
0.17518555223941804,0.8248144388198853,58324
0.5690580129623413,0.4309419751167297,17761
0.4259606242179871,0.5740394115447998,36933
0.3548510432243347,0.6451489806175232,11403
0.33895639777183534,0.6610436081886292,43121
0.3310305535793304,0.6689694404602051,19000
0.16213998198509216,0.8378600358963013,25803
0.4266666531562805,0.5733333587646484,56539
0.41529273986816406,0.5847072839736939,71950
0.48679872751235964,0.5132012963294983,71834
0.7226200461387634,0.27737995982170105,45612
0.4029489398002625,0.5970510601997375,58023
0.6222640991210937,0.3777359127998352,51012
0.6466372013092041,0.3533627986907959,67327
0.14825721681118012,0.8517427921295166,46732
0.1265798255801201,0.8734201669692994,11715
0.4360264241695404,0.5639735460281372,32137
0.1531434625387192,0.8468565583229065,10725
0.4798597037792206,0.520140278339386,32350
0.8701791167259216,0.12982088774442674,46346
0.593343448638916,0.40665653347969055,7
0.5056327641010284,0.494367253780365,53908
0.588320255279541,0.41167973875999453,71555
0.5827779769897461,0.4172220349311829,72807
0.3910100102424622,0.6089899778366089,52170
0.3323253631591797,0.6676746368408203,69709
0.42327986359596254,0.5767201542854309,60472
0.5887955069541931,0.4112045168876648,58340
0.5194208443164825,0.48057916164398196,7514
0.735978364944458,0.26402162909507754,25752
0.7729592442512512,0.22704076170921325,3266
0.6811041593551636,0.3188958466053009,47001
0.7486807346343994,0.25131927728652953,72311
0.3276526093482971,0.6723473906517029,41519
0.2824263691902161,0.717573630809784,16636
0.5386297583580018,0.4613702595233917,37289
0.49634088277816774,0.503659063577652,11394
0.7353993892669678,0.2646006464958191,50696
0.6915815949440003,0.30841838717460635,51685
0.31306461691856385,0.6869353890419007,3790
0.5276746273040771,0.47232537865638735,19384
0.5171640038490295,0.48283597230911257,64693
0.17260835468769073,0.8273916363716125,51848
0.2024451106786728,0.797554886341095,42764
0.8382628083229064,0.16173718273639678,63902
0.1251233458518982,0.8748766899108886,41712
0.2401680141687393,0.7598319888114929,63638
0.7117762684822082,0.2882237255573273,12785
0.08309541791677474,0.9169045925140381,61813
0.5699994325637817,0.4300005674362183,73551
0.6246420383453369,0.37535796165466306,51643
0.387939977645874,0.612060010433197,43289
0.8188376188278198,0.18116236925125123,35529
0.7850068807601929,0.2149931162595749,3648
0.509049791097641,0.490950208902359,6316
0.5089098453521729,0.4910901427268982,39893
0.3686310529708862,0.6313689351081848,61320
0.18453060388565062,0.8154693961143493,36419
0.778281056880951,0.22171894013881682,87
0.5667281866073608,0.43327178359031676,41239
0.6002330303192138,0.39976693987846373,57067
0.07061698585748673,0.9293830156326294,74061
0.14380449056625366,0.8561954855918884,16047
0.6820481300354004,0.3179518759250641,50845
0.4457117855548859,0.5542882204055786,66875
0.4465201735496521,0.55347980260849,30339
0.6600170135498047,0.3399829864501953,12010
0.7048285603523254,0.295171445608139,27070
0.6280240654945374,0.37197594046592714,26761
0.9356616735458374,0.06433835998177528,43344
0.14939687252044678,0.8506031394004822,68651
0.7528753757476807,0.24712459444999696,17052
0.540503978729248,0.4594960153102875,5138
0.31174205541610717,0.6882579684257507,35100
0.16799426972866058,0.832005751132965,40516
0.4786409378051758,0.521359097957611,70721
0.0874083086848259,0.9125917077064514,15269
0.449317079782486,0.5506829261779785,13076
0.5313024163246155,0.4686976373195648,15886
0.7858366012573242,0.21416340470314027,10998
0.43534823060035704,0.5646517634391784,33200
0.19925040006637573,0.8007496118545532,26162
0.5456117272377015,0.4543882727622986,45770
0.4929704248905182,0.5070295810699463,15216
0.12028343826532364,0.8797165632247925,56838
0.5670167326927185,0.4329832673072815,64273
0.6271123766899109,0.3728876352310181,1634
0.3258227467536926,0.6741772770881653,21248
0.19292251169681549,0.8070774793624877,13070
0.8480410099029541,0.15195897817611695,18093
0.7296762228012085,0.2703237920999527,46454
0.08813413381576538,0.9118658542633057,69055
0.7636763334274292,0.23632367253303527,35115
0.6349443078041077,0.3650556802749634,34653
0.3714266777038574,0.6285732984542847,11667
0.8355374574661255,0.16446253657341003,43761
0.6149207830429078,0.3850792348384857,4525
0.8263245820999146,0.17367543578147887,55586
0.7429916381835937,0.25700838267803194,28618
0.4324821710586548,0.5675178289413452,19309
0.26948343515396117,0.7305165529251099,18573
0.669329833984375,0.3306701838970184,63905
0.706925892829895,0.29307413697242735,29749
0.7412907838821411,0.25870917439460756,69333
0.6678963661193847,0.3321036219596863,44929
0.874946677684784,0.12505333125591278,39558
0.45696927309036256,0.5430307626724243,54435
0.2604617774486542,0.7395382523536682,71377
0.6791198968887329,0.3208800911903381,38491
0.15214917957782745,0.8478508353233337,57670
0.6007130980491638,0.39928690195083616,62715
0.557480251789093,0.442519748210907,34307
0.6223561286926269,0.3776438355445862,1387
0.820481288433075,0.1795187145471573,25916
0.8350606918334961,0.16493933498859406,31329
0.11896759122610093,0.8810324192047119,45391
0.5186603844165802,0.48133962154388427,4213
0.19270632266998292,0.8072936654090881,49521
0.5053253769874573,0.4946746349334717,24820
0.5895308256149292,0.41046913266181945,54523
0.31866626143455506,0.6813337206840515,28074
0.11025184988975525,0.8897481203079224,18418
0.4346392214298248,0.5653607726097107,25046
0.6305646181106568,0.3694353818893433,60739
0.43468711376190183,0.5653128862380982,56866
0.48646295070648193,0.5135370254516601,3270
0.406034255027771,0.5939657092094421,47940
0.2303500086069107,0.7696499943733215,35488
0.7857983708381653,0.21420160830020904,6434
0.6850516200065613,0.3149483621120453,26272
0.31496145129203795,0.6850385785102844,11648
0.5315762042999268,0.46842378973960874,45309
0.37410004138946534,0.6258999705314636,28197
0.20955999195575714,0.790440022945404,53780
0.5071000277996063,0.4928999900817871,24596
0.3229883790016174,0.6770116567611695,68034
0.1748279809951782,0.8251720070838928,28845
0.07905618697404862,0.9209438443183899,31591
0.49575687646865846,0.504243117570877,66380
0.703365933895111,0.2966340482234955,38556
0.5364830613136291,0.46351691484451296,29983
0.590471601486206,0.40952837467193604,30208
0.5234601259231567,0.4765398681163788,29393
0.36498517990112306,0.6350148439407348,22795
0.47008985877037046,0.5299101352691651,32424
0.21635958850383757,0.7836404323577881,35264
0.6760300159454345,0.3239699602127075,69676
0.15689081251621245,0.8431092023849487,5749
0.6574560046195984,0.3425439536571503,3185
0.7177565574645997,0.2822434365749359,69953
0.6998713135719299,0.30012869238853457,12037
0.646856677532196,0.35314329266548156,64677
0.5891760587692261,0.41082389950752257,37496
0.3244177281856537,0.6755822420120239,60487
0.23801103234291077,0.7619889497756958,10501
0.4551740765571594,0.5448259353637696,40663
0.6519561767578125,0.34804384112358094,25649
0.8890818953514099,0.11091807782649994,18286
0.28937416076660155,0.7106258749961853,61512
0.34539238214492796,0.654607617855072,52902
0.7875131011009217,0.21248692870140076,34856
0.42512373328208924,0.5748762965202332,32290
0.1028398722410202,0.8971601366996765,69760
0.5232260763645172,0.47677394151687624,63763
0.13634271919727325,0.8636573195457459,71304
0.21878263652324675,0.7812173724174499,54086
0.11173344850540161,0.8882665634155273,54362
0.413609915971756,0.5863900661468506,44995
0.19630746245384217,0.8036925315856933,16169
0.3083584249019623,0.6916415691375732,6323
0.7180493116378784,0.28195069432258607,68796
0.6230754613876343,0.37692453861236574,16243
0.5457536816596985,0.4542463183403015,47175
0.2804271519184113,0.7195728421211243,12409
0.5033756196498871,0.49662439823150634,9554
0.3813497543334961,0.6186502575874329,73042
