founder_id,retention_status,probability_Left,probability_Stayed
52685,Stayed,0.35716428217521534,0.6428357178247847
30585,Left,0.8138053701518617,0.18619462984813834
54656,Stayed,0.023492837479247575,0.9765071625207524
33442,Left,0.765714801755496,0.23428519824450406
15667,Stayed,0.012306266348960482,0.9876937336510395
3496,Stayed,0.1562761186535262,0.8437238813464738
46775,Left,0.6462160574487141,0.35378394255128587
72645,Left,0.8168243020691583,0.18317569793084162
4941,Left,0.5614457828696009,0.43855421713039905
65181,Left,0.7366044947237816,0.26339550527621836
49522,Left,0.5313870383593816,0.4686129616406184
8195,Stayed,0.008277258668273557,0.9917227413317264
52948,Stayed,0.028483314682673178,0.9715166853173268
35067,Stayed,0.4749946566805162,0.5250053433194838
53650,Left,0.9480406869764025,0.05195931302359744
49803,Stayed,0.2278710684954185,0.7721289315045815
2213,Left,0.8853946269748658,0.11460537302513422
48091,Stayed,0.2592908543761463,0.7407091456238537
49462,Stayed,0.09809074664346606,0.9019092533565339
16073,Stayed,0.09760791005908831,0.9023920899409117
54967,Left,0.7904245575927005,0.20957544240729947
35183,Left,0.8743219346621373,0.12567806533786272
455,Stayed,0.1563945527431264,0.8436054472568736
36359,Left,0.8183967165468184,0.18160328345318155
36048,Left,0.8905123379021639,0.1094876620978361
54081,Left,0.7996177889823666,0.20038221101763337
17189,Left,0.7052933134047839,0.2947066865952161
31516,Left,0.5621299964472188,0.4378700035527811
3586,Stayed,0.16425021449503852,0.8357497855049615
49198,Left,0.5266367123494519,0.47336328765054814
60686,Left,0.724376118313412,0.275623881686588
14616,Left,0.7409019605893707,0.2590980394106293
12605,Stayed,0.33884490625372465,0.6611550937462753
27617,Stayed,0.19360305397081312,0.8063969460291869
23602,Left,0.9929745167478776,0.007025483252122388
20883,Left,0.819508887274468,0.18049111272553203
64272,Left,0.9647830393278054,0.03521696067219456
71141,Left,0.9609064958920082,0.03909350410799187
62438,Stayed,0.3599935798322119,0.6400064201677881
55672,Stayed,0.1366710695117357,0.8633289304882643
18843,Stayed,0.39123259237602304,0.608767407623977
59459,Stayed,0.1773423162412665,0.8226576837587335
56488,Stayed,0.1885808844356487,0.8114191155643513
11062,Left,0.7231655413658507,0.27683445863414935
70350,Left,0.8884989399496726,0.11150106005032741
25065,Left,0.5559423692765688,0.4440576307234312
59563,Left,0.5397395539936831,0.4602604460063168
6080,Left,0.7951007665026315,0.20489923349736844
65256,Left,0.7117269973232041,0.2882730026767959
55816,Stayed,0.467091679023243,0.532908320976757
48154,Stayed,0.3089947028725294,0.6910052971274706
19598,Left,0.8799253903524963,0.12007460964750373
45711,Stayed,0.2814754431869705,0.7185245568130295
31921,Left,0.8008257318092767,0.19917426819072326
28968,Left,0.8408671728712259,0.15913282712877405
42658,Stayed,0.4735983962987633,0.5264016037012367
33024,Left,0.9383137587625971,0.061686241237402836
12971,Stayed,0.333859920266804,0.666140079733196
5719,Left,0.9506534520115831,0.04934654798841683
9331,Stayed,0.4141635754462746,0.5858364245537254
64168,Left,0.6204198373399632,0.37958016266003675
20332,Stayed,0.020240903822617118,0.9797590961773829
11169,Stayed,0.42674851709385275,0.5732514829061472
30757,Stayed,0.47976014897069374,0.5202398510293063
60983,Left,0.5509882822189507,0.44901171778104937
26913,Left,0.8778737493366217,0.12212625066337834
7546,Stayed,0.14913813425945854,0.8508618657405415
67990,Stayed,0.09585211332036536,0.9041478866796346
34301,Left,0.8598891595863722,0.14011084041362779
14321,Left,0.8748665595757902,0.12513344042420982
53135,Stayed,0.13018346329301866,0.8698165367069813
14669,Left,0.6592577483267996,0.3407422516732004
43491,Left,0.9837124728470007,0.016287527152999304
54054,Left,0.569626016745787,0.4303739832542131
7163,Left,0.8558574418583367,0.14414255814166335
26780,Stayed,0.314262475175081,0.685737524824919
13903,Stayed,0.3920559542806109,0.6079440457193891
6649,Left,0.5212226947456509,0.47877730525434914
51846,Stayed,0.3331476173975251,0.6668523826024749
26809,Stayed,0.118677456563138,0.881322543436862
64951,Stayed,0.11677143568142567,0.8832285643185743
23719,Stayed,0.11206074495367657,0.8879392550463234
11190,Stayed,0.3651999367208293,0.6348000632791707
29869,Stayed,0.08483026354760426,0.9151697364523957
42562,Stayed,0.0405304172243619,0.9594695827756381
3032,Stayed,0.16279185637220317,0.8372081436277968
26880,Stayed,0.42018828164949173,0.5798117183505083
47539,Stayed,0.02486544936580448,0.9751345506341955
4786,Stayed,0.08590855019435484,0.9140914498056452
68000,Stayed,0.15136306514323183,0.8486369348567682
42053,Stayed,0.06711272769631027,0.9328872723036897
54995,Stayed,0.3678862547727517,0.6321137452272483
1279,Left,0.9561269801833153,0.04387301981668466
13376,Left,0.7460496478854406,0.25395035211455946
13169,Stayed,0.02426925695133675,0.9757307430486633
33968,Left,0.6536852160960384,0.34631478390396164
25662,Stayed,0.47045888611253484,0.5295411138874652
34240,Stayed,0.042313602677172546,0.9576863973228275
72123,Left,0.7772528371431534,0.22274716285684662
11833,Left,0.7331656676752061,0.26683433232479387
63405,Stayed,0.18949997440128907,0.8105000255987109
26938,Stayed,0.004397981240152116,0.9956020187598479
49495,Stayed,0.1904603329668375,0.8095396670331625
13947,Stayed,0.09161598441749208,0.9083840155825079
62520,Left,0.9684518095767819,0.03154819042321809
52157,Stayed,0.4194189742674781,0.5805810257325219
24543,Left,0.9600477915683062,0.03995220843169379
54581,Stayed,0.1314714924075463,0.8685285075924537
1091,Stayed,0.41028156784216085,0.5897184321578391
33481,Left,0.7809628529422312,0.21903714705776883
11336,Stayed,0.3305196646526115,0.6694803353473885
2108,Stayed,0.07038943755011406,0.9296105624498859
6469,Stayed,0.12669358488801985,0.8733064151119801
66001,Stayed,0.25698521860990287,0.7430147813900971
39357,Stayed,0.19476618306105264,0.8052338169389474
29600,Left,0.6455533686839753,0.3544466313160247
34896,Stayed,0.08038610829680914,0.9196138917031909
49124,Stayed,0.18581638979774895,0.814183610202251
27997,Stayed,0.1365787860046882,0.8634212139953118
31155,Left,0.9146312306449567,0.08536876935504328
38313,Left,0.8103094838167314,0.18969051618326857
7135,Left,0.5053724266034849,0.49462757339651503
39553,Stayed,0.36025011771589066,0.6397498822841093
6794,Stayed,0.016776084271453384,0.9832239157285466
14519,Left,0.9386341637274254,0.06136583627257463
14011,Stayed,0.34718547679902867,0.6528145232009713
16439,Left,0.5594178567898471,0.4405821432101528
6335,Left,0.6296413336533662,0.3703586663466338
19394,Left,0.8571981886591626,0.14280181134083736
71080,Stayed,0.1593349148463501,0.8406650851536499
60021,Left,0.5220294353485693,0.4779705646514308
44982,Left,0.7388835854852714,0.26111641451472856
8899,Left,0.8715839174919994,0.1284160825080006
128,Left,0.5446896110991677,0.45531038890083236
69732,Left,0.6287887095649786,0.37121129043502143
46987,Left,0.8102400295461293,0.18975997045387072
73607,Left,0.6987927293557712,0.3012072706442288
45755,Left,0.964905678350841,0.035094321649159085
1881,Stayed,0.07391020749518906,0.9260897925048109
31115,Left,0.5757376733379709,0.4242623266620291
15295,Left,0.911265360630396,0.088734639369604
15968,Left,0.6515624248161158,0.3484375751838842
4666,Left,0.9733313433564253,0.026668656643574602
45346,Stayed,0.18490458738424465,0.8150954126157554
17550,Stayed,0.03888750829405618,0.9611124917059438
61929,Left,0.9247883892834814,0.07521161071651856
832,Stayed,0.24798203381627237,0.7520179661837276
10269,Stayed,0.3425391038804524,0.6574608961195476
62491,Stayed,0.08389996336108929,0.9161000366389107
41981,Left,0.805989649850711,0.19401035014928902
43687,Left,0.6000301085432138,0.39996989145678613
41828,Left,0.6942494313233154,0.30575056867668465
70755,Stayed,0.12944331031785605,0.870556689682144
9802,Stayed,0.49314805520718974,0.5068519447928103
43886,Stayed,0.207081771666893,0.792918228333107
69600,Stayed,0.451051772882753,0.548948227117247
66482,Left,0.5431979573723891,0.4568020426276109
62883,Left,0.9474472800276176,0.05255271997238239
61496,Left,0.6250644067188798,0.3749355932811202
39479,Left,0.716425429482227,0.283574570517773
40258,Left,0.6350660978170551,0.36493390218294486
46253,Left,0.5342302793573314,0.46576972064266864
36030,Stayed,0.04139793217494547,0.9586020678250545
67337,Left,0.9287431583402767,0.07125684165972336
63733,Stayed,0.31920754677129437,0.6807924532287056
65401,Stayed,0.20880205026990717,0.7911979497300928
44205,Stayed,0.030382611079528443,0.9696173889204716
17621,Stayed,0.4813098451578358,0.5186901548421642
26677,Left,0.5084720354486438,0.49152796455135617
32453,Stayed,0.3091472654243468,0.6908527345756532
27160,Left,0.5189508504480446,0.48104914955195544
3355,Stayed,0.06416546040594229,0.9358345395940577
63591,Left,0.5710125511467604,0.4289874488532396
30940,Stayed,0.4796794629789206,0.5203205370210794
17316,Left,0.5096238587518926,0.4903761412481074
54762,Stayed,0.14927316882813046,0.8507268311718695
45422,Left,0.6459598710854011,0.3540401289145989
21229,Stayed,0.44774096504590644,0.5522590349540936
31471,Left,0.6828263907461649,0.31717360925383514
63696,Stayed,0.4724836613171409,0.5275163386828591
52508,Stayed,0.3143982896797882,0.6856017103202118
43399,Stayed,0.16671190872844444,0.8332880912715556
25234,Stayed,0.05316555593824923,0.9468344440617508
52082,Left,0.8420209684574331,0.15797903154256684
51526,Left,0.7703388570356511,0.2296611429643489
1448,Left,0.8861714756145145,0.11382852438548549
61644,Stayed,0.03628914174563602,0.963710858254364
62199,Stayed,0.3724316773270697,0.6275683226729303
44932,Left,0.5453300156295353,0.45466998437046463
12577,Stayed,0.029056597513201554,0.9709434024867984
6010,Stayed,0.37496629815243676,0.6250337018475632
64073,Stayed,0.26838969146510805,0.731610308534892
22751,Stayed,0.06228023089531931,0.9377197691046807
8242,Left,0.8437689059521822,0.15623109404781774
72186,Left,0.8291090155967263,0.17089098440327366
34340,Left,0.9323832252386107,0.06761677476138932
48939,Left,0.7761264603189976,0.22387353968100246
68996,Left,0.572763161046592,0.4272368389534081
24222,Left,0.6826980409180357,0.31730195908196435
20691,Left,0.6125198993370953,0.3874801006629047
21750,Stayed,0.297608428777994,0.702391571222006
50869,Left,0.8806815299898187,0.11931847001018127
67224,Left,0.5996394582820612,0.40036054171793883
27073,Left,0.6515767502143164,0.3484232497856836
45079,Stayed,0.49522143585058676,0.5047785641494132
22285,Stayed,0.3508885916234432,0.6491114083765568
42992,Left,0.9417866378922888,0.058213362107711164
68339,Left,0.7878231906549511,0.2121768093450489
29539,Left,0.9286281183465634,0.07137188165343653
10792,Left,0.8524822991275147,0.1475177008724853
8611,Left,0.6024633374511914,0.39753666254880865
68083,Stayed,0.4275771929832467,0.5724228070167533
66525,Left,0.9484961576155453,0.05150384238445474
63058,Stayed,0.23093596333818855,0.7690640366618114
47545,Stayed,0.41530239458519125,0.5846976054148088
41659,Left,0.9614071486768787,0.03859285132312131
61640,Stayed,0.09079535457611965,0.9092046454238804
68045,Left,0.5407886620501838,0.4592113379498161
16937,Stayed,0.4749159884085872,0.5250840115914128
3887,Stayed,0.09288288147324586,0.9071171185267541
411,Stayed,0.048119287327977434,0.9518807126720226
44012,Left,0.8656227582610776,0.13437724173892238
61460,Left,0.9254175589709495,0.07458244102905057
6502,Stayed,0.38259468341948233,0.6174053165805177
550,Left,0.9483048822691966,0.05169511773080341
58222,Stayed,0.47263874316479604,0.527361256835204
74399,Left,0.6858208248878574,0.3141791751121426
35388,Left,0.8101701620109296,0.18982983798907044
73312,Left,0.8063261276576552,0.19367387234234482
39168,Stayed,0.234500142556329,0.765499857443671
47804,Left,0.8190816804972313,0.1809183195027687
40010,Left,0.8176098180839512,0.18239018191604886
13905,Left,0.5049725614136271,0.4950274385863728
31436,Left,0.5772394551963234,0.4227605448036766
65592,Stayed,0.48759169721898565,0.5124083027810143
42685,Stayed,0.0977112490859744,0.9022887509140256
34175,Stayed,0.25771519803999887,0.7422848019600011
20796,Left,0.8559255669990292,0.1440744330009708
4985,Left,0.6534272336219331,0.34657276637806694
66271,Left,0.9350262042621367,0.06497379573786338
34253,Left,0.9121269037581312,0.08787309624186877
40806,Stayed,0.49796804550095064,0.5020319544990494
25507,Stayed,0.12636721880283475,0.8736327811971653
48200,Left,0.5520627762031967,0.4479372237968034
44235,Left,0.5734403273137274,0.42655967268627265
10619,Left,0.8718692163905071,0.12813078360949293
48496,Stayed,0.04138116224349642,0.9586188377565036
1604,Stayed,0.022782832101272965,0.977217167898727
74100,Stayed,0.05589563150482357,0.9441043684951764
24677,Stayed,0.16126395483911726,0.8387360451608827
21907,Left,0.7256941531418598,0.2743058468581402
45560,Left,0.6462359270050435,0.3537640729949565
10407,Left,0.9243783877861488,0.07562161221385118
27496,Left,0.7003396703059108,0.2996603296940891
59803,Left,0.5331933578069636,0.46680664219303636
18658,Left,0.9034774388612299,0.09652256113877013
47111,Stayed,0.4461926143646463,0.5538073856353537
43850,Left,0.5919807400953279,0.4080192599046721
35837,Left,0.5029851072972649,0.4970148927027352
39187,Stayed,0.030454153841551035,0.969545846158449
31448,Stayed,0.42068045255257536,0.5793195474474246
29706,Left,0.6212063534855411,0.3787936465144589
5170,Left,0.5356203882559525,0.4643796117440475
47039,Stayed,0.13402230243433877,0.8659776975656612
69917,Stayed,0.14725189371931857,0.8527481062806814
47372,Stayed,0.18106505485084767,0.8189349451491523
68950,Stayed,0.07770401556037076,0.9222959844396292
19452,Left,0.7832157841329329,0.21678421586706711
39231,Left,0.8523199017998229,0.1476800982001771
14620,Left,0.9041865391838434,0.09581346081615658
65534,Stayed,0.08355460300038786,0.9164453969996121
12054,Stayed,0.1267356361839681,0.8732643638160319
22049,Stayed,0.4231001070591788,0.5768998929408212
65463,Left,0.6617937354555261,0.33820626454447394
71859,Stayed,0.03293734933349224,0.9670626506665078
72339,Stayed,0.3829990001265279,0.6170009998734721
73620,Stayed,0.25655734530857877,0.7434426546914212
68295,Stayed,0.07007592087162062,0.9299240791283794
24974,Stayed,0.48563750034140607,0.5143624996585939
13459,Left,0.7097024589963028,0.29029754100369726
1119,Left,0.8500528853317801,0.1499471146682198
22683,Stayed,0.0008323454702902078,0.9991676545297098
12690,Left,0.9671036643832063,0.03289633561679372
29982,Stayed,0.4902347635832087,0.5097652364167913
30647,Stayed,0.07843916774888693,0.9215608322511131
26730,Stayed,0.49506882027160903,0.504931179728391
71804,Stayed,0.49831760121190216,0.5016823987880978
45922,Stayed,0.29367221445440117,0.7063277855455988
53315,Left,0.871681937550354,0.12831806244964605
3841,Stayed,0.18011014912658718,0.8198898508734128
68736,Left,0.6590110403646638,0.3409889596353361
27838,Left,0.6413301338507238,0.3586698661492762
8148,Stayed,0.13249210973393832,0.8675078902660617
1737,Stayed,0.2565587802607646,0.7434412197392354
47561,Stayed,0.3602810935078209,0.6397189064921791
71552,Stayed,0.2317834674830408,0.7682165325169592
628,Left,0.7118589531434814,0.2881410468565186
30614,Stayed,0.406022062029344,0.593977937970656
69721,Stayed,0.2407429193749906,0.7592570806250094
3336,Left,0.6660272465231379,0.33397275347686206
39576,Stayed,0.05429299755376715,0.9457070024462328
14517,Left,0.5489002265679996,0.4510997734320004
5856,Left,0.8263006076673247,0.17369939233267526
21096,Stayed,0.11962874499492915,0.8803712550050709
33959,Stayed,0.029005448001508394,0.9709945519984916
67477,Stayed,0.06296150145127477,0.9370384985487252
51506,Left,0.6428340404003018,0.3571659595996982
8401,Left,0.5025617409633554,0.4974382590366447
10174,Stayed,0.3887880533082886,0.6112119466917114
43469,Left,0.7880865433137436,0.21191345668625644
10767,Left,0.9251605268703277,0.07483947312967232
61148,Left,0.664988240267101,0.33501175973289893
47101,Left,0.765941857458996,0.23405814254100402
34252,Stayed,0.4900288017893676,0.5099711982106324
72488,Left,0.8423364792611873,0.1576635207388127
15836,Left,0.7618509453447339,0.23814905465526615
23177,Stayed,0.0015557431964080548,0.998444256803592
61913,Left,0.794699628580124,0.20530037141987603
15607,Stayed,0.1412622384932014,0.8587377615067986
38449,Left,0.5557125074171654,0.44428749258283456
52700,Left,0.7569744130431693,0.2430255869568308
53989,Stayed,0.09387627420108391,0.9061237257989161
20476,Stayed,0.12372532630724342,0.8762746736927566
23081,Left,0.7228284276472621,0.27717157235273787
70050,Left,0.8851916449732325,0.11480835502676749
46513,Left,0.8436541249540292,0.15634587504597078
49400,Left,0.5143751174687909,0.485624882531209
66699,Stayed,0.46944857530528494,0.5305514246947151
56983,Left,0.8388691838283475,0.16113081617165248
20888,Stayed,0.060240895488559376,0.9397591045114406
62950,Stayed,0.016093806140902722,0.9839061938590973
39788,Left,0.9398759647277563,0.060124035272243706
10063,Stayed,0.2838758363186322,0.7161241636813678
5611,Left,0.8013205490115043,0.1986794509884957
31701,Stayed,0.06655856064042454,0.9334414393595755
74016,Left,0.9239433387508709,0.07605666124912912
51706,Stayed,0.3318101305924108,0.6681898694075892
61645,Stayed,0.38515201184117953,0.6148479881588205
4422,Left,0.8752541055184581,0.12474589448154198
68185,Left,0.8401624817054515,0.15983751829454854
41928,Stayed,0.21362097472562436,0.7863790252743756
4780,Left,0.863015068249341,0.13698493175065898
61488,Stayed,0.0643176482776886,0.9356823517223114
6272,Left,0.6637299047535696,0.3362700952464304
47809,Stayed,0.08716667553979052,0.9128333244602095
45328,Left,0.5492838295132741,0.45071617048672585
66735,Left,0.9833106184223502,0.016689381577649744
40975,Stayed,0.21889196267796807,0.7811080373220319
21269,Left,0.9154674915692015,0.08453250843079851
5396,Stayed,0.34472932412219404,0.655270675877806
34952,Left,0.8315695910562544,0.16843040894374556
73470,Stayed,0.2349604120189812,0.7650395879810188
55157,Left,0.8454936872841712,0.15450631271582885
4414,Left,0.883661482375014,0.11633851762498605
67914,Stayed,0.47242205881526844,0.5275779411847316
51608,Stayed,0.42556511518086915,0.5744348848191309
64134,Left,0.8368651472452326,0.16313485275476738
17437,Stayed,0.43221828481711466,0.5677817151828853
6351,Stayed,0.046175873016013114,0.9538241269839869
64061,Left,0.7334712468970801,0.2665287531029199
38205,Left,0.5291630912807395,0.47083690871926054
6964,Left,0.7408218047196271,0.2591781952803729
34223,Left,0.8981634651954926,0.10183653480450743
44837,Stayed,0.48878086108817576,0.5112191389118242
25154,Left,0.5525536236200156,0.4474463763799844
53316,Left,0.7851016897816346,0.21489831021836536
40894,Stayed,0.2828167021633705,0.7171832978366295
32212,Left,0.8518750440697902,0.1481249559302098
49209,Left,0.6052805284828806,0.39471947151711945
59853,Stayed,0.06486330126088091,0.9351366987391191
52031,Left,0.6916416817900386,0.30835831820996135
54131,Left,0.6463793011589598,0.35362069884104025
62311,Left,0.7313396528425207,0.2686603471574794
20428,Left,0.7717288410964621,0.22827115890353789
65509,Stayed,0.11532614617962222,0.8846738538203778
19429,Left,0.6771607497971828,0.3228392502028173
19657,Left,0.5942350953095741,0.405764904690426
69186,Left,0.9242052446910365,0.07579475530896347
26234,Left,0.9094915498809071,0.09050845011909296
17643,Stayed,0.35865376135631655,0.6413462386436835
55006,Left,0.9950178827301654,0.0049821172698346055
28047,Left,0.5938469024739962,0.4061530975260038
54089,Left,0.512197217334576,0.487802782665424
19380,Stayed,0.44027950250017867,0.5597204974998213
8194,Left,0.9061184227902058,0.09388157720979418
61058,Left,0.781549275215357,0.21845072478464303
46239,Stayed,0.05057650302821104,0.949423496971789
28182,Stayed,0.15268698093985245,0.8473130190601476
66104,Left,0.5401439807430266,0.4598560192569734
42248,Stayed,0.4207122948497617,0.5792877051502383
63340,Left,0.7436995772716932,0.2563004227283067
58239,Left,0.7747729901977756,0.22522700980222438
28439,Left,0.691942654816607,0.30805734518339295
1371,Stayed,0.4460353804504582,0.5539646195495418
5498,Stayed,0.4861748084258277,0.5138251915741723
68570,Left,0.8375803927870119,0.1624196072129881
60542,Stayed,0.11532985165918341,0.8846701483408166
29017,Left,0.6473977530449724,0.3526022469550277
67940,Left,0.688472499655664,0.31152750034433596
48208,Left,0.8125537910768443,0.18744620892315567
38036,Left,0.5589142699727622,0.44108573002723783
7384,Left,0.8255223469641159,0.1744776530358841
63845,Left,0.6879777083123103,0.3120222916876897
70047,Stayed,0.04702478154722545,0.9529752184527746
61283,Left,0.806048084452586,0.19395191554741398
56649,Stayed,0.014579581134586683,0.9854204188654133
8689,Left,0.5128246250178928,0.48717537498210717
46757,Left,0.8197660897885649,0.18023391021143506
57892,Stayed,0.20490264344007614,0.7950973565599239
28674,Left,0.7735916234421393,0.22640837655786075
58308,Left,0.7597157469975522,0.2402842530024478
44477,Left,0.7123685080190778,0.28763149198092225
66747,Stayed,0.4738367229958056,0.5261632770041944
2039,Left,0.6013957039741782,0.39860429602582176
16276,Left,0.6598548756645902,0.3401451243354098
53226,Stayed,0.1670616666474367,0.8329383333525633
71744,Stayed,0.43995776750500726,0.5600422324949927
54302,Stayed,0.36970479571585046,0.6302952042841495
59650,Left,0.74836474254153,0.25163525745847004
14656,Stayed,0.21557411644441327,0.7844258835555867
49584,Left,0.6905183507852335,0.30948164921476656
55278,Left,0.8828695715189633,0.1171304284810367
41010,Stayed,0.04349135696938966,0.9565086430306103
9285,Left,0.8079039287130174,0.1920960712869826
14165,Stayed,0.36502618520523555,0.6349738147947644
35000,Stayed,0.12513409386790453,0.8748659061320955
43434,Left,0.7166984306571276,0.2833015693428725
45457,Stayed,0.16316756181155934,0.8368324381884407
65519,Stayed,0.17153347734993551,0.8284665226500645
51729,Stayed,0.41636063261209044,0.5836393673879096
2777,Left,0.7242745628012209,0.27572543719877907
20154,Left,0.7692362455556698,0.23076375444433017
24805,Left,0.627952421235996,0.37204757876400396
7252,Left,0.9232226818904614,0.07677731810953853
46908,Left,0.5184650675567498,0.4815349324432502
58921,Left,0.6862747049092983,0.31372529509070163
41255,Stayed,0.16598597624117006,0.8340140237588299
6392,Left,0.8894509410681294,0.11054905893187063
10913,Left,0.7315401842885327,0.2684598157114673
40244,Left,0.9266293748611006,0.07337062513889936
23498,Left,0.9875894298492816,0.012410570150718473
12797,Left,0.9714956368485766,0.028504363151423334
13952,Left,0.6293548431158686,0.3706451568841314
7299,Stayed,0.44663449342641115,0.5533655065735889
51827,Left,0.667539572879714,0.33246042712028595
16114,Left,0.9655996030767576,0.03440039692324232
28237,Stayed,0.06490365402055831,0.9350963459794417
46691,Stayed,0.4542651948747083,0.5457348051252917
40790,Stayed,0.4852703325784036,0.5147296674215964
47835,Stayed,0.015642294565039627,0.9843577054349604
5786,Stayed,0.012518406171684537,0.9874815938283155
35101,Stayed,0.03358955313880696,0.966410446861193
52966,Left,0.9175635803693413,0.08243641963065872
35427,Stayed,0.21119246147718163,0.7888075385228184
44635,Stayed,0.2177713256605298,0.7822286743394702
11436,Left,0.8844697312102183,0.11553026878978163
27262,Left,0.8583438515850947,0.1416561484149052
25297,Stayed,0.23527801970734796,0.764721980292652
40270,Stayed,0.49783536870367573,0.5021646312963243
71547,Left,0.8265899721257854,0.1734100278742145
11007,Stayed,0.39759381026397955,0.6024061897360204
46107,Stayed,0.06513505991791901,0.934864940082081
2196,Left,0.8728143889473512,0.12718561105264886
70255,Stayed,0.12725694613067584,0.8727430538693242
54940,Stayed,0.08623284453427893,0.9137671554657211
46594,Stayed,0.42206967096716363,0.5779303290328364
63568,Left,0.8591790040685411,0.14082099593145894
17532,Left,0.9281320344427916,0.07186796555720847
12180,Stayed,0.3468821340276458,0.6531178659723542
49322,Stayed,0.3296512786333877,0.6703487213666123
29439,Left,0.8382631976955812,0.16173680230441875
5954,Left,0.7398861690010996,0.26011383099890034
44804,Stayed,0.2832448352640923,0.7167551647359077
7028,Stayed,0.4557737484928128,0.5442262515071872
48351,Stayed,0.08338333730658676,0.9166166626934132
5103,Stayed,0.24026591311058598,0.759734086889414
29414,Stayed,0.47440583141576,0.52559416858424
16425,Stayed,0.36042025155505153,0.6395797484449485
43025,Left,0.8264066683962541,0.17359333160374585
43459,Left,0.6664417630860765,0.3335582369139235
34353,Stayed,0.2575522688477818,0.7424477311522182
39402,Stayed,0.42709937375644347,0.5729006262435565
15042,Stayed,0.02867577492809814,0.9713242250719019
5147,Left,0.530303028224495,0.46969697177550496
46402,Stayed,0.13056223470929307,0.8694377652907069
7168,Stayed,0.3285283676651116,0.6714716323348884
56244,Left,0.8969424462302309,0.10305755376976916
13660,Left,0.9724377789582179,0.02756222104178208
21185,Stayed,0.036295250246120125,0.9637047497538799
58245,Stayed,0.017721693821931894,0.9822783061780681
69077,Left,0.9560432305356764,0.043956769464323614
18776,Stayed,0.13512630673948423,0.8648736932605158
18501,Left,0.6274005200369634,0.3725994799630365
18113,Stayed,0.04500309103845124,0.9549969089615488
43182,Stayed,0.3089414998017088,0.6910585001982912
9315,Stayed,0.0013704463183219495,0.998629553681678
13854,Stayed,0.04059443504893723,0.9594055649510628
38501,Stayed,0.2172999999174775,0.7827000000825225
47546,Left,0.8217863568970414,0.17821364310295867
197,Left,0.5499879881999946,0.4500120118000054
5119,Stayed,0.10105051442421131,0.8989494855757887
53492,Left,0.6911554304183893,0.30884456958161066
41538,Left,0.7582191820317375,0.24178081796826242
5908,Stayed,0.2841671039866335,0.7158328960133665
47537,Stayed,0.17835924121653757,0.8216407587834624
60919,Left,0.9467270090203178,0.053272990979682196
73586,Stayed,0.2815888082585425,0.7184111917414575
10747,Left,0.5036834583114806,0.4963165416885194
10065,Left,0.8141903290059135,0.18580967099408655
68529,Left,0.6712161735923172,0.3287838264076828
43628,Stayed,0.16919690568793166,0.8308030943120683
62894,Stayed,0.40461404979928595,0.595385950200714
73323,Left,0.6985055068465171,0.30149449315348287
26113,Left,0.7257434040848542,0.27425659591514584
54391,Left,0.5607987411638536,0.43920125883614636
73699,Left,0.7077598472385956,0.29224015276140436
8973,Left,0.9165493246379933,0.08345067536200665
27063,Stayed,0.21009814961529094,0.7899018503847091
12499,Left,0.7104003024590922,0.28959969754090775
57240,Stayed,0.41338009543326615,0.5866199045667339
16086,Left,0.6400986354983547,0.3599013645016453
57498,Stayed,0.3696786150168755,0.6303213849831245
25678,Left,0.6790909383791368,0.3209090616208632
5399,Stayed,0.3555583850603543,0.6444416149396457
26921,Stayed,0.14671757217524695,0.853282427824753
24789,Stayed,0.1307914168659421,0.8692085831340579
10344,Stayed,0.37503619500262975,0.6249638049973703
21539,Stayed,0.2747491850415842,0.7252508149584158
49035,Left,0.5412021722248279,0.45879782777517203
58333,Left,0.53229523035181,0.4677047696481899
60726,Left,0.6326670422180475,0.3673329577819525
21483,Stayed,0.09179340835567107,0.9082065916443289
25077,Left,0.7828278761884284,0.21717212381157153
26164,Left,0.5816771398117194,0.4183228601882806
66848,Stayed,0.08594202613050628,0.9140579738694937
69390,Stayed,0.4650608608419905,0.5349391391580095
58365,Stayed,0.11222146957031864,0.8877785304296814
36404,Left,0.9895881672021132,0.010411832797886838
66793,Left,0.678143242892965,0.32185675710703493
39806,Left,0.8401094157436851,0.15989058425631486
20549,Stayed,0.2240737765646671,0.7759262234353329
52091,Stayed,0.44031955910306486,0.5596804408969351
70166,Stayed,0.10394956921911802,0.896050430780882
24781,Stayed,0.04504286069640606,0.9549571393035939
50004,Stayed,0.43970810016697126,0.5602918998330287
56271,Stayed,0.38107925850444513,0.6189207414955549
40007,Left,0.7687166645997947,0.2312833354002053
70983,Stayed,0.353829778990877,0.646170221009123
42778,Stayed,0.015063408807510115,0.9849365911924899
30992,Left,0.5443817516407056,0.45561824835929443
21862,Left,0.9287010119778294,0.07129898802217055
2330,Left,0.9257075871111276,0.07429241288887241
63682,Left,0.6680765005425457,0.3319234994574543
50413,Stayed,0.4962720708238505,0.5037279291761495
4073,Left,0.6084567437749504,0.39154325622504954
33609,Left,0.9775508347673261,0.02244916523267392
68539,Left,0.7449559874369991,0.2550440125630009
70173,Left,0.75511715892212,0.24488284107788005
36065,Left,0.9719813629774764,0.028018637022523638
29650,Stayed,0.4685437373571121,0.5314562626428879
15125,Left,0.9334064626938046,0.0665935373061955
72659,Stayed,0.1993555105237237,0.8006444894762763
48203,Left,0.8895123246113601,0.11048767538863993
43607,Left,0.9359007357178601,0.0640992642821399
66334,Left,0.8662131545093456,0.13378684549065445
42503,Left,0.5709605853546842,0.42903941464531586
48746,Stayed,0.42863313312542983,0.5713668668745702
69782,Left,0.6006621930171896,0.39933780698281035
53713,Stayed,0.11160214401343771,0.8883978559865623
69169,Left,0.6940031646434681,0.3059968353565318
13711,Left,0.9697685544345891,0.030231445565410953
34945,Stayed,0.041737574334892225,0.9582624256651078
11381,Stayed,0.3136130387589803,0.6863869612410197
32320,Stayed,0.23434113726581018,0.7656588627341898
52214,Left,0.691670759883966,0.30832924011603396
20538,Stayed,0.23539876054078457,0.7646012394592154
48627,Stayed,0.27276877871524585,0.7272312212847541
36167,Left,0.8717082884450343,0.1282917115549657
14562,Stayed,0.290270357834571,0.709729642165429
644,Stayed,0.17809434995501938,0.8219056500449806
6374,Left,0.7951066671419886,0.20489333285801142
29133,Left,0.7484966253805665,0.25150337461943345
5334,Stayed,0.38111069116519836,0.6188893088348016
7282,Left,0.9532926523924246,0.0467073476075755
59535,Stayed,0.279409306153359,0.720590693846641
26894,Stayed,0.1706456120858718,0.8293543879141282
12504,Left,0.6461705415062656,0.3538294584937344
12544,Left,0.7838138824366437,0.2161861175633563
13343,Stayed,0.23532026243897097,0.764679737561029
53978,Left,0.8593501869260277,0.1406498130739723
51577,Stayed,0.04099925472397792,0.9590007452760221
27505,Left,0.8861285596674855,0.11387144033251448
48819,Left,0.6922045996789102,0.30779540032108976
68743,Left,0.5187415985493224,0.4812584014506776
58869,Stayed,0.3277888893090225,0.6722111106909775
59685,Stayed,0.3380706039897047,0.6619293960102953
7726,Stayed,0.37388594178483703,0.626114058215163
41175,Left,0.6014440159935623,0.3985559840064377
72273,Stayed,0.045678574943331274,0.9543214250566687
42353,Stayed,0.023305805377180966,0.976694194622819
43213,Stayed,0.05788422210233524,0.9421157778976648
33620,Stayed,0.19798802620021283,0.8020119737997872
12404,Left,0.6651286986642164,0.3348713013357835
54471,Left,0.7482879357489369,0.2517120642510631
51270,Stayed,0.06859688906289274,0.9314031109371073
69763,Stayed,0.434247233718406,0.565752766281594
63029,Stayed,0.4546832879738084,0.5453167120261916
24944,Stayed,0.2621972406914751,0.7378027593085249
56172,Left,0.552916236933395,0.447083763066605
41672,Left,0.7589047505513196,0.24109524944868047
23676,Left,0.5035886374381457,0.4964113625618543
54250,Stayed,0.46404924871510234,0.5359507512848977
21563,Stayed,0.424986314300274,0.575013685699726
58083,Left,0.7479569553670845,0.2520430446329155
57053,Left,0.7591276413590314,0.2408723586409686
38880,Left,0.8875462032126076,0.11245379678739247
57626,Stayed,0.44640620642545725,0.5535937935745427
51966,Stayed,0.042809235864802786,0.9571907641351972
62528,Stayed,0.46843455199661976,0.5315654480033802
69249,Left,0.9344099786199657,0.06559002138003436
5548,Stayed,0.16355638506531778,0.8364436149346822
58253,Left,0.649960070757415,0.350039929242585
44314,Left,0.6776134443741573,0.3223865556258427
44924,Stayed,0.47219073926467847,0.5278092607353215
42422,Left,0.9637008400694222,0.036299159930577765
71988,Left,0.7904594978956148,0.2095405021043853
44072,Stayed,0.2563334192331297,0.7436665807668703
61738,Stayed,0.40098850737988123,0.5990114926201188
30587,Stayed,0.16913190971519643,0.8308680902848036
29307,Stayed,0.10318567432587356,0.8968143256741264
2437,Left,0.8378727080525207,0.16212729194747932
9721,Stayed,0.476221735858971,0.523778264141029
7101,Stayed,0.2845835525262035,0.7154164474737965
11793,Stayed,0.3070495066124048,0.6929504933875952
71606,Stayed,0.33723788086729867,0.6627621191327013
41213,Stayed,0.40079431867513293,0.5992056813248671
59603,Stayed,0.039885699918163264,0.9601143000818367
21520,Stayed,0.05082269693156283,0.9491773030684372
10036,Left,0.9115216757348674,0.08847832426513264
9084,Left,0.7342489610551595,0.26575103894484053
36988,Left,0.5436047208463529,0.4563952791536471
7023,Left,0.8114223723303573,0.18857762766964273
22036,Stayed,0.3463152727534773,0.6536847272465227
66507,Stayed,0.3345724302287141,0.6654275697712859
66153,Left,0.5351385421511528,0.4648614578488472
72581,Left,0.6487462070445036,0.35125379295549647
48936,Stayed,0.327950340157552,0.672049659842448
58849,Stayed,0.16986879865231963,0.8301312013476804
15863,Left,0.9205493334047914,0.07945066659520861
18353,Left,0.7939964043830435,0.2060035956169565
64560,Left,0.9850856883288066,0.014914311671193425
774,Left,0.8262974748879846,0.1737025251120155
69770,Left,0.7445405766547954,0.2554594233452045
18049,Left,0.7447753711154821,0.25522462888451797
46392,Stayed,0.3764272303493267,0.6235727696506733
30800,Stayed,0.022884075668521908,0.9771159243314781
31139,Left,0.6379781474399542,0.36202185256004576
34401,Left,0.8696184052852851,0.1303815947147149
35797,Stayed,0.1934771502010395,0.8065228497989605
27048,Left,0.8564975850925041,0.1435024149074959
21710,Left,0.8022544444902474,0.19774555550975262
49088,Stayed,0.04140186222395281,0.9585981377760472
33037,Stayed,0.30520328829862575,0.6947967117013742
71625,Stayed,0.07542969016774481,0.9245703098322552
47329,Left,0.5206690962830032,0.4793309037169968
23456,Stayed,0.33513765238958126,0.6648623476104187
15744,Left,0.7084236723435777,0.29157632765642233
36091,Left,0.9685897598936699,0.03141024010633014
1373,Stayed,0.258955709898688,0.741044290101312
67416,Stayed,0.1783091887344883,0.8216908112655117
53268,Stayed,0.14354828675531006,0.8564517132446899
20565,Stayed,0.2624295423183486,0.7375704576816514
2680,Left,0.6002541567984083,0.3997458432015917
51555,Left,0.5645588859382665,0.43544111406173347
25572,Left,0.8136034777571999,0.1863965222428001
40262,Left,0.8492822835407291,0.15071771645927087
59647,Left,0.9497679718930454,0.050232028106954575
17125,Left,0.8350816017980729,0.16491839820192716
21205,Stayed,0.46428444574288985,0.5357155542571101
44510,Stayed,0.0327807644252992,0.9672192355747008
25172,Stayed,0.39982414698721136,0.6001758530127886
46406,Stayed,0.009272034233138271,0.9907279657668617
42541,Left,0.6507522051201338,0.3492477948798662
36782,Left,0.611258866960516,0.388741133039484
10381,Left,0.5013898291239944,0.4986101708760056
9207,Left,0.613188388065294,0.38681161193470603
30380,Left,0.8436292147239128,0.1563707852760871
30199,Stayed,0.13237932213205195,0.867620677867948
56811,Left,0.6915019767046935,0.30849802329530646
15275,Stayed,0.4028845304434815,0.5971154695565185
39469,Left,0.6444286582055838,0.35557134179441624
33198,Left,0.8561984411890345,0.14380155881096549
37818,Stayed,0.11873384769017015,0.8812661523098299
59420,Stayed,0.11266121875034008,0.8873387812496599
12266,Left,0.8707743758865188,0.12922562411348115
68556,Stayed,0.44116286026180496,0.558837139738195
42260,Left,0.8622550007607048,0.13774499923929517
15898,Stayed,0.07135092793886322,0.9286490720611368
3057,Stayed,0.4558651618220777,0.5441348381779223
525,Stayed,0.3067768110219644,0.6932231889780356
68702,Left,0.8013525571150444,0.19864744288495567
12848,Left,0.5851936031314927,0.4148063968685073
30534,Left,0.7509201608916709,0.2490798391083291
2351,Left,0.8657485634370053,0.13425143656299468
9094,Stayed,0.4749831966835468,0.5250168033164532
47757,Stayed,0.10037176339304055,0.8996282366069595
70546,Stayed,0.3130949627966052,0.6869050372033948
66632,Stayed,0.4192905767103947,0.5807094232896053
71746,Left,0.7753517902525744,0.22464820974742558
66089,Left,0.6754926234231804,0.32450737657681966
5822,Left,0.6519602769579531,0.34803972304204694
18604,Stayed,0.18712431729450485,0.8128756827054952
17325,Left,0.6911431538426884,0.3088568461573116
53370,Left,0.9832568192349833,0.016743180765016734
55484,Stayed,0.1561089408699915,0.8438910591300085
24711,Stayed,0.42979080048662055,0.5702091995133794
11098,Left,0.9494589156567161,0.05054108434328391
65762,Left,0.6657355002640173,0.33426449973598277
71877,Stayed,0.450662097061984,0.549337902938016
29267,Left,0.9056670176084074,0.09433298239159263
45086,Left,0.7845259560562088,0.21547404394379127
49805,Stayed,0.298299577571259,0.701700422428741
32058,Stayed,0.07086604385742168,0.9291339561425783
37152,Left,0.8949075313620422,0.1050924686379578
8045,Left,0.6350793468194327,0.36492065318056727
29100,Left,0.7963719404544358,0.20362805954556415
69521,Stayed,0.40597798517713857,0.5940220148228614
71068,Left,0.5252443895888177,0.47475561041118236
4746,Left,0.509599841604299,0.4904001583957009
21502,Stayed,0.33593073571456533,0.6640692642854347
7193,Left,0.987584427865183,0.01241557213481707
54383,Left,0.8387877754554904,0.1612122245445096
28740,Stayed,0.45602811153995226,0.5439718884600477
61795,Left,0.8930067651376922,0.1069932348623078
72977,Left,0.5260881531748363,0.4739118468251637
29323,Left,0.8569744036888848,0.1430255963111152
45177,Stayed,0.0777238643216911,0.9222761356783089
33912,Left,0.8197680381116913,0.1802319618883087
54118,Stayed,0.05151125676091817,0.9484887432390818
68076,Stayed,0.28790750394710707,0.7120924960528929
43583,Left,0.8063469753273894,0.19365302467261056
66661,Left,0.8129039521787756,0.18709604782122438
3804,Stayed,0.014662597189320947,0.985337402810679
10959,Left,0.6796349565911568,0.3203650434088432
67885,Stayed,0.4001048353103732,0.5998951646896268
59305,Stayed,0.4569789725271566,0.5430210274728434
19171,Left,0.8235188323767576,0.17648116762324237
71307,Stayed,0.13828502714871382,0.8617149728512862
57335,Left,0.6085317741704519,0.3914682258295481
18946,Left,0.6936439620545063,0.30635603794549365
69056,Stayed,0.09257517206335508,0.9074248279366449
68588,Stayed,0.37248883458322635,0.6275111654167737
36634,Stayed,0.18147869448592657,0.8185213055140734
62395,Stayed,0.25561904478246533,0.7443809552175347
15007,Stayed,0.33200846681827556,0.6679915331817244
68826,Left,0.8435620240480625,0.1564379759519375
53001,Left,0.9083549074064979,0.09164509259350208
46636,Left,0.5083379448459724,0.49166205515402756
54702,Stayed,0.039405978755365334,0.9605940212446347
23275,Stayed,0.4289374355658463,0.5710625644341537
57204,Stayed,0.24548103210484906,0.7545189678951509
53099,Left,0.8695315845144584,0.13046841548554153
57000,Left,0.874194687072194,0.12580531292780597
44276,Left,0.7455195112743445,0.2544804887256556
36032,Stayed,0.017325214355900842,0.9826747856440992
41953,Stayed,0.3855421442815473,0.6144578557184527
56143,Stayed,0.42828057718823864,0.5717194228117614
5263,Stayed,0.2608424337912286,0.7391575662087714
36987,Stayed,0.22743336506444922,0.7725666349355508
66934,Stayed,0.05362392690764006,0.9463760730923599
59591,Left,0.5249365220122939,0.47506347798770604
31917,Left,0.6441674650876889,0.35583253491231115
64425,Left,0.6240788763493011,0.37592112365069885
55095,Left,0.6245931108613152,0.37540688913868475
2450,Left,0.7505064678685832,0.2494935321314168
65564,Left,0.6613845823838587,0.3386154176161413
70074,Stayed,0.12170266344820613,0.8782973365517939
33073,Stayed,0.31590944264765386,0.6840905573523461
13771,Left,0.5533826302701892,0.44661736972981086
15682,Stayed,0.3819179579749621,0.6180820420250379
21500,Left,0.9349341523744678,0.06506584762553226
31279,Left,0.8878857212970144,0.11211427870298564
43829,Stayed,0.1314265761444201,0.8685734238555799
2728,Left,0.9739686002162566,0.02603139978374338
17464,Left,0.5622975349096488,0.4377024650903511
45094,Stayed,0.18801915856641072,0.8119808414335893
72490,Left,0.6048203125978455,0.3951796874021545
71467,Left,0.612047516278207,0.38795248372179303
47031,Left,0.9195100572705196,0.0804899427294804
8526,Left,0.842899665988182,0.15710033401181794
33639,Stayed,0.26831834362970053,0.7316816563702995
9421,Stayed,0.18127306486863826,0.8187269351313617
13248,Left,0.818564366484582,0.181435633515418
56599,Stayed,0.15411423494535026,0.8458857650546497
55510,Stayed,0.13420706870803567,0.8657929312919643
61364,Stayed,0.15501064282492638,0.8449893571750736
54058,Stayed,0.35841918282896734,0.6415808171710327
63257,Stayed,0.3754164530189651,0.6245835469810349
44178,Stayed,0.22359652455905854,0.7764034754409415
57122,Stayed,0.19362796728388976,0.8063720327161102
72476,Stayed,0.4681812181316355,0.5318187818683645
20590,Stayed,0.38967112500244805,0.610328874997552
39546,Stayed,0.32848718269852173,0.6715128173014783
7428,Left,0.8763480949797766,0.12365190502022337
25765,Stayed,0.20912014620372832,0.7908798537962717
12321,Left,0.7739026961405776,0.22609730385942237
31571,Stayed,0.019558248951879187,0.9804417510481208
45423,Stayed,0.14328064445464272,0.8567193555453573
7717,Stayed,0.47948155821577054,0.5205184417842295
71072,Left,0.5170034671718342,0.48299653282816574
17889,Left,0.9378088963795372,0.06219110362046277
61793,Left,0.631001324286838,0.3689986757131621
44339,Left,0.8645467323806879,0.13545326761931215
37340,Stayed,0.3958520065026776,0.6041479934973224
56351,Left,0.8509608100439521,0.14903918995604792
30981,Stayed,0.08108341919597073,0.9189165808040293
43609,Stayed,0.4331718719853558,0.5668281280146442
13438,Left,0.7179515035503753,0.2820484964496247
40443,Left,0.8860431267076901,0.11395687329230986
51877,Left,0.8427111871835598,0.15728881281644028
51078,Left,0.9889218956142215,0.01107810438577851
55276,Left,0.983425201648295,0.016574798351704965
36150,Stayed,0.06599860571204041,0.9340013942879596
69219,Stayed,0.23773090484422288,0.7622690951557771
37719,Stayed,0.4056887360111905,0.5943112639888095
54451,Left,0.961997082804672,0.03800291719532804
34068,Left,0.9793627691684552,0.020637230831544767
44077,Stayed,0.11649718650744778,0.8835028134925522
37363,Stayed,0.056707191459005823,0.9432928085409942
67636,Left,0.9237576853082602,0.07624231469173981
40115,Left,0.7429765948340079,0.25702340516599215
51397,Left,0.6183115629914491,0.3816884370085509
33957,Left,0.9312697146437685,0.06873028535623149
66495,Stayed,0.07950003359205726,0.9204999664079427
26024,Left,0.5882210207051164,0.41177897929488355
68822,Left,0.9126275298598374,0.08737247014016264
67865,Left,0.7789532967171049,0.22104670328289505
36801,Left,0.8544556356341413,0.14554436436585866
14474,Stayed,0.06509348908720725,0.9349065109127928
71058,Stayed,0.22985467520918612,0.7701453247908139
24466,Left,0.686625481180678,0.313374518819322
7481,Stayed,0.29366628838335873,0.7063337116166413
64829,Left,0.7053079314970789,0.294692068502921
44223,Stayed,0.4660923728959271,0.5339076271040729
48486,Left,0.8015925590467894,0.19840744095321067
32492,Stayed,0.4439927908895146,0.5560072091104854
48629,Left,0.6937765372219222,0.3062234627780778
63367,Stayed,0.025971459571331512,0.9740285404286685
45993,Stayed,0.007594821388599238,0.9924051786114008
48099,Left,0.7932039249473977,0.2067960750526024
14205,Stayed,0.18788511369299754,0.8121148863070025
32368,Left,0.8620219428323148,0.13797805716768524
61239,Stayed,0.37395771271461564,0.6260422872853844
70132,Left,0.9280043461485857,0.07199565385141425
61427,Left,0.9155609504612482,0.08443904953875185
43252,Left,0.6732601070088227,0.3267398929911773
34523,Left,0.5528888254125488,0.4471111745874512
33393,Left,0.9683168588808553,0.031683141119144664
33005,Stayed,0.10892484189051332,0.8910751581094867
35788,Left,0.6083111824681268,0.39168881753187323
25195,Stayed,0.06212706841820037,0.9378729315817996
63011,Left,0.8443670071727456,0.15563299282725435
11100,Left,0.847656310017953,0.15234368998204695
1286,Stayed,0.16332557208557563,0.8366744279144244
18964,Left,0.5195683978286557,0.4804316021713443
4592,Stayed,0.04550988302359982,0.9544901169764002
9156,Left,0.9610687290052283,0.03893127099477165
23971,Stayed,0.4679730472872289,0.5320269527127711
72430,Stayed,0.27847745434399684,0.7215225456560032
66682,Stayed,0.007916144884300813,0.9920838551156992
43568,Stayed,0.12834711030412416,0.8716528896958758
45432,Left,0.67390333411639,0.32609666588361
70001,Stayed,0.12934370177438526,0.8706562982256147
49817,Stayed,0.3300847080198789,0.6699152919801211
72727,Left,0.6740533810875504,0.3259466189124496
50971,Stayed,0.2433991129722325,0.7566008870277675
69494,Stayed,0.4137015572007541,0.5862984427992459
27593,Left,0.5755774488483245,0.42442255115167543
51620,Left,0.8801767942342613,0.11982320576573871
52616,Left,0.7969022723291008,0.2030977276708992
4802,Stayed,0.10987038659614035,0.8901296134038597
51219,Stayed,0.13979864311689816,0.8602013568831018
66703,Stayed,0.3432774127299385,0.6567225872700615
3182,Left,0.8609501410308962,0.13904985896910385
62082,Left,0.9256933253594543,0.0743066746405457
6559,Stayed,0.3872150061040216,0.6127849938959784
9770,Left,0.675470146376176,0.324529853623824
8466,Stayed,0.006475706579133322,0.9935242934208667
29559,Stayed,0.43104152321875344,0.5689584767812466
12001,Left,0.7395721229245983,0.2604278770754017
37177,Stayed,0.039474924824591584,0.9605250751754084
31745,Stayed,0.253836748223786,0.746163251776214
45152,Stayed,0.28212849237953497,0.717871507620465
62550,Left,0.7564163593784529,0.24358364062154717
19851,Left,0.7923388357444909,0.20766116425550907
66014,Stayed,0.08085768023708995,0.91914231976291
3803,Stayed,0.020640171868954393,0.9793598281310456
6943,Stayed,0.048102920391658865,0.9518970796083411
38152,Stayed,0.46587566188015983,0.5341243381198402
5360,Stayed,0.3517327238211888,0.6482672761788112
46605,Stayed,0.13813501295829,0.86186498704171
22537,Stayed,0.48122598560180496,0.518774014398195
33769,Stayed,0.2217706185282684,0.7782293814717316
1519,Stayed,0.4111855882210922,0.5888144117789078
21127,Stayed,0.17941064051435585,0.8205893594856442
60806,Stayed,0.006224432521976797,0.9937755674780232
31165,Stayed,0.15903865308266152,0.8409613469173385
59607,Stayed,0.339619991289685,0.660380008710315
61440,Left,0.8895088525621233,0.11049114743787669
67275,Left,0.7225661957245781,0.2774338042754218
59575,Left,0.9755633214020775,0.024436678597922572
52040,Left,0.5776827350355679,0.4223172649644321
44663,Left,0.9832828186184852,0.016717181381514755
62729,Left,0.9950210551555108,0.004978944844489253
55112,Stayed,0.25102108406892465,0.7489789159310754
10956,Stayed,0.41291179716769477,0.5870882028323052
26345,Left,0.949902975819916,0.05009702418008394
32657,Stayed,0.27138739157119773,0.7286126084288023
30518,Left,0.7478491141038517,0.25215088589614837
10573,Stayed,0.09242606844800627,0.9075739315519937
67027,Stayed,0.49409020110956625,0.5059097988904337
70046,Stayed,0.020131517484044292,0.9798684825159557
62900,Stayed,0.02594186036739654,0.9740581396326035
34450,Left,0.9577223844933322,0.04227761550666775
71910,Left,0.506571889078346,0.49342811092165395
36907,Left,0.636651073409336,0.363348926590664
74182,Left,0.9761360774365843,0.02386392256341578
48041,Stayed,0.11529779071474577,0.8847022092852542
67753,Stayed,0.04082593755280994,0.9591740624471901
53208,Left,0.6103197598344264,0.38968024016557357
71442,Stayed,0.4171846316788854,0.5828153683211146
64808,Left,0.6848658713963103,0.3151341286036897
61609,Stayed,0.43369454229465376,0.5663054577053462
67900,Left,0.9521192081092323,0.04788079189076769
68127,Left,0.6826051888434451,0.3173948111565549
37441,Left,0.752192924855072,0.24780707514492797
70186,Left,0.8881515251980852,0.11184847480191487
16253,Left,0.8103950533695159,0.18960494663048405
30504,Left,0.597987260583174,0.402012739416826
38173,Stayed,0.36845792576141956,0.6315420742385804
16195,Left,0.9748685629383315,0.025131437061668496
28357,Left,0.659298404966175,0.3407015950338251
49156,Stayed,0.026920894987027433,0.9730791050129726
67616,Stayed,0.4560372205387886,0.5439627794612114
53225,Stayed,0.38531391000109194,0.6146860899989081
21490,Stayed,0.027685308061436542,0.9723146919385635
68571,Stayed,0.3161634695449915,0.6838365304550085
43160,Stayed,0.027091869516935096,0.9729081304830649
12213,Left,0.7405846773955236,0.25941532260447636
60766,Left,0.8699811447148704,0.1300188552851296
41088,Left,0.822978634425434,0.1770213655745661
28113,Stayed,0.16241798509072047,0.8375820149092795
13346,Stayed,0.09611895203728982,0.9038810479627102
6285,Left,0.8740033348930113,0.12599666510698868
35835,Stayed,0.1271556784631972,0.8728443215368028
39692,Left,0.9741918126769129,0.025808187323087057
477,Left,0.6929390326269009,0.30706096737309907
52882,Left,0.6812856615739538,0.31871433842604624
57353,Left,0.801422573899677,0.19857742610032303
5074,Stayed,0.3293730087247384,0.6706269912752616
5642,Stayed,0.06786700322106332,0.9321329967789367
73484,Stayed,0.37092399523484143,0.6290760047651586
48552,Left,0.857515628029814,0.142484371970186
6404,Stayed,0.09773232359313488,0.9022676764068651
51676,Stayed,0.41773730916750695,0.582262690832493
43529,Left,0.7699697147517719,0.23003028524822816
1425,Stayed,0.41714879055192255,0.5828512094480774
18095,Stayed,0.09009087014925077,0.9099091298507492
24413,Left,0.7466452657101168,0.25335473428988314
39061,Stayed,0.0027874167334510647,0.9972125832665489
20587,Left,0.500463357328951,0.4995366426710491
38988,Left,0.5091846023164908,0.49081539768350924
65535,Stayed,0.04170479968346452,0.9582952003165355
36097,Stayed,0.12311693211757924,0.8768830678824208
3048,Left,0.7950637495526403,0.2049362504473597
12678,Stayed,0.4370986052432292,0.5629013947567708
2557,Stayed,0.2873142820461849,0.7126857179538151
36299,Stayed,0.3837418402783147,0.6162581597216853
49318,Left,0.6352611215522341,0.3647388784477659
6265,Stayed,0.4703345954092334,0.5296654045907666
28809,Stayed,0.3023569821794896,0.6976430178205104
20092,Stayed,0.19527228364698535,0.8047277163530147
38966,Stayed,0.4923106615011701,0.5076893384988299
58173,Left,0.6910711128398037,0.3089288871601963
44162,Left,0.6432587522011082,0.3567412477988918
12604,Stayed,0.33552706587650527,0.6644729341234947
5174,Left,0.9835356505104575,0.016464349489542406
28939,Stayed,0.11122941479093462,0.8887705852090654
38084,Left,0.8257305128791557,0.1742694871208443
41405,Left,0.8989026838623229,0.10109731613767711
39232,Stayed,0.21358674071107608,0.7864132592889239
67413,Left,0.7812772489397214,0.21872275106027858
69294,Left,0.7329626155969947,0.2670373844030053
45890,Stayed,0.32931588791787136,0.6706841120821286
40250,Left,0.626386185904366,0.373613814095634
51042,Stayed,0.4126385942935398,0.5873614057064602
7325,Left,0.5799243615966629,0.42007563840333706
10094,Left,0.9276328813254223,0.07236711867457764
8967,Left,0.6134686511828,0.3865313488172
26125,Stayed,0.07581339257051489,0.9241866074294851
25404,Stayed,0.4582744005315016,0.5417255994684984
17498,Stayed,0.059518574879469655,0.9404814251205303
34108,Stayed,0.29648384462698707,0.7035161553730129
25894,Left,0.9246879789936046,0.0753120210063954
47650,Left,0.891527680501529,0.10847231949847103
59494,Stayed,0.07378076994665639,0.9262192300533436
37502,Left,0.688098607241241,0.31190139275875906
47626,Stayed,0.04407706957996993,0.9559229304200301
33416,Left,0.5814197656297304,0.4185802343702696
23790,Left,0.5900118940686976,0.40998810593130247
39401,Stayed,0.2477651095433956,0.7522348904566044
50077,Stayed,0.4342814865766971,0.5657185134233029
48257,Stayed,0.2507633851908604,0.7492366148091396
30627,Left,0.5922158219043943,0.4077841780956058
53274,Stayed,0.37603838633226006,0.62396161366774
8778,Stayed,0.1831454521398973,0.8168545478601027
38314,Stayed,0.17257266783605218,0.8274273321639478
65696,Left,0.6027334170216494,0.39726658297835055
30018,Stayed,0.39365734511624106,0.6063426548837589
49485,Stayed,0.007860758238605547,0.9921392417613945
45235,Stayed,0.3656303801059668,0.6343696198940332
28443,Stayed,0.33931812023172014,0.6606818797682799
26487,Stayed,0.3887436435624414,0.6112563564375586
68864,Stayed,0.22620796475584037,0.7737920352441596
40222,Left,0.552118982756117,0.4478810172438829
40514,Stayed,0.11685068199217319,0.8831493180078268
44907,Stayed,0.09032971157295433,0.9096702884270457
20128,Stayed,0.1568709392810972,0.8431290607189028
1642,Stayed,0.23977599376543635,0.7602240062345637
68909,Stayed,0.003505478470452239,0.9964945215295478
68221,Stayed,0.022805690244666277,0.9771943097553337
40172,Stayed,0.4351795617990377,0.5648204382009623
24567,Stayed,0.07439094705282878,0.9256090529471712
35885,Left,0.9024969014283865,0.09750309857161352
35822,Stayed,0.14653969027483205,0.853460309725168
51505,Left,0.8885684141825608,0.11143158581743921
31215,Left,0.6417720348454272,0.35822796515457284
54485,Stayed,0.45587740136412747,0.5441225986358725
73434,Left,0.8007376813012045,0.19926231869879554
57020,Left,0.6132377538348281,0.3867622461651719
43667,Stayed,0.2367621949712918,0.7632378050287082
20039,Left,0.5744270223077369,0.4255729776922631
757,Left,0.7196804311300959,0.28031956886990406
71553,Left,0.7501741079968124,0.2498258920031876
53387,Stayed,0.03113044582139224,0.9688695541786078
48086,Stayed,0.23048735955720856,0.7695126404427914
40519,Left,0.8550057044701471,0.14499429552985293
39937,Left,0.6578947764334326,0.34210522356656736
9406,Left,0.5656617060861544,0.43433829391384565
36050,Left,0.7196309689983013,0.28036903100169874
53049,Stayed,0.14740329882195624,0.8525967011780438
43560,Left,0.6273468659573305,0.3726531340426695
63365,Stayed,0.2424366101538432,0.7575633898461568
53996,Stayed,0.24431887943992736,0.7556811205600726
32905,Stayed,0.08629312142257428,0.9137068785774257
43814,Stayed,0.44172162285621985,0.5582783771437801
54057,Stayed,0.20653479175401612,0.7934652082459839
42252,Left,0.9029833894975038,0.09701661050249617
48647,Stayed,0.47681604797422394,0.5231839520257761
16752,Stayed,0.15293133625124833,0.8470686637487517
45479,Left,0.8036279157528023,0.19637208424719765
8558,Left,0.9332876721147666,0.06671232788523343
45555,Left,0.9817615808059703,0.018238419194029704
52719,Stayed,0.19019573995223826,0.8098042600477617
26829,Stayed,0.4005745422742074,0.5994254577257926
4362,Left,0.983373909719143,0.016626090280856997
68309,Stayed,0.12364805244370247,0.8763519475562975
29644,Left,0.966907703306938,0.033092296693062004
41595,Stayed,0.061755923875019936,0.9382440761249801
29523,Stayed,0.4948707934069019,0.5051292065930981
64523,Left,0.9578356610331319,0.042164338966868074
33463,Stayed,0.034241431517943344,0.9657585684820567
3133,Left,0.6851696553088911,0.314830344691109
66950,Stayed,0.13268893321377306,0.8673110667862269
17279,Stayed,0.4706202033795024,0.5293797966204976
25345,Left,0.54506686368723,0.45493313631277
59416,Stayed,0.03685469247967632,0.9631453075203237
32483,Stayed,0.40220943410469034,0.5977905658953097
8399,Left,0.5627508187254554,0.4372491812745446
46508,Stayed,0.15826052076837716,0.8417394792316228
23869,Stayed,0.2695421660929037,0.7304578339070963
47857,Stayed,0.4828924426442436,0.5171075573557564
30141,Left,0.9258648078163101,0.07413519218368987
23797,Stayed,0.2599937662958619,0.7400062337041381
66019,Left,0.6756244495450334,0.3243755504549665
63470,Stayed,0.3988585928813928,0.6011414071186072
41842,Left,0.6155546073519487,0.3844453926480513
47195,Left,0.7383651493557797,0.26163485064422026
35346,Left,0.6055382725654116,0.3944617274345884
27137,Stayed,0.23610471795197518,0.7638952820480248
47381,Left,0.774934512116091,0.225065487883909
64869,Left,0.9160857234046069,0.08391427659539302
7992,Left,0.8590112527975172,0.1409887472024828
46347,Stayed,0.2467910116244315,0.7532089883755685
41267,Stayed,0.388237632728748,0.611762367271252
9024,Left,0.9024910828424707,0.09750891715752925
45056,Left,0.7789860129827343,0.22101398701726568
27309,Stayed,0.21301205734868345,0.7869879426513166
17584,Left,0.9652561474219992,0.03474385257800082
57470,Stayed,0.01936403431375,0.98063596568625
14244,Stayed,0.4939329200132755,0.5060670799867245
8356,Stayed,0.2569191327341326,0.7430808672658674
22513,Stayed,0.3816922060284562,0.6183077939715438
33516,Left,0.60844921262268,0.39155078737731996
42389,Stayed,0.2984621800848888,0.7015378199151112
3212,Left,0.9498723301589876,0.05012766984101232
59531,Left,0.9635069835867672,0.036493016413232764
23414,Left,0.8823483260434064,0.11765167395659357
16829,Left,0.7656619668075649,0.23433803319243504
15001,Left,0.6036564532698856,0.3963435467301144
2993,Stayed,0.1199129147804252,0.8800870852195748
60860,Stayed,0.015861298502202636,0.9841387014977974
73382,Left,0.6394575249395565,0.36054247506044346
28815,Left,0.7471287010121679,0.25287129898783217
63453,Stayed,0.12266947385920668,0.8773305261407933
46056,Left,0.5401216905324024,0.4598783094675975
47945,Left,0.7727927352925302,0.2272072647074698
64509,Left,0.7083011713074426,0.29169882869255737
70902,Stayed,0.01526485049918136,0.9847351495008186
1414,Stayed,0.3354512377934836,0.6645487622065164
37767,Stayed,0.032515535534727524,0.9674844644652725
6176,Stayed,0.24426864170034324,0.7557313582996568
8064,Left,0.9366205039512133,0.06337949604878663
13109,Left,0.6470929444224055,0.3529070555775945
34098,Left,0.631693562508243,0.36830643749175696
40852,Left,0.7825574086552876,0.2174425913447124
67210,Stayed,0.14716850298418416,0.8528314970158158
54237,Left,0.7433362039491758,0.2566637960508243
22887,Left,0.88904650350708,0.11095349649292002
71100,Stayed,0.18987526262061905,0.810124737379381
4664,Left,0.634672653404867,0.365327346595133
61914,Stayed,0.0588586522547726,0.9411413477452274
44270,Stayed,0.200326986036386,0.799673013963614
29187,Stayed,0.07907503006386041,0.9209249699361396
47380,Stayed,0.473376425084282,0.526623574915718
68925,Stayed,0.48207001580675624,0.5179299841932438
54876,Stayed,0.024950039944623303,0.9750499600553767
73604,Stayed,0.3334823126649341,0.6665176873350659
74055,Stayed,0.25773069244377056,0.7422693075562294
29160,Stayed,0.0055676063598182335,0.9944323936401818
27513,Stayed,0.10608388583921169,0.8939161141607883
12268,Left,0.7255953899661959,0.2744046100338041
52753,Stayed,0.045426505514901905,0.9545734944850981
447,Stayed,0.432828739912989,0.567171260087011
48897,Stayed,0.10309162850724529,0.8969083714927547
18417,Stayed,0.15726702723153885,0.8427329727684612
24877,Stayed,0.2858908819299457,0.7141091180700543
5955,Left,0.7857331844300994,0.21426681556990063
12669,Stayed,0.00969513984925674,0.9903048601507433
57937,Stayed,0.03525961619309037,0.9647403838069096
38632,Left,0.7614953732907583,0.2385046267092416
65559,Left,0.785351549654903,0.21464845034509708
34509,Left,0.6741482402171786,0.3258517597828215
70603,Stayed,0.031814825273517644,0.9681851747264824
27768,Stayed,0.035264305875589375,0.9647356941244106
11494,Left,0.852100933951344,0.14789906604865596
13907,Stayed,0.04075364416333804,0.959246355836662
6037,Left,0.9605538559435609,0.03944614405643909
45980,Stayed,0.35644933072951235,0.6435506692704877
64945,Left,0.5579248181582166,0.44207518184178335
33374,Left,0.5458287182450599,0.45417128175494015
42039,Stayed,0.4984224945683311,0.5015775054316689
57085,Left,0.7106309927856808,0.28936900721431924
66187,Left,0.7341437118014056,0.26585628819859436
23047,Stayed,0.21470208273159475,0.7852979172684053
31624,Left,0.6125625628892051,0.38743743711079487
702,Left,0.6125424556147528,0.38745754438524715
7723,Left,0.6894599098602954,0.31054009013970457
54886,Stayed,0.38512921365621167,0.6148707863437883
35435,Stayed,0.11288550649735385,0.8871144935026462
64301,Left,0.6235732083191257,0.37642679168087434
29365,Stayed,0.14716684456295503,0.852833155437045
25322,Stayed,0.35090399358068114,0.6490960064193189
50966,Stayed,0.024011921943569936,0.9759880780564301
35787,Stayed,0.061137189832082384,0.9388628101679176
44978,Stayed,0.23120438669968957,0.7687956133003104
61214,Stayed,0.0059740143616665575,0.9940259856383334
64574,Stayed,0.08128079856112402,0.918719201438876
48397,Stayed,0.05356405880047033,0.9464359411995297
9986,Stayed,0.0928364516384439,0.9071635483615561
59809,Left,0.8961167298666779,0.10388327013332214
15723,Left,0.8502354808374899,0.1497645191625101
37994,Left,0.7709211348787524,0.2290788651212477
69849,Stayed,0.1693931318963081,0.8306068681036919
56658,Left,0.9381619524000553,0.06183804759994474
21145,Left,0.8280948933347665,0.1719051066652335
20637,Left,0.821209503376046,0.178790496623954
57272,Left,0.7402982743344914,0.25970172566550864
32790,Left,0.8334810555464034,0.16651894445359663
39511,Stayed,0.40984322423435027,0.5901567757656497
55437,Left,0.5513811755747982,0.4486188244252019
48053,Stayed,0.051980268064494295,0.9480197319355057
7679,Stayed,0.4808872251759241,0.5191127748240759
42200,Stayed,0.23021109643791793,0.7697889035620821
38591,Left,0.976584305082601,0.023415694917399067
12679,Left,0.8572218003011945,0.14277819969880548
32541,Left,0.6006445680807255,0.3993554319192744
63721,Stayed,0.27537389286413483,0.7246261071358652
9294,Stayed,0.01891557131590038,0.9810844286840996
7159,Left,0.5314870731236843,0.46851292687631574
45822,Stayed,0.31412547603191565,0.6858745239680843
14050,Left,0.745671969622618,0.254328030377382
36609,Stayed,0.05246329886765777,0.9475367011323422
56029,Left,0.6081515194447076,0.39184848055529237
58719,Left,0.6914803629904672,0.3085196370095328
61356,Left,0.6224100752072392,0.3775899247927608
7816,Left,0.9446759141285676,0.055324085871432435
37170,Stayed,0.1956356932934178,0.8043643067065822
36593,Left,0.5260604416011824,0.47393955839881763
13798,Stayed,0.0193818827196931,0.9806181172803069
66876,Stayed,0.16416085624722188,0.8358391437527781
6652,Left,0.8457610685358705,0.15423893146412954
23138,Left,0.8932746033322476,0.10672539666775241
30425,Stayed,0.4969021636167701,0.5030978363832299
28597,Left,0.9671045703929426,0.03289542960705741
60835,Stayed,0.02253920604687254,0.9774607939531275
22551,Left,0.7646248194821748,0.2353751805178252
41692,Left,0.9441483182102766,0.05585168178972349
67406,Stayed,0.04810198651727837,0.9518980134827216
2274,Stayed,0.05920061981953195,0.940799380180468
60301,Left,0.8820796376146461,0.11792036238535387
38821,Left,0.8392945014982087,0.16070549850179125
55090,Stayed,0.026089421038876237,0.9739105789611238
53273,Stayed,0.05411794036720441,0.9458820596327956
47416,Left,0.929475535415014,0.070524464584986
52818,Stayed,0.06318380071804619,0.9368161992819538
50281,Stayed,0.3366634885635269,0.6633365114364731
61267,Stayed,0.008660254162972447,0.9913397458370276
39660,Stayed,0.3881200522957112,0.6118799477042888
18491,Stayed,0.2780915694945263,0.7219084305054737
47987,Left,0.890662106328928,0.109337893671072
54424,Left,0.8133242162389083,0.18667578376109176
13313,Left,0.6649003338820019,0.33509966611799813
25074,Stayed,0.06613452396255515,0.9338654760374449
15775,Left,0.9822174331079616,0.017782566892038398
7268,Left,0.5963054043012707,0.40369459569872934
20174,Left,0.5857541251183758,0.4142458748816243
9355,Left,0.7508084377354421,0.24919156226455788
16755,Stayed,0.00790264018552278,0.9920973598144772
32015,Left,0.5887131702219534,0.41128682977804665
38317,Stayed,0.384474907987726,0.615525092012274
65517,Stayed,0.12928797267134007,0.8707120273286599
67316,Left,0.6147928905674391,0.38520710943256087
70428,Left,0.9196112206356932,0.08038877936430681
56772,Left,0.9007542298095851,0.09924577019041494
22916,Left,0.9644888542598257,0.035511145740174326
21105,Stayed,0.2084594948391605,0.7915405051608395
39319,Stayed,0.49021066294399174,0.5097893370560083
20840,Left,0.6157996724265005,0.3842003275734995
58225,Stayed,0.24685066051932114,0.7531493394806789
11119,Stayed,0.04415531021570718,0.9558446897842928
66117,Stayed,0.11318752150842126,0.8868124784915787
20799,Left,0.9565446175618807,0.04345538243811927
36631,Left,0.7088208123530026,0.2911791876469973
63298,Left,0.9515314480359873,0.04846855196401263
40163,Stayed,0.4195773171757884,0.5804226828242116
23016,Left,0.9186180029685945,0.08138199703140547
42639,Left,0.6395903768667222,0.3604096231332778
47584,Left,0.6708803800446937,0.32911961995530625
52477,Left,0.8221121915777516,0.17788780842224838
64847,Left,0.7859602750985271,0.214039724901473
26055,Stayed,0.2705936130405344,0.7294063869594656
69592,Stayed,0.23778950141999744,0.7622104985800026
72532,Left,0.917301134690311,0.08269886530968898
72208,Stayed,0.02569204606554043,0.9743079539344596
46307,Left,0.6163599185547641,0.3836400814452359
56905,Stayed,0.14173651537676768,0.8582634846232323
40743,Stayed,0.16533414943776215,0.8346658505622379
49405,Stayed,0.31984361426224006,0.6801563857377599
7948,Left,0.6498030103475207,0.3501969896524792
30160,Stayed,0.4065188123486436,0.5934811876513564
45411,Left,0.743903179804893,0.256096820195107
46498,Stayed,0.29987443651459145,0.7001255634854086
34862,Left,0.5153710987114482,0.48462890128855185
9556,Stayed,0.40738639323063797,0.592613606769362
37432,Left,0.572910158759417,0.427089841240583
63699,Stayed,0.09222261502547313,0.9077773849745269
53655,Stayed,0.03207885912779318,0.9679211408722068
2639,Left,0.7903662615925887,0.2096337384074113
72170,Left,0.9380829138780516,0.061917086121948385
17241,Stayed,0.19776996166583283,0.8022300383341672
14523,Left,0.8442111914473561,0.1557888085526439
17027,Stayed,0.39372781352151776,0.6062721864784822
12734,Stayed,0.3682715329332118,0.6317284670667882
39570,Left,0.6876106091750926,0.31238939082490735
25627,Stayed,0.0461323486523203,0.9538676513476797
60866,Stayed,0.49140397960718796,0.508596020392812
2360,Left,0.8466819612664827,0.15331803873351738
58298,Left,0.7735994889574577,0.2264005110425423
1182,Left,0.8948145565281551,0.10518544347184484
12363,Left,0.7263228903055121,0.27367710969448794
9545,Stayed,0.10974830729451679,0.8902516927054832
16133,Stayed,0.43189179366335173,0.5681082063366483
5415,Left,0.7857681957540511,0.21423180424594893
50672,Left,0.7333285912185931,0.26667140878140694
39793,Left,0.625851156449073,0.374148843550927
60882,Stayed,0.06804020828125057,0.9319597917187494
7864,Left,0.9238404191648966,0.07615958083510346
62815,Stayed,0.3381840595783707,0.6618159404216293
65391,Left,0.7795838076562549,0.22041619234374507
16108,Stayed,0.006395750454368465,0.9936042495456315
12888,Stayed,0.41303231746834335,0.5869676825316567
46097,Stayed,0.4817983408920601,0.5182016591079399
61126,Left,0.514053479094938,0.485946520905062
42224,Stayed,0.4098013537076023,0.5901986462923977
43266,Stayed,0.12360565847230398,0.876394341527696
656,Stayed,0.19860618746600045,0.8013938125339995
5432,Stayed,0.2008383226334578,0.7991616773665422
54994,Stayed,0.0909246178014862,0.9090753821985138
69265,Stayed,0.36124804378724706,0.6387519562127529
67818,Stayed,0.24905033174797653,0.7509496682520235
70251,Left,0.7735270710032792,0.22647292899672078
1584,Stayed,0.315994459607542,0.684005540392458
72980,Stayed,0.4931047688160889,0.5068952311839111
16515,Left,0.7439266634730827,0.25607333652691733
18655,Stayed,0.263977356106454,0.736022643893546
74398,Left,0.8006427559319325,0.1993572440680675
17458,Left,0.7768504778562703,0.22314952214372977
34500,Left,0.6468977106479933,0.3531022893520067
17272,Stayed,0.4707419998378928,0.5292580001621072
73685,Stayed,0.18080110731212262,0.8191988926878774
49925,Stayed,0.24940888349213552,0.7505911165078645
70130,Left,0.9881859767368464,0.01181402326315364
44501,Left,0.6781621145234047,0.3218378854765953
30601,Stayed,0.18538316833315993,0.8146168316668401
66101,Left,0.5719372946980259,0.4280627053019741
47403,Left,0.5825942862051863,0.4174057137948138
17300,Left,0.5341222543321544,0.46587774566784557
16462,Stayed,0.39582123794066837,0.6041787620593316
66697,Left,0.5901854226522201,0.4098145773477799
10375,Stayed,0.3181926072438279,0.6818073927561721
24725,Left,0.5745069030210712,0.42549309697892884
50191,Stayed,0.4884141724722191,0.5115858275277809
35611,Stayed,0.43523335468094715,0.5647666453190529
42474,Stayed,0.2826329040484111,0.7173670959515889
1220,Stayed,0.219860530241608,0.780139469758392
32346,Left,0.5499764288906923,0.4500235711093077
44083,Stayed,0.17620979479276466,0.8237902052072353
72309,Left,0.8894055873397693,0.11059441266023075
25695,Stayed,0.12516933799603436,0.8748306620039656
15604,Left,0.9072708726428244,0.09272912735717562
5929,Left,0.5977498373540266,0.4022501626459733
72929,Left,0.6643453568902724,0.33565464310972765
15270,Stayed,0.37127730642825985,0.6287226935717402
19091,Left,0.8621358937338721,0.13786410626612783
54116,Left,0.6262893502728681,0.3737106497271319
45885,Left,0.5185358811644596,0.48146411883554036
39440,Left,0.6380614317847013,0.36193856821529863
27909,Stayed,0.43178047278128096,0.568219527218719
15261,Left,0.7497455832651416,0.2502544167348583
58168,Stayed,0.40976110484934647,0.5902388951506535
16649,Stayed,0.2078520158358832,0.7921479841641168
4144,Left,0.6634276498338342,0.3365723501661658
60417,Stayed,0.17229253608671513,0.8277074639132849
36261,Stayed,0.27398815273340804,0.726011847266592
47868,Left,0.906431176346443,0.093568823653557
24461,Left,0.5186242385971911,0.48137576140280897
19237,Left,0.7126136653573274,0.2873863346426726
43688,Stayed,0.2600481628836042,0.7399518371163958
59442,Left,0.5412456485467287,0.4587543514532712
53982,Stayed,0.3232451826433582,0.6767548173566418
26705,Stayed,0.18569371817046743,0.8143062818295326
115,Left,0.6706633419130499,0.32933665808695006
17114,Left,0.7255851938492858,0.27441480615071423
56257,Left,0.8479505954828073,0.15204940451719273
64315,Left,0.6485590759447414,0.3514409240552586
68390,Left,0.6954396836372062,0.3045603163627938
21380,Stayed,0.06619542992090799,0.933804570079092
47331,Stayed,0.28387762889374524,0.7161223711062548
5898,Stayed,0.46861022386515083,0.5313897761348492
37103,Stayed,0.2559598616853289,0.7440401383146711
72771,Left,0.9511280166594545,0.04887198334054558
19377,Stayed,0.1486882372208438,0.8513117627791562
40447,Stayed,0.14919475089248413,0.8508052491075159
56245,Stayed,0.3551373131529886,0.6448626868470114
45557,Stayed,0.04887819874702559,0.9511218012529744
32382,Left,0.7600768311276025,0.2399231688723975
55863,Left,0.8368892441260906,0.1631107558739094
51080,Left,0.9872333260652609,0.012766673934739072
26217,Stayed,0.04994691458313494,0.9500530854168651
66645,Left,0.9432485907421665,0.05675140925783348
66341,Stayed,0.011187788268794963,0.988812211731205
64797,Left,0.592372299914077,0.40762770008592303
47529,Left,0.9386483193315032,0.06135168066849682
5066,Stayed,0.49437180104195655,0.5056281989580435
37169,Stayed,0.33322030413719306,0.6667796958628069
60204,Stayed,0.4873543909090434,0.5126456090909566
48401,Stayed,0.012683796201427788,0.9873162037985722
13447,Left,0.549825003090357,0.450174996909643
13822,Stayed,0.24522525586970623,0.7547747441302938
55518,Left,0.7989479632915448,0.2010520367084552
50009,Stayed,0.333556732085598,0.666443267914402
52974,Stayed,0.4756363485939409,0.5243636514060591
69401,Left,0.6608104019300962,0.33918959806990373
26750,Stayed,0.31786965660042743,0.6821303433995726
11559,Stayed,0.012365987362777275,0.9876340126372227
43279,Stayed,0.31996146763425315,0.6800385323657469
12425,Stayed,0.024324846175565296,0.9756751538244347
4220,Left,0.7063838466050053,0.2936161533949947
6348,Left,0.9809134275093832,0.019086572490616825
64377,Left,0.5171623588344298,0.48283764116557015
54657,Stayed,0.3602426046994939,0.6397573953005061
17180,Stayed,0.2202403313389002,0.7797596686610998
45941,Stayed,0.19820388626118646,0.8017961137388135
62746,Left,0.7036480213630468,0.2963519786369532
5713,Stayed,0.06108638583166204,0.938913614168338
29417,Stayed,0.4743432875386804,0.5256567124613196
37478,Stayed,0.06279716956933634,0.9372028304306637
29217,Stayed,0.05427654666373649,0.9457234533362635
44007,Stayed,0.28099794254734856,0.7190020574526514
15131,Left,0.9345038742377061,0.06549612576229391
72602,Left,0.8974677368183578,0.10253226318164224
37255,Stayed,0.02508937866996963,0.9749106213300304
5091,Left,0.5288307767902372,0.4711692232097628
36340,Stayed,0.15353914944212144,0.8464608505578786
25685,Left,0.8967997504355691,0.1032002495644309
30278,Stayed,0.008312762696011444,0.9916872373039886
21041,Stayed,0.46778399028734186,0.5322160097126581
24351,Left,0.6632288007499858,0.3367711992500142
46082,Left,0.9013933915948069,0.09860660840519307
6206,Left,0.8139612082765264,0.18603879172347362
21477,Left,0.9650733778244702,0.03492662217552973
65656,Left,0.7891204975804618,0.2108795024195382
20143,Stayed,0.45632268170736967,0.5436773182926303
49510,Left,0.9789352160349875,0.021064783965012518
30039,Left,0.8992675199491156,0.10073248005088448
23922,Left,0.5611198204273291,0.43888017957267084
45010,Left,0.8438258775284528,0.15617412247154713
24328,Stayed,0.010395889928817237,0.9896041100711828
13153,Stayed,0.28512944536280194,0.7148705546371981
58836,Left,0.5374450340586782,0.46255496594132184
58471,Stayed,0.3607529252632956,0.6392470747367044
54133,Left,0.6134612560037257,0.3865387439962743
5930,Left,0.6353663232160125,0.36463367678398745
40991,Left,0.6453944110106212,0.3546055889893788
2087,Stayed,0.025576894983997067,0.9744231050160029
18662,Left,0.9221690894788906,0.07783091052110934
37072,Stayed,0.4857471951071852,0.5142528048928148
23935,Left,0.6640155357686781,0.33598446423132194
70537,Stayed,0.08365822232821696,0.916341777671783
42148,Stayed,0.4676461000828729,0.5323538999171271
56476,Left,0.6391434281324386,0.3608565718675613
13283,Stayed,0.039362477165575505,0.9606375228344245
45658,Left,0.8866912168639594,0.11330878313604066
15072,Stayed,0.17395638420768067,0.8260436157923193
59522,Stayed,0.011445723107364025,0.988554276892636
13099,Stayed,0.2569982775408094,0.7430017224591906
45921,Left,0.7232197288675413,0.2767802711324587
44862,Left,0.5493958588429565,0.4506041411570435
53856,Stayed,0.34317050448904685,0.6568294955109532
53717,Left,0.5241150906870086,0.47588490931299143
25582,Stayed,0.3562400428620447,0.6437599571379553
20742,Left,0.8879381907219168,0.1120618092780832
56294,Stayed,0.42909547906800194,0.5709045209319981
59998,Left,0.7158516106749646,0.28414838932503533
39664,Stayed,0.09577847942477336,0.9042215205752266
34998,Left,0.7493317346840792,0.2506682653159208
40227,Left,0.8696861223941246,0.13031387760587546
27363,Stayed,0.24717623640578523,0.7528237635942148
41530,Left,0.5280648090441649,0.4719351909558351
653,Stayed,0.0967571520571201,0.9032428479428799
54164,Stayed,0.22575974912930985,0.7742402508706901
50280,Stayed,0.01240938409012704,0.987590615909873
72253,Stayed,0.03238064377991534,0.9676193562200847
44537,Left,0.6726740304472609,0.32732596955273907
44207,Left,0.5174935700786698,0.48250642992133014
33433,Stayed,0.16346534901681398,0.836534650983186
18464,Stayed,0.2372559549620623,0.7627440450379377
64123,Left,0.5092818491848845,0.49071815081511555
67913,Left,0.906026832993497,0.09397316700650309
65462,Left,0.7511073701516786,0.24889262984832136
47297,Left,0.9580484451825225,0.0419515548174775
6560,Stayed,0.08719795397508756,0.9128020460249124
8351,Left,0.5715053626767759,0.42849463732322407
29665,Left,0.8922622845308094,0.1077377154691906
36969,Left,0.6084800628139125,0.39151993718608746
53079,Stayed,0.30015446930255785,0.6998455306974422
43748,Left,0.8264740855366235,0.1735259144633765
51473,Left,0.8170317242682419,0.1829682757317581
4913,Left,0.7020623733720794,0.2979376266279205
27172,Left,0.8972529357067512,0.1027470642932488
5397,Stayed,0.19832050795377354,0.8016794920462265
14537,Stayed,0.014655810684725545,0.9853441893152745
5267,Stayed,0.2438060729055357,0.7561939270944643
62970,Stayed,0.12251379667589912,0.8774862033241009
35667,Left,0.7339580912335114,0.2660419087664886
1033,Left,0.5220322567650058,0.4779677432349943
40784,Stayed,0.05966431949548956,0.9403356805045104
62012,Stayed,0.35544323254817567,0.6445567674518243
19963,Left,0.5144553965212106,0.4855446034787893
2297,Left,0.7962355029994561,0.20376449700054394
67361,Left,0.9002250356547894,0.09977496434521055
53034,Left,0.6223307662625777,0.37766923373742234
11426,Stayed,0.21692327983104742,0.7830767201689526
59857,Stayed,0.11391732091109907,0.8860826790889009
2494,Stayed,0.3690956381047914,0.6309043618952086
61468,Stayed,0.4580342414961198,0.5419657585038802
12650,Left,0.6203435839297001,0.3796564160702999
7129,Left,0.9793409220043193,0.020659077995680696
5919,Stayed,0.05306248052430684,0.9469375194756932
45777,Stayed,0.2103729165029986,0.7896270834970014
57072,Stayed,0.31679392990300215,0.6832060700969979
50931,Left,0.9703751959798085,0.029624804020191475
69462,Left,0.5214818265113952,0.4785181734886048
73570,Left,0.9935683321141577,0.006431667885842217
59063,Left,0.8588589294693575,0.14114107053064248
20672,Left,0.583934778168618,0.41606522183138195
59960,Left,0.8190982198248827,0.18090178017511724
45119,Stayed,0.3362523406417419,0.6637476593582581
73901,Left,0.6724278287120633,0.3275721712879367
27180,Left,0.5088512292082029,0.4911487707917971
13644,Left,0.65971063660103,0.34028936339897
25250,Left,0.7130365066914841,0.28696349330851595
49211,Left,0.9541836347896739,0.04581636521032604
52054,Left,0.5341782368699973,0.4658217631300027
38510,Left,0.6413135049650577,0.3586864950349423
40816,Left,0.6211791688287643,0.37882083117123566
59928,Left,0.5794782695165784,0.42052173048342156
71571,Left,0.8916448637584253,0.10835513624157464
67064,Left,0.7328053267847592,0.26719467321524076
50130,Left,0.7960458123678259,0.20395418763217407
41249,Stayed,0.0024311785787006768,0.9975688214212993
26065,Left,0.5252125994213452,0.4747874005786547
46892,Left,0.6643507446261998,0.3356492553738002
6405,Stayed,0.054451144194798684,0.9455488558052013
16468,Stayed,0.3648260349749993,0.6351739650250007
62783,Left,0.6347325007041335,0.36526749929586655
9805,Left,0.9803767149216592,0.01962328507834075
14051,Left,0.6801229456764863,0.31987705432351365
23343,Stayed,0.032628643042002414,0.9673713569579976
20980,Stayed,0.11836279307042563,0.8816372069295744
58920,Stayed,0.24396394350294537,0.7560360564970546
4130,Stayed,0.46417855105267625,0.5358214489473238
46830,Stayed,0.471251445944478,0.528748554055522
58341,Stayed,0.11158234232691877,0.8884176576730812
26192,Stayed,0.28375745957357135,0.7162425404264287
21090,Left,0.6966952128024492,0.30330478719755083
39210,Stayed,0.16588957559744977,0.8341104244025502
50251,Stayed,0.15490862321432697,0.845091376785673
25950,Stayed,0.001226794238915141,0.9987732057610849
50774,Stayed,0.3081064240854877,0.6918935759145123
12142,Stayed,0.09005255475589358,0.9099474452441064
52707,Left,0.9677970121517901,0.0322029878482098
40120,Stayed,0.06712046675810879,0.9328795332418912
17285,Stayed,0.01960058598584269,0.9803994140141573
18199,Left,0.7014170775140891,0.2985829224859109
72711,Left,0.7942313565669274,0.20576864343307258
64835,Left,0.6472403968466381,0.35275960315336186
47613,Stayed,0.19539303810534558,0.8046069618946544
70797,Stayed,0.4288335963745319,0.5711664036254681
2495,Stayed,0.1052338033533956,0.8947661966466044
1806,Left,0.6935134862977709,0.3064865137022291
28057,Stayed,0.23261005926130074,0.7673899407386993
55491,Stayed,0.10700224572308037,0.8929977542769196
23617,Left,0.8190860677753663,0.1809139322246337
11318,Left,0.6351158856479893,0.36488411435201074
32986,Left,0.8523845137597633,0.14761548624023668
61287,Stayed,0.46982774553583895,0.530172254464161
68890,Left,0.6186259048808376,0.38137409511916237
64049,Left,0.5515365282282235,0.4484634717717765
680,Stayed,0.4343071447296858,0.5656928552703142
36339,Stayed,0.36337197524806364,0.6366280247519364
1166,Left,0.6448993250393735,0.3551006749606265
6393,Left,0.5916782049205549,0.40832179507944505
8106,Left,0.7928783232215241,0.20712167677847595
23469,Stayed,0.14427361016814688,0.8557263898318531
22447,Stayed,0.2095110840132376,0.7904889159867624
17091,Left,0.5864484660534777,0.41355153394652233
23781,Stayed,0.14975166340955381,0.8502483365904462
56657,Stayed,0.49711959158059515,0.5028804084194048
24398,Left,0.5705307963161304,0.4294692036838696
13696,Left,0.8738031222922047,0.12619687770779525
31807,Left,0.6863896585067297,0.3136103414932702
1214,Stayed,0.06096770824836717,0.9390322917516328
14949,Stayed,0.06352321878482559,0.9364767812151744
30320,Stayed,0.04233556869588462,0.9576644313041154
2881,Left,0.870254184212193,0.129745815787807
48126,Left,0.5076193040225065,0.49238069597749345
73068,Left,0.8266198966723345,0.17338010332766554
22207,Stayed,0.1163752262983595,0.8836247737016405
66010,Stayed,0.06432846449339924,0.9356715355066008
49635,Stayed,0.01005324394232876,0.9899467560576712
57911,Stayed,0.03173461305603853,0.9682653869439615
22592,Left,0.8849610826342191,0.11503891736578088
6426,Stayed,0.3944227241808045,0.6055772758191955
12591,Left,0.5930064055764697,0.4069935944235304
3581,Stayed,0.35725572834884745,0.6427442716511526
41264,Stayed,0.1546422857332851,0.8453577142667149
36978,Left,0.6849944261266001,0.31500557387339984
18216,Stayed,0.12816618763331655,0.8718338123666834
55528,Left,0.8776914073210248,0.12230859267897524
324,Stayed,0.40718501442111543,0.5928149855788846
2763,Stayed,0.12328142912221529,0.8767185708777847
74452,Left,0.6049275561899954,0.39507244381000456
49868,Stayed,0.36176938217105303,0.638230617828947
17080,Left,0.5020672015712082,0.49793279842879173
34915,Left,0.9355016908833267,0.06449830911667333
26637,Stayed,0.286565481278394,0.713434518721606
21901,Left,0.5883382634985818,0.41166173650141824
72444,Left,0.8858528234038203,0.11414717659617968
37226,Left,0.6477635396943762,0.3522364603056239
840,Left,0.5236090546222267,0.4763909453777732
41032,Stayed,0.08816903118380925,0.9118309688161907
25611,Stayed,0.03615723336586718,0.9638427666341328
45378,Stayed,0.4142026249466504,0.5857973750533496
55760,Left,0.869842917529869,0.13015708247013108
39835,Left,0.6246535864231744,0.3753464135768256
20859,Left,0.6252680596900183,0.3747319403099817
41340,Left,0.6796843987757919,0.32031560122420816
66357,Stayed,0.13566300870290005,0.8643369912971
6995,Left,0.5533020347241676,0.4466979652758324
51537,Stayed,0.42641009966733845,0.5735899003326616
27039,Stayed,0.21204118390082616,0.7879588160991738
21746,Stayed,0.2044978731839049,0.7955021268160951
18416,Left,0.942894541271294,0.05710545872870595
72238,Stayed,0.18716933141907532,0.8128306685809247
485,Left,0.9094463115901479,0.09055368840985215
43303,Stayed,0.4109308459171551,0.5890691540828449
69807,Left,0.6200498774459455,0.3799501225540544
56328,Stayed,0.4786683940073517,0.5213316059926483
55400,Left,0.7982654096197395,0.2017345903802605
38138,Stayed,0.20226559870720595,0.797734401292794
46990,Left,0.6247062835486019,0.37529371645139814
12008,Stayed,0.12108249842817354,0.8789175015718265
34879,Left,0.8300257647687949,0.16997423523120514
25212,Stayed,0.25976726716382426,0.7402327328361757
46167,Left,0.5232050575030915,0.4767949424969085
8170,Stayed,0.43558679686001467,0.5644132031399853
32129,Stayed,0.009760842695451188,0.9902391573045488
36323,Left,0.8985934600736899,0.1014065399263101
65497,Stayed,0.44278281118470564,0.5572171888152944
41576,Stayed,0.28742846252303467,0.7125715374769653
30142,Left,0.5979449796938685,0.40205502030613144
58988,Stayed,0.36333603327313035,0.6366639667268696
16886,Stayed,0.115345400250214,0.884654599749786
36513,Stayed,0.1360720992399309,0.8639279007600691
61571,Stayed,0.07766281824296895,0.922337181757031
15369,Stayed,0.35958725501211464,0.6404127449878854
17898,Stayed,0.12194799294752412,0.8780520070524759
37001,Left,0.6338220305921183,0.36617796940788166
50098,Left,0.5634171880228139,0.43658281197718607
8405,Left,0.9469413139269607,0.0530586860730393
60174,Stayed,0.4351335182092979,0.5648664817907021
13315,Stayed,0.21982235178979237,0.7801776482102076
57539,Stayed,0.08875715083355162,0.9112428491664484
62001,Stayed,0.2364446950613579,0.7635553049386421
20776,Left,0.7106698899224528,0.28933011007754716
72365,Stayed,0.1812714400018829,0.8187285599981171
51947,Stayed,0.11318569742114593,0.8868143025788541
72285,Left,0.9568870631209467,0.04311293687905324
50237,Left,0.871879155697338,0.12812084430266205
39001,Stayed,0.14562915467811155,0.8543708453218885
6062,Stayed,0.028802012934563415,0.9711979870654366
20357,Stayed,0.0828555299440169,0.9171444700559831
4734,Stayed,0.062085239281873816,0.9379147607181262
64420,Stayed,0.3121322883480686,0.6878677116519314
39970,Left,0.5673117006333557,0.4326882993666443
69883,Left,0.9142174634295099,0.08578253657049004
25680,Left,0.957023449015922,0.042976550984077995
24423,Left,0.7299570338380121,0.27004296616198786
40560,Left,0.9461351623267392,0.05386483767326075
42784,Left,0.6077740567254304,0.39222594327456967
46860,Stayed,0.020580254747412097,0.9794197452525879
33423,Left,0.6892415618712142,0.3107584381287858
37282,Stayed,0.3244762097783759,0.6755237902216241
25871,Stayed,0.042671136502336116,0.9573288634976639
2310,Left,0.7684605690492218,0.2315394309507782
71206,Stayed,0.43149640398481093,0.5685035960151891
26685,Left,0.9718971201899191,0.028102879810080833
13960,Left,0.7305213235859245,0.26947867641407547
56130,Left,0.8753687043616408,0.12463129563835919
72428,Stayed,0.25513366001855775,0.7448663399814422
50899,Stayed,0.3306832565388056,0.6693167434611944
6014,Left,0.6907810483182187,0.30921895168178126
8467,Stayed,0.1895564397261813,0.8104435602738187
53005,Stayed,0.4877396523636184,0.5122603476363816
14421,Left,0.9382452033609675,0.0617547966390325
62634,Left,0.7867986132492787,0.2132013867507213
2981,Left,0.5680982113735507,0.43190178862644935
27889,Stayed,0.04851026167438299,0.951489738325617
64564,Left,0.8875852994704196,0.11241470052958039
72817,Stayed,0.4638746035532578,0.5361253964467422
4469,Stayed,0.3714254778537893,0.6285745221462107
27467,Stayed,0.3215025445759673,0.6784974554240327
70103,Stayed,0.276506492931488,0.723493507068512
58172,Stayed,0.10528774296525734,0.8947122570347427
34633,Stayed,0.11328836024377076,0.8867116397562292
40808,Stayed,0.06420562705565358,0.9357943729443464
45550,Stayed,0.010655131331805512,0.9893448686681945
64648,Stayed,0.07848640193101719,0.9215135980689828
73837,Left,0.8007338997661722,0.1992661002338278
69645,Left,0.9552765641641179,0.044723435835882175
59453,Left,0.8814839468454156,0.11851605315458438
9688,Left,0.733855858101879,0.266144141898121
72256,Left,0.88627635051557,0.11372364948443
55820,Left,0.5750139742949322,0.4249860257050678
44096,Stayed,0.37971610030117986,0.6202838996988201
63389,Left,0.6632319493637915,0.33676805063620857
1492,Left,0.9458036276016648,0.05419637239833524
69446,Stayed,0.23702629947064635,0.7629737005293536
35520,Stayed,0.48574704455072004,0.51425295544928
50316,Stayed,0.19886098174018718,0.8011390182598128
45316,Stayed,0.39565526401619133,0.6043447359838087
73878,Left,0.8714373458316403,0.12856265416835966
70861,Stayed,0.06060419043069687,0.9393958095693031
65333,Stayed,0.03988965333229433,0.9601103466677057
66150,Left,0.8431257718641119,0.15687422813588814
70247,Left,0.9868709613701557,0.013129038629844256
7218,Stayed,0.05700938998788829,0.9429906100121117
13939,Stayed,0.1746998797730379,0.8253001202269621
1423,Left,0.8351836570440043,0.16481634295599562
68340,Stayed,0.35324401022263496,0.646755989777365
52533,Left,0.7405762480636375,0.2594237519363624
67305,Stayed,0.17120785720604303,0.828792142793957
40605,Stayed,0.06216769771847086,0.9378323022815291
48057,Left,0.6568907358121049,0.3431092641878951
19438,Left,0.828616079237347,0.17138392076265294
12244,Left,0.7853017928610626,0.21469820713893736
49639,Stayed,0.1560737312742535,0.8439262687257465
24680,Stayed,0.049443674793353876,0.9505563252066461
43269,Stayed,0.4606900861829014,0.5393099138170986
49133,Left,0.900344023496614,0.09965597650338603
17892,Left,0.6243141254315389,0.37568587456846114
60572,Left,0.5903444247317617,0.40965557526823826
52869,Stayed,0.002166441153775067,0.9978335588462249
50110,Stayed,0.13629275563439602,0.863707244365604
64311,Left,0.8599897007778637,0.14001029922213623
67804,Left,0.5503928896800461,0.449607110319954
63666,Stayed,0.14154961102854402,0.858450388971456
56826,Stayed,0.010982776095987412,0.9890172239040126
4736,Left,0.9486772748903305,0.05132272510966954
51090,Left,0.5842416933175416,0.41575830668245845
69873,Stayed,0.19874693184083325,0.8012530681591667
36130,Left,0.5211478857214178,0.47885211427858226
49526,Left,0.8148700035540499,0.18512999644595002
45809,Left,0.8210518221228995,0.17894817787710054
44194,Left,0.5777061943574324,0.4222938056425676
34860,Stayed,0.005292827428004188,0.9947071725719958
47668,Left,0.6464773000707004,0.35352269992929963
37904,Left,0.5366193222502834,0.4633806777497166
8427,Stayed,0.2920072939224192,0.7079927060775808
24428,Stayed,0.3332872473503997,0.6667127526496003
25370,Stayed,0.4672074614095938,0.5327925385904062
73277,Stayed,0.02767086966757204,0.972329130332428
64024,Left,0.8770969851861903,0.12290301481380975
10672,Left,0.7074642115452077,0.29253578845479233
40117,Stayed,0.004984718201974658,0.9950152817980253
65568,Stayed,0.03945995234885402,0.960540047651146
2997,Stayed,0.03999177596641523,0.9600082240335848
25949,Stayed,0.31194953898723377,0.6880504610127662
27253,Left,0.8096149251525716,0.1903850748474284
47540,Left,0.849522749335984,0.1504772506640159
43961,Left,0.7829106440560397,0.2170893559439603
47768,Stayed,0.015144412013400332,0.9848555879865997
35571,Stayed,0.47591440810423713,0.5240855918957629
57473,Left,0.8548045389043475,0.14519546109565254
46656,Stayed,0.07715036301186329,0.9228496369881367
49249,Stayed,0.25748520014654486,0.7425147998534551
66871,Stayed,0.003042376985513795,0.9969576230144862
51141,Left,0.7242804720244418,0.27571952797555827
22582,Stayed,0.03824112273983715,0.9617588772601628
54679,Left,0.9907029529631645,0.009297047036835582
23145,Left,0.966748699602595,0.033251300397405016
36589,Left,0.7659023039624906,0.2340976960375094
21745,Left,0.7355643147646336,0.2644356852353664
7256,Left,0.7998916903997325,0.2001083096002675
46953,Stayed,0.31560286874339083,0.6843971312566092
59216,Left,0.9825986402318259,0.017401359768174144
52738,Left,0.8960594136788959,0.10394058632110417
20076,Stayed,0.3337595074946951,0.6662404925053049
42056,Left,0.8313624648508658,0.16863753514913415
3004,Stayed,0.1107309623244116,0.8892690376755884
53756,Left,0.555957572684802,0.44404242731519805
34467,Stayed,0.07224350860777595,0.927756491392224
51794,Stayed,0.09931991196529377,0.9006800880347062
3138,Stayed,0.20336074536014304,0.796639254639857
35092,Stayed,0.10978026340464553,0.8902197365953545
45266,Stayed,0.004469545335542668,0.9955304546644573
41561,Stayed,0.19268691003257488,0.8073130899674251
41674,Stayed,0.4431678362025646,0.5568321637974354
42359,Left,0.6881760708543996,0.31182392914560036
52790,Left,0.8873468329372116,0.11265316706278836
6433,Stayed,0.4240925906172296,0.5759074093827704
32456,Stayed,0.2841226491136779,0.7158773508863221
20664,Left,0.5563808453597217,0.44361915464027835
13950,Left,0.6318207322798615,0.3681792677201386
2998,Left,0.8836787512692419,0.11632124873075816
5953,Stayed,0.3212925090190666,0.6787074909809334
18847,Left,0.50589315653187,0.49410684346813005
72814,Stayed,0.31956384004878224,0.6804361599512178
10142,Left,0.8865477585382853,0.11345224146171469
12959,Stayed,0.004128560014019067,0.9958714399859809
31670,Left,0.7171444070017434,0.2828555929982566
61329,Stayed,0.08833470778004893,0.9116652922199511
36803,Left,0.9885895447788787,0.011410455221121243
50892,Stayed,0.39459093551718905,0.605409064482811
19887,Left,0.9376078439931209,0.06239215600687905
63302,Left,0.7515684985827902,0.24843150141720977
50362,Stayed,0.08823532257449651,0.9117646774255035
25117,Left,0.6904926577417791,0.3095073422582208
14770,Left,0.8805939541638743,0.11940604583612568
64234,Stayed,0.3963984314884502,0.6036015685115498
55750,Left,0.9713622663905701,0.028637733609429845
968,Left,0.5372754718946573,0.4627245281053427
37436,Stayed,0.1548420661691582,0.8451579338308418
42702,Stayed,0.39156858999387945,0.6084314100061206
39515,Left,0.7614587358961729,0.2385412641038272
58257,Stayed,0.3724936557327355,0.6275063442672645
52840,Stayed,0.017476636924766198,0.9825233630752338
11479,Stayed,0.3831370371098636,0.6168629628901364
10291,Stayed,0.18081326916681772,0.8191867308331823
13758,Left,0.7346258596723645,0.26537414032763545
22270,Stayed,0.21245895167508477,0.7875410483249152
52785,Left,0.9144194053283236,0.08558059467167643
37249,Stayed,0.13376135143207546,0.8662386485679245
2942,Stayed,0.20985395724801725,0.7901460427519827
4860,Left,0.6609908830203814,0.3390091169796185
34060,Left,0.5414631167506447,0.4585368832493553
20935,Left,0.5658992824944736,0.43410071750552637
9070,Stayed,0.032923902158908724,0.9670760978410913
28714,Left,0.8618485074452206,0.13815149255477946
20346,Stayed,0.4871171190393201,0.5128828809606799
71305,Stayed,0.41557255590269393,0.5844274440973061
62582,Left,0.9877983557668074,0.012201644233192586
48766,Stayed,0.10915469897290675,0.8908453010270933
57232,Stayed,0.30370761788323386,0.6962923821167661
34656,Left,0.6877920206209348,0.3122079793790652
36855,Stayed,0.19168317378417343,0.8083168262158266
57467,Left,0.7772358936947823,0.22276410630521773
502,Left,0.5102774464243819,0.4897225535756181
6226,Left,0.8958647822601901,0.10413521773980992
65347,Stayed,0.08126877291083623,0.9187312270891638
45323,Stayed,0.07110842050234611,0.9288915794976539
62896,Stayed,0.39090355452251313,0.6090964454774869
20866,Left,0.575345917718149,0.42465408228185103
62394,Left,0.8085286787114137,0.19147132128858632
4564,Left,0.8145798202681216,0.18542017973187838
21729,Stayed,0.267541507857854,0.732458492142146
3051,Left,0.8603028724546931,0.13969712754530694
41064,Stayed,0.002760786160559525,0.9972392138394405
25443,Left,0.7350673281900049,0.2649326718099951
16500,Left,0.8171862480843557,0.18281375191564425
23030,Stayed,0.4973068368075638,0.5026931631924362
12659,Left,0.6952284129295323,0.3047715870704677
1837,Left,0.8703407649033708,0.12965923509662924
56878,Left,0.558053157615746,0.44194684238425397
28686,Stayed,0.2907932904718833,0.7092067095281167
5049,Stayed,0.046575721676631154,0.9534242783233688
59696,Stayed,0.15510223687109637,0.8448977631289036
10100,Left,0.5498988924983146,0.4501011075016854
9312,Stayed,0.4711247278523134,0.5288752721476866
31688,Stayed,0.17073048301225735,0.8292695169877426
39189,Left,0.7898985050872371,0.21010149491276292
66570,Stayed,0.02362737111107116,0.9763726288889288
39331,Stayed,0.006217264824733171,0.9937827351752668
37739,Stayed,0.39836897146791395,0.601631028532086
37008,Stayed,0.3903329723392003,0.6096670276607997
16370,Stayed,0.01961523589172931,0.9803847641082707
21258,Left,0.700801475117572,0.29919852488242804
70262,Stayed,0.41223762052592827,0.5877623794740717
57952,Left,0.9153189131359628,0.08468108686403719
3349,Left,0.6174325966281305,0.38256740337186945
53758,Stayed,0.24432962846647954,0.7556703715335205
11779,Left,0.7874553904220828,0.21254460957791718
53329,Left,0.7911249855500034,0.20887501444999654
66725,Stayed,0.1526108360968793,0.8473891639031207
69456,Left,0.8569183839458479,0.1430816160541521
7367,Left,0.6305255354074388,0.3694744645925611
4585,Stayed,0.14708498229785638,0.8529150177021436
38940,Left,0.9108095138014672,0.08919048619853272
27766,Stayed,0.4915019926361581,0.5084980073638419
67772,Stayed,0.4140728392363574,0.5859271607636426
53561,Stayed,0.2184925346241513,0.7815074653758487
9190,Stayed,0.061904266305721656,0.9380957336942783
25454,Left,0.8996306242311098,0.10036937576889021
16760,Stayed,0.3238817667062065,0.6761182332937935
47145,Stayed,0.023546104451966587,0.9764538955480334
23461,Left,0.6312361727577354,0.3687638272422647
31038,Left,0.7667650387396651,0.2332349612603349
22730,Stayed,0.0783899040512882,0.9216100959487118
3285,Left,0.9541625829037816,0.04583741709621837
52559,Left,0.9174147532364804,0.08258524676351961
29737,Left,0.9781521579307602,0.021847842069239877
16010,Stayed,0.07369000012800597,0.926309999871994
19571,Stayed,0.21374535083703972,0.7862546491629603
19916,Stayed,0.18183104546263362,0.8181689545373664
53797,Stayed,0.016348140697021618,0.9836518593029784
6760,Stayed,0.08630051133084593,0.9136994886691541
71366,Stayed,0.40521002675928297,0.594789973240717
56281,Left,0.6424729097534889,0.35752709024651114
24964,Left,0.935934355122938,0.06406564487706201
43397,Stayed,0.002060150893314683,0.9979398491066853
65368,Left,0.5034395999425185,0.4965604000574815
45431,Left,0.5530846997208648,0.4469153002791352
11393,Stayed,0.279762193525808,0.720237806474192
46592,Left,0.7163668487313197,0.2836331512686802
16751,Stayed,0.39783485101466265,0.6021651489853374
62017,Stayed,0.14786294925683774,0.8521370507431623
32582,Stayed,0.0006859579800823079,0.9993140420199177
3305,Left,0.5818676203435978,0.41813237965640215
68430,Stayed,0.25610200434636177,0.7438979956536382
53036,Stayed,0.23021321874789435,0.7697867812521056
59463,Left,0.9424367092027783,0.05756329079722171
65477,Left,0.899527611431491,0.10047238856850903
16330,Left,0.6496827112523487,0.35031728874765133
9933,Left,0.9827662429887861,0.01723375701121385
36171,Left,0.5097478679399713,0.4902521320600287
48914,Left,0.5430090349688735,0.45699096503112646
29862,Stayed,0.25415214754263105,0.745847852457369
17161,Stayed,0.06377582937448234,0.9362241706255177
20165,Left,0.6833128726104887,0.3166871273895113
61762,Stayed,0.15650406307116116,0.8434959369288388
48253,Stayed,0.335596051705661,0.664403948294339
8618,Stayed,0.19846011518714013,0.8015398848128599
18308,Left,0.9714211051574311,0.028578894842568942
32961,Stayed,0.46491929081006145,0.5350807091899386
27035,Stayed,0.37661657154791617,0.6233834284520838
28273,Stayed,0.43350644511583036,0.5664935548841696
25202,Left,0.9593718705974998,0.040628129402500185
54398,Left,0.7626489739668985,0.23735102603310157
64440,Left,0.96832105926285,0.03167894073715007
40393,Left,0.5306368797921952,0.4693631202078048
5821,Stayed,0.22769800356358993,0.7723019964364101
34274,Left,0.7316508021074897,0.26834919789251027
238,Left,0.8883706127875752,0.11162938721242482
13133,Left,0.6407118418784499,0.3592881581215501
12154,Left,0.8625837171162741,0.1374162828837259
35836,Left,0.7415999551747183,0.25840004482528167
16658,Stayed,0.270605846502037,0.729394153497963
9764,Left,0.5787513426597461,0.4212486573402539
25301,Left,0.5086983017037248,0.4913016982962752
2692,Left,0.7304414896271538,0.2695585103728462
67199,Stayed,0.38724468578464,0.61275531421536
74273,Left,0.877566850818805,0.12243314918119501
70506,Left,0.6838421049576294,0.3161578950423706
10139,Left,0.6794107593550145,0.3205892406449855
55725,Stayed,0.39762767682027866,0.6023723231797213
22279,Left,0.6683055450461681,0.3316944549538319
18443,Left,0.8351385023572515,0.16486149764274843
39004,Stayed,0.28316182923742983,0.7168381707625702
65625,Left,0.850551985899491,0.14944801410050904
56957,Stayed,0.013033363793994113,0.9869666362060059
15879,Left,0.6550115913754831,0.34498840862451685
17765,Left,0.9069038055510363,0.09309619444896364
32743,Left,0.8728942444671963,0.12710575553280373
74033,Left,0.7213253012772539,0.2786746987227461
28097,Left,0.8611940489351556,0.13880595106484442
33018,Stayed,0.2596021245117812,0.7403978754882188
6937,Left,0.9222773889952188,0.07772261100478113
54194,Stayed,0.21532431585227751,0.7846756841477225
40312,Stayed,0.32421705780684695,0.675782942193153
37779,Left,0.8559219926553616,0.14407800734463838
60945,Stayed,0.26752081847608833,0.7324791815239117
26043,Left,0.5281122267887541,0.47188777321124586
22979,Stayed,0.16761342280508906,0.8323865771949109
22803,Stayed,0.36238749936206627,0.6376125006379337
45427,Left,0.7701065638047238,0.22989343619527622
61141,Left,0.8671477643348504,0.13285223566514953
27911,Left,0.8464821629696476,0.15351783703035238
26996,Stayed,0.19269381592951962,0.8073061840704804
71344,Left,0.7042201257010224,0.29577987429897756
56522,Stayed,0.09593178599895114,0.9040682140010489
58311,Stayed,0.12129533350713373,0.8787046664928663
59295,Stayed,0.13339913874759868,0.8666008612524013
23758,Stayed,0.2466341743796603,0.7533658256203397
53210,Stayed,0.4701536488176311,0.5298463511823689
68373,Left,0.976984908285584,0.023015091714415924
13518,Left,0.8141247135401807,0.18587528645981932
39747,Stayed,0.1551775949417754,0.8448224050582246
4104,Stayed,0.23255159240340906,0.7674484075965909
50873,Left,0.9703156511848529,0.029684348815147192
32043,Stayed,0.46332882696102484,0.5366711730389752
44729,Stayed,0.019360149936964,0.980639850063036
963,Left,0.7682008018694564,0.23179919813054364
58935,Left,0.6987604811223103,0.30123951887768974
64033,Stayed,0.0896359925348259,0.9103640074651741
41727,Left,0.9356953996489497,0.06430460035105037
1847,Left,0.6804434754054165,0.31955652459458345
41110,Left,0.7950362370787288,0.2049637629212712
71512,Left,0.8266803597476735,0.17331964025232646
31126,Left,0.6752045242215692,0.3247954757784309
64980,Stayed,0.3676070806545565,0.6323929193454435
43441,Stayed,0.0019099860042025574,0.9980900139957974
57146,Stayed,0.03167564775911558,0.9683243522408844
66857,Left,0.6263714625870787,0.3736285374129214
57441,Stayed,0.33642843071070083,0.6635715692892992
25327,Stayed,0.18681618419621826,0.8131838158037817
50348,Left,0.8350278459256688,0.1649721540743312
10300,Stayed,0.17190862543521657,0.8280913745647834
19052,Stayed,0.41728098763198895,0.582719012368011
37882,Stayed,0.015068356346210954,0.984931643653789
30401,Left,0.8208470733075268,0.17915292669247312
66360,Left,0.6829954829790468,0.3170045170209532
9290,Stayed,0.3940375486639299,0.6059624513360701
29463,Left,0.6033923678778678,0.39660763212213224
37182,Stayed,0.31442533296137,0.68557466703863
26659,Stayed,0.28375819954835535,0.7162418004516447
21211,Stayed,0.13045847785493514,0.8695415221450649
23007,Left,0.6205741590423433,0.37942584095765675
34411,Stayed,0.3892480803296059,0.6107519196703941
28298,Left,0.9373482504969389,0.06265174950306111
4493,Stayed,0.49569274702852884,0.5043072529714712
65715,Left,0.7790841803991848,0.22091581960081522
35212,Stayed,0.18782425800180813,0.8121757419981919
60512,Left,0.5301412652743518,0.46985873472564815
61298,Stayed,0.30996868462323535,0.6900313153767647
4569,Left,0.9103614893142641,0.0896385106857359
27652,Left,0.8412326339154187,0.1587673660845813
34698,Stayed,0.1826120566744489,0.8173879433255511
49476,Left,0.5154827710469143,0.4845172289530857
54541,Stayed,0.23745461489676478,0.7625453851032352
19371,Stayed,0.36120721998342376,0.6387927800165762
67076,Left,0.5091088876104339,0.4908911123895661
10046,Left,0.7193074000660331,0.28069259993396695
16333,Left,0.8962853303089906,0.10371466969100941
15888,Stayed,0.4813096430964605,0.5186903569035395
51928,Left,0.6207530149227704,0.37924698507722965
12320,Stayed,0.26572676645721927,0.7342732335427807
59801,Left,0.9952825520687144,0.00471744793128554
55050,Stayed,0.4886206286638124,0.5113793713361876
27017,Left,0.6231452955951602,0.37685470440483976
14563,Left,0.8990913165327437,0.10090868346725636
780,Stayed,0.28056926740342114,0.7194307325965789
6922,Stayed,0.2951717648815192,0.7048282351184808
10785,Stayed,0.08640401089880045,0.9135959891011995
36582,Left,0.5199616729117688,0.48003832708823124
58554,Left,0.8900739244733015,0.10992607552669854
55934,Left,0.5634935727378719,0.43650642726212807
24278,Stayed,0.21591618061885876,0.7840838193811412
7680,Stayed,0.02501691997057498,0.974983080029425
38529,Left,0.6276245031286984,0.3723754968713016
32742,Left,0.7861907689848994,0.21380923101510063
9845,Left,0.960745030038446,0.03925496996155395
26019,Stayed,0.40825643893798347,0.5917435610620165
22846,Stayed,0.4452599890697909,0.5547400109302091
29274,Stayed,0.005725611482026105,0.9942743885179739
505,Left,0.7085546825195208,0.29144531748047914
24198,Left,0.7185927303341897,0.28140726966581037
36850,Left,0.8807976513064488,0.11920234869355113
18986,Left,0.630400028838163,0.369599971161837
2991,Left,0.7097987792792586,0.29020122072074134
71409,Left,0.7665628119526904,0.23343718804730967
9707,Stayed,0.428527886099483,0.571472113900517
64285,Stayed,0.4279344982502674,0.5720655017497326
24857,Stayed,0.07637840171021215,0.9236215982897878
27120,Stayed,0.3673657032803249,0.6326342967196751
24085,Left,0.8384120171404226,0.16158798285957737
54409,Stayed,0.21985838890535225,0.7801416110946477
22157,Left,0.6908400844653535,0.3091599155346465
47867,Stayed,0.015532902818892858,0.9844670971811071
20477,Left,0.9000010102351405,0.09999898976485955
24483,Stayed,0.38239667243846853,0.6176033275615315
45355,Left,0.7276756170132646,0.2723243829867355
4811,Left,0.5212503471607803,0.4787496528392196
32891,Left,0.7816307995744497,0.21836920042555033
51550,Stayed,0.2874293492783746,0.7125706507216254
8076,Left,0.9369523017269862,0.06304769827301385
49197,Left,0.6307681631153856,0.3692318368846144
46925,Left,0.8814625565266031,0.11853744347339694
71460,Stayed,0.4020591219364468,0.5979408780635532
39925,Left,0.8283964786975547,0.17160352130244527
31107,Left,0.7311622948688715,0.2688377051311285
35909,Stayed,0.48954143180328424,0.5104585681967158
40050,Left,0.8253020169648716,0.17469798303512843
72588,Left,0.7606728562094319,0.2393271437905681
25951,Left,0.8581111953137504,0.14188880468624962
73908,Left,0.9454843555164513,0.05451564448354875
24629,Stayed,0.15361028658288745,0.8463897134171126
20218,Stayed,0.23425410143145808,0.7657458985685419
18030,Stayed,0.21693363231345297,0.783066367686547
11020,Stayed,0.2535488099255885,0.7464511900744115
47103,Stayed,0.4217470944957924,0.5782529055042076
73087,Stayed,0.4039329049793847,0.5960670950206153
52698,Left,0.9346229902081308,0.06537700979186922
5905,Stayed,0.1737811282128625,0.8262188717871375
5344,Stayed,0.09939443965450678,0.9006055603454932
15258,Left,0.5587748474924532,0.44122515250754674
70142,Left,0.596992850479411,0.403007149520589
3883,Stayed,0.2544882132041043,0.7455117867958957
23688,Left,0.9380688615778787,0.061931138422121244
55254,Stayed,0.4126323506764775,0.5873676493235225
50487,Left,0.5521898148934005,0.44781018510659953
18145,Left,0.9495301435405697,0.05046985645943028
29018,Left,0.889769587883214,0.11023041211678593
25138,Left,0.588271994852317,0.41172800514768304
22214,Left,0.5405390146220816,0.4594609853779183
15588,Stayed,0.45380166419922885,0.5461983358007712
13115,Stayed,0.23777226897559056,0.7622277310244094
19893,Left,0.5324894233711397,0.4675105766288603
67718,Stayed,0.18161111030078225,0.8183888896992177
25390,Left,0.9233206790980124,0.07667932090198758
3856,Left,0.6595420729531072,0.34045792704689287
22993,Left,0.9741512059241016,0.02584879407589835
55516,Left,0.6831719854613648,0.3168280145386352
27815,Left,0.7684728810856906,0.23152711891430947
68601,Stayed,0.20419654783539065,0.7958034521646093
53128,Stayed,0.2556329495574263,0.7443670504425737
11752,Stayed,0.14564189362577495,0.854358106374225
53853,Left,0.6746887019759873,0.32531129802401276
33499,Left,0.9287374448240733,0.07126255517592676
58980,Stayed,0.0684515083289089,0.9315484916710911
55542,Left,0.7697192182414023,0.23028078175859767
1991,Stayed,0.0719016263250769,0.9280983736749231
61540,Left,0.629512735930853,0.370487264069147
16599,Stayed,0.386774057439744,0.613225942560256
4614,Left,0.8889999930436657,0.11100000695633429
28417,Left,0.7972568685113529,0.2027431314886471
21583,Stayed,0.17620739211445735,0.8237926078855426
8172,Stayed,0.16736426904215806,0.8326357309578419
9012,Left,0.8558474714392355,0.14415252856076458
401,Left,0.9047330834908305,0.09526691650916957
53340,Stayed,0.42581681624893253,0.5741831837510675
16779,Left,0.916423166046456,0.08357683395354401
26519,Stayed,0.33315968261340967,0.6668403173865903
23521,Stayed,0.015500674441717432,0.9844993255582826
64259,Left,0.5455808531976747,0.45441914680232537
4646,Stayed,0.019980006851953558,0.9800199931480464
9640,Stayed,0.17173957695434938,0.8282604230456506
27850,Stayed,0.4809939910560329,0.5190060089439671
62931,Left,0.6966843365745752,0.3033156634254249
21503,Left,0.9262253410411487,0.0737746589588513
32885,Left,0.9086851989479962,0.09131480105200382
62300,Left,0.5599282436522786,0.4400717563477215
22516,Stayed,0.11157356179050792,0.8884264382094921
26361,Stayed,0.10834118362313327,0.8916588163768667
11651,Stayed,0.2584445228189294,0.7415554771810706
12682,Left,0.9017700906795709,0.09822990932042905
30453,Left,0.9054233776476567,0.09457662235234329
3307,Stayed,0.3650886927008049,0.6349113072991951
46847,Stayed,0.33806326288371713,0.6619367371162829
37033,Stayed,0.029872002719806057,0.9701279972801939
44404,Stayed,0.3299726062488052,0.6700273937511948
35377,Left,0.5651937029484875,0.43480629705151247
53744,Stayed,0.4415828473834663,0.5584171526165337
10187,Left,0.984868714631713,0.01513128536828705
10943,Stayed,0.4591391121988355,0.5408608878011645
24184,Stayed,0.15203374794530677,0.8479662520546932
19910,Left,0.9640828509081605,0.03591714909183952
15404,Stayed,0.145972921976409,0.854027078023591
37377,Left,0.9848815370514985,0.015118462948501459
2311,Stayed,0.2887422855085169,0.7112577144914831
24654,Left,0.5988734817646917,0.40112651823530837
40,Stayed,0.3643838302238094,0.6356161697761906
39015,Left,0.841273196448876,0.158726803551124
3174,Left,0.7976325441719314,0.20236745582806864
36976,Left,0.518540042394441,0.48145995760555904
41053,Left,0.5314841309145037,0.4685158690854962
45669,Stayed,0.4053682156674435,0.5946317843325565
63501,Stayed,0.41164069734600284,0.5883593026539972
32711,Stayed,0.21683249199878918,0.7831675080012108
8634,Left,0.5005622262154513,0.4994377737845487
45845,Stayed,0.007362644122474893,0.9926373558775251
22221,Stayed,0.03622647464023088,0.9637735253597691
20041,Left,0.7666610079896754,0.23333899201032457
53103,Left,0.6929215811456021,0.3070784188543979
49566,Left,0.6882436996221426,0.31175630037785745
22390,Stayed,0.4442892271514377,0.5557107728485623
34910,Left,0.7529539705867725,0.24704602941322745
22143,Left,0.5211374492450503,0.47886255075494966
23638,Stayed,0.1435313349777263,0.8564686650222737
48394,Stayed,0.002101015240720816,0.9978989847592792
31983,Stayed,0.4606895372697679,0.5393104627302321
35728,Stayed,0.052294699632369435,0.9477053003676306
20511,Stayed,0.11016467544166963,0.8898353245583304
3395,Stayed,0.486833665644241,0.513166334355759
46551,Stayed,0.0946142669356812,0.9053857330643188
53637,Stayed,0.1683643834645796,0.8316356165354204
71756,Left,0.8835947385469068,0.11640526145309314
5035,Stayed,0.02732037561952061,0.9726796243804794
24694,Left,0.6230818579170212,0.37691814208297886
24394,Stayed,0.4800911771990185,0.5199088228009815
27102,Left,0.8955665145970558,0.1044334854029442
14128,Left,0.668608620643876,0.33139137935612395
26585,Left,0.5119658085468192,0.48803419145318083
36533,Left,0.709630601301849,0.290369398698151
13594,Left,0.5911786188272019,0.40882138117279804
17560,Stayed,0.41089847506262733,0.5891015249373727
68982,Left,0.6696893164470263,0.3303106835529736
29515,Left,0.7442069231168608,0.25579307688313924
62679,Left,0.7184190605459823,0.28158093945401774
18710,Left,0.6782407765870233,0.3217592234129767
39383,Stayed,0.042361951320415536,0.9576380486795845
55989,Left,0.9780806703237198,0.02191932967628022
43994,Stayed,0.40370391528755667,0.5962960847124433
8547,Stayed,0.05916826052211954,0.9408317394778805
55790,Left,0.5204212447184144,0.4795787552815856
9729,Left,0.5421760044457602,0.45782399555423975
47033,Left,0.8602105483815827,0.13978945161841727
19491,Left,0.9398124510054225,0.06018754899457749
32612,Stayed,0.011016604618561687,0.9889833953814383
66330,Stayed,0.32767690012320394,0.6723230998767961
59757,Stayed,0.22130402438968788,0.7786959756103121
64774,Left,0.8038521382555194,0.19614786174448062
48491,Left,0.8373282526874352,0.1626717473125648
21612,Stayed,0.2942978240617715,0.7057021759382285
3343,Stayed,0.4236960109445753,0.5763039890554247
40620,Stayed,0.4887178122497595,0.5112821877502405
65760,Stayed,0.47545621914725944,0.5245437808527406
23144,Stayed,0.04835661086193044,0.9516433891380696
1764,Left,0.6405623799671205,0.35943762003287943
36884,Left,0.9580286817297666,0.04197131827023339
8960,Stayed,0.2098145928505193,0.7901854071494807
73611,Stayed,0.08388515522334272,0.9161148447766573
12529,Stayed,0.1313347457679036,0.8686652542320964
6637,Left,0.8419561637446518,0.15804383625534818
16949,Left,0.5324798160554971,0.4675201839445029
29254,Left,0.8965391002636631,0.10346089973633692
74465,Stayed,0.3134699079960833,0.6865300920039167
39772,Left,0.7246437928868812,0.2753562071131188
49749,Left,0.5861322991636624,0.4138677008363376
44033,Stayed,0.14849048220915473,0.8515095177908453
30304,Left,0.8388106858319461,0.1611893141680539
15872,Left,0.8588400414194572,0.1411599585805428
20832,Left,0.8417346746018652,0.15826532539813473
43494,Stayed,0.2979568168807215,0.7020431831192785
44319,Stayed,0.34750256625772435,0.6524974337422756
13008,Stayed,0.41566480674602424,0.5843351932539758
62717,Left,0.8555008529437363,0.14449914705626365
22161,Left,0.9383013016344136,0.06169869836558644
61014,Stayed,0.09981917464179924,0.9001808253582008
5158,Stayed,0.41119948145897933,0.5888005185410207
1403,Left,0.8212669715578387,0.17873302844216135
1231,Left,0.7995722588716074,0.2004277411283926
9114,Stayed,0.05871178340274852,0.9412882165972515
39006,Stayed,0.39846038253643257,0.6015396174635674
27615,Stayed,0.19268504848532186,0.8073149515146781
52813,Stayed,0.004217180342678373,0.9957828196573216
68464,Stayed,0.4608159149186948,0.5391840850813052
36775,Stayed,0.15902476660779408,0.8409752333922059
23038,Left,0.9310093189047001,0.06899068109529997
43065,Left,0.552565646466272,0.44743435353372796
71894,Stayed,0.21663136990911036,0.7833686300908896
7837,Left,0.8589967862140401,0.14100321378595992
56305,Left,0.5646370547800446,0.4353629452199555
64351,Stayed,0.25591687506863314,0.7440831249313669
66567,Left,0.8183882993139515,0.18161170068604846
9713,Left,0.8226147198611289,0.17738528013887112
60325,Stayed,0.048257601704160824,0.9517423982958392
20098,Stayed,0.026483880451631192,0.9735161195483688
14399,Left,0.603134138024149,0.39686586197585105
70728,Left,0.9748062993534081,0.02519370064659192
31180,Left,0.8313399203613013,0.16866007963869864
47944,Left,0.959264037689926,0.04073596231007409
22205,Stayed,0.10783839377593096,0.892161606224069
71790,Left,0.894127454296006,0.10587254570399401
5634,Left,0.8699070042120685,0.1300929957879316
71094,Left,0.6078850890840037,0.3921149109159962
26382,Stayed,0.0667624937387824,0.9332375062612176
65714,Left,0.5102671007398838,0.4897328992601162
14048,Stayed,0.03817082183190934,0.9618291781680907
65827,Left,0.8075438817000401,0.1924561182999599
12111,Left,0.8541976091778258,0.14580239082217414
36538,Stayed,0.024366391736269866,0.9756336082637301
1327,Stayed,0.16840315355334556,0.8315968464466544
28631,Left,0.5834273175479473,0.4165726824520527
15700,Left,0.6942515436766081,0.3057484563233919
69925,Left,0.8294020980355977,0.17059790196440228
58205,Left,0.5907561897448644,0.40924381025513556
42047,Stayed,0.020759630980199506,0.9792403690198005
20410,Stayed,0.09668446263573549,0.9033155373642645
11608,Stayed,0.06667514796998641,0.9333248520300136
38955,Left,0.7259608569902454,0.27403914300975457
69984,Stayed,0.2016451849991564,0.7983548150008436
29026,Stayed,0.3097754814835012,0.6902245185164988
69901,Left,0.5733752295304588,0.4266247704695411
18796,Left,0.8586671451498682,0.14133285485013186
24865,Left,0.759566675170102,0.240433324829898
51521,Left,0.6795823190509772,0.3204176809490228
23859,Left,0.6134711531670713,0.38652884683292865
50060,Left,0.6518137619607305,0.3481862380392695
57687,Stayed,0.4264372304180083,0.5735627695819917
5224,Stayed,0.19873796835288737,0.8012620316471126
15529,Left,0.5421344274363029,0.4578655725636971
19913,Stayed,0.42506924329223617,0.5749307567077638
22649,Left,0.8724281948103677,0.12757180518963232
55742,Left,0.5054481553439513,0.49455184465604873
950,Stayed,0.3903557226954322,0.6096442773045678
53798,Left,0.8269125874303108,0.17308741256968918
6657,Left,0.9754047659404141,0.024595234059585913
13110,Left,0.8278717050166544,0.17212829498334556
45692,Left,0.5929436056620605,0.40705639433793944
40841,Left,0.958862402444388,0.04113759755561196
51206,Left,0.844515199686436,0.1554848003135641
40102,Left,0.9052466847779483,0.09475331522205166
72944,Stayed,0.16762288306115192,0.8323771169388481
5183,Left,0.880595783055866,0.11940421694413395
13042,Stayed,0.1459878479734884,0.8540121520265116
7664,Left,0.9317222497013798,0.06827775029862011
57342,Left,0.5401175122189741,0.45988248778102586
54527,Stayed,0.02781407710465844,0.9721859228953416
24201,Left,0.6985575590500279,0.3014424409499721
69720,Stayed,0.35407579995332084,0.6459242000466792
61437,Stayed,0.4010080073952563,0.5989919926047437
48300,Stayed,0.27851894524821386,0.7214810547517861
2352,Left,0.5599361468931638,0.4400638531068361
54715,Stayed,0.45334200087858456,0.5466579991214154
42101,Left,0.7272400465914253,0.27275995340857473
73569,Stayed,0.4990622987111972,0.5009377012888028
30745,Left,0.6303639307649085,0.3696360692350915
2060,Left,0.9864971565219912,0.013502843478008824
37924,Left,0.6859594107587539,0.31404058924124606
10949,Stayed,0.10740075955964579,0.8925992404403542
51175,Left,0.9405161741795999,0.05948382582040008
25736,Stayed,0.3255885651134315,0.6744114348865685
62139,Stayed,0.4152872334043233,0.5847127665956767
33449,Left,0.5530408645418312,0.4469591354581688
24295,Left,0.643875985591075,0.35612401440892505
55403,Stayed,0.17326966656673937,0.8267303334332606
16568,Left,0.9160313893882814,0.08396861061171855
60480,Left,0.9295859492941442,0.07041405070585587
26152,Stayed,0.2228571037945981,0.7771428962054019
68809,Left,0.9030025102450834,0.09699748975491666
60833,Left,0.7501126774909594,0.2498873225090406
1843,Left,0.9114880325539635,0.08851196744603647
13825,Stayed,0.452642115058392,0.547357884941608
56962,Stayed,0.3374108792312712,0.6625891207687288
68953,Stayed,0.2004543618067265,0.7995456381932735
32000,Stayed,0.30828784248889196,0.691712157511108
59293,Left,0.7115146714363145,0.2884853285636855
38708,Stayed,0.004877730520902235,0.9951222694790978
66985,Left,0.9707670574700515,0.029232942529948427
48290,Left,0.5434671186701794,0.4565328813298206
58473,Left,0.9170253201896271,0.08297467981037285
16867,Stayed,0.039885018443383324,0.9601149815566167
41670,Stayed,0.4788881015235136,0.5211118984764864
41072,Stayed,0.1295372664703276,0.8704627335296724
66420,Left,0.5166205824870653,0.4833794175129346
14120,Left,0.7668280237388306,0.23317197626116937
41808,Left,0.9003910320900483,0.09960896790995166
69089,Left,0.6968057514300064,0.30319424856999355
63339,Left,0.7098557912027696,0.2901442087972303
42244,Left,0.9492789348071162,0.050721065192883816
60256,Stayed,0.33758037461265444,0.6624196253873456
47437,Left,0.7524009342227771,0.24759906577722296
64398,Left,0.6053882296575164,0.3946117703424836
42613,Stayed,0.14360062938914975,0.8563993706108503
45041,Left,0.6968928749513619,0.30310712504863807
21364,Stayed,0.34121750950067864,0.6587824904993214
29134,Left,0.8389306323687966,0.16106936763120344
31691,Stayed,0.20250689865778837,0.7974931013422116
52457,Stayed,0.18045323944402625,0.8195467605559738
25375,Left,0.9402345091419209,0.05976549085807917
11363,Left,0.8483925044545604,0.15160749554543967
31578,Stayed,0.2914496897180593,0.7085503102819407
51420,Stayed,0.39268691174964954,0.6073130882503505
6686,Left,0.6381323211213947,0.36186767887860527
32534,Left,0.8491807717396314,0.15081922826036867
26201,Stayed,0.27205239460329644,0.7279476053967036
30225,Left,0.8038563228512152,0.19614367714878483
57026,Left,0.7078108334435015,0.2921891665564985
35406,Stayed,0.21357504997534094,0.7864249500246591
38535,Left,0.7700653995381731,0.22993460046182687
56291,Stayed,0.42869704370730677,0.5713029562926932
71457,Left,0.9129169248128641,0.08708307518713586
5876,Stayed,0.14852946685534962,0.8514705331446504
14593,Stayed,0.3856622976540155,0.6143377023459845
61292,Left,0.6803065863857612,0.31969341361423875
64904,Stayed,0.1182308047189411,0.8817691952810589
66350,Left,0.8020662209153021,0.1979337790846979
5763,Left,0.8413248243676356,0.15867517563236447
2115,Stayed,0.4203066611569548,0.5796933388430452
32486,Left,0.6274352839810637,0.3725647160189362
2190,Stayed,0.17793015505817822,0.8220698449418218
68681,Left,0.8882394835963335,0.11176051640366651
46595,Stayed,0.376011446252718,0.623988553747282
20714,Left,0.5361777669416454,0.4638222330583546
72537,Left,0.8815428383537438,0.11845716164625619
62119,Left,0.8916420383129635,0.10835796168703654
71687,Stayed,0.27278056452590804,0.727219435474092
39198,Stayed,0.15030380464772408,0.8496961953522759
64664,Left,0.6742282190988649,0.3257717809011351
61180,Stayed,0.28833834658661606,0.7116616534133839
74013,Stayed,0.3725812183779065,0.6274187816220935
10698,Left,0.659207598039236,0.340792401960764
10093,Left,0.8657701719323407,0.13422982806765923
46471,Left,0.7605666671871294,0.2394333328128706
58081,Left,0.8902478972875026,0.10975210271249734
19697,Stayed,0.008001001826564935,0.9919989981734351
35308,Stayed,0.37339014364889633,0.6266098563511037
54489,Left,0.846328895374908,0.1536711046250921
7145,Stayed,0.3816325174446441,0.6183674825553559
56338,Stayed,0.22452849319024015,0.7754715068097598
72683,Left,0.9266943312608823,0.07330566873911772
69952,Left,0.6415872421024205,0.3584127578975796
37594,Stayed,0.26107381574828525,0.7389261842517147
9023,Left,0.6905595374102973,0.30944046258970265
10894,Stayed,0.3865800358688066,0.6134199641311934
14994,Left,0.9447531056264433,0.055246894373556725
11089,Left,0.8190675925740603,0.18093240742593975
43581,Stayed,0.08769784747310894,0.9123021525268911
15997,Left,0.8316380368574674,0.16836196314253254
30234,Stayed,0.07889876766680026,0.9211012323331997
16914,Left,0.9623394760923308,0.037660523907669205
26547,Stayed,0.46902768096788294,0.5309723190321171
21547,Left,0.8285664790917303,0.17143352090826972
50779,Stayed,0.46064159742652433,0.5393584025734757
55396,Stayed,0.46426589681769503,0.535734103182305
47360,Left,0.9215178586800514,0.07848214131994856
59405,Stayed,0.4270217764815787,0.5729782235184213
60358,Left,0.7911922711834709,0.20880772881652915
2010,Left,0.884347791378241,0.11565220862175894
59144,Stayed,0.3744187690841507,0.6255812309158493
60885,Stayed,0.16003687400106759,0.8399631259989324
27802,Left,0.9339276030199458,0.06607239698005415
41958,Left,0.8242346698431251,0.17576533015687493
64327,Left,0.8239984484202337,0.1760015515797663
58254,Stayed,0.08348509388087044,0.9165149061191296
55248,Left,0.6386822378934369,0.3613177621065631
26787,Left,0.6063015876880564,0.3936984123119436
8749,Left,0.8597866623681669,0.1402133376318331
43892,Left,0.57215906241266,0.42784093758734004
56267,Left,0.8116679657818453,0.18833203421815467
19243,Stayed,0.2781221983131894,0.7218778016868106
37338,Stayed,0.11965852099406415,0.8803414790059358
24923,Left,0.9375339255178323,0.06246607448216764
54173,Stayed,0.1411568567566578,0.8588431432433422
44430,Stayed,0.4664239043483238,0.5335760956516762
50667,Left,0.7452510248173732,0.2547489751826268
10154,Stayed,0.0033228504259615876,0.9966771495740384
22938,Stayed,0.47211810707573176,0.5278818929242682
67330,Left,0.8659069448601381,0.1340930551398619
7417,Stayed,0.054985686404487755,0.9450143135955122
74434,Stayed,0.004598997857451326,0.9954010021425487
59291,Left,0.8400592141888695,0.1599407858111305
17013,Stayed,0.34719289770244244,0.6528071022975576
21219,Stayed,0.017496508297792923,0.9825034917022071
74274,Left,0.9032742262312039,0.0967257737687961
46721,Left,0.8459630427606764,0.15403695723932362
66714,Left,0.635088289628355,0.3649117103716451
36501,Stayed,0.20407045396359258,0.7959295460364074
6371,Stayed,0.020849468071950428,0.9791505319280496
30790,Stayed,0.09634023093382149,0.9036597690661785
51709,Left,0.5832148726308358,0.4167851273691642
10263,Stayed,0.07524044857491208,0.9247595514250879
40477,Stayed,0.01751920978904553,0.9824807902109545
20764,Stayed,0.46623712354742863,0.5337628764525714
53061,Left,0.5579135453723619,0.44208645462763807
40305,Stayed,0.08884206231111935,0.9111579376888806
59316,Left,0.9666422305811244,0.033357769418875596
9264,Stayed,0.12231683977100771,0.8776831602289923
41268,Left,0.9827982048613544,0.017201795138645573
16613,Left,0.5838354872602276,0.4161645127397724
30577,Left,0.5809569744293643,0.41904302557063566
20804,Left,0.8893848848570907,0.11061511514290936
59795,Left,0.6807939510554701,0.3192060489445298
54840,Stayed,0.4084693960089316,0.5915306039910684
11456,Stayed,0.06712386026410366,0.9328761397358963
18035,Left,0.9247430885356348,0.0752569114643652
3508,Stayed,0.4984682803037065,0.5015317196962935
18140,Left,0.6826381052670876,0.3173618947329125
35809,Left,0.9770440870222228,0.022955912977777184
11857,Stayed,0.15015998266075947,0.8498400173392405
38456,Stayed,0.05777325301865133,0.9422267469813487
40293,Left,0.7975995387148227,0.20240046128517725
20625,Left,0.7103101539514092,0.2896898460485908
29822,Stayed,0.031264339828461996,0.968735660171538
1575,Left,0.5367492870038407,0.4632507129961593
38428,Stayed,0.4235583201275408,0.5764416798724592
13718,Stayed,0.19472471091661214,0.8052752890833879
19373,Left,0.6362167603522887,0.3637832396477113
47163,Stayed,0.25065011771946644,0.7493498822805336
40730,Stayed,0.027313051749216388,0.9726869482507836
63407,Left,0.6741562571808422,0.3258437428191578
35165,Stayed,0.17161228999653222,0.8283877100034678
72188,Left,0.8248072190530188,0.1751927809469812
4067,Stayed,0.17497071692370303,0.825029283076297
25078,Left,0.6504542303120098,0.34954576968799017
15057,Left,0.8845319048716485,0.11546809512835149
22573,Stayed,0.2990610736638095,0.7009389263361905
37943,Stayed,0.33430836747943116,0.6656916325205688
64895,Left,0.9252539829079756,0.0747460170920244
14645,Stayed,0.12513260106007607,0.8748673989399239
31869,Stayed,0.14783893525127134,0.8521610647487287
46788,Stayed,0.2739782534988432,0.7260217465011568
28878,Left,0.8730612026017776,0.12693879739822245
65081,Left,0.9953750650559973,0.004624934944002725
48879,Stayed,0.23559054056323347,0.7644094594367665
31928,Stayed,0.3799795690376534,0.6200204309623466
789,Stayed,0.025834065482655766,0.9741659345173442
19265,Left,0.970885846800907,0.029114153199093076
32673,Stayed,0.4317558929624592,0.5682441070375408
59902,Left,0.918794101978978,0.08120589802102195
46635,Left,0.7675104219075898,0.23248957809241025
5983,Stayed,0.24670863327866221,0.7532913667213378
213,Left,0.5515631719640459,0.448436828035954
2300,Left,0.7555267102561471,0.2444732897438529
30674,Stayed,0.16675824466641842,0.8332417553335816
12594,Stayed,0.3259897431220531,0.6740102568779469
45756,Left,0.6210741902973063,0.3789258097026937
35464,Stayed,0.05448462174931512,0.9455153782506849
73061,Left,0.7648321289682016,0.23516787103179831
40105,Stayed,0.46264217991937484,0.5373578200806252
44925,Left,0.5635379272496541,0.4364620727503458
31695,Stayed,0.17163918851146198,0.828360811488538
3293,Stayed,0.3911594433249491,0.6088405566750509
15816,Stayed,0.29518023689835016,0.7048197631016498
29046,Left,0.9903127051900972,0.009687294809902772
22922,Stayed,0.38067223760364455,0.6193277623963555
40692,Stayed,0.12017171006300287,0.8798282899369971
17824,Stayed,0.19032404519052648,0.8096759548094735
36331,Left,0.7488809285930702,0.25111907140692985
1036,Stayed,0.28111924057977367,0.7188807594202263
3081,Left,0.6374290344566613,0.3625709655433386
16225,Stayed,0.23171621983544355,0.7682837801645565
55456,Stayed,0.07225083919089614,0.9277491608091039
27659,Left,0.8672417607303593,0.13275823926964073
51065,Left,0.9315510254962232,0.06844897450377684
24981,Stayed,0.2855452005517862,0.7144547994482138
66508,Left,0.8104613657816306,0.18953863421836942
49907,Left,0.5757749622367374,0.4242250377632626
70443,Stayed,0.056841065970279825,0.9431589340297202
52748,Stayed,0.05415410759289885,0.9458458924071012
60437,Stayed,0.09665759083469361,0.9033424091653064
48144,Stayed,0.03869803102588665,0.9613019689741134
63790,Stayed,0.08474951547809151,0.9152504845219085
69148,Left,0.9689350028609809,0.031064997139019064
40416,Stayed,0.3321233358800806,0.6678766641199194
12441,Stayed,0.45353503992123023,0.5464649600787698
36615,Stayed,0.4207764023350794,0.5792235976649206
59884,Stayed,0.35190070161041276,0.6480992983895872
59832,Left,0.7564136948942688,0.24358630510573115
7480,Stayed,0.233583162601122,0.766416837398878
62697,Stayed,0.18217065566373447,0.8178293443362655
13814,Left,0.7791117873742677,0.22088821262573233
30228,Stayed,0.2941741030341164,0.7058258969658836
36041,Left,0.5109205578559546,0.48907944214404536
10183,Left,0.8058581214525338,0.1941418785474662
72145,Left,0.5970809147442122,0.4029190852557878
64678,Left,0.6492952259497861,0.35070477405021394
41157,Left,0.8898916685704797,0.11010833142952027
46891,Left,0.854468313265498,0.145531686734502
58187,Left,0.8807604989165865,0.11923950108341352
268,Left,0.6240154908375412,0.37598450916245885
9799,Left,0.7423523704492466,0.2576476295507534
15138,Stayed,0.34326703386504875,0.6567329661349512
67584,Stayed,0.28438258245449766,0.7156174175455023
29780,Left,0.7424811321295783,0.2575188678704217
821,Stayed,0.4105577304772551,0.5894422695227449
18360,Left,0.9727276291186184,0.027272370881381618
23176,Stayed,0.24483185579903088,0.7551681442009691
9106,Stayed,0.49852513485461303,0.501474865145387
60593,Left,0.6024328181395975,0.39756718186040246
44969,Stayed,0.49730117505913707,0.5026988249408629
31381,Left,0.5283290568256727,0.47167094317432734
26314,Left,0.8549233712151278,0.1450766287848721
73547,Stayed,0.3263732466492828,0.6736267533507172
41807,Left,0.8913577781295832,0.10864222187041678
49019,Stayed,0.4618585796043325,0.5381414203956675
29008,Left,0.8585867024865723,0.1414132975134277
12601,Stayed,0.39374398081701734,0.6062560191829827
45447,Stayed,0.46784990641718605,0.532150093582814
7706,Stayed,0.13191055528700202,0.868089444712998
2687,Left,0.8435758805326656,0.15642411946733442
63781,Stayed,0.26593304546948315,0.7340669545305168
69681,Stayed,0.014304121140224946,0.985695878859775
63684,Stayed,0.20427828137245652,0.7957217186275435
44938,Left,0.7820496949868654,0.21795030501313456
11374,Left,0.931325838885994,0.06867416111400604
58184,Left,0.6226697534127379,0.37733024658726216
60071,Stayed,0.38185264628976867,0.6181473537102313
721,Left,0.8781754583613435,0.1218245416386565
15500,Stayed,0.27101051270972076,0.7289894872902792
43377,Left,0.5622230400356978,0.43777695996430227
47881,Stayed,0.0716041497780191,0.9283958502219809
16531,Left,0.7244231006673574,0.27557689933264257
11297,Left,0.9946180378765003,0.005381962123499712
32998,Stayed,0.4701894287232382,0.5298105712767618
8910,Stayed,0.28753718226549474,0.7124628177345053
20603,Stayed,0.2577401897178542,0.7422598102821458
14362,Stayed,0.07756150640352877,0.9224384935964712
29388,Stayed,0.1131138760847582,0.8868861239152418
73337,Left,0.7971301434113858,0.20286985658861423
52898,Stayed,0.04267568665322752,0.9573243133467725
57753,Stayed,0.17974282506169348,0.8202571749383065
50066,Left,0.941956583312125,0.05804341668787502
22614,Stayed,0.08904112767500372,0.9109588723249963
38598,Stayed,0.012991621798473685,0.9870083782015263
59806,Left,0.5829397735158875,0.41706022648411245
11996,Left,0.9568370616207454,0.04316293837925453
36071,Stayed,0.25146926020149074,0.7485307397985093
58004,Left,0.9264356553900446,0.0735643446099554
38644,Left,0.8450207541056872,0.1549792458943128
46774,Stayed,0.15467153254036758,0.8453284674596324
44535,Stayed,0.07124071452703384,0.9287592854729662
42287,Stayed,0.3923307337144142,0.6076692662855858
64079,Left,0.531611945305756,0.4683880546942441
22546,Left,0.8348035818084936,0.1651964181915064
18394,Left,0.5167419963519018,0.4832580036480982
5987,Left,0.6405956978794967,0.3594043021205034
54113,Stayed,0.14713550632661265,0.8528644936733873
12937,Left,0.8901410805099959,0.10985891949000413
50275,Left,0.7713381424529274,0.22866185754707255
9009,Left,0.609451388738519,0.390548611261481
9452,Stayed,0.11593426534592255,0.8840657346540775
7980,Stayed,0.02230535421235258,0.9776946457876474
39475,Stayed,0.09574839774506239,0.9042516022549376
62466,Left,0.7665652361858386,0.2334347638141614
28043,Left,0.6909733560882312,0.3090266439117689
24665,Left,0.6017909186026231,0.3982090813973769
68937,Stayed,0.46084730039423216,0.5391526996057678
28108,Stayed,0.4212443183451666,0.5787556816548334
50162,Left,0.5468805033232166,0.4531194966767834
33357,Stayed,0.11220429185027925,0.8877957081497208
19736,Stayed,0.4943058709338265,0.5056941290661735
32170,Left,0.6719116827112838,0.32808831728871624
48186,Left,0.9937550524479635,0.006244947552036521
28462,Stayed,0.24235569672906632,0.7576443032709337
67665,Stayed,0.12118144154794264,0.8788185584520574
24889,Left,0.6563814166809754,0.3436185833190246
6480,Stayed,0.1643312094702004,0.8356687905297996
19569,Stayed,0.11691752948345746,0.8830824705165425
21982,Left,0.888821321399166,0.111178678600834
18201,Stayed,0.46828224619577863,0.5317177538042214
35135,Stayed,0.15921137389424822,0.8407886261057518
46400,Stayed,0.14795147106418283,0.8520485289358172
34825,Left,0.8816505814154714,0.11834941858452862
34908,Stayed,0.036451746374938976,0.963548253625061
54476,Left,0.6234855650990758,0.3765144349009241
61797,Left,0.8072478051856509,0.1927521948143492
56011,Left,0.6611920583807005,0.33880794161929945
31244,Left,0.9077991433814264,0.09220085661857355
9310,Left,0.9406826236176605,0.059317376382339464
4423,Stayed,0.1666017908784242,0.8333982091215758
13288,Left,0.6539613548323187,0.3460386451676814
10475,Left,0.6639523576567141,0.3360476423432858
64434,Left,0.5148827938659968,0.48511720613400316
46873,Stayed,0.4224966970749283,0.5775033029250717
47782,Stayed,0.36012842624400154,0.6398715737559985
42410,Stayed,0.1798394271528082,0.8201605728471918
4080,Stayed,0.0354664412306086,0.9645335587693914
43346,Left,0.748496783772941,0.2515032162270589
62182,Left,0.7889594916409324,0.21104050835906757
51559,Stayed,0.21653913041749162,0.7834608695825084
56107,Left,0.9196838285707103,0.08031617142928973
972,Stayed,0.294435631310358,0.705564368689642
24180,Left,0.6148517433555094,0.38514825664449054
18046,Left,0.8262254765078516,0.17377452349214845
3800,Stayed,0.2615090773656942,0.7384909226343058
42075,Left,0.5018439119171199,0.4981560880828802
12308,Stayed,0.38929656847091854,0.6107034315290815
72081,Left,0.825635781074417,0.17436421892558301
55283,Stayed,0.4270527671416564,0.5729472328583436
37544,Stayed,0.4293313062104849,0.5706686937895151
62927,Stayed,0.09969198800211576,0.9003080119978842
12039,Stayed,0.10223965564718163,0.8977603443528184
46566,Left,0.6821296835036612,0.3178703164963388
56710,Stayed,0.3346635068795909,0.6653364931204091
18850,Stayed,0.09082383260256233,0.9091761673974377
5346,Stayed,0.002413429034314185,0.9975865709656858
62388,Left,0.6335941912284979,0.36640580877150203
57684,Stayed,0.08739271622400824,0.9126072837759918
51719,Stayed,0.007983773712627262,0.9920162262873727
55822,Left,0.5727693336087695,0.42723066639123053
25409,Left,0.9685137582113861,0.031486241788613936
39700,Left,0.9163726927642916,0.08362730723570846
53372,Left,0.6055955180533065,0.39440448194669353
42932,Left,0.7997988545095175,0.20020114549048248
58237,Left,0.8354537321647153,0.16454626783528464
25828,Left,0.8830118672942049,0.11698813270579515
22631,Left,0.5598454608072011,0.4401545391927989
23924,Left,0.9327841186305386,0.06721588136946138
45670,Left,0.5193854434456912,0.48061455655430885
30863,Left,0.5342986741948316,0.46570132580516843
30961,Left,0.6175421424101741,0.38245785758982587
41456,Left,0.6910745138846817,0.30892548611531834
34943,Stayed,0.15355586070612048,0.8464441392938795
51184,Left,0.8161787274593901,0.18382127254060984
64899,Stayed,0.4463022878142906,0.5536977121857094
16538,Left,0.5800428137749571,0.4199571862250428
24053,Left,0.9496458600304576,0.05035413996954237
15786,Stayed,0.20083685579511235,0.7991631442048877
10584,Left,0.8131710533129504,0.1868289466870496
61151,Left,0.7690265947957257,0.23097340520427437
42454,Left,0.514440487632712,0.48555951236728806
35833,Left,0.5844719604136808,0.4155280395863192
22819,Left,0.5423805355018636,0.4576194644981364
1697,Stayed,0.3191207246285154,0.6808792753714846
32623,Left,0.5818506083405068,0.4181493916594931
59309,Left,0.6705387587532377,0.32946124124676235
14544,Left,0.5168304179812988,0.48316958201870125
10853,Stayed,0.27102968607330213,0.7289703139266979
37772,Stayed,0.020870673831292486,0.9791293261687075
63969,Stayed,0.49825260002224314,0.5017473999777569
43134,Left,0.5520383866685294,0.4479616133314706
73759,Left,0.8715010435536155,0.12849895644638457
14230,Left,0.7689856197002983,0.2310143802997017
54959,Left,0.5769443166574104,0.4230556833425896
73139,Stayed,0.07511491964315486,0.9248850803568451
69508,Left,0.9492085164917343,0.050791483508265636
10103,Stayed,0.1522184193299183,0.8477815806700817
66211,Left,0.9108012485024309,0.08919875149756903
54230,Stayed,0.08482295394245665,0.9151770460575434
45744,Left,0.6720347492300381,0.32796525076996186
1004,Stayed,0.0023030456270676236,0.9976969543729324
8709,Left,0.9047739191207744,0.09522608087922559
35349,Left,0.9234475393565186,0.07655246064348141
66473,Stayed,0.0388925009642348,0.9611074990357652
38995,Stayed,0.011661886705522817,0.9883381132944772
30297,Left,0.8904169549795645,0.10958304502043549
33185,Stayed,0.19734878750145946,0.8026512124985405
48790,Left,0.7127680748984241,0.2872319251015759
35310,Left,0.5379778586547321,0.4620221413452679
42954,Stayed,0.06400743261411501,0.935992567385885
3621,Left,0.8038128506360378,0.19618714936396217
57759,Left,0.6362238950476722,0.36377610495232787
14607,Left,0.7615501467237655,0.2384498532762345
41229,Left,0.7979981477053575,0.2020018522946425
6202,Stayed,0.3765842372371483,0.6234157627628517
40698,Stayed,0.24140692946495246,0.7585930705350475
60252,Left,0.9782838379239438,0.021716162076056155
14188,Stayed,0.33391906140563665,0.6660809385943633
66379,Stayed,0.10546038100104049,0.8945396189989595
59069,Stayed,0.13206393457435162,0.8679360654256484
37319,Stayed,0.19575029751863415,0.8042497024813658
27675,Stayed,0.412858094467521,0.587141905532479
4161,Stayed,0.4904241852975736,0.5095758147024264
43960,Stayed,0.2748963073982651,0.7251036926017349
55794,Stayed,0.13086045826110826,0.8691395417388917
65170,Left,0.5521950011446969,0.4478049988553031
60193,Left,0.8372989455197319,0.162701054480268
50553,Stayed,0.06516372998327835,0.9348362700167216
38592,Left,0.5689241895233375,0.4310758104766626
20396,Stayed,0.3249696617841046,0.6750303382158954
59600,Stayed,0.00825926111482167,0.9917407388851783
46499,Stayed,0.39557971279769966,0.6044202872023003
57089,Stayed,0.3258450070436495,0.6741549929563505
47812,Stayed,0.21103531371907736,0.7889646862809226
63648,Stayed,0.2597644609452504,0.7402355390547496
2772,Left,0.8940058629996527,0.10599413700034734
65507,Stayed,0.17972090596429358,0.8202790940357064
44614,Stayed,0.08976082721059964,0.9102391727894004
5555,Left,0.8450421816116884,0.15495781838831157
5257,Stayed,0.4441189518546874,0.5558810481453126
40231,Left,0.6741309124909458,0.3258690875090542
69034,Left,0.9320670688591668,0.06793293114083324
43777,Stayed,0.07762972978032934,0.9223702702196707
62071,Left,0.8299343858015664,0.17006561419843358
51672,Left,0.7155850421146508,0.28441495788534915
10435,Stayed,0.46037554854322804,0.539624451456772
36985,Left,0.9356450632105723,0.0643549367894277
39557,Stayed,0.4949088318757674,0.5050911681242326
45934,Stayed,0.04569403158086016,0.9543059684191398
10926,Stayed,0.24385686204699442,0.7561431379530056
5717,Left,0.8359964858788469,0.16400351412115305
58042,Stayed,0.11399205428188175,0.8860079457181183
44481,Stayed,0.07356711626691881,0.9264328837330812
50400,Stayed,0.34088854087040743,0.6591114591295926
19708,Stayed,0.4168005289549648,0.5831994710450352
48494,Left,0.5528711819817576,0.44712881801824245
38114,Left,0.5265348480957621,0.47346515190423794
70358,Stayed,0.031281920974135735,0.9687180790258643
33414,Stayed,0.3543189912997381,0.6456810087002619
57775,Stayed,0.09909685982529359,0.9009031401747064
40625,Stayed,0.239252348334398,0.760747651665602
69999,Left,0.8760501070011711,0.12394989299882886
43742,Left,0.621816950414269,0.37818304958573107
74093,Left,0.5793366475111217,0.4206633524888784
62532,Stayed,0.04688943261139733,0.9531105673886027
10743,Stayed,0.3465902850569449,0.6534097149430551
49828,Stayed,0.25688934114383744,0.7431106588561626
14238,Stayed,0.1909863451882201,0.8090136548117799
21714,Left,0.7998085684576199,0.20019143154238006
39813,Stayed,0.24505652850641912,0.7549434714935809
28502,Left,0.9693064348204651,0.03069356517953497
72163,Stayed,0.31795729680099993,0.6820427031990001
47582,Stayed,0.44085053699852306,0.5591494630014769
52920,Stayed,0.2715377057871816,0.7284622942128184
58417,Stayed,0.05331791814563003,0.94668208185437
21103,Stayed,0.232598977252085,0.767401022747915
2731,Left,0.7123461224148923,0.28765387758510774
44587,Stayed,0.3797330377022021,0.6202669622977979
60002,Stayed,0.10651026172873668,0.8934897382712633
60467,Stayed,0.007957369609264409,0.9920426303907356
35318,Left,0.6429908032256744,0.3570091967743257
38422,Left,0.5613881789227424,0.43861182107725766
58246,Left,0.9109724382173611,0.08902756178263894
57302,Stayed,0.10060172590343952,0.8993982740965605
19410,Stayed,0.41372742574508303,0.586272574254917
64140,Stayed,0.05433749577017888,0.9456625042298211
32321,Stayed,0.26655621081216996,0.73344378918783
68272,Left,0.628238337126771,0.371761662873229
29415,Stayed,0.45993302329784025,0.5400669767021598
9198,Stayed,0.21846146516213927,0.7815385348378607
20850,Left,0.9135085796871537,0.08649142031284632
64663,Stayed,0.08588216596203802,0.914117834037962
47961,Stayed,0.28246586204225277,0.7175341379577472
14722,Stayed,0.04983769265829585,0.9501623073417041
52388,Left,0.6292343553163569,0.37076564468364315
38822,Stayed,0.10788337123286806,0.8921166287671319
6060,Left,0.7367341210744254,0.2632658789255747
37671,Left,0.8991421365936234,0.10085786340637662
907,Left,0.9470864726401111,0.052913527359888864
9574,Left,0.9741635573894296,0.025836442610570408
55232,Stayed,0.2090028211759135,0.7909971788240865
33266,Stayed,0.017822231244908893,0.9821777687550911
58238,Stayed,0.18966892742617514,0.8103310725738249
68238,Stayed,0.09596488872248188,0.9040351112775181
71445,Left,0.6793439503102827,0.32065604968971734
17915,Left,0.9139213584298734,0.0860786415701266
22757,Stayed,0.08666841318934837,0.9133315868106516
28873,Stayed,0.2503554339062072,0.7496445660937928
68727,Stayed,0.204558695795502,0.795441304204498
71281,Stayed,0.10841320918239195,0.891586790817608
38692,Left,0.7144708440148633,0.28552915598513673
25809,Stayed,0.3881923600696371,0.6118076399303629
51975,Stayed,0.3709781424704579,0.6290218575295421
18738,Left,0.8075021112463396,0.1924978887536604
57420,Stayed,0.01718968695634393,0.9828103130436561
16811,Stayed,0.1462247522179566,0.8537752477820434
47805,Left,0.5868553587837251,0.4131446412162749
56082,Stayed,0.19657332485787193,0.8034266751421281
60291,Stayed,0.4879230530750033,0.5120769469249967
944,Left,0.8479571232660433,0.15204287673395667
69663,Stayed,0.3727084752902661,0.6272915247097339
24671,Left,0.5150577754114686,0.4849422245885314
70560,Stayed,0.4603519395444716,0.5396480604555284
74385,Left,0.5680894237754965,0.4319105762245034
65021,Left,0.9358783635885947,0.0641216364114053
53409,Stayed,0.29419896311809357,0.7058010368819064
42229,Stayed,0.062162720693017426,0.9378372793069826
70635,Left,0.5248927528253367,0.4751072471746634
19779,Stayed,0.0494495791122721,0.9505504208877279
47427,Left,0.9473381294066067,0.05266187059339329
70792,Left,0.7669552492028398,0.2330447507971603
45674,Left,0.8323545109997643,0.16764548900023563
903,Left,0.9065449650234679,0.09345503497653208
62267,Left,0.920372150911374,0.07962784908862598
22383,Stayed,0.4691011518271816,0.5308988481728184
66791,Stayed,0.39212224628475745,0.6078777537152426
59051,Stayed,0.44179978948609455,0.5582002105139054
5087,Left,0.6758923487323256,0.3241076512676743
73966,Stayed,0.28648656247548054,0.7135134375245195
71646,Stayed,0.2791888301576092,0.7208111698423908
33113,Stayed,0.16429566397095052,0.8357043360290495
35649,Left,0.8916711854303587,0.10832881456964132
36200,Stayed,0.2474064846144889,0.7525935153855111
37523,Left,0.8151034579913627,0.18489654200863728
39377,Left,0.9683665382180491,0.0316334617819509
30852,Left,0.9834724412457239,0.016527558754276143
18807,Left,0.7614987404640556,0.2385012595359444
57780,Stayed,0.4429708837506545,0.5570291162493455
27027,Left,0.6263723006100754,0.37362769938992463
16987,Stayed,0.3916942677461428,0.6083057322538572
68939,Stayed,0.1687637037242533,0.8312362962757467
48996,Stayed,0.4093017046366383,0.5906982953633617
2287,Left,0.9017029547834654,0.09829704521653464
59059,Stayed,0.054849822892992006,0.945150177107008
66490,Left,0.7609143443067024,0.2390856556932977
28837,Stayed,0.39741998924868793,0.6025800107513121
50354,Left,0.5219136048952842,0.4780863951047159
40449,Left,0.8832747673888857,0.11672523261111432
20398,Stayed,0.1318702249348339,0.8681297750651661
8389,Stayed,0.26971071222442855,0.7302892877755714
19967,Left,0.5994116398189787,0.4005883601810213
63183,Stayed,0.39739141363737096,0.602608586362629
26514,Stayed,0.13835091014290135,0.8616490898570986
29110,Left,0.8536508620006605,0.1463491379993395
46386,Left,0.5117230524157579,0.48827694758424217
62117,Stayed,0.4483599893940222,0.5516400106059778
48280,Stayed,0.2016848070840781,0.7983151929159219
41494,Stayed,0.25839081904197503,0.741609180958025
5605,Left,0.5437368424403871,0.4562631575596129
64143,Stayed,0.35670043197812595,0.643299568021874
1825,Left,0.5083812871011568,0.49161871289884324
14947,Stayed,0.07489054011582563,0.9251094598841744
46621,Left,0.9500292780874218,0.04997072191257827
12554,Stayed,0.1362708492781488,0.8637291507218512
62338,Stayed,0.10374895948511087,0.8962510405148891
43515,Stayed,0.403637295460731,0.596362704539269
30673,Stayed,0.39288097302274216,0.6071190269772578
26680,Left,0.550046954083046,0.44995304591695395
50450,Stayed,0.37044249875235413,0.6295575012476459
28136,Left,0.5160530295126571,0.483946970487343
69175,Stayed,0.4345958327871803,0.5654041672128197
14014,Left,0.7395403572920303,0.26045964270796973
54059,Left,0.6068950809056168,0.3931049190943832
19316,Left,0.5524520964779569,0.4475479035220431
57578,Left,0.7137895908001357,0.2862104091998643
28627,Left,0.9174623148206484,0.08253768517935162
72971,Stayed,0.01748299373004414,0.9825170062699559
62054,Left,0.5774442191258331,0.42255578087416684
28495,Left,0.902247791941517,0.09775220805848298
45405,Stayed,0.3739763314156428,0.6260236685843572
59631,Left,0.5731164914525978,0.4268835085474022
47528,Stayed,0.1262152617437371,0.8737847382562629
14849,Stayed,0.11548876469812497,0.884511235301875
5131,Stayed,0.053882873257327435,0.9461171267426726
70711,Left,0.7750679142817237,0.22493208571827628
65382,Stayed,0.35302572008698807,0.6469742799130119
71417,Left,0.584534981999463,0.4154650180005371
65892,Stayed,0.41424128857103837,0.5857587114289616
31781,Left,0.7575719179249181,0.24242808207508199
61602,Stayed,0.039579641092081785,0.9604203589079182
67583,Stayed,0.21224927155491524,0.7877507284450848
3426,Stayed,0.3667323574927731,0.6332676425072269
3058,Stayed,0.37500679896304867,0.6249932010369513
8154,Stayed,0.10802496749026125,0.8919750325097388
24066,Left,0.6907874438203301,0.30921255617966986
66948,Stayed,0.1487347750546275,0.8512652249453725
69209,Stayed,0.15623522579605775,0.8437647742039422
56108,Left,0.6772202004913166,0.32277979950868346
63162,Stayed,0.27926707808851936,0.7207329219114806
54928,Stayed,0.08373605185770383,0.9162639481422962
15062,Left,0.7832620833242107,0.21673791667578937
59502,Stayed,0.036326218430565604,0.9636737815694344
16608,Left,0.6310791331218347,0.3689208668781653
15147,Left,0.6230851368965207,0.3769148631034794
30283,Stayed,0.15992447056518255,0.8400755294348174
28311,Left,0.57526199034302,0.42473800965698005
28073,Left,0.5563949066846781,0.4436050933153219
56696,Stayed,0.43328227751959736,0.5667177224804026
73141,Left,0.8920627119903634,0.10793728800963667
39183,Left,0.7441708371043221,0.25582916289567786
4071,Stayed,0.01831429635352111,0.9816857036464789
50106,Stayed,0.05458382339729717,0.9454161766027028
44641,Left,0.7749644700667835,0.2250355299332165
14734,Stayed,0.255892335569195,0.744107664430805
67557,Left,0.9768299183573181,0.023170081642681906
73203,Left,0.6228125934983599,0.37718740650164
74051,Left,0.7696187150435205,0.23038128495647947
5792,Stayed,0.040678570908981304,0.9593214290910187
13292,Left,0.6307922460483408,0.3692077539516591
51558,Left,0.9834346694399735,0.01656533056002648
4511,Left,0.8553565504911365,0.14464344950886354
9249,Stayed,0.46538582620456226,0.5346141737954377
1831,Stayed,0.004301013084334837,0.9956989869156652
60497,Left,0.581455546311311,0.418544453688689
55229,Stayed,0.34420318142236606,0.6557968185776339
39115,Stayed,0.12035976157087169,0.8796402384291283
65008,Left,0.5636983156756876,0.4363016843243123
35715,Left,0.5342909143468437,0.46570908565315633
56923,Left,0.811848259447904,0.1881517405520961
21822,Stayed,0.013742129572219541,0.9862578704277805
66731,Stayed,0.4946774882407361,0.5053225117592639
27358,Stayed,0.07209226674597513,0.9279077332540249
45619,Stayed,0.3966951494810501,0.6033048505189499
275,Left,0.5045413985415639,0.4954586014584362
39290,Left,0.9016392419409045,0.09836075805909551
15360,Stayed,0.0747513630651464,0.9252486369348536
29350,Left,0.9725773886567286,0.027422611343271352
9580,Left,0.8231804651202742,0.17681953487972582
31400,Left,0.8326030871863546,0.16739691281364547
67302,Stayed,0.37542137391593344,0.6245786260840666
54514,Stayed,0.18421785444880323,0.8157821455511968
29154,Left,0.9169092308874778,0.08309076911252217
36659,Stayed,0.14513886823794686,0.8548611317620531
62534,Stayed,0.3207952102350634,0.6792047897649366
50539,Left,0.8997911511252268,0.10020884887477327
2969,Left,0.9044946838092278,0.09550531619077224
32392,Left,0.6688138737719896,0.33118612622801036
7744,Stayed,0.07484933649714631,0.9251506635028537
68648,Left,0.5448249194237978,0.45517508057620215
16344,Stayed,0.24193699860976103,0.758063001390239
62406,Left,0.9265680510409547,0.0734319489590453
11542,Left,0.6452539663959846,0.3547460336040153
30305,Stayed,0.2966873268141116,0.7033126731858884
7041,Stayed,0.1117697142162718,0.8882302857837282
13703,Stayed,0.05145095906358066,0.9485490409364193
19274,Left,0.9772645543808661,0.022735445619133918
1765,Stayed,0.16826372827710379,0.8317362717228962
458,Stayed,0.06764598573377223,0.9323540142662278
16387,Left,0.5239087550365042,0.4760912449634958
49508,Stayed,0.24217086474277028,0.7578291352572297
5924,Left,0.8296979674222557,0.17030203257774434
35670,Stayed,0.33671698592686294,0.6632830140731371
52085,Left,0.9270154419759987,0.0729845580240013
14316,Stayed,0.37439358264788436,0.6256064173521156
29823,Left,0.7435584961149775,0.25644150388502257
63758,Stayed,0.008099964762422363,0.9919000352375776
21272,Stayed,0.4771496340212579,0.5228503659787421
67854,Stayed,0.24134774738303544,0.7586522526169646
445,Stayed,0.1351876410753281,0.8648123589246719
18925,Stayed,0.0010894709070066178,0.9989105290929934
74117,Stayed,0.17641033284595875,0.8235896671540412
67878,Stayed,0.24755251398341094,0.7524474860165891
45662,Left,0.9555950380303401,0.04440496196965989
14255,Stayed,0.04109416327959514,0.9589058367204049
32454,Stayed,0.25646833933902935,0.7435316606609707
25568,Stayed,0.29977392952197746,0.7002260704780225
43180,Left,0.8421030836390924,0.15789691636090764
21730,Left,0.9743086204281803,0.025691379571819706
10931,Left,0.9387597428189262,0.06124025718107384
11516,Left,0.5952530406565395,0.4047469593434605
21318,Left,0.6763389342556767,0.32366106574432324
56302,Stayed,0.12251461543825592,0.8774853845617441
16137,Stayed,0.4206614410563231,0.5793385589436769
65157,Left,0.6595030710363545,0.3404969289636454
32337,Left,0.8100995216604192,0.18990047833958085
37763,Stayed,0.4735100607313757,0.5264899392686243
55434,Left,0.6739737374046428,0.32602626259535716
54992,Stayed,0.39367594705254405,0.606324052947456
57903,Left,0.8344796762903143,0.16552032370968575
67797,Left,0.7201065137948981,0.2798934862051019
34242,Left,0.7838813074287365,0.21611869257126345
74199,Left,0.7602298257414383,0.2397701742585617
2783,Left,0.7210372326738743,0.2789627673261256
10308,Stayed,0.03356907670364462,0.9664309232963554
31930,Left,0.5212988157602642,0.47870118423973584
55683,Left,0.6102909159442291,0.38970908405577087
40046,Left,0.6562436684867365,0.3437563315132635
760,Left,0.7497844148002021,0.2502155851997979
70347,Stayed,0.3501487885804827,0.6498512114195173
39325,Stayed,0.49185665259864264,0.5081433474013574
30720,Stayed,0.3236081637982806,0.6763918362017194
45031,Stayed,0.05596920671585259,0.9440307932841474
71652,Left,0.9877609966437636,0.012239003356236384
72792,Left,0.8498876497211187,0.1501123502788813
69160,Left,0.5646912178638734,0.4353087821361266
40351,Stayed,0.05751293786880818,0.9424870621311918
29478,Stayed,0.11665155236618974,0.8833484476338103
8469,Stayed,0.19383197687214382,0.8061680231278562
11790,Left,0.6001693100869934,0.3998306899130067
58295,Left,0.8605303731377735,0.13946962686222653
52215,Stayed,0.10384888958476979,0.8961511104152302
57756,Stayed,0.007706413401834533,0.9922935865981655
50087,Left,0.7781139777421449,0.2218860222578552
5071,Left,0.9400813269883758,0.059918673011624284
26004,Stayed,0.48779893950613795,0.512201060493862
12083,Left,0.6657500259438615,0.33424997405613854
20808,Left,0.9785284245092154,0.021471575490784624
13553,Stayed,0.026751406007984424,0.9732485939920156
45598,Left,0.5944280063826894,0.4055719936173105
15102,Left,0.7650652405470402,0.23493475945295986
38396,Stayed,0.4411169389488151,0.5588830610511849
27966,Stayed,0.1369912054839112,0.8630087945160888
21545,Stayed,0.3754536660121135,0.6245463339878865
13805,Stayed,0.2876531055049679,0.7123468944950321
4156,Stayed,0.08321073576912341,0.9167892642308766
20781,Left,0.7096972459998614,0.29030275400013855
13038,Stayed,0.08227845294835212,0.9177215470516479
5492,Left,0.737741909707158,0.262258090292842
15622,Stayed,0.38967471661871567,0.6103252833812843
47507,Stayed,0.292520538186851,0.707479461813149
43125,Stayed,0.31119647319388577,0.6888035268061142
50417,Stayed,0.17611227966591603,0.823887720334084
33186,Left,0.7670650355098652,0.2329349644901349
21657,Stayed,0.24515813234717498,0.754841867652825
26477,Stayed,0.4455514718726107,0.5544485281273893
51239,Left,0.9408281195216902,0.059171880478309825
29148,Left,0.9544847042992566,0.04551529570074338
38889,Stayed,0.04942016847130781,0.9505798315286922
28514,Left,0.7036976417784072,0.2963023582215928
51692,Left,0.6826945568636171,0.3173054431363829
58501,Stayed,0.34982574544166567,0.6501742545583343
13874,Left,0.5207010141620886,0.4792989858379114
47495,Left,0.8803684490147446,0.11963155098525537
71635,Left,0.9413540952848664,0.05864590471513363
52512,Stayed,0.03809805343912964,0.9619019465608704
12751,Stayed,0.31628797498004857,0.6837120250199514
42169,Stayed,0.016191016730173535,0.9838089832698265
46444,Left,0.8327794990877098,0.16722050091229024
17383,Stayed,0.4415084605458064,0.5584915394541936
63931,Left,0.8160166212148017,0.18398337878519833
31989,Stayed,0.2992669177598375,0.7007330822401625
42134,Left,0.8031971226677015,0.19680287733229854
14337,Left,0.9631951698541352,0.03680483014586473
33359,Stayed,0.053190835146162074,0.9468091648538379
73681,Stayed,0.3099637325751141,0.6900362674248859
565,Left,0.7025058873231259,0.2974941126768741
16130,Left,0.8202843354569586,0.17971566454304147
64446,Left,0.8921595193030829,0.10784048069691715
36062,Stayed,0.011450141530261915,0.9885498584697381
42028,Left,0.8480213911575257,0.1519786088424743
11038,Stayed,0.4850610713704766,0.5149389286295234
26259,Stayed,0.4476066116954607,0.5523933883045393
71172,Left,0.8711020179377853,0.12889798206221473
13695,Stayed,0.09553634303453229,0.9044636569654677
74412,Stayed,0.25799154244571587,0.7420084575542841
47105,Left,0.6807823849239256,0.31921761507607443
32030,Stayed,0.044740106737976904,0.9552598932620231
8559,Left,0.595414186659788,0.404585813340212
11551,Stayed,0.27357876483923704,0.726421235160763
11926,Stayed,0.30422344945316737,0.6957765505468326
39802,Stayed,0.33640146763960466,0.6635985323603953
55493,Left,0.7641755364263867,0.23582446357361328
43108,Left,0.579026386767254,0.420973613232746
19998,Left,0.7898589107368792,0.21014108926312078
13392,Left,0.861253155105153,0.13874684489484695
52271,Stayed,0.26142441379095194,0.7385755862090481
9147,Stayed,0.4278220208765664,0.5721779791234336
33817,Stayed,0.4856645349160901,0.5143354650839099
23012,Left,0.5930717264355475,0.4069282735644525
3065,Stayed,0.19739518393632483,0.8026048160636752
25780,Stayed,0.4183382240894019,0.5816617759105981
33267,Left,0.8377868388760286,0.1622131611239715
8980,Stayed,0.39466379946379415,0.6053362005362058
74007,Left,0.6953120650304145,0.3046879349695854
67773,Stayed,0.49111429609350066,0.5088857039064993
28580,Left,0.8012567491337459,0.19874325086625405
21611,Stayed,0.36462653417514235,0.6353734658248577
52678,Left,0.9675698776525213,0.03243012234747862
71847,Left,0.947652444665964,0.052347555334036046
19313,Left,0.8579724051150267,0.1420275948849733
27798,Left,0.5114859366459723,0.48851406335402775
71791,Stayed,0.05169240859461688,0.9483075914053831
58512,Left,0.6110533346307365,0.38894666536926353
57613,Left,0.9336704477598777,0.06632955224012228
18442,Stayed,0.4521233463299442,0.5478766536700558
380,Left,0.5718814205414646,0.4281185794585353
50285,Stayed,0.2146606323480369,0.7853393676519631
70446,Left,0.7019460220632434,0.29805397793675653
28147,Left,0.8648776987657283,0.1351223012342717
68870,Stayed,0.10718919928336912,0.8928108007166309
42610,Left,0.8100172103779355,0.18998278962206444
28151,Left,0.7611618343180957,0.23883816568190436
31999,Left,0.633445462223843,0.36655453777615693
9376,Stayed,0.0025244637856867147,0.9974755362143133
39921,Stayed,0.16619412536285283,0.8338058746371472
41694,Stayed,0.3722600879936079,0.6277399120063921
22493,Left,0.6496838735240728,0.35031612647592725
66185,Stayed,0.47549418583154046,0.5245058141684595
41820,Stayed,0.4829930724994027,0.5170069275005973
33253,Stayed,0.03951581175909602,0.960484188240904
7291,Stayed,0.45615939470441125,0.5438406052955888
10366,Left,0.9235788205211549,0.07642117947884505
30543,Left,0.9595745681300343,0.040425431869965674
48106,Stayed,0.290419935303993,0.709580064696007
8162,Stayed,0.45257940247109174,0.5474205975289083
48353,Left,0.6006669813801145,0.39933301861988546
26349,Left,0.8323936436303181,0.16760635636968196
26411,Stayed,0.4226991908504859,0.5773008091495141
13507,Stayed,0.048000380724604774,0.9519996192753952
31506,Stayed,0.2292843322172946,0.7707156677827054
11950,Left,0.8560760500652325,0.14392394993476748
2743,Left,0.9664921661322934,0.03350783386770667
55247,Left,0.8032681141225175,0.19673188587748242
56433,Left,0.5227398217293305,0.47726017827066947
38927,Stayed,0.0052854387951819515,0.994714561204818
19958,Stayed,0.05923851241630218,0.9407614875836978
56728,Left,0.5286746732538457,0.4713253267461543
181,Left,0.7746683970599788,0.22533160294002125
19497,Left,0.9722856874782914,0.027714312521708636
5327,Stayed,0.37065839168871806,0.6293416083112819
55632,Left,0.878088327125931,0.12191167287406897
49496,Left,0.6624590378528005,0.33754096214719953
52469,Stayed,0.11815243219059735,0.8818475678094027
68053,Stayed,0.41816157304595136,0.5818384269540486
52691,Stayed,0.1305531252038703,0.8694468747961297
53573,Stayed,0.4391285691605177,0.5608714308394823
51803,Left,0.7858287005600604,0.2141712994399396
26511,Left,0.9758359547937584,0.02416404520624161
14140,Stayed,0.0429569092403308,0.9570430907596692
28293,Stayed,0.048311694394585714,0.9516883056054143
56904,Left,0.8630647958419119,0.13693520415808813
34006,Stayed,0.2281158328185925,0.7718841671814075
17377,Stayed,0.10568872962069753,0.8943112703793025
65935,Stayed,0.40525329793375,0.59474670206625
26536,Left,0.7358463847605611,0.2641536152394389
14314,Left,0.8394772703625064,0.16052272963749353
30177,Left,0.9360209763715829,0.06397902362841713
67837,Left,0.9730758887605951,0.02692411123940484
56141,Left,0.9705416479456782,0.02945835205432175
49468,Left,0.5808082761905664,0.4191917238094336
54440,Left,0.8296181873339064,0.17038181266609365
17970,Left,0.5850107277142939,0.41498927228570615
67686,Stayed,0.18657737646819494,0.8134226235318051
5429,Stayed,0.04861759353040296,0.951382406469597
31079,Stayed,0.18306231827254005,0.81693768172746
32101,Left,0.9415336408496773,0.05846635915032278
29385,Stayed,0.41939351871528896,0.580606481284711
16578,Stayed,0.26325862593171445,0.7367413740682855
38782,Stayed,0.050882299871746084,0.9491177001282539
14697,Left,0.7335709728388154,0.26642902716118455
59900,Left,0.9269581146899034,0.07304188531009656
7990,Left,0.6239485845114979,0.37605141548850207
49524,Left,0.8563627229064342,0.14363727709356575
24651,Stayed,0.19816892156215726,0.8018310784378427
44748,Left,0.8472765628848009,0.15272343711519906
9625,Stayed,0.4557172410736898,0.5442827589263102
41924,Stayed,0.3646458301659279,0.6353541698340721
5707,Stayed,0.46428350768456816,0.5357164923154318
35473,Stayed,0.03728493700905644,0.9627150629909436
62340,Left,0.7041558864521976,0.2958441135478024
52497,Stayed,0.12889079282770444,0.8711092071722956
47516,Left,0.8749324651637129,0.12506753483628705
4879,Stayed,0.3205404389875711,0.6794595610124289
16581,Stayed,0.22240714171709985,0.7775928582829001
59786,Stayed,0.4716123246363626,0.5283876753636374
45145,Left,0.7447934533044439,0.2552065466955561
43865,Stayed,0.48738312955785945,0.5126168704421405
36832,Stayed,0.3279409397932852,0.6720590602067148
43484,Stayed,0.1291019819504471,0.8708980180495529
63128,Stayed,0.03944398693169837,0.9605560130683016
67922,Stayed,0.04663097744653466,0.9533690225534653
58258,Stayed,0.23042864166788812,0.7695713583321119
25201,Left,0.6341797094657716,0.3658202905342284
41669,Stayed,0.3208425651469141,0.6791574348530859
63326,Stayed,0.17017547300603764,0.8298245269939624
48161,Stayed,0.4858323882766603,0.5141676117233397
26892,Stayed,0.29463228057789315,0.7053677194221069
2781,Left,0.606406045775139,0.393593954224861
42006,Left,0.8434343412000374,0.1565656587999627
34305,Left,0.9211465729753286,0.07885342702467131
34008,Left,0.8090866189881284,0.19091338101187164
1247,Stayed,0.23134562509492607,0.7686543749050739
34039,Stayed,0.37826394271360564,0.6217360572863944
20175,Left,0.9710479937702465,0.02895200622975347
37059,Left,0.7533102196398671,0.24668978036013295
73212,Stayed,0.30156565728668105,0.698434342713319
34645,Left,0.7142964012688968,0.2857035987311031
51384,Left,0.5398868508245692,0.4601131491754308
9999,Left,0.9248868157379604,0.07511318426203964
3309,Left,0.7889160827096793,0.21108391729032078
68108,Stayed,0.16328091923064192,0.8367190807693581
63867,Stayed,0.13020216067420753,0.8697978393257925
20561,Left,0.8538515861228031,0.1461484138771969
34629,Stayed,0.11954613328247021,0.8804538667175298
56871,Left,0.5418261873649384,0.4581738126350617
26132,Left,0.5890924016665826,0.41090759833341733
70043,Stayed,0.008934717014599691,0.9910652829854003
57079,Left,0.9300654541340913,0.06993454586590875
48933,Left,0.5091665851587623,0.4908334148412377
11300,Stayed,0.46570700420276223,0.5342929957972378
73401,Stayed,0.16924099672425208,0.8307590032757479
9898,Stayed,0.211293261655506,0.788706738344494
38987,Left,0.8742227642677765,0.1257772357322236
36228,Left,0.7601911507142076,0.23980884928579244
33020,Stayed,0.47114231526550054,0.5288576847344995
41978,Left,0.5436757944761554,0.4563242055238445
27293,Left,0.9931847637276127,0.006815236272387366
2904,Left,0.5738882254953899,0.4261117745046101
25435,Stayed,0.09706539105968892,0.9029346089403111
72334,Left,0.7113542882759174,0.28864571172408254
6838,Stayed,0.27318100894971364,0.7268189910502864
71939,Left,0.6834372577820871,0.3165627422179129
6753,Left,0.8119234216408342,0.18807657835916583
52998,Stayed,0.4845682612415194,0.5154317387584806
48260,Stayed,0.09797260859351375,0.9020273914064862
48783,Stayed,0.18401656138441136,0.8159834386155886
274,Stayed,0.04365174177065889,0.9563482582293411
24033,Stayed,0.18972991059340782,0.8102700894065922
33962,Left,0.8554553508255576,0.14454464917444246
58560,Left,0.6315659401223356,0.3684340598776644
61543,Left,0.9242394703565231,0.07576052964347686
60962,Left,0.8275242707523817,0.1724757292476183
13589,Stayed,0.03373549528330977,0.9662645047166902
66190,Left,0.5747622401027853,0.4252377598972147
67030,Left,0.7834897717969866,0.21651022820301336
54217,Stayed,0.21450400415882043,0.7854959958411796
48695,Left,0.881397522368892,0.118602477631108
33703,Stayed,0.08328653722179236,0.9167134627782076
67001,Stayed,0.004501446348786575,0.9954985536512134
49429,Left,0.7260730495386825,0.2739269504613175
5883,Stayed,0.3918651143858386,0.6081348856141614
5880,Stayed,0.027503867839521523,0.9724961321604785
37156,Left,0.9363403457870071,0.06365965421299288
71507,Stayed,0.4737511765424589,0.5262488234575411
37296,Stayed,0.20220418140779994,0.7977958185922001
74272,Left,0.939095777570902,0.060904222429097994
45701,Left,0.8132302265238943,0.18676977347610568
41180,Left,0.805396256255055,0.19460374374494502
65959,Left,0.7278609593884506,0.2721390406115494
35556,Left,0.9178153185010368,0.08218468149896319
29305,Left,0.8735806696903807,0.1264193303096193
43461,Left,0.6108330270834301,0.3891669729165699
52967,Left,0.6132417623418809,0.38675823765811906
46305,Left,0.5487574821744077,0.45124251782559227
68048,Left,0.8077045206230942,0.19229547937690583
68225,Left,0.9769893270567018,0.02301067294329815
67620,Stayed,0.06472833570502912,0.9352716642949709
33099,Left,0.7612032953311677,0.23879670466883232
2727,Stayed,0.05966124366580616,0.9403387563341938
47527,Stayed,0.4548359304959456,0.5451640695040544
69522,Left,0.7937587644640252,0.20624123553597484
28162,Stayed,0.010397333746210657,0.9896026662537893
42015,Left,0.6456900110605892,0.35430998893941085
26678,Left,0.7373393201317834,0.2626606798682166
42391,Left,0.9062984445822999,0.09370155541770009
23624,Left,0.7018903308889048,0.29810966911109515
64464,Stayed,0.10339839796688755,0.8966016020331125
72594,Stayed,0.019081103564790758,0.9809188964352092
67229,Stayed,0.41614455361938674,0.5838554463806133
6624,Stayed,0.04512412000466148,0.9548758799953385
10679,Left,0.6913832220504521,0.30861677794954784
39028,Stayed,0.44429667331723166,0.5557033266827683
10446,Left,0.840631311416458,0.15936868858354203
28496,Left,0.734073544219582,0.265926455780418
61965,Stayed,0.377305533498027,0.622694466501973
21900,Left,0.9185576256709106,0.08144237432908938
45283,Left,0.8255109378810561,0.17448906211894388
50492,Stayed,0.2054598770789775,0.7945401229210225
13280,Left,0.9133051073512632,0.08669489264873681
31072,Stayed,0.03692849746167781,0.9630715025383222
39547,Stayed,0.2744899524545893,0.7255100475454107
27885,Left,0.6911584912889386,0.30884150871106136
20336,Left,0.8140585255581501,0.1859414744418499
72912,Stayed,0.21771075263307194,0.7822892473669281
6820,Stayed,0.36897643775961064,0.6310235622403894
19627,Stayed,0.48498617154050216,0.5150138284594978
26324,Stayed,0.1403578841042975,0.8596421158957025
53497,Stayed,0.23650438148832242,0.7634956185116776
51343,Stayed,0.4243721039939211,0.5756278960060789
8446,Left,0.7621374339215982,0.23786256607840184
11895,Stayed,0.13699356175518762,0.8630064382448124
25285,Left,0.5791358078300628,0.42086419216993715
62893,Left,0.6858313161269439,0.3141686838730561
27926,Left,0.6475323307115539,0.35246766928844614
37958,Left,0.7063938180684683,0.29360618193153165
50526,Left,0.5215412004056414,0.47845879959435855
12257,Left,0.6367453115581061,0.3632546884418939
47109,Left,0.7501652704709504,0.24983472952904964
47345,Left,0.5229177866911539,0.47708221330884615
61968,Stayed,0.25849437207631254,0.7415056279236875
6452,Left,0.9799668660193352,0.020033133980664718
55815,Left,0.6058124682232228,0.39418753177677723
35148,Stayed,0.07820752355881055,0.9217924764411894
44363,Stayed,0.3047470342508969,0.6952529657491031
28599,Stayed,0.05262220735722012,0.9473777926427799
24881,Left,0.5581338358066225,0.44186616419337754
8247,Stayed,0.3433352507783046,0.6566647492216954
14983,Stayed,0.0860219615685831,0.9139780384314169
53921,Stayed,0.4834268064912083,0.5165731935087917
21148,Stayed,0.011990279623002809,0.9880097203769972
26801,Left,0.852391594919176,0.14760840508082393
27312,Stayed,0.44598182195399416,0.5540181780460058
54456,Stayed,0.19011224582125008,0.8098877541787499
72301,Left,0.9217218669092724,0.07827813309072758
60985,Left,0.9123404613225797,0.08765953867742023
69471,Stayed,0.051083417288774635,0.9489165827112254
58769,Left,0.7571087892696056,0.24289121073039444
12224,Stayed,0.4451388317998969,0.5548611682001031
61908,Stayed,0.4711178694858623,0.5288821305141377
13405,Stayed,0.3883345460576261,0.6116654539423739
37246,Left,0.835796168609241,0.16420383139075906
35783,Stayed,0.2734487908266977,0.7265512091733023
39199,Left,0.7378302185270849,0.26216978147291514
72505,Left,0.6216392746431472,0.3783607253568528
15762,Stayed,0.38491260777545766,0.6150873922245423
68892,Stayed,0.2525364390478718,0.7474635609521282
44666,Stayed,0.4557319237491726,0.5442680762508274
34897,Left,0.9687571782687511,0.03124282173124892
49958,Left,0.7131167358714559,0.2868832641285442
57904,Left,0.6615179527244128,0.3384820472755872
53211,Left,0.9008546780371058,0.09914532196289419
20525,Stayed,0.4348792402445426,0.5651207597554574
17522,Left,0.946605944099614,0.053394055900386
55563,Stayed,0.2033160994888693,0.7966839005111307
71741,Stayed,0.2817641096702438,0.7182358903297562
44644,Left,0.549624782601894,0.45037521739810604
46993,Stayed,0.26935616046448185,0.7306438395355181
23792,Left,0.6994496292208955,0.3005503707791045
21024,Stayed,0.32276937566960184,0.6772306243303982
43379,Stayed,0.02885581838682738,0.9711441816131726
36291,Left,0.6782981089736376,0.3217018910263624
24338,Stayed,0.1904331562962701,0.8095668437037299
70772,Stayed,0.1331470311191254,0.8668529688808746
22861,Stayed,0.415052834244495,0.584947165755505
47293,Left,0.8571067011328407,0.14289329886715926
64423,Left,0.6154798795560983,0.3845201204439017
71983,Left,0.8727210623675478,0.1272789376324522
12072,Stayed,0.12409899002083147,0.8759010099791685
25579,Stayed,0.36445670058964696,0.635543299410353
9507,Stayed,0.45162902689552975,0.5483709731044702
55449,Left,0.9191544741119726,0.08084552588802743
22694,Left,0.7077990396585223,0.29220096034147763
18220,Stayed,0.001990658190854644,0.9980093418091454
44456,Stayed,0.006122598626547071,0.9938774013734529
4364,Left,0.8060213975932796,0.19397860240672038
67537,Stayed,0.1839008177157735,0.8160991822842265
16124,Stayed,0.01547949917746927,0.9845205008225307
63932,Left,0.6324997145132144,0.3675002854867856
53960,Left,0.9679750372791365,0.03202496272086352
31459,Stayed,0.4109904774662182,0.5890095225337818
58791,Stayed,0.2644012872603758,0.7355987127396242
34472,Stayed,0.16602642053487104,0.833973579465129
61940,Left,0.5651130615131387,0.43488693848686133
6699,Left,0.8357605287799919,0.16423947122000815
48794,Stayed,0.2896023888327526,0.7103976111672474
22123,Left,0.759258066123333,0.240741933876667
71785,Left,0.6413643977337197,0.35863560226628033
38957,Left,0.7515014114564701,0.2484985885435299
8791,Left,0.6880816616640218,0.31191833833597815
7056,Left,0.66453567698123,0.33546432301877005
10714,Left,0.9191747265136052,0.08082527348639477
6852,Stayed,0.0030041730557032187,0.9969958269442968
71659,Stayed,0.22231954785771746,0.7776804521422825
61839,Left,0.8488682788792459,0.15113172112075413
32719,Left,0.6015513907515253,0.39844860924847464
60321,Stayed,0.4555766717540325,0.5444233282459675
19292,Left,0.6956146788135606,0.3043853211864394
67494,Stayed,0.0609506791605503,0.9390493208394497
52338,Left,0.9269602410409137,0.07303975895908629
28760,Stayed,0.18162092500084426,0.8183790749991557
54931,Stayed,0.10241570374506581,0.8975842962549342
20570,Stayed,0.021461370670276425,0.9785386293297236
22835,Left,0.8445768634314087,0.1554231365685913
16166,Stayed,0.39900121728544935,0.6009987827145507
27085,Stayed,0.47223108276051085,0.5277689172394892
43697,Left,0.665011783613213,0.33498821638678705
23241,Left,0.8070993102323054,0.19290068976769453
48920,Stayed,0.03235289948604747,0.9676471005139525
66375,Stayed,0.06461175579040412,0.9353882442095959
46770,Stayed,0.2727600072909342,0.7272399927090658
15055,Stayed,0.2048427932495508,0.7951572067504492
14520,Left,0.7805501905999415,0.2194498094000586
177,Left,0.6675233785333191,0.3324766214666809
15825,Left,0.9181328890545892,0.08186711094541076
50308,Left,0.5258304951170774,0.4741695048829226
69914,Stayed,0.04593538138519149,0.9540646186148085
63726,Left,0.6782805512846881,0.32171944871531183
25289,Stayed,0.043227671651315025,0.956772328348685
48162,Left,0.6240794376365003,0.3759205623634997
45286,Stayed,0.03169075900319651,0.9683092409968035
42320,Left,0.7179107262139708,0.2820892737860292
57297,Left,0.8114624093813242,0.18853759061867584
46710,Left,0.7952037982903002,0.20479620170969978
56408,Stayed,0.41091076432245677,0.5890892356775432
66976,Left,0.6492457153611635,0.3507542846388365
5978,Left,0.7303858174215121,0.2696141825784879
1041,Stayed,0.4710884066442027,0.5289115933557973
42799,Left,0.6598439222304686,0.34015607776953144
7300,Left,0.5600731131221226,0.43992688687787745
29189,Left,0.590697011405676,0.40930298859432407
6017,Stayed,0.2726261333883928,0.7273738666116072
39899,Stayed,0.3890822576854116,0.6109177423145884
49711,Stayed,0.3314004330251076,0.6685995669748924
51067,Stayed,0.10352897341622025,0.8964710265837798
2834,Stayed,0.40187780051637334,0.5981221994836267
36185,Left,0.8539935384350197,0.14600646156498034
7954,Stayed,0.050806806386428316,0.9491931936135717
13724,Stayed,0.04927538522543129,0.9507246147745687
17283,Left,0.8919864799594808,0.10801352004051919
3998,Stayed,0.2426478887352208,0.7573521112647792
32884,Left,0.9599351072794391,0.04006489272056096
55987,Stayed,0.2741338963341565,0.7258661036658435
70600,Stayed,0.3329085999405582,0.6670914000594418
36603,Stayed,0.08707578343859113,0.9129242165614089
38240,Stayed,0.31313685762465837,0.6868631423753416
70906,Stayed,0.11080435861268256,0.8891956413873174
4476,Stayed,0.08137754627173799,0.918622453728262
1946,Left,0.7094343773775746,0.29056562262242536
39798,Stayed,0.4592326793274346,0.5407673206725654
69330,Left,0.7629188218629573,0.23708117813704263
31045,Stayed,0.3423822621989421,0.6576177378010579
8318,Stayed,0.0691029730713425,0.9308970269286575
19633,Left,0.5007380244671338,0.4992619755328662
2321,Stayed,0.05234560355143336,0.9476543964485666
14149,Stayed,0.05329353191764463,0.9467064680823554
42602,Left,0.9716252251870156,0.02837477481298444
8507,Left,0.8540014719564136,0.14599852804358637
34578,Left,0.9155922993774066,0.0844077006225934
28010,Left,0.7260074486295638,0.27399255137043627
38386,Left,0.7833004351743185,0.2166995648256815
42512,Stayed,0.00472027024505095,0.995279729754949
23495,Stayed,0.11897320014080537,0.8810267998591946
13400,Stayed,0.010662614185893204,0.9893373858141068
4636,Left,0.8593498909265792,0.1406501090734208
26427,Stayed,0.18748555137362477,0.8125144486263752
47071,Left,0.9521226700939608,0.04787732990603921
13580,Stayed,0.04365455201309332,0.9563454479869067
23700,Stayed,0.29705541934075497,0.702944580659245
40868,Stayed,0.13150024518400039,0.8684997548159996
5855,Stayed,0.34891465596063487,0.6510853440393651
55443,Stayed,0.23741879226872087,0.7625812077312791
51662,Left,0.8241039475183963,0.17589605248160364
37530,Stayed,0.3678543772992925,0.6321456227007075
73641,Stayed,0.0356501671025472,0.9643498328974528
40099,Left,0.9411438550724858,0.058856144927514197
16126,Stayed,0.3160615224890586,0.6839384775109414
74456,Stayed,0.10887877840363513,0.8911212215963649
14486,Stayed,0.2275355642371758,0.7724644357628242
27556,Left,0.5607405955744529,0.4392594044255471
45035,Stayed,0.050227841277498575,0.9497721587225014
19141,Stayed,0.14226787125798868,0.8577321287420113
50402,Left,0.5166727445173573,0.48332725548264266
62211,Left,0.6039392980597784,0.39606070194022164
54930,Left,0.9412570531116596,0.058742946888340336
48238,Left,0.7784715162117821,0.22152848378821793
37726,Left,0.6879188313034363,0.3120811686965636
28684,Stayed,0.27134013011106395,0.728659869888936
29579,Left,0.6179543240705034,0.3820456759294965
23159,Stayed,0.061876995050283434,0.9381230049497166
68784,Stayed,0.4895633340935609,0.5104366659064391
34231,Stayed,0.08735680921837707,0.9126431907816229
24700,Left,0.6975114176623005,0.30248858233769943
58296,Left,0.7630459819213774,0.2369540180786226
56494,Left,0.9207697874606384,0.07923021253936155
31686,Left,0.5346157327519463,0.46538426724805376
69575,Stayed,0.17179905131041284,0.8282009486895872
53621,Stayed,0.3198581120715338,0.6801418879284662
29763,Left,0.6453436346524821,0.35465636534751793
24623,Stayed,0.06433143175903544,0.9356685682409646
60691,Stayed,0.01938040158870946,0.9806195984112905
31788,Stayed,0.2561265801595586,0.7438734198404414
42266,Left,0.8102306779787016,0.18976932202129831
45917,Left,0.7754264980272934,0.2245735019727067
72585,Left,0.5689546310602758,0.43104536893972417
14402,Stayed,0.4794091701745292,0.5205908298254708
8992,Left,0.6290717017650639,0.3709282982349361
72150,Left,0.8992824834155037,0.10071751658449637
62109,Left,0.825928425986253,0.17407157401374695
39458,Stayed,0.11584870129807456,0.8841512987019254
36731,Left,0.5541347812695393,0.4458652187304607
61857,Left,0.7313232234024045,0.2686767765975954
51592,Stayed,0.2484095220029393,0.7515904779970607
19873,Left,0.9094995181395007,0.09050048186049932
65608,Stayed,0.49353913134462324,0.5064608686553768
5861,Left,0.837523210767602,0.16247678923239794
42473,Stayed,0.22577268663686623,0.7742273133631338
36551,Left,0.5357577434069275,0.4642422565930725
69780,Left,0.9446136332201545,0.05538636677984556
7996,Left,0.5528453958395301,0.4471546041604699
2256,Left,0.7319969284413048,0.2680030715586952
12025,Stayed,0.28447121009302756,0.7155287899069724
50473,Stayed,0.10131746610348291,0.8986825338965171
31129,Stayed,0.47670376192745734,0.5232962380725427
37196,Stayed,0.2894004148622047,0.7105995851377953
37615,Stayed,0.09570490786452013,0.9042950921354799
25807,Left,0.8179881775845047,0.1820118224154953
69406,Stayed,0.4956637498281907,0.5043362501718093
14833,Left,0.6990710716305901,0.30092892836940993
10537,Stayed,0.004760000007871357,0.9952399999921286
64992,Stayed,0.18710513089814973,0.8128948691018503
31906,Left,0.791514657986548,0.20848534201345198
36307,Stayed,0.17370704958642225,0.8262929504135778
57614,Stayed,0.4723221805746506,0.5276778194253494
51275,Left,0.9246218620583342,0.07537813794166581
62351,Stayed,0.11965518787007012,0.8803448121299299
937,Stayed,0.21452804734713948,0.7854719526528605
32878,Stayed,0.41482447413598866,0.5851755258640113
12703,Stayed,0.3053689150573995,0.6946310849426005
28909,Left,0.6900395171132934,0.3099604828867067
74174,Stayed,0.2528753723313486,0.7471246276686514
20604,Stayed,0.17430925714390622,0.8256907428560938
35348,Stayed,0.29229188232022363,0.7077081176797764
73913,Left,0.6292003877824245,0.3707996122175755
26591,Left,0.9707851183430417,0.02921488165695828
68153,Stayed,0.037855840853034506,0.9621441591469655
58870,Stayed,0.05608854329421864,0.9439114567057814
28903,Left,0.6517837274742934,0.34821627252570664
43706,Left,0.8813961972206755,0.11860380277932449
72666,Stayed,0.1750617280670178,0.8249382719329822
53389,Left,0.696744466550602,0.3032555334493981
37155,Left,0.7533100027681874,0.24668999723181262
51686,Left,0.8770270218897839,0.12297297811021614
54483,Left,0.9794475578318733,0.02055244216812663
51251,Left,0.8150943906971997,0.18490560930280028
1535,Stayed,0.07722755925921287,0.9227724407407871
55856,Left,0.6439418158781733,0.35605818412182666
27880,Left,0.6986948059038492,0.30130519409615075
8442,Left,0.821789029389697,0.17821097061030294
62587,Stayed,0.2667961828641374,0.7332038171358626
26603,Left,0.6727085497538516,0.3272914502461484
25741,Stayed,0.22020092767923338,0.7797990723207666
51736,Stayed,0.37845563958877726,0.6215443604112227
26212,Stayed,0.05800671397808266,0.9419932860219173
70873,Stayed,0.3970605522203101,0.6029394477796899
10325,Left,0.7698101476000875,0.23018985239991252
9667,Stayed,0.18333091231134813,0.8166690876886519
34521,Stayed,0.08538253531629136,0.9146174646837086
37645,Left,0.649647713446796,0.350352286553204
48623,Stayed,0.4518103524553776,0.5481896475446224
39091,Stayed,0.15200368787635943,0.8479963121236406
46664,Left,0.5968508640141068,0.4031491359858932
39260,Stayed,0.4266647336223123,0.5733352663776877
63005,Left,0.9487265018138151,0.05127349818618485
66383,Left,0.5859442521005734,0.41405574789942656
34706,Stayed,0.12270740024357829,0.8772925997564217
44402,Stayed,0.27127514444476375,0.7287248555552363
42931,Left,0.8346833209775693,0.16531667902243077
50108,Left,0.5865285681807884,0.41347143181921164
57181,Stayed,0.09377473978340356,0.9062252602165964
17363,Left,0.901817002002108,0.09818299799789197
41307,Left,0.6056964338781022,0.39430356612189776
46652,Stayed,0.004996401178812615,0.9950035988211874
3525,Stayed,0.005855481294557707,0.9941445187054423
66615,Stayed,0.019709789269663713,0.9802902107303363
54740,Stayed,0.01787553418784782,0.9821244658121522
16825,Stayed,0.4271094915046515,0.5728905084953485
53971,Left,0.8410675438895467,0.15893245611045323
22711,Stayed,0.3127003201493376,0.6872996798506624
29235,Left,0.6394851116041402,0.3605148883958598
19422,Stayed,0.21325754920118634,0.7867424507988137
72457,Stayed,0.24167535178356148,0.7583246482164385
18554,Stayed,0.1283426013320461,0.8716573986679539
35972,Stayed,0.2221240180577826,0.7778759819422174
59422,Stayed,0.4435952366366961,0.5564047633633039
40633,Left,0.7308656788449772,0.26913432115502284
34911,Stayed,0.48574814478119865,0.5142518552188013
34171,Left,0.8426073265980935,0.15739267340190657
34094,Stayed,0.23612530194581605,0.763874698054184
34081,Left,0.7922770987238242,0.20772290127617574
25987,Stayed,0.20549575445222878,0.7945042455477712
47132,Stayed,0.4952295869110732,0.5047704130889268
23316,Stayed,0.22364529515100817,0.7763547048489918
18439,Left,0.627724821997173,0.37227517800282695
19579,Stayed,0.4369467920287179,0.5630532079712821
41269,Stayed,0.34075502687837245,0.6592449731216276
67130,Left,0.6322593304270185,0.3677406695729815
56083,Stayed,0.04370379429184157,0.9562962057081584
54231,Left,0.9496483093824039,0.05035169061759618
8580,Stayed,0.3054821028930407,0.6945178971069593
59788,Stayed,0.056495841889897425,0.9435041581101026
19724,Left,0.5100434534992635,0.48995654650073656
8043,Stayed,0.2127129428541873,0.7872870571458127
18365,Left,0.8112439537565566,0.1887560462434435
6485,Left,0.6863222734891299,0.3136777265108701
61252,Stayed,0.31161663556675656,0.6883833644332434
61620,Left,0.814762788412181,0.185237211587819
69353,Stayed,0.05070974728261368,0.9492902527173863
2061,Stayed,0.3852429723276991,0.6147570276723009
39690,Left,0.7966570698445428,0.20334293015545724
19911,Stayed,0.013690370671419427,0.9863096293285806
2339,Left,0.5682606788267356,0.4317393211732644
59706,Stayed,0.44667651811823805,0.553323481881762
47256,Left,0.8203434660213034,0.17965653397869666
23161,Stayed,0.17754707460332575,0.8224529253966743
60516,Stayed,0.2821210458082173,0.7178789541917827
55301,Stayed,0.006896255406107832,0.9931037445938922
63388,Stayed,0.3453448048505219,0.6546551951494781
45945,Stayed,0.07859400352539458,0.9214059964746054
16234,Stayed,0.001715379417396412,0.9982846205826036
56427,Left,0.7295303371342827,0.2704696628657173
49527,Stayed,0.08864619355714842,0.9113538064428516
41142,Left,0.6648724772413696,0.33512752275863045
36750,Stayed,0.2164299064109677,0.7835700935890323
47133,Stayed,0.04931103426688754,0.9506889657331125
72387,Left,0.5210543592881538,0.47894564071184625
32112,Stayed,0.42437639086143975,0.5756236091385603
72850,Stayed,0.42317487074182014,0.5768251292581799
65555,Left,0.6776475148267003,0.3223524851732997
33197,Left,0.7136965252635608,0.2863034747364393
23214,Stayed,0.1024100702580174,0.8975899297419826
40496,Left,0.9340171841311443,0.06598281586885567
55682,Left,0.8365365504870683,0.1634634495129317
36464,Left,0.9298706287054608,0.07012937129453917
57959,Stayed,0.3251432617229403,0.6748567382770597
14711,Stayed,0.10695011930154985,0.8930498806984501
70587,Stayed,0.048394081781685694,0.9516059182183143
18894,Stayed,0.43490046062372334,0.5650995393762767
58217,Left,0.8672275571431602,0.1327724428568397
24139,Stayed,0.21012416084658414,0.7898758391534159
35132,Left,0.9154941243247025,0.08450587567529752
48190,Stayed,0.15893925860924507,0.8410607413907549
72739,Stayed,0.1877267757531984,0.8122732242468016
3002,Left,0.5813961180161125,0.41860388198388754
74356,Stayed,0.09548053414603785,0.9045194658539621
61471,Stayed,0.3328828033377136,0.6671171966622864
36685,Stayed,0.23931817182118753,0.7606818281788125
43591,Stayed,0.2055254359346952,0.7944745640653048
68209,Stayed,0.1359708857953864,0.8640291142046136
45190,Stayed,0.310539221987,0.689460778013
36442,Stayed,0.19090492959641514,0.8090950704035849
63697,Stayed,0.4849978132892768,0.5150021867107232
21861,Stayed,0.11123766613297315,0.8887623338670269
41682,Stayed,0.3065526131331838,0.6934473868668162
40183,Stayed,0.018819416398504485,0.9811805836014955
46005,Stayed,0.4148208721243196,0.5851791278756804
3703,Left,0.7579948256782478,0.24200517432175217
26381,Left,0.9031545468028085,0.0968454531971915
52267,Stayed,0.18247879537347278,0.8175212046265272
25714,Left,0.7122021264750349,0.28779787352496505
33552,Left,0.6944862424776854,0.30551375752231463
7169,Left,0.9743082410466295,0.025691758953370527
837,Left,0.9539394382987552,0.046060561701244875
22929,Stayed,0.024054382402130425,0.9759456175978696
49605,Stayed,0.1679832438331641,0.8320167561668359
964,Left,0.5421293455663911,0.45787065443360886
35770,Left,0.5195489800696772,0.4804510199303228
71917,Stayed,0.35151592668197906,0.6484840733180209
37116,Left,0.6983124965763796,0.30168750342362033
26622,Left,0.6948792467025806,0.3051207532974194
56288,Left,0.6773398615494006,0.3226601384505994
3243,Left,0.9873985856535763,0.012601414346423739
35989,Left,0.9279915970416038,0.0720084029583962
36462,Stayed,0.0488447679342453,0.9511552320657547
54978,Left,0.6303830629501475,0.3696169370498526
40440,Stayed,0.4075746223427109,0.5924253776572891
16423,Stayed,0.4253625945521675,0.5746374054478325
16963,Stayed,0.08441789208540096,0.915582107914599
70079,Stayed,0.24592829295989727,0.7540717070401027
31728,Left,0.6762645141439123,0.32373548585608763
66860,Stayed,0.01318461497543022,0.9868153850245698
19748,Stayed,0.049071326707616936,0.9509286732923831
28406,Left,0.5333991568837666,0.46660084311623345
15344,Stayed,0.10498496881694297,0.895015031183057
4412,Stayed,0.05674467145674511,0.9432553285432549
63057,Stayed,0.4749200404810622,0.5250799595189378
8773,Left,0.8659917805643325,0.1340082194356676
37145,Left,0.6140806425640962,0.3859193574359038
29649,Stayed,0.371274588747765,0.628725411252235
26751,Stayed,0.0913949811115542,0.9086050188884458
42533,Left,0.8810533243733897,0.1189466756266103
13091,Left,0.7458014257871244,0.25419857421287556
14045,Stayed,0.2904713981099972,0.7095286018900028
24759,Stayed,0.1710115144963792,0.8289884855036208
68078,Stayed,0.17193184267052952,0.8280681573294705
15852,Stayed,0.23057225989285768,0.7694277401071423
63368,Stayed,0.36864286829181914,0.6313571317081809
51817,Stayed,0.07989744050673142,0.9201025594932686
29312,Stayed,0.11711723224562898,0.882882767754371
48097,Stayed,0.06325644974627709,0.9367435502537229
57306,Stayed,0.049033804483499255,0.9509661955165007
37944,Stayed,0.17325270357683165,0.8267472964231684
30646,Left,0.8600865158952506,0.13991348410474932
45650,Left,0.7653056013468506,0.23469439865314945
33264,Stayed,0.14991421850651543,0.8500857814934846
60177,Stayed,0.47955916804107257,0.5204408319589274
49759,Stayed,0.2308237794876672,0.7691762205123328
73520,Left,0.9672636242427155,0.032736375757284525
63242,Left,0.6316062220563579,0.36839377794364214
11536,Left,0.8745802568344867,0.12541974316551335
26560,Left,0.7013569026086908,0.2986430973913093
28882,Left,0.9592357386003828,0.04076426139961716
40090,Left,0.9211637062203867,0.07883629377961335
8161,Left,0.8891497234896343,0.11085027651036575
22080,Stayed,0.16606638126916962,0.8339336187308304
10408,Left,0.7422168544825949,0.2577831455174051
44506,Stayed,0.365675118368763,0.634324881631237
5443,Left,0.808706913698306,0.191293086301694
30440,Stayed,0.40388845721025735,0.5961115427897427
5014,Stayed,0.37834873368931554,0.6216512663106845
35622,Left,0.8934210150204323,0.10657898497956772
10090,Stayed,0.1644544110855003,0.8355455889144997
31895,Stayed,0.10615635380329214,0.8938436461967079
27616,Stayed,0.07726711855705914,0.9227328814429409
62282,Left,0.8682467187643247,0.13175328123567528
3289,Stayed,0.08800530945685181,0.9119946905431482
47679,Stayed,0.4062947707518473,0.5937052292481527
54816,Stayed,0.028335549056607956,0.971664450943392
22377,Stayed,0.05374768848449052,0.9462523115155095
69241,Stayed,0.46853868038764623,0.5314613196123538
40615,Stayed,0.3509635415175113,0.6490364584824887
70610,Left,0.8271354667917356,0.17286453320826442
30527,Stayed,0.47801086098366985,0.5219891390163302
57051,Stayed,0.3973186510650336,0.6026813489349664
46861,Left,0.6638084875192558,0.3361915124807442
35679,Stayed,0.3766041261944555,0.6233958738055445
36630,Left,0.5888406428935469,0.4111593571064531
19621,Stayed,0.3342908614101666,0.6657091385898334
36866,Stayed,0.26162639063711424,0.7383736093628858
71927,Stayed,0.4150773738297754,0.5849226261702246
9684,Stayed,0.30262879643960594,0.6973712035603941
56200,Left,0.7375277539655987,0.2624722460344013
9250,Stayed,0.4538235827841465,0.5461764172158535
28874,Left,0.6152748888202081,0.3847251111797919
40294,Stayed,0.3266603633440086,0.6733396366559914
70159,Left,0.773395257736879,0.22660474226312094
17492,Left,0.9513686196234503,0.04863138037654967
62805,Left,0.912428923879315,0.08757107612068502
5513,Stayed,0.004311906943206489,0.9956880930567935
40174,Left,0.9870754668081756,0.012924533191824447
53886,Left,0.735996156521861,0.264003843478139
17932,Stayed,0.16363971881448047,0.8363602811855195
42607,Stayed,0.011475753972464697,0.9885242460275353
23589,Stayed,0.09489405174265075,0.9051059482573492
28720,Left,0.6722126341097368,0.32778736589026325
52610,Stayed,0.33054834601710903,0.669451653982891
59499,Left,0.8512133623025233,0.14878663769747663
41637,Left,0.8620015671162747,0.1379984328837253
13626,Stayed,0.30433489314853734,0.6956651068514627
7330,Stayed,0.013303799916022818,0.9866962000839772
52885,Stayed,0.11977805093718119,0.8802219490628188
34909,Left,0.8370287245350904,0.16297127546490967
62722,Left,0.7827820490173008,0.21721795098269922
21175,Stayed,0.17529405227032624,0.8247059477296738
22521,Left,0.8340509088505105,0.1659490911494895
59557,Stayed,0.0056643284047671605,0.9943356715952328
10674,Stayed,0.07601635706202337,0.9239836429379766
44690,Stayed,0.3625089592598735,0.6374910407401265
31963,Left,0.8364251181612924,0.16357488183870764
35479,Stayed,0.10794465181051804,0.892055348189482
56389,Left,0.6918921601668775,0.30810783983312245
67038,Stayed,0.1624183687476769,0.8375816312523231
56870,Left,0.9500241109868912,0.04997588901310881
39392,Left,0.9520472245326683,0.04795277546733173
55801,Left,0.748697260909676,0.2513027390903239
13610,Stayed,0.11778709413776844,0.8822129058622316
49062,Left,0.8271229557634453,0.1728770442365547
72813,Left,0.6145729357385248,0.38542706426147527
46842,Stayed,0.15615292085530896,0.843847079144691
49504,Stayed,0.09450395011976909,0.9054960498802309
8333,Stayed,0.2194942191392043,0.7805057808607957
7278,Stayed,0.060567935161587205,0.9394320648384128
57225,Left,0.7510580351151708,0.24894196488482925
17837,Stayed,0.06847874977806123,0.9315212502219388
14403,Left,0.8735668745254614,0.12643312547453855
63514,Stayed,0.34721363618792966,0.6527863638120703
47864,Left,0.9642355570847938,0.03576444291520617
2285,Left,0.6324275460131467,0.36757245398685334
8249,Stayed,0.03378266778709138,0.9662173322129086
4233,Left,0.9678372894644253,0.032162710535574714
49576,Stayed,0.07222408008098746,0.9277759199190125
52825,Stayed,0.007492977578836824,0.9925070224211632
26317,Stayed,0.15441624058010506,0.8455837594198949
34904,Left,0.9748604279236035,0.025139572076396548
3201,Stayed,0.26260370076850204,0.737396299231498
27699,Stayed,0.468018334286767,0.531981665713233
2723,Left,0.5492757768811234,0.45072422311887655
10572,Stayed,0.3970806129638662,0.6029193870361338
53363,Stayed,0.05518890503204987,0.9448110949679501
18192,Stayed,0.4274481226973519,0.5725518773026481
21429,Left,0.9731576162793274,0.02684238372067257
35730,Stayed,0.3869231336847918,0.6130768663152082
40714,Stayed,0.17434257878281456,0.8256574212171854
19923,Stayed,0.23897562662761085,0.7610243733723892
2593,Left,0.8981964608780016,0.1018035391219984
37457,Stayed,0.18900943590010744,0.8109905640998926
5995,Stayed,0.46101270140134387,0.5389872985986561
72198,Stayed,0.08688833807237395,0.913111661927626
59370,Left,0.854510836567578,0.14548916343242208
20773,Left,0.6014367334207875,0.3985632665792125
12825,Left,0.507610570756885,0.492389429243115
32049,Stayed,0.42821114541229166,0.5717888545877083
33932,Left,0.5464311828910966,0.45356881710890334
4991,Left,0.9150677329694806,0.0849322670305194
30034,Stayed,0.05028902010260139,0.9497109798973986
71454,Stayed,0.05888408567671333,0.9411159143232867
8677,Left,0.8238820497059933,0.17611795029400665
53847,Left,0.9507677806831462,0.049232219316853794
43429,Stayed,0.33665720352669337,0.6633427964733066
47678,Stayed,0.4279875089719025,0.5720124910280975
68343,Stayed,0.298917771580557,0.701082228419443
34934,Left,0.6061355728040231,0.3938644271959769
18906,Stayed,0.08277155842582162,0.9172284415741784
31736,Stayed,0.16676062797840852,0.8332393720215915
16332,Stayed,0.3462003423758825,0.6537996576241175
40306,Left,0.6892916078143352,0.3107083921856648
15531,Left,0.8845538235257129,0.11544617647428708
47369,Left,0.8892831471470847,0.1107168528529153
36858,Stayed,0.36510081788270954,0.6348991821172905
8474,Left,0.7830356539935996,0.21696434600640038
69196,Stayed,0.4195550085575406,0.5804449914424594
11528,Left,0.9202042688072832,0.07979573119271678
44808,Stayed,0.3694037525841407,0.6305962474158593
53235,Stayed,0.38154073602050453,0.6184592639794955
34780,Stayed,0.11365583552606706,0.8863441644739329
26600,Stayed,0.005705619918004223,0.9942943800819958
45004,Stayed,0.21833133400010807,0.7816686659998919
3027,Left,0.9757298847616114,0.02427011523838862
64263,Left,0.9662690713697225,0.03373092863027745
10756,Left,0.5851895058425004,0.4148104941574996
45377,Stayed,0.462849162331164,0.537150837668836
21551,Left,0.9359794752176263,0.06402052478237377
20453,Left,0.8434850937101191,0.15651490628988082
72622,Stayed,0.2797293435367256,0.7202706564632744
47991,Stayed,0.003600567441466418,0.9963994325585336
14297,Left,0.5346323864403904,0.4653676135596096
33286,Left,0.5512108300232734,0.44878916997672663
59794,Left,0.985660042262361,0.01433995773763896
61418,Stayed,0.4863150964123445,0.5136849035876555
58378,Left,0.9804433024838577,0.019556697516142352
52153,Left,0.7452512481607677,0.2547487518392323
14091,Left,0.7870407410863928,0.2129592589136072
1732,Stayed,0.29973507654034626,0.7002649234596537
7279,Stayed,0.20840304414427435,0.7915969558557256
67147,Stayed,0.34404067344438305,0.655959326555617
61951,Stayed,0.09406335224898699,0.905936647751013
442,Left,0.9238940858312741,0.07610591416872589
39818,Left,0.5536782637567749,0.44632173624322513
19225,Stayed,0.09474435936748415,0.9052556406325158
60838,Left,0.8554807130799094,0.14451928692009064
20004,Stayed,0.4449460863148754,0.5550539136851246
13246,Left,0.6043868661938898,0.39561313380611013
631,Stayed,0.4410943808099529,0.5589056191900471
37242,Left,0.5152054707017384,0.4847945292982616
68972,Left,0.6109374200513907,0.38906257994860927
50437,Left,0.8642854063953139,0.13571459360468605
32352,Stayed,0.03988721764958192,0.9601127823504181
3351,Stayed,0.09030223261047232,0.9096977673895277
13827,Left,0.7777485754817177,0.2222514245182823
16065,Left,0.8479124980975055,0.15208750190249454
51523,Left,0.79143392648764,0.20856607351236006
67549,Stayed,0.23611157534113725,0.7638884246588628
11754,Stayed,0.18306705210819996,0.8169329478918
11273,Left,0.8277753504255648,0.17222464957443517
39395,Left,0.9235534772932122,0.07644652270678778
55778,Left,0.9849028198243449,0.015097180175655135
19124,Left,0.5871232764030769,0.41287672359692307
50136,Left,0.6301885501952369,0.36981144980476316
50366,Left,0.7110175740865059,0.2889824259134941
48998,Left,0.9175565696740065,0.08244343032599354
65175,Stayed,0.36974286336843065,0.6302571366315693
22182,Left,0.8270600351222099,0.17293996487779004
12841,Left,0.5101462753581739,0.4898537246418261
66261,Left,0.8031782192073853,0.19682178079261464
32985,Left,0.6349562400953809,0.3650437599046191
38402,Left,0.5087677777907567,0.49123222220924334
26237,Stayed,0.010481115532712915,0.9895188844672871
2299,Stayed,0.046584273853854774,0.9534157261461452
71029,Left,0.9400040028652367,0.05999599713476335
6758,Left,0.8839646432932499,0.1160353567067501
43179,Left,0.9496801915680217,0.05031980843197829
25142,Left,0.852105891687063,0.14789410831293698
772,Left,0.7181258605162714,0.28187413948372864
47723,Stayed,0.13821575888132498,0.861784241118675
49370,Left,0.7310801691598114,0.26891983084018856
5448,Left,0.9511018517727741,0.04889814822722598
7226,Stayed,0.29904027275619893,0.7009597272438011
41208,Stayed,0.21359031500199177,0.7864096849980082
31393,Left,0.6717200676613906,0.3282799323386094
6431,Stayed,0.4214163380820498,0.5785836619179502
37010,Stayed,0.010293770636962352,0.9897062293630376
4610,Left,0.6223362747338422,0.37766372526615777
72979,Stayed,0.15886951294813412,0.8411304870518659
26714,Stayed,0.4165892519289023,0.5834107480710977
6427,Stayed,0.05454847749576852,0.9454515225042315
42060,Left,0.5793379294449784,0.4206620705550216
11762,Left,0.5015938061404832,0.4984061938595168
26447,Stayed,0.01374518456616236,0.9862548154338376
3768,Stayed,0.02390899471259944,0.9760910052874006
11674,Left,0.7791924307455906,0.22080756925440942
35088,Left,0.6100730696770493,0.3899269303229507
63086,Left,0.718067062328337,0.2819329376716631
50488,Stayed,0.2091613718024129,0.7908386281975871
40995,Left,0.6482510184032397,0.35174898159676027
37105,Left,0.7019347695038547,0.29806523049614525
26436,Stayed,0.4795447069691645,0.5204552930308355
27475,Left,0.8850378581484544,0.11496214185154562
12155,Stayed,0.3097393382459628,0.6902606617540372
41931,Stayed,0.48896096970763026,0.5110390302923697
24320,Stayed,0.1441778826084601,0.8558221173915399
51822,Left,0.8115981141634482,0.1884018858365518
14514,Left,0.9810150796991732,0.0189849203008268
24028,Left,0.5680901750967426,0.43190982490325736
32638,Left,0.5865418948088297,0.4134581051911703
52239,Stayed,0.4809994433269724,0.5190005566730276
37140,Left,0.7738503885130873,0.22614961148691268
63649,Stayed,0.07623174595127757,0.9237682540487224
37414,Stayed,0.2920697792083429,0.7079302207916571
32365,Left,0.8538682815062015,0.14613171849379847
48011,Left,0.7769552523982302,0.22304474760176987
49788,Left,0.6179241794615109,0.3820758205384891
71047,Stayed,0.09112868716514444,0.9088713128348556
42530,Stayed,0.11159239399139498,0.888407606008605
4347,Left,0.5799572855559536,0.42004271444404634
31867,Stayed,0.16538953676039925,0.8346104632396008
26483,Left,0.7953561717529751,0.20464382824702482
10114,Stayed,0.1421297658032894,0.8578702341967106
11731,Stayed,0.42641127115032273,0.5735887288496773
55300,Left,0.869173717718122,0.13082628228187798
58700,Left,0.5841263495471916,0.4158736504528084
51057,Left,0.6286237616459978,0.37137623835400224
23459,Left,0.5719425049156701,0.42805749508432994
1273,Left,0.9571717848646256,0.042828215135374374
69699,Stayed,0.3588764708348823,0.6411235291651177
19891,Stayed,0.08484991034644818,0.9151500896535518
12491,Left,0.9529553019670725,0.047044698032927525
45308,Left,0.9481447161391444,0.05185528386085556
42337,Left,0.5273802407237451,0.47261975927625494
39874,Stayed,0.15911396336114525,0.8408860366388548
30657,Stayed,0.2707474448455033,0.7292525551544967
29038,Stayed,0.06949613631210372,0.9305038636878963
47740,Left,0.8826692638207938,0.11733073617920614
26312,Stayed,0.4452908482708672,0.5547091517291328
17996,Left,0.8602635261793107,0.13973647382068935
27888,Left,0.623392331864734,0.376607668135266
20666,Left,0.9819179557961141,0.0180820442038859
49020,Stayed,0.4445761061602628,0.5554238938397372
25704,Stayed,0.1616099585671421,0.8383900414328579
35998,Left,0.9852257168268496,0.014774283173150436
73188,Stayed,0.3530397556158481,0.6469602443841519
35968,Stayed,0.42858871411388577,0.5714112858861142
24185,Stayed,0.026218389427073108,0.9737816105729269
64101,Left,0.7114759470653931,0.28852405293460687
60268,Stayed,0.34128938869211545,0.6587106113078846
13485,Left,0.9296114916452978,0.07038850835470226
61684,Stayed,0.49755402184295805,0.502445978157042
30074,Left,0.6611306939469468,0.3388693060530532
69423,Left,0.7533174075854765,0.24668259241452348
37445,Left,0.5525050049851485,0.4474949950148514
6683,Stayed,0.007486674818329986,0.99251332518167
72144,Stayed,0.01397953407955066,0.9860204659204493
28997,Left,0.6449093394244514,0.35509066057554856
59001,Left,0.7439190795393895,0.2560809204606105
36580,Stayed,0.02473322458672822,0.9752667754132718
35757,Left,0.6311017098860543,0.36889829011394565
3712,Stayed,0.043046712675671506,0.9569532873243285
69181,Left,0.8093949464094228,0.19060505359057717
54284,Stayed,0.19997816478343122,0.8000218352165688
29971,Stayed,0.37444255770270396,0.625557442297296
11193,Left,0.5268318211848908,0.47316817881510925
5048,Left,0.6787214049347926,0.3212785950652074
63989,Stayed,0.4579707846423645,0.5420292153576355
10561,Left,0.5688293071809478,0.43117069281905224
44948,Stayed,0.41002956180869765,0.5899704381913023
39966,Stayed,0.09554268811070243,0.9044573118892976
40207,Stayed,0.11320453481215087,0.8867954651878491
51584,Left,0.8861410339938243,0.1138589660061757
14501,Stayed,0.11436383616466816,0.8856361638353318
400,Stayed,0.3214818300871565,0.6785181699128435
42118,Left,0.5182629579806237,0.4817370420193762
8421,Left,0.8630270475783115,0.13697295242168853
35469,Left,0.7357060844275518,0.2642939155724482
11763,Stayed,0.12520275478954268,0.8747972452104573
9000,Stayed,0.32607491069491523,0.6739250893050848
42211,Left,0.9717346187669547,0.028265381233045346
13766,Stayed,0.1982352445343497,0.8017647554656503
8865,Left,0.8351226229990119,0.16487737700098815
59244,Stayed,0.17360716920046704,0.826392830799533
54017,Stayed,0.20972712824021056,0.7902728717597894
49147,Stayed,0.37833989220622966,0.6216601077937703
45327,Stayed,0.06157158226307302,0.938428417736927
20221,Stayed,0.0762754630085215,0.9237245369914785
3564,Left,0.7981058801243579,0.20189411987564204
44266,Stayed,0.03913766651121109,0.9608623334887889
20183,Left,0.8000981066413471,0.19990189335865297
17815,Stayed,0.3086377874371342,0.6913622125628658
59336,Stayed,0.042280011733364375,0.9577199882666356
57642,Stayed,0.4495643744511717,0.5504356255488283
60365,Stayed,0.19976406009810332,0.8002359399018967
64623,Stayed,0.005904426777256444,0.9940955732227436
41252,Left,0.574239491800526,0.42576050819947403
12827,Stayed,0.25647952643098393,0.7435204735690161
129,Left,0.8829931786934777,0.11700682130652226
68318,Left,0.6187268634194987,0.3812731365805013
63127,Stayed,0.28690590779917324,0.7130940922008268
4294,Stayed,0.10349550173492095,0.896504498265079
55611,Stayed,0.07066591941929623,0.9293340805807038
51019,Left,0.6462222166520262,0.35377778334797383
68031,Stayed,0.48760662006966815,0.5123933799303318
39560,Left,0.7237956342623717,0.27620436573762824
7201,Stayed,0.44366525255652867,0.5563347474434713
28792,Left,0.8115852090296543,0.1884147909703457
61768,Left,0.7099703420140572,0.2900296579859428
53456,Stayed,0.012281745037135638,0.9877182549628644
44702,Stayed,0.04808109156205942,0.9519189084379406
59611,Left,0.8886171833992587,0.11138281660074136
381,Stayed,0.02263467119668794,0.9773653288033121
56618,Left,0.9880855287972876,0.011914471202712353
50467,Left,0.5118728031502457,0.48812719684975425
18435,Stayed,0.48218908963937834,0.5178109103606217
49202,Stayed,0.49230030296891647,0.5076996970310835
24765,Left,0.7813466447041586,0.21865335529584137
37292,Left,0.8955387845182428,0.10446121548175723
39903,Left,0.9951601805224849,0.004839819477515147
72955,Left,0.8820655817541375,0.11793441824586248
64122,Left,0.5702886457806514,0.4297113542193486
21131,Stayed,0.46281495956759144,0.5371850404324086
60561,Stayed,0.20246087911071342,0.7975391208892866
19995,Stayed,0.06606594977893421,0.9339340502210658
38902,Left,0.5663365481480694,0.43366345185193056
51481,Stayed,0.061690806920916885,0.9383091930790831
24207,Left,0.9265286769253069,0.0734713230746931
55511,Left,0.8524283379778317,0.1475716620221683
13275,Left,0.9254194389585184,0.07458056104148164
28448,Stayed,0.3296988024544546,0.6703011975455454
3560,Left,0.7017391983186826,0.2982608016813174
28604,Stayed,0.09627891719109183,0.9037210828089082
5449,Left,0.8881101301843137,0.11188986981568623
16163,Left,0.8875543672910905,0.11244563270890946
38046,Stayed,0.244501973637256,0.755498026362744
4158,Stayed,0.3668619285902043,0.6331380714097957
53082,Left,0.6009786199560039,0.39902138004399607
13039,Left,0.8177104903176885,0.18228950968231153
26957,Stayed,0.09358708763969903,0.906412912360301
23552,Stayed,0.3160288411013258,0.6839711588986742
64816,Stayed,0.05477614990682034,0.9452238500931797
11662,Left,0.6651021330428746,0.3348978669571254
43741,Left,0.7459437962322957,0.25405620376770427
68847,Stayed,0.290994231982857,0.709005768017143
39157,Stayed,0.1514233711514269,0.8485766288485731
53114,Stayed,0.43135318371077325,0.5686468162892268
35398,Left,0.638837347439075,0.36116265256092495
16232,Stayed,0.20980796593158368,0.7901920340684163
54224,Left,0.6586713721455355,0.34132862785446444
697,Left,0.8672924723624527,0.13270752763754728
46783,Stayed,0.016334760089946054,0.983665239910054
28349,Left,0.8930921529891056,0.10690784701089444
29396,Left,0.5163478853191271,0.4836521146808729
67439,Left,0.8734542668782781,0.12654573312172185
27437,Left,0.6295110253405192,0.37048897465948083
50996,Left,0.9821863877320955,0.017813612267904486
56390,Left,0.666803989209352,0.3331960107906479
37991,Stayed,0.0470415653533276,0.9529584346466724
73712,Stayed,0.39788401592080525,0.6021159840791948
52251,Stayed,0.12110246394634061,0.8788975360536594
44623,Stayed,0.40907586899930937,0.5909241310006906
12285,Left,0.991597472857211,0.008402527142788994
254,Left,0.6965198728047011,0.3034801271952989
24329,Left,0.5594994098687696,0.4405005901312304
70284,Stayed,0.11669295195136198,0.883307048048638
74291,Stayed,0.07104943405390696,0.928950565946093
633,Stayed,0.49675220137955867,0.5032477986204413
33697,Stayed,0.07452363431552644,0.9254763656844736
8704,Left,0.8046111236465857,0.1953888763534143
53659,Stayed,0.1439128032277449,0.8560871967722551
46275,Left,0.8773321139300463,0.12266788606995377
32618,Left,0.9415036875383185,0.058496312461681514
9519,Left,0.6083950264453709,0.3916049735546291
18849,Stayed,0.39002879276050906,0.6099712072394909
64614,Left,0.9555082025615959,0.044491797438404104
46001,Left,0.9664188812308594,0.03358111876914056
18717,Stayed,0.2986881000465472,0.7013118999534528
12991,Left,0.7140373031349241,0.28596269686507586
43132,Left,0.9771317521133627,0.02286824788663737
64248,Left,0.9750275750815425,0.02497242491845754
65079,Stayed,0.121505033624012,0.878494966375988
25372,Left,0.8329160061409691,0.16708399385903092
13448,Left,0.642313543908784,0.35768645609121597
69106,Stayed,0.21066412402303114,0.7893358759769689
29083,Stayed,0.3506662447043811,0.6493337552956189
39886,Left,0.9383501755251515,0.06164982447484843
29178,Left,0.7649652000111895,0.2350347999888105
43219,Left,0.7063110654883004,0.29368893451169964
9074,Stayed,0.3782499852444149,0.6217500147555851
66762,Stayed,0.2820980757326985,0.7179019242673015
62136,Left,0.6618668253927378,0.3381331746072623
44525,Stayed,0.3371222733795525,0.6628777266204475
69237,Stayed,0.14391575124336797,0.856084248756632
53382,Stayed,0.32656554210693123,0.6734344578930688
56069,Left,0.8238947377185388,0.17610526228146117
52997,Left,0.8125383830210878,0.18746161697891214
62923,Stayed,0.03277094280204418,0.9672290571979558
5736,Stayed,0.3050083999842511,0.6949916000157489
22351,Stayed,0.147284363387991,0.852715636612009
29051,Stayed,0.14036642375510955,0.8596335762448905
49904,Left,0.552219140441879,0.447780859558121
32158,Left,0.7674080063920133,0.23259199360798669
28200,Left,0.9771928584692192,0.02280714153078083
39685,Stayed,0.22069316348247403,0.779306836517526
48297,Stayed,0.006906221757308706,0.9930937782426913
14193,Stayed,0.0950328310909081,0.9049671689090919
12326,Stayed,0.005698834516974949,0.994301165483025
49519,Left,0.8202004135856518,0.17979958641434823
7402,Left,0.6498617685790309,0.35013823142096906
54042,Left,0.614623156382409,0.38537684361759095
36859,Stayed,0.4347278896479496,0.5652721103520504
21599,Stayed,0.23851913393480428,0.7614808660651957
10661,Left,0.7727315958201977,0.2272684041798023
33590,Stayed,0.0894618911817826,0.9105381088182174
29609,Stayed,0.408904635254284,0.591095364745716
57293,Stayed,0.33423864834602457,0.6657613516539754
11942,Stayed,0.11146011442354575,0.8885398855764542
24585,Stayed,0.0990059902632533,0.9009940097367467
16356,Stayed,0.25198756044288206,0.7480124395571179
66903,Left,0.5611092717248402,0.43889072827515985
14557,Stayed,0.21656639139288625,0.7834336086071138
45246,Left,0.9641587551337267,0.03584124486627325
72280,Stayed,0.06158143807892358,0.9384185619210764
12507,Left,0.8923846134279418,0.10761538657205814
31031,Stayed,0.11893666359110255,0.8810633364088974
12901,Stayed,0.37339201719290094,0.6266079828070991
19488,Left,0.9572080370504911,0.042791962949508905
26183,Stayed,0.19807797692711615,0.8019220230728838
6425,Left,0.893182322249859,0.10681767775014095
62792,Left,0.6332575983768788,0.3667424016231212
37934,Left,0.6520414488619406,0.34795855113805946
28325,Left,0.6290821648133105,0.37091783518668947
32326,Stayed,0.08678163413701745,0.9132183658629826
51417,Left,0.5138755345863955,0.48612446541360455
63546,Stayed,0.33930781214598993,0.6606921878540101
45562,Stayed,0.3420548116399922,0.6579451883600078
42804,Stayed,0.44317076615958717,0.5568292338404128
54557,Left,0.7096913289579265,0.29030867104207353
30488,Stayed,0.19989711017463385,0.8001028898253661
53529,Stayed,0.36524731667420285,0.6347526833257972
665,Stayed,0.33004698273007826,0.6699530172699217
33671,Stayed,0.17656374387504026,0.8234362561249597
40942,Stayed,0.10058010725653366,0.8994198927434663
38577,Left,0.5466609975892004,0.4533390024107996
2587,Stayed,0.06743655959408967,0.9325634404059103
28978,Stayed,0.08713557610545919,0.9128644238945408
34662,Left,0.7304950768209032,0.2695049231790968
44005,Left,0.5561064716925093,0.4438935283074908
14503,Left,0.9557609511047671,0.04423904889523291
60888,Stayed,0.1583799132154452,0.8416200867845548
16862,Left,0.666092671827079,0.333907328172921
10973,Left,0.6813440397555263,0.31865596024447373
29680,Stayed,0.039749180097998105,0.9602508199020019
10605,Left,0.9750290678852154,0.02497093211478459
59514,Stayed,0.0990456092099995,0.9009543907900005
58031,Stayed,0.2528191893315279,0.7471808106684721
6167,Stayed,0.13123366457212715,0.8687663354278728
53066,Stayed,0.4529339307802631,0.5470660692197369
57938,Left,0.8569682762932082,0.14303172370679182
7181,Left,0.7012011363544878,0.2987988636455122
7542,Stayed,0.09841025420427474,0.9015897457957253
54218,Stayed,0.48397501243550234,0.5160249875644977
36,Left,0.6050569070958602,0.3949430929041398
59071,Left,0.9002226382085675,0.09977736179143246
65759,Stayed,0.15951856264988362,0.8404814373501164
39382,Stayed,0.19894599023631265,0.8010540097636873
55215,Left,0.6682297198990228,0.3317702801009772
1261,Stayed,0.4130141392056752,0.5869858607943248
69000,Left,0.6651453341958391,0.33485466580416084
47984,Left,0.7513065857041413,0.2486934142958587
8823,Stayed,0.36346026341224913,0.6365397365877509
63192,Left,0.5156024813928777,0.48439751860712227
54811,Stayed,0.10944359532754822,0.8905564046724518
40190,Left,0.9000725015227431,0.09992749847725689
30897,Stayed,0.012743355618515806,0.9872566443814842
62378,Stayed,0.14022253735432033,0.8597774626456797
6650,Stayed,0.3153848262135267,0.6846151737864733
12348,Stayed,0.4747169665071479,0.5252830334928521
1639,Stayed,0.31496647877722206,0.6850335212227779
57131,Left,0.8515542130443766,0.14844578695562338
58545,Left,0.9023021916259899,0.09769780837401006
69019,Left,0.5824021661243395,0.41759783387566046
38810,Left,0.6577905819086782,0.3422094180913218
53146,Stayed,0.3807122293138143,0.6192877706861857
8591,Stayed,0.01289509135463962,0.9871049086453604
36370,Stayed,0.20576910029759532,0.7942308997024047
38076,Stayed,0.1068252367996897,0.8931747632003103
71885,Left,0.8362488955303408,0.16375110446965926
31597,Stayed,0.4196340816154621,0.5803659183845379
27666,Stayed,0.2671409443197752,0.7328590556802248
14218,Stayed,0.043974164232636115,0.9560258357673639
39316,Left,0.6674792781336831,0.33252072186631687
12080,Stayed,0.3164444295083264,0.6835555704916736
5620,Stayed,0.37173903057236535,0.6282609694276347
30972,Left,0.9599879422657686,0.040012057734231415
72020,Stayed,0.07161910589043374,0.9283808941095663
52141,Stayed,0.08895243785014217,0.9110475621498578
50785,Left,0.6244046051591818,0.3755953948408181
21455,Stayed,0.37408671774827196,0.625913282251728
34309,Stayed,0.07958253824909145,0.9204174617509085
45738,Stayed,0.12515190140697574,0.8748480985930243
43815,Left,0.8533260847383017,0.1466739152616982
19765,Left,0.6419571747013915,0.3580428252986085
11505,Left,0.9452755860882427,0.05472441391175732
58527,Stayed,0.23065317504683236,0.7693468249531676
24897,Stayed,0.09529481617901525,0.9047051838209847
27449,Left,0.7837800836040558,0.21621991639594418
61897,Left,0.7043901862520435,0.2956098137479565
63512,Stayed,0.3873201952439891,0.6126798047560109
49185,Left,0.8089636523396908,0.19103634766030914
9956,Left,0.5406651753558692,0.4593348246441308
39302,Stayed,0.4657625395952385,0.5342374604047615
12140,Left,0.92085431138482,0.07914568861517995
1386,Left,0.6455939341970686,0.35440606580293144
59996,Stayed,0.15737870461307335,0.8426212953869266
23265,Stayed,0.3452542607521344,0.6547457392478656
18088,Left,0.9634817659538739,0.036518234046126134
6703,Stayed,0.2687680129813321,0.7312319870186679
44985,Left,0.9385311906794238,0.06146880932057619
73440,Left,0.6165252882418346,0.3834747117581654
5800,Stayed,0.0375602214627907,0.9624397785372093
64130,Stayed,0.11445812845503656,0.8855418715449634
72901,Left,0.9392781272573814,0.06072187274261863
65789,Left,0.9470195615616378,0.05298043843836216
14530,Stayed,0.26214865059702797,0.737851349402972
9808,Left,0.563227303626795,0.4367726963732051
24568,Stayed,0.1334250293201924,0.8665749706798076
3311,Left,0.7604462858109643,0.23955371418903568
15939,Left,0.5594140471440943,0.44058595285590574
13646,Stayed,0.4780445392983933,0.5219554607016067
43749,Stayed,0.47929933529622737,0.5207006647037726
33117,Left,0.5607720270740213,0.43922797292597865
21335,Stayed,0.17251543240131129,0.8274845675986887
36288,Left,0.8020492637983166,0.19795073620168332
37448,Left,0.8677534841108654,0.13224651588913466
31498,Stayed,0.3149326486270383,0.6850673513729617
52712,Stayed,0.11660698999756969,0.8833930100024303
57189,Left,0.7358099455744316,0.26419005442556837
67282,Left,0.8599058233911331,0.1400941766088669
8505,Left,0.5544427685838975,0.44555723141610254
15619,Stayed,0.2335406391658389,0.7664593608341611
10219,Left,0.9263857657226954,0.07361423427730458
62912,Stayed,0.18486073650977308,0.8151392634902269
49028,Left,0.808316340896711,0.191683659103289
71131,Left,0.7004458884435651,0.29955411155643485
10021,Left,0.6779579186021356,0.32204208139786444
42467,Stayed,0.14939156045432145,0.8506084395456786
13338,Left,0.5272134348322066,0.47278656516779344
63327,Left,0.8944418011768107,0.10555819882318923
15178,Stayed,0.2820079277964487,0.7179920722035513
40629,Stayed,0.06872254858782889,0.9312774514121711
56777,Stayed,0.1483242375504883,0.8516757624495117
1796,Stayed,0.33441822264187904,0.665581777358121
12483,Left,0.6043045218368119,0.395695478163188
18006,Left,0.7908803239592093,0.2091196760407907
58996,Stayed,0.3484594797494056,0.6515405202505944
31468,Stayed,0.49048112278189926,0.5095188772181007
45689,Left,0.5650867576669593,0.43491324233304074
38031,Stayed,0.0718167395488587,0.9281832604511413
66788,Left,0.8280163125278085,0.1719836874721915
1880,Left,0.6568296365085919,0.343170363491408
49992,Left,0.8890530654853321,0.11094693451466782
61334,Stayed,0.15003022052544857,0.8499697794745514
71629,Left,0.5662947386066917,0.43370526139330834
64416,Stayed,0.3681049181011723,0.6318950818988277
8565,Left,0.8494917490991782,0.1505082509008218
37572,Left,0.9477941190611165,0.05220588093888347
70172,Left,0.6957405848775204,0.3042594151224795
67480,Left,0.8275252260897674,0.17247477391023253
44472,Left,0.5511092571132827,0.4488907428867172
6529,Left,0.9547318218782057,0.04526817812179432
35068,Stayed,0.13490062471601993,0.8650993752839801
32052,Stayed,0.21877649691645473,0.7812235030835453
23895,Stayed,0.485266035188916,0.514733964811084
18283,Stayed,0.2930074508712821,0.7069925491287179
49935,Left,0.9855498909729251,0.014450109027074921
46433,Stayed,0.01498632164559266,0.9850136783544073
41858,Left,0.964086877964227,0.035913122035772994
61590,Left,0.5730417341113465,0.4269582658886535
22435,Left,0.7852978720918532,0.21470212790814677
35260,Left,0.8553564578943406,0.14464354210565944
34028,Stayed,0.45983602488712394,0.5401639751128761
21159,Left,0.6357712084227021,0.36422879157729793
28024,Left,0.8693386419943717,0.13066135800562825
5565,Stayed,0.14767294307691203,0.852327056923088
49189,Stayed,0.03651979262267857,0.9634802073773214
57349,Stayed,0.16370764875323585,0.8362923512467642
39920,Stayed,0.3314715187546081,0.6685284812453919
62140,Stayed,0.3467218328074311,0.6532781671925689
4058,Stayed,0.03575764554508387,0.9642423544549161
49282,Left,0.620763998773699,0.379236001226301
59842,Left,0.7280941522027768,0.27190584779722315
19678,Stayed,0.4162877766602573,0.5837122233397427
67881,Left,0.9779339355675076,0.022066064432492344
69513,Stayed,0.09055638025899992,0.9094436197410001
53764,Left,0.6711522889559787,0.3288477110440214
10789,Stayed,0.3934754788822554,0.6065245211177446
3726,Stayed,0.06108228202048949,0.9389177179795105
51241,Stayed,0.36328520435410017,0.6367147956458998
28681,Left,0.762193229394402,0.237806770605598
21007,Left,0.7553917853681049,0.24460821463189505
56518,Left,0.5074166889988421,0.4925833110011579
69598,Left,0.9818793462959311,0.01812065370406885
13130,Stayed,0.05113554480891214,0.9488644551910879
7626,Stayed,0.33193632396398387,0.6680636760360161
44168,Left,0.6570482362971328,0.3429517637028671
42796,Stayed,0.3191128254925386,0.6808871745074614
55889,Stayed,0.10998864474382986,0.8900113552561701
47950,Stayed,0.09039607642747116,0.9096039235725288
42272,Left,0.7226023237784334,0.27739767622156664
31763,Stayed,0.044928578735181524,0.9550714212648185
73407,Left,0.6896969772256332,0.3103030227743668
62056,Stayed,0.4957668246001081,0.5042331753998919
34644,Left,0.5816958510537347,0.41830414894626533
60302,Stayed,0.20446918549908444,0.7955308145009156
10611,Stayed,0.4410037094878311,0.5589962905121689
8279,Stayed,0.39505992152281,0.60494007847719
55261,Left,0.8659082202824335,0.13409177971756644
26011,Stayed,0.10484101184622141,0.8951589881537786
50645,Stayed,0.13699750048261605,0.863002499517384
45403,Stayed,0.3301805760568962,0.6698194239431038
68941,Stayed,0.06871993863724213,0.9312800613627579
24204,Stayed,0.4316993264615502,0.5683006735384498
5200,Left,0.8364307621141683,0.1635692378858317
63767,Left,0.8363595365333668,0.1636404634666332
986,Left,0.5653953156194664,0.4346046843805335
37495,Stayed,0.33792577337938723,0.6620742266206128
1254,Left,0.9550305349787229,0.044969465021277036
34192,Left,0.9273962490257932,0.07260375097420674
73072,Left,0.6252639451656294,0.3747360548343706
68456,Left,0.8371545070961156,0.16284549290388442
45329,Left,0.610972559685888,0.38902744031411196
36135,Stayed,0.42268326185970684,0.5773167381402932
1444,Left,0.5185189790198087,0.4814810209801913
68537,Stayed,0.33811045202003454,0.6618895479799655
1391,Left,0.5978313571312901,0.40216864286870985
64169,Stayed,0.2669568298987276,0.7330431701012724
53485,Left,0.9256610452887396,0.07433895471126042
1458,Left,0.8152841198637867,0.18471588013621332
23842,Left,0.7073856895600759,0.2926143104399242
20993,Left,0.50124998980729,0.49875001019271004
36585,Left,0.7885462836797061,0.2114537163202938
68659,Stayed,0.25127842529783817,0.7487215747021618
44706,Stayed,0.04085114569126147,0.9591488543087385
357,Left,0.6138278448297324,0.3861721551702676
41394,Left,0.5277881987704618,0.4722118012295382
30150,Stayed,0.25018001647532984,0.7498199835246702
61476,Stayed,0.08472973996436595,0.915270260035634
47314,Stayed,0.3255919458184744,0.6744080541815256
45221,Left,0.9520151974148848,0.0479848025851152
67508,Stayed,0.4451295899620299,0.5548704100379701
44022,Left,0.524931124703494,0.47506887529650593
17724,Left,0.881247686559686,0.118752313440314
51372,Left,0.8005037954295431,0.19949620457045686
23608,Stayed,0.3638072436843952,0.6361927563156048
71769,Left,0.6960431984430357,0.30395680155696425
35756,Left,0.9332606467583189,0.0667393532416811
29132,Left,0.5102138790424174,0.48978612095758256
21744,Stayed,0.16163815109987334,0.8383618489001267
5785,Stayed,0.10725770973461968,0.8927422902653803
1998,Stayed,0.49601523704837913,0.5039847629516209
41929,Left,0.7204087948472817,0.27959120515271824
40840,Left,0.9270606144675663,0.0729393855324337
10950,Stayed,0.35735288461548653,0.6426471153845135
30892,Left,0.8505377363919583,0.14946226360804174
67689,Left,0.9894111067168797,0.010588893283120298
71742,Left,0.6936457240424732,0.3063542759575269
27629,Stayed,0.4284249904853652,0.5715750095146348
8855,Stayed,0.04189813823034827,0.9581018617696517
56813,Left,0.970751931081796,0.02924806891820393
37573,Stayed,0.1308775580081456,0.8691224419918544
26145,Left,0.5512674702823542,0.44873252971764577
31610,Left,0.9652767040638647,0.03472329593613531
1172,Stayed,0.05682885498032042,0.9431711450196796
44413,Stayed,0.3725892471796346,0.6274107528203654
73391,Stayed,0.05491344099171058,0.9450865590082894
64957,Left,0.806489251324474,0.19351074867552598
46274,Stayed,0.01924654859928654,0.9807534514007135
67786,Stayed,0.2406326190152921,0.7593673809847079
53546,Stayed,0.303432950364803,0.696567049635197
66547,Left,0.5261619432802436,0.47383805671975643
29175,Stayed,0.2891468463565402,0.7108531536434598
53771,Left,0.7293930121979808,0.2706069878020192
21091,Left,0.5525202026584586,0.4474797973415414
16865,Stayed,0.054051218484229446,0.9459487815157706
65051,Stayed,0.13163533112389858,0.8683646688761014
68287,Left,0.8735996545960389,0.12640034540396106
53606,Stayed,0.09170726412813346,0.9082927358718665
23286,Left,0.8369661654308598,0.16303383456914022
50047,Left,0.7825262206597924,0.2174737793402076
19490,Left,0.9391932588571428,0.06080674114285718
1181,Left,0.601148654409762,0.398851345590238
47227,Stayed,0.009294576473532823,0.9907054235264672
35685,Left,0.5595715845925051,0.44042841540749483
47480,Stayed,0.42324314791188344,0.5767568520881166
21534,Stayed,0.06980029210482752,0.9301997078951725
57251,Stayed,0.26532682079359193,0.7346731792064081
51564,Stayed,0.05612588842545474,0.9438741115745453
27441,Left,0.7745103474273688,0.22548965257263118
33773,Stayed,0.16355932368130988,0.8364406763186901
6212,Stayed,0.03111618238564151,0.9688838176143585
32614,Left,0.9809590126558435,0.019040987344156535
14189,Stayed,0.2869924950696531,0.7130075049303469
57860,Stayed,0.011482932514598088,0.9885170674854019
32591,Left,0.7528091976491221,0.2471908023508779
24050,Stayed,0.1655605107214433,0.8344394892785567
60570,Stayed,0.24132336352648254,0.7586766364735175
67324,Left,0.7362961866855549,0.2637038133144452
71855,Left,0.94319505424801,0.056804945751989994
21011,Stayed,0.0470153608076922,0.9529846391923078
16736,Left,0.5540085013799522,0.44599149862004783
58594,Stayed,0.3711311297759533,0.6288688702240467
7979,Stayed,0.48781863253816626,0.5121813674618337
2296,Left,0.7793868917644806,0.22061310823551933
25450,Stayed,0.15705942222272318,0.8429405777772768
12951,Left,0.745928192768111,0.25407180723188905
38155,Left,0.8055017167211822,0.19449828327881782
27531,Stayed,0.0052541387332522005,0.9947458612667478
69430,Stayed,0.26393045480930566,0.7360695451906943
67084,Left,0.5174129629312082,0.4825870370687918
2384,Stayed,0.07864683751134938,0.9213531624886506
72521,Stayed,0.13304156094139907,0.8669584390586009
18325,Stayed,0.32968456601997653,0.6703154339800235
64786,Left,0.5071713460704923,0.49282865392950775
43785,Stayed,0.09635378511678028,0.9036462148832197
49175,Stayed,0.3929521792595976,0.6070478207404024
6341,Stayed,0.21141145030541497,0.788588549694585
39046,Stayed,0.03250032302816064,0.9674996769718394
36667,Left,0.6188502757037805,0.3811497242962195
12571,Stayed,0.12760934439724714,0.8723906556027529
27041,Stayed,0.483868536103329,0.516131463896671
52977,Stayed,0.18276263015804872,0.8172373698419513
15663,Left,0.628046174610217,0.37195382538978305
73132,Stayed,0.24405710879502907,0.7559428912049709
29627,Stayed,0.06986001160788069,0.9301399883921193
43691,Left,0.6695267753203697,0.33047322467963025
28867,Stayed,0.047581358843488686,0.9524186411565113
48924,Left,0.9483445227293417,0.05165547727065832
55575,Left,0.8281440680823566,0.1718559319176434
43904,Left,0.5872860588168354,0.4127139411831646
43771,Stayed,0.26518670791191423,0.7348132920880858
62141,Left,0.5189706892910846,0.4810293107089154
31943,Stayed,0.37419479726237226,0.6258052027376277
24675,Stayed,0.473839761949858,0.526160238050142
14939,Left,0.8313406719077066,0.1686593280922935
19388,Stayed,0.18968265060952216,0.8103173493904778
66279,Stayed,0.33557349167390615,0.6644265083260938
47604,Stayed,0.17421474572974172,0.8257852542702583
9431,Left,0.5376258260076158,0.46237417399238423
37331,Left,0.8540207611266297,0.14597923887337033
53526,Left,0.9619785525502291,0.038021447449770915
20066,Stayed,0.18673220743324892,0.8132677925667511
52472,Left,0.7132786255185887,0.28672137448141133
26946,Left,0.7475724238293056,0.25242757617069445
50381,Stayed,0.011428574717430084,0.9885714252825699
51312,Left,0.8180268609645422,0.18197313903545778
68849,Left,0.833824729173712,0.16617527082628802
68984,Left,0.7397205593755182,0.26027944062448183
39610,Left,0.8794920348487681,0.12050796515123186
6424,Stayed,0.1528265545083486,0.8471734454916514
47371,Left,0.859676691462549,0.14032330853745098
20394,Left,0.7388088780915305,0.2611911219084695
72159,Stayed,0.1395896474749445,0.8604103525250555
4789,Left,0.5793498510355051,0.42065014896449493
2387,Stayed,0.3420061784151772,0.6579938215848228
28643,Left,0.7473139643395206,0.2526860356604794
55707,Stayed,0.16413276206276273,0.8358672379372373
40295,Stayed,0.03326927803236868,0.9667307219676313
43709,Left,0.6991618436858122,0.30083815631418775
11987,Stayed,0.014722902339839194,0.9852770976601608
37980,Left,0.8103980823557058,0.1896019176442943
9274,Left,0.9452520864943915,0.05474791350560853
29568,Left,0.9240731871193735,0.07592681288062657
9203,Stayed,0.18175538630073507,0.8182446136992649
52522,Stayed,0.033795571387694956,0.966204428612305
42227,Stayed,0.3483385166426206,0.6516614833573794
67238,Stayed,0.35966104308456504,0.640338956915435
12488,Stayed,0.018797977207490657,0.9812020227925093
42470,Left,0.5712206177543645,0.4287793822456355
25917,Left,0.957768431078556,0.04223156892144402
16165,Left,0.5220059456096942,0.4779940543903058
66369,Left,0.9446307569262336,0.05536924307376641
374,Stayed,0.053492226686377764,0.9465077733136222
53289,Left,0.6875882815636231,0.31241171843637694
5012,Stayed,0.027878871215366252,0.9721211287846337
72531,Stayed,0.48738058871570433,0.5126194112842957
13322,Left,0.9413019301464199,0.058698069853580094
16679,Left,0.9743411062816926,0.025658893718307478
56559,Left,0.8135689629216025,0.18643103707839742
66953,Stayed,0.26358366502018415,0.7364163349798158
70990,Stayed,0.04594244943091963,0.9540575505690804
51171,Left,0.8093156464898442,0.1906843535101558
52363,Left,0.6781053123235042,0.32189468767649576
45008,Left,0.9909847580844988,0.00901524191550119
30578,Stayed,0.3340643879684503,0.6659356120315497
59348,Left,0.7494258540503038,0.25057414594969624
13416,Left,0.6915242643454602,0.30847573565453973
68631,Stayed,0.028893044164751913,0.9711069558352481
55803,Left,0.9156957729461999,0.08430422705380008
67250,Left,0.9047018374946241,0.09529816250537589
72523,Left,0.9531293857746886,0.046870614225311406
29027,Stayed,0.02961929594462709,0.9703807040553729
30098,Stayed,0.07414352597879525,0.9258564740212047
7927,Left,0.9564205320456903,0.04357946795430965
53634,Stayed,0.09800851689896173,0.9019914831010383
54072,Left,0.7641238440846806,0.23587615591531938
36454,Stayed,0.3627783395140547,0.6372216604859453
61635,Stayed,0.20583136252375056,0.7941686374762494
21394,Left,0.7588251658129582,0.24117483418704175
44217,Left,0.8966695002641584,0.10333049973584167
70311,Left,0.5155547151822338,0.48444528481776616
65203,Stayed,0.03561203569529692,0.9643879643047031
49754,Left,0.6844808499746772,0.3155191500253228
56218,Left,0.6762466035985083,0.3237533964014917
14785,Stayed,0.3698389476161197,0.6301610523838803
27374,Left,0.5460671167195268,0.45393288328047326
41809,Left,0.6614374525173852,0.3385625474826148
12775,Stayed,0.42722802121158343,0.5727719787884166
12258,Stayed,0.39279508131058194,0.6072049186894181
72146,Stayed,0.1936017250459685,0.8063982749540315
47423,Stayed,0.11290492112230621,0.8870950788776938
66933,Left,0.5188762504600628,0.48112374953993725
66818,Left,0.9087645986571509,0.09123540134284916
10836,Left,0.9046798256405301,0.09532017435946996
14967,Left,0.8492155584825548,0.15078444151744516
55062,Left,0.9063730587403072,0.0936269412596928
34167,Stayed,0.00708066402501939,0.9929193359749806
33919,Left,0.6281387695592471,0.3718612304407529
54598,Left,0.8834353669289435,0.11656463307105643
28598,Left,0.5395273479723117,0.46047265202768833
43231,Left,0.6927905773591478,0.30720942264085216
72298,Left,0.6299730681073465,0.3700269318926535
45393,Stayed,0.4162368614423684,0.5837631385576316
61974,Stayed,0.388990726191183,0.611009273808817
63013,Stayed,0.2882650749498661,0.7117349250501339
55775,Left,0.9221400962870259,0.07785990371297415
11401,Stayed,0.19596402537442936,0.8040359746255706
53439,Left,0.9899719960957206,0.010028003904279393
13191,Stayed,0.004681323746552057,0.9953186762534479
54326,Left,0.6783187669228183,0.3216812330771817
63224,Left,0.5318636882768071,0.4681363117231929
67191,Left,0.7861938683359344,0.21380613166406556
49165,Stayed,0.1883496715758992,0.8116503284241008
58490,Left,0.9310516909476237,0.06894830905237623
8298,Left,0.8085630826262526,0.1914369173737474
7042,Stayed,0.005582924560191493,0.9944170754398085
65968,Stayed,0.17073282260122935,0.8292671773987706
19850,Stayed,0.1691267488021706,0.8308732511978294
66455,Left,0.6139474100731902,0.3860525899268098
16350,Stayed,0.3816456610347264,0.6183543389652736
35727,Left,0.9140575988002898,0.08594240119971018
46510,Left,0.6660404080650775,0.3339595919349225
31421,Left,0.7672223368385697,0.2327776631614303
9784,Stayed,0.2690377593004516,0.7309622406995484
40018,Stayed,0.29130761349750145,0.7086923865024986
7286,Stayed,0.4325243844985678,0.5674756155014322
59212,Left,0.8702570644472998,0.12974293555270022
57364,Stayed,0.40113236274906494,0.5988676372509351
49163,Left,0.928352096118843,0.0716479038811571
28838,Left,0.9093882809427678,0.09061171905723218
23306,Stayed,0.0007129438727943027,0.9992870561272057
42235,Stayed,0.35963052982651034,0.6403694701734897
71356,Stayed,0.1863775795214626,0.8136224204785374
1350,Left,0.6929234597085906,0.3070765402914094
29420,Left,0.8911153643011789,0.10888463569882115
56057,Stayed,0.24881424099582283,0.7511857590041772
15573,Left,0.9768059117507456,0.023194088249254365
31784,Left,0.5215246243995355,0.47847537560046444
22836,Left,0.7344416508942768,0.2655583491057232
16049,Left,0.6505406193424195,0.34945938065758053
58049,Stayed,0.10355804888400277,0.8964419511159972
33820,Left,0.946108256503801,0.05389174349619894
70706,Left,0.816049478605942,0.183950521394058
54932,Left,0.8170108784457076,0.1829891215542924
10194,Left,0.5799486126879224,0.4200513873120776
42088,Left,0.7033413164858267,0.29665868351417335
68493,Left,0.858274710068433,0.14172528993156694
29668,Left,0.5417832913684342,0.45821670863156583
56065,Stayed,0.012314714044903474,0.9876852859550965
16870,Left,0.6582537210096298,0.3417462789903703
18957,Left,0.8176776512236352,0.18232234877636483
41502,Stayed,0.012574555553259259,0.9874254444467407
23762,Left,0.8333404408301854,0.16665955916981454
39627,Left,0.7433890309886002,0.25661096901139985
8490,Stayed,0.07527191440213332,0.9247280855978667
45291,Left,0.8539304961990885,0.14606950380091155
44664,Left,0.9329319222328649,0.06706807776713507
17521,Left,0.54134374634164,0.45865625365836
24220,Left,0.9939616010421661,0.006038398957833852
64738,Stayed,0.48227780874556425,0.5177221912544357
21440,Stayed,0.37877618560235704,0.621223814397643
46462,Stayed,0.0064713879400600804,0.9935286120599399
44396,Stayed,0.023614147509591454,0.9763858524904085
50184,Left,0.6019143800689015,0.39808561993109853
70559,Stayed,0.3944317040442131,0.6055682959557869
60790,Stayed,0.3235002692284902,0.6764997307715098
63261,Stayed,0.4331798808672439,0.5668201191327561
61319,Stayed,0.11365388383754416,0.8863461161624558
9823,Stayed,0.47723333459943873,0.5227666654005613
13184,Left,0.5355677256044309,0.4644322743955691
58626,Left,0.9686858623185078,0.03131413768149221
74250,Stayed,0.4023665756760415,0.5976334243239585
47848,Left,0.9224621214095314,0.07753787859046855
63197,Stayed,0.026589113441137346,0.9734108865588627
67845,Left,0.7638993060058751,0.23610069399412495
40562,Stayed,0.013546595776248616,0.9864534042237514
22051,Left,0.9238909428814669,0.0761090571185331
43637,Stayed,0.1618939926234667,0.8381060073765333
42985,Left,0.8494705719003747,0.15052942809962536
30412,Left,0.6512442163425328,0.3487557836574672
37315,Left,0.8026688658296695,0.19733113417033052
49415,Left,0.5474261170201828,0.45257388297981715
55525,Stayed,0.46801642325052506,0.5319835767494749
871,Stayed,0.19849902651876827,0.8015009734812317
33901,Stayed,0.32292918172842955,0.6770708182715705
54535,Stayed,0.11604218317742199,0.883957816822578
60957,Left,0.6659721625249856,0.3340278374750144
61964,Left,0.9365196958023706,0.06348030419762939
64694,Stayed,0.46849157633528904,0.531508423664711
30752,Left,0.9943728440210345,0.005627155978965497
4470,Left,0.671277732025026,0.3287222679749739
49338,Stayed,0.0009719094488552793,0.9990280905511447
6294,Left,0.6937107372079324,0.3062892627920676
1170,Left,0.7681048325172509,0.23189516748274905
26064,Left,0.7648701053677923,0.23512989463220765
61669,Stayed,0.061988909369846246,0.9380110906301538
60556,Stayed,0.013308684570262796,0.9866913154297372
17931,Stayed,0.08829624766380206,0.9117037523361979
55967,Stayed,0.07359890637483957,0.9264010936251604
68504,Stayed,0.2819443863585829,0.7180556136414171
74462,Left,0.6094991782063601,0.3905008217936399
34479,Left,0.9063612628538106,0.09363873714618942
72181,Left,0.9030233202321114,0.09697667976788862
56426,Stayed,0.43800565586818674,0.5619943441318133
45871,Left,0.8162934820706873,0.18370651792931267
40487,Stayed,0.3231617859128847,0.6768382140871153
25892,Left,0.6116518513890636,0.38834814861093636
29162,Stayed,0.31437602462169534,0.6856239753783047
44769,Left,0.83405403307236,0.16594596692763997
8866,Left,0.8375178541772562,0.1624821458227438
5550,Stayed,0.038211029008263564,0.9617889709917364
58649,Left,0.6368666620601171,0.36313333793988295
29863,Left,0.6348509839191029,0.3651490160808971
31667,Left,0.8951181480502798,0.10488185194972019
41273,Stayed,0.3329477048388183,0.6670522951611817
33268,Stayed,0.13274836366905585,0.8672516363309442
37192,Stayed,0.06903231759976236,0.9309676824002376
57069,Stayed,0.07304498754374877,0.9269550124562512
39870,Left,0.9638298474339093,0.0361701525660907
47207,Stayed,0.2001783810901253,0.7998216189098747
34672,Left,0.5438576498699996,0.4561423501300003
22834,Stayed,0.19814356388418586,0.8018564361158141
25743,Stayed,0.04686040030530314,0.9531395996946969
27064,Stayed,0.2580729905422249,0.7419270094577751
8424,Left,0.5009003243833188,0.4990996756166813
69012,Left,0.7593273606203739,0.24067263937962616
17116,Left,0.6278030622516257,0.37219693774837426
58843,Left,0.7121980026767025,0.2878019973232974
69943,Left,0.8797616903072528,0.12023830969274721
69931,Stayed,0.3632991372850506,0.6367008627149494
7001,Stayed,0.008647845437045554,0.9913521545629544
47617,Left,0.9911483401642935,0.008851659835706486
11979,Left,0.897649086221218,0.10235091377878204
15680,Stayed,0.081520511675652,0.918479488324348
27894,Left,0.6027103530280304,0.39728964697196956
8502,Left,0.7308842390897365,0.2691157609102634
15975,Left,0.9704361741524467,0.029563825847553363
35599,Left,0.6826721732471206,0.31732782675287946
10513,Stayed,0.47227278711195575,0.5277272128880443
11485,Stayed,0.026218433514953343,0.9737815664850467
14098,Stayed,0.3187387516233984,0.6812612483766016
7344,Stayed,0.03005223960330894,0.9699477603966911
30728,Left,0.6867288500117099,0.31327114998829014
46266,Stayed,0.4151581346730059,0.5848418653269941
46693,Left,0.9022919847525754,0.0977080152474246
8796,Stayed,0.015017524919455072,0.9849824750805449
755,Stayed,0.3384045235768095,0.6615954764231905
25656,Stayed,0.14685749543772497,0.853142504562275
37407,Left,0.9622670801873013,0.03773291981269866
7781,Stayed,0.1094192278835866,0.8905807721164134
59942,Stayed,0.4480156708566677,0.5519843291433323
36400,Stayed,0.48579222915963005,0.51420777084037
69062,Stayed,0.49101319282169575,0.5089868071783042
59599,Stayed,0.17082238026348362,0.8291776197365164
20513,Stayed,0.28848871917645624,0.7115112808235438
16630,Left,0.6269948927601665,0.37300510723983343
60765,Left,0.8869624554841448,0.11303754451585528
20677,Stayed,0.29075514246247713,0.7092448575375229
24911,Stayed,0.3521090769804537,0.6478909230195463
59549,Left,0.9757272134157757,0.02427278658422428
42264,Stayed,0.16025518157379393,0.8397448184262061
30156,Stayed,0.2617507652357599,0.7382492347642401
45373,Stayed,0.38772492237330547,0.6122750776266945
38652,Left,0.6589909778810528,0.3410090221189472
18784,Stayed,0.3511562099904336,0.6488437900095664
65640,Left,0.8863422706436114,0.11365772935638858
54512,Stayed,0.10670999974771345,0.8932900002522866
44352,Stayed,0.29040101675996,0.70959898324004
37624,Left,0.533842732397595,0.46615726760240495
25233,Stayed,0.21180197699013048,0.7881980230098695
53198,Left,0.8038902233792166,0.19610977662078347
32366,Left,0.6210609404460568,0.3789390595539433
61883,Stayed,0.009886177177635846,0.9901138228223642
42551,Left,0.8353961348467833,0.16460386515321662
67559,Stayed,0.008050611766945659,0.9919493882330543
38824,Stayed,0.12144491749319586,0.8785550825068041
28128,Left,0.8344978639445857,0.16550213605541428
46055,Stayed,0.43691946069558374,0.5630805393044163
22466,Left,0.5686310575938655,0.43136894240613455
28614,Stayed,0.022014819189692614,0.9779851808103074
24673,Left,0.531365373312599,0.46863462668740097
47631,Stayed,0.2727962506728939,0.7272037493271061
67072,Left,0.7073139037107972,0.2926860962892028
56602,Left,0.6679361899798961,0.3320638100201038
11907,Left,0.5100865482309642,0.48991345176903583
62296,Stayed,0.1524345092250433,0.8475654907749567
16189,Stayed,0.3126107072565092,0.6873892927434908
67149,Left,0.9949497301642908,0.0050502698357092575
1686,Left,0.5407317510838836,0.4592682489161164
58177,Stayed,0.07309846042759238,0.9269015395724076
42895,Stayed,0.010762959896020385,0.9892370401039796
956,Left,0.7400097527388314,0.25999024726116865
36847,Stayed,0.4529393061820356,0.5470606938179644
14814,Left,0.6559522981732215,0.3440477018267785
14181,Stayed,0.35324965668067687,0.6467503433193231
18152,Left,0.9148775086927283,0.08512249130727163
33878,Left,0.6006730802619376,0.3993269197380625
36677,Stayed,0.04603697036827059,0.9539630296317294
16224,Left,0.7920160624506936,0.20798393754930644
51779,Stayed,0.11034828116846496,0.889651718831535
69972,Stayed,0.4785056411148392,0.5214943588851608
13328,Left,0.5765210236472993,0.4234789763527007
22226,Left,0.536040268779745,0.463959731220255
73497,Left,0.7834575651939543,0.21654243480604576
67014,Stayed,0.40239594272706747,0.5976040572729325
1929,Left,0.6815661030277977,0.31843389697220226
89,Stayed,0.0632994444886319,0.9367005555113681
55921,Left,0.6295437591773918,0.37045624082260825
13746,Left,0.9788022194973567,0.02119778050264333
73283,Left,0.6328969906840215,0.3671030093159785
30589,Stayed,0.4695462733141945,0.5304537266858055
1871,Left,0.7495230214524238,0.2504769785475762
66194,Stayed,0.02442965779660855,0.9755703422033914
67153,Stayed,0.2566751686594535,0.7433248313405465
47885,Left,0.9564367254680054,0.04356327453199464
56226,Left,0.8421068680760249,0.1578931319239751
4088,Left,0.7767416429655444,0.22325835703445565
15999,Stayed,0.3043260827811908,0.6956739172188092
69260,Stayed,0.3762147246132844,0.6237852753867156
16955,Stayed,0.2540292443708281,0.7459707556291719
70719,Left,0.938273768090034,0.061726231909966
66149,Stayed,0.2853165371971238,0.7146834628028762
57035,Left,0.6710772266557372,0.3289227733442628
44080,Left,0.989696612569194,0.010303387430806008
72162,Left,0.7322438147924826,0.26775618520751737
9129,Stayed,0.24868078823778772,0.7513192117622123
6011,Left,0.7404051568031547,0.25959484319684534
15150,Stayed,0.459460787457189,0.540539212542811
50528,Stayed,0.4907618818930093,0.5092381181069907
42506,Left,0.9390961580609595,0.06090384193904056
55380,Left,0.5628260762205226,0.43717392377947745
41247,Stayed,0.4484983057586752,0.5515016942413248
25057,Left,0.7447704540705083,0.25522954592949165
67806,Left,0.5540794964156739,0.44592050358432617
53168,Stayed,0.1984567098031732,0.8015432901968268
51131,Stayed,0.2449076205159615,0.7550923794840385
61434,Left,0.5651522153534577,0.4348477846465423
45262,Stayed,0.12374656952580965,0.8762534304741904
15088,Stayed,0.1404185788027642,0.8595814211972358
7111,Stayed,0.20278518242143384,0.7972148175785662
50443,Left,0.5816618219890126,0.4183381780109873
14410,Stayed,0.03180419618144392,0.9681958038185561
4265,Stayed,0.3655693937504336,0.6344306062495664
6367,Stayed,0.4144483086743679,0.5855516913256321
68744,Stayed,0.46527045976185066,0.5347295402381493
58010,Stayed,0.13595086926860633,0.8640491307313937
28451,Stayed,0.09763194930540342,0.9023680506945966
20482,Left,0.6016348093880041,0.39836519061199593
9485,Left,0.7372399456629457,0.2627600543370543
11817,Left,0.5259554342462318,0.47404456575376813
16380,Stayed,0.4094398004125851,0.5905601995874149
69261,Stayed,0.3324475182623401,0.6675524817376599
23382,Stayed,0.017045233045527852,0.9829547669544721
42189,Left,0.840033908642984,0.159966091357016
37903,Stayed,0.4948477422693628,0.5051522577306372
40142,Left,0.9864332175320343,0.013566782467965702
51150,Left,0.8492436136614547,0.1507563863385453
57944,Left,0.6331920894534607,0.3668079105465393
37987,Left,0.5180405481159807,0.4819594518840194
55710,Stayed,0.37516791621970624,0.6248320837802938
51836,Stayed,0.32948289543756515,0.6705171045624349
7373,Stayed,0.1236699521572191,0.8763300478427809
52006,Left,0.7915682459604116,0.20843175403958836
46853,Stayed,0.07060350476239907,0.9293964952376009
26553,Stayed,0.22219050616253122,0.7778094938374688
6330,Stayed,0.09318243292096484,0.9068175670790352
49719,Stayed,0.44500781144700396,0.554992188552996
15952,Stayed,0.14524813663357128,0.8547518633664287
13040,Left,0.572150502114628,0.427849497885372
52660,Left,0.8267990579178,0.17320094208220005
1520,Left,0.6433056595984903,0.35669434040150977
70602,Stayed,0.10588256467971324,0.8941174353202868
73155,Stayed,0.35511960985111557,0.6448803901488844
35198,Left,0.8857752003337113,0.11422479966628878
30093,Left,0.8833223763781455,0.11667762362185452
20922,Left,0.9774238612289171,0.02257613877108287
4326,Left,0.9138551477313042,0.08614485226869581
22637,Stayed,0.48604986252953264,0.5139501374704674
64573,Stayed,0.0011170841090658579,0.9988829158909341
56041,Stayed,0.14437415579607438,0.8556258442039256
23146,Left,0.6474445886536835,0.35255541134631646
47490,Stayed,0.021561144785346653,0.9784388552146533
10826,Stayed,0.07268457849255272,0.9273154215074473
27908,Left,0.8018519764197448,0.19814802358025516
43111,Stayed,0.05694536361077629,0.9430546363892237
50419,Left,0.6642982199948801,0.3357017800051199
28489,Left,0.7462724382501192,0.25372756174988076
59297,Left,0.8651116744804365,0.1348883255195635
33246,Left,0.9903809347261288,0.00961906527387125
48686,Left,0.684997335037677,0.31500266496232304
36267,Stayed,0.1368041355581272,0.8631958644418728
23513,Left,0.883377305176946,0.11662269482305397
1787,Left,0.5645046410416635,0.43549535895833646
43069,Left,0.6150030502440877,0.3849969497559122
57604,Stayed,0.1317796177690388,0.8682203822309612
41905,Left,0.5374560896196416,0.4625439103803584
32963,Stayed,0.387723163554889,0.612276836445111
73269,Stayed,0.472359135337143,0.527640864662857
40610,Stayed,0.0838547545887266,0.9161452454112734
56885,Left,0.5490181026982162,0.4509818973017838
22920,Stayed,0.09121800191854423,0.9087819980814558
1968,Stayed,0.19430711200106243,0.8056928879989376
72568,Left,0.5100597678944958,0.48994023210550414
73700,Left,0.9393129952400532,0.060687004759946775
35233,Left,0.9322892324476905,0.06771076755230956
53111,Left,0.7580092421657181,0.24199075783428198
55092,Left,0.7310034893342994,0.2689965106657007
74420,Stayed,0.12221948316507802,0.877780516834922
40662,Left,0.7592825071152922,0.24071749288470778
18719,Stayed,0.008738317304544996,0.991261682695455
62561,Left,0.9794449580988961,0.020555041901103886
3109,Left,0.5095873233828419,0.49041267661715815
1656,Left,0.7522094819248071,0.24779051807519295
38803,Stayed,0.1346689634337599,0.8653310365662401
66015,Left,0.9173998368176723,0.08260016318232762
8782,Left,0.8837806676235812,0.11621933237641878
66785,Left,0.5043606637063986,0.4956393362936013
56227,Left,0.701797258605809,0.29820274139419106
12576,Stayed,0.36457654100723924,0.6354234589927608
27669,Left,0.9786988814502752,0.021301118549724794
49148,Stayed,0.09001565384335086,0.9099843461566491
19489,Left,0.9562394143911197,0.04376058560888026
31957,Stayed,0.09961854329737208,0.9003814567026279
68602,Stayed,0.1784329133233844,0.8215670866766156
13291,Left,0.799641342768729,0.20035865723127094
70221,Left,0.6760138225380388,0.3239861774619613
55159,Stayed,0.4045167814643288,0.5954832185356712
3945,Left,0.7311316480277403,0.2688683519722596
37534,Left,0.9015321086991056,0.09846789130089442
9017,Stayed,0.46188590219625447,0.5381140978037455
34159,Left,0.5146207538097942,0.4853792461902057
22713,Stayed,0.26392190885863176,0.7360780911413682
28819,Stayed,0.11973223727407101,0.880267762725929
63170,Left,0.6226437554279447,0.37735624457205524
29508,Stayed,0.2123224571184804,0.7876775428815196
18189,Left,0.8718898347288359,0.12811016527116414
1749,Stayed,0.47604060764907274,0.5239593923509273
12600,Stayed,0.31902472116044545,0.6809752788395546
15522,Left,0.5893139358513447,0.41068606414865527
43145,Left,0.69661450881609,0.30338549118391
66009,Left,0.5924917871851014,0.40750821281489863
27289,Stayed,0.163295459469039,0.836704540530961
17357,Left,0.5456699670385278,0.45433003296147223
4453,Left,0.7279629631779181,0.27203703682208197
51821,Stayed,0.32599584764625034,0.6740041523537497
33571,Stayed,0.07219340207055125,0.9278065979294488
1857,Left,0.7688880048136814,0.23111199518631867
49849,Left,0.6088038467618492,0.3911961532381508
23080,Left,0.6170105957218854,0.3829894042781146
14698,Stayed,0.25184207650628043,0.7481579234937196
37838,Stayed,0.059474449161824317,0.9405255508381757
24896,Stayed,0.010396513606252045,0.989603486393748
57372,Stayed,0.05110542831817566,0.9488945716818243
28006,Left,0.9036170132945666,0.09638298670543345
21918,Stayed,0.47010613293259473,0.5298938670674053
19588,Stayed,0.21728830066265736,0.7827116993373426
50378,Stayed,0.36628295221480256,0.6337170477851974
58505,Left,0.6658772178032015,0.3341227821967985
15326,Left,0.9765830912280856,0.023416908771914366
16447,Left,0.6941384032094564,0.30586159679054353
61275,Stayed,0.4529279884396272,0.5470720115603728
63332,Stayed,0.30463902450329117,0.6953609754967088
56061,Left,0.5515490596743484,0.4484509403256515
20323,Stayed,0.4710331774043649,0.5289668225956351
68191,Left,0.602987210499365,0.39701278950063495
15558,Stayed,0.15534519659631618,0.8446548034036838
18515,Stayed,0.473783332559938,0.526216667440062
2133,Left,0.7788584512599155,0.22114154874008457
68834,Stayed,0.020606610197936193,0.9793933898020638
34916,Stayed,0.31891296348820475,0.6810870365117953
48067,Stayed,0.323643648033618,0.676356351966382
61584,Left,0.9613002322286369,0.03869976777136309
25591,Left,0.6503010406979342,0.3496989593020659
47068,Stayed,0.11137594475020995,0.88862405524979
5982,Stayed,0.24922408936799856,0.7507759106320014
23663,Stayed,0.09292615367056523,0.9070738463294348
20550,Stayed,0.050075345278751904,0.9499246547212481
31330,Stayed,0.16424301336348546,0.8357569866365145
7733,Left,0.7588360103294175,0.24116398967058253
54970,Left,0.6551046426853171,0.3448953573146829
72573,Left,0.8514280257886402,0.14857197421135984
54591,Stayed,0.2029710508912228,0.7970289491087772
14431,Left,0.8077362151787526,0.19226378482124737
67938,Left,0.5158984254767912,0.4841015745232088
50801,Left,0.547745707002768,0.452254292997232
67218,Stayed,0.38451128624617237,0.6154887137538276
49969,Left,0.5905769234173619,0.40942307658263816
2226,Stayed,0.3869544948107726,0.6130455051892274
3001,Left,0.8206339397199734,0.17936606028002652
51635,Left,0.7696867221157018,0.2303132778842982
15993,Stayed,0.4686172907589441,0.5313827092410559
47422,Stayed,0.42249268674040086,0.5775073132595991
57491,Left,0.5605085681725588,0.4394914318274412
27007,Stayed,0.2262084189169573,0.7737915810830427
3762,Stayed,0.2286423310581902,0.7713576689418098
5844,Left,0.9107596399849456,0.08924036001505445
74367,Left,0.8930583401131378,0.10694165988686223
30032,Left,0.8696426610957076,0.13035733890429235
19259,Left,0.8480636210783976,0.15193637892160242
72579,Left,0.7677023718516363,0.2322976281483637
55553,Stayed,0.2192681703852125,0.7807318296147875
23470,Stayed,0.1036599846648325,0.8963400153351675
30250,Stayed,0.3513764301590926,0.6486235698409074
7835,Left,0.7158986499330948,0.28410135006690523
59984,Left,0.9326914712771273,0.06730852872287273
29827,Stayed,0.49178907155480966,0.5082109284451903
19715,Stayed,0.4592921908732761,0.5407078091267239
67595,Left,0.6989543690552049,0.30104563094479514
29089,Left,0.6775323178723381,0.32246768212766186
63502,Left,0.7990491076272719,0.20095089237272812
53494,Left,0.7600736293618543,0.23992637063814573
6718,Stayed,0.27812131508037463,0.7218786849196254
8924,Stayed,0.05689928408487399,0.943100715915126
42788,Left,0.7384831972465018,0.2615168027534982
47555,Stayed,0.049047804364421244,0.9509521956355788
64754,Stayed,0.3701906625178665,0.6298093374821335
16236,Stayed,3.268603453387975e-05,0.9999673139654661
65022,Left,0.5558382345375767,0.4441617654624232
54960,Stayed,0.0691659671125463,0.9308340328874537
20341,Left,0.8845806362033349,0.11541936379666502
64871,Left,0.7967599680298253,0.20324003197017468
17169,Left,0.6397386011549768,0.3602613988450232
3215,Stayed,0.0467814778087422,0.9532185221912578
20903,Left,0.8180532462756995,0.18194675372430044
7731,Left,0.5030672733996286,0.4969327266003713
64165,Stayed,0.16769116677988116,0.8323088332201188
62405,Stayed,0.0155383010949659,0.9844616989050341
33556,Stayed,0.45727263024957365,0.5427273697504263
19809,Left,0.7533074322616528,0.24669256773834722
13671,Stayed,0.4929327032235533,0.5070672967764467
69651,Left,0.9720045219383157,0.027995478061684356
22303,Left,0.9210567078788826,0.07894329212111736
38778,Left,0.5747539341982038,0.4252460658017962
55645,Left,0.9662312924325983,0.03376870756740169
69289,Left,0.8323388397308571,0.16766116026914296
24862,Stayed,0.4006423054890621,0.5993576945109379
10980,Left,0.8649163144005025,0.1350836855994974
18266,Stayed,0.0876794339666308,0.9123205660333692
73011,Stayed,0.047053317719271015,0.952946682280729
67622,Stayed,0.38620784314797096,0.613792156852029
49472,Stayed,0.3611069275082893,0.6388930724917107
5776,Stayed,0.0019612558075726705,0.9980387441924273
14436,Stayed,0.3873915963564397,0.6126084036435603
33395,Stayed,0.345250852853234,0.654749147146766
49616,Left,0.7457379376016016,0.25426206239839844
46415,Stayed,0.1280849545082644,0.8719150454917356
71277,Left,0.6071305373482418,0.39286946265175815
32570,Left,0.6523868160881008,0.34761318391189916
49913,Left,0.8094659114484778,0.19053408855152223
2708,Left,0.9718377440629834,0.0281622559370166
63851,Stayed,0.2720575215975697,0.7279424784024303
20365,Left,0.9119020059842123,0.08809799401578768
36057,Left,0.5475080014641048,0.45249199853589517
10970,Stayed,0.19147345659084913,0.8085265434091509
25542,Stayed,0.26875413457319586,0.7312458654268041
20934,Stayed,0.03713741722849384,0.9628625827715062
58357,Left,0.9549436790704273,0.04505632092957268
8931,Stayed,0.4686911283466193,0.5313088716533807
29437,Left,0.6539397770121473,0.34606022298785266
42233,Left,0.5177156871594994,0.4822843128405005
5206,Left,0.9821192799630161,0.017880720036983887
57918,Stayed,0.3192465777850595,0.6807534222149405
34086,Left,0.5452245760961939,0.4547754239038061
62310,Stayed,0.0006922161031750473,0.999307783896825
61794,Stayed,0.03010001587160427,0.9698999841283957
72911,Stayed,0.35419348149025354,0.6458065185097465
37065,Stayed,0.08397840546110646,0.9160215945388935
26806,Stayed,0.08501791553098237,0.9149820844690176
74197,Stayed,0.1750181813726469,0.8249818186273531
29639,Stayed,0.46956193487407627,0.5304380651259237
65960,Stayed,0.3999822515261835,0.6000177484738165
74043,Stayed,0.11340143404403713,0.8865985659559629
23418,Left,0.7722534744846918,0.2277465255153082
53214,Stayed,0.023583297898251865,0.9764167021017481
7432,Stayed,0.02621921286901041,0.9737807871309896
53183,Stayed,0.08428166407123894,0.9157183359287611
41302,Stayed,0.44366988007663555,0.5563301199233645
31583,Stayed,0.3283014166087813,0.6716985833912187
65066,Left,0.6491221829198163,0.35087781708018373
41817,Left,0.8455379457752183,0.15446205422478163
31275,Left,0.8112795055664932,0.18872049443350686
46602,Left,0.9256993294856924,0.0743006705143076
22228,Stayed,0.23451754551485893,0.7654824544851411
42697,Stayed,0.42885398754184023,0.5711460124581598
43129,Left,0.6198195586926294,0.38018044130737066
70004,Left,0.9552177449504801,0.04478225504951993
39208,Stayed,0.4544367244159798,0.5455632755840202
20255,Left,0.7832962379261658,0.21670376207383427
66283,Left,0.8727205770567346,0.12727942294326539
60396,Stayed,0.27620763836826323,0.7237923616317368
17999,Stayed,0.16274363488726118,0.8372563651127388
67449,Left,0.8851180036540002,0.11488199634599984
30243,Stayed,0.4028499231867305,0.5971500768132695
15048,Stayed,0.07331991849109654,0.9266800815089035
43768,Stayed,0.4963656870487555,0.5036343129512445
15466,Stayed,0.005101785949695681,0.9948982140503043
125,Left,0.8817048716767439,0.11829512832325612
72696,Stayed,0.007848189195235111,0.9921518108047649
23533,Stayed,0.11173165510336758,0.8882683448966324
15316,Left,0.7772782324895433,0.22272176751045672
40669,Stayed,0.049949677169575435,0.9500503228304246
62272,Left,0.607794962179813,0.392205037820187
27423,Left,0.5037311233656023,0.49626887663439767
62488,Stayed,0.1364625148041153,0.8635374851958847
56964,Left,0.5545270052801965,0.44547299471980345
29713,Left,0.716332233187434,0.28366776681256606
10306,Stayed,0.10447907350166286,0.8955209264983371
53455,Left,0.6978416100590699,0.3021583899409302
32374,Stayed,0.45276445510931673,0.5472355448906833
61568,Stayed,0.011591228383272978,0.988408771616727
53481,Stayed,0.3811933174697013,0.6188066825302987
44008,Left,0.8562953566018526,0.14370464339814734
35687,Left,0.775485419222439,0.22451458077756103
41871,Stayed,0.4103300876867455,0.5896699123132545
2894,Stayed,0.05946326212104058,0.9405367378789594
16142,Stayed,0.26241587571047886,0.7375841242895211
6975,Stayed,0.014657409114164133,0.9853425908858359
70329,Stayed,0.2995895517632762,0.7004104482367238
31445,Left,0.7667827514188592,0.23321724858114082
59523,Stayed,0.07184705680243053,0.9281529431975695
46928,Stayed,0.31401750454409594,0.6859824954559041
39417,Left,0.9285755380805746,0.07142446191942538
54277,Stayed,0.16420825302109632,0.8357917469789037
11618,Stayed,0.1712652693502339,0.8287347306497661
36779,Left,0.9643460859902152,0.035653914009784814
36247,Stayed,0.294251617193487,0.705748382806513
67403,Left,0.6925764682019813,0.30742353179801873
56450,Left,0.5637708763200332,0.4362291236799668
26972,Left,0.6426213223010826,0.35737867769891746
6137,Left,0.8649260385372053,0.1350739614627947
72928,Left,0.9754030873455152,0.024596912654484798
14887,Stayed,0.16169482975836413,0.8383051702416359
28418,Left,0.9440565767620948,0.05594342323790519
51999,Stayed,0.35111226591648126,0.6488877340835187
16597,Left,0.5414410809140737,0.4585589190859263
48849,Stayed,0.0935157465518539,0.9064842534481461
25488,Stayed,0.04421417232424962,0.9557858276757504
54327,Stayed,0.08091473684163952,0.9190852631583605
34581,Left,0.7473428677652036,0.2526571322347964
7493,Left,0.7372898944710664,0.2627101055289336
551,Stayed,0.1123534874853398,0.8876465125146602
37342,Stayed,0.404645192880111,0.595354807119889
2183,Left,0.5136479257478108,0.4863520742521891
50036,Stayed,0.20316425821522432,0.7968357417847757
71435,Left,0.8216208089220355,0.1783791910779645
36317,Stayed,0.015781738607240303,0.9842182613927597
63540,Left,0.6121767496264372,0.3878232503735628
45752,Stayed,0.4648639049324108,0.5351360950675892
54686,Left,0.9581279798276816,0.04187202017231839
14664,Left,0.6713724293056557,0.32862757069434434
26028,Stayed,0.495408037425364,0.504591962574636
64722,Stayed,0.2568859165242253,0.7431140834757747
27174,Left,0.5258480578932974,0.47415194210670264
18537,Left,0.8631342944146239,0.1368657055853761
49320,Left,0.6422226567868399,0.3577773432131601
54635,Left,0.9447860303745902,0.05521396962540979
27694,Left,0.7964797064499537,0.20352029355004633
23985,Stayed,0.3040296074258524,0.6959703925741476
39629,Stayed,0.42727921248326983,0.5727207875167302
52357,Stayed,0.2949097823707455,0.7050902176292545
14884,Left,0.8520308973879467,0.14796910261205332
5523,Left,0.5217371295237234,0.47826287047627664
10721,Stayed,0.47415833947885955,0.5258416605211405
64954,Stayed,0.394614073688733,0.605385926311267
54578,Left,0.5556041773871063,0.4443958226128937
1088,Stayed,0.10637541790703053,0.8936245820929695
61307,Left,0.8047610427266072,0.19523895727339285
34681,Left,0.5625400956917694,0.4374599043082306
47241,Left,0.7022199547620386,0.2977800452379614
42390,Left,0.6784153850307336,0.3215846149692664
63671,Stayed,0.08167581619630038,0.9183241838036996
4450,Left,0.7180401293467451,0.2819598706532549
55679,Stayed,0.317468590171854,0.682531409828146
33455,Stayed,0.029396367098127096,0.9706036329018729
53835,Left,0.8952560068385921,0.10474399316140794
33660,Left,0.6946890156977453,0.3053109843022547
64210,Left,0.9195653237680184,0.08043467623198165
17836,Stayed,0.2856637656123263,0.7143362343876737
42483,Left,0.9368399919582938,0.06316000804170621
46025,Stayed,0.11807979867271179,0.8819202013272882
33596,Stayed,0.08528087773233839,0.9147191222676616
27184,Left,0.6081155654553239,0.3918844345446761
50652,Stayed,0.3131511183825837,0.6868488816174163
41550,Stayed,0.4948664005138944,0.5051335994861056
36365,Stayed,0.13380715106901964,0.8661928489309804
34762,Left,0.5056364197261887,0.49436358027381133
60651,Left,0.7800193183558202,0.2199806816441798
19718,Left,0.8126383990324596,0.1873616009675404
68859,Stayed,0.2939085572623966,0.7060914427376034
9076,Left,0.5991534772648328,0.4008465227351672
39376,Stayed,0.02435123419156171,0.9756487658084383
2529,Stayed,0.28994343850096915,0.7100565614990308
35379,Stayed,0.20986204856567625,0.7901379514343237
69489,Left,0.5075681457262489,0.4924318542737511
30047,Stayed,0.1323565797277022,0.8676434202722978
66030,Stayed,0.4926571247298792,0.5073428752701208
53063,Stayed,0.09144471005940324,0.9085552899405968
60094,Stayed,0.17749036584482514,0.8225096341551749
66180,Left,0.5858562003687788,0.41414379963122117
6553,Left,0.9532903593065497,0.04670964069345034
32004,Stayed,0.02126256770013568,0.9787374322998643
60566,Stayed,0.03343899128251715,0.9665610087174829
31480,Stayed,0.05306032659606952,0.9469396734039305
60832,Left,0.8320549589866417,0.1679450410133583
46403,Stayed,0.045670774241317935,0.9543292257586821
63387,Left,0.727302822638062,0.27269717736193805
625,Stayed,0.0039053940127440345,0.996094605987256
45251,Left,0.8893786708356141,0.1106213291643859
36514,Left,0.6763308345172765,0.3236691654827235
23021,Stayed,0.16213470600385194,0.8378652939961481
61181,Left,0.9339528019370826,0.0660471980629174
55677,Stayed,0.027167059437327667,0.9728329405626723
39090,Left,0.5490159922739128,0.4509840077260872
21167,Left,0.7014564654177655,0.2985435345822344
30382,Stayed,0.10784580101093766,0.8921541989890623
24948,Stayed,0.08620051705650689,0.9137994829434931
20417,Stayed,0.40225049822580017,0.5977495017741998
21019,Stayed,0.3609989309962748,0.6390010690037252
73907,Left,0.6789668249373286,0.3210331750626713
58991,Stayed,0.1444316147279877,0.8555683852720123
2722,Left,0.9784034215481765,0.02159657845182346
16982,Stayed,0.3588413682258872,0.6411586317741128
2084,Stayed,0.47874216965560645,0.5212578303443935
22903,Left,0.6293952292895466,0.37060477071045334
39565,Left,0.8179132570527892,0.18208674294721078
10644,Left,0.6301258585805012,0.3698741414194988
60459,Stayed,0.12895636500288254,0.8710436349971175
43537,Stayed,0.3110697904349171,0.6889302095650829
22907,Stayed,0.4562668887608977,0.5437331112391023
30486,Stayed,0.31427306329809246,0.6857269367019075
51514,Left,0.5766289958576363,0.4233710041423637
33297,Left,0.6296442848087945,0.37035571519120547
43692,Stayed,0.059187731533499766,0.9408122684665002
34558,Left,0.7991578004893162,0.20084219951068386
1014,Left,0.7517731434932324,0.24822685650676757
37803,Left,0.5011573105609215,0.49884268943907845
43565,Left,0.6374111148085094,0.3625888851914906
33709,Stayed,0.08623099858778316,0.9137690014122168
65287,Stayed,0.354727791899201,0.645272208100799
3453,Left,0.7579954074422887,0.24200459255771137
25479,Left,0.9509461934746095,0.049053806525390514
65806,Left,0.7956461313664323,0.2043538686335678
47444,Stayed,0.15082018813752418,0.8491798118624758
57974,Stayed,0.3532530160304995,0.6467469839695005
11082,Left,0.7969897388188174,0.20301026118118262
55808,Stayed,0.4965815865774571,0.5034184134225429
42575,Left,0.8331726892321711,0.16682731076782892
40292,Stayed,0.4180578173729985,0.5819421826270015
2618,Stayed,0.020132592701379126,0.9798674072986209
11994,Stayed,0.19354049966568843,0.8064595003343116
72674,Stayed,0.4076048372944131,0.5923951627055869
68013,Stayed,0.2212968791183505,0.7787031208816495
35050,Stayed,0.3223591223224189,0.6776408776775811
50499,Left,0.8982420943924542,0.10175790560754587
19038,Left,0.8318139273937972,0.1681860726062028
1124,Left,0.8533181789025033,0.1466818210974967
64182,Stayed,0.3927843493947657,0.6072156506052343
55508,Stayed,0.321938995882073,0.678061004117927
33353,Left,0.5778975703257845,0.4221024296742156
55667,Left,0.6753456702545027,0.3246543297454974
2886,Left,0.8797641773581864,0.12023582264181364
34894,Left,0.9750029956346975,0.024997004365302552
6410,Stayed,0.39888183313930115,0.6011181668606989
33347,Left,0.8490172176739255,0.15098278232607457
74431,Left,0.9294785661557735,0.07052143384422653
56125,Stayed,0.34923145506846476,0.6507685449315352
69182,Stayed,0.3235504654705059,0.6764495345294941
68670,Left,0.7408760636495064,0.2591239363504936
22177,Left,0.9039368695216661,0.09606313047833388
31367,Left,0.7092496590550277,0.2907503409449724
8843,Left,0.8782753096586573,0.12172469034134271
21642,Stayed,0.21961796123738309,0.7803820387626169
12578,Stayed,0.39541807877446766,0.6045819212255323
19335,Stayed,0.4099352669980656,0.5900647330019344
39174,Stayed,0.26196981410354503,0.738030185896455
4212,Left,0.5439504289813981,0.45604957101860194
43207,Stayed,0.2217911903396923,0.7782088096603077
804,Stayed,0.25262406447067376,0.7473759355293262
34187,Left,0.9036970812955204,0.09630291870447959
42034,Stayed,0.3448473400893375,0.6551526599106625
417,Left,0.9522003554676854,0.04779964453231457
65071,Left,0.8290953134895633,0.17090468651043672
69383,Left,0.7715868969379182,0.22841310306208185
4837,Stayed,0.14050320795625248,0.8594967920437475
62051,Left,0.813529838642808,0.18647016135719194
34054,Stayed,0.10608953717690961,0.8939104628230904
46458,Left,0.600032678543152,0.399967321456848
63809,Stayed,0.24192778765848444,0.7580722123415156
25624,Stayed,0.18045946389129985,0.8195405361087001
3695,Left,0.8851794277365899,0.1148205722634101
69805,Left,0.8694036505035985,0.13059634949640153
17536,Stayed,0.056166242656279786,0.9438337573437202
15881,Stayed,0.31138553713604,0.68861446286396
46121,Stayed,0.14499218893136034,0.8550078110686397
16529,Left,0.5155281668381703,0.48447183316182973
6895,Left,0.881920680993068,0.11807931900693207
45496,Stayed,0.4508208227164412,0.5491791772835588
12893,Stayed,0.008220202400818777,0.9917797975991812
52444,Left,0.6474578637662952,0.3525421362337048
17942,Stayed,0.03314377712608385,0.9668562228739161
53762,Left,0.752792142899467,0.24720785710053295
59352,Left,0.8880044378627924,0.11199556213720759
25489,Stayed,0.2311146739459432,0.7688853260540568
42620,Stayed,0.09468252198039862,0.9053174780196014
65476,Stayed,0.47788347242842855,0.5221165275715715
58717,Left,0.5775850195443203,0.4224149804556797
24910,Left,0.7219277000316744,0.27807229996832566
20493,Stayed,0.4231385583289693,0.5768614416710307
475,Left,0.5232455941508931,0.4767544058491069
27299,Left,0.6104268547745075,0.38957314522549247
72296,Left,0.8372605967165059,0.16273940328349407
59940,Left,0.8069757689836241,0.19302423101637586
18306,Stayed,0.02015676526136878,0.9798432347386312
68099,Stayed,0.03943145636135503,0.960568543638645
55411,Left,0.9583941030358891,0.04160589696411084
39095,Left,0.8907025900865105,0.1092974099134895
33210,Stayed,0.07097918403507053,0.9290208159649295
22820,Stayed,0.07323264905904259,0.9267673509409574
72408,Stayed,0.2760053590621273,0.7239946409378727
10694,Stayed,0.1058388533020761,0.8941611466979239
26439,Left,0.6070169089265509,0.39298309107344903
55408,Stayed,0.1309899006254508,0.8690100993745492
12115,Stayed,0.4559663766375345,0.5440336233624655
6197,Left,0.780772351494778,0.21922764850522208
53202,Stayed,0.2832764900719811,0.7167235099280189
46514,Stayed,0.41479835640556184,0.5852016435944382
70549,Left,0.6037072051601002,0.39629279483989976
35568,Left,0.5470123972432069,0.45298760275679306
48421,Left,0.6455370431025165,0.3544629568974835
6805,Left,0.7804238909891945,0.21957610901080543
72527,Left,0.7835415162965932,0.2164584837034068
41308,Left,0.7495193699762797,0.25048063002372034
56033,Left,0.5181742489800575,0.4818257510199425
11757,Stayed,0.45550281429756734,0.5444971857024327
73883,Stayed,0.38730709053308476,0.6126929094669152
38243,Stayed,0.3732539424339094,0.6267460575660906
45054,Left,0.8816979007326299,0.11830209926737016
45170,Left,0.5521725916376417,0.4478274083623584
66439,Left,0.9685174114553896,0.03148258854461044
20001,Stayed,0.07709373793053886,0.9229062620694611
38455,Stayed,0.22153015902227702,0.778469840977723
13467,Left,0.9705051968770528,0.029494803122947118
34665,Left,0.6205444656104928,0.3794555343895072
42195,Left,0.9138597284640252,0.08614027153597484
8988,Left,0.8130979580049462,0.18690204199505378
61291,Stayed,0.11710501270116835,0.8828949872988316
24959,Left,0.8583085282690657,0.14169147173093427
13916,Stayed,0.21812840706302095,0.781871592936979
19307,Left,0.7106701696546915,0.28932983034530846
37190,Stayed,0.37409551757611403,0.625904482423886
71794,Stayed,0.22971674669199593,0.7702832533080041
63082,Left,0.977874743023713,0.022125256976287
15425,Stayed,0.0023666209938624228,0.9976333790061376
27816,Stayed,0.051848158199368055,0.948151841800632
51073,Left,0.7189634968415064,0.28103650315849354
62373,Left,0.6913678000230263,0.3086321999769737
27734,Stayed,0.49050876307431723,0.5094912369256828
41102,Stayed,0.08156568935394859,0.9184343106460514
55981,Left,0.7520014812587508,0.2479985187412492
19747,Stayed,0.38105691616267734,0.6189430838373227
66115,Left,0.8934142981871036,0.10658570181289634
38019,Stayed,0.45961675464319995,0.5403832453568
24907,Stayed,0.10728714180998244,0.8927128581900176
1513,Stayed,0.23836377169734968,0.7616362283026503
16422,Stayed,0.3126598502867045,0.6873401497132955
37561,Left,0.9426509808405067,0.057349019159493315
19350,Stayed,0.21279966610563528,0.7872003338943647
47310,Left,0.9222074918757588,0.07779250812424117
52397,Stayed,0.10538234290798132,0.8946176570920187
15198,Stayed,0.3651720959459882,0.6348279040540118
38415,Stayed,0.07360965805695918,0.9263903419430408
43171,Stayed,0.12314541454428884,0.8768545854557112
16890,Left,0.8065675845194398,0.19343241548056017
30840,Left,0.7427537560323416,0.2572462439676584
60878,Left,0.6806087195211299,0.31939128047887005
28996,Stayed,0.4614141003952239,0.5385858996047761
48963,Left,0.6942714104377079,0.30572858956229204
4507,Left,0.959043520017393,0.04095647998260694
3754,Stayed,0.32362784571227987,0.6763721542877201
55504,Left,0.7180856626318499,0.28191433736815014
12253,Left,0.869996552069412,0.13000344793058807
20489,Stayed,0.04496848372073192,0.9550315162792681
56738,Stayed,0.385891580790539,0.614108419209461
1331,Stayed,0.08528639155865869,0.9147136084413413
5829,Stayed,0.028270063227802233,0.9717299367721978
72734,Stayed,0.06960386623453352,0.9303961337654665
53582,Stayed,0.4686026733221301,0.5313973266778699
13239,Stayed,0.04524301511563711,0.9547569848843629
11869,Stayed,0.3723739048888942,0.6276260951111058
72282,Left,0.7273979768304882,0.27260202316951176
55855,Left,0.9462244696845634,0.05377553031543659
65650,Left,0.587297765875193,0.41270223412480694
849,Stayed,0.12519359457672996,0.87480640542327
20849,Left,0.8034595491548401,0.19654045084515992
39273,Stayed,0.4080867210990077,0.5919132789009923
27702,Left,0.7394763191887873,0.2605236808112127
70904,Left,0.8817329840881785,0.1182670159118215
46703,Stayed,0.2558885686791458,0.7441114313208542
29782,Left,0.8401249009479687,0.15987509905203137
43997,Stayed,0.2724880170809396,0.7275119829190604
74364,Stayed,0.4926357665302402,0.5073642334697598
25235,Stayed,0.1801568502362798,0.8198431497637202
12910,Stayed,0.045990722062658196,0.9540092779373418
18714,Left,0.9299983954485918,0.0700016045514083
27905,Stayed,0.381720520331542,0.618279479668458
3834,Stayed,0.060493180959095394,0.9395068190409046
3698,Stayed,0.20352492074206818,0.7964750792579318
73366,Left,0.775256940702944,0.22474305929705593
59042,Stayed,0.46294194765554997,0.53705805234445
44097,Stayed,0.1036234933420993,0.8963765066579007
2827,Stayed,0.40710549128939966,0.5928945087106003
52505,Left,0.5805325956546483,0.4194674043453517
2528,Stayed,0.3593947123393937,0.6406052876606063
42440,Stayed,0.19599475241978082,0.8040052475802192
61906,Stayed,0.13885067828603104,0.861149321713969
33092,Stayed,0.05684901933784503,0.943150980662155
42255,Stayed,0.05666667979542983,0.9433333202045702
31383,Stayed,0.46558749728307613,0.5344125027169239
8271,Stayed,0.04331548388264794,0.9566845161173521
36665,Stayed,0.030790405250471164,0.9692095947495288
28167,Left,0.8892520921174838,0.11074790788251625
3483,Left,0.7549316163402022,0.24506838365979783
8216,Stayed,0.04354624388758965,0.9564537561124103
14805,Stayed,0.2768374878316825,0.7231625121683175
53858,Stayed,0.1382190355845857,0.8617809644154143
26167,Stayed,0.13254811045086545,0.8674518895491345
57966,Stayed,0.2527103067890346,0.7472896932109654
64911,Stayed,0.4666827210327166,0.5333172789672834
9036,Stayed,0.2724405772067807,0.7275594227932193
43671,Left,0.6111339893978274,0.38886601060217263
57825,Left,0.5921216062838692,0.40787839371613077
22001,Left,0.9831590100190131,0.016840989980986914
41476,Stayed,0.0523864665663859,0.9476135334336141
20424,Stayed,0.35209056800491323,0.6479094319950868
1537,Left,0.8494330505893608,0.1505669494106392
48855,Left,0.6827788300535638,0.3172211699464363
40489,Stayed,0.08963011083765604,0.910369889162344
51831,Left,0.6507313192206803,0.34926868077931966
6986,Left,0.8183661621541904,0.18163383784580958
44919,Stayed,0.48070929486136404,0.519290705138636
74073,Stayed,0.03768469963969079,0.9623153003603092
46843,Stayed,0.37943236167802585,0.6205676383219741
69814,Stayed,0.49670796806736595,0.503292031932634
64976,Stayed,0.017899122278595025,0.982100877721405
37840,Left,0.5047231847442252,0.4952768152557748
43235,Stayed,0.07675836801353075,0.9232416319864692
14043,Stayed,0.4070274254435603,0.5929725745564397
11515,Left,0.5298808172314176,0.4701191827685825
25928,Stayed,0.31705691368986655,0.6829430863101335
36817,Left,0.9903475141141278,0.009652485885872244
17785,Left,0.8570642835832205,0.14293571641677943
34194,Stayed,0.1736095395626861,0.8263904604373139
53248,Left,0.865235194829826,0.13476480517017403
42860,Left,0.649221405364511,0.350778594635489
2239,Stayed,0.49361252607730843,0.5063874739226916
42173,Stayed,0.3208264930979552,0.6791735069020448
52848,Left,0.9387603306335073,0.06123966936649271
27597,Stayed,0.06607841910720813,0.9339215808927919
57795,Left,0.643977392944363,0.35602260705563704
16913,Left,0.9709432862967481,0.029056713703251927
36375,Stayed,0.32324138837538796,0.676758611624612
42276,Stayed,0.4146244383428892,0.5853755616571108
53808,Left,0.5880716343662542,0.41192836563374585
13470,Stayed,0.37626562162269594,0.623734378377304
43973,Left,0.8198732645599471,0.18012673544005292
6109,Left,0.9528612770705382,0.04713872292946175
49869,Left,0.5412899108875322,0.4587100891124678
8530,Left,0.5279554607273114,0.4720445392726886
42281,Stayed,0.15475438805181763,0.8452456119481824
52062,Stayed,0.26058961707174755,0.7394103829282525
10138,Stayed,0.0874289560792646,0.9125710439207354
6001,Left,0.9633018233191407,0.03669817668085929
44952,Stayed,0.2790612220362344,0.7209387779637656
26567,Left,0.6540027572584186,0.3459972427415814
34400,Left,0.768030975727439,0.23196902427256108
37742,Left,0.7026663678703731,0.2973336321296269
42076,Stayed,0.06039258358070887,0.9396074164192911
58234,Left,0.6795534423004292,0.3204465576995707
17733,Stayed,0.16683487014267084,0.8331651298573292
28100,Left,0.9651427125685099,0.034857287431490074
61812,Stayed,0.012115906590925873,0.9878840934090741
33825,Left,0.8007684050886783,0.19923159491132164
74448,Left,0.6091933472093642,0.3908066527906357
1802,Left,0.9497010498653535,0.050298950134646504
58844,Stayed,0.1158790110162442,0.8841209889837558
40457,Left,0.7737343870989919,0.22626561290100816
45132,Stayed,0.1886065922595972,0.8113934077404028
27097,Left,0.954866802303866,0.045133197696133984
50414,Left,0.9329057676515387,0.06709423234846139
65226,Left,0.7484461268030353,0.2515538731969647
7118,Stayed,0.1352010320294985,0.8647989679705015
6400,Stayed,0.025272595349245197,0.9747274046507548
46193,Stayed,0.12794548131061112,0.8720545186893889
1567,Left,0.7506315294457342,0.24936847055426575
1142,Left,0.7073765729275749,0.292623427072425
20425,Stayed,0.33299092352724224,0.6670090764727578
64063,Left,0.7939954768277384,0.20600452317226164
23975,Stayed,0.48894495066440924,0.5110550493355908
30441,Stayed,0.3929437120520275,0.6070562879479725
12545,Left,0.7579837572129174,0.24201624278708259
50153,Stayed,0.4105894175599769,0.5894105824400231
26816,Stayed,0.3450869737984098,0.6549130262015902
41364,Stayed,0.034125802946565864,0.9658741970534341
44020,Left,0.5474213481310966,0.4525786518689034
38748,Stayed,0.07361434813767875,0.9263856518623212
65309,Left,0.578704266811189,0.4212957331888109
44833,Stayed,0.39730973257168245,0.6026902674283175
41802,Stayed,0.3324395722883505,0.6675604277116495
52322,Stayed,0.11613138072351237,0.8838686192764876
54909,Stayed,0.4061170642539067,0.5938829357460933
73663,Stayed,0.10437848645795311,0.8956215135420469
16695,Left,0.9365055224643084,0.06349447753569155
59512,Left,0.756559019275395,0.2434409807246049
50042,Stayed,0.12577872151394698,0.874221278486053
60619,Stayed,0.17706119415999533,0.8229388058400047
11541,Stayed,0.38338060962105336,0.6166193903789466
7555,Left,0.9296481762001224,0.0703518237998776
12519,Stayed,0.49732761208200926,0.5026723879179907
7442,Stayed,0.18990819945359316,0.8100918005464068
6725,Left,0.7510936495397117,0.2489063504602883
51511,Left,0.786594316626346,0.21340568337365393
21734,Left,0.9510172053292302,0.04898279467076981
3827,Stayed,0.32040590751800735,0.6795940924819927
43406,Stayed,0.06700732400086906,0.9329926759991309
35265,Left,0.6669595374885069,0.33304046251149305
7802,Stayed,0.25930295811325965,0.7406970418867403
51443,Stayed,0.1493619620037503,0.8506380379962497
24197,Left,0.8336581802833554,0.16634181971664463
22965,Left,0.849600977751193,0.150399022248807
10119,Left,0.8162201561486435,0.1837798438513565
69416,Stayed,0.46451506017203414,0.5354849398279659
18730,Left,0.8994669509827354,0.10053304901726455
8198,Stayed,0.2331627569760053,0.7668372430239947
18279,Stayed,0.05812569341177454,0.9418743065882255
18296,Stayed,0.43694448685568443,0.5630555131443156
35393,Left,0.6679378103782141,0.33206218962178585
57862,Stayed,0.09594777336166349,0.9040522266383365
69884,Left,0.9195532041745176,0.08044679582548246
70110,Stayed,0.08206342760002061,0.9179365723999794
54618,Left,0.8110420011049118,0.1889579988950883
21202,Left,0.7124151049367945,0.2875848950632055
36461,Stayed,0.49957269513625446,0.5004273048637455
20037,Stayed,0.2658132414012584,0.7341867585987416
30317,Left,0.6305712505343818,0.3694287494656182
59338,Stayed,0.026109787210514046,0.973890212789486
43079,Stayed,0.054137018913553714,0.9458629810864463
16461,Left,0.5556678010137539,0.44433219898624604
53524,Left,0.8238502933979927,0.17614970660200735
11294,Stayed,0.14268120299796994,0.8573187970020301
56201,Stayed,0.17132754076844547,0.8286724592315545
40983,Stayed,0.12124001592459743,0.8787599840754026
60494,Stayed,0.29618090284937315,0.7038190971506268
14792,Left,0.7699255324410113,0.23007446755898872
52726,Left,0.7891196790268251,0.2108803209731749
14118,Left,0.7902958068706109,0.20970419312938918
8659,Stayed,0.04823985788352869,0.9517601421164713
70157,Left,0.7869391698201438,0.21306083017985622
31777,Stayed,0.06502277932295397,0.934977220677046
56501,Stayed,0.33822334117943387,0.6617766588205661
2624,Left,0.5123634841278413,0.4876365158721587
3187,Left,0.5317594558367813,0.46824054416321864
58623,Stayed,0.4844721119410197,0.5155278880589803
47983,Stayed,0.22201451671273942,0.7779854832872606
647,Stayed,0.13451872184711888,0.8654812781528811
5084,Left,0.9026275674326165,0.09737243256738343
6258,Stayed,0.449360405021513,0.550639594978487
3956,Left,0.521009529650808,0.47899047034919195
2127,Left,0.8937460692233734,0.1062539307766266
63212,Left,0.9757001134251195,0.024299886574880476
56354,Left,0.9084777785024185,0.09152222149758144
23337,Left,0.7720174673432433,0.22798253265675672
71179,Left,0.8317587676287529,0.16824123237124713
29745,Stayed,0.40894891732196914,0.5910510826780309
9599,Left,0.5574568356793087,0.4425431643206913
8086,Left,0.8894616199245202,0.11053838007547973
54038,Left,0.9752313012471253,0.024768698752874664
24294,Left,0.5856398925644248,0.41436010743557516
59169,Stayed,0.39713690601089136,0.6028630939891086
47500,Stayed,0.19649547792327982,0.8035045220767202
8876,Stayed,0.2739713856324725,0.7260286143675275
53709,Left,0.992978797897734,0.007021202102265981
26442,Stayed,0.03207444811445381,0.9679255518855462
46359,Left,0.6448440645020324,0.35515593549796765
19236,Stayed,0.17546994580905095,0.824530054190949
59399,Left,0.9460976061709593,0.053902393829040766
67304,Left,0.7840598516633803,0.21594014833661962
42523,Stayed,0.4775382364072239,0.5224617635927761
12374,Left,0.5867367970754638,0.41326320292453617
39643,Left,0.5666802156577329,0.4333197843422672
70285,Stayed,0.1742555946752099,0.8257444053247901
15941,Stayed,0.32528542871540456,0.6747145712845954
46470,Left,0.5687444486772475,0.43125555132275245
50497,Stayed,0.4611218296925407,0.5388781703074593
51075,Stayed,0.40288756369866396,0.597112436301336
65505,Stayed,0.48428087005944875,0.5157191299405512
30622,Left,0.886722183766173,0.1132778162338271
34794,Left,0.8812475285206591,0.11875247147934091
44547,Stayed,0.1510456101757307,0.8489543898242693
26148,Left,0.5186741846143087,0.4813258153856913
66231,Left,0.9512679953999515,0.04873200460004844
71614,Left,0.8648843443944942,0.13511565560550573
62186,Stayed,0.4605940382273549,0.5394059617726451
11459,Stayed,0.2474050014064666,0.7525949985935334
47320,Stayed,0.13046227970177549,0.8695377202982245
73621,Stayed,0.49238696999695586,0.5076130300030441
4277,Stayed,0.2535141652768599,0.7464858347231401
44305,Stayed,0.3671325670517783,0.6328674329482217
3909,Left,0.9404595890307424,0.05954041096925752
38575,Stayed,0.31853565846022824,0.6814643415397718
18274,Stayed,0.41545148841548196,0.584548511584518
74094,Stayed,0.3791855721454085,0.6208144278545915
69376,Stayed,0.37848740866836583,0.6215125913316342
10360,Left,0.5172288168114916,0.4827711831885085
22865,Stayed,0.04529892539126945,0.9547010746087305
58412,Left,0.9736571203480372,0.026342879651962803
63692,Stayed,0.040363691036574445,0.9596363089634256
69155,Stayed,0.25228174088446564,0.7477182591155344
7108,Left,0.5321469212849266,0.46785307871507337
18497,Left,0.9675983570017308,0.032401642998269205
54162,Left,0.5514605297442563,0.44853947025574376
50113,Left,0.5583809188300073,0.4416190811699927
68617,Stayed,0.056439432848629956,0.94356056715137
34769,Stayed,0.01080627508326204,0.989193724916738
33511,Left,0.6534824840309894,0.3465175159690106
62802,Stayed,0.08437910938334492,0.9156208906166551
29924,Stayed,0.003866400842567619,0.9961335991574324
9240,Stayed,0.0913285569669795,0.9086714430330205
32559,Stayed,0.4276606277306604,0.5723393722693396
14565,Stayed,0.07825273986772152,0.9217472601322785
19446,Stayed,0.20359233422867973,0.7964076657713203
21325,Left,0.6753169684051203,0.32468303159487966
10240,Stayed,0.3076250329618183,0.6923749670381817
10133,Left,0.9416445458392866,0.05835545416071342
60403,Left,0.8601244144791097,0.13987558552089027
37853,Stayed,0.04204299065620021,0.9579570093437998
6925,Left,0.8003769733543321,0.19962302664566786
51576,Left,0.7903630142517257,0.20963698574827422
40971,Left,0.8991085837048214,0.10089141629517862
66748,Left,0.5730395145901745,0.4269604854098255
1198,Stayed,0.37426725690380414,0.6257327430961959
65834,Stayed,0.382821357826001,0.617178642173999
69833,Left,0.5946558693075594,0.40534413069244063
52908,Stayed,0.07011875759711028,0.9298812424028897
11879,Left,0.7034745747630953,0.29652542523690467
68923,Stayed,0.36405432474180444,0.6359456752581956
44367,Left,0.9369950265904133,0.06300497340958666
47591,Left,0.8050233796850664,0.19497662031493354
27195,Left,0.9163921103698905,0.08360788963010944
50053,Left,0.7682059919574349,0.23179400804256514
59773,Left,0.665855755425744,0.334144244574256
42109,Left,0.7295091812960663,0.27049081870393366
59045,Stayed,0.032732381758306506,0.9672676182416935
58386,Stayed,0.49726513879153944,0.5027348612084606
8108,Stayed,0.021592264170403053,0.978407735829597
18368,Left,0.9858792263530509,0.01412077364694906
47980,Stayed,0.26585947795759046,0.7341405220424095
69497,Left,0.8786812270651804,0.12131877293481962
15227,Stayed,0.4169371101357169,0.5830628898642831
68567,Stayed,0.4686106036550246,0.5313893963449754
68692,Stayed,0.16886510291797308,0.8311348970820269
4658,Stayed,0.45313646753655457,0.5468635324634454
3708,Left,0.7005726166912062,0.2994273833087938
32106,Stayed,0.09810218875769983,0.9018978112423002
73089,Left,0.9768124381383302,0.023187561861669776
38964,Left,0.6962039183185726,0.3037960816814273
22412,Stayed,0.2129378466092542,0.7870621533907458
16029,Stayed,0.12287995834778032,0.8771200416522197
31716,Left,0.7761914307662631,0.22380856923373696
63301,Left,0.6320094745133027,0.3679905254866973
432,Left,0.9267527822545588,0.07324721774544114
46671,Stayed,0.19665300892161897,0.803346991078381
42995,Stayed,0.18965994717763413,0.8103400528223659
52286,Stayed,0.4076247015955621,0.5923752984044379
1819,Left,0.7876264880756467,0.2123735119243533
16343,Left,0.7778495328523002,0.2221504671476998
54901,Stayed,0.27538665936779017,0.7246133406322098
52600,Stayed,0.2945350822156314,0.7054649177843686
66993,Stayed,0.3244362791171873,0.6755637208828127
36316,Stayed,0.37579691398056403,0.624203086019436
62179,Stayed,0.2802050564257186,0.7197949435742814
10830,Left,0.6005233944057367,0.39947660559426335
5027,Left,0.7987384339415562,0.2012615660584438
10686,Left,0.7054421067302472,0.29455789326975274
44887,Left,0.9025797619143876,0.09742023808561245
65932,Stayed,0.32119826194544654,0.6788017380545535
20384,Left,0.850104467651673,0.14989553234832695
68437,Left,0.7346776185364123,0.2653223814635877
57084,Stayed,0.3598715316582638,0.6401284683417362
36948,Left,0.8691631108319204,0.13083688916807962
7221,Left,0.6878133790418521,0.3121866209581479
44823,Stayed,0.03448211904228349,0.9655178809577165
67426,Left,0.651713167707678,0.348286832292322
37879,Stayed,0.018522235663367637,0.9814777643366324
49697,Stayed,0.39104124929039386,0.6089587507096061
12466,Stayed,0.07421061099640203,0.925789389003598
31744,Left,0.5114006194170595,0.48859938058294045
39258,Left,0.8502662164550635,0.1497337835449365
30027,Left,0.7046292511500177,0.29537074884998227
73352,Stayed,0.39654771631435914,0.6034522836856409
13297,Stayed,0.32664741273329156,0.6733525872667084
48917,Left,0.5093823908194414,0.49061760918055863
19928,Stayed,0.2314851259132823,0.7685148740867177
69673,Left,0.5766578694356586,0.4233421305643415
5689,Left,0.7125328023003845,0.28746719769961554
72441,Left,0.5142226048915046,0.4857773951084954
29973,Stayed,0.2802142584348275,0.7197857415651725
58486,Left,0.7739548455830279,0.22604515441697218
16667,Stayed,0.4844151879741839,0.5155848120258161
29854,Left,0.6879404803963769,0.3120595196036231
60697,Left,0.8918121967738037,0.1081878032261963
5489,Stayed,0.05921450713103327,0.9407854928689667
14005,Stayed,0.3111580377736253,0.6888419622263747
26343,Left,0.8188197497418229,0.18118025025817705
64591,Stayed,0.32793419151217096,0.672065808487829
72240,Left,0.782508477822137,0.2174915221778631
60606,Stayed,0.0131460194555989,0.9868539805444011
69741,Left,0.8981271558898879,0.10187284411011206
17776,Left,0.8802608772301493,0.11973912276985066
18759,Stayed,0.2802163457904554,0.7197836542095446
52821,Left,0.8378528716789588,0.1621471283210412
31033,Stayed,0.31817419544184866,0.6818258045581513
48702,Left,0.9568372168359591,0.04316278316404093
13217,Stayed,0.16785628904336447,0.8321437109566355
17632,Stayed,0.3517796762434475,0.6482203237565525
13122,Stayed,0.22694805345026692,0.7730519465497331
28929,Stayed,0.1312877372198823,0.8687122627801177
2627,Stayed,0.4568755875892785,0.5431244124107215
15496,Left,0.7462227818271927,0.25377721817280735
42127,Left,0.6440691845061652,0.3559308154938347
53095,Left,0.7305870888567909,0.2694129111432091
7876,Stayed,0.10507365635620403,0.894926343643796
32294,Left,0.8302873234542668,0.1697126765457332
10106,Left,0.8297299437674753,0.17027005623252467
49680,Left,0.8751501441116096,0.12484985588839043
37857,Left,0.8506694262629522,0.14933057373704786
17313,Stayed,0.4744861164977323,0.5255138835022677
20486,Left,0.9418678280194018,0.05813217198059812
63525,Left,0.8012295570127823,0.19877044298721766
8756,Left,0.6028084379321681,0.39719156206783196
40063,Left,0.9255548845082175,0.07444511549178244
53254,Stayed,0.0882495772813029,0.9117504227186971
65480,Left,0.5388378814872976,0.46116211851270245
27403,Stayed,0.008755589368382721,0.9912444106316173
626,Stayed,0.4021390871603101,0.5978609128396899
61210,Left,0.757688191250468,0.2423118087495319
63961,Left,0.8254394213825845,0.17456057861741545
10244,Stayed,0.2625390258460977,0.7374609741539023
44442,Stayed,0.3203764049557497,0.6796235950442503
18593,Left,0.9925775775603962,0.007422422439603837
73941,Stayed,0.07526656415245836,0.9247334358475416
5693,Left,0.8862526282018928,0.11374737179810729
10086,Left,0.9438688231665736,0.05613117683342642
43242,Left,0.9616114676643046,0.038388532335695384
59485,Stayed,0.06078262884072749,0.9392173711592725
17845,Stayed,0.2622876690219411,0.7377123309780589
8741,Stayed,0.07851985729387001,0.92148014270613
66220,Stayed,0.08065420286209102,0.919345797137909
63019,Left,0.853895283586628,0.14610471641337194
62264,Left,0.8205736686858902,0.17942633131410973
15461,Left,0.9207795176524858,0.07922048234751422
32550,Left,0.6204835192015425,0.3795164807984574
66118,Stayed,0.05570415965112219,0.9442958403488778
29202,Stayed,0.3821871537387187,0.6178128462612813
15624,Left,0.8101240559803246,0.18987594401967542
66399,Left,0.7336705518654585,0.26632944813454157
52206,Left,0.6775438338454125,0.3224561661545875
26292,Stayed,0.3985408216246171,0.6014591783753829
19865,Left,0.9858232281504525,0.014176771849547427
46050,Left,0.5990392295757262,0.4009607704242738
59532,Left,0.5159565523194788,0.4840434476805212
55495,Stayed,0.35258173349906896,0.647418266500931
21857,Stayed,0.04514165419430105,0.954858345805699
50905,Stayed,0.05314603271473173,0.9468539672852683
4605,Stayed,0.1670178563093223,0.8329821436906777
38842,Stayed,0.31588348164690283,0.6841165183530972
69142,Left,0.742514983469267,0.25748501653073297
35639,Left,0.5662793410659025,0.4337206589340975
10255,Stayed,0.06973397512727275,0.9302660248727272
18811,Stayed,0.0632324924650024,0.9367675075349976
10531,Stayed,0.48958193383518833,0.5104180661648117
68050,Left,0.9276322087164548,0.07236779128354523
48923,Stayed,0.07353999950444301,0.926460000495557
20825,Left,0.8640021063716576,0.1359978936283423
1799,Stayed,0.1195833327834328,0.8804166672165672
51418,Stayed,0.3844558342827087,0.6155441657172913
27924,Left,0.5376999310852575,0.46230006891474257
55673,Left,0.8631998775170469,0.13680012248295317
72968,Left,0.6563211514377034,0.34367884856229663
31842,Left,0.5596396612184701,0.4403603387815299
70801,Left,0.7322251084959275,0.2677748915040726
30564,Stayed,0.4000214520865403,0.5999785479134597
50123,Stayed,0.19902794891169184,0.8009720510883082
41228,Stayed,0.06780729640045746,0.9321927035995425
32563,Stayed,0.4393227390417803,0.5606772609582197
5925,Stayed,0.42845235744613275,0.5715476425538673
18930,Left,0.5979511056402842,0.40204889435971586
32349,Left,0.6390450612781127,0.36095493872188733
30769,Stayed,0.31934341252592846,0.6806565874740715
40856,Left,0.9353159054250731,0.06468409457492684
62230,Stayed,0.05821836031077887,0.9417816396892211
41936,Stayed,0.167284459055828,0.832715540944172
60560,Left,0.7037548491567278,0.2962451508432722
51109,Stayed,0.3317740849451428,0.6682259150548572
8668,Left,0.8305597649133128,0.16944023508668712
32259,Left,0.537391451665851,0.462608548334149
33811,Left,0.5369996032268958,0.46300039677310423
73178,Stayed,0.2637877750228621,0.7362122249771379
53488,Stayed,0.24999149051319514,0.7500085094868049
42485,Left,0.5469018519401223,0.4530981480598777
59536,Left,0.5908838511479745,0.4091161488520255
56926,Left,0.9784860379823174,0.021513962017682582
6189,Stayed,0.05653044463082402,0.943469555369176
49966,Left,0.8570808917540287,0.14291910824597126
6791,Stayed,0.12196063993966821,0.8780393600603318
73145,Stayed,0.23049676957383636,0.7695032304261636
41779,Stayed,0.3350101657213751,0.6649898342786249
15821,Stayed,0.3697095191744968,0.6302904808255032
30672,Left,0.969910750335443,0.030089249664556943
63528,Stayed,0.41457293921810223,0.5854270607818978
11745,Left,0.9389985137045719,0.06100148629542817
45627,Stayed,0.19348617324119222,0.8065138267588078
28488,Left,0.6494189735684943,0.3505810264315057
53431,Stayed,0.4074572499684298,0.5925427500315702
60122,Stayed,0.41427318513277,0.58572681486723
68628,Left,0.8649305953020916,0.1350694046979084
51519,Left,0.6800004906728551,0.31999950932714494
64352,Left,0.5463181698089121,0.45368183019108793
63150,Left,0.5935930493043755,0.4064069506956245
36142,Stayed,0.19809518828334327,0.8019048117166567
25688,Left,0.7696226577745577,0.23037734222544226
7455,Stayed,0.356544394583196,0.643455605416804
43942,Stayed,0.1401021678060469,0.8598978321939531
50309,Left,0.9626125472344507,0.03738745276554939
57884,Stayed,0.42540442376803833,0.5745955762319617
4606,Stayed,0.35066512833743935,0.6493348716625607
36854,Left,0.5640274027977201,0.4359725972022798
39249,Stayed,0.06538170847648561,0.9346182915235144
21094,Stayed,0.0756546656687418,0.9243453343312582
71787,Stayed,0.360117870023559,0.639882129976441
27240,Left,0.8626212720449137,0.13737872795508635
45630,Left,0.9074555092865916,0.09254449071340838
33310,Stayed,0.3006556399115914,0.6993443600884086
17294,Left,0.6568498737134445,0.34315012628655545
66205,Stayed,0.2265971976597312,0.7734028023402688
64421,Stayed,0.1443848251163321,0.8556151748836679
35779,Left,0.5430729318840214,0.4569270681159786
47475,Stayed,0.3481202037138964,0.6518797962861036
71783,Left,0.7555807108081094,0.2444192891918906
19067,Left,0.6317305187979543,0.3682694812020457
27671,Stayed,0.4059121546546913,0.5940878453453087
20509,Left,0.9777412552873421,0.022258744712657895
71107,Stayed,0.25572856052533344,0.7442714394746666
60138,Stayed,0.49272763635281114,0.5072723636471889
68312,Stayed,0.13063606461178623,0.8693639353882138
47989,Left,0.6404539822491435,0.3595460177508565
28737,Left,0.9503807314314169,0.04961926856858311
67798,Stayed,0.25451013074293904,0.745489869257061
57983,Stayed,0.257306766846767,0.742693233153233
48531,Left,0.9452652241371168,0.05473477586288325
5366,Left,0.5503082129595122,0.44969178704048784
28212,Stayed,0.36661816511324197,0.633381834886758
54717,Stayed,0.06927914807465596,0.930720851925344
67501,Stayed,0.14292179435900199,0.857078205640998
59734,Stayed,0.3914212672392553,0.6085787327607447
28245,Left,0.5605203175906144,0.4394796824093857
46991,Left,0.5372465910865782,0.46275340891342176
38498,Left,0.5882675670422801,0.41173243295771994
56659,Left,0.7639136991559207,0.23608630084407933
35239,Left,0.9117699079183007,0.0882300920816993
52489,Stayed,0.360131365182614,0.639868634817386
46812,Left,0.7594619416036589,0.24053805839634115
30128,Left,0.966904236168783,0.03309576383121705
57422,Stayed,0.15758126449070498,0.842418735509295
46986,Left,0.7241026626005295,0.27589733739947053
46845,Left,0.6377908249867734,0.3622091750132266
48942,Stayed,0.267898098622119,0.732101901377881
5255,Left,0.8125310497748082,0.18746895022519178
34198,Stayed,0.32124602590462015,0.6787539740953799
10206,Left,0.5652965379335328,0.4347034620664671
58510,Stayed,0.15883230522120872,0.8411676947787913
72731,Left,0.7564337975638823,0.24356620243611773
20124,Stayed,0.48966922783458977,0.5103307721654102
50096,Stayed,0.24605890831829946,0.7539410916817005
54609,Stayed,0.20019491743393725,0.7998050825660628
59408,Left,0.6622009517970124,0.3377990482029875
65112,Left,0.9063077712529016,0.0936922287470984
37248,Left,0.6474372887623044,0.35256271123769556
32512,Left,0.7377093751511054,0.26229062484889465
61755,Stayed,0.04741108705927677,0.9525889129407232
33891,Left,0.6781754241992077,0.32182457580079227
35203,Stayed,0.2667823106263286,0.7332176893736714
72567,Left,0.5693216342777512,0.4306783657222488
18844,Stayed,0.20364874320565862,0.7963512567943414
50592,Left,0.5411636291324242,0.4588363708675758
22256,Stayed,0.36692320355142394,0.6330767964485761
68552,Left,0.5850566277454352,0.41494337225456485
69183,Stayed,0.2711534757530195,0.7288465242469805
59177,Stayed,0.4297806745942371,0.5702193254057629
14182,Stayed,0.05079786902515815,0.9492021309748419
25886,Stayed,0.2980031512787885,0.7019968487212115
63974,Stayed,0.25389360122723437,0.7461063987727656
63386,Stayed,0.4189714624214078,0.5810285375785922
22216,Stayed,0.2072302739804951,0.7927697260195049
59360,Stayed,0.05403546297168971,0.9459645370283103
50399,Stayed,0.270867314117766,0.729132685882234
18305,Left,0.547549926813188,0.45245007318681196
36598,Left,0.7300196405697255,0.2699803594302746
24913,Stayed,0.13462994358209224,0.8653700564179078
26269,Stayed,0.3675535358143882,0.6324464641856118
51693,Stayed,0.009969853120752048,0.990030146879248
17720,Left,0.7041348782435715,0.2958651217564285
19778,Stayed,0.0006984894661569152,0.9993015105338431
44155,Stayed,0.3985857976040025,0.6014142023959975
65717,Left,0.6260785910010733,0.3739214089989267
60412,Stayed,0.46587358712526117,0.5341264128747388
47892,Stayed,0.15125929387300074,0.8487407061269993
58894,Left,0.5431148598244452,0.4568851401755548
23298,Stayed,0.3066891059558797,0.6933108940441203
30911,Stayed,0.13421861525016865,0.8657813847498314
59493,Left,0.8457523612461721,0.15424763875382783
17502,Left,0.7984141192336259,0.20158588076637407
18685,Stayed,0.2671661192703024,0.7328338807296976
55954,Stayed,0.12448501588380634,0.8755149841161937
36529,Left,0.7815276088187157,0.2184723911812843
22318,Left,0.8927075334121625,0.10729246658783757
62591,Left,0.565754963966539,0.434245036033461
45130,Stayed,0.033203898086327066,0.9667961019136729
8769,Stayed,0.0487473074000756,0.9512526925999244
19474,Stayed,0.10307765599391117,0.8969223440060888
38474,Left,0.912031029068341,0.087968970931659
227,Left,0.7251032919656223,0.2748967080343777
53652,Stayed,0.2966927353489762,0.7033072646510238
13578,Left,0.9542534056745661,0.0457465943254339
21023,Stayed,0.08500054633236442,0.9149994536676356
45053,Left,0.6335336431407776,0.3664663568592224
10849,Stayed,0.26747032001638726,0.7325296799836127
72176,Stayed,0.09698178546462455,0.9030182145353755
64751,Stayed,0.1526722963522178,0.8473277036477822
35944,Left,0.9453029965833248,0.054697003416675126
43280,Stayed,0.3753653254041025,0.6246346745958975
64479,Stayed,0.05698239542083949,0.9430176045791605
46604,Left,0.906294615724615,0.09370538427538498
50092,Stayed,0.22586427300292866,0.7741357269970713
66576,Stayed,0.03677744954139872,0.9632225504586013
37646,Left,0.7006066789506848,0.29939332104931515
51112,Left,0.8571180420526938,0.14288195794730615
6579,Stayed,0.0340319896582324,0.9659680103417676
56630,Left,0.5435046200379718,0.4564953799620282
39415,Stayed,0.2624549745318059,0.7375450254681941
46906,Left,0.8408601690097329,0.15913983099026704
43384,Stayed,0.1605272968431235,0.8394727031568765
36347,Left,0.6924932146212339,0.307506785378766
13207,Stayed,0.1437628945568422,0.8562371054431578
6562,Stayed,0.2242134026612974,0.7757865973387026
33585,Stayed,0.39634231207809634,0.6036576879219037
64397,Left,0.7304527469124957,0.26954725308750427
23311,Stayed,0.44835984326174383,0.5516401567382562
48464,Left,0.7064410990376795,0.2935589009623205
8406,Left,0.6323530717950938,0.3676469282049062
32339,Left,0.5103440246967008,0.4896559753032992
66073,Left,0.9552573234317218,0.04474267656827821
44533,Left,0.6420746430154134,0.35792535698458655
56617,Stayed,0.32198416008422837,0.6780158399157716
67679,Left,0.6660240235114792,0.33397597648852084
9382,Stayed,0.04157050251082339,0.9584294974891766
11249,Stayed,0.16659938538351737,0.8334006146164826
70453,Stayed,0.32126636884605,0.67873363115395
62149,Stayed,0.20298811023264707,0.7970118897673529
17606,Left,0.8468488042259843,0.15315119577401576
9121,Left,0.9058710025427235,0.09412899745727654
64785,Left,0.8567062346668255,0.14329376533317448
74027,Stayed,0.4438869566870334,0.5561130433129666
43817,Left,0.7853022969978678,0.21469770300213217
71425,Left,0.9787200322585791,0.021279967741420918
46395,Left,0.9886388187797668,0.011361181220233182
73204,Stayed,0.32238730223010126,0.6776126977698987
56670,Left,0.7323136682281571,0.26768633177184287
53687,Stayed,0.0026670968979362053,0.9973329031020638
13018,Stayed,0.27299934840523454,0.7270006515947655
6947,Left,0.8242688207825741,0.1757311792174259
44575,Left,0.9202998765543483,0.07970012344565165
54836,Left,0.7554307026220076,0.24456929737799235
71361,Left,0.9140326418155872,0.08596735818441278
1363,Left,0.7984580289749142,0.20154197102508575
62126,Left,0.9228514780446023,0.07714852195539772
17173,Left,0.9511809078137549,0.04881909218624514
43245,Stayed,0.12988871539817815,0.8701112846018219
23002,Stayed,0.3754092170566201,0.6245907829433799
72506,Stayed,0.24765059829075908,0.7523494017092409
64559,Stayed,0.0737049214531098,0.9262950785468902
68454,Left,0.765081692548264,0.23491830745173597
17704,Left,0.6578800216297934,0.3421199783702066
39066,Stayed,0.08136943592187529,0.9186305640781247
2363,Left,0.8315285872082141,0.1684714127917859
54564,Stayed,0.03650022468508951,0.9634997753149105
28945,Left,0.9863116593285877,0.013688340671412284
70414,Stayed,0.02491315282138462,0.9750868471786154
14913,Left,0.8868117522584188,0.11318824774158125
59606,Stayed,0.08930815690003802,0.910691843099962
15782,Stayed,0.21555321476784106,0.7844467852321589
5552,Stayed,0.2143660533587466,0.7856339466412534
2221,Left,0.59648666903897,0.40351333096103004
7657,Left,0.6682357988318814,0.3317642011681186
33438,Stayed,0.3867191544631584,0.6132808455368416
8052,Stayed,0.07822375717975616,0.9217762428202438
34047,Left,0.8812944535524861,0.11870554644751388
49303,Stayed,0.14968448230854092,0.8503155176914591
65058,Stayed,0.31695832936607304,0.683041670633927
51026,Stayed,0.04129785307547562,0.9587021469245244
62929,Stayed,0.21010523169967565,0.7898947683003243
72027,Stayed,0.17709496518937162,0.8229050348106284
61063,Stayed,0.18260499139500952,0.8173950086049905
16145,Stayed,0.23974846993052146,0.7602515300694785
43947,Left,0.7315475662736917,0.2684524337263083
28624,Left,0.7024065847525027,0.2975934152474972
53427,Left,0.8010324535190996,0.19896754648090043
32258,Stayed,0.18948680550477348,0.8105131944952265
6677,Stayed,0.45405617953185884,0.5459438204681412
26662,Left,0.5308100843830701,0.46918991561692985
28464,Left,0.5956509633067191,0.4043490366932809
61542,Left,0.7454004503824812,0.25459954961751885
32186,Left,0.733362412213861,0.266637587786139
20686,Stayed,0.00360626972182565,0.9963937302781743
44256,Stayed,0.034861955280021006,0.965138044719979
24104,Left,0.8234923964246896,0.17650760357531042
71584,Left,0.9855586922103343,0.014441307789665687
53825,Left,0.5671121150760043,0.43288788492399566
32913,Left,0.7619644410841109,0.23803555891588915
37434,Stayed,0.010242423761030017,0.98975757623897
67101,Left,0.9032104294346008,0.09678957056539914
62855,Left,0.8578195590192419,0.14218044098075813
49637,Stayed,0.37561685372198816,0.6243831462780118
67926,Stayed,0.04276309674722245,0.9572369032527775
22353,Left,0.8685248776081785,0.13147512239182146
65790,Left,0.9786208236362112,0.021379176363788794
32279,Stayed,0.2530704872438021,0.7469295127561979
27390,Stayed,0.451475596194989,0.548524403805011
22296,Stayed,0.3620381213959786,0.6379618786040214
58107,Stayed,0.0534536831022393,0.9465463168977607
71046,Left,0.6475216259423509,0.3524783740576492
27254,Left,0.7450791181235249,0.2549208818764751
68128,Stayed,0.03102782753904254,0.9689721724609575
66888,Left,0.777465319665564,0.22253468033443605
59060,Left,0.9429152620458395,0.05708473795416042
56087,Left,0.6435739829336293,0.3564260170663706
8238,Stayed,0.1914257827112984,0.8085742172887016
4846,Stayed,0.15228651562637074,0.8477134843736293
56592,Stayed,0.20622039321406338,0.7937796067859366
12762,Left,0.8908755891821234,0.10912441081787655
34877,Left,0.8187845442645937,0.1812154557354063
34669,Stayed,0.44158466193220447,0.5584153380677955
18949,Left,0.8869733056458979,0.11302669435410201
10464,Stayed,0.06797674762621164,0.9320232523737884
22528,Stayed,0.39495134267327603,0.605048657326724
42356,Left,0.9879904827666457,0.012009517233354266
33606,Stayed,0.028398572476064365,0.9716014275239356
46715,Left,0.5546417760150366,0.44535822398496344
29940,Left,0.8982656405707093,0.10173435942929066
51347,Left,0.8872641192988928,0.1127358807011072
44490,Stayed,0.008281498880784999,0.991718501119215
48140,Left,0.5747476528891409,0.4252523471108591
20110,Left,0.7393305635723928,0.26066943642760715
68747,Left,0.9411996226256008,0.05880037737439928
23699,Left,0.586092972649716,0.41390702735028395
68609,Stayed,0.015440812128320824,0.9845591878716792
9792,Left,0.814317669098079,0.185682330901921
32511,Stayed,0.1705934587152257,0.8294065412847743
69582,Left,0.6243382643954585,0.37566173560454147
24248,Stayed,0.4945243561450616,0.5054756438549384
44618,Left,0.5001451226475285,0.49985487735247147
47387,Stayed,0.4663116990509659,0.5336883009490341
44867,Stayed,0.01995627090144292,0.9800437290985571
39109,Stayed,0.16952514494708115,0.8304748550529188
46585,Stayed,0.1411045223587969,0.8588954776412031
65238,Left,0.5417937705667235,0.45820622943327655
10832,Left,0.7456352882419037,0.25436471175809633
16659,Left,0.6814065832962232,0.31859341670377683
14170,Left,0.8331689385045705,0.16683106149542948
65259,Left,0.5639951536956727,0.43600484630432734
6872,Stayed,0.01587658740217479,0.9841234125978252
28936,Left,0.5384323332743878,0.4615676667256122
24200,Stayed,0.0675973862833179,0.9324026137166821
70645,Stayed,0.32905926110491024,0.6709407388950898
49274,Stayed,0.10530910657242265,0.8946908934275773
58908,Stayed,0.38524883167593493,0.6147511683240651
49909,Left,0.8294647928402222,0.17053520715977777
51427,Stayed,0.0035116564761888958,0.9964883435238111
24990,Stayed,0.4613178969408218,0.5386821030591782
10567,Left,0.6443329940392182,0.3556670059607819
44744,Stayed,0.006615286271413168,0.9933847137285868
7519,Stayed,0.38429019841971845,0.6157098015802815
57622,Stayed,0.04361893468998268,0.9563810653100173
65106,Stayed,0.2598883128771504,0.7401116871228496
31762,Stayed,0.18166928730492904,0.818330712695071
69285,Stayed,0.4601746993767283,0.5398253006232717
18234,Stayed,0.1639821812993223,0.8360178187006777
54906,Stayed,0.09074968530084926,0.9092503146991507
33766,Left,0.6908887309577387,0.3091112690422613
17299,Stayed,0.4339795556260698,0.5660204443739302
71358,Left,0.5388057358494178,0.4611942641505822
58138,Stayed,0.0478765064229989,0.9521234935770011
3137,Stayed,0.33066675477194096,0.669333245228059
10596,Stayed,0.4908809910303479,0.5091190089696521
25604,Left,0.6359273864048663,0.36407261359513365
25749,Left,0.7742041838055339,0.2257958161944661
36073,Left,0.5830012959104375,0.4169987040895625
9938,Left,0.9650161805845032,0.0349838194154968
16431,Left,0.686675527884195,0.3133244721158051
59679,Left,0.8232873417017079,0.17671265829829205
51373,Stayed,0.024976884415729206,0.9750231155842708
15209,Left,0.6817001284816613,0.31829987151833866
8539,Left,0.7892543657891559,0.21074563421084413
19295,Left,0.8930943030010844,0.10690569699891557
40498,Stayed,0.3026651141643395,0.6973348858356605
15633,Left,0.9374785707222221,0.0625214292777779
43166,Stayed,0.17680947602865038,0.8231905239713496
42510,Stayed,0.023281427936930332,0.9767185720630697
2475,Left,0.9479312015767317,0.05206879842326825
73307,Stayed,0.05786398065689213,0.9421360193431079
57961,Stayed,0.006318243915419242,0.9936817560845808
50021,Stayed,0.10783082809486533,0.8921691719051347
18876,Stayed,0.29587776875527605,0.704122231244724
61099,Left,0.737175509361296,0.26282449063870394
30182,Left,0.8419982958742804,0.15800170412571957
47006,Left,0.9312749985777447,0.06872500142225535
26395,Left,0.6583292065632286,0.3416707934367714
71919,Stayed,0.43202088196750066,0.5679791180324993
55008,Stayed,0.3979028933538524,0.6020971066461476
30008,Left,0.5072481918400746,0.4927518081599254
57465,Stayed,0.07102464644497664,0.9289753535550234
56416,Stayed,0.21890579687403033,0.7810942031259697
58185,Left,0.8317966255769178,0.1682033744230822
18751,Stayed,0.36922901914792916,0.6307709808520708
64886,Stayed,0.34465179833171633,0.6553482016682837
4497,Stayed,0.39202800844780916,0.6079719915521908
16670,Left,0.8502679452607722,0.14973205473922774
55986,Stayed,0.16991314523918666,0.8300868547608133
16475,Left,0.9497678404669357,0.05023215953306422
36013,Left,0.6379312824900492,0.36206871750995084
31331,Stayed,0.12208263456736257,0.8779173654326374
22562,Left,0.6749767363661912,0.3250232636338089
63376,Left,0.9491353212727223,0.050864678727277755
67350,Stayed,0.2048671603092005,0.7951328396907995
8789,Left,0.576727630238133,0.423272369761867
21235,Left,0.8200271214390475,0.1799728785609525
66485,Left,0.5718262962635118,0.4281737037364882
42151,Left,0.6305451143693126,0.36945488563068735
52365,Stayed,0.4741766150599004,0.5258233849400996
37507,Left,0.6466864055563377,0.35331359444366234
43825,Stayed,0.3297165458280089,0.6702834541719911
12979,Stayed,0.3170328269071344,0.6829671730928656
63426,Stayed,0.4259401461177116,0.5740598538822884
50690,Stayed,0.04023826629181182,0.9597617337081882
54393,Left,0.7521656680313336,0.2478343319686664
20941,Left,0.9764619997647833,0.02353800023521668
54148,Left,0.6867341107237179,0.313265889276282
39148,Left,0.7759812947069132,0.22401870529308676
3851,Left,0.8412542960808286,0.15874570391917145
18235,Left,0.5276095603437505,0.47239043965624955
51130,Stayed,0.3560004168673341,0.6439995831326659
51880,Left,0.9417531597613358,0.058246840238664235
46049,Left,0.9892102478261218,0.010789752173878217
19285,Stayed,0.15369553320826823,0.8463044667917318
34477,Stayed,0.012221379788777798,0.9877786202112222
23107,Left,0.6759726942123586,0.3240273057876414
42915,Stayed,0.23780181558890712,0.7621981844110929
52012,Left,0.5815438104630525,0.4184561895369475
15483,Left,0.5814109974266171,0.418589002573383
41047,Left,0.6529820616530468,0.3470179383469532
5056,Left,0.9030995547163562,0.09690044528364385
17064,Stayed,0.3686726581913813,0.6313273418086187
53512,Left,0.9460523956389236,0.05394760436107641
29586,Stayed,0.11672602749832162,0.8832739725016784
24824,Stayed,0.4759745742874645,0.5240254257125355
70848,Stayed,0.09368155688136937,0.9063184431186306
31712,Left,0.5799527144360351,0.42004728556396487
61849,Stayed,0.2655080402240928,0.7344919597759072
71513,Stayed,0.31210127821846056,0.6878987217815394
63396,Stayed,0.08615917877976931,0.9138408212202307
40441,Stayed,0.13456752236807024,0.8654324776319298
49304,Left,0.5485314184358958,0.4514685815641042
39077,Stayed,0.09307478359699062,0.9069252164030094
10659,Left,0.9168135739996537,0.08318642600034626
863,Stayed,0.1479991591475539,0.8520008408524461
63829,Left,0.9711417205560379,0.02885827944396213
40307,Left,0.8865041490301669,0.11349585096983308
28301,Stayed,0.4598577517116509,0.5401422482883491
46610,Left,0.899953330997253,0.10004666900274697
15743,Stayed,0.012214475589956586,0.9877855244100434
682,Stayed,0.37240689855828957,0.6275931014417104
52459,Left,0.6713332930887936,0.32866670691120636
33399,Left,0.6439170070542811,0.3560829929457189
18926,Left,0.7300098654218645,0.2699901345781355
40269,Left,0.9030991630471656,0.09690083695283441
9768,Stayed,0.4766731541787934,0.5233268458212066
3028,Left,0.9268561831226938,0.07314381687730623
61806,Stayed,0.2149002257207726,0.7850997742792274
54459,Stayed,0.39767979176900203,0.602320208230998
72494,Stayed,0.38926356617304314,0.6107364338269569
19810,Stayed,0.4665911900559473,0.5334088099440527
68131,Stayed,0.39524006830910596,0.604759931690894
474,Stayed,0.32123902427760564,0.6787609757223944
32053,Stayed,0.16564904426761562,0.8343509557323844
54399,Left,0.5777326444614356,0.4222673555385644
60688,Stayed,0.09224223585844538,0.9077577641415546
17553,Left,0.87876175440949,0.12123824559050997
53985,Left,0.9117312931407507,0.08826870685924922
22345,Stayed,0.017562770197179667,0.9824372298028203
47590,Stayed,0.14104622486287766,0.8589537751371223
38596,Left,0.9328182057373616,0.0671817942626384
19273,Stayed,0.06053364743893641,0.9394663525610636
3610,Stayed,0.12070874304261026,0.8792912569573897
15989,Left,0.5102617795415071,0.4897382204584929
22892,Stayed,0.32612457257120486,0.6738754274287951
60197,Stayed,0.3129985978896047,0.6870014021103953
64752,Stayed,0.022602160881468825,0.9773978391185312
57059,Stayed,0.17835982025413466,0.8216401797458653
23600,Left,0.9176205226571675,0.08237947734283246
39598,Left,0.7377954695058317,0.26220453049416825
27852,Left,0.629584357113086,0.370415642886914
9921,Stayed,0.37883363243702217,0.6211663675629778
30337,Left,0.9428116192597924,0.05718838074020765
47276,Stayed,0.15647678519390096,0.843523214806099
64971,Left,0.5670151843104266,0.43298481568957337
652,Left,0.9889899316489812,0.01101006835101882
20095,Left,0.7654056572009442,0.2345943427990558
5863,Stayed,0.25782999869477974,0.7421700013052203
47519,Stayed,0.11640920327204463,0.8835907967279554
37705,Left,0.500862589279496,0.49913741072050394
33779,Stayed,0.09409779483979241,0.9059022051602076
16592,Stayed,0.13160187781755994,0.8683981221824401
20322,Stayed,0.015723887091792843,0.9842761129082072
67755,Left,0.5740800157320229,0.42591998426797706
15470,Left,0.9551975036487195,0.044802496351280474
31685,Stayed,0.02500519327500761,0.9749948067249924
49447,Left,0.6464923268575908,0.35350767314240916
65225,Stayed,0.06803586979460574,0.9319641302053943
8858,Stayed,0.04086688780465464,0.9591331121953454
73682,Left,0.8057063336736295,0.1942936663263705
59959,Left,0.796539983009166,0.203460016990834
434,Left,0.6653712304379797,0.33462876956202026
1034,Stayed,0.0834478265962113,0.9165521734037887
46793,Stayed,0.04049926227782652,0.9595007377221735
32419,Left,0.7992032446558258,0.2007967553441742
35174,Left,0.5325650299934787,0.46743497000652134
20586,Left,0.5065281343663356,0.4934718656336644
27688,Stayed,0.37686174721163956,0.6231382527883604
59511,Left,0.9120274864779911,0.08797251352200887
39909,Stayed,0.017744540700080247,0.9822554592999198
48408,Stayed,0.3993170402202244,0.6006829597797756
52936,Left,0.9687450485684558,0.0312549514315442
43503,Stayed,0.0946286599573275,0.9053713400426725
49871,Stayed,0.3045563644879825,0.6954436355120175
64720,Left,0.9174486649471799,0.08255133505282004
1961,Stayed,0.04872443674743954,0.9512755632525605
4418,Left,0.9170504533754018,0.08294954662459814
6511,Stayed,0.4755933712494683,0.5244066287505317
37003,Left,0.8441933756506731,0.1558066243493269
15599,Stayed,0.06708695172998191,0.9329130482700181
15324,Left,0.6567651641672154,0.3432348358327846
65353,Stayed,0.2615697796770974,0.7384302203229026
27600,Stayed,0.3059628693917803,0.6940371306082197
51901,Left,0.9775546609839224,0.02244533901607759
59289,Left,0.6060652040877168,0.39393479591228325
68658,Left,0.5783892932196837,0.42161070678031637
60513,Left,0.8336047273637798,0.1663952726362202
48489,Stayed,0.4221028946159614,0.5778971053840386
45684,Stayed,0.21580676380241393,0.7841932361975861
67613,Stayed,0.4579179250398613,0.5420820749601387
62807,Stayed,0.11273568299401038,0.8872643170059896
10586,Stayed,0.2816924788520514,0.7183075211479486
73525,Left,0.8592583982279984,0.14074160177200154
4252,Stayed,0.1627965434124421,0.8372034565875579
11483,Left,0.6351761058062703,0.36482389419372974
68288,Left,0.8741822002018753,0.12581779979812469
61912,Left,0.7506228965358108,0.24937710346418918
28852,Left,0.7255119335200793,0.27448806647992074
2301,Left,0.7232112406852074,0.2767887593147926
12618,Stayed,0.4672775899882531,0.5327224100117469
65771,Stayed,0.32510311346102905,0.674896886538971
46393,Left,0.8144732709503326,0.18552672904966733
71371,Left,0.6670148678894366,0.33298513211056335
10399,Stayed,0.194763546604503,0.805236453395497
26054,Stayed,0.47529371131402465,0.5247062886859754
38539,Stayed,0.1956025935997323,0.8043974064002677
2438,Left,0.7818122250177829,0.2181877749822171
23780,Left,0.9458833773263945,0.05411662267360555
16291,Stayed,0.25727223967850466,0.7427277603214953
22280,Stayed,0.32624128760653126,0.6737587123934687
64837,Stayed,0.4397072340715672,0.5602927659284328
43120,Stayed,0.255564238826239,0.744435761173761
43800,Stayed,0.3824705193802942,0.6175294806197058
68754,Stayed,0.09041291829981013,0.9095870817001899
55390,Stayed,0.17627009978732244,0.8237299002126776
36017,Left,0.9710774779861835,0.028922522013816534
12715,Stayed,0.17331599380635276,0.8266840061936472
11821,Stayed,0.45353345529485767,0.5464665447051423
46835,Stayed,0.4340615002716822,0.5659384997283178
35280,Stayed,0.17100020606650834,0.8289997939334917
51732,Left,0.8439002257217462,0.15609977427825386
33075,Left,0.9274210259465734,0.07257897405342656
34273,Left,0.5243392162380042,0.47566078376199583
49663,Stayed,0.05011428708782506,0.9498857129121749
11640,Stayed,0.36305345799300315,0.6369465420069969
32497,Left,0.9842109523845224,0.0157890476154776
32078,Left,0.6495262959349795,0.35047370406502054
5467,Stayed,0.2699585029419138,0.7300414970580862
14195,Stayed,0.010906288338059511,0.9890937116619405
28762,Left,0.8572680333007525,0.14273196669924748
14665,Left,0.8963878822965321,0.10361211770346788
11405,Stayed,0.2581494807686514,0.7418505192313486
54212,Left,0.7907128431238366,0.20928715687616334
12587,Stayed,0.10948867907933146,0.8905113209206685
27194,Left,0.8163251525817125,0.18367484741828757
26143,Left,0.9753110205527866,0.02468897944721341
30043,Stayed,0.40980317073280836,0.5901968292671916
9091,Left,0.7050677008670596,0.29493229913294045
47468,Left,0.7048752278354986,0.29512477216450145
30521,Stayed,0.2651508924323883,0.7348491075676117
69419,Stayed,0.00331563725932682,0.9966843627406732
51447,Stayed,0.001171147573769904,0.9988288524262301
22978,Left,0.9615622118370565,0.03843778816294354
72763,Left,0.8953490759543291,0.10465092404567092
38573,Stayed,0.22949855103082517,0.7705014489691748
48508,Left,0.7199329060187307,0.2800670939812693
67211,Left,0.8344820166866639,0.16551798331333611
35171,Left,0.7161482133728505,0.2838517866271495
25642,Left,0.6127470275218414,0.38725297247815854
5833,Stayed,0.44588775479914367,0.5541122452008563
65685,Stayed,0.028375521460949127,0.9716244785390509
34917,Left,0.8782433113336232,0.12175668866637683
11421,Left,0.7997916780400791,0.20020832195992086
16427,Stayed,0.21724057820741816,0.7827594217925818
36399,Left,0.5404693142848598,0.45953068571514016
9635,Stayed,0.43132354391148264,0.5686764560885174
65500,Left,0.6576755945887292,0.34232440541127085
48150,Left,0.5568526027414904,0.44314739725850955
23627,Left,0.5977455598492674,0.4022544401507326
44632,Stayed,0.4576925774854661,0.5423074225145339
49844,Stayed,0.01980648318719125,0.9801935168128088
16704,Stayed,0.16418488226462424,0.8358151177353758
36710,Left,0.809139141823379,0.190860858176621
34734,Stayed,0.09369725881495339,0.9063027411850466
4400,Left,0.7895076323848917,0.21049236761510826
71723,Stayed,0.0925845160478308,0.9074154839521692
27718,Stayed,0.04803779719238743,0.9519622028076126
19278,Left,0.9556942411871621,0.04430575881283791
18881,Stayed,0.009897670271517112,0.9901023297284829
58372,Left,0.8257466524194532,0.17425334758054678
24187,Stayed,0.18136649099206836,0.8186335090079316
21065,Stayed,0.353316918197093,0.646683081802907
30364,Left,0.6044633922748355,0.39553660772516447
43270,Left,0.7300665760371339,0.2699334239628661
31410,Left,0.9181857179455801,0.08181428205441985
16455,Left,0.6198144129483529,0.380185587051647
59552,Stayed,0.35125048646391344,0.6487495135360866
27967,Left,0.6979489905643828,0.3020510094356173
12002,Stayed,0.0686552133381545,0.9313447866618455
67205,Stayed,0.03372069520073451,0.9662793047992655
49330,Left,0.986329949661004,0.013670050338996011
60285,Left,0.8527591118784579,0.14724088812154207
57358,Left,0.6385838120351668,0.36141618796483327
31702,Left,0.8958669799100321,0.10413302008996796
67366,Left,0.5297650204212799,0.47023497957872007
54800,Stayed,0.4586915009910679,0.5413084990089321
24334,Left,0.6583271911034729,0.34167280889652707
1176,Stayed,0.17769353658199483,0.8223064634180052
62323,Left,0.806720114752125,0.193279885247875
15153,Left,0.9162356651647924,0.08376433483520766
67918,Stayed,0.06387710355101761,0.9361228964489824
15075,Left,0.9548344767613572,0.04516552323864273
48170,Stayed,0.03246055895912903,0.967539441040871
60776,Stayed,0.411131271657335,0.588868728342665
48472,Stayed,0.4708206419033245,0.5291793580966755
23871,Stayed,0.10940083874619089,0.8905991612538091
35762,Left,0.9716643852337901,0.028335614766209983
61112,Left,0.6146380336124151,0.38536196638758496
38903,Left,0.7270512542355925,0.27294874576440753
47808,Left,0.7301582610312419,0.26984173896875807
36157,Stayed,0.19818953239138015,0.8018104676086198
55652,Stayed,0.0736303976954209,0.9263696023045791
29661,Stayed,0.43404761578689666,0.5659523842131033
138,Stayed,0.1199576749250687,0.8800423250749313
65990,Stayed,0.379853707851984,0.620146292148016
12808,Left,0.6834039988724439,0.31659600112755615
2609,Left,0.768736255652583,0.231263744347417
43010,Left,0.9137956951114434,0.08620430488855661
7162,Left,0.9317080310588958,0.06829196894110419
49934,Stayed,0.11007727219330055,0.8899227278066995
3442,Stayed,0.07695712645563968,0.9230428735443603
73666,Left,0.6906838046223325,0.3093161953776676
55126,Stayed,0.2988875270135236,0.7011124729864764
37440,Stayed,0.31974800195168773,0.6802519980483123
26032,Stayed,0.04567927918176151,0.9543207208182385
6665,Left,0.7687230552379736,0.23127694476202637
17826,Stayed,0.2609733483414858,0.7390266516585142
30885,Stayed,0.3849131192851485,0.6150868807148515
30219,Stayed,0.006745486096812359,0.9932545139031876
43425,Left,0.7139460529551436,0.2860539470448564
2976,Left,0.5545807358026784,0.44541926419732153
12891,Stayed,0.192719912893919,0.807280087106081
19610,Left,0.8439412948632257,0.15605870513677436
46616,Left,0.9405044246489902,0.05949557535100975
2230,Left,0.8308361070406131,0.1691638929593869
73567,Stayed,0.27149415899895124,0.7285058410010488
68178,Left,0.8001233800345415,0.19987661996545847
37634,Stayed,0.03783547444841184,0.9621645255515882
3594,Left,0.5880049039251469,0.4119950960748531
4146,Stayed,0.33110880885602256,0.6688911911439774
72511,Left,0.517887005468618,0.48211299453138196
8747,Left,0.6401989464940852,0.35980105350591485
7678,Stayed,0.34588288245593857,0.6541171175440614
885,Stayed,0.39419825784166584,0.6058017421583342
64381,Left,0.7289147184061155,0.27108528159388445
11053,Stayed,0.14745688261949752,0.8525431173805025
8518,Stayed,0.3174729109397485,0.6825270890602515
38836,Stayed,0.021695773596766776,0.9783042264032332
13203,Stayed,0.19821621646882615,0.8017837835311739
61610,Left,0.5677091278751047,0.4322908721248953
72706,Left,0.6539444619279462,0.34605553807205375
9425,Stayed,0.01722394448899578,0.9827760555110042
13941,Left,0.5584605047481042,0.44153949525189584
48974,Left,0.9274514951397088,0.07254850486029124
51905,Stayed,0.06519261002300647,0.9348073899769935
61971,Left,0.957228405971941,0.04277159402805896
29322,Left,0.7641515711476543,0.23584842885234564
67707,Left,0.5691725880674838,0.4308274119325162
9390,Left,0.5940367544596983,0.4059632455403018
61747,Stayed,0.3531671299063037,0.6468328700936963
5320,Left,0.721596044399796,0.2784039556002041
35492,Stayed,0.27836128845322694,0.7216387115467731
12388,Stayed,0.46295348377068735,0.5370465162293127
20845,Left,0.6907969160626548,0.30920308393734525
9804,Stayed,0.14659841023240394,0.8534015897675961
64012,Left,0.6809122785442916,0.31908772145570835
12758,Stayed,0.4760032054991056,0.5239967945008944
40483,Stayed,0.04857399048457278,0.9514260095154272
5039,Stayed,0.3238129222157038,0.6761870777842962
9909,Stayed,0.43715370323708924,0.5628462967629108
43571,Stayed,0.028186953806712767,0.9718130461932872
13034,Stayed,0.3251907985924517,0.6748092014075483
60243,Left,0.5040422331738176,0.4959577668261824
2410,Stayed,0.19950037714015567,0.8004996228598443
15876,Stayed,0.14572214136673778,0.8542778586332622
52637,Stayed,0.33817211414092463,0.6618278858590754
49414,Stayed,0.14368332020765018,0.8563166797923498
15674,Left,0.6413647219146998,0.3586352780853001
18302,Stayed,0.2577273201375727,0.7422726798624273
26523,Left,0.8881919597241844,0.11180804027581563
4847,Stayed,0.02183347132573421,0.9781665286742658
28560,Left,0.6592405186717719,0.3407594813282281
27835,Stayed,0.23311430757596596,0.766885692424034
47876,Left,0.5367434774504372,0.4632565225495629
41679,Stayed,0.39213620398108984,0.6078637960189102
46228,Stayed,0.30987545685190754,0.6901245431480925
10888,Stayed,0.4445822267539603,0.5554177732460397
54707,Stayed,0.3896905087247984,0.6103094912752016
51755,Stayed,0.09049027462540937,0.9095097253745906
36460,Left,0.817916793837821,0.182083206162179
28632,Stayed,0.3192510874405262,0.6807489125594738
66946,Stayed,0.15586698692197154,0.8441330130780285
64894,Left,0.8442149330426504,0.15578506695734964
32062,Left,0.9336966512348542,0.0663033487651458
71858,Left,0.5415522930925476,0.45844770690745246
53412,Left,0.9799510966188799,0.020048903381120056
68002,Stayed,0.47624971801619653,0.5237502819838035
34368,Stayed,0.1594991302144978,0.8405008697855022
60126,Left,0.6757578378412263,0.32424216215877366
37284,Stayed,0.01701143519074344,0.9829885648092566
40812,Left,0.8846291762920465,0.11537082370795347
29118,Stayed,0.06726442683177902,0.932735573168221
61765,Left,0.7130513516007392,0.2869486483992608
60375,Left,0.8682574129706635,0.13174258702933656
3715,Left,0.9064355073572188,0.09356449264278122
66554,Left,0.9660927729831318,0.03390722701686825
44885,Stayed,0.23767514798713463,0.7623248520128654
63727,Stayed,0.06617183950721794,0.9338281604927821
57141,Stayed,0.08230449700936893,0.9176955029906311
17658,Left,0.7710384961837666,0.2289615038162334
42366,Stayed,0.46286020049002763,0.5371397995099724
11891,Left,0.8755292064372644,0.12447079356273555
41932,Stayed,0.42967343013069503,0.570326569869305
47509,Left,0.988922710882417,0.011077289117583
73882,Stayed,0.03156342196519879,0.9684365780348012
47248,Stayed,0.4755514069999901,0.5244485930000099
36258,Left,0.7799747103947642,0.2200252896052358
31852,Stayed,0.19070306255798786,0.8092969374420121
64303,Stayed,0.3158725690618934,0.6841274309381066
63536,Stayed,0.4910435759551194,0.5089564240448806
47265,Left,0.9137872930147677,0.08621270698523235
34503,Stayed,0.49336623765042387,0.5066337623495761
49669,Stayed,0.30671795779484223,0.6932820422051578
60464,Left,0.977746522726447,0.022253477273553004
49606,Left,0.683401692600478,0.31659830739952205
35934,Left,0.6036194506735786,0.3963805493264214
10946,Left,0.9523256229435416,0.04767437705645836
18499,Left,0.597422345601591,0.402577654398409
52405,Left,0.5956521615541546,0.40434783844584543
8415,Stayed,0.04886104809590286,0.9511389519040971
5253,Left,0.502177905453112,0.49782209454688797
38945,Left,0.5426330560282633,0.45736694397173666
70333,Stayed,0.02482776689551336,0.9751722331044866
53515,Stayed,0.2367379978631058,0.7632620021368942
42797,Stayed,0.23088107962722404,0.769118920372776
61453,Stayed,0.08015357416584723,0.9198464258341528
25985,Left,0.8556211307311212,0.1443788692688788
43092,Stayed,0.19173175973876522,0.8082682402612348
37935,Left,0.5097523481777806,0.49024765182221935
31124,Stayed,0.3679298374931719,0.6320701625068281
47379,Stayed,0.04563083685976077,0.9543691631402392
49974,Stayed,0.08354123587467643,0.9164587641253236
59135,Left,0.6921159126906323,0.30788408730936767
71126,Stayed,0.009344543970263741,0.9906554560297363
36934,Left,0.8185470641409845,0.18145293585901545
41368,Stayed,0.3520347155916972,0.6479652844083028
64023,Stayed,0.4011109806296794,0.5988890193703206
28080,Left,0.5887084472367952,0.4112915527632048
16101,Stayed,0.00835007060894899,0.991649929391051
4773,Left,0.5697410042690709,0.4302589957309291
73539,Left,0.9346360642077365,0.06536393579226349
71717,Stayed,0.3344514256436011,0.6655485743563989
24267,Left,0.6981396631761245,0.30186033682387553
36518,Stayed,0.0065384478231429455,0.993461552176857
39683,Left,0.5908447788557094,0.40915522114429054
37832,Left,0.647968888193053,0.3520311118069471
6586,Left,0.7052044602632659,0.2947955397367341
70974,Left,0.7383431157882613,0.2616568842117387
42455,Left,0.9627792994778458,0.03722070052215425
30963,Stayed,0.4279520942207877,0.5720479057792123
48711,Left,0.9007893480440979,0.09921065195590205
44120,Left,0.8751304064514167,0.12486959354858324
29457,Stayed,0.46314497503288765,0.5368550249671123
56715,Stayed,0.06879769483050757,0.9312023051694924
13520,Left,0.5274367897215757,0.47256321027842424
48221,Stayed,0.0354888538538779,0.9645111461461221
73272,Stayed,0.1373235721011069,0.8626764278988931
73599,Stayed,0.26012953986593845,0.7398704601340615
21505,Left,0.9266299764586045,0.07337002354139557
16424,Left,0.6577359147408464,0.34226408525915364
867,Stayed,0.020033347759806253,0.9799666522401937
69701,Stayed,0.15175625648678193,0.8482437435132181
62693,Left,0.92837604742026,0.07162395257974001
52699,Left,0.9598423886345404,0.040157611365459644
47002,Stayed,0.12537029171171643,0.8746297082882836
41750,Left,0.7403918055529084,0.25960819444709166
19537,Left,0.9825626643528762,0.017437335647123783
36772,Left,0.9092396800528147,0.09076031994718523
66883,Left,0.9620202088169123,0.037979791183087704
12267,Stayed,0.030728962068454768,0.9692710379315452
28596,Left,0.8242354057433613,0.17576459425663868
59030,Stayed,0.00015105797422410028,0.9998489420257759
49597,Stayed,0.2914097948418457,0.7085902051581543
2062,Stayed,0.24298176897176527,0.7570182310282347
23314,Left,0.805345907924753,0.19465409207524698
7809,Left,0.5717599577747767,0.42824004222522327
14147,Left,0.8575053895420265,0.1424946104579735
61972,Left,0.5624190802213627,0.4375809197786374
47999,Stayed,0.17291296090125274,0.8270870390987473
26378,Left,0.7060552015339481,0.293944798466052
68688,Stayed,0.20335936392507148,0.7966406360749285
20058,Left,0.916847294547122,0.083152705452878
73408,Left,0.8112523465647451,0.18874765343525488
53270,Stayed,0.19782993858384368,0.8021700614161563
61401,Left,0.641499028204352,0.35850097179564794
72059,Left,0.5420463002040403,0.4579536997959596
2400,Left,0.6776080737004533,0.32239192629954666
59311,Stayed,0.049653220069924564,0.9503467799300754
73724,Stayed,0.33651171329475027,0.6634882867052497
60203,Left,0.974900681148474,0.025099318851526047
23599,Stayed,0.1306215212293491,0.8693784787706509
10701,Stayed,0.26556882724834296,0.734431172751657
17599,Left,0.7161828688902137,0.28381713110978635
40203,Left,0.6439063363761066,0.35609366362389344
36326,Stayed,0.36677359526222386,0.6332264047377761
16085,Stayed,0.04365951285558711,0.9563404871444129
49121,Stayed,0.4260983876407529,0.5739016123592471
8278,Stayed,0.4286241078742825,0.5713758921257175
68873,Stayed,0.30214697336852947,0.6978530266314705
63055,Stayed,0.2782869982487186,0.7217130017512814
54366,Left,0.8090409964572982,0.19095900354270173
59232,Stayed,0.3373414554318356,0.6626585445681644
15913,Left,0.6796444541307864,0.3203555458692136
25357,Left,0.7376489736975458,0.26235102630245427
19689,Left,0.7089895597486335,0.29101044025136646
50973,Stayed,0.012814574963666447,0.9871854250363336
46650,Left,0.9332120183454423,0.06678798165455772
52832,Left,0.8955896361774671,0.1044103638225329
70665,Left,0.7984345230275467,0.20156547697245325
59419,Left,0.8118604414810183,0.1881395585189817
192,Left,0.7995977482530874,0.2004022517469126
42555,Left,0.8795875207998506,0.12041247920014941
31403,Stayed,0.048289696364325674,0.9517103036356743
27841,Left,0.741088439299005,0.25891156070099497
57077,Left,0.6966462998069913,0.30335370019300867
7539,Left,0.891360876996506,0.10863912300349395
64540,Left,0.8514626561667107,0.14853734383328931
56352,Left,0.9736709267270593,0.026329073272940606
43237,Stayed,0.4625996594579267,0.5374003405420733
40709,Stayed,0.4787315301266585,0.5212684698733415
51666,Stayed,0.1752756184506613,0.8247243815493387
30782,Left,0.5175040308752886,0.4824959691247114
49349,Left,0.8781854470712049,0.12181455292879512
40934,Stayed,0.0071584069837282716,0.9928415930162717
11913,Stayed,0.36554300752814417,0.6344569924718558
69858,Stayed,0.2466892923541747,0.7533107076458253
51871,Left,0.6443203108565674,0.3556796891434326
31444,Left,0.5670188023064014,0.43298119769359855
57811,Left,0.659527913205816,0.340472086794184
33752,Left,0.7399999421000762,0.2600000578999237
49562,Left,0.5724180965231089,0.4275819034768911
72354,Left,0.7090854508018798,0.29091454919812015
61867,Stayed,0.38207834328256796,0.617921656717432
17486,Stayed,0.35016532800240663,0.6498346719975934
56555,Left,0.6340105089352132,0.36598949106478684
753,Left,0.911207878268369,0.08879212173163095
40824,Stayed,0.27906105422982674,0.7209389457701733
38345,Stayed,0.2567644190298295,0.7432355809701705
46269,Stayed,0.22088915552259103,0.779110844477409
52897,Left,0.7178763619574785,0.2821236380425215
24346,Stayed,0.4718157419939871,0.5281842580060129
4381,Left,0.8543438224118174,0.14565617758818267
9557,Left,0.5678855061692383,0.4321144938307617
822,Left,0.5268814223491127,0.47311857765088733
10400,Stayed,0.40288616642945907,0.5971138335705409
5942,Left,0.7442311148910274,0.2557688851089725
28552,Stayed,0.04155157386338082,0.9584484261366192
66729,Left,0.8483615038725467,0.15163849612745334
38570,Left,0.6019200990386716,0.3980799009613284
23851,Stayed,0.2417665432931343,0.7582334567068657
53043,Left,0.7341640330881956,0.2658359669118045
22775,Stayed,0.2873248666143837,0.7126751333856163
26193,Stayed,0.27462222387025204,0.725377776129748
70732,Left,0.8957887067756597,0.10421129322434032
53557,Left,0.5392355757810849,0.460764424218915
62370,Stayed,0.10992635055763722,0.8900736494423628
13444,Stayed,0.029017452294855084,0.9709825477051449
56812,Left,0.9691513486211277,0.030848651378872254
45149,Left,0.8841927106215918,0.11580728937840824
57455,Stayed,0.0038584284114832057,0.9961415715885168
21101,Stayed,0.48714956912107943,0.5128504308789206
40660,Left,0.6082813544759631,0.39171864552403685
12256,Left,0.853309542278687,0.14669045772131295
29932,Left,0.9046876312883627,0.09531236871163733
26683,Left,0.6738284610702622,0.3261715389297378
39106,Stayed,0.1898765713639542,0.8101234286360458
53809,Stayed,0.16832488620627517,0.8316751137937248
55485,Stayed,0.015538105692312287,0.9844618943076877
73596,Stayed,0.0797996472904936,0.9202003527095064
2732,Left,0.7887664449917886,0.2112335550082114
10022,Stayed,0.49471227107120286,0.5052877289287971
30508,Left,0.8785426902187705,0.12145730978122946
24224,Stayed,0.19443651161489717,0.8055634883851028
39053,Left,0.6095254192103878,0.3904745807896121
49988,Left,0.7459655064624788,0.25403449353752117
50733,Left,0.6781196831214282,0.3218803168785717
16175,Stayed,0.44589526912965627,0.5541047308703437
43497,Stayed,0.00534827456128284,0.9946517254387172
4231,Stayed,0.4224257842086919,0.5775742157913081
25748,Left,0.6496033678649091,0.3503966321350909
25266,Stayed,0.3092679467683007,0.6907320532316993
40006,Stayed,0.01607915372505908,0.9839208462749409
47135,Left,0.8883672607013242,0.11163273929867583
27284,Stayed,0.04208177037187488,0.9579182296281251
62708,Stayed,0.001329129272542584,0.9986708707274574
73170,Left,0.9730791921906764,0.02692080780932365
27584,Stayed,0.028864422076618435,0.9711355779233816
43423,Stayed,0.05228813112221886,0.9477118688777811
44109,Stayed,0.11676742001878382,0.8832325799812162
54290,Left,0.9564643363028059,0.043535663697194034
71279,Left,0.5585627246507932,0.4414372753492068
2580,Stayed,0.3385026590943535,0.6614973409056465
59923,Stayed,0.06333000069586037,0.9366699993041396
24077,Left,0.7689792881631068,0.23102071183689316
40146,Left,0.9282144733270337,0.07178552667296631
10563,Stayed,0.09933128723185203,0.900668712768148
58779,Stayed,0.01264986016865599,0.987350139831344
61125,Left,0.9325773560822594,0.06742264391774051
10699,Stayed,0.0953004250625088,0.9046995749374912
49311,Left,0.7161800782561842,0.28381992174381576
20613,Stayed,0.001789515487969795,0.9982104845120302
61221,Left,0.6553689974866337,0.3446310025133663
55072,Stayed,0.10187936483447146,0.8981206351655285
23583,Left,0.942496924059423,0.057503075940577034
18576,Left,0.5265457108270397,0.4734542891729603
73989,Stayed,0.24253021868847036,0.7574697813115296
199,Stayed,0.02602375795344891,0.9739762420465511
6692,Left,0.600838263618998,0.399161736381002
51768,Left,0.9546543298633442,0.04534567013665581
22201,Left,0.5656524795706785,0.4343475204293214
68509,Left,0.9344651888683798,0.0655348111316202
18599,Left,0.6039356185005837,0.39606438149941625
39630,Stayed,0.30922287472945653,0.6907771252705435
43498,Stayed,0.23420607164686102,0.765793928353139
44054,Stayed,0.03687478832200064,0.9631252116779994
61697,Stayed,0.13944848645082775,0.8605515135491723
67265,Stayed,0.424628641382338,0.575371358617662
36545,Left,0.5193046096576315,0.4806953903423686
3630,Stayed,0.14785998751854879,0.8521400124814512
14082,Stayed,0.007697249080657054,0.992302750919343
61312,Stayed,0.00125720665718132,0.9987427933428187
17129,Left,0.5428613549587067,0.45713864504129326
58899,Stayed,0.1126086240890668,0.8873913759109332
4027,Left,0.5228529640861553,0.47714703591384466
41008,Stayed,0.25163428820565825,0.7483657117943417
54142,Stayed,0.22965711476187045,0.7703428852381295
19032,Left,0.6189077475210394,0.38109225247896067
47275,Left,0.7654056422997935,0.2345943577002065
35317,Stayed,0.39830950047715785,0.6016904995228421
29361,Left,0.5612066286115636,0.43879337138843644
40901,Left,0.5052297158809678,0.4947702841190323
61005,Stayed,0.0506693070628762,0.9493306929371238
6492,Stayed,0.1641644809358408,0.8358355190641592
47937,Stayed,0.058574974618805786,0.9414250253811942
26098,Stayed,0.022058976220863835,0.9779410237791362
11314,Stayed,0.3573251441968587,0.6426748558031413
33396,Stayed,0.05319726548571402,0.946802734514286
66243,Stayed,0.46949260953229754,0.5305073904677025
37830,Left,0.7852810366301716,0.21471896336982846
36586,Left,0.571680575259891,0.42831942474010903
58051,Stayed,0.09483039996159992,0.9051696000384001
26406,Stayed,0.4999057827955713,0.5000942172044287
52964,Stayed,0.337232214164241,0.662767785835759
57793,Stayed,0.046119950216472194,0.9538800497835278
25639,Stayed,0.04458411293787079,0.9554158870621292
59598,Left,0.8180615166535168,0.1819384833464832
7482,Stayed,0.020337265307019403,0.9796627346929806
69965,Stayed,0.12400337419859664,0.8759966258014034
11134,Stayed,0.2883723674544818,0.7116276325455182
42571,Stayed,0.022256995842917626,0.9777430041570824
55947,Stayed,0.23557417223270416,0.7644258277672958
73127,Left,0.9907074902228823,0.009292509777117708
21157,Left,0.5539255718034619,0.44607442819653814
670,Left,0.7729472640050424,0.22705273599495757
47978,Left,0.9249743294742662,0.07502567052573383
59279,Stayed,0.01499709908011615,0.9850029009198839
69550,Stayed,0.3324281961351029,0.6675718038648971
36155,Left,0.9532457940454023,0.046754205954597665
42176,Stayed,0.49396411659239214,0.5060358834076079
57913,Stayed,0.11207462544295532,0.8879253745570447
60495,Left,0.7869040107064917,0.21309598929350823
71291,Left,0.5566152462519126,0.4433847537480874
21137,Stayed,0.0461580885571139,0.9538419114428861
4129,Left,0.8976741490021187,0.10232585099788123
47440,Stayed,0.04519405281929589,0.9548059471807041
10599,Left,0.5748796642155994,0.42512033578440056
12641,Left,0.9527481805147411,0.047251819485258965
18608,Left,0.5607650564923522,0.4392349435076478
7681,Stayed,0.1398669742119789,0.8601330257880211
55663,Left,0.7346743179710268,0.2653256820289732
34392,Left,0.5094563868138698,0.49054361318613016
8722,Stayed,0.42471190305912876,0.5752880969408712
23480,Left,0.5592137656489705,0.4407862343510295
49206,Stayed,0.07342391075886756,0.9265760892411324
31547,Left,0.8714686154239162,0.1285313845760838
73810,Left,0.9291892551103957,0.07081074488960429
10850,Stayed,0.4743733233857672,0.5256266766142328
20671,Left,0.6012925703041545,0.39870742969584555
19806,Left,0.7726618645619628,0.2273381354380372
22266,Left,0.5013600928411116,0.4986399071588884
56276,Stayed,0.39673215155227026,0.6032678484477297
4163,Stayed,0.003967968076292849,0.9960320319237072
48285,Left,0.8115407230234394,0.18845927697656065
36039,Left,0.6093448483418007,0.3906551516581993
55308,Left,0.583121783346122,0.41687821665387803
60938,Left,0.7851155524135766,0.21488444758642347
55235,Left,0.8933011878923584,0.10669881210764165
58427,Left,0.931953398452785,0.06804660154721501
67951,Stayed,0.36042726914160805,0.639572730858392
8953,Left,0.6733269888145239,0.3266730111854761
56168,Left,0.6007740826178615,0.39922591738213853
4813,Left,0.7620243861608746,0.2379756138391254
50476,Stayed,0.2949166192689532,0.7050833807310468
57268,Stayed,0.057278289537032734,0.9427217104629673
71028,Stayed,0.10067139597034813,0.8993286040296519
37514,Stayed,0.13962513417434985,0.8603748658256501
72700,Stayed,0.2907412090674898,0.7092587909325102
61767,Left,0.7116569408584219,0.28834305914157804
33285,Left,0.8369521485289114,0.16304785147108855
49373,Left,0.6698790971853854,0.3301209028146146
68712,Stayed,0.4808618028613566,0.5191381971386434
36870,Stayed,0.3867465609338788,0.6132534390661212
58127,Left,0.5667715578271225,0.4332284421728775
10882,Stayed,0.05235424975266756,0.9476457502473324
65542,Stayed,0.3889309892477545,0.6110690107522455
6693,Left,0.8659885336166876,0.13401146638331238
64255,Stayed,0.0034440251470387873,0.9965559748529612
18636,Left,0.8455437595816109,0.15445624041838907
30902,Stayed,0.21031165677494257,0.7896883432250574
60323,Left,0.8845954767804087,0.11540452321959126
63437,Stayed,0.07125053737813614,0.9287494626218639
44902,Stayed,0.1520488132182246,0.8479511867817754
24457,Left,0.9540840070085407,0.045915992991459355
34936,Left,0.6752343865518224,0.32476561344817756
65272,Left,0.5664892026522128,0.43351079734778714
26467,Stayed,0.211893652272088,0.788106347727912
39262,Left,0.7736412543505707,0.22635874564942926
14859,Stayed,0.4879631506837748,0.5120368493162252
43893,Stayed,0.0024047973339054174,0.9975952026660946
63455,Left,0.8864650754934665,0.11353492450653344
25859,Stayed,0.1129728296650836,0.8870271703349164
71403,Left,0.8247031967527676,0.17529680324723237
10594,Left,0.8505568034378511,0.14944319656214886
55086,Stayed,0.34065176866414004,0.65934823133586
70516,Stayed,0.2062556632834468,0.7937443367165532
9135,Stayed,0.03093608889382038,0.9690639111061796
5032,Stayed,0.39880666990443225,0.6011933300955677
56365,Left,0.8249905655890737,0.1750094344109263
56405,Stayed,0.3563333018131766,0.6436666981868234
43984,Left,0.8076260285944332,0.1923739714055668
74140,Stayed,0.15005109617333812,0.8499489038266619
11129,Stayed,0.41840290116461276,0.5815970988353872
37770,Left,0.698916014588385,0.30108398541161496
66609,Stayed,0.19292068505635462,0.8070793149436454
53537,Stayed,0.31927192140661365,0.6807280785933864
71924,Left,0.7844869905360063,0.21551300946399363
10742,Left,0.5202687514659651,0.4797312485340349
37300,Left,0.581705675573107,0.41829432442689296
58301,Left,0.9044375342026697,0.09556246579733033
43531,Left,0.760812073198626,0.23918792680137402
10541,Stayed,0.027307583144347447,0.9726924168556526
54977,Left,0.8106502557334833,0.1893497442665167
10870,Left,0.7582424689165812,0.24175753108341874
7877,Left,0.9329575666734103,0.06704243332658964
19859,Left,0.8897163135903385,0.11028368640966148
53013,Left,0.616044088170663,0.383955911829337
69888,Left,0.9661741978922395,0.03382580210776058
53733,Left,0.6503438363001786,0.3496561636998214
23913,Left,0.9228467668328886,0.07715323316711145
34789,Left,0.6359851530472836,0.36401484695271635
33704,Stayed,0.04698433076022224,0.9530156692397778
33635,Stayed,0.18033479179313427,0.8196652082068657
7728,Left,0.6214464406942631,0.37855355930573686
54268,Stayed,0.36702994540604994,0.6329700545939501
56406,Left,0.6565574095364153,0.3434425904635848
36444,Left,0.9061126329059374,0.09388736709406263
1450,Stayed,0.309272025571491,0.690727974428509
10844,Left,0.542676263739998,0.45732373626000206
33610,Left,0.7815496028062474,0.21845039719375264
1098,Left,0.7404358123118988,0.25956418768810124
43273,Stayed,0.24236951938851214,0.7576304806114879
2166,Stayed,0.24610637728594742,0.7538936227140526
31841,Left,0.7573948651785045,0.24260513482149548
19314,Stayed,0.4639406981293791,0.5360593018706209
49535,Stayed,0.037930048466303545,0.9620699515336965
65647,Left,0.8584702148411686,0.14152978515883138
35238,Left,0.5799282462373255,0.42007175376267447
62327,Stayed,0.10124822704696235,0.8987517729530377
27873,Stayed,0.20166069142691345,0.7983393085730865
27243,Left,0.7095931060859451,0.29040689391405494
31014,Stayed,0.30278054269889565,0.6972194573011044
33484,Stayed,0.49242260740089205,0.507577392599108
73730,Left,0.7688748946217002,0.23112510537829975
57075,Left,0.8069540094948497,0.19304599050515023
18139,Stayed,0.1859035097084828,0.8140964902915172
1793,Stayed,0.07730574324335826,0.9226942567566417
59889,Stayed,0.05406865009887085,0.9459313499011291
61093,Stayed,0.06922619968945642,0.9307738003105436
57538,Left,0.5209372864640593,0.4790627135359406
22872,Left,0.6753897532992321,0.32461024670076793
8450,Stayed,0.19705288374325225,0.8029471162567478
46606,Left,0.8958242020327889,0.10417579796721113
33733,Left,0.7512319531495021,0.2487680468504979
44427,Left,0.6566809682691492,0.34331903173085077
9127,Stayed,0.07307878073588125,0.9269212192641187
33918,Left,0.5703655677130304,0.42963443228696957
18277,Stayed,0.08229741241619182,0.9177025875838082
35021,Left,0.5472483793293342,0.45275162067066577
52003,Stayed,0.007555838489018085,0.9924441615109819
9736,Stayed,0.3193684469561969,0.6806315530438031
73137,Stayed,0.43049968879507317,0.5695003112049268
52672,Stayed,0.06718506713912409,0.9328149328608759
2645,Stayed,0.0751300705697665,0.9248699294302335
51230,Stayed,0.13074303092302342,0.8692569690769766
51064,Left,0.6367064192506106,0.36329358074938944
41162,Stayed,0.2151911428347304,0.7848088571652696
52315,Left,0.6375655665510082,0.36243443344899184
67523,Left,0.9557810592458382,0.04421894075416182
25813,Left,0.5318215677063463,0.4681784322936538
40579,Stayed,0.48049766803493343,0.5195023319650666
40494,Stayed,0.41923982451517117,0.5807601754848288
33105,Stayed,0.47653902350104527,0.5234609764989547
52200,Left,0.7262731558741717,0.2737268441258283
43735,Stayed,0.019383131609296722,0.9806168683907033
41763,Left,0.5452928032251914,0.4547071967748087
9277,Left,0.7521511940112366,0.2478488059887634
53448,Stayed,0.09752436643821338,0.9024756335617866
63121,Left,0.8414124670068508,0.15858753299314915
21029,Stayed,0.07426466161869183,0.9257353383813082
29775,Left,0.9399461531422392,0.06005384685776083
51895,Left,0.5414752427766768,0.4585247572233232
55995,Stayed,0.484922332140449,0.515077667859551
51221,Left,0.5268640267063054,0.47313597329369467
68261,Stayed,0.0010358721034241514,0.9989641278965758
65837,Stayed,0.09314865587969023,0.9068513441203098
59877,Left,0.9841563761393045,0.015843623860695537
66679,Left,0.7939935342572844,0.20600646574271564
23367,Left,0.6875128321719504,0.3124871678280497
37659,Stayed,0.19742775335233043,0.8025722466476696
60324,Left,0.9337553175996713,0.06624468240032867
32109,Stayed,0.43465456087340915,0.5653454391265909
74038,Left,0.5282781430665726,0.47172185693342733
43913,Stayed,0.27092908652046177,0.7290709134795382
26699,Stayed,0.045734953636514364,0.9542650463634856
71223,Stayed,0.43568970925643324,0.5643102907435668
55053,Stayed,0.06121169800619286,0.9387883019938071
42466,Stayed,0.1080298559005376,0.8919701440994624
66354,Left,0.6972595888252322,0.3027404111747678
980,Stayed,0.041608446658983445,0.9583915533410166
43110,Stayed,0.010316317441479317,0.9896836825585207
53926,Stayed,0.48909234820142355,0.5109076517985764
70058,Stayed,0.10947301928068887,0.8905269807193111
66137,Left,0.9880595066162012,0.011940493383798725
44854,Stayed,0.02798975519623581,0.9720102448037642
33190,Left,0.657742610804728,0.342257389195272
43585,Stayed,0.13959339954095074,0.8604066004590493
39672,Stayed,0.32098791089356427,0.6790120891064357
13586,Stayed,0.04427296592901686,0.9557270340709831
31184,Left,0.9768487017294598,0.023151298270540233
15577,Left,0.7778935705027638,0.22210642949723625
29756,Left,0.7024306283716153,0.29756937162838476
3637,Stayed,0.019160434055163433,0.9808395659448366
40348,Stayed,0.06374803822546249,0.9362519617745375
39623,Stayed,0.3908533830402433,0.6091466169597567
11969,Left,0.6921098019379497,0.3078901980620503
27490,Stayed,0.2017046620391123,0.7982953379608877
47481,Left,0.5557351662669799,0.44426483373302006
2308,Left,0.9570647672312749,0.04293523276872513
60240,Stayed,0.40507596027431514,0.5949240397256849
49695,Left,0.5915635324165154,0.4084364675834847
52007,Left,0.8283189744202955,0.1716810255797046
21491,Stayed,0.12062503283545589,0.8793749671645441
58036,Stayed,0.13114023659984642,0.8688597634001536
43424,Left,0.6716614864594863,0.32833851354051363
65707,Left,0.8881862685203293,0.11181373147967069
71203,Left,0.5854725076569693,0.41452749234303066
28519,Stayed,0.11986705283521237,0.8801329471647876
15960,Stayed,0.13998489504659473,0.8600151049534053
50033,Left,0.616646124894528,0.38335387510547203
73601,Stayed,0.05950652129794809,0.9404934787020519
63372,Left,0.5013402439307347,0.49865975606926527
111,Left,0.6673381781708715,0.3326618218291285
32371,Left,0.9500551682398249,0.04994483176017506
72134,Stayed,0.06408916164249023,0.9359108383575098
68452,Stayed,0.06551972472526946,0.9344802752747305
4700,Left,0.5835410790767541,0.41645892092324593
28862,Stayed,0.30519806836436925,0.6948019316356308
12048,Left,0.5362821687079944,0.46371783129200567
50198,Stayed,0.022256190160180767,0.9777438098398192
51750,Left,0.8896513573093566,0.11034864269064341
51407,Stayed,0.1742579215766874,0.8257420784233126
41650,Stayed,0.2818565854674626,0.7181434145325374
9083,Stayed,0.375424249366322,0.624575750633678
7912,Left,0.6449274457357292,0.35507255426427076
18514,Left,0.9378211892130761,0.06217881078692391
25834,Left,0.6858938640622638,0.3141061359377361
31960,Stayed,0.09377215986489151,0.9062278401351085
53406,Stayed,0.37940580706273885,0.6205941929372611
70920,Stayed,0.4289147583850531,0.5710852416149469
16339,Stayed,0.03266698218907926,0.9673330178109207
53444,Stayed,0.20185093353861128,0.7981490664613887
58377,Stayed,0.025974801892038935,0.9740251981079611
68962,Stayed,0.2985137381482166,0.7014862618517834
47503,Left,0.8410165955232868,0.15898340447671322
22720,Left,0.8800178837328261,0.11998211626717391
56672,Left,0.9010713476599764,0.09892865234002358
12933,Stayed,0.19160679942160297,0.808393200578397
45702,Left,0.7087639748514399,0.29123602514856006
53134,Left,0.6907404264925587,0.3092595735074413
21550,Stayed,0.016422349332335218,0.9835776506676648
46719,Left,0.5489137583544863,0.45108624164551364
18995,Stayed,0.4372001857048893,0.5627998142951107
11213,Stayed,0.021949953612763196,0.9780500463872368
73609,Stayed,0.33791408760045194,0.6620859123995481
64866,Stayed,0.2792125247455942,0.7207874752544058
73576,Stayed,0.34269029073207313,0.6573097092679269
40361,Stayed,0.10945389354885937,0.8905461064511406
15046,Stayed,0.30675168552174625,0.6932483144782537
26295,Left,0.5004514695800819,0.49954853041991804
43608,Stayed,0.2648214546977554,0.7351785453022446
19469,Stayed,0.2217017576353395,0.7782982423646605
28868,Left,0.8972891877516573,0.10271081224834265
16887,Stayed,0.11586421165554461,0.8841357883444554
18304,Stayed,0.30847300709546854,0.6915269929045315
54377,Left,0.5608623089340514,0.4391376910659486
73285,Stayed,0.2535616820954244,0.7464383179045756
16094,Left,0.8671734850902382,0.13282651490976183
10180,Stayed,0.01474100595673078,0.9852589940432692
54672,Left,0.9293772560226802,0.0706227439773198
66693,Stayed,0.4816037119112271,0.5183962880887729
16618,Stayed,0.47776937268615305,0.522230627313847
5013,Stayed,0.04119231037195337,0.9588076896280466
55982,Stayed,0.13763142552379004,0.86236857447621
25230,Stayed,0.04810968521461512,0.9518903147853849
51380,Left,0.8101476207670018,0.18985237923299828
13677,Stayed,0.46515303166281163,0.5348469683371884
57216,Stayed,0.02717405976328957,0.9728259402367104
66930,Left,0.6169738580131012,0.38302614198689877
61615,Left,0.8216822778888984,0.1783177221111016
65875,Stayed,0.49186880645747766,0.5081311935425223
11839,Left,0.9769188341938241,0.023081165806175925
14553,Left,0.8291846269556696,0.17081537304433034
3394,Stayed,0.059226914544928455,0.9407730854550715
11788,Left,0.7679928669218719,0.2320071330781282
24324,Left,0.9606882966886824,0.039311703311317656
7874,Stayed,0.37999788777734145,0.6200021122226586
22527,Stayed,0.48354472546007754,0.5164552745399225
35759,Stayed,0.010531070780981366,0.9894689292190186
71323,Left,0.8762861532350769,0.12371384676492318
1022,Stayed,0.12709038960054686,0.8729096103994531
22849,Stayed,0.024091096176945714,0.9759089038230543
9394,Stayed,0.24970503525716314,0.7502949647428369
59592,Left,0.8798277940322669,0.12017220596773316
69756,Stayed,0.029947491287720007,0.97005250871228
8241,Left,0.8018278236405318,0.1981721763594682
56078,Left,0.9063835998994884,0.09361640010051164
39997,Stayed,0.3807170683692671,0.6192829316307329
64233,Stayed,0.4685115049282488,0.5314884950717512
21821,Left,0.7729824499086357,0.2270175500913642
7150,Left,0.6093998031130782,0.3906001968869218
41513,Left,0.9529567005978329,0.04704329940216709
58751,Left,0.6580224618141184,0.3419775381858816
64689,Left,0.6796447623949289,0.3203552376050711
68416,Left,0.9406736802160803,0.05932631978391971
5325,Stayed,0.12450600702260473,0.8754939929773953
38858,Stayed,0.044999257268878434,0.9550007427311216
38154,Stayed,0.0871582274397592,0.9128417725602408
42476,Left,0.9678324021321826,0.03216759786781744
25998,Left,0.878267437797371,0.12173256220262896
26968,Left,0.916612575811733,0.08338742418826699
27036,Stayed,0.3045626993733518,0.6954373006266482
44249,Stayed,0.02596409928936927,0.9740359007106307
48538,Left,0.7894096412015239,0.21059035879847615
26777,Left,0.7571226660900192,0.24287733390998073
62497,Left,0.6722247657499922,0.3277752342500078
62368,Stayed,0.3319992228982115,0.6680007771017885
58492,Left,0.5025329391188851,0.49746706088111486
27380,Stayed,0.26716932016420447,0.7328306798357955
29445,Left,0.660463094436249,0.33953690556375105
29116,Left,0.8250141285401156,0.17498587145988437
69516,Stayed,0.10562964259694729,0.8943703574030527
8818,Left,0.5488665176465894,0.4511334823534105
44617,Stayed,0.4358456665983764,0.5641543334016236
33830,Stayed,0.07380165465093802,0.926198345349062
49078,Stayed,0.04368042036196529,0.9563195796380347
1672,Stayed,0.2017713011970853,0.7982286988029147
38435,Stayed,0.4969380444234184,0.5030619555765816
23181,Left,0.6284148925763497,0.3715851074236503
70372,Stayed,0.214075646829737,0.785924353170263
58884,Stayed,0.22301952950126425,0.7769804704987358
37326,Stayed,0.24411739044262915,0.7558826095573709
1381,Stayed,0.48208282274479497,0.517917177255205
58683,Stayed,0.29993838744072066,0.7000616125592793
65015,Stayed,0.23346834031064623,0.7665316596893538
43720,Stayed,0.2567607555341799,0.7432392444658201
63904,Stayed,0.10669132276407123,0.8933086772359288
28807,Left,0.669776941444658,0.33022305855534195
39097,Stayed,0.008779094139860555,0.9912209058601394
60749,Left,0.9606304954394894,0.03936950456051061
25625,Left,0.9316640534640481,0.06833594653595185
40763,Left,0.9743574305464208,0.025642569453579248
8189,Left,0.8365948734163198,0.16340512658368017
21544,Left,0.9106337901377869,0.0893662098622131
30051,Stayed,0.3242410872765845,0.6757589127234155
69441,Left,0.9377376714307835,0.06226232856921659
51677,Left,0.8592684109874681,0.14073158901253188
11792,Stayed,0.41114177193195045,0.5888582280680495
40342,Stayed,0.21915619579486956,0.7808438042051304
17282,Left,0.986067845007723,0.013932154992276933
22648,Left,0.5905949849161676,0.4094050150838324
30480,Left,0.7051810495858177,0.29481895041418227
33812,Stayed,0.41940863990060506,0.5805913600993949
41498,Stayed,0.10047174321425867,0.8995282567857413
11822,Stayed,0.026241766024650892,0.9737582339753491
57696,Stayed,0.02417233977949773,0.9758276602205023
68913,Left,0.936284627042963,0.06371537295703697
29316,Left,0.5828776426734327,0.41712235732656733
60555,Stayed,0.251977173592804,0.748022826407196
34731,Left,0.5202455173261735,0.4797544826738265
62790,Left,0.9005916293625289,0.09940837063747104
43345,Left,0.807641723554968,0.192358276445032
27973,Stayed,0.19686937100201196,0.803130628997988
8914,Stayed,0.08264042517521863,0.9173595748247814
48224,Stayed,0.015521944686946454,0.9844780553130535
49629,Left,0.6855528285531518,0.31444717144684814
35351,Stayed,0.24730501090089596,0.752694989099104
66715,Left,0.924966028690945,0.07503397130905494
2758,Left,0.9677492551072975,0.03225074489270248
3758,Stayed,0.40980159647277214,0.5901984035272279
49390,Stayed,0.15688734363390466,0.8431126563660953
50772,Stayed,0.032963440788579934,0.9670365592114201
57437,Stayed,0.01106217704535295,0.988937822954647
40167,Stayed,0.2115884820013344,0.7884115179986656
27709,Left,0.9368083755769564,0.06319162442304362
38327,Stayed,0.27892075623020784,0.7210792437697922
45764,Stayed,0.21215452042712557,0.7878454795728744
45585,Left,0.9208041833150139,0.0791958166849861
63748,Left,0.8961548939207395,0.10384510607926047
26460,Stayed,0.4716097652427401,0.5283902347572599
19722,Stayed,0.06929629107624635,0.9307037089237536
27185,Stayed,0.3106268688063548,0.6893731311936452
48735,Left,0.9070690548729986,0.09293094512700137
26557,Stayed,0.05173870105651035,0.9482612989434896
16854,Stayed,0.3953802628974177,0.6046197371025823
51862,Left,0.5769655406503944,0.42303445934960554
13906,Left,0.6970517105619783,0.30294828943802166
5247,Stayed,0.2001447443182932,0.7998552556817068
54555,Left,0.6644139795660956,0.3355860204339044
43552,Left,0.5499961534235904,0.4500038465764096
891,Left,0.760402577446291,0.23959742255370892
60330,Left,0.9941039881895597,0.005896011810440351
49063,Left,0.8775502571556274,0.12244974284437263
56865,Left,0.8128606750037902,0.1871393249962098
43796,Left,0.9422841588282505,0.05771584117174959
31628,Stayed,0.4979033693124256,0.5020966306875744
3438,Left,0.8205656170042189,0.17943438299578104
38694,Stayed,0.08806365309678199,0.911936346903218
72487,Stayed,0.34665131032666874,0.6533486896733313
26250,Left,0.7226436065208526,0.2773563934791475
18366,Stayed,0.14107773236706744,0.8589222676329326
26407,Left,0.6811956942078357,0.31880430579216434
62336,Stayed,0.12112710288596351,0.8788728971140365
40363,Stayed,0.17776420056115205,0.822235799438848
4230,Stayed,0.2505307067151704,0.7494692932848296
60575,Stayed,0.20754218358124954,0.7924578164187505
48619,Stayed,0.49097435822717594,0.5090256417728241
17006,Stayed,0.46092195888401966,0.5390780411159803
1633,Left,0.9081759336291606,0.09182406637083945
220,Left,0.7287529015603714,0.2712470984396286
30668,Left,0.8700424338673598,0.1299575661326402
19804,Left,0.9435965259765444,0.05640347402345563
21777,Stayed,0.10348665146242397,0.896513348537576
9919,Left,0.5549278410988103,0.44507215890118973
11616,Left,0.5738063603621636,0.4261936396378364
67870,Stayed,0.2488156333041035,0.7511843666958965
72358,Stayed,0.1532632131550482,0.8467367868449518
19287,Left,0.5268405872998998,0.47315941270010015
39757,Stayed,0.07498281203599733,0.9250171879640027
64222,Stayed,0.1769081107270971,0.8230918892729029
61204,Left,0.6573844174187702,0.34261558258122976
40232,Stayed,0.3177546759668367,0.6822453240331633
63837,Stayed,0.0903091844021412,0.9096908155978588
27848,Stayed,0.06808435808950797,0.931915641910492
21715,Left,0.7456630657661862,0.25433693423381376
6757,Stayed,0.2939734312304041,0.7060265687695959
2649,Stayed,0.4093696325661109,0.5906303674338891
31085,Stayed,0.4667485176958335,0.5332514823041665
7953,Left,0.5616292734856717,0.4383707265143283
20364,Stayed,0.05016041430381768,0.9498395856961823
43634,Left,0.7387104378203353,0.26128956217966465
23618,Left,0.8970243884175335,0.1029756115824665
26323,Stayed,0.11692195350102574,0.8830780464989743
58784,Stayed,0.1700107740254473,0.8299892259745527
56246,Left,0.9649589064719237,0.035041093528076266
8830,Stayed,0.2664906354491954,0.7335093645508046
51904,Left,0.5682630572154894,0.4317369427845105
37512,Stayed,0.11000172099541616,0.8899982790045838
60337,Stayed,0.1921797067311677,0.8078202932688323
14821,Stayed,0.3934745580771124,0.6065254419228876
14654,Left,0.6162397497648848,0.38376025023511523
57519,Left,0.9395406967813489,0.060459303218651075
44931,Stayed,0.1393395644618447,0.8606604355381553
57404,Left,0.8529933410264937,0.14700665897350632
8054,Stayed,0.3898986693194775,0.6101013306805225
21190,Left,0.6375280139623991,0.36247198603760084
34369,Left,0.7142047450402592,0.2857952549597408
26868,Left,0.8237736702289972,0.17622632977100283
62619,Left,0.8499216200409042,0.1500783799590958
23126,Left,0.5844120227771539,0.41558797722284607
1277,Left,0.8138639751059441,0.18613602489405592
3314,Stayed,0.41731462486068105,0.582685375139319
66801,Stayed,0.12836412625925475,0.8716358737407452
41495,Left,0.8942000767721311,0.10579992322786887
40399,Stayed,0.18848738145402555,0.8115126185459745
55435,Left,0.9046193961715757,0.09538060382842425
70847,Left,0.5371147423745849,0.4628852576254151
252,Stayed,0.4545360424655388,0.5454639575344612
1735,Left,0.717898076077799,0.282101923922201
40188,Stayed,0.3048447430651553,0.6951552569348447
66496,Left,0.8190521695342026,0.1809478304657974
71488,Left,0.5059238267330315,0.4940761732669685
60680,Left,0.8410538236768061,0.15894617632319383
24802,Stayed,0.38393278466185976,0.6160672153381402
12623,Left,0.851534355873034,0.14846564412696597
60132,Stayed,0.268653584400238,0.731346415599762
12994,Stayed,0.09707323108615051,0.9029267689138495
69320,Stayed,0.21104986960416394,0.7889501303958361
709,Stayed,0.08013544975675801,0.919864550243242
36561,Left,0.6944484225804447,0.3055515774195553
47874,Stayed,0.08670812413318407,0.9132918758668159
23251,Stayed,0.14921329022405294,0.8507867097759471
145,Stayed,0.22410175425063406,0.775898245749366
4473,Stayed,0.1602682747975236,0.8397317252024764
40684,Stayed,0.05501740245705222,0.9449825975429478
9725,Left,0.8116559485520821,0.18834405144791785
25068,Left,0.9726907433651785,0.027309256634821536
2418,Left,0.6676010207240735,0.33239897927592654
67899,Left,0.683485301947471,0.31651469805252896
36558,Left,0.8040424241229358,0.1959575758770642
57765,Left,0.6313535150498553,0.36864648495014474
66719,Left,0.8878222300353331,0.11217776996466683
61978,Left,0.522627004918105,0.47737299508189507
54045,Left,0.8096863059082806,0.1903136940917194
29805,Stayed,0.3297681649977504,0.6702318350022496
3639,Left,0.6245728660786886,0.37542713392131144
30926,Left,0.7896901607120209,0.21030983928797906
26859,Left,0.7112260240114319,0.2887739759885681
62217,Left,0.7314742993603265,0.26852570063967346
3875,Left,0.5794070347389815,0.4205929652610186
35570,Left,0.9002235600516788,0.0997764399483212
64011,Stayed,0.013562586231442686,0.9864374137685573
50906,Stayed,0.1382484226737446,0.8617515773262554
5549,Left,0.7175458025633918,0.28245419743660816
17589,Stayed,0.27070276138265204,0.729297238617348
54455,Stayed,0.007325462740944033,0.992674537259056
60127,Left,0.7083463699078061,0.29165363009219397
30775,Left,0.9615480446687422,0.03845195533125778
15979,Stayed,0.25240445175249726,0.7475955482475027
25874,Left,0.5250378363888926,0.47496216361110744
33048,Left,0.9053342071742835,0.09466579282571656
26352,Stayed,0.0502304833059094,0.9497695166940906
36950,Stayed,0.012139971125436189,0.9878600288745638
3868,Stayed,0.10667291897844922,0.8933270810215508
70762,Left,0.8156300919097532,0.18436990809024673
5936,Left,0.7995607172170962,0.20043928278290377
54666,Stayed,0.2923096950441424,0.7076903049558576
62160,Left,0.8795370482218405,0.12046295177815951
7973,Stayed,0.4720560492083603,0.5279439507916397
30529,Left,0.9468787529630585,0.0531212470369415
23437,Left,0.7574309505280414,0.2425690494719586
50516,Left,0.6728140827925838,0.3271859172074162
66909,Stayed,0.09893319197406703,0.901066808025933
73872,Stayed,0.1962697048504427,0.8037302951495573
55519,Stayed,0.3629009863955306,0.6370990136044694
18520,Left,0.8728063635623926,0.12719363643760742
23616,Stayed,0.23777548735819354,0.7622245126418065
50041,Left,0.8382318923273886,0.16176810767261146
32840,Stayed,0.3671220876172756,0.6328779123827244
13127,Stayed,0.24534102493057375,0.7546589750694263
59397,Left,0.7070570374330931,0.29294296256690694
37836,Left,0.7909074800334549,0.20909251996654513
34982,Left,0.8635228728432409,0.13647712715675908
915,Stayed,0.4903948929893811,0.5096051070106189
70406,Left,0.9245158452080402,0.0754841547919598
17968,Left,0.5485559440852187,0.4514440559147813
7065,Stayed,0.21473789260447518,0.7852621073955248
17542,Left,0.5458745346950122,0.45412546530498776
16663,Stayed,0.279394906521372,0.720605093478628
19574,Left,0.8304725536549514,0.1695274463450486
16781,Stayed,0.07741402560805166,0.9225859743919483
2103,Stayed,0.009954282611563281,0.9900457173884367
38833,Stayed,0.1890747067614328,0.8109252932385672
71698,Left,0.7451370186651132,0.25486298133488683
60257,Left,0.5371334822038198,0.46286651779618015
73967,Left,0.6320607783460088,0.36793922165399123
1073,Left,0.8979428626971637,0.10205713730283633
71576,Stayed,0.39632664825222585,0.6036733517477741
21974,Left,0.8283124702655161,0.1716875297344839
3396,Stayed,0.24362595543703147,0.7563740445629685
33591,Stayed,0.006450744963997779,0.9935492550360022
36645,Left,0.6982002718128251,0.3017997281871749
36415,Left,0.758220441613269,0.2417795583867311
56937,Stayed,0.02535867860117369,0.9746413213988263
19402,Left,0.9829361488960371,0.017063851103962947
49141,Stayed,0.0888529474156593,0.9111470525843407
15011,Left,0.8768073472298644,0.12319265277013561
54169,Left,0.7226710913829166,0.2773289086170834
57003,Left,0.6341139317813509,0.3658860682186491
30548,Left,0.7136417139261719,0.286358286073828
46952,Left,0.5069236684895831,0.49307633151041685
28374,Stayed,0.29206860698452697,0.707931393015473
72932,Stayed,0.28710564952356177,0.7128943504764382
4504,Stayed,0.20772074897720427,0.7922792510227957
69096,Stayed,0.07505917292991804,0.924940827070082
1901,Left,0.7799388042078271,0.22006119579217284
68821,Left,0.732365019280962,0.267634980719038
5541,Left,0.6645164427641174,0.33548355723588263
10736,Stayed,0.23582734746979628,0.7641726525302037
675,Stayed,0.06729207952888061,0.9327079204711194
26423,Stayed,0.17002917478024082,0.8299708252197592
15128,Stayed,0.3005029146179965,0.6994970853820035
31004,Left,0.8201112683862047,0.17988873161379523
28704,Left,0.9844630597804056,0.015536940219594387
41562,Left,0.9496179171417789,0.050382082858221156
22457,Stayed,0.058465040872120566,0.9415349591278794
70540,Stayed,0.41359930064001815,0.5864006993599818
2291,Stayed,0.008911502400293703,0.9910884975997063
41345,Left,0.5496665370966233,0.4503334629033767
1917,Left,0.6341659555409656,0.36583404445903445
55675,Left,0.8649248535208162,0.13507514647918387
18533,Stayed,0.10806302086392783,0.8919369791360722
56929,Stayed,0.01748059549790404,0.982519404502096
43306,Stayed,0.30193390103475837,0.6980660989652416
53736,Stayed,0.37845990568387267,0.6215400943161273
45061,Left,0.8474096648471063,0.15259033515289364
49096,Stayed,0.24107970453134342,0.7589202954686566
3636,Stayed,0.40958372020601574,0.5904162797939843
8534,Stayed,0.20905485543936542,0.7909451445606346
20553,Stayed,0.27202665359652156,0.7279733464034784
22917,Left,0.9845503576679098,0.015449642332090232
54492,Stayed,0.1717265969985371,0.8282734030014629
54827,Stayed,0.10665356331351172,0.8933464366864883
73252,Stayed,0.11232482506695074,0.8876751749330493
37096,Left,0.9153356008014358,0.08466439919856415
69290,Left,0.8733026597162714,0.12669734028372862
61297,Left,0.5401152463229317,0.4598847536770682
48474,Left,0.5892532765667435,0.4107467234332565
60040,Left,0.9112802468431972,0.08871975315680279
3223,Stayed,0.18224565576464813,0.8177543442353519
56529,Left,0.5627762094040396,0.4372237905959604
72839,Stayed,0.09055450233059636,0.9094454976694036
70576,Stayed,0.06291021649475614,0.9370897835052439
21999,Stayed,0.09765470239271667,0.9023452976072833
63486,Left,0.6658840671095587,0.3341159328904413
33982,Left,0.5168402876076532,0.48315971239234684
74237,Stayed,0.05836515435310574,0.9416348456468943
3012,Left,0.5095544002465757,0.49044559975342433
26950,Stayed,0.03927012235318672,0.9607298776468133
70905,Stayed,0.010417750875811205,0.9895822491241888
8342,Left,0.9606275649187009,0.03937243508129907
67738,Stayed,0.26508222229105105,0.734917777708949
44967,Stayed,0.32501155703430207,0.6749884429656979
21397,Stayed,0.08026738705830405,0.919732612941696
28642,Left,0.7042435204572268,0.2957564795427732
4895,Left,0.8974460805811497,0.10255391941885027
62104,Left,0.8918663466392901,0.10813365336070986
43642,Stayed,0.23193085746440334,0.7680691425355967
23896,Left,0.7770913791979945,0.22290862080200544
10122,Stayed,0.09587166614451292,0.9041283338554871
36829,Stayed,0.15965230867784175,0.8403476913221583
51062,Left,0.6227383661240118,0.37726163387598816
3143,Stayed,0.007158208152055812,0.9928417918479442
18013,Stayed,0.2928719279140485,0.7071280720859515
41295,Stayed,0.4868372171453911,0.5131627828546089
22897,Left,0.8972722974772973,0.10272770252270272
32394,Stayed,0.2936870930988663,0.7063129069011337
29280,Stayed,0.43467434918571757,0.5653256508142824
38819,Stayed,0.4256131196750641,0.5743868803249359
5677,Left,0.7862845887170117,0.21371541128298832
11855,Left,0.8944440790088016,0.1055559209911984
55839,Left,0.6734031431044948,0.3265968568955052
24342,Stayed,0.05807106354161784,0.9419289364583822
20236,Left,0.9061272858118208,0.09387271418817923
24594,Stayed,0.09193742259392179,0.9080625774060782
61891,Left,0.9739126339771581,0.026087366022841875
65315,Left,0.5291460947025234,0.4708539052974766
54004,Left,0.7980914660401965,0.2019085339598034
14758,Stayed,0.33683288783056675,0.6631671121694332
41665,Left,0.5840760400310401,0.4159239599689599
49494,Stayed,0.4246523590513934,0.5753476409486066
29848,Left,0.828377897474745,0.17162210252525503
72075,Stayed,0.32907032860334173,0.6709296713966583
41045,Left,0.7465153302262306,0.2534846697737693
55959,Left,0.5214510644518873,0.47854893554811273
52579,Left,0.8717978382517959,0.12820216174820404
73528,Stayed,0.3530210995431112,0.6469789004568888
73488,Left,0.5304427867549959,0.46955721324500405
72116,Stayed,0.445437813708942,0.554562186291058
19617,Left,0.7132086832092666,0.28679131679073344
28946,Left,0.6196310025438008,0.3803689974561992
20508,Left,0.8558496004673747,0.14415039953262535
7174,Left,0.7198113905734382,0.28018860942656176
14528,Left,0.5274239872908355,0.4725760127091645
28383,Left,0.9781217312554796,0.021878268744520365
64497,Left,0.6924886692532378,0.3075113307467622
37728,Left,0.8436684364783641,0.15633156352163588
55501,Stayed,0.4731598825329526,0.5268401174670474
45081,Stayed,0.07735167640935503,0.922648323590645
59638,Stayed,0.06795182135466327,0.9320481786453367
35204,Left,0.9536945734962627,0.04630542650373726
44503,Stayed,0.025098691230240666,0.9749013087697593
9054,Stayed,0.03414971808319034,0.9658502819168097
9060,Stayed,0.17979773707622593,0.8202022629237741
67182,Stayed,0.4819004378804578,0.5180995621195422
6466,Stayed,0.10426320734510708,0.8957367926548929
12787,Stayed,0.05160286237860412,0.9483971376213959
26848,Left,0.8684759566252741,0.13152404337472592
6914,Stayed,0.17781608144956473,0.8221839185504353
69877,Stayed,0.10530076139548927,0.8946992386045107
51020,Stayed,0.1581897696842477,0.8418102303157523
42100,Left,0.591058217407511,0.408941782592489
34954,Left,0.5990371812987583,0.40096281870124173
37275,Left,0.9749779507998309,0.025022049200169153
52151,Stayed,0.3686784358022376,0.6313215641977624
9031,Left,0.7153749586138635,0.28462504138613653
7824,Left,0.7475515496465968,0.25244845035340324
60225,Left,0.7701668623450413,0.2298331376549587
14442,Left,0.8064574572175951,0.19354254278240496
29232,Left,0.9535771520171502,0.04642284798284976
30077,Stayed,0.051166240180763545,0.9488337598192365
41567,Left,0.5550005647004526,0.4449994352995474
44480,Stayed,0.00014566116178860167,0.9998543388382114
20981,Left,0.8455736946414216,0.15442630535857835
13928,Stayed,0.09235030502764763,0.9076496949723524
69758,Left,0.7034546147018326,0.2965453852981675
30701,Stayed,0.3857938600358721,0.6142061399641279
32087,Left,0.9111411981263668,0.08885880187363313
55423,Left,0.7793138789406402,0.22068612105935984
70884,Left,0.8358775033348466,0.16412249666515344
4801,Stayed,0.42829168594143496,0.571708314058565
55576,Stayed,0.026908709252258967,0.973091290747741
48856,Stayed,0.04539559441198915,0.9546044055880109
19973,Left,0.897117613755057,0.10288238624494292
60504,Stayed,0.31119647187216715,0.6888035281278329
31205,Left,0.8563420353271526,0.14365796467284742
36607,Left,0.5652328655808012,0.43476713441919884
20208,Stayed,0.37092152894009034,0.6290784710599097
48237,Left,0.6955112919721608,0.3044887080278392
35971,Stayed,0.29052527207530643,0.7094747279246936
61278,Stayed,0.02428179005439024,0.9757182099456098
28800,Stayed,0.05790097928714699,0.942099020712853
17238,Stayed,0.015154441497707727,0.9848455585022923
64989,Left,0.6698275173976174,0.3301724826023827
11201,Left,0.8694332569056058,0.13056674309439417
11125,Left,0.5253513716216498,0.47464862837835026
64588,Stayed,0.21506959920066404,0.784930400799336
10418,Left,0.8593387229955579,0.1406612770044421
26788,Stayed,0.07791391331269104,0.922086086687309
26243,Left,0.8280482141214855,0.17195178587851448
42457,Stayed,0.45592238829692844,0.5440776117030716
33534,Stayed,0.0985984775661638,0.9014015224338362
30154,Left,0.718039048618758,0.28196095138124194
41332,Left,0.7700938991238065,0.22990610087619343
20504,Stayed,0.2922559537103814,0.7077440462896186
72920,Stayed,0.37456943373490914,0.6254305662650909
47492,Stayed,0.04872841792550697,0.951271582074493
23013,Stayed,0.3293679268642328,0.6706320731357672
43986,Stayed,0.3818735754681779,0.6181264245318221
52378,Left,0.9096697511253399,0.09033024887466015
31726,Left,0.9531050731799876,0.0468949268200124
61855,Left,0.6605876435415231,0.3394123564584769
70912,Left,0.882869597437548,0.11713040256245197
54785,Left,0.6657301938132147,0.3342698061867853
14312,Left,0.5106602616644498,0.48933973833555017
6482,Left,0.5941541646560667,0.40584583534393326
42761,Left,0.9595435668291872,0.04045643317081286
60830,Stayed,0.14334695928377794,0.8566530407162221
31986,Left,0.849724611045391,0.15027538895460904
61124,Stayed,0.3202388406649288,0.6797611593350712
25221,Left,0.7856474344251889,0.21435256557481105
66850,Left,0.6576600842872984,0.34233991571270156
6706,Left,0.5579837510002321,0.44201624899976794
15248,Left,0.6862095647407107,0.31379043525928935
51383,Stayed,0.08739313807023574,0.9126068619297643
24302,Left,0.6905460040491013,0.30945399595089873
72407,Stayed,0.31162031677141633,0.6883796832285837
28436,Stayed,0.06541978121033343,0.9345802187896666
61490,Stayed,0.32569140379194494,0.674308596208055
24555,Left,0.5606486673400551,0.43935133265994486
36926,Stayed,0.22134952993588553,0.7786504700641145
61991,Stayed,0.21262043518354545,0.7873795648164545
72556,Stayed,0.3918581513720166,0.6081418486279834
1932,Stayed,0.4139794888314554,0.5860205111685446
64764,Left,0.9633238336149867,0.03667616638501328
59918,Stayed,0.12199020412109218,0.8780097958789078
5580,Left,0.5818106384703854,0.41818936152961456
27025,Left,0.7170494085518584,0.2829505914481416
36256,Left,0.9311444092786203,0.0688555907213797
22953,Stayed,0.011079828685054638,0.9889201713149454
16790,Left,0.8861568223407871,0.1138431776592129
65332,Stayed,0.03111975442860715,0.9688802455713929
22086,Left,0.6440967963841069,0.3559032036158931
37701,Stayed,0.05767116219641821,0.9423288378035818
62653,Stayed,0.10363081344947411,0.8963691865505259
41627,Left,0.5380533703208503,0.4619466296791497
28363,Stayed,0.4458684594707939,0.5541315405292061
37914,Left,0.7920083140313662,0.20799168596863385
27903,Stayed,0.054506886051931325,0.9454931139480687
44273,Left,0.7865797860613297,0.21342021393867025
65402,Stayed,0.33661227473595345,0.6633877252640465
67442,Left,0.900324849290867,0.09967515070913302
48347,Left,0.8051816346656888,0.19481836533431116
99,Left,0.9010342977748642,0.09896570222513577
51226,Stayed,0.31481386272411005,0.68518613727589
15400,Stayed,0.10247706513302068,0.8975229348669793
11260,Left,0.8736808524361,0.12631914756389998
66050,Stayed,0.05966019247775545,0.9403398075222446
20231,Stayed,0.24882253939499377,0.7511774606050062
2917,Stayed,0.2258491606870483,0.7741508393129517
1785,Left,0.7596847121890105,0.24031528781098951
73387,Left,0.8930388896155953,0.10696111038440473
25901,Left,0.969812027142233,0.03018797285776701
5059,Left,0.8246332148317663,0.17536678516823362
6737,Stayed,0.3718047603108118,0.6281952396891882
45933,Left,0.7727594178577111,0.22724058214228895
70580,Stayed,0.048127925181203124,0.9518720748187969
38847,Left,0.8544109689912327,0.14558903100876733
46450,Left,0.985925570481065,0.014074429518934953
63895,Stayed,0.36916674376389036,0.6308332562361096
42082,Stayed,0.3892563924243546,0.6107436075756454
23531,Left,0.7197875133608271,0.28021248663917286
63078,Left,0.8723189958347877,0.12768100416521236
14366,Left,0.6787728132038586,0.3212271867961413
48363,Stayed,0.036068132511014706,0.9639318674889853
32678,Left,0.6421557945883603,0.3578442054116398
54234,Left,0.9408674721177608,0.059132527882239216
49016,Left,0.8942028938367146,0.10579710616328543
47282,Left,0.8228894108273874,0.17711058917261252
39853,Left,0.9439178423976321,0.05608215760236789
35952,Stayed,0.2382841955327849,0.7617158044672151
19014,Left,0.5874692502534997,0.4125307497465003
18111,Left,0.8539090980641149,0.1460909019358852
5006,Stayed,0.34072165677817356,0.6592783432218264
8019,Stayed,0.45263095188239544,0.5473690481176046
9773,Stayed,0.09163753818626486,0.9083624618137351
74271,Stayed,0.2654064058052745,0.7345935941947255
56861,Stayed,0.02439816262232386,0.9756018373776761
4599,Stayed,0.26432571653347026,0.7356742834665297
55868,Left,0.9630487291155154,0.03695127088448454
32293,Stayed,0.4821966355748253,0.5178033644251747
25694,Left,0.8172165116560387,0.18278348834396133
32745,Stayed,0.1954236555300456,0.8045763444699544
48415,Stayed,0.029438453971880163,0.9705615460281198
64099,Left,0.6722579574332497,0.3277420425667503
5115,Left,0.887704105614564,0.11229589438543597
15236,Left,0.7765221932836249,0.22347780671637507
26088,Left,0.5227565294636835,0.47724347053631655
73075,Stayed,0.3046896421939356,0.6953103578060644
34907,Stayed,0.2816466238254993,0.7183533761745007
54102,Left,0.9487171092296388,0.05128289077036116
18025,Left,0.736221781211977,0.263778218788023
27089,Left,0.9317225529269569,0.06827744707304302
22990,Stayed,0.2987433581133585,0.7012566418866415
22446,Stayed,0.4057218232113142,0.5942781767886858
42977,Stayed,0.41551474457021764,0.5844852554297824
57675,Stayed,0.48140613838000257,0.5185938616199974
59758,Left,0.8508393306273663,0.14916066937263375
1335,Stayed,0.3231750576905673,0.6768249423094327
25810,Stayed,0.1112937441388755,0.8887062558611245
40968,Left,0.9279700168443522,0.07202998315564778
30984,Left,0.7011975138403388,0.29880248615966115
14010,Stayed,0.49581736230475015,0.5041826376952498
55807,Left,0.5243717247983489,0.4756282752016511
6380,Left,0.7554282245030893,0.2445717754969107
35462,Stayed,0.3296920578469664,0.6703079421530336
73624,Stayed,0.4730058858135382,0.5269941141864618
15726,Stayed,0.060765452937688647,0.9392345470623114
57629,Stayed,0.0001085222358441218,0.9998914777641559
31422,Stayed,0.04673386338106922,0.9532661366189308
12294,Stayed,0.01212204657299265,0.9878779534270073
33351,Stayed,0.17546028909469014,0.8245397109053099
52589,Stayed,0.08720011689600571,0.9127998831039943
46520,Left,0.7131095331305624,0.28689046686943764
30245,Left,0.5777345378759472,0.4222654621240528
18578,Stayed,0.33134671631406876,0.6686532836859312
69525,Stayed,0.34969938058242445,0.6503006194175756
64624,Left,0.6840320907324271,0.31596790926757284
30058,Left,0.6911271262106164,0.3088728737893835
15218,Stayed,0.04647521498993523,0.9535247850100648
23966,Stayed,0.023147324086809973,0.97685267591319
38909,Left,0.8734024349077365,0.12659756509226353
60244,Left,0.5260783523670619,0.4739216476329381
4516,Stayed,0.37723425306911884,0.6227657469308812
72039,Left,0.918582960469118,0.08141703953088196
22918,Left,0.6990683102470876,0.3009316897529124
61564,Left,0.9334233786412304,0.06657662135876963
30460,Left,0.5040213043754109,0.495978695624589
3404,Stayed,0.1355544664341395,0.8644455335658605
6593,Stayed,0.11505408691772445,0.8849459130822755
57356,Stayed,0.1564310753954451,0.8435689246045549
57213,Left,0.7927090517735749,0.2072909482264251
9170,Stayed,0.13738713506763656,0.8626128649323634
17847,Stayed,0.08695023061050033,0.9130497693894997
26319,Stayed,0.24444077352997073,0.7555592264700293
46115,Left,0.8524059065818174,0.14759409341818264
71470,Left,0.5059235863030016,0.49407641369699845
30477,Stayed,0.017694105852454456,0.9823058941475455
54900,Stayed,0.17297610902042126,0.8270238909795787
28347,Left,0.822001900883068,0.17799809911693198
27976,Left,0.9529540052837312,0.04704599471626884
13309,Left,0.8486522329777434,0.15134776702225658
62315,Left,0.9487405054547167,0.05125949454528338
52903,Stayed,0.24026651111622843,0.7597334888837716
44584,Stayed,0.1406757980805916,0.8593242019194084
62142,Left,0.8929402055955686,0.10705979440443134
73086,Stayed,0.24319553163975094,0.7568044683602491
50847,Left,0.8392342688902618,0.16076573110973827
43760,Stayed,0.06031936753511735,0.9396806324648826
45514,Stayed,0.3298261730986336,0.6701738269013664
57190,Stayed,0.44592456941922054,0.5540754305807795
57960,Left,0.507254072887662,0.49274592711233806
13549,Left,0.7331597125372274,0.26684028746277255
5232,Stayed,0.4127819053038505,0.5872180946961495
690,Stayed,0.12805284182503884,0.8719471581749612
24327,Stayed,0.3369411139081091,0.6630588860918909
60180,Left,0.8842266596739714,0.11577334032602864
49567,Left,0.863524413854656,0.13647558614534408
68439,Stayed,0.28158016674531616,0.7184198332546838
66738,Stayed,0.4677224650746582,0.5322775349253418
30235,Stayed,0.10176929541523894,0.8982307045847611
43524,Left,0.9244981023817849,0.07550189761821514
56165,Stayed,0.43211947973848497,0.567880520261515
59134,Left,0.9088757651488543,0.09112423485114578
53810,Stayed,0.058147881432293436,0.9418521185677066
12108,Stayed,0.24710391110789054,0.7528960888921095
14278,Left,0.8100736397872128,0.18992636021278714
28745,Stayed,0.3872405901050282,0.6127594098949718
73331,Left,0.7489852156310961,0.2510147843689039
7061,Stayed,0.0908804978152229,0.9091195021847771
54405,Stayed,0.15432974161663449,0.8456702583833655
6399,Left,0.876605746374211,0.12339425362578908
15823,Stayed,0.45246072746315635,0.5475392725368436
26104,Left,0.6836134590837779,0.31638654091622215
4544,Left,0.6115413922153241,0.38845860778467584
48117,Left,0.5554756367653761,0.4445243632346238
10167,Stayed,0.037587744422753255,0.9624122555772467
31229,Stayed,0.04508429612316622,0.9549157038768338
47570,Left,0.7757607650833763,0.2242392349166237
27298,Left,0.5024288388664111,0.49757116113358885
48484,Stayed,0.2143548704681526,0.7856451295318474
70471,Left,0.7668277551308623,0.23317224486913768
62269,Stayed,0.31997376102190045,0.6800262389780996
35602,Stayed,0.3816435671181777,0.6183564328818223
1040,Left,0.7102744689734275,0.28972553102657256
14002,Left,0.857688975059983,0.14231102494001702
71396,Left,0.6282747246945627,0.3717252753054373
44916,Stayed,0.08755221687721304,0.912447783122787
13512,Left,0.5118077014976528,0.4881922985023473
23301,Left,0.8004414261778877,0.19955857382211226
53779,Stayed,0.48745748154700763,0.5125425184529924
48860,Left,0.6150687227462466,0.38493127725375337
20878,Stayed,0.11372038047895161,0.8862796195210484
74400,Left,0.6885652907851453,0.3114347092148547
70026,Stayed,0.08453245294436806,0.9154675470556319
74424,Stayed,0.0575724133720279,0.9424275866279721
46084,Stayed,0.35176917204398284,0.6482308279560172
5804,Left,0.7161305303166028,0.28386946968339716
54818,Left,0.8969935372297658,0.10300646277023413
3863,Stayed,0.2571553551404303,0.7428446448595697
67347,Left,0.845117118481862,0.15488288151813806
26911,Left,0.7589478255227288,0.24105217447727123
71639,Stayed,0.023172747242108938,0.9768272527578911
67704,Left,0.7570246888944565,0.24297531110554352
74220,Stayed,0.012552751083289126,0.9874472489167109
59088,Left,0.6575145911526565,0.34248540884734346
5361,Stayed,0.23778153134066793,0.7622184686593321
57137,Stayed,0.24924344588385805,0.750756554116142
54536,Stayed,0.25054163661179396,0.749458363388206
31879,Left,0.9080643250251211,0.09193567497487885
61625,Stayed,0.021911811593712915,0.9780881884062871
28359,Left,0.5755934577596145,0.4244065422403855
20629,Left,0.9922906180153981,0.0077093819846018605
39217,Left,0.5760165256645149,0.4239834743354851
21407,Left,0.7363362791758443,0.26366372082415573
27710,Stayed,0.19126981925112818,0.8087301807488718
23142,Stayed,0.025215641735642835,0.9747843582643572
25691,Stayed,0.0006472040978351412,0.9993527959021649
27583,Stayed,0.07217516475935426,0.9278248352406457
14075,Stayed,0.12820707944959076,0.8717929205504092
50843,Stayed,0.35489986403737617,0.6451001359626238
2181,Stayed,0.0023137528626064885,0.9976862471373935
19603,Left,0.5332335868073698,0.46676641319263024
872,Stayed,0.37253960789186713,0.6274603921081329
49239,Left,0.6467215908972599,0.35327840910274005
27596,Left,0.5661151125465511,0.43388488745344894
71562,Left,0.9148067428768388,0.08519325712316117
13437,Stayed,0.23534456209524435,0.7646554379047557
51644,Stayed,0.08816734211761335,0.9118326578823867
52035,Left,0.5502265546584777,0.44977344534152225
12792,Left,0.9569587282071006,0.04304127179289943
59970,Left,0.8126116900757445,0.1873883099242555
43864,Stayed,0.19127999472485102,0.808720005275149
47421,Stayed,0.16892925351414478,0.8310707464858552
53611,Stayed,0.47952581014893414,0.5204741898510659
73327,Stayed,0.2349671080792316,0.7650328919207684
62129,Left,0.8735033879945661,0.1264966120054339
28575,Left,0.6579443465669839,0.3420556534330161
30549,Stayed,0.17496471279399284,0.8250352872060072
65956,Stayed,0.12281763244586164,0.8771823675541384
54736,Left,0.6976813942447992,0.3023186057552008
613,Stayed,0.18795891726358516,0.8120410827364148
47967,Left,0.7262411227505554,0.27375887724944464
47352,Left,0.9389930406638269,0.06100695933617303
47770,Stayed,0.08759188628861792,0.9124081137113821
11714,Left,0.5300105392596846,0.46998946074031545
38610,Left,0.9413649105891471,0.058635089410852964
65475,Left,0.5994067732477857,0.4005932267522143
4870,Stayed,0.10038868190829364,0.8996113180917064
71506,Left,0.8095106906594872,0.1904893093405128
46185,Left,0.8239977546519801,0.17600224534801984
9267,Left,0.5076350750883084,0.4923649249116916
6527,Left,0.8641800573438128,0.13581994265618724
35478,Left,0.5188940387155719,0.48110596128442806
58291,Left,0.6135048779753045,0.38649512202469544
26346,Left,0.9405006278804392,0.05949937211956081
57271,Left,0.7691344028899614,0.23086559711003862
3209,Left,0.6433297583359703,0.3566702416640298
71993,Left,0.6387168336624334,0.36128316633756663
66712,Stayed,0.43071925415539614,0.5692807458446039
67744,Left,0.6803692553897134,0.31963074461028657
7653,Stayed,0.326811469536226,0.673188530463774
32171,Left,0.6397389829567163,0.3602610170432837
35915,Stayed,0.025588230687865976,0.974411769312134
27860,Stayed,0.49698910088885095,0.503010899111149
33220,Stayed,0.014999701792592357,0.9850002982074076
35784,Stayed,0.3075363219160654,0.6924636780839346
1183,Stayed,0.19368699932106792,0.8063130006789321
18503,Stayed,0.3925848191490211,0.6074151808509789
33916,Left,0.7351273939406622,0.2648726060593379
35449,Stayed,0.43622404384514357,0.5637759561548564
35035,Stayed,0.3609721650392369,0.6390278349607631
1762,Stayed,0.03206841099739166,0.9679315890026083
33409,Left,0.5352384698192223,0.4647615301807777
70670,Left,0.5404930916667074,0.4595069083332925
43490,Left,0.7596313919395022,0.24036860806049773
32862,Left,0.7529041576744898,0.24709584232551018
32660,Stayed,0.43798602177954016,0.5620139782204598
43551,Stayed,0.3449878157963395,0.6550121842036605
17597,Stayed,0.07065006296253118,0.9293499370374688
25140,Stayed,0.15239555356267975,0.8476044464373202
28432,Left,0.6050953403992332,0.39490465960076676
1818,Left,0.9188730998851824,0.0811269001148176
52411,Stayed,0.030807130516216863,0.9691928694837831
46969,Left,0.6917852545675842,0.30821474543241584
72206,Left,0.7878558688626677,0.2121441311373323
45509,Stayed,0.1970926660676613,0.8029073339323387
7607,Left,0.9629789685284182,0.037021031471581804
54475,Left,0.8812815328308956,0.11871846716910436
19173,Left,0.8612026939309876,0.13879730606901247
33839,Left,0.8196819470679885,0.18031805293201156
59975,Stayed,0.17268016346320958,0.8273198365367904
57702,Left,0.6537769801437346,0.34622301985626536
22474,Left,0.759492619607762,0.24050738039223798
32082,Stayed,0.07149393961630923,0.9285060603836908
12914,Stayed,0.4630857641695624,0.5369142358304376
20102,Stayed,0.07317681665067055,0.9268231833493294
24866,Left,0.64444279895466,0.3555572010453401
62657,Stayed,0.2086093026841096,0.7913906973158904
21241,Left,0.6148653492224886,0.3851346507775114
36355,Left,0.7137135869992508,0.28628641300074914
72211,Left,0.799970942738786,0.20002905726121406
10802,Left,0.9673524891829115,0.032647510817088506
68703,Stayed,0.3456577835208581,0.6543422164791419
56858,Stayed,0.09223124710219888,0.9077687528978011
64392,Stayed,0.3443399066342224,0.6556600933657776
71942,Left,0.8240482521587056,0.1759517478412944
40791,Stayed,0.30527903682664304,0.694720963173357
40378,Stayed,0.391549155530201,0.608450844469799
51571,Left,0.8856025020652712,0.11439749793472874
34773,Stayed,0.357455162508562,0.642544837491438
47827,Stayed,0.09848977869843689,0.9015102213015631
41527,Left,0.7488345057749887,0.25116549422501133
2719,Stayed,0.03548088289492202,0.964519117105078
66387,Stayed,0.0860389963828635,0.9139610036171365
23296,Stayed,0.42555546301452174,0.5744445369854783
33394,Left,0.7225008337589122,0.27749916624108784
28702,Left,0.5235333426023372,0.47646665739766286
897,Left,0.540503824550747,0.459496175449253
70331,Left,0.8402792899917172,0.15972071000828278
20437,Stayed,0.3600449924682534,0.6399550075317466
35962,Stayed,0.018779189474317115,0.9812208105256829
69276,Left,0.9721422939015086,0.027857706098491333
58616,Stayed,0.20047727902386658,0.7995227209761334
66601,Left,0.9652310674632962,0.03476893253670376
63873,Stayed,0.3400645025348079,0.6599354974651921
36372,Stayed,0.13293950909026453,0.8670604909097355
56825,Stayed,0.42755018747447304,0.572449812525527
64852,Left,0.8532629872716628,0.14673701272833714
6002,Stayed,0.25490533795694503,0.745094662043055
48830,Stayed,0.4017205125096901,0.5982794874903099
44546,Left,0.6142336647601092,0.38576633523989085
50374,Stayed,0.0187558285707643,0.9812441714292357
64724,Stayed,0.38404704217787355,0.6159529578221264
5326,Stayed,0.46852010125052657,0.5314798987494734
53663,Left,0.5475739075976042,0.45242609240239584
23523,Stayed,0.10647439245980894,0.8935256075401911
482,Left,0.7525527585998716,0.24744724140012844
29705,Stayed,0.09378007013252776,0.9062199298674722
19056,Stayed,0.36588966989626104,0.634110330103739
51392,Left,0.5379920702205379,0.4620079297794622
69218,Stayed,0.32236132243841,0.67763867756159
71544,Left,0.6540858748642739,0.345914125135726
17251,Stayed,0.4500847668316216,0.5499152331683784
32427,Left,0.9208282465451957,0.0791717534548043
17077,Left,0.9221355589099693,0.07786444109003067
12036,Left,0.963950948944932,0.03604905105506795
64163,Left,0.793777046443108,0.20622295355689196
42246,Left,0.5479185565544769,0.4520814434455231
7487,Stayed,0.00502545698268142,0.9949745430173186
16051,Stayed,0.2516606143369513,0.7483393856630487
53276,Left,0.9094428699710738,0.09055713002892622
55202,Stayed,0.06613829934558746,0.9338617006544125
8307,Left,0.5179401252056579,0.48205987479434204
3873,Stayed,0.234380246505844,0.765619753494156
15683,Stayed,0.1498178363686684,0.8501821636313316
47788,Stayed,0.19567453498980414,0.8043254650101959
21333,Left,0.5811049156482161,0.4188950843517839
223,Left,0.9494736082510042,0.050526391748995814
72269,Stayed,0.3139955264619294,0.6860044735380706
46094,Left,0.7559642259366905,0.24403577406330948
57405,Left,0.5460307089630991,0.4539692910369009
24849,Left,0.5973331815348661,0.40266681846513386
36212,Left,0.9799257101580108,0.020074289841989237
7520,Stayed,0.024244918773075774,0.9757550812269242
5602,Stayed,0.010965296848089001,0.989034703151911
12335,Left,0.903836478182013,0.09616352181798701
43480,Stayed,0.14701876200867992,0.8529812379913201
20155,Stayed,0.07063227025032015,0.9293677297496798
49882,Left,0.6169135504985709,0.3830864495014291
32476,Left,0.7068417167732721,0.29315828322672793
28857,Left,0.5216194401352112,0.47838055986478883
51913,Stayed,0.4679374609061685,0.5320625390938315
40217,Left,0.8402244228584312,0.1597755771415687
45893,Stayed,0.4333383266660442,0.5666616733339558
4329,Left,0.7754458059456786,0.22455419405432148
1679,Left,0.9511496950276564,0.04885030497234354
46250,Left,0.7268071017993946,0.27319289820060544
35927,Stayed,0.32225173820657926,0.6777482617934207
12190,Left,0.7701243509013853,0.2298756490986147
66342,Stayed,0.002805742805528255,0.9971942571944717
33630,Stayed,0.32499388849051136,0.6750061115094886
63245,Left,0.918209412188476,0.08179058781152408
41001,Left,0.9635597253470318,0.036440274652968174
14705,Left,0.7606337564632205,0.23936624353677952
20073,Left,0.6241376230573854,0.37586237694261454
44963,Left,0.5980143908118332,0.40198560918816684
33490,Left,0.8222552975800553,0.17774470241994467
73468,Stayed,0.49018384123239156,0.5098161587676084
67906,Left,0.5522621023391099,0.44773789766089006
55291,Left,0.9772254847671727,0.022774515232827235
53076,Left,0.5583612177893305,0.4416387822106696
39800,Stayed,0.35440912903603206,0.6455908709639679
5860,Stayed,0.32173128627706415,0.6782687137229358
61702,Stayed,0.1554328675396478,0.8445671324603522
6076,Left,0.8520624943744919,0.14793750562550817
54103,Left,0.9771889910128402,0.0228110089871598
47947,Stayed,0.03818789210910978,0.9618121078908902
50150,Stayed,0.24781107819591008,0.7521889218040899
53574,Stayed,0.22214568520621236,0.7778543147937876
44252,Left,0.9907060596631514,0.009293940336848652
20575,Stayed,0.467137316912714,0.532862683087286
67877,Stayed,0.20112414648530996,0.79887585351469
60085,Stayed,0.367717919047424,0.632282080952576
3778,Left,0.9298292733493428,0.07017072665065711
44890,Stayed,0.018532870166620197,0.9814671298333798
1222,Left,0.8399058912449338,0.1600941087550663
69111,Stayed,0.008304650233430522,0.9916953497665695
12422,Stayed,0.3693915402420974,0.6306084597579026
41988,Stayed,0.02018588856241943,0.9798141114375806
71353,Stayed,0.32536306085425826,0.6746369391457417
21593,Left,0.7558682636614288,0.24413173633857121
61489,Left,0.8534663619572468,0.14653363804275324
43175,Stayed,0.4458274679877954,0.5541725320122046
33813,Left,0.7310550833647715,0.26894491663522846
27343,Left,0.5651184263926643,0.43488157360733576
54348,Left,0.9706627201764084,0.02933727982359155
57228,Left,0.6377825113846892,0.3622174886153108
6876,Left,0.6906939184181509,0.3093060815818491
31334,Left,0.6031558562576623,0.3968441437423377
16157,Left,0.585101439404838,0.41489856059516195
28584,Left,0.7305108780183653,0.26948912198163466
25637,Left,0.6811133885940363,0.31888661140596375
52795,Stayed,0.49477935555900454,0.5052206444409955
28034,Left,0.7082030593016011,0.29179694069839895
62601,Stayed,0.042112935694116116,0.9578870643058839
61641,Stayed,0.3273861035603072,0.6726138964396928
51778,Left,0.9714643502004469,0.02853564979955312
4249,Left,0.874993973118893,0.12500602688110696
34460,Stayed,0.03059468308698432,0.9694053169130157
23880,Left,0.7041055978787425,0.29589440212125745
7846,Left,0.8779109583523799,0.12208904164762018
55924,Stayed,0.12630309692226793,0.8736969030777321
63394,Left,0.5115575322941721,0.48844246770582783
29920,Left,0.6637537946059076,0.3362462053940925
46378,Stayed,0.4338060392715939,0.5661939607284061
39003,Left,0.9643778704226296,0.0356221295773704
65358,Stayed,0.37872835910410807,0.6212716408958919
16731,Stayed,0.08506168561458805,0.914938314385412
6233,Left,0.9292925017052744,0.07070749829472557
18505,Left,0.7617541912873517,0.2382458087126483
33789,Left,0.7097075807571122,0.29029241924288784
35677,Stayed,0.23041793683964396,0.769582063160356
44115,Stayed,0.10816924559936103,0.891830754400639
7719,Stayed,0.45600723018505407,0.5439927698149459
544,Left,0.7521963352592154,0.24780366474078466
50341,Stayed,0.00766431163547765,0.9923356883645224
7970,Stayed,0.1397238489875341,0.8602761510124659
65922,Left,0.7274546380196298,0.2725453619803701
60107,Left,0.9754966178770488,0.024503382122951167
809,Stayed,0.3618563984108836,0.6381436015891164
15727,Stayed,0.45737433186902343,0.5426256681309766
42073,Left,0.7584485963918093,0.24155140360819077
38367,Left,0.6754278670325518,0.32457213296744825
5538,Left,0.9343873741934839,0.06561262580651604
64804,Stayed,0.3727609337334554,0.6272390662665446
56360,Stayed,0.42329755702205574,0.5767024429779443
35881,Left,0.5707356093505662,0.42926439064943384
63635,Left,0.7839311896294285,0.2160688103705714
16040,Left,0.9644905790037762,0.035509420996223805
44673,Left,0.7334319418911326,0.26656805810886736
51492,Left,0.929988808379553,0.07001119162044703
35834,Left,0.7152077546627584,0.2847922453372415
65674,Stayed,0.16031179668618878,0.8396882033138112
4250,Stayed,0.1397131998984077,0.8602868001015923
7341,Stayed,0.4356401539861736,0.5643598460138264
2619,Stayed,0.13240803187129457,0.8675919681287054
8627,Left,0.6557085396861976,0.3442914603138024
64890,Stayed,0.19340686354236303,0.806593136457637
65363,Left,0.6673643749603133,0.33263562503968663
10241,Stayed,0.03003849366266298,0.969961506337337
17057,Left,0.6043495456098529,0.39565045439014707
9662,Stayed,0.20481358849017373,0.7951864115098263
1466,Stayed,0.480407285541972,0.519592714458028
7666,Stayed,0.4517630483569496,0.5482369516430504
37643,Left,0.8054039588923063,0.19459604110769368
38129,Stayed,0.042265971207115616,0.9577340287928844
45485,Stayed,0.43415531958025955,0.5658446804197405
58665,Stayed,0.19180188066115678,0.8081981193388432
3236,Stayed,0.28215343486598976,0.7178465651340102
58315,Stayed,0.020134480426695744,0.9798655195733043
3368,Left,0.592762452202405,0.407237547797595
54904,Left,0.8710472928393542,0.12895270716064583
53249,Stayed,0.35386007716944534,0.6461399228305547
21906,Left,0.8336556784980331,0.16634432150196687
71895,Stayed,0.11751512271782183,0.8824848772821782
31936,Left,0.5498937020273162,0.4501062979726837
29770,Stayed,0.07498359212222683,0.9250164078777732
19017,Stayed,0.00555353974909667,0.9944464602509033
45093,Left,0.6201693560547787,0.3798306439452212
52337,Left,0.9509189372457846,0.04908106275421541
162,Stayed,0.4261874805720941,0.5738125194279059
59294,Left,0.8638294356155538,0.13617056438444614
12803,Left,0.7653071269531266,0.23469287304687342
57941,Stayed,0.22819717839109943,0.7718028216089006
54754,Stayed,0.12260919031623618,0.8773908096837638
71128,Stayed,0.08230532474706143,0.9176946752529386
5474,Left,0.9457295407603525,0.0542704592396475
30726,Stayed,0.09860778017996508,0.9013922198200349
5135,Left,0.6534552972105923,0.3465447027894077
57178,Stayed,0.37636517728461294,0.6236348227153871
37021,Left,0.7296904080300752,0.27030959196992477
31919,Left,0.7310351061330289,0.2689648938669711
43293,Left,0.8535895908931297,0.14641040910687034
9102,Stayed,0.3654390378225507,0.6345609621774493
66287,Left,0.5369039539650382,0.4630960460349618
68190,Stayed,0.15061324279297927,0.8493867572070207
25797,Left,0.9380576457101605,0.061942354289839546
23929,Left,0.5674944629798764,0.43250553702012356
53204,Stayed,0.4547965290621161,0.5452034709378839
59925,Left,0.5824559954825723,0.4175440045174276
48825,Stayed,0.027509908100652236,0.9724900918993478
35156,Stayed,0.40613731963324695,0.593862680366753
58897,Stayed,0.18081016034079933,0.8191898396592007
60298,Stayed,0.44972052320312705,0.550279476796873
63338,Stayed,0.018212616016420546,0.9817873839835795
70601,Left,0.9341845798578747,0.06581542014212523
44336,Left,0.9047097122705213,0.09529028772947867
52324,Left,0.9506375580198828,0.04936244198011724
26923,Left,0.6631069210781919,0.33689307892180803
14819,Left,0.6426815809145158,0.35731841908548423
30705,Stayed,0.01524847381069716,0.9847515261893028
4999,Stayed,0.3866807957335271,0.6133192042664729
25530,Left,0.9856341721503185,0.014365827849681595
33196,Left,0.7113803745778075,0.28861962542219255
49671,Left,0.5528589232587757,0.4471410767412242
50914,Left,0.7063865095722626,0.2936134904277375
33214,Stayed,0.4986974860089243,0.5013025139910757
48820,Stayed,0.012702992527667378,0.9872970074723326
12332,Left,0.5787108151440586,0.42128918485594136
73146,Left,0.8694519394668363,0.13054806053316367
14422,Left,0.9517066724198145,0.04829332758018548
41687,Stayed,0.009359507065212047,0.990640492934788
13959,Left,0.8958086915591492,0.10419130844085082
36549,Left,0.611083233057975,0.388916766942025
61707,Left,0.6282542242547162,0.3717457757452838
45071,Left,0.9868747319140312,0.013125268085968804
12396,Stayed,0.028715689585702586,0.9712843104142974
26006,Stayed,0.3869422437801606,0.6130577562198394
22129,Left,0.7516319379589971,0.24836806204100292
5767,Left,0.5354258411155461,0.46457415888445386
25726,Stayed,0.47118375289181047,0.5288162471081895
7500,Stayed,0.19316044701321466,0.8068395529867853
40011,Stayed,0.03369230971635284,0.9663076902836472
46227,Left,0.7504196658372864,0.24958033416271358
1464,Left,0.9519326140295881,0.04806738597041198
69755,Left,0.5801710178470019,0.4198289821529981
31236,Stayed,0.03494103397036741,0.9650589660296326
12636,Stayed,0.10452278426324813,0.8954772157367519
52349,Left,0.9548897569292484,0.04511024307075167
48274,Stayed,0.2643173595391607,0.7356826404608393
20309,Left,0.9577946385170443,0.04220536148295573
69913,Stayed,0.13418221842795008,0.8658177815720499
24240,Left,0.9243623491525339,0.07563765084746614
48620,Stayed,0.14749193277910178,0.8525080672208982
46321,Left,0.7016921646172656,0.2983078353827344
48760,Left,0.6626257670864881,0.3373742329135119
13401,Stayed,0.2289608487112209,0.7710391512887791
48220,Stayed,0.15037168202990325,0.8496283179700967
15928,Left,0.8646678644339383,0.13533213556606177
6342,Stayed,0.21006978904887075,0.7899302109511293
68936,Left,0.854514300200369,0.14548569979963102
25537,Left,0.5871189627970501,0.41288103720294994
2009,Left,0.8382162264834824,0.16178377351651765
5301,Left,0.8441498072195526,0.15585019278044746
50454,Left,0.535632443478551,0.464367556521449
8379,Stayed,0.2562604962036905,0.7437395037963095
41933,Stayed,0.15138510409815065,0.8486148959018494
62359,Left,0.6509044742543117,0.34909552574568825
50205,Stayed,0.33493608937274866,0.6650639106272513
11077,Left,0.6146364387260084,0.38536356127399163
52413,Left,0.8915608732524073,0.10843912674759273
41441,Stayed,0.41979113422089775,0.5802088657791022
69322,Stayed,0.13744924459295993,0.8625507554070401
58538,Left,0.7927145889422844,0.20728541105771559
73870,Stayed,0.004933877189416402,0.9950661228105836
48149,Left,0.793180076072226,0.20681992392777404
67887,Stayed,0.4368372589626963,0.5631627410373037
25087,Left,0.9645214400444774,0.035478559955522626
30265,Left,0.6304976387809118,0.3695023612190882
58729,Stayed,0.36737804879990643,0.6326219512000936
28506,Left,0.90987776380405,0.0901222361959499
37089,Stayed,0.33654014791403297,0.663459852085967
53984,Stayed,0.03863483653112565,0.9613651634688744
15171,Left,0.719288645022425,0.28071135497757504
16542,Left,0.5626652024400477,0.4373347975599523
48454,Left,0.9260945607295664,0.07390543927043362
35126,Stayed,0.13359607711862365,0.8664039228813764
21042,Left,0.9874771830125112,0.01252281698748885
16687,Left,0.7825944335281991,0.21740556647180084
5454,Stayed,0.04259768000580355,0.9574023199941964
46712,Stayed,0.15236452420383906,0.8476354757961609
20301,Stayed,0.21232388825405646,0.7876761117459435
63467,Left,0.7693155495762559,0.2306844504237441
12548,Stayed,0.3988872074052603,0.6011127925947397
66543,Stayed,0.08954980466060403,0.910450195339396
38826,Stayed,0.41720042031972626,0.5827995796802737
63899,Left,0.9565981146440279,0.04340188535597217
23840,Left,0.7674824375909649,0.23251756240903512
43450,Stayed,0.03676610806412228,0.9632338919358777
33792,Left,0.8891800020010519,0.11081999799894818
73037,Stayed,0.030357481105073303,0.9696425188949267
41449,Left,0.5239052043411747,0.47609479565882534
67578,Stayed,0.13589080314696722,0.8641091968530328
64067,Stayed,0.3951989516163029,0.6048010483836971
17891,Stayed,0.11363591007999074,0.8863640899200093
38972,Left,0.8234865077333464,0.17651349226665353
4816,Stayed,0.013601375419392991,0.986398624580607
70837,Left,0.8170682620970342,0.18293173790296574
7843,Stayed,0.028372971131423452,0.9716270288685765
52555,Left,0.7566600445562013,0.24333995544379874
33699,Stayed,0.44681952387244783,0.5531804761275522
57274,Left,0.5477980801430649,0.4522019198569352
74464,Stayed,0.35961733833325027,0.6403826616667497
25671,Stayed,0.0637493787763409,0.9362506212236591
22689,Left,0.9907466852206386,0.009253314779361397
56217,Left,0.7522326590789741,0.24776734092102598
6195,Stayed,0.04206533096115794,0.9579346690388421
69409,Stayed,0.35562914234575793,0.6443708576542421
55913,Left,0.6102787693645374,0.3897212306354626
11127,Left,0.6146247640211799,0.38537523597882006
61495,Left,0.8667794071158982,0.1332205928841018
31044,Left,0.8550475332197618,0.14495246678023826
13317,Stayed,0.49300460877915364,0.5069953912208464
39489,Stayed,0.232712807323455,0.767287192676545
4990,Stayed,0.40475279246108276,0.5952472075389172
68292,Stayed,0.05574162277905237,0.9442583772209476
35205,Left,0.9378223959142538,0.062177604085746234
8493,Stayed,0.3274193656861488,0.6725806343138512
34673,Stayed,0.06740932931631505,0.932590670683685
10394,Left,0.8684301274167641,0.1315698725832359
57127,Left,0.7303818426524858,0.26961815734751415
54143,Left,0.5044803247976548,0.4955196752023452
46399,Stayed,0.11212357144358043,0.8878764285564196
28125,Left,0.898029544092675,0.10197045590732504
35601,Left,0.8366381169666279,0.16336188303337204
71893,Left,0.5654376043336671,0.4345623956663329
70419,Left,0.8480260742963496,0.15197392570365045
73638,Left,0.6009562812353739,0.39904371876462613
10814,Stayed,0.10187243427070569,0.8981275657292943
66937,Left,0.7123541619548657,0.28764583804513427
44819,Left,0.9864582922808789,0.01354170771912113
56499,Stayed,0.15504847399613408,0.8449515260038659
30552,Left,0.6576937635969534,0.3423062364030466
40508,Left,0.8252151074254088,0.17478489257459118
73353,Stayed,0.07342734191418532,0.9265726580858147
50829,Stayed,0.42697624392412326,0.5730237560758767
66954,Left,0.9731480806538668,0.026851919346133197
33835,Left,0.5040306763009602,0.4959693236990398
16118,Stayed,0.4674999123408552,0.5325000876591448
52253,Stayed,0.08962654352541721,0.9103734564745828
14019,Stayed,0.313293339790357,0.686706660209643
51916,Left,0.6974118342423986,0.3025881657576014
14555,Stayed,0.11986001900961074,0.8801399809903893
25733,Stayed,0.30333226187483,0.69666773812517
52667,Stayed,0.35357256750108046,0.6464274324989195
60082,Left,0.837775618016045,0.16222438198395492
2331,Stayed,0.3453017096172941,0.6546982903827059
62754,Stayed,0.19062530623141394,0.8093746937685861
22530,Stayed,0.2773876813882572,0.7226123186117428
26932,Left,0.5952938294948296,0.4047061705051704
53283,Left,0.6651289194027992,0.3348710805972009
29244,Stayed,0.3762214972285748,0.6237785027714252
2794,Left,0.94122548500609,0.05877451499390992
36479,Left,0.8618521618410829,0.1381478381589171
6949,Left,0.5412158377238301,0.45878416227616986
72040,Stayed,0.004612634763792811,0.9953873652362072
1676,Stayed,0.40265185323277886,0.5973481467672211
29381,Left,0.7248324251404022,0.27516757485959775
69247,Left,0.9615512994163778,0.03844870058362216
40301,Stayed,0.007642085882754723,0.9923579141172453
34626,Stayed,0.3938064023826934,0.6061935976173066
15094,Left,0.9174667262657032,0.08253327373429678
22877,Left,0.5386092863410696,0.4613907136589303
42329,Stayed,0.020351848675103534,0.9796481513248965
11509,Stayed,0.2410924429003548,0.7589075570996452
27030,Left,0.9670739372201166,0.032926062779883365
8226,Left,0.8604993142467023,0.13950068575329772
10017,Stayed,0.4916781561806184,0.5083218438193816
24434,Left,0.5302800175815241,0.4697199824184759
57779,Left,0.9111703714499229,0.08882962855007716
45025,Stayed,0.2243995899332173,0.7756004100667827
27060,Left,0.8695653651293805,0.1304346348706195
4443,Stayed,0.05702269621446754,0.9429773037855325
61277,Left,0.9615577309390164,0.03844226906098357
63112,Stayed,0.26832530703552837,0.7316746929644716
29607,Left,0.9424099454535251,0.0575900545464749
68396,Stayed,0.02095710341935797,0.979042896580642
46893,Left,0.8501291696744452,0.14987083032555484
42399,Stayed,0.46437978766621646,0.5356202123337835
24776,Left,0.7317147147706968,0.2682852852293032
71499,Left,0.7909707756784388,0.20902922432156126
41640,Left,0.6092817123906762,0.3907182876093238
69473,Stayed,0.2882721136711518,0.7117278863288482
211,Left,0.942946567393585,0.05705343260641503
11469,Left,0.788701877394921,0.21129812260507894
49699,Stayed,0.07230381710033063,0.9276961828996694
62531,Stayed,0.03748999572964551,0.9625100042703545
30750,Left,0.5617660294225673,0.43823397057743274
10707,Stayed,0.05886748713983414,0.9411325128601659
54259,Stayed,0.038203218544829776,0.9617967814551702
45771,Stayed,0.11097728319289402,0.889022716807106
48901,Left,0.5154147537358162,0.4845852462641837
45625,Stayed,0.17572556318455212,0.8242744368154479
25787,Stayed,0.3449988489948691,0.6550011510051309
36668,Left,0.8331366496042522,0.16686335039574787
14494,Stayed,0.13242751074654358,0.8675724892534564
42167,Stayed,0.33547894408588363,0.6645210559141164
59095,Left,0.7562456000390112,0.24375439996098877
67422,Left,0.5453979056153679,0.4546020943846321
66955,Stayed,0.09761181605966862,0.9023881839403314
34668,Stayed,0.10559335610004783,0.8944066438999522
19244,Left,0.607660554899883,0.392339445100117
59161,Left,0.519659980885598,0.48034001911440205
21083,Stayed,0.18957433836489812,0.8104256616351019
59313,Stayed,0.4588503694274888,0.5411496305725112
74262,Left,0.8862128480421024,0.11378715195789753
48483,Left,0.9782183469178322,0.02178165308216788
46834,Left,0.9244295571445311,0.07557044285546888
42807,Stayed,0.23221985227153585,0.7677801477284641
17902,Stayed,0.44444526946538476,0.5555547305346152
13978,Left,0.9120830219493947,0.08791697805060533
38985,Stayed,0.3218564608761325,0.6781435391238675
5678,Stayed,0.23084162262116092,0.7691583773788391
55862,Stayed,0.3799315958407813,0.6200684041592187
65004,Left,0.6668090881631363,0.33319091183686367
9235,Left,0.9793379815357458,0.020662018464254174
40661,Stayed,0.25649983441309054,0.7435001655869095
16809,Left,0.7291195787477105,0.27088042125228945
10902,Left,0.8281614319254934,0.17183856807450656
42540,Stayed,0.20514034447336327,0.7948596555266367
55243,Left,0.5734779180939584,0.4265220819060416
14488,Left,0.8075705573994489,0.19242944260055111
45736,Stayed,0.4471628460579634,0.5528371539420366
53759,Left,0.9256520032124829,0.07434799678751712
35236,Stayed,0.21277712030137796,0.787222879698622
61013,Stayed,0.40824893248696836,0.5917510675130316
42330,Stayed,0.3032018550416372,0.6967981449583628
53533,Left,0.9855365439701907,0.014463456029809222
56910,Left,0.7918716242288727,0.20812837577112728
66116,Stayed,0.3143634376887817,0.6856365623112183
22768,Stayed,0.13546945519522002,0.86453054480478
58640,Left,0.9248713726125682,0.07512862738743178
66519,Left,0.6634922444616875,0.3365077555383124
44158,Left,0.790169975708864,0.20983002429113592
8975,Left,0.731433598790399,0.2685664012096009
59505,Left,0.8060383620429765,0.1939616379570235
51412,Left,0.9226142862504288,0.07738571374957119
21422,Left,0.6022361814058038,0.3977638185941962
62507,Left,0.7701881278418667,0.22981187215813323
7030,Left,0.5451827225755292,0.45481727742447076
58120,Left,0.7231246365469065,0.2768753634530935
40891,Left,0.6761167866348684,0.3238832133651316
45499,Left,0.858920044861522,0.1410799551384781
58045,Left,0.7696353270957879,0.2303646729042121
49474,Left,0.6791444630856034,0.32085553691439656
33397,Left,0.6628898625995112,0.33711013740048884
73860,Left,0.892832074964713,0.10716792503528708
65336,Stayed,0.15596779475495004,0.84403220524505
65420,Stayed,0.4011611823544272,0.5988388176455728
345,Stayed,0.04330302879270853,0.9566969712072915
70149,Left,0.5671132677893512,0.4328867322106488
30158,Left,0.9462572968887385,0.05374270311126148
72678,Stayed,0.12354877049990709,0.8764512295000929
629,Left,0.9557395802015879,0.04426041979841209
12956,Stayed,0.025054872788314975,0.974945127211685
36429,Stayed,0.17266980811541066,0.8273301918845893
9591,Left,0.9602493753932932,0.0397506246067068
14889,Left,0.7053490009848158,0.2946509990151842
23335,Stayed,0.1757236437358164,0.8242763562641836
11099,Stayed,0.4726107477431907,0.5273892522568093
21223,Stayed,0.24811055870487875,0.7518894412951213
2389,Left,0.8179652433867804,0.18203475661321955
11984,Left,0.9842212532920968,0.01577874670790325
27103,Left,0.7961869353811059,0.20381306461889412
53434,Stayed,0.25428347039343646,0.7457165296065635
16034,Stayed,0.019576668068227887,0.9804233319317721
42479,Stayed,0.14544193618003476,0.8545580638199652
28398,Stayed,0.19708387633012114,0.8029161236698789
70946,Stayed,0.17118725848810312,0.8288127415118969
38480,Stayed,0.411353594551804,0.588646405448196
59176,Stayed,0.04424183150709238,0.9557581684929076
62027,Left,0.5054311651154053,0.49456883488459463
5842,Stayed,0.4212372160660143,0.5787627839339857
29332,Stayed,0.11899499525439117,0.8810050047456088
37990,Stayed,0.16462472320623778,0.8353752767937622
59207,Left,0.8771389611512702,0.12286103884872983
38423,Left,0.7833725054373943,0.2166274945626057
49865,Left,0.8385802138132791,0.16141978618672095
10951,Left,0.7178878703391278,0.28211212966087224
73222,Stayed,0.32907989289030215,0.6709201071096978
65326,Left,0.605769086579151,0.39423091342084904
3565,Stayed,0.053286923852730816,0.9467130761472692
22510,Left,0.7419101796547956,0.2580898203452044
74321,Stayed,0.1777271986387624,0.8222728013612376
2236,Stayed,0.04367417165100096,0.956325828348999
49741,Stayed,0.27300838973638675,0.7269916102636133
34620,Left,0.9768625688959328,0.0231374311040672
12929,Stayed,0.16463092218637287,0.8353690778136271
70448,Stayed,0.0786102975747488,0.9213897024252512
58077,Stayed,0.0868991534661725,0.9131008465338275
35275,Left,0.7207926792431977,0.2792073207568023
42791,Stayed,0.0076329760840836425,0.9923670239159164
11920,Left,0.5306509178735735,0.46934908212642645
56266,Left,0.7185222928147483,0.28147770718525167
67866,Stayed,0.13999831388697836,0.8600016861130216
39671,Stayed,0.0634872771287216,0.9365127228712784
25870,Left,0.7241336709902311,0.2758663290097689
10406,Stayed,0.0675273180120951,0.9324726819879049
9058,Left,0.5914982319999942,0.4085017680000058
12695,Left,0.9429217568043416,0.05707824319565833
24383,Left,0.9069470675253125,0.09305293247468745
23964,Left,0.749735229565036,0.250264770434964
17148,Left,0.5288285113633253,0.4711714886366747
5422,Left,0.9504335733981629,0.049566426601837126
56770,Stayed,0.3754412894998742,0.6245587105001258
19271,Left,0.5243211773544196,0.4756788226455804
813,Stayed,0.4069814370480638,0.5930185629519362
17371,Stayed,0.30038565198469536,0.6996143480153046
59663,Stayed,0.48978879895763827,0.5102112010423617
63491,Left,0.8206281912653742,0.1793718087346258
1002,Stayed,0.49432996056852163,0.5056700394314784
59955,Left,0.9597840269505891,0.04021597304941092
54592,Left,0.6461244762296777,0.3538755237703223
52013,Left,0.7042432664098479,0.29575673359015214
1439,Stayed,0.34625415866056963,0.6537458413394304
46537,Left,0.6997887915312774,0.3002112084687226
47871,Left,0.53432096866094,0.46567903133906
66470,Left,0.5012541125568659,0.4987458874431341
67125,Stayed,0.47870156443593037,0.5212984355640696
6822,Stayed,0.17352680792803654,0.8264731920719635
56285,Left,0.9410502889796998,0.05894971102030025
15751,Stayed,0.38344720447807645,0.6165527955219235
35956,Stayed,0.0010143877544046553,0.9989856122455953
51237,Left,0.6573780207892745,0.3426219792107255
50133,Left,0.6444027225191928,0.3555972774808071
9456,Left,0.8032693373237705,0.19673066267622952
8751,Left,0.9345604395266353,0.06543956047336479
47023,Stayed,0.39047571894344824,0.6095242810565518
4093,Left,0.8984097402359352,0.10159025976406483
10528,Stayed,0.005376246131150286,0.9946237538688497
7784,Left,0.9221282888516014,0.07787171114839864
45136,Left,0.7843320106075725,0.21566798939242748
26224,Left,0.6675124989847148,0.33248750101528524
66686,Left,0.6293137356300322,0.3706862643699677
714,Left,0.8042748807598568,0.19572511924014319
40767,Left,0.5657030141213324,0.43429698587866755
52584,Stayed,0.4352018185359121,0.5647981814640879
72472,Left,0.8478049521596546,0.15219504784034546
35692,Left,0.7808966913089379,0.21910330869106212
61552,Left,0.5182560974028572,0.48174390259714284
61661,Left,0.9917900893259085,0.008209910674091474
17480,Left,0.6392843375797795,0.36071566242022046
16452,Left,0.7099471594202142,0.2900528405797858
60073,Left,0.8465136935163297,0.15348630648367034
58279,Left,0.9393600902100508,0.060639909789949126
12045,Stayed,0.21460638976811042,0.7853936102318896
73704,Left,0.7864482116740181,0.21355178832598187
4405,Left,0.8796218049413196,0.12037819505868043
46859,Left,0.9767679884457982,0.0232320115542018
73413,Stayed,0.4118192746694981,0.5881807253305019
15551,Left,0.9477591882152893,0.05224081178471071
18479,Stayed,0.18930964218850088,0.8106903578114991
73078,Stayed,0.4084834586401732,0.5915165413598268
49889,Left,0.8041637488069717,0.19583625119302822
28472,Stayed,0.09966316912599815,0.9003368308740018
64769,Stayed,0.3362714363746616,0.6637285636253384
5090,Stayed,0.49857667125686633,0.5014233287431337
27935,Left,0.8445333864987236,0.1554666135012764
2869,Stayed,0.012255532419949366,0.9877444675800506
9412,Left,0.9796095687492278,0.020390431250772233
20497,Stayed,0.18210483908576958,0.8178951609142304
3616,Stayed,0.3604928956991078,0.6395071043008922
61520,Left,0.7516838168194587,0.2483161831805413
40764,Left,0.8769120147829501,0.1230879852170499
7593,Left,0.899546472184502,0.10045352781549799
64555,Left,0.694778083748061,0.305221916251939
30335,Left,0.6360217938096313,0.36397820619036864
28459,Stayed,0.010547441937975632,0.9894525580620244
64968,Stayed,0.09822264132320047,0.9017773586767995
45828,Stayed,0.07719549006976745,0.9228045099302326
41708,Left,0.9672468498255555,0.032753150174444454
19760,Stayed,0.4902809986523413,0.5097190013476587
17421,Stayed,0.4016626381694115,0.5983373618305885
33467,Left,0.6467376780874996,0.35326232191250045
17265,Stayed,0.05822193345196092,0.9417780665480391
24057,Left,0.6342309007843684,0.3657690992156316
28679,Stayed,0.0970298565852521,0.9029701434147479
61086,Stayed,0.08190031393567854,0.9180996860643215
55063,Left,0.552859439819835,0.44714056018016496
32654,Left,0.5381822156228491,0.46181778437715093
56120,Stayed,0.11220311111757197,0.887796888882428
10222,Stayed,0.35494365672362604,0.645056343276374
68017,Left,0.8080959761200184,0.19190402387998162
38860,Stayed,0.45031392278063576,0.5496860772193642
69577,Left,0.8662229564922846,0.13377704350771533
17349,Stayed,0.45154411373651926,0.5484558862634807
68563,Stayed,0.2010484914699916,0.7989515085300084
67778,Left,0.8769074605804751,0.12309253941952489
21178,Stayed,0.19464917625799327,0.8053508237420067
31206,Stayed,0.012923659109521757,0.9870763408904782
53514,Stayed,0.409787366636423,0.590212633363577
55639,Left,0.8303817539100582,0.1696182460899418
6248,Stayed,0.06318032647598026,0.9368196735240197
12082,Left,0.6948770147861438,0.30512298521385617
65428,Left,0.6383932143459118,0.3616067856540882
62242,Left,0.927673131789466,0.07232686821053402
47268,Left,0.8219310998774337,0.17806890012256624
801,Left,0.8992064439805327,0.10079355601946732
4791,Left,0.9623985624535043,0.037601437546495656
10592,Left,0.77703605525067,0.22296394474932998
54258,Left,0.796012635679525,0.20398736432047504
57692,Stayed,0.370409016533207,0.629590983466793
37238,Stayed,0.25620175507765874,0.7437982449223413
69766,Left,0.5141683163637536,0.4858316836362464
1035,Stayed,0.23275139874522355,0.7672486012547765
27859,Left,0.7845072378662753,0.21549276213372467
20439,Stayed,0.4300803961856875,0.5699196038143125
53813,Stayed,0.10600355732413236,0.8939964426758676
4616,Stayed,0.27322517206458696,0.726774827935413
13505,Stayed,0.3637318672310723,0.6362681327689277
34964,Left,0.8877309214063204,0.11226907859367963
53151,Stayed,0.4586278069358317,0.5413721930641683
37637,Stayed,0.1653847939395372,0.8346152060604628
61072,Left,0.868640471079989,0.13135952892001104
41057,Left,0.5201195683941817,0.4798804316058182
56091,Stayed,0.36872577969089093,0.6312742203091091
20914,Left,0.8331869291198758,0.16681307088012418
59912,Stayed,0.005099833713644197,0.9949001662863558
3789,Left,0.6194676355363591,0.3805323644636409
63223,Stayed,0.2389996914698711,0.7610003085301289
28685,Stayed,0.3047691972099089,0.6952308027900911
43329,Left,0.6781613549821877,0.32183864501781234
2804,Stayed,0.374451002371912,0.625548997628088
26169,Stayed,0.24851870712752344,0.7514812928724766
45614,Left,0.7031846737390987,0.29681532626090135
32605,Stayed,0.03460458650635834,0.9653954134936417
74122,Stayed,0.38466310821220884,0.6153368917877912
30218,Left,0.6620299969651795,0.33797000303482044
30575,Left,0.7385236930169566,0.26147630698304336
9343,Stayed,0.1575052637879546,0.8424947362120454
46677,Stayed,0.04682693698702256,0.9531730630129774
52177,Left,0.8180378689218794,0.18196213107812065
34990,Stayed,0.003716628920776066,0.9962833710792239
3979,Left,0.8309099099546209,0.16909009004537917
42367,Left,0.8345775272033837,0.16542247279661632
22038,Stayed,0.2471125830905353,0.7528874169094647
70439,Stayed,0.1632481598850587,0.8367518401149413
30343,Left,0.672403955181143,0.32759604481885696
3936,Stayed,0.4328050445946806,0.5671949554053194
52227,Stayed,0.12285385800209536,0.8771461419979046
25830,Stayed,0.2914959790375071,0.7085040209624929
60415,Left,0.9325259573477739,0.0674740426522261
44720,Stayed,0.03998914726643077,0.9600108527335692
3855,Stayed,0.13084948183909706,0.8691505181609029
40949,Stayed,0.10321675866740476,0.8967832413325952
14895,Left,0.9710133904696989,0.028986609530301074
64332,Stayed,0.1113897340106228,0.8886102659893772
71295,Left,0.6201333574931416,0.3798666425068584
57317,Stayed,0.27344215438730823,0.7265578456126918
3415,Stayed,0.3374456938897251,0.6625543061102749
843,Stayed,0.0017670083474901066,0.9982329916525099
17412,Stayed,0.11784808818240722,0.8821519118175928
65965,Left,0.740544096695231,0.2594559033047689
31274,Left,0.8745089219081044,0.12549107809189564
13702,Stayed,0.18460295554540684,0.8153970444545932
21843,Left,0.6058980280911302,0.39410197190886975
19305,Stayed,0.36632999596938953,0.6336700040306105
69948,Stayed,0.222119619269459,0.777880380730541
44034,Left,0.8411152410675939,0.158884758932406
41258,Stayed,0.41980194386716896,0.580198056132831
26814,Left,0.879286213785863,0.12071378621413702
44341,Left,0.9378402658652499,0.062159734134750066
22787,Left,0.5219313803710568,0.47806861962894315
12185,Stayed,0.31925146873098464,0.6807485312690154
21899,Left,0.6291823180361229,0.3708176819638771
67177,Stayed,0.4772310001515927,0.5227689998484073
12752,Stayed,0.14179443314433993,0.8582055668556601
58130,Left,0.7017682346674161,0.2982317653325839
72065,Stayed,0.3713288905466914,0.6286711094533086
63024,Left,0.8876810484853838,0.11231895151461627
55114,Stayed,0.49988771667663545,0.5001122833233645
32947,Stayed,0.014356752841190978,0.985643247158809
25311,Stayed,0.37208339774407795,0.627916602255922
68123,Stayed,0.4152474134169005,0.5847525865830995
38022,Stayed,0.20071429842097743,0.7992857015790226
36786,Stayed,0.003563055324140474,0.9964369446758595
44686,Stayed,0.37483043401151717,0.6251695659884828
66142,Left,0.8044577629930253,0.19554223700697473
58821,Left,0.6395461529470796,0.36045384705292044
19425,Left,0.8382663873771591,0.1617336126228409
66892,Left,0.6806620410032442,0.31933795899675577
64819,Stayed,0.14638854305829407,0.8536114569417059
22257,Left,0.5250519204779278,0.4749480795220722
49314,Stayed,0.3414661652510952,0.6585338347489048
31151,Stayed,0.3092424321068442,0.6907575678931558
674,Left,0.8281816810931345,0.1718183189068655
41662,Stayed,0.10968230106579169,0.8903176989342083
49534,Stayed,0.12808680550186036,0.8719131944981396
71218,Stayed,0.06619565770132418,0.9338043422986758
18094,Stayed,0.362708742726376,0.637291257273624
54758,Left,0.9409390888374884,0.059060911162511505
55061,Stayed,0.4898423808157477,0.5101576191842523
9468,Left,0.5555265946895006,0.4444734053104994
24391,Stayed,0.23194025643044325,0.7680597435695568
54198,Left,0.7221583258594595,0.2778416741405405
33164,Stayed,0.03310221634435029,0.9668977836556497
38147,Stayed,0.03398674075190622,0.9660132592480938
20904,Left,0.8200690777899469,0.17993092221005316
45126,Left,0.7036695899959112,0.2963304100040888
18294,Stayed,0.2508311690159457,0.7491688309840543
48180,Stayed,0.41280831935901996,0.58719168064098
50836,Left,0.8768839506441316,0.12311604935586841
3009,Stayed,0.08687817768160244,0.9131218223183976
21863,Left,0.9757398584994537,0.024260141500546298
15014,Left,0.624899503375484,0.37510049662451606
59377,Stayed,0.0391596703208158,0.9608403296791842
54566,Left,0.8710655484737815,0.12893445152621855
66460,Left,0.9790419463383526,0.02095805366164737
72404,Left,0.6298306846224505,0.3701693153775495
16107,Stayed,0.4766828503226448,0.5233171496773552
2477,Left,0.944964274637009,0.055035725362990943
73592,Left,0.804610750186215,0.19538924981378497
65577,Left,0.6299425880097332,0.37005741199026676
36522,Left,0.6000188937418516,0.39998110625814837
36763,Left,0.5540283190011253,0.4459716809988748
46202,Left,0.5540658591737013,0.44593414082629873
51981,Left,0.6277500882365079,0.37224991176349215
52826,Stayed,0.338163858927223,0.661836141072777
56340,Left,0.7287637226648742,0.27123627733512573
3717,Left,0.5217344394684226,0.4782655605315774
39298,Stayed,0.4842518463210289,0.5157481536789711
5789,Stayed,0.0636399005534819,0.9363600994465181
70528,Stayed,0.026397362765806842,0.9736026372341932
23820,Stayed,0.10985984967000739,0.8901401503299926
31034,Stayed,0.43373637708036117,0.5662636229196388
8312,Stayed,0.07930753592856798,0.920692464071432
47066,Stayed,0.25679575020088696,0.743204249799113
14464,Left,0.9174558793711184,0.08254412062888165
850,Left,0.5566250992374735,0.4433749007625265
50856,Stayed,0.04856309307049411,0.9514369069295059
63440,Left,0.8070631683272168,0.19293683167278322
65431,Left,0.6575709659601152,0.3424290340398847
17877,Left,0.6643819433888958,0.33561805661110417
21328,Stayed,0.39458004941007974,0.6054199505899203
6842,Left,0.7365760177117504,0.26342398228824954
6996,Left,0.6323618140974605,0.36763818590253944
62306,Left,0.97242153320454,0.02757846679546007
63304,Stayed,0.33184323558155404,0.668156764418446
44856,Stayed,0.15160660008839433,0.8483933999116057
55739,Left,0.9049644893807515,0.09503551061924853
41713,Stayed,0.06352285166665406,0.9364771483333459
72806,Stayed,0.06235817545563915,0.9376418245443608
44754,Stayed,0.4349367153810586,0.5650632846189414
50805,Left,0.819132056530277,0.180867943469723
52226,Stayed,0.15505753637652198,0.844942463623478
10345,Stayed,0.24099101768422926,0.7590089823157707
22847,Left,0.6720202059433668,0.32797979405663324
56940,Stayed,0.16555578113620362,0.8344442188637964
37725,Left,0.698521108620769,0.30147889137923106
8265,Stayed,0.04287303449477309,0.9571269655052269
60427,Stayed,0.07113987294493562,0.9288601270550644
33906,Stayed,0.06527610253401994,0.9347238974659801
66603,Left,0.9831580807609577,0.01684191923904234
32546,Stayed,0.1667156134885669,0.8332843865114331
11888,Left,0.9222752468915768,0.07772475310842321
37435,Stayed,0.09689140243478511,0.9031085975652149
2314,Left,0.699787015189309,0.30021298481069103
43670,Stayed,0.08188868284367401,0.918111317156326
29227,Stayed,0.1874425406821425,0.8125574593178575
73053,Stayed,0.13643302731609142,0.8635669726839086
54537,Stayed,0.003232995942044292,0.9967670040579557
18023,Stayed,0.2855473111112603,0.7144526888887397
61545,Stayed,0.1378507489111983,0.8621492510888017
30408,Left,0.9385635405548045,0.061436459445195546
28101,Stayed,0.4201923851120821,0.5798076148879179
56914,Stayed,0.24920982461469776,0.7507901753853022
30293,Stayed,0.4611594238083967,0.5388405761916033
73880,Left,0.5586283602238253,0.4413716397761746
42994,Stayed,0.13243233523587505,0.867567664764125
55404,Left,0.8124221128421245,0.18757788715787546
17517,Left,0.7360154634477394,0.26398453655226056
21995,Left,0.6770577651866909,0.3229422348133091
51284,Left,0.8772631476256809,0.12273685237431908
15747,Left,0.538304326835085,0.461695673164915
15040,Stayed,0.15374622017188755,0.8462537798281125
35792,Stayed,0.05513437633550655,0.9448656236644934
30748,Stayed,0.22651738656786835,0.7734826134321316
58728,Stayed,0.3338871784967692,0.6661128215032308
24852,Left,0.9610121268657528,0.03898787313424718
54815,Stayed,0.032762377537758125,0.9672376224622419
42699,Left,0.8424817270248693,0.15751827297513069
471,Stayed,0.36113372911170294,0.6388662708882971
36388,Left,0.9375247055542566,0.0624752944457434
47095,Stayed,0.31650415402024956,0.6834958459797504
26830,Left,0.8614823382030942,0.1385176617969058
39834,Left,0.8513544434417784,0.14864555655822168
51222,Stayed,0.20622245665464511,0.7937775433453549
25000,Left,0.9550080123710603,0.044991987628939696
6035,Left,0.6955925799487062,0.30440742005129384
8257,Left,0.8814780348932967,0.11852196510670335
20541,Stayed,0.008841747876966344,0.9911582521230337
58513,Left,0.9915968938102716,0.008403106189728374
27440,Stayed,0.2234967403153243,0.7765032596846757
42242,Stayed,0.35821596393922894,0.6417840360607711
60065,Stayed,0.4082630066315851,0.5917369933684149
68275,Left,0.6402258041088593,0.35977419589114074
30318,Stayed,0.3863421640506123,0.6136578359493877
31733,Left,0.6835582339541468,0.3164417660458531
6146,Stayed,0.003690958877957895,0.9963090411220421
35300,Stayed,0.4636156299585662,0.5363843700414338
9521,Left,0.5729873421862646,0.42701265781373543
37429,Stayed,0.3304750940671074,0.6695249059328926
44177,Left,0.96553544888216,0.034464551117839984
5370,Stayed,0.029617701264118,0.970382298735882
29891,Left,0.5990799689621036,0.4009200310378964
45352,Stayed,0.42635956055807256,0.5736404394419274
67968,Left,0.7000351398794216,0.29996486012057844
4558,Stayed,0.33805158202686303,0.661948417973137
12729,Stayed,0.03872779349976829,0.9612722065002317
41482,Left,0.683979686653386,0.316020313346614
13601,Left,0.5829657215028751,0.41703427849712493
65595,Left,0.7476676803702768,0.25233231962972325
20639,Left,0.7234844267514479,0.27651557324855214
24546,Stayed,0.014206550100798077,0.9857934498992019
29711,Left,0.874221628952793,0.12577837104720702
68353,Left,0.9944738312360742,0.005526168763925732
1600,Left,0.7437253330104278,0.25627466698957224
26390,Stayed,0.011076066340184987,0.988923933659815
51247,Left,0.7649721540377368,0.2350278459622632
25439,Stayed,0.4047665390424423,0.5952334609575577
25027,Left,0.8521871359956203,0.14781286400437962
35146,Left,0.673608775307668,0.326391224692332
48131,Left,0.6376624508703657,0.36233754912963434
33947,Stayed,0.018987479915563044,0.981012520084437
61659,Left,0.6986938774412248,0.30130612255877526
26307,Left,0.751078830240533,0.248921169759467
22307,Left,0.86611540020132,0.13388459979867992
68825,Stayed,0.2290266730278251,0.7709733269721749
73142,Stayed,0.18328765471082653,0.8167123452891735
17386,Stayed,0.2226128153378193,0.7773871846621807
63347,Stayed,0.027906785682282775,0.9720932143177172
4205,Stayed,0.331491795065294,0.668508204934706
30883,Left,0.8228580813537129,0.17714191864628714
45263,Left,0.878123760448048,0.12187623955195204
32825,Stayed,0.2687165392173734,0.7312834607826266
71171,Stayed,0.3571877115791203,0.6428122884208797
60626,Left,0.8859924160286982,0.11400758397130188
60449,Stayed,0.15213600567957353,0.8478639943204265
45572,Stayed,0.39345056881560625,0.6065494311843938
38431,Stayed,0.47599758866753006,0.5240024113324699
64740,Left,0.8697321484091226,0.13026785159087736
33983,Stayed,0.3043625389156773,0.6956374610843227
21437,Left,0.906386042031013,0.09361395796898703
70409,Stayed,0.07172481539373399,0.928275184606266
615,Left,0.7844083976869247,0.21559160231307523
27954,Stayed,0.0761926884352625,0.9238073115647375
4876,Stayed,0.4427854279843968,0.5572145720156032
49246,Stayed,0.08758558223735124,0.9124144177626488
96,Stayed,0.08957095270992987,0.9104290472900701
17050,Left,0.5649722413105911,0.4350277586894089
51476,Stayed,0.0546461491797432,0.9453538508202568
28812,Left,0.9551173573072157,0.044882642692784296
53348,Left,0.967161475899015,0.03283852410098503
9857,Left,0.6465494671974603,0.35345053280253963
51394,Left,0.7074522275211352,0.2925477724788648
45628,Stayed,0.27420323199969054,0.7257967680003095
13151,Stayed,0.3251828060580939,0.6748171939419061
2512,Stayed,0.47679565526477363,0.5232043447352264
25829,Stayed,0.22061334436366942,0.7793866556363306
21936,Left,0.5220385240161997,0.47796147598380034
19177,Left,0.7764769856481228,0.2235230143518771
56112,Left,0.7327093419301676,0.2672906580698324
36033,Left,0.7062528166869579,0.2937471833130421
35769,Left,0.8127013285430782,0.18729867145692183
45357,Stayed,0.3783912900480805,0.6216087099519195
20223,Left,0.9611843303188051,0.038815669681194875
61722,Stayed,0.34382251581270673,0.6561774841872933
49668,Stayed,0.3997768722639663,0.6002231277360337
14500,Stayed,0.3553059530464131,0.6446940469535869
17818,Stayed,0.24073008530513318,0.7592699146948668
47041,Left,0.7817634336996342,0.21823656630036586
42614,Left,0.7666780664042506,0.23332193359574938
71133,Stayed,0.48908429739775594,0.5109157026022441
31998,Stayed,0.0033189617818689676,0.996681038218131
66060,Left,0.5020601337657009,0.49793986623429914
40356,Stayed,0.42435585410206667,0.5756441458979333
73857,Left,0.829326996416417,0.17067300358358295
281,Left,0.6681236686987516,0.3318763313012484
3788,Stayed,0.3717860216753234,0.6282139783246766
20136,Stayed,0.30185460655833773,0.6981453934416623
72840,Left,0.8779574681336388,0.12204253186636121
47122,Stayed,0.07615912875146214,0.9238408712485379
73423,Stayed,0.45893397913142353,0.5410660208685765
74446,Stayed,0.41485765092090787,0.5851423490790921
7878,Left,0.8006593198053482,0.1993406801946518
30617,Left,0.8662561647662141,0.13374383523378583
58703,Stayed,0.08024445094101973,0.9197555490589803
35616,Left,0.5880680317505902,0.4119319682494098
22975,Stayed,0.04780116966243897,0.952198830337561
51328,Left,0.9655088837802869,0.03449111621971312
67896,Left,0.8187290595057141,0.1812709404942859
62951,Left,0.7894361968519269,0.2105638031480731
19650,Stayed,0.3590413581657833,0.6409586418342167
32019,Stayed,0.4013230509842387,0.5986769490157613
26069,Stayed,0.06206759810062923,0.9379324018993708
65578,Left,0.9453363643608752,0.054663635639124755
38706,Stayed,0.001283495144087432,0.9987165048559126
51176,Stayed,0.4133611877481209,0.5866388122518791
12552,Stayed,0.2469745044200523,0.7530254955799477
25097,Left,0.5631090384872088,0.4368909615127912
51346,Stayed,0.02923170287064536,0.9707682971293546
58489,Left,0.6822214642580766,0.31777853574192333
51345,Stayed,0.031764230269191174,0.9682357697308088
27287,Stayed,0.15736144821045173,0.8426385517895483
41022,Left,0.8354942951117633,0.1645057048882367
59518,Stayed,0.2871890374594205,0.7128109625405795
30306,Stayed,0.00864104836176871,0.9913589516382313
19162,Left,0.7988734618433029,0.2011265381566971
50168,Left,0.9141086455524005,0.08589135444759954
73670,Left,0.5832528257206876,0.4167471742793124
1593,Stayed,0.39067637993018467,0.6093236200698153
71697,Left,0.7105180104225008,0.2894819895774992
29044,Left,0.776888485855792,0.22311151414420807
19682,Left,0.8291037424972254,0.17089625750277462
55303,Stayed,0.06483194846109652,0.9351680515389035
65220,Stayed,0.49519261979888485,0.5048073802011152
29616,Left,0.6034442198709163,0.39655578012908366
9842,Left,0.9583513341778729,0.04164866582212716
12490,Left,0.9446191769093613,0.0553808230906387
53110,Stayed,0.2882231241890201,0.7117768758109799
73324,Stayed,0.1726482000387365,0.8273517999612635
6844,Left,0.5337135332874685,0.4662864667125315
26792,Left,0.7322961014164673,0.2677038985835328
39482,Stayed,0.40395750581769874,0.5960424941823013
32347,Stayed,0.3741097534789102,0.6258902465210898
70452,Left,0.8556327067604215,0.1443672932395786
32433,Stayed,0.031198994251024126,0.9688010057489759
47699,Stayed,0.11769304783946721,0.8823069521605328
29369,Stayed,0.2341848510935688,0.7658151489064312
60478,Stayed,0.028636857919318803,0.9713631420806812
38483,Left,0.6044695178729722,0.3955304821270278
27250,Stayed,0.02656248178927556,0.9734375182107244
967,Stayed,0.06817118980476411,0.9318288101952359
62265,Stayed,0.34921525308506585,0.6507847469149342
34746,Stayed,0.14515518294111418,0.8548448170588858
17590,Stayed,0.08919596940834262,0.9108040305916574
65504,Left,0.830363610719533,0.16963638928046698
21370,Left,0.7105006873896575,0.2894993126103424
48467,Left,0.7317917531571775,0.2682082468428225
39330,Left,0.6419707052401447,0.3580292947598554
23788,Stayed,0.030509144039728153,0.9694908559602718
48886,Left,0.5493364917163545,0.45066350828364554
35595,Left,0.9329608523705009,0.06703914762949911
11048,Left,0.9407221020959691,0.05927789790403089
53189,Left,0.9262078747391149,0.07379212526088509
21624,Left,0.6693143901050016,0.3306856098949984
55489,Stayed,0.01163033540425662,0.9883696645957434
61949,Stayed,0.16630545612245884,0.8336945438775412
68943,Left,0.6852432428751707,0.31475675712482926
31432,Stayed,0.11840714640149175,0.8815928535985083
37055,Left,0.5435717455095161,0.4564282544904838
20665,Left,0.5782434956194158,0.4217565043805842
9215,Stayed,0.003984740094182482,0.9960152599058175
31606,Left,0.5047902434080421,0.4952097565919579
5212,Left,0.9110654568206553,0.08893454317934463
13478,Stayed,0.257748751388016,0.742251248611984
7782,Left,0.9421854932437604,0.05781450675623954
8551,Stayed,0.3194468802525531,0.6805531197474469
2329,Left,0.6984293682694441,0.30157063173055587
19248,Stayed,0.3981587649864786,0.6018412350135214
4917,Left,0.726551695250564,0.273448304749436
12458,Stayed,0.1114252004394366,0.8885747995605634
51606,Stayed,0.24044242713506325,0.7595575728649367
12061,Left,0.5363420220071131,0.46365797799288694
1296,Stayed,0.22429714387672417,0.7757028561232758
41104,Stayed,0.1801388130616174,0.8198611869383826
25502,Stayed,0.2153668897251808,0.7846331102748192
62836,Left,0.5731652537691891,0.4268347462308108
5626,Left,0.5322024332240771,0.4677975667759228
52932,Stayed,0.005993731245828915,0.9940062687541711
159,Left,0.8670191562930418,0.13298084370695815
4626,Left,0.6621429012408486,0.3378570987591514
9739,Left,0.5942082743790629,0.4057917256209372
48248,Stayed,0.45330160230974037,0.5466983976902596
59350,Left,0.9379652580298047,0.06203474197019529
22884,Stayed,0.22308407416427423,0.7769159258357258
11142,Stayed,0.23514424807273426,0.7648557519272657
22542,Left,0.8283834637985258,0.17161653620147418
23336,Left,0.8298073456290092,0.1701926543709909
19558,Left,0.9006641982551871,0.09933580174481295
32187,Left,0.9421014384110957,0.057898561588904246
37790,Stayed,0.3464166183569747,0.6535833816430253
17347,Left,0.8430685671917089,0.15693143280829114
74164,Left,0.8816828606781368,0.1183171393218632
9890,Stayed,0.0016676958959622734,0.9983323041040377
12410,Left,0.6154239260482205,0.3845760739517795
50061,Stayed,0.31856533306815604,0.681434666931844
67572,Stayed,0.2645491897515204,0.7354508102484796
72307,Left,0.7265372622883968,0.2734627377116033
28609,Stayed,0.16363407443215572,0.8363659255678443
2744,Left,0.5270341215824501,0.47296587841754995
47083,Stayed,0.1491524781454251,0.8508475218545749
8373,Left,0.909310049203862,0.09068995079613798
57962,Left,0.5907800080190049,0.40921999198099507
54865,Left,0.7081347592258015,0.2918652407741985
23160,Left,0.7157245425899164,0.2842754574100836
8833,Left,0.9740752940167126,0.02592470598328741
21887,Left,0.8789309996223058,0.12106900037769416
57161,Stayed,0.3661890733341475,0.6338109266658525
56990,Left,0.6305560876546632,0.36944391234533686
26138,Left,0.8698523995773195,0.13014760042268048
23970,Stayed,0.30468164680066434,0.6953183531993357
52339,Left,0.5788299263686509,0.421170073631349
65979,Stayed,0.3928925492180543,0.6071074507819457
26970,Stayed,0.27726515559948894,0.7227348444005111
63252,Left,0.8536081341972832,0.14639186580271685
57430,Stayed,0.23502173745187505,0.764978262548125
36276,Left,0.609933287616404,0.390066712383596
13020,Stayed,0.49451686336763545,0.5054831366323645
57512,Stayed,0.4927827302848602,0.5072172697151398
17156,Left,0.6168074489131774,0.38319255108682265
9581,Stayed,0.0701171593487665,0.9298828406512335
23130,Left,0.9148590107908233,0.08514098920917665
23698,Left,0.9457898821952806,0.054210117804719384
41853,Stayed,0.060151525777468295,0.9398484742225317
3860,Left,0.6891192608707877,0.3108807391292124
47044,Left,0.5953276197141233,0.4046723802858767
69129,Left,0.7065100282702017,0.29348997172979835
73526,Left,0.7040975423546545,0.29590245764534545
31693,Stayed,0.10454967153194616,0.8954503284680538
1599,Stayed,0.26811476144710955,0.7318852385528904
73797,Left,0.6758266145499803,0.3241733854500197
27919,Left,0.7152865753301956,0.28471342466980437
5658,Stayed,0.09447866972727259,0.9055213302727274
64862,Stayed,0.18408764338859307,0.8159123566114069
5639,Left,0.5379794623876506,0.4620205376123494
17721,Left,0.9704218021908121,0.029578197809187953
16188,Stayed,0.3414463913707182,0.6585536086292818
53192,Stayed,0.038283549295592745,0.9617164507044073
51816,Left,0.5359423747186987,0.46405762528130134
13823,Stayed,0.21156930944444774,0.7884306905555523
42152,Left,0.6084950598554322,0.39150494014456777
47800,Stayed,0.41139983904630206,0.5886001609536979
30292,Left,0.7969840412026327,0.20301595879736734
8589,Left,0.8893791047772192,0.11062089522278082
14577,Left,0.8765838269609002,0.12341617303909984
58833,Left,0.5718657237427442,0.4281342762572558
32452,Stayed,0.3986389842073639,0.6013610157926361
18572,Left,0.7173826266159788,0.28261737338402115
39467,Left,0.6404205173312272,0.35957948266877277
33843,Left,0.8355625665384635,0.16443743346153647
33016,Left,0.6773072654514464,0.32269273454855363
51867,Stayed,0.02263583421712545,0.9773641657828745
33464,Left,0.9460885613505547,0.053911438649445295
22933,Left,0.8380555569279411,0.16194444307205885
18859,Stayed,0.08449868480063938,0.9155013151993606
19954,Left,0.7176491929282776,0.2823508070717225
64344,Stayed,0.0018926210133527466,0.9981073789866473
10352,Stayed,0.1962355599538521,0.8037644400461479
67019,Stayed,0.0014117893843841323,0.9985882106156159
48122,Left,0.9619896171615703,0.03801038283842974
27959,Stayed,0.04026724814531002,0.95973275185469
21679,Stayed,0.3484126582577357,0.6515873417422643
69026,Left,0.9397330813952324,0.06026691860476764
13722,Stayed,0.08409526789879507,0.9159047321012049
12773,Left,0.7025351336258323,0.2974648663741677
33944,Left,0.5381648053812775,0.46183519461872247
71298,Left,0.7116863179877617,0.2883136820122382
65413,Left,0.859399966695177,0.1406000333048229
53845,Left,0.8428188334566302,0.15718116654336978
8937,Stayed,0.043853348116242086,0.9561466518837579
60276,Stayed,0.40886656781581243,0.5911334321841876
3503,Stayed,0.0587237359728342,0.9412762640271658
60995,Left,0.7504284502918142,0.24957154970818585
58443,Stayed,0.4452962883292274,0.5547037116707726
15123,Stayed,0.46778525837742824,0.5322147416225718
50091,Stayed,0.06265900157410653,0.9373409984258935
63630,Left,0.7591895099208938,0.24081049007910613
4587,Left,0.9716595837142175,0.02834041628578251
74304,Left,0.7972613990787283,0.2027386009212717
67138,Left,0.9016646149708041,0.09833538502919596
54617,Left,0.7854282047130676,0.21457179528693235
4661,Stayed,0.30510553552694286,0.6948944644730571
38669,Left,0.6996723144746736,0.3003276855253264
62380,Stayed,0.271915125261325,0.728084874738675
17893,Stayed,0.3527192418188093,0.6472807581811907
19847,Left,0.9542236975222688,0.04577630247773123
20348,Left,0.5619753800872147,0.43802461991278524
53504,Left,0.7304992586473107,0.26950074135268937
28954,Left,0.9697960869664631,0.03020391303353689
71097,Left,0.642543962085588,0.3574560379144121
56474,Left,0.534681210588027,0.465318789411973
48722,Left,0.9570011267846311,0.04299887321536887
50812,Left,0.9210117153052562,0.07898828469474387
70605,Left,0.649939163968742,0.350060836031258
48492,Left,0.5631531096865895,0.4368468903134105
56040,Left,0.582691290184634,0.417308709815366
39491,Left,0.9248285736384193,0.07517142636158074
52762,Stayed,0.16870265087194125,0.8312973491280587
13621,Left,0.5447377268718402,0.4552622731281598
8619,Left,0.8722600986560495,0.1277399013439505
13132,Left,0.8928707640793668,0.10712923592063321
63585,Left,0.6003730913552131,0.3996269086447869
19182,Stayed,0.1785372317796181,0.8214627682203819
16775,Stayed,0.24714526343377918,0.7528547365662208
5477,Left,0.8270332109421732,0.17296678905782686
36711,Stayed,0.26587145950585267,0.7341285404941473
32943,Stayed,0.09474487571057577,0.9052551242894242
56722,Left,0.9844457753044947,0.01555422469550524
46491,Left,0.7491852444317416,0.2508147555682584
4725,Left,0.60865763390291,0.3913423660970901
38578,Stayed,0.3072242068717793,0.6927757931282207
19720,Stayed,0.035202643416869406,0.9647973565831306
41260,Left,0.5937558657791089,0.4062441342208911
19186,Left,0.5078992172883903,0.4921007827116098
41087,Left,0.7006251511672257,0.2993748488327744
53822,Left,0.5135233034127458,0.4864766965872542
30310,Stayed,0.02853354280487952,0.9714664571951205
29339,Stayed,0.3876994379107642,0.6123005620892358
3646,Stayed,0.11916703668811945,0.8808329633118805
46379,Stayed,0.0012931633707879975,0.998706836629212
17596,Left,0.8370394677458111,0.1629605322541889
21411,Stayed,0.06200765629868665,0.9379923437013133
1711,Left,0.5890017847399491,0.41099821526005087
57819,Left,0.5374179278820267,0.4625820721179733
24382,Stayed,0.004816629062885269,0.9951833709371147
67757,Stayed,0.4635875096544019,0.5364124903455981
26605,Left,0.7437984331366252,0.2562015668633748
11366,Left,0.9200178567889944,0.07998214321100558
43102,Left,0.622448705641817,0.377551294358183
4385,Left,0.8427877570272053,0.1572122429727947
31663,Stayed,0.23690167102092063,0.7630983289790794
26654,Stayed,0.4573554549870087,0.5426445450129913
51341,Left,0.9069653265634153,0.09303467343658467
26318,Stayed,0.40818591072858323,0.5918140892714168
65294,Left,0.5658981855280989,0.43410181447190116
65591,Left,0.593699383151602,0.40630061684839797
51697,Stayed,0.07239898149528423,0.9276010185047158
37606,Stayed,0.4740067258650026,0.5259932741349974
73504,Stayed,0.3762963808710382,0.6237036191289618
16852,Left,0.6711756440171588,0.32882435598284127
41899,Left,0.6688768046301017,0.3311231953698983
8366,Left,0.8938672896574248,0.10613271034257518
73363,Stayed,0.2157954302889813,0.7842045697110187
4421,Stayed,0.009191469680528419,0.9908085303194716
14304,Left,0.9337729728193574,0.06622702718064255
24809,Stayed,0.1976698477136204,0.8023301522863796
40539,Left,0.577301801575621,0.4226981984243789
43333,Stayed,0.23571130498056947,0.7642886950194305
50588,Left,0.5980541913815043,0.40194580861849577
43878,Left,0.5995970591910662,0.4004029408089338
64109,Left,0.7121747573638638,0.2878252426361362
26344,Stayed,0.4921052434955381,0.5078947565044619
22495,Stayed,0.09610798301117329,0.9038920169888267
63141,Stayed,0.12413336393079932,0.8758666360692007
70723,Left,0.9110668221013333,0.08893317789866673
34280,Stayed,0.44441053775842887,0.5555894622415711
69476,Stayed,0.04279831002572321,0.9572016899742768
29915,Stayed,0.2018403439266121,0.7981596560733879
61231,Left,0.7487650640515964,0.25123493594840357
25820,Left,0.5627223542474524,0.4372776457525475
50264,Stayed,0.21105036168556068,0.7889496383144393
7985,Left,0.6501785343008357,0.3498214656991643
45066,Left,0.5308109268401079,0.4691890731598921
69733,Left,0.5599117151391959,0.44008828486080404
49548,Stayed,0.49286058477327466,0.5071394152267253
32016,Left,0.8011336851657729,0.19886631483422718
10035,Stayed,0.16407018379819738,0.8359298162018026
15348,Left,0.6330751330778752,0.36692486692212484
52844,Stayed,0.35249650205590255,0.6475034979440975
47887,Stayed,0.07370082807403444,0.9262991719259656
21496,Stayed,0.19483976374440526,0.8051602362555947
11988,Left,0.9417752825692968,0.05822471743070325
72000,Left,0.6295175987470305,0.37048240125296955
70062,Left,0.9049350624483132,0.09506493755168673
37916,Left,0.547803779233653,0.45219622076634697
15491,Stayed,0.013520397765747094,0.9864796022342529
27482,Stayed,0.39666510458323456,0.6033348954167654
64013,Left,0.6598213006435247,0.3401786993564752
15562,Stayed,0.15077384155452678,0.8492261584454732
20769,Left,0.8886846351781621,0.11131536482183789
61514,Left,0.6309434733303038,0.36905652666969624
36877,Left,0.8084759871282587,0.19152401287174126
13472,Stayed,0.1221074812241254,0.8778925187758746
19264,Stayed,0.3926264804924765,0.6073735195075235
50745,Stayed,0.2562642942685117,0.7437357057314883
63749,Left,0.8493080245323843,0.15069197546761567
19512,Stayed,0.0226988457769266,0.9773011542230734
30941,Stayed,0.19173822542473484,0.8082617745752652
9233,Stayed,0.11492210702797545,0.8850778929720245
9061,Stayed,0.2276088857786105,0.7723911142213895
45206,Stayed,0.17957688121106596,0.820423118788934
54418,Stayed,0.43208740515557553,0.5679125948444245
64941,Left,0.5487466069057154,0.4512533930942846
50233,Stayed,0.42980839804800486,0.5701916019519951
41351,Stayed,0.11255871367276027,0.8874412863272397
59455,Stayed,0.3650506372983561,0.6349493627016439
71493,Left,0.622444870995823,0.377555129004177
73634,Stayed,0.13963554115454768,0.8603644588454523
22630,Left,0.6531090367415981,0.3468909632584018
11583,Stayed,0.4597837241010885,0.5402162758989115
10566,Stayed,0.0637089149385649,0.9362910850614351
40071,Stayed,0.015239303811487748,0.9847606961885123
52817,Left,0.836020795662205,0.16397920433779503
42174,Stayed,0.32293497507682334,0.6770650249231767
72822,Left,0.9203543635338285,0.07964563646617147
3900,Left,0.9163618830225987,0.08363811697740135
10049,Stayed,0.05371386549262602,0.946286134507374
4720,Left,0.6123001982841072,0.38769980171589286
43569,Left,0.7927241924940702,0.2072758075059298
69168,Left,0.8092145770680561,0.19078542293194392
7614,Stayed,0.0740280946726245,0.9259719053273755
13368,Left,0.790218398437767,0.20978160156223302
25607,Stayed,0.1503443280320872,0.8496556719679128
12112,Stayed,0.3191364548315768,0.6808635451684232
58181,Stayed,0.21372789675016635,0.7862721032498337
13624,Stayed,0.019483645833410224,0.9805163541665898
58288,Left,0.5335631322679598,0.4664368677320402
509,Stayed,0.0008352225452107342,0.9991647774547893
64241,Stayed,0.33403966622740056,0.6659603337725994
33245,Left,0.936767622945437,0.06323237705456297
18108,Stayed,0.22139011280264675,0.7786098871973532
47907,Left,0.8138221135603486,0.18617788643965139
6349,Left,0.9585150428738443,0.04148495712615571
50915,Stayed,0.2809671826136545,0.7190328173863455
52482,Left,0.7678215011387995,0.23217849886120043
49763,Left,0.8307757904519283,0.16922420954807169
71706,Stayed,0.18505262951877788,0.8149473704812221
36602,Left,0.5485402733889717,0.45145972661102834
41523,Left,0.9537438112393422,0.04625618876065785
36457,Stayed,0.17617582483504446,0.8238241751649555
29028,Stayed,0.21587740415355183,0.7841225958464482
70316,Stayed,0.3426848535293686,0.6573151464706314
2820,Stayed,0.28311801842003836,0.7168819815799616
4357,Left,0.91289275135803,0.08710724864196993
27801,Left,0.6218455708772013,0.3781544291227987
73424,Left,0.8340041299296193,0.16599587007038075
60735,Left,0.5243190867897942,0.47568091321020584
63744,Stayed,0.26616276624955404,0.733837233750446
3990,Left,0.9369731644278531,0.0630268355721469
32950,Stayed,0.46525715315554317,0.5347428468444568
48312,Left,0.696229008014539,0.303770991985461
28680,Left,0.821621535065173,0.17837846493482706
22723,Left,0.5437921547370732,0.4562078452629268
49755,Left,0.838794619052487,0.16120538094751305
32606,Left,0.9145435937976407,0.08545640620235934
14882,Stayed,0.13743125872062079,0.8625687412793792
61059,Stayed,0.20079645986123784,0.7992035401387622
22478,Stayed,0.1875877041340811,0.8124122958659189
11130,Left,0.8273695845234339,0.17263041547656605
58673,Stayed,0.003954443188202705,0.9960455568117973
8479,Left,0.8771010846239641,0.12289891537603588
37301,Left,0.5499589284431702,0.4500410715568298
8933,Left,0.5646416681378268,0.4353583318621732
72512,Stayed,0.3928339042241026,0.6071660957758974
58863,Stayed,0.008876216634934209,0.9911237833650658
58781,Left,0.878846088946456,0.12115391105354403
37804,Left,0.7678535252205128,0.2321464747794872
68756,Left,0.6054239310757927,0.3945760689242073
14793,Left,0.7170789662830521,0.28292103371694793
25165,Stayed,0.34747241748393765,0.6525275825160624
73563,Stayed,0.11617838584177642,0.8838216141582236
53386,Stayed,0.011232857353502657,0.9887671426464973
53666,Left,0.9412805461460836,0.05871945385391638
31303,Left,0.6825361775063483,0.31746382249365174
31581,Left,0.6109978463496845,0.38900215365031554
48026,Left,0.6996003349491461,0.3003996650508539
9352,Left,0.678893909473059,0.32110609052694095
27318,Stayed,0.011535981253567473,0.9884640187464325
72042,Stayed,0.34545168888733413,0.6545483111126659
8908,Left,0.8477481608828292,0.1522518391171708
57920,Stayed,0.13556596297633527,0.8644340370236647
37751,Stayed,0.2782856267326351,0.7217143732673649
53154,Stayed,0.07398350427291345,0.9260164957270866
66675,Stayed,0.4431516053182083,0.5568483946817917
58388,Left,0.6634017986457115,0.3365982013542885
68985,Stayed,0.47404364812560973,0.5259563518743903
68402,Stayed,0.4881808556938334,0.5118191443061666
52481,Stayed,0.203075902830525,0.796924097169475
11373,Stayed,0.47537114096095556,0.5246288590390444
55925,Left,0.660605976784087,0.33939402321591305
7263,Stayed,0.40131772513824726,0.5986822748617527
13993,Stayed,0.08794489154393414,0.9120551084560659
27321,Left,0.836044432501515,0.16395556749848506
2653,Stayed,0.44642889231512206,0.5535711076848779
66689,Stayed,0.08078212247806826,0.9192178775219317
47688,Left,0.7726418611278598,0.22735813887214015
12609,Stayed,0.06683615678759058,0.9331638432124094
11706,Left,0.9459296888817633,0.05407031111823667
33580,Stayed,0.37500186022188486,0.6249981397781151
67934,Stayed,0.22308433774131653,0.7769156622586835
43695,Left,0.8301451595611586,0.1698548404388414
39161,Left,0.8731896020740645,0.12681039792593554
41782,Stayed,0.337311450247717,0.662688549752283
64962,Left,0.9645026133908114,0.03549738660918854
43908,Stayed,0.27213260720471355,0.7278673927952864
74306,Stayed,0.1154361441295465,0.8845638558704535
46299,Stayed,0.2959461847297442,0.7040538152702558
44680,Stayed,0.42340268178127194,0.5765973182187281
47429,Stayed,0.06229425656764187,0.9377057434323581
23026,Left,0.5510577452212329,0.44894225477876715
5217,Stayed,0.3570903864885252,0.6429096135114748
63036,Stayed,0.10679759205604222,0.8932024079439578
57357,Left,0.6935779330747931,0.30642206692520685
21504,Left,0.6524226533182236,0.3475773466817764
69282,Stayed,0.2264946120890864,0.7735053879109136
35673,Stayed,0.3949294853542922,0.6050705146457078
47318,Stayed,0.4011528734104918,0.5988471265895082
2550,Left,0.9577488408432016,0.0422511591567985
42759,Left,0.7621086749103826,0.23789132508961744
25613,Left,0.9949543964631338,0.005045603536866235
38533,Stayed,0.08303929312325753,0.9169607068767425
37864,Left,0.8239493739716262,0.1760506260283738
12897,Stayed,0.023943548818793237,0.9760564511812068
68769,Stayed,0.48577563051826034,0.5142243694817397
67377,Stayed,0.16182434904033094,0.8381756509596691
18622,Stayed,0.37836625182297134,0.6216337481770287
830,Left,0.6947533595415489,0.30524664045845107
26772,Left,0.9315634987914675,0.06843650120853248
51286,Stayed,0.10504877913833743,0.8949512208616626
18179,Stayed,0.33164436154596777,0.6683556384540322
52625,Left,0.8797099588043009,0.12029004119569904
68558,Stayed,0.07025732671030616,0.9297426732896938
47899,Left,0.8164534450551993,0.18354655494480066
72330,Left,0.6992940121680651,0.30070598783193486
1945,Stayed,0.08674838287097031,0.9132516171290297
42452,Stayed,0.22130739888372952,0.7786926011162705
52846,Stayed,0.032753713202987034,0.967246286797013
10455,Left,0.6855096081776502,0.3144903918223498
54511,Left,0.9286722959944231,0.07132770400557681
6628,Stayed,0.06399183906598238,0.9360081609340176
41602,Stayed,0.1007613701772444,0.8992386298227556
61591,Stayed,0.08753792384796488,0.9124620761520351
55198,Stayed,0.0854791238083964,0.9145208761916036
13582,Left,0.9048515680356686,0.09514843196433138
19462,Stayed,0.3652968635130285,0.6347031364869715
70887,Left,0.7045785990122613,0.2954214009877387
15268,Left,0.8619086768842125,0.1380913231157875
29054,Left,0.8765538715342842,0.12344612846571584
15756,Left,0.5053005693095338,0.4946994306904661
9068,Stayed,0.4998814225365269,0.5001185774634731
14970,Left,0.8434621369375966,0.15653786306240336
8882,Left,0.9088675569478104,0.09113244305218957
52619,Stayed,0.002130759097089374,0.9978692409029106
42171,Stayed,0.4945975079541819,0.5054024920458181
61147,Left,0.963693652798625,0.036306347201375
61799,Left,0.9225709573677088,0.07742904263229126
42901,Stayed,0.1717831837325926,0.8282168162674074
30348,Stayed,0.15091153685742142,0.8490884631425786
41382,Stayed,0.440547407997543,0.559452592002457
7755,Stayed,0.25325950409162046,0.7467404959083795
73661,Stayed,0.39098873105858567,0.6090112689414143
4884,Left,0.8888193154370339,0.11118068456296618
35535,Stayed,0.01489293555378357,0.9851070644462164
8007,Stayed,0.07823819883172134,0.9217618011682787
61324,Left,0.6659705741787277,0.33402942582127226
9633,Left,0.5048289682878109,0.49517103171218907
26331,Stayed,0.24186490070155342,0.7581350992984466
594,Stayed,0.40251167956252043,0.5974883204374796
57055,Stayed,0.05301585413515164,0.9469841458648484
73811,Stayed,0.25842119403694164,0.7415788059630584
42201,Left,0.914772573166906,0.08522742683309399
62328,Stayed,0.16736197887520765,0.8326380211247923
27655,Left,0.977913021345331,0.02208697865466905
36333,Left,0.9511209664351903,0.048879033564809764
23379,Left,0.7253507978698879,0.27464920213011207
29222,Left,0.8903927364273166,0.10960726357268334
26219,Left,0.7039317429916079,0.2960682570083921
4051,Left,0.7355751922391236,0.26442480776087635
27260,Stayed,0.4885213189620694,0.5114786810379306
24630,Left,0.7365452992147208,0.26345470078527916
18915,Stayed,0.26749808204175285,0.7325019179582472
52499,Left,0.6669854515283076,0.3330145484716925
17533,Left,0.9445363828260802,0.05546361717391981
20703,Stayed,0.14547603008487753,0.8545239699151225
22791,Stayed,0.30347894866610714,0.6965210513338929
342,Left,0.5050487882947515,0.4949512117052485
67134,Stayed,0.04140095304513014,0.9585990469548699
69986,Stayed,0.4614165024290643,0.5385834975709357
4892,Stayed,0.23312381039510133,0.7668761896048987
7683,Stayed,0.4377543832714099,0.5622456167285901
23786,Left,0.794923194816049,0.20507680518395097
43486,Stayed,0.2000935397271436,0.7999064602728564
1648,Left,0.6172556760321632,0.3827443239678367
2531,Stayed,0.07063934113064962,0.9293606588693504
65917,Stayed,0.012538437249275614,0.9874615627507244
21996,Stayed,0.08459070832922355,0.9154092916707764
69361,Left,0.5686012299036622,0.4313987700963377
72709,Stayed,0.4319219199335469,0.5680780800664531
14968,Stayed,0.09513127496251883,0.9048687250374812
28511,Stayed,0.33077199626168163,0.6692280037383184
43317,Stayed,0.0966561007594734,0.9033438992405266
11068,Stayed,0.013594708651082255,0.9864052913489177
10193,Stayed,0.3744497747521671,0.6255502252478329
9268,Stayed,0.2072261209032682,0.7927738790967318
43036,Left,0.8118512402335457,0.1881487597664543
24706,Stayed,0.02286031059042215,0.9771396894095778
47153,Left,0.5629619409485447,0.4370380590514553
59500,Left,0.5399535087319038,0.4600464912680961
38795,Stayed,0.36158774479803024,0.6384122552019698
15280,Stayed,0.15169613310783814,0.8483038668921619
59410,Stayed,0.05895776008922349,0.9410422399107765
30475,Left,0.7781807702800515,0.2218192297199485
37786,Left,0.834088899542696,0.16591110045730392
30709,Stayed,0.3246902172645221,0.6753097827354779
17759,Left,0.9514999409325702,0.04850005906742978
45471,Stayed,0.3369759546714679,0.6630240453285321
12657,Stayed,0.24109654306480333,0.7589034569351967
58581,Left,0.7720671852467388,0.2279328147532612
23823,Left,0.9052252790617636,0.09477472093823638
57294,Left,0.8652932220468625,0.13470677795313746
18177,Stayed,0.3183567017481206,0.6816432982518794
69728,Left,0.882536388847881,0.11746361115211895
63695,Stayed,0.20134154713737173,0.7986584528626283
65089,Stayed,0.07724348945219695,0.922756510547803
64390,Left,0.5449491182468349,0.45505088175316505
68579,Left,0.5382026636305514,0.46179733636944864
4998,Stayed,0.44051443463241335,0.5594855653675866
21339,Left,0.6604064192387897,0.3395935807612102
26570,Left,0.734449918882004,0.26555008111799605
6205,Left,0.7882666135448364,0.2117333864551636
43354,Left,0.6100636166604264,0.3899363833395736
54260,Stayed,0.18710376387372107,0.8128962361262789
10580,Left,0.9391521339830631,0.060847866016936925
18594,Left,0.6001998505261494,0.39980014947385056
66431,Stayed,0.06340402952014201,0.936595970479858
31508,Stayed,0.1534909359604374,0.8465090640395626
55199,Stayed,0.03659395120318931,0.9634060487968107
55463,Left,0.8718595886960451,0.12814041130395495
63722,Left,0.6746776933197959,0.3253223066802041
41055,Left,0.8727682660417417,0.12723173395825826
64395,Left,0.7748904471571175,0.22510955284288248
64697,Left,0.6279483417109071,0.37205165828909287
29499,Stayed,0.33130828799289946,0.6686917120071005
25863,Left,0.6220909686823494,0.37790903131765063
66873,Left,0.6582752180099415,0.3417247819900585
71341,Left,0.6209810653759021,0.37901893462409786
63680,Left,0.668581299137383,0.3314187008626171
39895,Left,0.6693101291780394,0.3306898708219606
27716,Stayed,0.21291248376725347,0.7870875162327465
26413,Stayed,0.02182885920001809,0.9781711407999819
62342,Left,0.8050005295497156,0.19499947045028448
18912,Stayed,0.3261542453915126,0.6738457546084874
8290,Left,0.7453598547877505,0.2546401452122496
59891,Left,0.7729150874094869,0.22708491259051308
53836,Left,0.9479322159954938,0.052067784004506186
41380,Left,0.8226457360903452,0.17735426390965478
47174,Stayed,0.1707265731252834,0.8292734268747166
30005,Left,0.608090879053389,0.39190912094661096
42513,Left,0.6644641864980319,0.33553581350196815
73546,Left,0.9255433046780587,0.07445669532194131
16778,Stayed,0.20642150277678162,0.7935784972232184
44338,Left,0.8672102009716876,0.13278979902831245
1415,Stayed,0.34367856711042355,0.6563214328895765
14443,Left,0.778699425962403,0.22130057403759695
38741,Stayed,0.19739216214555066,0.8026078378544493
27122,Stayed,0.22016799261361109,0.7798320073863889
34024,Stayed,0.19290981192011403,0.807090188079886
3511,Stayed,0.4389017113130905,0.5610982886869095
47036,Left,0.509371416024567,0.490628583975433
20158,Stayed,0.1604066728279545,0.8395933271720455
39859,Stayed,0.02793046376028052,0.9720695362397195
16385,Stayed,0.11635919149578167,0.8836408085042183
72770,Left,0.8111536050004698,0.18884639499953015
43728,Stayed,0.004131951404483525,0.9958680485955165
9698,Stayed,0.07185928892275861,0.9281407110772414
31489,Left,0.9337616774304641,0.06623832256953587
69669,Stayed,0.08099271084876836,0.9190072891512316
59019,Stayed,0.008488144462880709,0.9915118555371193
55644,Stayed,0.28409927593666406,0.7159007240633359
68738,Left,0.5354544952193394,0.46454550478066065
38392,Stayed,0.1648008946864542,0.8351991053135458
29279,Left,0.8074270527668116,0.19257294723318838
29881,Left,0.5432011987363782,0.4567988012636218
45153,Left,0.8424762341916355,0.15752376580836444
12144,Left,0.8777441279710689,0.12225587202893112
10631,Left,0.954599729145917,0.04540027085408309
55011,Stayed,0.3126988822100556,0.6873011177899444
27149,Stayed,0.185906296217771,0.814093703782229
46869,Stayed,0.24247785544014355,0.7575221445598564
6831,Stayed,0.12104308691831966,0.8789569130816803
20315,Stayed,0.3320803313925671,0.6679196686074329
69191,Stayed,0.2741434049550261,0.7258565950449739
44453,Stayed,0.11178839047638855,0.8882116095236114
73826,Stayed,0.026025996674472696,0.9739740033255273
27588,Stayed,0.4583793476602185,0.5416206523397815
50208,Left,0.8054347013361797,0.19456529866382036
37855,Stayed,0.021092563834775535,0.9789074361652245
55388,Left,0.9757728578069005,0.024227142193099547
36730,Stayed,0.1945387444063157,0.8054612555936843
41601,Stayed,0.3471234546828649,0.6528765453171351
28313,Left,0.7185892274179368,0.2814107725820632
27132,Left,0.8533140484062216,0.14668595159377845
64735,Stayed,0.30381977591293197,0.696180224087068
41237,Stayed,0.004843752900516862,0.9951562470994831
14484,Stayed,0.30850937402537837,0.6914906259746216
13006,Stayed,0.38444437582019597,0.615555624179804
14356,Left,0.6491844760784746,0.35081552392152543
37309,Left,0.8462987457498357,0.1537012542501643
17731,Stayed,0.1421353144523817,0.8578646855476183
32044,Stayed,0.03786941805130417,0.9621305819486958
55419,Stayed,0.3763109822738604,0.6236890177261396
49234,Stayed,0.21174284143725575,0.7882571585627443
32140,Stayed,0.4067582438798307,0.5932417561201693
36014,Left,0.9394594785697575,0.0605405214302425
57721,Left,0.5649754931969305,0.4350245068030695
42024,Left,0.6140301844959716,0.3859698155040284
6569,Stayed,0.47398808426767636,0.5260119157323236
32639,Left,0.5042642322980428,0.4957357677019572
52696,Stayed,0.24360699921953577,0.7563930007804642
9854,Stayed,0.4002936144517608,0.5997063855482392
8459,Left,0.751713885060081,0.24828611493991906
33575,Left,0.7599208471360845,0.2400791528639155
9827,Left,0.9588293563605812,0.04117064363941881
47127,Stayed,0.21134524555259615,0.7886547544474038
72810,Stayed,0.32125617379007176,0.6787438262099282
56877,Left,0.6954447939149891,0.30455520608501085
8655,Stayed,0.015753083310084626,0.9842469166899154
14122,Stayed,0.046333219160161976,0.953666780839838
35627,Left,0.5832580231985911,0.41674197680140895
73107,Left,0.9050780420619196,0.09492195793808048
30877,Left,0.8661595146157901,0.13384048538420995
7038,Left,0.7931770551385076,0.2068229448614924
63129,Stayed,0.09352144532898932,0.9064785546710107
46460,Left,0.7393914760229243,0.2606085239770756
954,Stayed,0.41562602253282843,0.5843739774671716
70356,Stayed,0.14625555427545134,0.8537444457245487
35289,Left,0.9524873617613632,0.04751263823863687
35404,Left,0.6487652296706041,0.3512347703293958
40480,Stayed,0.22819211669458717,0.7718078833054128
47752,Stayed,0.19195588463172253,0.8080441153682775
25112,Stayed,0.16647512107365825,0.8335248789263418
39905,Left,0.9764547296278873,0.023545270372112757
43646,Stayed,0.08396108385985313,0.9160389161401469
56663,Stayed,0.4823752799874518,0.5176247200125482
66500,Stayed,0.4597080642581962,0.5402919357418038
36883,Left,0.9451015466832182,0.05489845331678179
2864,Left,0.9116747528447473,0.08832524715525275
19254,Left,0.7693214575308599,0.2306785424691401
8608,Left,0.8490758508680882,0.15092414913191174
26841,Stayed,0.4007216188699053,0.5992783811300947
1163,Stayed,0.1445825494959846,0.8554174505040154
64207,Stayed,0.2781827522442841,0.7218172477557159
56093,Stayed,0.15322170290246362,0.8467782970975364
2443,Left,0.9652948983352442,0.03470510166475585
23201,Left,0.6740914057881624,0.32590859421183754
70041,Stayed,0.28105350700301446,0.7189464929969855
66307,Left,0.8373235701608107,0.1626764298391893
25631,Left,0.9623833012802312,0.037616698719768825
14096,Stayed,0.4167813189383113,0.5832186810616887
33165,Stayed,0.38779157519783636,0.6122084248021636
59237,Stayed,0.2569139858858367,0.7430860141141633
72865,Stayed,0.11956048851055623,0.8804395114894438
12359,Stayed,0.08771547794808454,0.9122845220519155
24580,Stayed,0.3780181521069591,0.6219818478930409
50507,Stayed,0.1279292727501632,0.8720707272498368
22878,Left,0.954827536927124,0.045172463072876
19003,Left,0.9210231118219799,0.07897688817802007
48192,Stayed,0.17674388851217437,0.8232561114878256
62021,Left,0.8164563096502393,0.18354369034976073
57847,Stayed,0.06560508385463626,0.9343949161453637
48657,Left,0.8301278910705584,0.1698721089294416
27937,Stayed,0.1612435172112332,0.8387564827887668
25543,Left,0.5948490855531008,0.40515091444689927
40086,Stayed,0.30687852278891403,0.693121477211086
10320,Stayed,0.20283754758360706,0.7971624524163929
58000,Stayed,0.02293645044105741,0.9770635495589426
24657,Stayed,0.4998802585252198,0.5001197414747802
41781,Left,0.9324495010807592,0.06755049891924082
8116,Stayed,0.10670704990764279,0.8932929500923572
11251,Stayed,0.26906492541202065,0.7309350745879793
9490,Left,0.9391175643242868,0.06088243567571319
9732,Stayed,0.0041594125253936465,0.9958405874746064
44821,Stayed,0.044151477107596815,0.9558485228924032
64438,Stayed,0.3372920791759687,0.6627079208240313
45219,Left,0.903625129036093,0.0963748709639069
22058,Left,0.9645196387387057,0.03548036126129428
18428,Left,0.9457414661720891,0.05425853382791088
12496,Left,0.785189471540706,0.214810528459294
1792,Left,0.8657379554826353,0.13426204451736468
45525,Stayed,0.008236616977265299,0.9917633830227347
8640,Left,0.7209350153189413,0.2790649846810586
13324,Stayed,0.46112318000716945,0.5388768199928305
7892,Left,0.5097905928811411,0.49020940711885885
21595,Left,0.8773841887398149,0.12261581126018509
42421,Stayed,0.06375433837045652,0.9362456616295435
22935,Stayed,0.016558048509125456,0.9834419514908745
25925,Left,0.7227124922803494,0.27728750771965066
17250,Left,0.7435571443449396,0.2564428556550605
54437,Left,0.8810313376360139,0.11896866236398605
52198,Stayed,0.01119781701474254,0.9888021829852575
10056,Left,0.8574314048770773,0.14256859512292278
57644,Left,0.612643809625522,0.38735619037447794
71714,Stayed,0.3201469235254071,0.6798530764745929
56967,Stayed,0.07336538910330614,0.9266346108966939
9723,Stayed,0.44466851178536315,0.5553314882146368
57537,Stayed,0.2099041073778367,0.7900958926221633
24685,Left,0.9198317260872179,0.08016827391278218
68407,Stayed,0.2390844771089814,0.7609155228910186
49645,Stayed,0.49235084692223097,0.507649153077769
61676,Stayed,0.3119663912592756,0.6880336087407244
14545,Stayed,0.2509236765063064,0.7490763234936936
74345,Left,0.8852703916544165,0.11472960834558349
44643,Left,0.7529295991276956,0.24707040087230434
18959,Stayed,0.47442751591104326,0.5255724840889567
61001,Stayed,0.3938960501700538,0.6061039498299462
13365,Stayed,0.4703758032001757,0.5296241967998243
19165,Left,0.7754901504417911,0.22450984955820882
48279,Stayed,0.1325488529521287,0.8674511470478713
67004,Stayed,0.3499507365931309,0.6500492634068691
29101,Stayed,0.4983346889744339,0.5016653110255661
31899,Stayed,0.49938637948427644,0.5006136205157236
30645,Left,0.8655769783623513,0.1344230216376487
56973,Left,0.5600593202811506,0.43994067971884937
1748,Left,0.9350386699637298,0.06496133003627022
73828,Stayed,0.048337742119179294,0.9516622578808207
19555,Left,0.9150864976040399,0.08491350239596011
68531,Left,0.6420253132509883,0.35797468674901173
4089,Stayed,0.42875691259873805,0.571243087401262
52274,Stayed,0.04445158611684208,0.9555484138831579
66192,Left,0.545468746785104,0.454531253214896
28297,Left,0.5356026549979898,0.4643973450020103
50505,Left,0.8532367121755412,0.14676328782445883
24339,Stayed,0.4453137753459946,0.5546862246540054
31727,Stayed,0.06429296758506708,0.9357070324149329
32619,Left,0.6613026072798901,0.3386973927201099
36046,Stayed,0.3513002253679782,0.6486997746320218
5673,Left,0.5640758524249647,0.4359241475750353
56336,Stayed,0.07297950044895962,0.9270204995510404
55475,Stayed,0.3406319781323267,0.6593680218676733
58692,Left,0.7063392832615175,0.2936607167384825
64811,Stayed,0.014299712043863377,0.9857002879561366
62899,Stayed,0.1950301497249749,0.8049698502750251
19839,Stayed,0.38205561789875075,0.6179443821012492
60075,Stayed,0.1892383329972973,0.8107616670027027
50788,Stayed,0.31260234168779877,0.6873976583122012
67792,Left,0.8538786463545088,0.1461213536454912
62353,Left,0.9167599890469884,0.08324001095301162
1258,Stayed,0.04442399495831195,0.955576005041688
12043,Stayed,0.3867619498487075,0.6132380501512925
15321,Left,0.6880459478097649,0.31195405219023503
579,Left,0.601040244276206,0.39895975572379405
46737,Stayed,0.04049399975561008,0.9595060002443899
24760,Stayed,0.2705339566241852,0.7294660433758148
56140,Left,0.7096742922558178,0.2903257077441822
2519,Left,0.9405592380984533,0.05944076190154669
68989,Left,0.9327016429596491,0.06729835704035098
65725,Stayed,0.317973329260681,0.682026670739319
21191,Stayed,0.44113147975697675,0.5588685202430232
50351,Left,0.8639523623187348,0.1360476376812652
36911,Stayed,0.3223854403802504,0.6776145596197496
66795,Left,0.6592629531531449,0.34073704684685513
44023,Stayed,0.3114454656471015,0.6885545343528985
34835,Left,0.9447205518820927,0.05527944811790729
22209,Stayed,0.18420834608686476,0.8157916539131352
66610,Stayed,0.16352837193358605,0.836471628066414
5971,Stayed,0.4493679038001199,0.5506320961998801
52896,Stayed,0.35398446569701003,0.64601553430299
1257,Left,0.9771509903464972,0.022849009653502766
24495,Stayed,0.4566881933463358,0.5433118066536642
4029,Left,0.6317292865689181,0.3682707134310819
45515,Stayed,0.35857480931997754,0.6414251906800225
23865,Stayed,0.17483604422446097,0.825163955775539
32532,Stayed,0.139441417278936,0.860558582721064
47365,Left,0.5249808606873685,0.47501913931263146
37682,Left,0.5359232214795289,0.46407677852047113
29722,Left,0.7476043422849775,0.2523956577150225
22261,Stayed,0.06755074255409277,0.9324492574459072
25754,Left,0.9436138983815568,0.0563861016184432
25808,Stayed,0.4765926036539174,0.5234073963460826
19081,Left,0.6052098294360446,0.3947901705639553
2928,Stayed,0.34920520073716044,0.6507947992628396
38512,Left,0.9747445750139497,0.025255424986050292
26542,Left,0.6050531596073367,0.3949468403926632
7479,Stayed,0.41254807117591785,0.5874519288240821
55128,Left,0.8723017767917699,0.12769822320823007
32235,Stayed,0.20569005933879914,0.7943099406612009
9646,Left,0.9723584094616945,0.02764159053830548
9386,Stayed,0.05092260745341748,0.9490773925465825
52126,Left,0.6062682427318113,0.3937317572681887
59127,Stayed,0.4085227351452032,0.5914772648547968
43851,Left,0.8174028051639999,0.18259719483600007
20921,Left,0.9533834290871903,0.04661657091280964
39751,Left,0.8083151567812944,0.19168484321870563
59187,Stayed,0.4629646228955525,0.5370353771044475
40549,Stayed,0.08053948408239409,0.9194605159176059
15166,Left,0.5050849475048715,0.4949150524951284
29687,Left,0.9775262365397905,0.022473763460209486
73656,Left,0.7688952340177085,0.2311047659822915
53738,Left,0.6154031469385872,0.3845968530614127
46528,Stayed,0.2875655153260347,0.7124344846739653
28633,Stayed,0.4228125952025694,0.5771874047974306
48769,Left,0.9752156136542007,0.024784386345799294
31472,Left,0.735048161758326,0.26495183824167406
69902,Stayed,0.4042609842639767,0.5957390157360233
2509,Left,0.6623390175513706,0.33766098244862935
3796,Left,0.7969298474135241,0.20307015258647587
47055,Stayed,0.46992772077454437,0.5300722792254556
4574,Stayed,0.25760906157912977,0.7423909384208702
14753,Stayed,0.24838599264378214,0.7516140073562179
15392,Left,0.9074504040345203,0.09254959596547971
20249,Left,0.9621018868520274,0.03789811314797264
42315,Left,0.9524427522765984,0.04755724772340166
30015,Left,0.8869954966315189,0.11300450336848113
17463,Left,0.6557397689109914,0.3442602310890086
51015,Stayed,0.07200967926768254,0.9279903207323175
51485,Stayed,0.39859004796736774,0.6014099520326323
12546,Left,0.7545286409810864,0.24547135901891362
22476,Stayed,0.02909329944204808,0.9709067005579519
57830,Stayed,0.1522985306011032,0.8477014693988968
21048,Left,0.9634835469513902,0.03651645304860989
28585,Stayed,0.04406529643234425,0.9559347035676558
9136,Left,0.659149535555545,0.34085046444445505
14155,Left,0.82373139280108,0.17626860719891999
16717,Left,0.8175078982489064,0.18249210175109365
66095,Stayed,0.4506200362588054,0.5493799637411946
46047,Left,0.7923130774637539,0.20768692253624615
37009,Stayed,0.4542672607569299,0.5457327392430701
21600,Left,0.8802522474034002,0.1197477525965997
42303,Left,0.6711130861738533,0.32888691382614665
16153,Stayed,0.13273617670076887,0.8672638232992311
52277,Stayed,0.020204632025073943,0.9797953679749261
49316,Stayed,0.4914174210725235,0.5085825789274765
55830,Stayed,0.4292404976420652,0.5707595023579348
27402,Left,0.9016463471180632,0.09835365288193676
19615,Stayed,0.40213957367113295,0.597860426328867
15177,Left,0.6690346411208893,0.3309653588791107
15710,Stayed,0.4232353607384518,0.5767646392615482
54560,Stayed,0.05210834419441046,0.9478916558055895
48707,Stayed,0.3971582468928887,0.6028417531071113
28522,Stayed,0.20555664774422,0.79444335225578
37784,Stayed,0.2671487706225061,0.7328512293774939
29538,Left,0.5319962188315226,0.4680037811684774
1577,Left,0.6729606550077423,0.3270393449922577
6514,Stayed,0.03499095156277909,0.9650090484372209
68582,Left,0.5472032116280885,0.45279678837191145
11276,Stayed,0.08881250512393446,0.9111874948760655
14927,Left,0.8812890295099943,0.11871097049000569
38376,Left,0.7094024280524398,0.29059757194756014
14958,Left,0.8494912229903179,0.15050877700968215
62513,Left,0.9527553492618382,0.04724465073816177
37462,Stayed,0.16735506211993523,0.8326449378800648
13380,Stayed,0.08587501677877762,0.9141249832212224
36715,Stayed,0.3574370734444893,0.6425629265555107
45553,Left,0.8278241545927529,0.172175845407247
23049,Left,0.5497771767432453,0.4502228232567546
72871,Stayed,0.31795988741591674,0.6820401125840833
38113,Left,0.7198980946483422,0.28010190535165785
912,Left,0.9142535367213136,0.08574646327868636
12432,Stayed,0.02978631993178782,0.9702136800682122
17361,Stayed,0.3432954315352773,0.6567045684647227
37612,Stayed,0.48049751770508997,0.51950248229491
10689,Stayed,0.46892740584239023,0.5310725941576098
71762,Stayed,0.45981425468972315,0.5401857453102769
33030,Left,0.9844910779523073,0.015508922047692726
31464,Stayed,0.04781621274632175,0.9521837872536782
46769,Stayed,0.22393261179219026,0.7760673882078097
28407,Stayed,0.14057757272595128,0.8594224272740487
61619,Left,0.7469029765261024,0.2530970234738977
60194,Stayed,0.41737944656374015,0.5826205534362598
70465,Left,0.6354460463374728,0.3645539536625272
3301,Left,0.6757615911430428,0.3242384088569572
12640,Left,0.8817964770574932,0.11820352294250676
41490,Stayed,0.41619210386870387,0.5838078961312961
63174,Left,0.7212351763274877,0.2787648236725123
27320,Left,0.9757331135367067,0.024266886463293304
7913,Stayed,0.026381378358248497,0.9736186216417515
33257,Left,0.942709158727178,0.05729084127282207
39741,Left,0.5324835606821916,0.4675164393178084
6936,Left,0.7685918178100309,0.23140818218996909
9982,Left,0.9501751777564823,0.04982482224351771
44849,Left,0.5498130415265259,0.45018695847347406
12815,Left,0.9126920508464736,0.0873079491535264
45758,Stayed,0.17161425134022434,0.8283857486597757
33248,Stayed,0.4837141809780495,0.5162858190219505
73003,Left,0.5723443973626408,0.42765560263735924
57503,Left,0.5051819947562575,0.49481800524374253
67298,Left,0.8561236841455184,0.14387631585448152
42671,Stayed,0.4007791132550811,0.5992208867449189
25414,Stayed,0.4526068342443136,0.5473931657556864
16306,Left,0.6305975678237461,0.36940243217625396
63479,Stayed,0.198223439826681,0.801776560173319
25292,Left,0.8529237407833984,0.1470762592166016
39369,Left,0.9015924474059744,0.09840755259402559
44695,Left,0.7003245149661439,0.2996754850338561
57262,Stayed,0.037287027538685735,0.9627129724613143
70679,Left,0.5213204355968566,0.4786795644031434
39821,Stayed,0.15115904916993417,0.8488409508300658
6311,Left,0.9609297252591514,0.039070274740848544
11840,Stayed,0.05197462483744586,0.9480253751625541
27557,Left,0.8346031317918976,0.1653968682081024
61027,Stayed,0.4128337270423236,0.5871662729576764
30322,Stayed,0.006391407381651337,0.9936085926183487
13353,Left,0.8592049080659676,0.14079509193403242
62195,Stayed,0.1110317755816912,0.8889682244183088
51127,Stayed,0.02051268588449695,0.979487314115503
57736,Left,0.901530666596943,0.098469333403057
18713,Left,0.7990794385497153,0.20092056145028467
60004,Stayed,0.39629077210408026,0.6037092278959197
13487,Stayed,0.10542025512286679,0.8945797448771332
44613,Left,0.8701452770321351,0.12985472296786496
543,Left,0.5217098535827058,0.4782901464172941
34597,Stayed,0.1001385102554907,0.8998614897445093
40647,Stayed,0.271292608180262,0.728707391819738
45320,Left,0.7723237750034615,0.22767622499653845
64639,Left,0.8949847178254126,0.1050152821745874
68998,Stayed,0.08657429187665933,0.9134257081233407
3190,Left,0.6788189669772962,0.3211810330227039
3171,Stayed,0.03952413539265798,0.960475864607342
68189,Stayed,0.039161821189892865,0.9608381788101071
26566,Left,0.8345873900714557,0.1654126099285443
49363,Stayed,0.22923875372015423,0.7707612462798458
50964,Stayed,0.02581501816891385,0.9741849818310861
41938,Stayed,0.07114608020497704,0.928853919795023
61030,Stayed,0.01162495497676852,0.9883750450232315
59707,Stayed,0.0029158511759469485,0.997084148824053
11600,Left,0.6796134694803214,0.3203865305196786
15160,Left,0.8101308467656732,0.1898691532343269
40177,Stayed,0.37241463200419245,0.6275853679958076
19342,Stayed,0.47382442085223886,0.5261755791477611
19369,Stayed,0.3327782490260729,0.6672217509739271
44993,Stayed,0.38189563549946026,0.6181043645005397
59545,Stayed,0.03619968854941269,0.9638003114505873
12493,Left,0.6186293119571229,0.3813706880428771
32778,Stayed,0.006645411412047331,0.9933545885879527
24962,Stayed,0.23652116260738731,0.7634788373926127
5836,Stayed,0.49326145146252276,0.5067385485374772
59034,Stayed,0.002914738461885613,0.9970852615381144
69500,Left,0.98134121703505,0.018658782964950032
28463,Stayed,0.11906981250371296,0.880930187496287
30458,Left,0.8699858655783073,0.13001413442169268
61150,Stayed,0.09457824454725883,0.9054217554527412
53995,Stayed,0.31744430934383006,0.6825556906561699
33869,Stayed,0.06434693056457563,0.9356530694354244
5788,Left,0.7074288710289647,0.2925711289710353
66851,Stayed,0.34039183445536425,0.6596081655446357
37599,Stayed,0.4249388317873942,0.5750611682126058
65668,Left,0.6872938726122944,0.31270612738770565
29260,Stayed,0.04110215920021665,0.9588978407997834
22271,Left,0.8871600313623887,0.1128399686376113
68140,Left,0.7192844039792679,0.28071559602073215
10029,Left,0.5019306683363622,0.49806933166363776
41923,Left,0.8550556384642275,0.14494436153577253
37273,Stayed,0.2704126156693313,0.7295873843306687
24670,Stayed,0.06640509828732155,0.9335949017126784
46702,Stayed,0.30800507612965866,0.6919949238703413
67300,Stayed,0.44639318017260643,0.5536068198273936
7476,Left,0.9091833021329631,0.09081669786703697
66701,Left,0.975644533944822,0.02435546605517799
60146,Left,0.6639507160355624,0.3360492839644375
64984,Stayed,0.1827657852961806,0.8172342147038194
48310,Stayed,0.09994372496822423,0.9000562750317758
40814,Stayed,0.20226810077972823,0.7977318992202718
40175,Left,0.9174904266871798,0.08250957331282012
69512,Left,0.844140044688743,0.15585995531125696
71143,Left,0.6297969386266843,0.3702030613733157
55037,Left,0.5171393642200381,0.4828606357799618
13216,Left,0.9397042606657244,0.060295739334275573
5663,Left,0.6609002257187383,0.3390997742812617
13321,Left,0.6180518656425984,0.38194813435740166
28157,Stayed,0.10353627198887738,0.8964637280111226
57628,Left,0.9655813416147018,0.0344186583852982
23496,Left,0.885592398036794,0.114407601963206
21461,Left,0.713708088225663,0.286291911774337
65110,Left,0.8631229580778578,0.13687704192214226
51428,Stayed,0.24786798601075477,0.7521320139892452
14832,Stayed,0.3104461840627768,0.6895538159372232
38801,Stayed,0.0420357339266193,0.9579642660733807
70367,Left,0.8238713386221653,0.1761286613778347
16459,Left,0.5604438689030853,0.43955613109691477
5282,Stayed,0.08628530073455909,0.9137146992654409
13815,Left,0.6679224863663997,0.3320775136336003
22397,Stayed,0.23619497532292133,0.7638050246770787
53288,Left,0.5518206224355017,0.4481793775644983
51191,Left,0.9880697152780326,0.011930284721967405
65446,Stayed,0.19894540804126692,0.8010545919587331
30862,Stayed,0.35609577877202825,0.6439042212279718
39152,Stayed,0.3973340143007582,0.6026659856992418
25953,Left,0.6792774664642822,0.3207225335357177
18939,Left,0.5178733827818449,0.48212661721815514
32234,Stayed,0.18852933877099498,0.811470661229005
18620,Stayed,0.05853638345676404,0.941463616543236
60952,Stayed,0.20461614313206533,0.7953838568679347
37521,Left,0.8842357638338194,0.11576423616618053
34549,Left,0.9403381839691644,0.0596618160308356
15807,Left,0.9627281162460181,0.03727188375398193
38572,Stayed,0.4800043174535804,0.5199956825464196
68521,Left,0.6011701110718691,0.39882988892813087
6063,Stayed,0.36251802266454014,0.6374819773354599
8491,Left,0.8693368029723946,0.13066319702760543
70783,Left,0.97209046448679,0.027909535513209956
20022,Stayed,0.2855724870011296,0.7144275129988704
46748,Left,0.5593294767141631,0.4406705232858369
39011,Stayed,0.026985005673341278,0.9730149943266587
2066,Stayed,0.11328443482352946,0.8867155651764705
24636,Stayed,0.032973291802498084,0.9670267081975019
226,Stayed,0.008856824514180461,0.9911431754858195
54996,Stayed,0.06440692181675012,0.9355930781832499
14917,Left,0.5113775347151539,0.4886224652848461
70594,Stayed,0.49313044642887127,0.5068695535711287
34318,Left,0.7340286127885989,0.2659713872114012
11182,Stayed,0.3546128555680318,0.6453871444319682
43007,Left,0.5880826334297578,0.41191736657024225
47304,Stayed,0.48192724330828074,0.5180727566917193
691,Stayed,0.0213788658973203,0.9786211341026797
67247,Left,0.6934310254604896,0.3065689745395104
43914,Stayed,0.453641848022005,0.546358151977995
34474,Left,0.5753420219331635,0.42465797806683653
61513,Stayed,0.007667833432730364,0.9923321665672696
24868,Left,0.716047893445237,0.28395210655476305
36053,Stayed,0.32621177418481107,0.6737882258151889
12761,Left,0.9331697022405863,0.06683029775941375
53513,Stayed,0.09044652588038615,0.9095534741196138
33019,Stayed,0.032829728733010044,0.96717027126699
47424,Stayed,0.22230862767194726,0.7776913723280527
58752,Left,0.6753873624165325,0.3246126375834674
45569,Stayed,0.4673044097918506,0.5326955902081494
4679,Stayed,0.3502466061392847,0.6497533938607153
62506,Left,0.7144575247715668,0.2855424752284332
40501,Left,0.5349051422952815,0.4650948577047184
20536,Left,0.9388423413305038,0.06115765866949617
34491,Stayed,0.3996160558858556,0.6003839441141444
19927,Stayed,0.1575139198984068,0.8424860801015932
24949,Left,0.5190088650219424,0.4809911349780576
48241,Left,0.5287661299054452,0.47123387009455475
4885,Left,0.9173563187489643,0.08264368125103569
19922,Stayed,0.18085615000873123,0.8191438499912688
31389,Left,0.6600718243143625,0.3399281756856375
72063,Left,0.6312747285797542,0.36872527142024575
17832,Left,0.6874159382750633,0.31258406172493675
14109,Left,0.68079422524679,0.31920577475320994
70909,Stayed,0.1628483376976092,0.8371516623023908
56006,Stayed,0.39715968127244083,0.6028403187275592
21288,Stayed,0.21561987913436864,0.7843801208656314
20620,Stayed,0.19749387926361528,0.8025061207363847
28655,Left,0.9622657777232815,0.03773422227671854
43003,Stayed,0.4080175222451444,0.5919824777548556
23833,Left,0.6066201492919561,0.3933798507080439
27754,Stayed,0.06493763482992965,0.9350623651700704
9273,Stayed,0.0332807824094602,0.9667192175905398
8075,Stayed,0.37082052530213094,0.6291794746978691
17854,Left,0.9469873159242016,0.05301268407579837
39484,Left,0.5587338865683261,0.4412661134316739
69879,Left,0.6272026920103205,0.37279730798967947
20965,Stayed,0.11372609815134971,0.8862739018486503
65513,Left,0.8537971008906182,0.14620289910938183
56349,Left,0.979512988005385,0.020487011994615015
72094,Stayed,0.4427388345305058,0.5572611654694942
68507,Left,0.7688729290936186,0.2311270709063814
22385,Left,0.5213718193738263,0.47862818062617374
14945,Left,0.6323204719171662,0.3676795280828337
25496,Left,0.9060417505456158,0.0939582494543843
38580,Left,0.8132292955160639,0.18677070448393604
1967,Stayed,0.3604000493524887,0.6395999506475113
2362,Left,0.941733882990576,0.058266117009423926
51653,Stayed,0.11218530716660291,0.8878146928333971
24305,Left,0.709118843389138,0.290881156610862
70222,Left,0.645357391275821,0.35464260872417896
72778,Left,0.9058552609148285,0.09414473908517149
51061,Stayed,0.43857723929392045,0.5614227607060795
63730,Stayed,0.013726466161147588,0.9862735338388524
19712,Left,0.7414441063768418,0.25855589362315823
38616,Stayed,0.13703647336863356,0.8629635266313664
31523,Stayed,0.1956625403902582,0.8043374596097418
27668,Stayed,0.016804114545572846,0.9831958854544272
4681,Stayed,0.20346545936268068,0.7965345406373193
71420,Left,0.601641150530552,0.398358849469448
45731,Left,0.9495892092842516,0.05041079071574838
61739,Left,0.7596570551252854,0.24034294487471464
55601,Left,0.5620951217773674,0.4379048782226326
10124,Left,0.665542236720559,0.33445776327944093
65209,Left,0.8681313805568205,0.13186861944317949
69063,Left,0.5368748009792649,0.4631251990207351
8781,Stayed,0.21819938891905044,0.7818006110809496
44425,Stayed,0.008212032862424334,0.9917879671375757
32699,Stayed,0.051115712693396986,0.948884287306603
26214,Left,0.7898346478665887,0.21016535213341125
10816,Stayed,0.127394470657492,0.872605529342508
49505,Left,0.7844254064981563,0.2155745935018437
28908,Left,0.551833957437305,0.44816604256269493
40859,Stayed,0.3218007112774186,0.6781992887225814
1079,Stayed,0.2850994101501745,0.7149005898498255
73961,Stayed,0.06497836710827254,0.9350216328917275
39998,Stayed,0.3733410976494489,0.6266589023505511
58015,Stayed,0.25068685357268305,0.749313146427317
56273,Left,0.9186882201373213,0.08131177986267872
6101,Stayed,0.41262005468083096,0.587379945319169
22148,Left,0.915996447899855,0.084003552100145
49795,Left,0.9467916123410527,0.053208387658947316
4680,Stayed,0.051091086742863556,0.9489089132571364
10673,Stayed,0.3327280118325886,0.6672719881674114
60565,Left,0.6090409350121536,0.3909590649878464
40821,Stayed,0.4310306380590071,0.5689693619409929
7060,Left,0.8399706913723802,0.16002930862761974
68661,Stayed,0.35532794946269786,0.6446720505373021
48758,Left,0.6594488023009848,0.34055119769901526
60515,Left,0.6943728694625784,0.3056271305374216
20278,Stayed,0.1556165222346263,0.8443834777653737
5518,Left,0.5339562197083125,0.4660437802916875
25149,Left,0.717473124685035,0.28252687531496506
59562,Stayed,0.3651221015175671,0.6348778984824329
6905,Left,0.7474816302585032,0.2525183697414967
21803,Stayed,0.07141147183505947,0.9285885281649405
25687,Left,0.7653001688415588,0.23469983115844115
12663,Left,0.6159233820731567,0.38407661792684333
1860,Left,0.7343109220339042,0.26568907796609575
16766,Stayed,0.11140654084498625,0.8885934591550138
68734,Left,0.9252093806815586,0.07479061931844144
40313,Left,0.7273426023878622,0.27265739761213786
48584,Stayed,0.17233522340152596,0.827664776598474
41961,Left,0.8357849070225031,0.16421509297749692
18763,Left,0.8202819908261648,0.1797180091738352
9756,Stayed,0.07132468821664795,0.928675311783352
44422,Left,0.8320885139075881,0.1679114860924119
10539,Left,0.9632386965042569,0.036761303495743115
73173,Stayed,0.1211298291542321,0.8788701708457679
3618,Left,0.5145505524753411,0.48544944752465896
42694,Left,0.6823733755918293,0.31762662440817063
47395,Left,0.5392550046235469,0.4607449953764531
18024,Stayed,0.19295108786126336,0.8070489121387366
16682,Left,0.7539890032894114,0.2460109967105886
20061,Left,0.8113719023625815,0.1886280976374185
35020,Left,0.5910660536992954,0.40893394630070456
13088,Left,0.6731468675485381,0.32685313245146186
11116,Left,0.6868561156445754,0.3131438843554246
15034,Left,0.6751953837223327,0.3248046162776673
2852,Stayed,0.11841617558861428,0.8815838244113857
15487,Stayed,0.3166567565998586,0.6833432434001414
60479,Left,0.9028802582515206,0.09711974174847934
34577,Stayed,0.3554807603044665,0.6445192396955335
28919,Left,0.6347921950792776,0.36520780492072236
43143,Stayed,0.02685934835738124,0.9731406516426188
36248,Stayed,0.1746421634885288,0.8253578365114712
68438,Stayed,0.47251341591684415,0.5274865840831559
35045,Left,0.9457657968832108,0.05423420311678922
8009,Stayed,0.23833016308696908,0.7616698369130309
28933,Left,0.9790450535086938,0.020954946491306206
9700,Stayed,0.4275668080796431,0.5724331919203569
41443,Stayed,0.4731743269961952,0.5268256730038048
58089,Stayed,0.156889520064867,0.843110479935133
43326,Left,0.6023989626675399,0.39760103733246016
31739,Stayed,0.3267128323874201,0.6732871676125799
21957,Stayed,0.159648041595295,0.840351958404705
22514,Left,0.773223313869252,0.22677668613074795
20347,Left,0.9382970183030794,0.06170298169692062
44921,Left,0.826522693227447,0.17347730677255305
12635,Stayed,0.005126157278909194,0.9948738427210908
71398,Stayed,0.1453469342483381,0.8546530657516619
3118,Stayed,0.4548040798127677,0.5451959201872323
73210,Left,0.5435617762663867,0.4564382237336133
11418,Stayed,0.31620650050268506,0.6837934994973149
27773,Stayed,0.04533969835359908,0.9546603016464009
2153,Left,0.54557263206909,0.45442736793091
12311,Left,0.6243992872825079,0.3756007127174921
7933,Stayed,0.4661032806186779,0.5338967193813221
6976,Left,0.5436857313584746,0.4563142686415253
49186,Left,0.9192437750224484,0.0807562249775516
73357,Left,0.8354747383440236,0.16452526165597633
61889,Left,0.9521644063582791,0.04783559364172084
17296,Left,0.870081531961247,0.12991846803875293
52688,Stayed,0.40240149850828555,0.5975985014917145
53699,Stayed,0.44644840272901587,0.5535515972709841
5315,Left,0.907938190608052,0.09206180939194797
65733,Stayed,0.38458276042045325,0.6154172395795467
57322,Left,0.8195896133673699,0.18041038663263007
58363,Left,0.7267363975059525,0.27326360249404746
15180,Stayed,0.2566785950746482,0.7433214049253518
70864,Left,0.8630220246381587,0.1369779753618413
9088,Stayed,0.14160553115620222,0.8583944688437978
60853,Left,0.6438600289004495,0.3561399710995505
55260,Stayed,0.40900634552294146,0.5909936544770585
11904,Stayed,0.1119343505368382,0.8880656494631618
74006,Left,0.7539986009008952,0.24600139909910482
8875,Left,0.5084785780130834,0.4915214219869167
8935,Left,0.8310633953769279,0.1689366046230721
66711,Stayed,0.37357523573068674,0.6264247642693133
34419,Left,0.5166658132407012,0.48333418675929885
15148,Left,0.7627243350359394,0.23727566496406063
54014,Stayed,0.12838126150007434,0.8716187384999257
37267,Stayed,0.39730026341387603,0.602699736586124
30850,Left,0.8299396840201594,0.17006031597984064
69861,Left,0.9330349321182033,0.06696506788179664
7617,Stayed,0.16254410532746777,0.8374558946725322
12346,Left,0.8992175400612935,0.1007824599387065
27050,Stayed,0.22163086744157956,0.7783691325584204
57859,Stayed,0.3755976015596627,0.6244023984403373
6185,Left,0.7862825133463344,0.2137174866536656
14284,Stayed,0.3738560033902111,0.6261439966097889
20794,Left,0.9686509512791383,0.031349048720861736
64748,Left,0.8732476056579177,0.12675239434208224
17519,Stayed,0.44982540545973526,0.5501745945402647
63119,Stayed,0.11106882685019304,0.888931173149807
62800,Left,0.6743907829167286,0.32560921708327134
36417,Stayed,0.4195445860269049,0.5804554139730951
20256,Left,0.7938132121235297,0.20618678787647032
10875,Left,0.9128909383544657,0.08710906164553431
21418,Stayed,0.14553893615815583,0.8544610638418442
73585,Left,0.5628284059626565,0.43717159403734346
72001,Stayed,0.12196754548789845,0.8780324545121015
65230,Stayed,0.08792075736734706,0.9120792426326529
51772,Stayed,0.26159174434098575,0.7384082556590142
74106,Left,0.5148973508567141,0.4851026491432859
36386,Stayed,0.004163788939294699,0.9958362110607053
35612,Left,0.8051056980037038,0.1948943019962962
23194,Stayed,0.1520774006137715,0.8479225993862285
4094,Left,0.8490777928061571,0.1509222071938429
27099,Left,0.7250798901945682,0.2749201098054318
48042,Left,0.5567892574619344,0.4432107425380656
20833,Stayed,0.23202001533548477,0.7679799846645152
6516,Left,0.6003787968558376,0.3996212031441624
4690,Left,0.6736156600880584,0.3263843399119416
47166,Left,0.8643171021330234,0.13568289786697657
36319,Left,0.9273403699244207,0.0726596300755793
7011,Stayed,0.2751211912797641,0.7248788087202359
70819,Stayed,0.11206008731782646,0.8879399126821735
48105,Left,0.6158517543315289,0.38414824566847106
5764,Left,0.9497123435408145,0.05028765645918552
6214,Stayed,0.10880516172928112,0.8911948382707189
59371,Stayed,0.2776758794342379,0.7223241205657621
2516,Left,0.8388040367366447,0.16119596326335534
58947,Left,0.7931642760741219,0.20683572392587812
50636,Stayed,0.1551779928529794,0.8448220071470206
9936,Stayed,0.3903917229204259,0.6096082770795741
50247,Left,0.5505256027045502,0.44947439729544975
16246,Stayed,0.37792048685470314,0.6220795131452969
63214,Stayed,0.006782447286809545,0.9932175527131905
4245,Left,0.8831221299815003,0.11687787001849968
28012,Left,0.5013965484263398,0.49860345157366015
51330,Stayed,0.05778761243816222,0.9422123875618378
53641,Left,0.940609447997818,0.059390552002182004
7319,Left,0.95969074184451,0.04030925815549007
9397,Stayed,0.30909764518543614,0.6909023548145639
54336,Stayed,0.17200027468280976,0.8279997253171902
6651,Left,0.5644415403550833,0.43555845964491674
5599,Stayed,0.295672692883476,0.704327307116524
11868,Stayed,0.2712655534400912,0.7287344465599088
24427,Left,0.8739713112909149,0.12602868870908512
25717,Stayed,0.43733806358324545,0.5626619364167545
12482,Stayed,0.47487141678839884,0.5251285832116012
3864,Left,0.8659330614069226,0.13406693859307736
62019,Stayed,0.02619816625250715,0.9738018337474929
20005,Left,0.8303542837400133,0.16964571625998665
53171,Left,0.6869660824518524,0.3130339175481476
74049,Stayed,0.12036009352808263,0.8796399064719174
1299,Stayed,0.1824989255022732,0.8175010744977268
54207,Stayed,0.012239258744460968,0.987760741255539
8783,Stayed,0.36519839732922366,0.6348016026707763
16074,Left,0.9104034464467545,0.08959655355324546
38851,Left,0.9648177250325852,0.035182274967414724
48478,Stayed,0.26250969674090296,0.737490303259097
3929,Stayed,0.42117455923834446,0.5788254407616555
70690,Stayed,0.36387501719549664,0.6361249828045034
42715,Left,0.8647736622384425,0.13522633776155743
32566,Stayed,0.2921276118234466,0.7078723881765534
47696,Stayed,0.40935818288573167,0.5906418171142683
29090,Left,0.6401468831000923,0.3598531168999078
65239,Stayed,0.48104615437532994,0.5189538456246701
47238,Left,0.8678133856343087,0.13218661436569132
21373,Left,0.5912052315607859,0.4087947684392141
13326,Left,0.8128469017732404,0.1871530982267596
66539,Stayed,0.31449672007286344,0.6855032799271366
40412,Stayed,0.356885573669961,0.643114426330039
39112,Stayed,0.45142025092803295,0.548579749071967
24958,Stayed,0.2796048333050757,0.7203951666949243
3931,Left,0.5488969172811871,0.45110308271881294
27721,Stayed,0.023042834029533776,0.9769571659704662
23208,Left,0.9602244911128479,0.03977550888715209
11747,Left,0.7318569648935436,0.26814303510645643
22042,Stayed,0.45858363278766445,0.5414163672123355
47910,Stayed,0.24370736291065864,0.7562926370893414
7515,Left,0.6867150454219302,0.3132849545780698
58829,Stayed,0.34417085509082335,0.6558291449091767
7183,Stayed,0.029822813461033548,0.9701771865389665
57972,Left,0.6239843715930413,0.3760156284069586
15256,Left,0.9125766612880046,0.08742333871199538
38051,Stayed,0.3439564987804825,0.6560435012195175
23723,Stayed,0.006443704832828301,0.9935562951671717
41701,Left,0.7819180610193008,0.21808193898069914
12960,Left,0.6630900002318632,0.3369099997681368
45288,Stayed,0.03978980922561359,0.9602101907743864
61960,Stayed,0.19441480669710443,0.8055851933028956
67341,Left,0.9056430928797462,0.09435690712025381
42696,Stayed,0.4199462800687259,0.5800537199312741
8743,Left,0.944750380629658,0.05524961937034201
74375,Stayed,0.47499270185340026,0.5250072981465997
9223,Stayed,0.41205739100518746,0.5879426089948125
53123,Left,0.6602204088990647,0.33977959110093525
39996,Stayed,0.3832977635915906,0.6167022364084094
64449,Left,0.5678087429198089,0.4321912570801912
43300,Left,0.843355977935216,0.15664402206478398
24281,Left,0.9310850532594177,0.06891494674058228
3995,Stayed,0.37177866432542284,0.6282213356745772
6475,Left,0.8579457441270586,0.14205425587294146
13427,Left,0.8787260862844055,0.12127391371559453
12523,Left,0.7340745268133413,0.26592547318665866
69695,Stayed,0.08225739017546141,0.9177426098245386
19771,Stayed,0.4775047969706152,0.5224952030293848
72377,Stayed,0.08400080411323674,0.9159991958867633
25847,Left,0.7155142247635069,0.28448577523649304
49944,Stayed,0.025429811831726434,0.9745701881682736
53990,Stayed,0.042132984283719144,0.9578670157162809
5716,Left,0.6140154990607125,0.38598450093928754
16230,Left,0.5121480751340061,0.48785192486599394
5171,Stayed,0.3423189144647223,0.6576810855352777
35994,Stayed,0.3578627055014336,0.6421372944985664
16527,Left,0.6412460059661262,0.3587539940338737
1442,Stayed,0.07776449841048405,0.922235501589516
66966,Left,0.5897045765263713,0.41029542347362874
64128,Stayed,0.3161662423447368,0.6838337576552632
5533,Stayed,0.17858414207488038,0.8214158579251196
44316,Left,0.7245342262477529,0.2754657737522471
18944,Stayed,0.3248819837800615,0.6751180162199385
7787,Stayed,0.414375269942342,0.585624730057658
14497,Stayed,0.2080471389391222,0.7919528610608778
71526,Stayed,0.33975297125220283,0.6602470287477972
63042,Left,0.580918077679913,0.41908192232008706
1349,Left,0.8050197658766725,0.19498023412332757
57421,Stayed,0.35279524530798256,0.6472047546920174
6861,Left,0.9176105852603196,0.08238941473968046
11703,Stayed,0.20365002971615342,0.7963499702838466
62992,Left,0.9785027870482332,0.021497212951766747
73446,Left,0.6178491206106274,0.3821508793893726
20623,Left,0.8378681718917093,0.16213182810829072
50675,Stayed,0.496018761411387,0.503981238588613
9913,Stayed,0.04958483475524278,0.9504151652447572
49533,Stayed,0.4032650048670934,0.5967349951329066
59444,Left,0.6192151210071238,0.38078487899287616
6049,Left,0.9576384097656909,0.04236159023430902
43746,Stayed,0.45501643206510833,0.5449835679348917
17237,Left,0.7591725383208349,0.2408274616791651
62572,Stayed,0.1938227172432807,0.8061772827567193
43534,Stayed,0.11468942756131761,0.8853105724386824
20197,Left,0.8914756003876337,0.10852439961236628
22312,Left,0.8683290436910033,0.13167095630899672
63864,Left,0.6694548135670982,0.33054518643290176
13095,Stayed,0.4389418389735906,0.5610581610264094
52032,Stayed,0.20146889111772848,0.7985311088822715
69032,Stayed,0.12032684619143852,0.8796731538085615
37552,Left,0.9000545702462037,0.09994542975379626
5772,Left,0.9709606455481857,0.02903935445181423
15704,Left,0.8758883661235806,0.12411163387641949
32704,Left,0.7636079177078249,0.2363920822921751
6232,Left,0.8206827929237525,0.17931720707624754
11402,Stayed,0.4785261706956425,0.5214738293043575
11755,Left,0.5658911059543563,0.4341088940456436
4109,Left,0.6725097406586045,0.3274902593413955
61842,Left,0.6113958465607012,0.3886041534392988
27091,Left,0.650090509434771,0.349909490565229
41452,Left,0.7905220128676673,0.20947798713233268
27328,Stayed,0.24107304561630727,0.7589269543836927
36756,Left,0.946267500072559,0.05373249992744102
66951,Left,0.8682268852781065,0.13177311472189346
9818,Left,0.9413974061267402,0.05860259387325987
30517,Left,0.8445939230814389,0.15540607691856112
21780,Left,0.9772694021868356,0.022730597813164485
39234,Stayed,0.2374388312198603,0.7625611687801397
45317,Stayed,0.20756890822459284,0.7924310917754072
9671,Left,0.5883960873098439,0.411603912690156
44782,Stayed,0.07501480091155088,0.9249851990884491
1589,Left,0.5671940219185558,0.4328059780814441
31573,Stayed,0.3990154094624283,0.6009845905375717
33241,Left,0.8512841595485345,0.1487158404514654
22611,Left,0.7600941020673395,0.23990589793266043
36027,Stayed,0.3457917250461543,0.6542082749538457
26862,Left,0.5287680895364428,0.4712319104635572
9288,Left,0.9165259825530321,0.08347401744696789
16003,Stayed,0.3147169618662685,0.6852830381337315
57834,Left,0.9630589098606239,0.03694109013937606
16337,Left,0.7704343763504384,0.22956562364956154
51461,Left,0.9053233337090674,0.09467666629093258
49489,Left,0.7804993270733286,0.21950067292667144
7724,Left,0.8061995637375652,0.19380043626243476
49032,Left,0.8426839902015146,0.15731600979848534
14006,Stayed,0.11960478986022183,0.8803952101397782
74228,Stayed,0.4612244600338469,0.5387755399661531
53882,Left,0.7916065334458242,0.20839346655417584
70491,Stayed,0.37689581124928007,0.6231041887507199
12540,Stayed,0.30594623781078845,0.6940537621892116
2491,Left,0.8155168291613808,0.18448317083861923
56403,Stayed,0.39819249063594053,0.6018075093640595
5015,Stayed,0.45883015630199386,0.5411698436980061
33146,Stayed,0.17227032638892714,0.8277296736110729
68819,Left,0.9292151431372213,0.07078485686277873
17346,Left,0.9449916128247977,0.05500838717520232
72127,Stayed,0.3517087625820149,0.6482912374179851
60492,Stayed,0.12167777353799059,0.8783222264620094
70624,Left,0.9616389017293134,0.038361098270686615
65801,Left,0.943460150277741,0.05653984972225896
32373,Left,0.5123352439458815,0.4876647560541186
71367,Stayed,0.11445294507918125,0.8855470549208188
12075,Left,0.8662280207081694,0.13377197929183057
44385,Left,0.9325422784835986,0.06745772151640134
25332,Stayed,0.044658881025880115,0.9553411189741199
24255,Stayed,0.28176998317527113,0.7182300168247289
43896,Left,0.8728321506523643,0.12716784934763573
60731,Left,0.5322581885036464,0.46774181149635363
58783,Stayed,0.4077428150306963,0.5922571849693037
57763,Stayed,0.0466644917821617,0.9533355082178383
27369,Stayed,0.2889981299512525,0.7110018700487475
64322,Left,0.9372087230827204,0.06279127691727956
64144,Stayed,0.32217452627478804,0.677825473725212
10685,Stayed,0.18601585493720896,0.813984145062791
2747,Stayed,0.3841257101617729,0.6158742898382271
24458,Stayed,0.03767203560142596,0.962327964398574
33931,Stayed,0.4578452326900835,0.5421547673099165
71168,Stayed,0.021275857107151852,0.9787241428928481
28111,Left,0.594301176388415,0.40569882361158505
35446,Stayed,0.22850514301883895,0.771494856981161
68198,Stayed,0.02400770632869187,0.9759922936713081
35040,Stayed,0.0006796963962194535,0.9993203036037805
13439,Stayed,0.15034220840858803,0.849657791591412
61330,Left,0.8706704064096576,0.12932959359034235
42539,Stayed,0.05660635643642076,0.9433936435635792
7570,Stayed,0.1342130791420456,0.8657869208579544
14615,Left,0.867736084361591,0.13226391563840903
14459,Stayed,0.024179277799057597,0.9758207222009424
23995,Left,0.7639242728428338,0.23607572715716615
53801,Left,0.6949276583605414,0.3050723416394586
60418,Left,0.6383125354061586,0.3616874645938414
73224,Left,0.8926731088207311,0.10732689117926887
66510,Left,0.7475576065739757,0.2524423934260243
47498,Left,0.8572089428851419,0.142791057114858
22658,Left,0.510693690211883,0.48930630978811696
27722,Left,0.7208881356499314,0.27911186435006863
11620,Left,0.76161941247219,0.23838058752781005
18938,Stayed,0.4443230669628372,0.5556769330371628
46039,Left,0.7253137837423331,0.27468621625766687
55564,Left,0.8062326859254774,0.19376731407452263
46507,Left,0.6282012652606168,0.37179873473938324
5891,Left,0.8121530723815024,0.1878469276184976
33418,Stayed,0.4734749916790324,0.5265250083209676
71245,Stayed,0.4490118188819425,0.5509881811180575
32164,Left,0.6996555090606701,0.3003444909393299
42573,Stayed,0.1350032796945232,0.8649967203054768
55353,Stayed,0.4685738104047942,0.5314261895952058
25141,Stayed,0.16961307054540153,0.8303869294545985
30716,Left,0.9077538059656396,0.09224619403436046
26822,Left,0.8946964770089472,0.10530352299105286
56410,Stayed,0.005299544758671448,0.9947004552413286
66029,Stayed,0.045966268582450565,0.9540337314175494
62744,Left,0.936783023273519,0.06321697672648102
35719,Stayed,0.4617379734278886,0.5382620265721114
73026,Left,0.9593246118284692,0.04067538817153087
59066,Left,0.7238813455243152,0.2761186544756848
44800,Left,0.9424610372971771,0.057538962702822875
22622,Left,0.839266983824388,0.160733016175612
5712,Stayed,0.008928494112854235,0.9910715058871458
23091,Stayed,0.3940241274046369,0.6059758725953631
43922,Left,0.7785861691775416,0.22141383082245836
2814,Left,0.7943115557766504,0.20568844422334964
18727,Left,0.5949565154192058,0.40504348458079426
42007,Stayed,0.2284649086042807,0.7715350913957193
32595,Stayed,0.3381083824262051,0.6618916175737949
39778,Stayed,0.35239393791411,0.64760606208589
43621,Stayed,0.2864678934890489,0.7135321065109511
7271,Stayed,0.3784217481683517,0.6215782518316483
62607,Left,0.761648916199038,0.238351083800962
52866,Stayed,0.19512731643540848,0.8048726835645915
46787,Left,0.9641057555496935,0.03589424445030656
37352,Left,0.8881450022471008,0.11185499775289921
54128,Stayed,0.203806381219946,0.796193618780054
22194,Stayed,0.2260832308629387,0.7739167691370613
14529,Stayed,0.13522727272794055,0.8647727272720594
72539,Stayed,0.37102931534604855,0.6289706846539515
59414,Left,0.6016814999223674,0.39831850007763253
68538,Stayed,0.35305074111281387,0.6469492588871861
43378,Left,0.7750649225226054,0.22493507747739458
4283,Left,0.8406816298213726,0.15931837017862735
55465,Left,0.8305237524853921,0.16947624751460788
17211,Stayed,0.29624079864753206,0.703759201352468
69254,Stayed,0.13815233788056058,0.8618476621194394
70181,Left,0.8848068654393199,0.11519313456068016
2906,Left,0.7502915642163699,0.24970843578363006
28533,Left,0.5253961068417767,0.4746038931582232
23847,Left,0.6639853683978312,0.3360146316021689
45787,Left,0.7919949868884707,0.20800501311152933
45400,Stayed,0.14048682089789133,0.8595131791021087
6555,Stayed,0.0823797080033305,0.9176202919966695
8926,Left,0.8314562977441529,0.16854370225584717
52360,Stayed,0.42652365791319935,0.5734763420868007
13811,Stayed,0.3465618494664252,0.6534381505335748
46658,Stayed,0.1943952585465999,0.8056047414534001
8942,Left,0.9899146164451519,0.010085383554848107
69140,Left,0.8027652453345359,0.19723475466546417
35509,Stayed,0.41667971970924245,0.5833202802907576
36010,Stayed,0.4841502490883557,0.5158497509116443
35150,Stayed,0.3145667127507382,0.6854332872492618
24445,Stayed,0.26433418545568443,0.7356658145443156
18700,Stayed,0.4444793675939207,0.5555206324060793
44286,Stayed,0.1275293259334327,0.8724706740665673
36879,Stayed,0.42586087668368766,0.5741391233163123
12515,Stayed,0.4323149111206467,0.5676850888793533
2559,Left,0.9512978943950248,0.04870210560497519
47933,Stayed,0.44673965689122286,0.5532603431087771
4457,Stayed,0.42789636751414806,0.5721036324858519
56652,Left,0.7172308322202026,0.2827691677797974
62684,Left,0.951083549153857,0.04891645084614302
59778,Stayed,0.38677763557311284,0.6132223644268872
9062,Stayed,0.1510517989536504,0.8489482010463496
2241,Left,0.9276200316441718,0.07237996835582816
21975,Stayed,0.2729494315573683,0.7270505684426317
30082,Stayed,0.37970504166585584,0.6202949583341442
47384,Left,0.7385725409011163,0.2614274590988836
14922,Left,0.8168747625324453,0.18312523746755477
34888,Left,0.5228551183621444,0.4771448816378556
58841,Left,0.8233558974724265,0.17664410252757343
33114,Left,0.890559152457458,0.10944084754254202
25254,Stayed,0.34857196939697555,0.6514280306030245
6085,Left,0.6728298479345679,0.3271701520654321
40580,Left,0.6188703404791303,0.3811296595208697
18857,Left,0.8472012623574958,0.15279873764250415
56469,Left,0.5095740742578185,0.4904259257421814
24165,Stayed,0.2518336220789196,0.7481663779210804
10905,Stayed,0.2891033207309358,0.7108966792690642
1898,Stayed,0.32389899583757387,0.6761010041624261
29011,Stayed,0.29109222130813717,0.7089077786918628
64572,Left,0.9777337703742841,0.02226622962571586
73801,Stayed,0.04677326288035888,0.9532267371196411
18564,Stayed,0.26462001631436927,0.7353799836856307
36250,Left,0.6551687676452945,0.3448312323547055
40208,Stayed,0.4816900008008437,0.5183099991991563
60226,Stayed,0.10951470323987222,0.8904852967601278
38662,Stayed,0.024893688294310268,0.9751063117056897
61683,Left,0.8218470321565922,0.1781529678434078
42348,Left,0.838559976401782,0.16144002359821796
35039,Stayed,0.42086497344706597,0.579135026552934
39437,Stayed,0.37120274611278603,0.628797253887214
11078,Stayed,0.07610007483101877,0.9238999251689812
47785,Stayed,0.07262233874339441,0.9273776612566056
22368,Stayed,0.08857746849205062,0.9114225315079494
31455,Left,0.6885248782629941,0.31147512173700587
50955,Stayed,0.038000165577826706,0.9619998344221733
43750,Stayed,0.06128727623316166,0.9387127237668383
23593,Stayed,0.0729658039286738,0.9270341960713262
22002,Stayed,0.46071283492729664,0.5392871650727034
42527,Stayed,0.35855710148396536,0.6414428985160346
56692,Stayed,0.4371823478654445,0.5628176521345555
1323,Left,0.611485698239568,0.38851430176043206
34859,Stayed,0.01429905976348611,0.9857009402365139
19768,Stayed,0.2514679584025754,0.7485320415974246
9992,Left,0.7518142067703849,0.2481857932296151
13111,Stayed,0.011149547065265386,0.9888504529347346
29009,Left,0.8007991346664554,0.19920086533354464
29285,Stayed,0.14241635472545855,0.8575836452745415
43854,Stayed,0.2791310925076823,0.7208689074923177
35131,Left,0.8057196386995005,0.19428036130049947
66957,Left,0.6307761374753965,0.3692238625246035
58767,Left,0.5410170206487578,0.4589829793512422
5999,Stayed,0.10616358628158307,0.8938364137184169
3219,Left,0.9825397804043664,0.01746021959563357
57369,Left,0.9356339615284782,0.06436603847152182
70781,Left,0.6893224916784332,0.3106775083215668
33138,Stayed,0.4187618773459608,0.5812381226540392
69421,Stayed,0.17013545599812585,0.8298645440018741
34638,Stayed,0.014060829983195133,0.9859391700168049
24970,Left,0.7407503045864097,0.2592496954135904
7516,Stayed,0.2096277452421902,0.7903722547578098
63901,Left,0.9017042328408782,0.09829576715912183
39261,Left,0.8940681805234025,0.10593181947659744
35120,Stayed,0.440962652336933,0.559037347663067
35090,Left,0.7222115252436885,0.2777884747563116
58636,Left,0.7697677584766903,0.2302322415233097
54662,Stayed,0.056937801222209594,0.9430621987777904
11500,Stayed,0.11739253716365883,0.8826074628363412
66695,Left,0.6309359359044189,0.3690640640955811
74324,Left,0.5621627529925609,0.4378372470074391
18110,Left,0.5471798863199254,0.4528201136800746
27846,Stayed,0.25828844747870017,0.7417115525212998
13564,Left,0.7365310812117427,0.26346891878825723
60716,Left,0.9800571917197842,0.019942808280215798
49276,Stayed,0.207435919958337,0.792564080041663
9195,Left,0.9469453132393616,0.053054686760638396
38883,Left,0.9115481528641948,0.08845184713580519
61776,Stayed,0.39566210519671074,0.6043378948032893
9255,Stayed,0.2675758044789742,0.7324241955210258
31562,Left,0.595220796814584,0.4047792031854161
56604,Left,0.6523855125883667,0.34761448741163326
57128,Left,0.9656797151742241,0.03432028482577584
43967,Left,0.7643791352300466,0.2356208647699533
15813,Stayed,0.2570329273159352,0.7429670726840648
68714,Left,0.58943147566232,0.41056852433768004
69850,Left,0.8551226094831311,0.14487739051686885
27712,Stayed,0.4832998094074714,0.5167001905925286
38448,Left,0.8573141105071962,0.14268588949280384
13717,Left,0.858387742973006,0.14161225702699404
17618,Left,0.9251401157409116,0.07485988425908843
53502,Left,0.6371106791251986,0.3628893208748014
35850,Stayed,0.2292284292564205,0.7707715707435795
8229,Left,0.7171837015304147,0.28281629846958534
62928,Left,0.661103849490796,0.33889615050920396
52828,Left,0.532979441259134,0.46702055874086607
28625,Stayed,0.3519005340478317,0.6480994659521683
59641,Stayed,0.44579823557388876,0.5542017644261112
43366,Stayed,0.2960807569961251,0.7039192430038749
22601,Stayed,0.024041962839033815,0.9759580371609662
48817,Left,0.5052260492590848,0.4947739507409152
68868,Stayed,0.04563807355030158,0.9543619264496984
18904,Left,0.8804365227600801,0.11956347723991995
49015,Left,0.5524461105926451,0.44755388940735485
53868,Stayed,0.2003565385694479,0.7996434614305521
41945,Stayed,0.32567435128945343,0.6743256487105466
63959,Left,0.9183127794057168,0.08168722059428327
65980,Stayed,0.11393658646443505,0.886063413535565
64456,Stayed,0.2575709861762544,0.7424290138237456
26116,Stayed,0.07911432785405081,0.9208856721459492
2056,Stayed,0.17850085323497333,0.8214991467650267
36530,Left,0.7716809973811654,0.2283190026188347
9819,Left,0.611840419426417,0.388159580573583
45474,Stayed,0.00425476407216363,0.9957452359278364
71204,Left,0.7189803377160967,0.2810196622839033
31092,Stayed,0.02381802006335887,0.9761819799366411
6940,Stayed,0.4531367216879738,0.5468632783120262
67131,Stayed,0.39976113417259485,0.6002388658274052
43056,Stayed,0.003941402512357861,0.9960585974876421
44933,Left,0.7926010975462985,0.2073989024537015
58634,Stayed,0.27744079903343966,0.7225592009665603
38528,Stayed,0.49723763253162057,0.5027623674683794
9101,Stayed,0.027444871446262398,0.9725551285537376
50271,Left,0.5822839801452016,0.4177160198547985
64038,Stayed,0.35006084714674035,0.6499391528532596
45904,Left,0.5496062690523922,0.4503937309476079
2182,Stayed,0.1930358998582693,0.8069641001417307
67609,Left,0.9682746725393899,0.031725327460610075
73371,Stayed,0.2450719193623837,0.7549280806376163
23882,Left,0.9676662034514417,0.03233379654855832
66782,Stayed,0.2113151064451252,0.7886848935548748
70689,Stayed,0.21236645398668186,0.7876335460133181
44219,Left,0.8373586280210313,0.16264137197896864
73291,Stayed,0.022784446179660356,0.9772155538203396
1812,Stayed,0.05598518988423595,0.944014810115764
54256,Stayed,0.03131491705317435,0.9686850829468256
24739,Stayed,0.34865899775142495,0.651341002248575
50749,Left,0.6362729630283626,0.3637270369716375
19367,Stayed,0.03209070681705406,0.9679092931829459
49807,Left,0.8643382675765701,0.13566173242343
71647,Stayed,0.07910985526894665,0.9208901447310534
71,Left,0.6252915941282562,0.37470840587174375
16936,Left,0.7174608638818597,0.2825391361181403
26785,Stayed,0.3586656102039314,0.6413343897960686
74081,Stayed,0.17072001322693908,0.8292799867730609
64770,Stayed,0.27705100346672806,0.7229489965332719
3733,Stayed,0.23206457625296795,0.767935423747032
11388,Stayed,0.18119467603233175,0.8188053239676683
45869,Left,0.9649783944079553,0.03502160559204474
9939,Stayed,0.39205032064474654,0.6079496793552535
53577,Stayed,0.4642696373796322,0.5357303626203678
33473,Stayed,0.025456068335084292,0.9745439316649157
41083,Left,0.5259859207062988,0.4740140792937012
20771,Left,0.8868229446863812,0.11317705531361875
18458,Left,0.7886070919927308,0.21139290800726912
55274,Stayed,0.46485726270144423,0.5351427372985558
22021,Stayed,0.3881842123206892,0.6118157876793108
26625,Stayed,0.14090555113035153,0.8590944488696485
72226,Stayed,0.24699714274854856,0.7530028572514514
9754,Left,0.9046814961674036,0.09531850383259645
69490,Left,0.8742458778295105,0.12575412217048956
44735,Left,0.7616681555250111,0.23833184447498887
19803,Left,0.5485211200500739,0.451478879949926
50738,Stayed,0.20389722475386207,0.7961027752461379
59314,Left,0.7939705744112797,0.20602942558872028
32103,Stayed,0.3289091423465156,0.6710908576534844
564,Stayed,0.257741032052207,0.742258967947793
52373,Stayed,0.4922789389229161,0.5077210610770839
29824,Left,0.9718291474623453,0.02817085253765469
63432,Stayed,0.19634682128898273,0.8036531787110173
39691,Stayed,0.3477477714671604,0.6522522285328396
5529,Stayed,0.05927122324976386,0.9407287767502361
64295,Left,0.8291158544200714,0.17088414557992862
66412,Left,0.5569802328829164,0.4430197671170836
3176,Stayed,0.10661056191539153,0.8933894380846085
56512,Stayed,0.02530457123660612,0.9746954287633939
58971,Stayed,0.45686551298167055,0.5431344870183294
35701,Left,0.8012450398789287,0.19875496012107127
71573,Stayed,0.44540506353544773,0.5545949364645523
49292,Stayed,0.07794970365900011,0.9220502963409999
66608,Left,0.6076148926816228,0.39238510731837717
26003,Left,0.6766854586163812,0.3233145413836188
16410,Left,0.8930243868000858,0.1069756131999142
57810,Stayed,0.34997252766919507,0.6500274723308049
15533,Left,0.5308881765120124,0.4691118234879877
32631,Stayed,0.28594252806722376,0.7140574719327762
43874,Stayed,0.41934791229788926,0.5806520877021107
72054,Left,0.7610293160166658,0.23897068398333418
22411,Stayed,0.04391723720932583,0.9560827627906742
5163,Left,0.9015409043745067,0.09845909562549325
18521,Left,0.8664289048594245,0.13357109514057547
48843,Left,0.7530054826546554,0.24699451734534458
66638,Stayed,0.13944016727011888,0.8605598327298811
16267,Stayed,0.3957419642392236,0.6042580357607764
10571,Left,0.9331157875020835,0.06688421249791655
18634,Stayed,0.07540654792687596,0.924593452073124
52123,Left,0.5721503127236625,0.4278496872763376
60269,Stayed,0.3488579742017558,0.6511420257982442
46394,Left,0.7241599668351063,0.2758400331648937
20280,Left,0.8256296631887177,0.1743703368112823
63976,Stayed,0.14014130660797763,0.8598586933920224
67639,Left,0.9465806244911017,0.05341937550889829
12242,Stayed,0.36703722222539403,0.632962777774606
2332,Stayed,0.22356834789692526,0.7764316521030747
68980,Left,0.8033120075374817,0.1966879924625183
24493,Stayed,0.32911658769888585,0.6708834123011141
53293,Stayed,0.11057285671126049,0.8894271432887395
25012,Stayed,0.2394608577219801,0.7605391422780199
53402,Left,0.5034868720255894,0.49651312797441066
17404,Left,0.7383792296755863,0.26162077032441367
16277,Left,0.7356365471627951,0.26436345283720486
46509,Left,0.5458266568130763,0.45417334318692376
7316,Left,0.898576796873759,0.10142320312624097
53505,Left,0.5465718340034724,0.4534281659965276
30426,Left,0.7502045923872838,0.2497954076127163
64813,Left,0.514134950972834,0.485865049027166
65563,Left,0.6113634199979172,0.38863658000208284
33188,Stayed,0.25640483358225796,0.743595166417742
15890,Left,0.7708045154994757,0.2291954845005243
10033,Stayed,0.16810213690421816,0.8318978630957818
56730,Stayed,0.036665890700096404,0.9633341092999036
29652,Left,0.5101122441713437,0.4898877558286563
17653,Left,0.5370397267529462,0.4629602732470538
69126,Stayed,0.3789034068530206,0.6210965931469794
4570,Left,0.7380108411829472,0.26198915881705276
33262,Stayed,0.033199327036474324,0.9668006729635257
2617,Left,0.8763369844248169,0.12366301557518311
25926,Stayed,0.004196233845911723,0.9958037661540883
7412,Left,0.8064042965139695,0.19359570348603045
31406,Left,0.6834935184036601,0.3165064815963399
12204,Left,0.8988158000326776,0.10118419996732236
20454,Stayed,0.2009502869027372,0.7990497130972628
44818,Stayed,0.10257997674852215,0.8974200232514778
42205,Left,0.8178460590650406,0.18215394093495943
16802,Left,0.6560951347191836,0.34390486528081643
22550,Stayed,0.026205015209933458,0.9737949847900665
42516,Left,0.5712826270580407,0.4287173729419593
22009,Left,0.5432431194793315,0.45675688052066854
51032,Stayed,0.257110256357975,0.742889743642025
20083,Stayed,0.0861785814212791,0.9138214185787209
41893,Left,0.6829174881776545,0.3170825118223454
1690,Stayed,0.1969278581604753,0.8030721418395247
56186,Left,0.8907378528490185,0.10926214715098151
17234,Stayed,0.35683387594368754,0.6431661240563125
4819,Stayed,0.3371245294914964,0.6628754705085036
6676,Stayed,0.008445672022144302,0.9915543279778557
8726,Left,0.5107596155620338,0.4892403844379663
73372,Stayed,0.3726891057406476,0.6273108942593524
44147,Stayed,0.37554885074157884,0.6244511492584212
11308,Left,0.7171749482562562,0.28282505174374384
63558,Stayed,0.0014565208040271393,0.9985434791959729
5173,Left,0.771070589944887,0.22892941005511305
26480,Stayed,0.35409126417900316,0.6459087358209968
23211,Left,0.6195847228178009,0.3804152771821991
63554,Stayed,0.3152003551902596,0.6847996448097404
41585,Stayed,0.29462984108181256,0.7053701589181874
45147,Left,0.7025394523258913,0.2974605476741087
43139,Stayed,0.0255878549787375,0.9744121450212625
22041,Stayed,0.13779889586234084,0.8622011041376592
25968,Stayed,0.11151992063645277,0.8884800793635472
4529,Left,0.5079864329260031,0.49201356707399685
30579,Stayed,0.32732930777522595,0.672670692224774
67776,Left,0.6587628235446739,0.3412371764553261
39950,Stayed,0.4044316462476705,0.5955683537523295
43582,Left,0.9880839525911387,0.011916047408861279
61028,Stayed,0.2391619962954915,0.7608380037045085
31598,Stayed,0.19011271925620277,0.8098872807437972
68906,Left,0.8920433502214264,0.10795664977857357
67779,Stayed,0.038006322818334715,0.9619936771816653
36083,Stayed,0.2028998587250428,0.7971001412749572
39749,Stayed,0.03889731509356187,0.9611026849064381
58624,Left,0.9623408319725325,0.03765916802746747
586,Left,0.7575789008935239,0.24242109910647616
62804,Left,0.6699060923358124,0.33009390766418756
25984,Stayed,0.12295292129538382,0.8770470787046162
8531,Left,0.7990491314173069,0.20095086858269304
37091,Left,0.5715739070856403,0.42842609291435974
39513,Stayed,0.07578348655418754,0.9242165134458125
64706,Stayed,0.13377404593232245,0.8662259540676776
54114,Left,0.7818141364813261,0.21818586351867386
19731,Stayed,0.24704725582585918,0.7529527441741408
22040,Left,0.7103654137582107,0.2896345862417892
4040,Stayed,0.16911265867999492,0.8308873413200051
28316,Left,0.5708965378463893,0.4291034621536108
995,Stayed,0.40384774865236706,0.5961522513476329
64142,Stayed,0.08235200971408463,0.9176479902859154
65173,Stayed,0.18222282311223403,0.817777176887766
51352,Left,0.547567377332131,0.45243262266786904
53691,Left,0.984026664592373,0.015973335407627052
34779,Left,0.828345453450591,0.17165454654940898
45401,Left,0.7440731644067368,0.25592683559326324
35190,Left,0.9441700721527084,0.055829927847291606
7564,Left,0.8543550927366712,0.14564490726332885
25544,Stayed,0.12585073580233352,0.8741492641976665
29069,Stayed,0.4398757467260347,0.5601242532739653
1190,Stayed,0.22542382158111218,0.7745761784188878
12692,Stayed,0.40394610765980876,0.5960538923401912
1194,Left,0.6417599078792088,0.3582400921207912
66348,Left,0.9705854370684488,0.029414562931551227
21634,Left,0.9240890319430007,0.07591096805699925
25784,Stayed,0.2583649757520736,0.7416350242479264
49235,Left,0.820230964020705,0.17976903597929503
63114,Left,0.7847885495070492,0.2152114504929507
2266,Stayed,0.06063733755668821,0.9393626624433118
52603,Stayed,0.35958450566214306,0.6404154943378569
48272,Stayed,0.2649599660494202,0.7350400339505798
73296,Stayed,0.09589058146288931,0.9041094185371107
15244,Stayed,0.022820666091112662,0.9771793339088873
56627,Left,0.7444765146168865,0.25552348538311354
56330,Left,0.5634168007147261,0.4365831992852739
29183,Left,0.6140973903778904,0.3859026096221096
28362,Left,0.7464057840591909,0.25359421594080905
73093,Stayed,0.03597057556304373,0.9640294244369563
36272,Stayed,0.4201332911991371,0.5798667088008629
37736,Left,0.9261189148013421,0.07388108519865787
28786,Left,0.8059950273294385,0.19400497267056155
20893,Stayed,0.2681542832732876,0.7318457167267124
9978,Stayed,0.16073293277699152,0.8392670672230085
6273,Left,0.9431372638089697,0.056862736191030355
56955,Left,0.535420645038351,0.464579354961649
68731,Left,0.5860002283839322,0.4139997716160678
67733,Stayed,0.41839645159516614,0.5816035484048339
49556,Left,0.8959698946812468,0.10403010531875319
72639,Stayed,0.3530887362990057,0.6469112637009943
35073,Left,0.9105378280506943,0.08946217194930568
23767,Stayed,0.40450768283709637,0.5954923171629036
51228,Left,0.6181628253108128,0.3818371746891872
3947,Left,0.8691654471405987,0.1308345528594012
38341,Stayed,0.07057827823248286,0.9294217217675171
9448,Stayed,0.05031039412893201,0.949689605871068
379,Stayed,0.03847212597243721,0.9615278740275628
44579,Stayed,0.33131357435010855,0.6686864256498914
72845,Left,0.8129881747621949,0.18701182523780513
43648,Stayed,0.05466522803093887,0.9453347719690611
16823,Left,0.5539677321428671,0.44603226785713285
9332,Stayed,0.01050573673779609,0.9894942632622039
1624,Left,0.8930967242585804,0.10690327574141954
18780,Stayed,0.47701473842546016,0.5229852615745398
53963,Stayed,0.4381376967611119,0.5618623032388881
18011,Stayed,0.41025523685298493,0.5897447631470151
43295,Left,0.5698457791858271,0.4301542208141728
39355,Left,0.6800966124171383,0.31990338758286174
28159,Stayed,0.20142855551023786,0.7985714444897621
32128,Left,0.982440705347477,0.017559294652522994
26097,Left,0.79109240219767,0.20890759780233
42004,Left,0.9517641145071409,0.04823588549285909
57211,Left,0.6029590535458981,0.39704094645410193
50693,Stayed,0.2897766025347437,0.7102233974652563
72772,Stayed,0.05474160590316379,0.9452583940968362
46870,Stayed,0.042374263989606975,0.957625736010393
53160,Left,0.6638060780280073,0.33619392197199266
37371,Left,0.7506446394165405,0.24935536058345956
19439,Left,0.8079699968970135,0.19203000310298649
67538,Left,0.6614714705800158,0.33852852941998424
25772,Stayed,0.400996841128612,0.599003158871388
48831,Stayed,0.14211985813302097,0.857880141866979
57556,Left,0.5704246176527072,0.4295753823472928
48452,Left,0.6218737995133498,0.37812620048665024
19989,Stayed,0.28709426568483776,0.7129057343151622
39350,Left,0.6517468567736818,0.3482531432263182
47557,Stayed,0.28985954280551207,0.7101404571944879
52448,Stayed,0.050019187002955934,0.9499808129970441
39371,Stayed,0.19886006551976432,0.8011399344802357
3941,Stayed,0.3767593246448263,0.6232406753551737
55003,Left,0.9330964686789778,0.06690353132102218
33178,Left,0.9094260147438324,0.09057398525616753
16345,Stayed,0.3882448416995007,0.6117551583004993
36210,Stayed,0.11949534179381849,0.8805046582061815
53653,Stayed,0.4248936612490204,0.5751063387509796
8711,Left,0.7236697759480379,0.2763302240519621
29842,Left,0.9468630765178283,0.0531369234821717
29628,Left,0.9349902721641097,0.06500972783589028
39276,Stayed,0.2927248441965318,0.7072751558034682
37484,Stayed,0.050026214070459485,0.9499737859295405
25261,Left,0.8880833363935882,0.11191666360641188
70303,Left,0.6393135719409988,0.36068642805900114
21383,Stayed,0.2902934566318849,0.7097065433681151
42290,Left,0.9650155505286697,0.0349844494713303
24984,Left,0.7564282527474264,0.24357174725257363
55701,Left,0.7991672220909705,0.20083277790902948
55145,Left,0.8033177035441339,0.1966822964558661
1122,Left,0.7160413560872949,0.28395864391270503
32124,Stayed,0.063352809631681,0.936647190368319
4197,Left,0.7467075289008918,0.2532924710991082
53849,Stayed,0.38356244106813164,0.6164375589318684
26865,Stayed,0.06563579799214625,0.9343642020078538
65900,Left,0.8976583124264456,0.10234168757355448
32462,Stayed,0.07588024533853421,0.9241197546614658
65105,Left,0.6252942772276633,0.3747057227723367
42878,Stayed,0.4352599163393458,0.5647400836606542
72753,Left,0.5719872050326997,0.42801279496730027
36025,Left,0.9371693796033069,0.06283062039669302
1001,Stayed,0.49278855139429034,0.5072114486057097
60538,Stayed,0.3755809669071706,0.6244190330928294
36826,Stayed,0.0035692258853845527,0.9964307741146154
42031,Left,0.6165943415026187,0.3834056584973813
34686,Stayed,0.44195590775776494,0.5580440922422351
63291,Stayed,0.43650180766562485,0.5634981923343751
57312,Stayed,0.33105113144674037,0.6689488685532596
41590,Left,0.7304044988570506,0.26959550114294945
62367,Left,0.8087784368864881,0.19122156311351196
55222,Stayed,0.37658368084356286,0.6234163191564371
20819,Left,0.9814768134558081,0.018523186544191956
42450,Stayed,0.015375775065405106,0.9846242249345949
50466,Left,0.5238331208696809,0.4761668791303191
65693,Stayed,0.4401306838906197,0.5598693161093803
67057,Left,0.8558039373585542,0.14419606264144583
47586,Left,0.7995043095352471,0.20049569046475293
48728,Left,0.87499476897479,0.12500523102521002
51649,Stayed,0.11152602255585187,0.8884739774441481
48410,Left,0.7858719238458092,0.2141280761541908
65825,Stayed,0.4733579982107561,0.5266420017892439
69976,Stayed,0.24302217473723087,0.7569778252627691
41117,Stayed,0.03282580821490744,0.9671741917850926
43283,Stayed,0.34145868990913386,0.6585413100908661
67869,Stayed,0.35474599649333494,0.6452540035066651
59466,Left,0.6029071531033736,0.39709284689662644
13421,Stayed,0.4883137212300437,0.5116862787699563
62398,Left,0.5920530863391193,0.40794691366088065
4531,Left,0.7910661518049187,0.2089338481950813
72209,Left,0.9446328720058391,0.05536712799416089
41016,Left,0.75813592747211,0.24186407252789002
781,Stayed,0.36776286602711405,0.632237133972886
69647,Stayed,0.1519541754450332,0.8480458245549668
43930,Left,0.590422667025711,0.409577332974289
17861,Left,0.5834550586757905,0.41654494132420944
53994,Stayed,0.06084208143125458,0.9391579185687454
49744,Stayed,0.3916411910229264,0.6083588089770736
52904,Stayed,0.29213067401086235,0.7078693259891377
22529,Left,0.8009879333207457,0.19901206667925436
16358,Stayed,0.21894522583417608,0.7810547741658239
4365,Left,0.9364877601158792,0.06351223988412079
55034,Left,0.9066037691826606,0.0933962308173394
32666,Left,0.9574122003232699,0.04258779967673015
64444,Left,0.8034047135552813,0.19659528644471874
74441,Left,0.8675157859351815,0.13248421406481845
681,Stayed,0.12597720432627435,0.8740227956737256
10895,Stayed,0.048496975074438065,0.9515030249255619
9502,Stayed,0.28445973569932115,0.7155402643006789
48350,Stayed,0.06648830947183826,0.9335116905281617
67954,Stayed,0.3830737607083402,0.6169262392916598
12065,Stayed,0.20344087622331197,0.796559123776688
36616,Stayed,0.47962114258960065,0.5203788574103994
33963,Left,0.8730974148660986,0.12690258513390146
74021,Left,0.9413413376756588,0.058658662324341214
45990,Stayed,0.08010976865196251,0.9198902313480375
5733,Stayed,0.2765754635980334,0.7234245364019666
24746,Left,0.6254101977336313,0.3745898022663688
30595,Left,0.6286459302833023,0.37135406971669765
3221,Stayed,0.49613746633397027,0.5038625336660297
34442,Stayed,0.05060786803421957,0.9493921319657804
7484,Left,0.7406845268709571,0.2593154731290429
15645,Stayed,0.4349400334288549,0.5650599665711451
46591,Left,0.6579156812327254,0.3420843187672747
35967,Left,0.8798904704484402,0.12010952955155989
51930,Stayed,0.024894768571002368,0.9751052314289976
21162,Left,0.5790649924804734,0.42093500751952656
64749,Stayed,0.09714273333390777,0.9028572666660922
10362,Left,0.7422700854678578,0.2577299145321422
6673,Stayed,0.06415273143990763,0.9358472685600924
11307,Left,0.7647185204681451,0.23528147953185485
51939,Stayed,0.09993504499320283,0.9000649550067972
25034,Left,0.9873949088267819,0.012605091173218067
29647,Left,0.6669240025023351,0.333075997497665
60474,Left,0.607992655072084,0.39200734492791606
52864,Stayed,0.12621731694444926,0.8737826830555507
71005,Stayed,0.29240170438299284,0.7075982956170072
28922,Stayed,0.002022279386084347,0.9979777206139157
34105,Left,0.8110722397651692,0.18892776023483082
8936,Left,0.7162232907381618,0.28377670926183823
25690,Stayed,0.4594754057468302,0.5405245942531698
37795,Stayed,0.10126009635861555,0.8987399036413845
48334,Stayed,0.05250880547612102,0.947491194523879
34420,Left,0.884121244012659,0.11587875598734103
35684,Left,0.9904083909073952,0.009591609092604843
2142,Stayed,0.31467400957340386,0.6853259904265961
26608,Left,0.8534158874235366,0.14658411257646345
39321,Left,0.8163891332659159,0.18361086673408406
13926,Left,0.7764919112206015,0.22350808877939857
24440,Left,0.8618376146799758,0.13816238532002428
45793,Stayed,0.49297791137889857,0.5070220886211014
35251,Left,0.9266782638391767,0.07332173616082326
31198,Left,0.9543447923183674,0.04565520768163261
20757,Left,0.8923614758434151,0.10763852415658498
67203,Stayed,0.24445269088218646,0.7555473091178135
35347,Left,0.5550525742237234,0.44494742577627655
22754,Left,0.7105069868687338,0.2894930131312662
67219,Stayed,0.05531275417857384,0.9446872458214262
21766,Stayed,0.18449647742153696,0.815503522578463
56609,Stayed,0.22661339274336034,0.7733866072566397
45911,Left,0.6861750801091193,0.3138249198908806
22497,Stayed,0.3819460544974843,0.6180539455025157
12725,Left,0.7936225668995843,0.2063774331004157
72849,Left,0.9803880800016513,0.01961191999834869
66427,Stayed,0.13444727815485968,0.8655527218451403
2955,Left,0.7064269753673753,0.29357302463262475
73238,Left,0.7762535813502452,0.22374641864975478
71088,Stayed,0.13069281876571537,0.8693071812342846
14476,Stayed,0.08981426265496206,0.9101857373450379
69387,Left,0.9728236977175275,0.02717630228247242
3054,Left,0.5069447501863978,0.49305524981360216
69047,Stayed,0.2706549649214325,0.7293450350785675
27171,Left,0.5971271668679684,0.4028728331320316
7292,Stayed,0.1660462743959814,0.8339537256040186
7210,Stayed,0.031264383311155886,0.9687356166888441
72175,Stayed,0.08849438180578306,0.9115056181942169
24783,Left,0.7326410628472767,0.2673589371527233
25653,Stayed,0.3400533531977502,0.6599466468022498
40565,Left,0.8505724002947539,0.14942759970524605
34101,Left,0.8903990967170764,0.10960090328292364
42547,Left,0.8836417386658829,0.11635826133411711
30457,Left,0.503802594982184,0.496197405017816
42393,Stayed,0.0665186595994558,0.9334813404005442
24369,Stayed,0.43339363560334954,0.5666063643966505
9460,Left,0.6444107454530792,0.35558925454692086
13152,Stayed,0.3800422286638463,0.6199577713361537
53542,Left,0.533162283737361,0.46683771626263904
56260,Left,0.865401277631794,0.13459872236820603
63655,Stayed,0.3080619846791788,0.6919380153208212
28763,Left,0.840340796965492,0.15965920303450795
67047,Left,0.82416502822967,0.17583497177033003
66411,Left,0.5455284603794102,0.45447153962058984
40535,Left,0.8387166693016573,0.16128333069834264
66309,Left,0.5495055737012302,0.45049442629876985
23263,Stayed,0.00419977009007555,0.9958002299099245
36074,Stayed,0.2930842299686395,0.7069157700313605
56882,Stayed,0.3925994789548809,0.6074005210451191
14453,Stayed,0.48641880802619153,0.5135811919738085
72386,Left,0.8826758700176548,0.11732412998234525
62329,Stayed,0.03473471804447059,0.9652652819555294
42059,Left,0.765174921691136,0.23482507830886404
12958,Stayed,0.07361949576233318,0.9263805042376668
22499,Left,0.824129242868962,0.17587075713103797
33588,Stayed,0.017822777391290456,0.9821772226087095
33233,Stayed,0.39818988261306354,0.6018101173869365
5289,Left,0.9797267571977227,0.020273242802277283
41825,Left,0.8984301707218634,0.10156982927813661
18787,Stayed,0.3323222329623886,0.6676777670376114
931,Stayed,0.00552893205558691,0.9944710679444131
17690,Stayed,0.4787327003852011,0.5212672996147989
36606,Stayed,0.037068113872516406,0.9629318861274836
1228,Left,0.9667328047880839,0.03326719521191611
58637,Left,0.9638541389898743,0.03614586101012575
16327,Left,0.9173188222356738,0.08268117776432611
3402,Stayed,0.08073505889527022,0.9192649411047298
57163,Stayed,0.20620995743772996,0.79379004256227
28663,Left,0.5803693947362851,0.4196306052637148
18358,Stayed,0.058611853164549865,0.9413881468354501
49264,Stayed,0.39311909148036495,0.606880908519635
71873,Stayed,0.4531797816060754,0.5468202183939246
14999,Stayed,0.1110884760911649,0.8889115239088351
64627,Stayed,0.28546444562579876,0.7145355543742012
49023,Stayed,0.25891325995340564,0.7410867400465944
73109,Left,0.7492857756583378,0.2507142243416622
38142,Stayed,0.3204229657034774,0.6795770342965226
59364,Stayed,0.3513672842174923,0.6486327157825077
12107,Stayed,0.4200575463868653,0.5799424536131347
60603,Stayed,0.39908681382245603,0.600913186177544
32383,Stayed,0.3259023327289945,0.6740976672710055
66280,Stayed,0.01703495017501666,0.9829650498249833
17639,Left,0.8077148824591345,0.19228511754086558
12342,Left,0.637533688846585,0.36246631115341504
43841,Stayed,0.3570983687237115,0.6429016312762885
65048,Left,0.6211169526744988,0.3788830473255012
73436,Stayed,0.033684874447513447,0.9663151255524866
59236,Left,0.9093602546303425,0.0906397453696575
62276,Stayed,0.0025246993268013274,0.9974753006731987
67735,Left,0.9470646962663926,0.05293530373360739
60710,Stayed,0.3402034526817219,0.6597965473182781
35005,Stayed,0.1261729750574968,0.8738270249425032
31902,Stayed,0.32587588697219194,0.6741241130278081
61771,Left,0.9806858937231521,0.019314106276847976
46813,Left,0.8134800949158456,0.1865199050841544
12401,Left,0.8540605463879379,0.14593945361206204
56220,Stayed,0.0692353489485833,0.9307646510514167
50616,Left,0.8985978531282423,0.10140214687175778
37493,Stayed,0.07454542793048058,0.9254545720695194
20168,Left,0.6747568209183759,0.3252431790816242
12201,Left,0.742536868725935,0.257463131274065
55571,Left,0.71902026174267,0.2809797382573301
57289,Stayed,0.41298563745878103,0.587014362541219
32649,Stayed,0.15762619425125435,0.8423738057487457
6479,Left,0.5081648331729709,0.4918351668270291
1310,Stayed,0.4694736740659454,0.5305263259340546
63623,Left,0.986382273563933,0.013617726436066948
25088,Stayed,0.37222740940866583,0.6277725905913342
2288,Stayed,0.39858740858822117,0.6014125914117788
18397,Stayed,0.28305569234810946,0.7169443076518905
55149,Stayed,0.22661282867224908,0.7733871713277509
40469,Left,0.8294517560825299,0.1705482439174701
71017,Left,0.8531452356988255,0.14685476430117447
64474,Left,0.8785580530627819,0.1214419469372181
30020,Left,0.606186770056401,0.3938132299435991
50937,Left,0.7156645579093646,0.28433544209063544
40715,Stayed,0.08980613920144664,0.9101938607985534
52768,Stayed,0.3496964411738961,0.6503035588261039
16355,Left,0.7842169940408112,0.21578300595918876
38130,Left,0.8393480152367138,0.16065198476328627
61091,Left,0.8947242681230556,0.10527573187694439
69428,Stayed,0.4352116451218917,0.5647883548781083
47710,Stayed,0.23849636233794602,0.761503637662054
33868,Left,0.6754219995985259,0.3245780004014741
58369,Left,0.7404727580076336,0.25952724199236643
32942,Stayed,0.4769832409380105,0.5230167590619895
42545,Left,0.9025359643371748,0.09746403566282527
73728,Left,0.8109634326355014,0.18903656736449861
32297,Left,0.985379884765932,0.014620115234068042
48302,Left,0.7497298017435188,0.2502701982564812
56438,Stayed,0.3064163828351666,0.6935836171648334
67428,Left,0.9446239099647159,0.05537609003528412
40817,Left,0.7911329044125412,0.20886709558745878
64593,Stayed,0.09452770106685604,0.905472298933144
17081,Left,0.5237382851845268,0.4762617148154732
18254,Left,0.7263512857237414,0.2736487142762586
66555,Stayed,0.11529549576928,0.88470450423072
13023,Stayed,0.005335125999284318,0.9946648740007157
40035,Left,0.9471032006198093,0.0528967993801906
56859,Left,0.7199087158018039,0.28009128419819607
59213,Stayed,0.3190146488165968,0.6809853511834032
51636,Stayed,0.25349686248120795,0.746503137518792
17713,Left,0.8646894158911498,0.13531058410885025
66304,Left,0.5710307795526879,0.42896922044731206
54279,Stayed,0.0036411015703332605,0.9963588984296667
43385,Left,0.7767616098466876,0.2232383901533124
32821,Left,0.7950542349271764,0.20494576507282355
23518,Stayed,0.2688517683197439,0.7311482316802561
42210,Stayed,0.39530943293831355,0.6046905670616864
13077,Left,0.9147667826612725,0.08523321733872746
54141,Stayed,0.39111050691871174,0.6088894930812883
67178,Stayed,0.49908404694599273,0.5009159530540073
70254,Left,0.7649399192636932,0.23506008073630677
73455,Stayed,0.29048345307855894,0.7095165469214411
25200,Left,0.7858820296624125,0.21411797033758756
29793,Stayed,0.03825954033304735,0.9617404596669527
2542,Left,0.5501583204126683,0.4498416795873317
19843,Left,0.7446123632537853,0.2553876367462146
20901,Left,0.7416714330084977,0.25832856699150225
34215,Left,0.8457326919453462,0.1542673080546538
24749,Stayed,0.06224573041630954,0.9377542695836905
58251,Stayed,0.41681873432528294,0.5831812656747171
10971,Left,0.654327978433248,0.34567202156675203
41862,Stayed,0.3401486630932248,0.6598513369067752
7885,Left,0.7710936223818816,0.22890637761811833
47485,Left,0.7847659330762672,0.2152340669237328
1167,Left,0.734783248789947,0.26521675121005295
62477,Stayed,0.0353859088202344,0.9646140911797656
14219,Left,0.96184410689341,0.0381558931065899
34688,Stayed,0.2853361009585701,0.7146638990414299
16432,Left,0.8174102926715361,0.18258970732846388
33000,Left,0.8737220814007048,0.12627791859929516
59153,Stayed,0.13473858089641633,0.8652614191035837
23323,Left,0.9559892019326928,0.04401079806730721
26107,Left,0.9599097581207165,0.040090241879283464
16791,Left,0.7504767228718021,0.2495232771281979
47182,Stayed,0.2102734879847603,0.7897265120152397
73038,Stayed,0.209776454787173,0.790223545212827
3566,Left,0.7087091160020369,0.29129088399796316
5186,Left,0.826455335750844,0.173544664249156
42257,Stayed,0.1162137391978002,0.8837862608021998
6537,Left,0.8290221682098442,0.17097783179015583
25841,Stayed,0.42448553600775185,0.5755144639922481
3172,Stayed,0.08029712209410944,0.9197028779058906
1165,Left,0.5291666872785157,0.4708333127214843
19146,Left,0.7625769289509067,0.23742307104909333
278,Stayed,0.4598794815232985,0.5401205184767015
5511,Left,0.6653048690224328,0.33469513097756715
5741,Left,0.7230580723290163,0.27694192767098375
43243,Left,0.5198740247858012,0.48012597521419875
2114,Left,0.8822230105068316,0.11777698949316835
44199,Stayed,0.19753169153307115,0.8024683084669288
51998,Stayed,0.24286084456175638,0.7571391554382436
13970,Left,0.8585450137846646,0.14145498621533534
8816,Stayed,0.13855692193278712,0.8614430780672129
39705,Stayed,0.2373327150587352,0.7626672849412648
2910,Stayed,0.19033947419648123,0.8096605258035188
51958,Left,0.5401138663183174,0.4598861336816826
50031,Stayed,0.015913386877448255,0.9840866131225517
43766,Left,0.90049663514058,0.09950336485942
30143,Stayed,0.2859379647526189,0.7140620352473811
20945,Left,0.7386408349962508,0.2613591650037493
17747,Left,0.9843784109244715,0.015621589075528484
71130,Stayed,0.41181665943172097,0.588183340568279
18591,Stayed,0.17912941085757028,0.8208705891424297
61966,Left,0.6033956086433288,0.39660439135667125
32181,Stayed,0.06281837516496391,0.9371816248350361
37554,Left,0.6800592844338308,0.3199407155661692
24541,Stayed,0.4385722811522105,0.5614277188477895
15445,Left,0.6941513917509181,0.30584860824908194
34882,Stayed,0.22358782598940252,0.7764121740105975
34439,Stayed,0.23322212345248783,0.7667778765475122
3417,Left,0.6858197854633824,0.3141802145366176
33503,Stayed,0.16303131431788298,0.836968685682117
67338,Left,0.8194967497507657,0.1805032502492343
40815,Left,0.9666192213428015,0.03338077865719845
21983,Left,0.8273690493892345,0.17263095061076555
698,Stayed,0.23796727039023058,0.7620327296097694
70846,Left,0.7872173004946481,0.21278269950535192
51471,Stayed,0.17093788211951333,0.8290621178804867
51764,Stayed,0.09837768545988479,0.9016223145401152
15882,Left,0.563916041195138,0.4360839588048619
1291,Stayed,0.3023087847073723,0.6976912152926277
59580,Stayed,0.3326251270871995,0.6673748729128005
63409,Stayed,0.39287769667321426,0.6071223033267857
24379,Stayed,0.12304287960423643,0.8769571203957636
55619,Left,0.9678673268252463,0.032132673174753636
1609,Left,0.840337640820959,0.15966235917904106
50403,Left,0.9525999978529389,0.04740000214706111
14624,Stayed,0.4578181852057909,0.5421818147942091
40880,Stayed,0.3561677959412499,0.6438322040587501
42663,Stayed,0.25955701723519065,0.7404429827648094
58732,Left,0.7124508369228686,0.28754916307713146
30345,Stayed,0.014261322429961698,0.9857386775700383
68733,Stayed,0.10118438485118808,0.8988156151488119
73024,Stayed,0.05951693457261198,0.940483065427388
53233,Stayed,0.49166557983917114,0.5083344201608289
3154,Left,0.7698013166040496,0.2301986833959504
24829,Left,0.6513795659851833,0.3486204340148166
16701,Left,0.8651807636344604,0.1348192363655396
32771,Stayed,0.1582558598075564,0.8417441401924436
49564,Stayed,0.14121809300815436,0.8587819069918456
64935,Left,0.9540480483100952,0.04595195168990486
17809,Stayed,0.020311844451886607,0.9796881555481134
17556,Stayed,0.27324591081459126,0.7267540891854087
33151,Left,0.8425340578286717,0.1574659421713282
47356,Left,0.8396782723791387,0.16032172762086133
56127,Left,0.8603607514063422,0.13963924859365787
38612,Stayed,0.09430625008572668,0.9056937499142733
35408,Left,0.6682205089548069,0.3317794910451931
31435,Stayed,0.4749698601066409,0.5250301398933591
42406,Left,0.9782502183288222,0.021749781671177793
67725,Stayed,0.02688150863179284,0.9731184913682072
68642,Stayed,0.3012910760953956,0.6987089239046044
27534,Stayed,0.23272490734906737,0.7672750926509326
45489,Left,0.5963376529115707,0.40366234708842935
10173,Left,0.6328713366084852,0.36712866339151484
50758,Left,0.9880405011178324,0.011959498882167633
70375,Stayed,0.11820538179273832,0.8817946182072617
68543,Left,0.7476633114606359,0.25233668853936403
67146,Stayed,0.09640823822700362,0.9035917617729964
29315,Stayed,0.17590277804365106,0.8240972219563489
7360,Stayed,0.18514419657504322,0.8148558034249568
33722,Left,0.5621286241320661,0.4378713758679339
27297,Stayed,0.12990747835775374,0.8700925216422463
19322,Stayed,0.12095942268879156,0.8790405773112084
54096,Left,0.6791143504457374,0.3208856495542626
19485,Stayed,0.11075400112205558,0.8892459988779444
62600,Left,0.8113816768706456,0.18861832312935442
45906,Stayed,0.4962991366739926,0.5037008633260074
5563,Stayed,0.35494853930270287,0.6450514606972971
37593,Left,0.9491771251151707,0.050822874884829325
56024,Stayed,0.14955776789585273,0.8504422321041473
34546,Left,0.906992453081426,0.09300754691857405
32573,Left,0.6449433406822582,0.3550566593177418
32558,Left,0.6049352186901147,0.3950647813098853
65003,Left,0.5436800643926379,0.45631993560736206
68296,Left,0.7157314197751732,0.2842685802248268
68351,Left,0.696535002614056,0.30346499738594407
9200,Stayed,0.025871285749662354,0.9741287142503376
62350,Stayed,0.4103342629268353,0.5896657370731647
56779,Stayed,0.34422038560150847,0.6557796143984915
32029,Stayed,0.029485822143429208,0.9705141778565708
1902,Stayed,0.4631417500820455,0.5368582499179545
26793,Left,0.952021084587659,0.04797891541234104
32723,Left,0.7162151414891617,0.28378485851083834
67829,Left,0.8336336001492874,0.16636639985071258
17540,Left,0.6525492628709928,0.34745073712900726
4624,Left,0.5196634491512783,0.48033655084872173
67966,Stayed,0.25386615529969436,0.7461338447003056
67081,Left,0.8621631186271421,0.13783688137285788
54280,Left,0.8705031080342895,0.12949689196571043
54614,Left,0.8601572858293322,0.13984271417066788
28138,Left,0.5437681873616433,0.4562318126383566
44984,Left,0.5431274053090653,0.4568725946909346
4595,Left,0.84949692205189,0.15050307794811005
63269,Stayed,0.4442944155534545,0.5557055844465455
70627,Stayed,0.04303614563833125,0.9569638543616688
773,Stayed,0.1942275849576215,0.8057724150423785
21812,Left,0.764484677388197,0.2355153226118029
10818,Left,0.9624383604952617,0.03756163950473831
34151,Left,0.9613857533943535,0.038614246605646496
30358,Stayed,0.07695992396368212,0.9230400760363179
40796,Stayed,0.0041914194778783775,0.9958085805221216
49313,Left,0.6568838652905336,0.3431161347094664
48132,Stayed,0.42170789793151153,0.5782921020684885
55706,Left,0.5013082180863156,0.49869178191368435
14505,Left,0.9745872595968895,0.025412740403110434
62840,Left,0.6738041061289486,0.32619589387105147
74243,Stayed,0.24269673438516426,0.7573032656148357
37602,Stayed,0.4548407940657253,0.5451592059342747
2779,Stayed,0.3600730676991105,0.6399269323008895
50684,Stayed,0.06255812024287744,0.9374418797571226
36179,Left,0.6582517765396126,0.34174822346038736
74362,Stayed,0.4126064505825332,0.5873935494174668
10994,Left,0.9180447020437894,0.08195529795621062
17782,Left,0.8064395335538355,0.1935604664461646
22434,Left,0.5624295170132703,0.4375704829867298
65841,Stayed,0.1552262044806877,0.8447737955193123
20702,Left,0.6356928472917742,0.3643071527082257
15728,Stayed,0.09964452399260681,0.9003554760073932
27326,Left,0.8956110678590034,0.10438893214099661
50224,Stayed,0.08237932796567515,0.9176206720343248
20633,Left,0.5925302406801674,0.40746975931983265
34454,Stayed,0.0663095448081088,0.9336904551918912
67103,Stayed,0.3159513703031165,0.6840486296968835
4266,Stayed,0.26354244589283726,0.7364575541071627
28967,Stayed,0.14489068701133534,0.8551093129886647
42107,Left,0.8008046989292009,0.1991953010707991
19445,Left,0.931372706019541,0.06862729398045894
5564,Stayed,0.299592832948231,0.700407167051769
50491,Left,0.5028399803011141,0.4971600196988859
36574,Stayed,0.13441949617276372,0.8655805038272363
57827,Stayed,0.11973636285659506,0.8802636371434049
27643,Stayed,0.48613958726338014,0.5138604127366199
49073,Left,0.6464252872061882,0.3535747127938118
2751,Left,0.809247771368063,0.19075222863193703
899,Stayed,0.27428914396354587,0.7257108560364541
56350,Stayed,0.2783698275836799,0.7216301724163201
366,Stayed,0.2612346408413768,0.7387653591586232
47870,Left,0.8909977367857473,0.10900226321425271
27696,Stayed,0.4238144581880655,0.5761855418119345
63007,Left,0.5711956918088503,0.42880430819114973
74325,Left,0.993670327123356,0.006329672876644008
36486,Left,0.6163477883028193,0.38365221169718067
20973,Left,0.9560826584503179,0.04391734154968203
72781,Stayed,0.023794739089456063,0.9762052609105439
23353,Stayed,0.020538665893634733,0.9794613341063653
7641,Stayed,0.20146307803965113,0.7985369219603489
16409,Stayed,0.3667307238899411,0.6332692761100589
69734,Stayed,0.4479248037993794,0.5520751962006206
67800,Stayed,0.11299086539027503,0.887009134609725
13144,Left,0.5448819762383029,0.4551180237616971
3701,Stayed,0.4986755725865343,0.5013244274134657
30209,Left,0.9031839282960035,0.09681607170399653
33602,Stayed,0.38619200242432816,0.6138079975756718
66045,Stayed,0.49062646692257184,0.5093735330774282
55407,Stayed,0.36803842227497785,0.6319615777250221
20566,Left,0.7632833319374737,0.23671666806252628
42938,Left,0.8622304692812234,0.13776953071877662
13268,Stayed,0.0815372506319697,0.9184627493680303
20890,Stayed,0.4874420071829091,0.5125579928170909
43767,Left,0.6110935630996273,0.38890643690037274
66826,Left,0.9819492738976139,0.0180507261023861
69650,Left,0.5088774640029472,0.4911225359970528
63593,Left,0.5411666113034703,0.4588333886965296
36178,Stayed,0.004127550765795407,0.9958724492342046
50726,Left,0.5570682065957797,0.44293179340422023
18545,Left,0.9238763770485797,0.0761236229514203
34804,Stayed,0.481817554348165,0.518182445651835
26102,Stayed,0.025548511307479038,0.974451488692521
45847,Left,0.8495490131628965,0.15045098683710342
30056,Left,0.5706360056580235,0.42936399434197653
20187,Stayed,0.37585839340190963,0.6241416065980904
84,Stayed,0.29206904401957046,0.7079309559804295
21591,Stayed,0.12831170782119394,0.8716882921788061
72440,Stayed,0.34517530981648126,0.6548246901835187
6666,Stayed,0.07255469359254574,0.9274453064074543
62192,Stayed,0.08555782959637226,0.9144421704036277
63496,Left,0.8035678058854141,0.19643219411458593
28121,Stayed,0.17212884120303007,0.8278711587969699
2902,Left,0.9259736272639931,0.07402637273600689
11437,Stayed,0.1090779903399729,0.8909220096600271
60483,Stayed,0.39027446971313384,0.6097255302868662
69511,Left,0.8122868727673183,0.18771312723268174
50455,Stayed,0.10607247516691021,0.8939275248330898
59894,Left,0.615025205881707,0.38497479411829305
64413,Left,0.8804951103821672,0.11950488961783275
33483,Left,0.9677850571303872,0.032214942869612746
59516,Stayed,0.4920515379652416,0.5079484620347584
5269,Left,0.8619022376471958,0.13809776235280427
67819,Stayed,0.4082143825604452,0.5917856174395548
37909,Left,0.6612760849375245,0.33872391506247546
2442,Stayed,0.31665622125394677,0.6833437787460532
27986,Left,0.5957550502436298,0.40424494975637015
24317,Left,0.9242174961834483,0.07578250381655174
4042,Left,0.9039796854460286,0.09602031455397143
9888,Stayed,0.10833664506659335,0.8916633549334066
35468,Stayed,0.3981889299132717,0.6018110700867283
32731,Left,0.6285288116991532,0.37147118830084674
36900,Left,0.8464144923824717,0.15358550761752834
39088,Left,0.9251613370857841,0.07483866291421597
66906,Left,0.7786834707522541,0.22131652924774592
50707,Left,0.7750647711595887,0.22493522884041126
13739,Left,0.6287675573470168,0.37123244265298316
18839,Stayed,0.014086089509805721,0.9859139104901943
22776,Left,0.9015790045650187,0.09842099543498127
61655,Stayed,0.21811435535349788,0.7818856446465021
62360,Left,0.6714333615701717,0.3285666384298282
35296,Left,0.8361991364307286,0.16380086356927134
34560,Stayed,0.04254794874636947,0.9574520512536305
68188,Left,0.7609279545725358,0.23907204542746419
42302,Stayed,0.05339709684142757,0.9466029031585724
22398,Stayed,0.35313418409915764,0.6468658159008424
23433,Left,0.5371055585936148,0.46289444140638525
73849,Stayed,0.4074112060577977,0.5925887939422023
40110,Stayed,0.2688355701840731,0.7311644298159269
15109,Left,0.5889282491275531,0.4110717508724468
45256,Stayed,0.44606044579476856,0.5539395542052314
38648,Stayed,0.3598057356179145,0.6401942643820855
196,Stayed,0.23592533287672746,0.7640746671232725
37984,Stayed,0.13529537907642908,0.8647046209235709
57647,Stayed,0.10770907740817492,0.8922909225918251
3271,Stayed,0.21255209827375188,0.7874479017262481
56098,Stayed,0.10536744374625617,0.8946325562537438
58762,Stayed,0.43391311279850286,0.5660868872014971
4464,Left,0.5405234288974491,0.4594765711025509
27450,Left,0.9805075049464886,0.019492495053511402
16756,Stayed,0.0881904355044304,0.9118095644955696
19019,Stayed,0.42071446903144627,0.5792855309685537
15673,Left,0.971798235729983,0.028201764270016996
5534,Left,0.9657135275954223,0.034286472404577696
34490,Stayed,0.4702181465692409,0.5297818534307591
16403,Left,0.5491734335135554,0.4508265664864446
29850,Left,0.8591837062885147,0.14081629371148532
315,Left,0.9605471471915287,0.039452852808471287
63765,Left,0.5963055973117357,0.4036944026882643
73071,Stayed,0.3378784513317802,0.6621215486682198
29218,Left,0.6888790703364784,0.31112092966352156
8915,Stayed,0.3143340781143694,0.6856659218856306
17743,Left,0.855561232783578,0.14443876721642201
49796,Stayed,0.2743543741883685,0.7256456258116315
73884,Left,0.7796691490713966,0.2203308509286034
22557,Left,0.6236406023961172,0.3763593976038828
38075,Left,0.6153583625043604,0.38464163749563957
32447,Stayed,0.19784601601385943,0.8021539839861406
3029,Stayed,0.3798357541567988,0.6201642458432012
52167,Left,0.7922573988410043,0.2077426011589957
19381,Stayed,0.1262876659881682,0.8737123340118318
37888,Stayed,0.10025778464584612,0.8997422153541539
59491,Stayed,0.08922147339195718,0.9107785266080428
7581,Left,0.9312219994342964,0.06877800056570363
3556,Stayed,0.3118927561413495,0.6881072438586505
64653,Left,0.8882378394341882,0.11176216056581183
42689,Left,0.5554137746061532,0.44458622539384685
4594,Stayed,0.09275583841570656,0.9072441615842934
13204,Left,0.6191775939494228,0.3808224060505772
2816,Stayed,0.009470976382444984,0.990529023617555
50367,Left,0.8953751176950685,0.1046248823049315
35117,Stayed,0.18537085653795826,0.8146291434620417
65455,Stayed,0.0658767932363925,0.9341232067636075
56611,Left,0.7113856663987479,0.2886143336012521
36784,Stayed,0.2522667151165259,0.7477332848834741
71830,Stayed,0.1187485783947616,0.8812514216052384
20778,Stayed,0.3616341258904503,0.6383658741095497
21635,Stayed,0.07200259451749069,0.9279974054825093
27594,Stayed,0.15115961711526749,0.8488403828847325
1813,Left,0.9103586601643696,0.0896413398356304
40761,Stayed,0.07211991774972815,0.9278800822502719
1481,Left,0.9907704729882917,0.009229527011708363
27458,Left,0.9319459792081044,0.0680540207918956
45873,Stayed,0.463612765393141,0.536387234606859
43321,Left,0.5782489916847342,0.4217510083152658
1478,Stayed,0.15019320775434353,0.8498067922456565
64166,Left,0.777939662101178,0.2220603378988219
16383,Left,0.8408016260628619,0.15919837393713815
13049,Stayed,0.30450951349938604,0.695490486500614
71641,Stayed,0.058827347672969044,0.941172652327031
65147,Stayed,0.03883137686963778,0.9611686231303622
16815,Stayed,0.07213020964798622,0.9278697903520138
72766,Left,0.700937351984005,0.29906264801599497
10256,Left,0.6636867399855336,0.3363132600144664
64087,Left,0.5928484339474775,0.4071515660525225
16300,Stayed,0.07571387838037258,0.9242861216196274
5502,Stayed,0.08767126294209804,0.912328737057902
61191,Stayed,0.02391116579716357,0.9760888342028364
68382,Left,0.6361489836070776,0.3638510163929224
42519,Left,0.987867090445678,0.01213290955432198
64532,Stayed,0.07448217262405998,0.92551782737594
29184,Stayed,0.08323057779285536,0.9167694222071446
35333,Left,0.6331798762094332,0.3668201237905668
56502,Left,0.7950459947523991,0.20495400524760085
38123,Left,0.5780237930262805,0.4219762069737195
12451,Stayed,0.10969155169223821,0.8903084483077618
55307,Stayed,0.31776161311802986,0.6822383868819701
43570,Stayed,0.22128217511945925,0.7787178248805408
70067,Stayed,0.031812465843468196,0.9681875341565318
40823,Left,0.8051070173692234,0.19489298263077656
42111,Stayed,0.3513047802994227,0.6486952197005773
35041,Left,0.8248650101131352,0.17513498988686477
10425,Left,0.938053371274424,0.06194662872557601
4572,Stayed,0.3118811691119787,0.6881188308880213
33670,Stayed,0.3744298118722337,0.6255701881277663
73648,Left,0.5074722637658962,0.4925277362341039
73582,Left,0.6260895347861404,0.3739104652138597
56954,Left,0.5049289419784695,0.49507105802153056
44451,Stayed,0.09028689173912463,0.9097131082608754
58879,Stayed,0.2131975275175626,0.7868024724824374
34227,Left,0.6976799242081351,0.3023200757918649
49404,Stayed,0.28703182436149,0.71296817563851
13250,Left,0.6168561099975475,0.3831438900024525
26707,Left,0.6949864980186928,0.3050135019813071
28397,Left,0.9623841465646453,0.03761585343535469
17514,Stayed,0.4131850239071647,0.5868149760928353
39509,Stayed,0.1694034410302493,0.8305965589697507
18276,Left,0.9041968778992708,0.09580312210072918
59963,Stayed,0.054627749442169415,0.9453722505578306
49366,Left,0.6532308258709529,0.3467691741290471
22461,Left,0.9276531756302032,0.07234682436979677
50965,Stayed,0.17727470712078375,0.8227252928792163
58277,Stayed,0.33083261878887726,0.6691673812111227
45282,Left,0.7685164246938694,0.23148357530613062
46804,Left,0.5643024592894808,0.4356975407105192
23888,Stayed,0.04465441341408183,0.9553455865859182
14601,Stayed,0.4678524644852552,0.5321475355147448
27979,Stayed,0.4901128283918669,0.5098871716081331
198,Left,0.5030952274999667,0.49690477250003334
26309,Left,0.572204746550972,0.427795253449028
54157,Left,0.8483849587172879,0.15161504128271205
57649,Left,0.7382126309769301,0.2617873690230698
10440,Stayed,0.19334444471606171,0.8066555552839383
16801,Stayed,0.013762729734423829,0.9862372702655762
48324,Stayed,0.44901359015478437,0.5509864098452156
2575,Stayed,0.43183980248821763,0.5681601975117824
53572,Stayed,0.4234811336867337,0.5765188663132663
3576,Stayed,0.45672478477640266,0.5432752152235973
68732,Stayed,0.1340502602718523,0.8659497397281477
22125,Left,0.8352335827287046,0.16476641727129537
7950,Left,0.8633988170210887,0.13660118297891138
73940,Stayed,0.3987617864636275,0.6012382135363725
55940,Left,0.6881566702925905,0.3118433297074095
25032,Left,0.886088069040939,0.1139119309590611
69005,Left,0.6887036397386969,0.31129636026130314
28629,Stayed,0.16977674788421726,0.8302232521157827
1571,Stayed,0.09140266656878504,0.908597333431215
69644,Left,0.6263455124990254,0.3736544875009746
2808,Left,0.8770731178370094,0.12292688216299061
47155,Left,0.6191296421232673,0.38087035787673273
28975,Stayed,0.42786028339456716,0.5721397166054328
42940,Stayed,0.005551451183498313,0.9944485488165017
43702,Stayed,0.03570545463231223,0.9642945453676878
30261,Stayed,0.4323631902722638,0.5676368097277362
64597,Stayed,0.4632321227426406,0.5367678772573594
1830,Stayed,0.29139758435634,0.70860241564366
18846,Left,0.6970194836227929,0.30298051637720713
60254,Left,0.8133147279178581,0.18668527208214192
11360,Left,0.6484382436725304,0.3515617563274695
33408,Stayed,0.00986540133607905,0.990134598663921
28069,Stayed,0.04721119007935459,0.9527888099206454
58682,Left,0.7538366249715682,0.24616337502843183
62429,Stayed,0.2739872599653007,0.7260127400346993
15808,Left,0.759334380379547,0.24066561962045296
69911,Stayed,0.003052883043275334,0.9969471169567247
59550,Left,0.5453959895973095,0.45460401040269055
37869,Stayed,0.03546156619364316,0.9645384338063568
26558,Stayed,0.36813428801631354,0.6318657119836865
25708,Left,0.9701607024629275,0.029839297537072432
72105,Stayed,0.213310396030163,0.786689603969837
58384,Left,0.7781547479471638,0.22184525205283626
27444,Left,0.9126955462616168,0.08730445373838323
11151,Left,0.6042053072926636,0.39579469270733636
40770,Stayed,0.3650364919485568,0.6349635080514432
53686,Left,0.9152907331554578,0.08470926684454215
37577,Stayed,0.27949488815715096,0.720505111842849
36848,Left,0.8873478415223924,0.11265215847760758
30038,Left,0.6862251224869965,0.3137748775130035
384,Stayed,0.1235388346143137,0.8764611653856863
2350,Stayed,0.05521316304883328,0.9447868369511667
50926,Stayed,0.3731995004509373,0.6268004995490627
10207,Stayed,0.2788679616106663,0.7211320383893337
17447,Left,0.6864000399135122,0.31359996008648783
68052,Left,0.5484566970003831,0.45154330299961687
29526,Stayed,0.2192314206735474,0.7807685793264526
65526,Left,0.5530802170965161,0.4469197829034839
2098,Left,0.9508691916223393,0.049130808377660734
33085,Left,0.5886886181168799,0.4113113818831201
39426,Left,0.8595475850737889,0.14045241492621108
69011,Left,0.5148379495442537,0.4851620504557463
33240,Stayed,0.47713596644719525,0.5228640335528048
12884,Stayed,0.48898470949085626,0.5110152905091437
14524,Stayed,0.22643391448705763,0.7735660855129424
49220,Left,0.8343482926489557,0.16565170735104426
20284,Left,0.7974249907802977,0.20257500921970228
3383,Stayed,0.08684646258794015,0.9131535374120598
57997,Left,0.5080832981210465,0.49191670187895353
42247,Stayed,0.015455673118461188,0.9845443268815388
24961,Left,0.518862474915702,0.48113752508429797
5672,Stayed,0.09523738333241305,0.904762616667587
69024,Left,0.5387160847358383,0.46128391526416174
19620,Left,0.7639756981094198,0.23602430189058018
54659,Stayed,0.0021741893789738453,0.9978258106210262
48631,Stayed,0.4101522858889143,0.5898477141110857
21430,Left,0.8194416213225746,0.18055837867742539
55223,Left,0.5330161348183572,0.4669838651816428
41046,Left,0.5425694388925542,0.4574305611074459
45128,Stayed,0.1113379901530116,0.8886620098469884
6780,Stayed,0.12968581565116177,0.8703141843488382
53925,Left,0.6242639848902278,0.3757360151097721
26576,Left,0.6870438565497259,0.31295614345027417
53296,Left,0.5452807214641966,0.45471927853580346
31521,Stayed,0.09230658281924631,0.9076934171807537
25566,Left,0.9056858590309782,0.09431414096902184
47571,Left,0.6573217038407357,0.34267829615926426
55881,Left,0.7229100599860463,0.2770899400139537
41146,Stayed,0.21023133947121075,0.7897686605287892
25570,Left,0.6086656225840512,0.3913343774159488
605,Stayed,0.36789816580907087,0.6321018341909291
5271,Stayed,0.3872153928751916,0.6127846071248084
16932,Stayed,0.05686854645905093,0.9431314535409491
27055,Stayed,0.22157026827902015,0.7784297317209798
4348,Stayed,0.16874422509611897,0.831255774903881
65376,Left,0.7824382971307234,0.2175617028692766
28218,Left,0.9460311068617969,0.05396889313820311
63317,Left,0.8481915539371506,0.15180844606284935
66252,Left,0.6609975127667924,0.33900248723320764
60087,Stayed,0.12519219020586514,0.8748078097941349
17096,Left,0.9292089908573563,0.07079100914264366
62023,Left,0.6540217891274905,0.34597821087250946
30603,Stayed,0.3171183817173233,0.6828816182826767
21509,Left,0.9308908189190501,0.06910918108094993
46086,Left,0.6678453979168868,0.33215460208311326
27065,Stayed,0.4179160511130321,0.5820839488869679
60287,Left,0.8410958094943061,0.15890419050569393
53722,Stayed,0.28612989246651876,0.7138701075334812
43501,Stayed,0.03963827154019284,0.9603617284598072
8892,Left,0.9103661554857915,0.0896338445142085
6331,Stayed,0.02504643776164428,0.9749535622383557
73969,Left,0.8707741887109522,0.12922581128904773
50398,Stayed,0.20861493225766736,0.7913850677423326
6708,Left,0.9617522769776754,0.038247723022324626
69556,Stayed,0.33414322702598764,0.6658567729740124
39684,Left,0.6891033820723733,0.31089661792762663
34674,Stayed,0.4843296586353999,0.5156703413646001
18821,Stayed,0.022462123837353687,0.9775378761626463
69553,Stayed,0.04293408365049389,0.9570659163495061
4349,Left,0.5010051541446028,0.49899484585539716
4145,Left,0.8862023380956079,0.11379766190439211
52221,Left,0.75338472617883,0.24661527382116993
71817,Left,0.968880579648819,0.031119420351180933
62228,Stayed,0.4494572604383522,0.5505427395616478
34545,Stayed,0.28775188603845614,0.7122481139615439
35699,Left,0.5323341128537653,0.46766588714623475
21940,Left,0.8298145933749905,0.17018540662500953
7410,Left,0.8117987462337724,0.1882012537662276
5116,Left,0.9673533801719337,0.03264661982806622
5465,Left,0.9670137301313498,0.032986269868650185
11513,Stayed,0.34613461704455906,0.6538653829554409
52935,Left,0.5248847684329777,0.4751152315670223
14683,Left,0.6516376771901764,0.34836232280982354
9577,Left,0.8149115678950165,0.18508843210498355
48731,Stayed,0.3291143416293466,0.6708856583706534
57831,Stayed,0.10467861969426362,0.8953213803057364
72077,Left,0.5871099367758357,0.41289006322416427
57423,Stayed,0.4392556125856575,0.5607443874143425
686,Stayed,0.13019179811618564,0.8698082018838144
71115,Left,0.746380233121199,0.25361976687880095
6430,Stayed,0.3374032158589515,0.6625967841410485
39337,Left,0.5800213949055334,0.4199786050944666
4110,Stayed,0.2569859610127775,0.7430140389872225
18392,Stayed,0.4991037440165491,0.5008962559834509
13073,Stayed,0.04418414723296937,0.9558158527670306
31022,Stayed,0.38109105975184143,0.6189089402481586
7259,Stayed,0.3596721290244571,0.6403278709755429
49143,Stayed,0.40474604671342473,0.5952539532865753
29879,Stayed,0.18564077096627563,0.8143592290337244
13359,Left,0.5176682559667959,0.4823317440332041
40020,Stayed,0.00909627007376479,0.9909037299262352
67974,Left,0.5993447396479272,0.40065526035207283
74285,Stayed,0.05022590427441698,0.949774095725583
50302,Left,0.9217628527805108,0.0782371472194891
21725,Stayed,0.49079581994927657,0.5092041800507234
3364,Left,0.7887408801169346,0.21125911988306545
60662,Left,0.609274625710917,0.3907253742890831
65195,Stayed,0.22918463624496743,0.7708153637550326
49129,Left,0.7857870779318756,0.21421292206812437
2126,Stayed,0.2487314464888788,0.7512685535111212
34740,Stayed,0.21416862895258082,0.7858313710474192
50895,Left,0.5628111272489309,0.43718887275106916
60781,Stayed,0.47765189366765426,0.5223481063323457
7147,Stayed,0.26865396759607074,0.7313460324039293
58701,Left,0.5943766589224118,0.40562334107758824
15357,Left,0.8713936217422484,0.1286063782577516
23735,Left,0.9316508036992567,0.06834919630074335
12089,Left,0.9681708173406157,0.03182918265938427
7120,Left,0.5508301820406759,0.4491698179593241
43856,Left,0.7089147105113766,0.29108528948862344
3125,Stayed,0.48855085454827374,0.5114491454517263
73874,Stayed,0.24073874823084207,0.7592612517691579
33884,Stayed,0.15898855795830036,0.8410114420416996
52815,Stayed,0.007516949614190915,0.9924830503858091
47882,Stayed,0.09188958610306952,0.9081104138969305
41216,Stayed,0.1662815772175319,0.8337184227824681
7134,Stayed,0.08844017597305509,0.9115598240269449
25750,Stayed,0.42265551083936737,0.5773444891606326
65874,Left,0.8225407210597868,0.17745927894021313
21849,Left,0.9584380538664976,0.04156194613350234
195,Stayed,0.006165949139337212,0.9938340508606628
26080,Left,0.6779162533929932,0.32208374660700684
24485,Left,0.8205912722600517,0.17940872773994837
34712,Stayed,0.20999241842363736,0.7900075815763626
52789,Stayed,0.21595235967740245,0.7840476403225975
32979,Stayed,0.06287755926220817,0.9371224407377918
46286,Stayed,0.02734162562115905,0.972658374378841
69313,Stayed,0.25477904094183645,0.7452209590581635
18996,Left,0.800181822420431,0.19981817757956896
41656,Stayed,0.15845404751093517,0.8415459524890648
73231,Stayed,0.29512486766822055,0.7048751323317795
17628,Stayed,0.04379842525916111,0.9562015747408389
42032,Left,0.6690645848399241,0.3309354151600759
13971,Stayed,0.04611370927376046,0.9538862907262395
17538,Left,0.9744001667070915,0.025599833292908474
33712,Stayed,0.42951798255363516,0.5704820174463648
10657,Stayed,0.3636602021192178,0.6363397978807822
17769,Stayed,0.13132473365394115,0.8686752663460588
13841,Stayed,0.13927710037198038,0.8607228996280196
69469,Left,0.5918779701654433,0.40812202983455675
18827,Left,0.6857549684236968,0.31424503157630324
65133,Stayed,0.45019165790059934,0.5498083420994007
24717,Left,0.6544011720377367,0.3455988279622633
62032,Left,0.6889621804224166,0.3110378195775833
41790,Stayed,0.3984669787940601,0.6015330212059399
72630,Left,0.511334584139832,0.48866541586016793
38172,Stayed,0.07753058363131582,0.9224694163686842
49793,Left,0.8517857842687919,0.14821421573120813
39403,Left,0.724790282535452,0.275209717464548
1044,Left,0.677823402081419,0.322176597918581
70752,Stayed,0.3507638347487978,0.6492361652512022
36271,Left,0.9764486069349854,0.023551393065014633
65069,Left,0.9784957900277819,0.021504209972218146
35240,Stayed,0.27714326107258347,0.7228567389274165
23370,Stayed,0.16803944115625047,0.8319605588437495
39888,Left,0.6148505392137222,0.3851494607862778
37538,Left,0.6875945191219207,0.3124054808780793
56262,Stayed,0.1426415409397802,0.8573584590602198
36450,Left,0.661150504943065,0.33884949505693496
32465,Left,0.8215624371449592,0.17843756285504073
13977,Stayed,0.0010084281399378447,0.9989915718600622
60392,Stayed,0.045917219988562685,0.9540827800114373
58461,Stayed,0.0717615134647488,0.9282384865352512
49500,Stayed,0.04086446483711148,0.9591355351628885
582,Stayed,0.34426108718361903,0.655738912816381
23375,Stayed,0.40760851164571177,0.5923914883542882
34259,Stayed,0.2133406099890719,0.7866593900109281
64666,Stayed,0.12290572909759079,0.8770942709024092
43405,Stayed,0.3328537521984345,0.6671462478015655
30116,Stayed,0.013163307074722685,0.9868366929252773
35924,Stayed,0.12677190182831677,0.8732280981716832
45750,Stayed,0.06908645051287754,0.9309135494871225
8621,Stayed,0.30594931154056193,0.6940506884594381
70858,Left,0.8965869146124604,0.1034130853875396
14778,Stayed,0.08580016605228558,0.9141998339477144
42631,Left,0.837024624066386,0.16297537593361403
38144,Stayed,0.35952188743282876,0.6404781125671712
12585,Stayed,0.39010484526040934,0.6098951547395907
70112,Stayed,0.14530179452022718,0.8546982054797728
11799,Stayed,0.029424597610539394,0.9705754023894606
65833,Stayed,0.19060094701880448,0.8093990529811955
25577,Left,0.78345221578884,0.21654778421116003
51054,Left,0.6099914806957991,0.39000851930420094
43718,Stayed,0.368960647531795,0.631039352468205
31401,Left,0.9787549890936991,0.021245010906300925
46698,Left,0.9122695295952528,0.08773047040474719
8426,Stayed,0.1117234654414071,0.8882765345585929
59851,Stayed,0.1341616942575976,0.8658383057424024
46277,Left,0.5570295458749372,0.4429704541250627
72938,Left,0.7506311515596557,0.24936884844034432
64610,Stayed,0.17372840217022445,0.8262715978297756
1031,Stayed,0.1156475188024022,0.8843524811975978
34035,Stayed,0.048195830071740664,0.9518041699282593
52368,Left,0.6408048168798021,0.35919518312019794
6066,Stayed,0.06182644061064879,0.9381735593893512
13794,Left,0.5851254792159724,0.41487452078402764
43073,Stayed,0.41275742596507536,0.5872425740349246
74157,Left,0.6374621195629345,0.3625378804370655
30778,Stayed,0.38297000113698476,0.6170299988630152
46654,Left,0.5088028664996531,0.49119713350034694
40151,Left,0.8711436235991369,0.12885637640086312
38990,Left,0.571413378322704,0.42858662167729605
8684,Stayed,0.08539171321859795,0.914608286781402
34568,Stayed,0.07349183465369158,0.9265081653463084
74063,Left,0.7138860173654846,0.2861139826345154
25241,Stayed,0.0030460150813088616,0.9969539849186911
36805,Stayed,0.2552398889800339,0.7447601110199661
19977,Stayed,0.36279058958368593,0.6372094104163141
4872,Stayed,0.11276641270294485,0.8872335872970551
62775,Left,0.652922218571365,0.34707778142863505
12164,Left,0.5485421806311841,0.45145781936881596
34164,Left,0.8477865283707113,0.15221347162928872
25239,Left,0.9350133556072998,0.0649866443927002
43566,Stayed,0.03756200193663661,0.9624379980633634
30910,Left,0.8964166074780412,0.10358339252195882
17715,Stayed,0.4920238328287535,0.5079761671712465
7768,Left,0.568166695322466,0.431833304677534
61760,Stayed,0.021630372778980833,0.9783696272210192
61354,Left,0.8768814590268371,0.12311854097316288
30511,Stayed,0.21183385560915202,0.788166144390848
65934,Stayed,0.060921391304884276,0.9390786086951157
25360,Left,0.694993870510445,0.3050061294895549
26154,Stayed,0.14676514841707033,0.8532348515829297
28610,Stayed,0.07815675266257327,0.9218432473374267
3886,Stayed,0.36776829260603283,0.6322317073939672
12798,Left,0.5159063059480538,0.48409369405194624
38273,Left,0.9823546206068978,0.017645379393102158
40493,Left,0.599541108831562,0.400458891168438
26451,Left,0.7976928653477295,0.2023071346522705
29572,Left,0.5238872140048374,0.4761127859951626
12497,Stayed,0.35552103335616203,0.644478966643838
65677,Left,0.6566315679478033,0.3433684320521967
26384,Stayed,0.2143213715242699,0.7856786284757301
36962,Stayed,0.023364565562497552,0.9766354344375024
12744,Stayed,0.013240731443588172,0.9867592685564118
10075,Stayed,0.1218254520362464,0.8781745479637536
73348,Left,0.8825888459702832,0.11741115402971677
60892,Stayed,0.1718286715293692,0.8281713284706308
73197,Stayed,0.020353873478270113,0.9796461265217299
47914,Left,0.9752602367530182,0.024739763246981832
65503,Left,0.914950807581124,0.08504919241887599
57435,Left,0.6523303922640394,0.34766960773596056
40056,Stayed,0.06839650416890308,0.9316034958310969
62983,Stayed,0.4518954061329742,0.5481045938670258
59039,Stayed,0.13984118723321504,0.860158812766785
62834,Left,0.5203026044700497,0.4796973955299503
58429,Stayed,0.08864702681986214,0.9113529731801379
3512,Stayed,0.2958890187818276,0.7041109812181724
28729,Left,0.6028870933331176,0.39711290666688237
9695,Left,0.7332225399252443,0.2667774600747556
23768,Left,0.5154332355699358,0.4845667644300642
29575,Stayed,0.4535335745604616,0.5464664254395384
58360,Left,0.8340390271143827,0.16596097288561723
10578,Stayed,0.029352750608173106,0.9706472493918269
60471,Left,0.7038049108137587,0.2961950891862413
52835,Stayed,0.3641341413030832,0.6358658586969168
62449,Stayed,0.27546513358767966,0.7245348664123203
7580,Stayed,0.2945388071885531,0.7054611928114469
13499,Stayed,0.4555360734317193,0.5444639265682807
47721,Left,0.9215548691907607,0.0784451308092393
13561,Left,0.680148259902054,0.31985174009794604
36759,Left,0.9305279627455003,0.0694720372544997
29548,Left,0.7064162066114397,0.29358379338856033
38557,Left,0.6532754345146865,0.34672456548531355
52893,Left,0.5172243762473843,0.4827756237526158
40685,Left,0.5889830240632956,0.41101697593670444
70353,Left,0.8056225272110846,0.19437747278891535
55081,Stayed,0.25630233578816786,0.7436976642118321
55636,Left,0.626162312760505,0.37383768723949495
20728,Stayed,0.2673676033121616,0.7326323966878384
25732,Left,0.8191758614933657,0.18082413850663429
57054,Stayed,0.1922458877813078,0.8077541122186922
58214,Stayed,0.06974058556714025,0.9302594144328598
41803,Stayed,0.09505603128775075,0.9049439687122492
45624,Left,0.7244717852119691,0.27552821478803086
59085,Stayed,0.48702889285125295,0.512971107148747
37073,Left,0.947960882172381,0.05203911782761907
336,Stayed,0.07959518374564878,0.9204048162543512
28409,Stayed,0.33052167988702297,0.669478320112977
57341,Left,0.7757102249133098,0.22428977508669026
41089,Left,0.6259887002403718,0.3740112997596282
30641,Left,0.6745769271054446,0.3254230728945554
56991,Stayed,0.001887286174893421,0.9981127138251066
8495,Left,0.7045009126929367,0.29549908730706337
59777,Left,0.7405649026054156,0.25943509739458437
69838,Left,0.5114459102454301,0.48855408975457
48789,Stayed,0.13885416668706996,0.86114583331293
3845,Stayed,0.058408352632663085,0.9415916473673369
8837,Stayed,0.02203840008009894,0.9779615999199011
14870,Left,0.9316238626593071,0.06837613734069296
69893,Left,0.8420345960072553,0.1579654039927447
48463,Left,0.8932107424963639,0.10678925750363615
48499,Left,0.5188534983478522,0.4811465016521478
6556,Left,0.7809285230539467,0.2190714769460534
45124,Stayed,0.4548768741072984,0.5451231258927016
70745,Left,0.7193132060293704,0.28068679397062957
69178,Left,0.8568414197738677,0.14315858022613226
35870,Left,0.8666656362826005,0.13333436371739946
60602,Stayed,0.036002986317858476,0.9639970136821415
70071,Stayed,0.4548240687205858,0.5451759312794142
322,Left,0.78588794348072,0.21411205651927998
5568,Stayed,0.27927762341593454,0.7207223765840655
53790,Left,0.7243791632388128,0.27562083676118726
21044,Left,0.9199608217947625,0.08003917820523758
69030,Stayed,0.01562893726012593,0.9843710627398741
14830,Stayed,0.03127448878760175,0.9687255112123982
58085,Left,0.5489200621399712,0.45107993786002876
51263,Stayed,0.2708100726241963,0.7291899273758037
16031,Stayed,0.35948627030415325,0.6405137296958467
40918,Stayed,0.3423505334360979,0.6576494665639021
33377,Stayed,0.4532255172683143,0.5467744827316857
14226,Stayed,0.05274917455275785,0.9472508254472422
37733,Left,0.8345245456196422,0.1654754543803578
21806,Stayed,0.42849754920894856,0.5715024507910514
8666,Stayed,0.06653780232676132,0.9334621976732387
27206,Stayed,0.11398535844141411,0.8860146415585859
28657,Stayed,0.4072520633800729,0.5927479366199271
34885,Left,0.5567207574394807,0.4432792425605193
39435,Left,0.8915824641530669,0.1084175358469331
44711,Left,0.5629158585223589,0.4370841414776411
67977,Stayed,0.28556871028353337,0.7144312897164666
1986,Stayed,0.3125935906312718,0.6874064093687282
17531,Left,0.6980557578301727,0.30194424216982724
19152,Left,0.5847940359089433,0.4152059640910567
6419,Left,0.730933906383638,0.2690660936163621
13535,Stayed,0.36830848255813453,0.6316915174418655
23349,Left,0.7440294708283168,0.2559705291716831
50426,Stayed,0.38570757505224396,0.614292424947756
27637,Left,0.6271292616040882,0.37287073839591184
43988,Left,0.9033798810155778,0.0966201189844223
46071,Left,0.7037251587228488,0.2962748412771512
11623,Stayed,0.200756356741851,0.799243643258149
15135,Left,0.8704194389756446,0.12958056102435545
19176,Stayed,0.48067130307944694,0.5193286969205531
33708,Stayed,0.06692450833314989,0.9330754916668501
1419,Stayed,0.2533759823408912,0.7466240176591088
9282,Stayed,0.11005463181486719,0.8899453681851328
34613,Left,0.6250235695176405,0.3749764304823595
68591,Left,0.8575605588323277,0.1424394411676723
32945,Stayed,0.04522169923302921,0.9547783007669708
50405,Left,0.5105655533536497,0.4894344466463502
43588,Stayed,0.2673517450728429,0.7326482549271571
39665,Stayed,0.172669758975454,0.827330241024546
7097,Stayed,0.04565644103008626,0.9543435589699137
36955,Left,0.8578298105305817,0.14217018946941823
61373,Stayed,0.4121323037080037,0.5878676962919963
42064,Stayed,0.0976694382597032,0.9023305617402968
6913,Stayed,0.26210103989503275,0.7378989601049672
29835,Stayed,0.049851588204933295,0.9501484117950667
10277,Stayed,0.4671335621375423,0.5328664378624577
63260,Left,0.5803261388517174,0.4196738611482827
14495,Left,0.5204856071651118,0.4795143928348882
44959,Left,0.8334544002743483,0.16654559972565172
70261,Stayed,0.1074636217903967,0.8925363782096033
31356,Left,0.5185478836729582,0.48145211632704177
63644,Stayed,0.3796150952145242,0.6203849047854758
11057,Left,0.6146980184239389,0.3853019815760611
70497,Left,0.6889215533034176,0.3110784466965823
4337,Stayed,0.2627883083059167,0.7372116916940833
48891,Left,0.6090696078790458,0.39093039212095415
17472,Stayed,0.4137031529366053,0.5862968470633947
42765,Stayed,0.304820574420012,0.695179425579988
55424,Left,0.7989720756673998,0.2010279243326002
5228,Left,0.8253664251504039,0.17463357484959605
49353,Stayed,0.11225417413143746,0.8877458258685625
32378,Stayed,0.08697236041204326,0.9130276395879567
3649,Stayed,0.3857710733278783,0.6142289266721217
7655,Left,0.773615091390031,0.22638490860996896
61907,Left,0.9472522741511793,0.05274772584882072
34880,Stayed,0.12492675977214318,0.8750732402278568
40366,Stayed,0.07669360095155653,0.9233063990484435
26633,Stayed,0.12925743101553877,0.8707425689844612
23352,Stayed,0.032062670624885325,0.9679373293751147
71799,Stayed,0.21356368932144365,0.7864363106785563
14862,Left,0.8224113916318052,0.1775886083681948
41343,Stayed,0.23004526444857798,0.769954735551422
15945,Left,0.778441064261743,0.22155893573825702
62169,Stayed,0.3631590909537279,0.6368409090462721
66936,Left,0.9169051409301349,0.08309485906986513
40367,Left,0.8584453796936877,0.14155462030631225
28889,Stayed,0.006021013321926283,0.9939789866780737
54289,Stayed,0.390628022713,0.609371977287
4037,Stayed,0.3102852192020412,0.6897147807979588
48146,Stayed,0.23407189318874333,0.7659281068112567
41163,Left,0.726934286852704,0.27306571314729605
37251,Stayed,0.36695285368058383,0.6330471463194162
23614,Left,0.8351557296229875,0.16484427037701258
1318,Left,0.9410528865523069,0.058947113447693114
36223,Left,0.981080283605161,0.018919716394839057
34201,Left,0.7914902787581609,0.2085097212418391
53042,Left,0.7204403420816733,0.2795596579183267
15938,Stayed,0.29626793711249766,0.7037320628875023
67079,Stayed,0.17450605446845546,0.8254939455315445
42831,Left,0.930357178790577,0.06964282120942296
25431,Stayed,0.09272751057615125,0.9072724894238487
54352,Stayed,0.4417686896716084,0.5582313103283916
19111,Left,0.9251407097633169,0.07485929023668311
25341,Left,0.6251268241126082,0.37487317588739183
9085,Stayed,0.0502877530223137,0.9497122469776863
55347,Left,0.5754742819088559,0.4245257180911441
36554,Stayed,0.01708345659584165,0.9829165434041583
28233,Left,0.9691173669211812,0.030882633078818764
65039,Stayed,0.29808775939661036,0.7019122406033896
12433,Left,0.8992417871819937,0.10075821281800636
38365,Left,0.6569173509005127,0.34308264909948727
65231,Stayed,0.3756518668307979,0.6243481331692021
46424,Stayed,0.2811799198315076,0.7188200801684924
30765,Stayed,0.2800541870577584,0.7199458129422416
27417,Stayed,0.3315804123550521,0.6684195876449479
9901,Stayed,0.1923020288251055,0.8076979711748945
13819,Left,0.9443984022621688,0.055601597737831195
72343,Left,0.9324689919596698,0.06753100804033013
29643,Stayed,0.009290290326554929,0.9907097096734451
31647,Stayed,0.10693971360624188,0.8930602863937581
44229,Left,0.7753449600284342,0.2246550399715658
36712,Left,0.8638675220253929,0.1361324779746072
13745,Left,0.6467802333626009,0.3532197666373991
20658,Left,0.8036958515665135,0.19630414843348656
31122,Left,0.695695567811925,0.30430443218807507
36197,Stayed,0.24828411903035874,0.7517158809696413
31884,Stayed,0.0749951739411937,0.9250048260588063
61431,Stayed,0.042268832481759944,0.9577311675182401
23866,Left,0.6111975028606745,0.38880249713932546
60116,Left,0.9767353853834626,0.023264614616537404
69382,Left,0.7419524024612093,0.2580475975387907
13898,Left,0.5846965090218593,0.4153034909781407
8036,Left,0.7883870651359175,0.2116129348640825
41256,Left,0.8281519166627226,0.1718480833372774
17905,Left,0.7015190842048799,0.29848091579512015
2892,Left,0.5595403182350438,0.44045968176495626
70744,Stayed,0.47078801612711996,0.52921198387288
23776,Left,0.5713880946173789,0.42861190538262106
32429,Left,0.8644654165260252,0.13553458347397485
50037,Left,0.740324914136504,0.25967508586349597
29890,Left,0.5623791975656334,0.4376208024343667
48425,Left,0.5039967252785191,0.49600327472148087
59907,Left,0.8105905597353023,0.18940944026469775
35024,Left,0.9686350803663125,0.03136491963368744
29597,Stayed,0.32132670815499287,0.6786732918450071
35268,Stayed,0.09895009200421923,0.9010499079957808
37809,Stayed,0.3766985728309161,0.6233014271690839
10478,Stayed,0.09710322665924609,0.9028967733407539
3279,Stayed,0.4035932593235704,0.5964067406764296
57256,Stayed,0.28952490138233167,0.7104750986176683
52520,Stayed,0.10004591842914567,0.8999540815708543
5881,Left,0.9852554823765819,0.01474451762341811
72089,Left,0.645057182289392,0.354942817710608
41512,Stayed,0.10267462443394415,0.8973253755660558
4395,Stayed,0.2866596764561242,0.7133403235438758
26347,Left,0.8140303997064435,0.18596960029355647
18387,Left,0.9834756003962901,0.016524399603709862
53320,Left,0.667219323602526,0.332780676397474
45536,Stayed,0.006888256297221118,0.9931117437027789
44006,Stayed,0.1653693906146897,0.8346306093853103
67364,Stayed,0.49044860883645736,0.5095513911635426
15005,Stayed,0.4658761387919441,0.5341238612080559
49975,Stayed,0.18711328197929245,0.8128867180207076
43150,Left,0.7657749664720552,0.23422503352794477
4393,Left,0.86228648241819,0.13771351758181002
66552,Left,0.9675195822399498,0.032480417760050125
48530,Left,0.9118243511098247,0.08817564889017525
7628,Left,0.5395510243730245,0.4604489756269755
38097,Left,0.800735030754333,0.19926496924566695
27972,Left,0.9585419398336127,0.04145806016638727
42251,Left,0.9691074227101735,0.030892577289826487
35587,Left,0.8154891055881215,0.18451089441187854
62915,Left,0.538108866842367,0.46189113315763297
66902,Left,0.8652240697670858,0.13477593023291426
23680,Stayed,0.44486059840683567,0.5551394015931643
38028,Left,0.5043011646689974,0.4956988353310025
17680,Stayed,0.006131956091593893,0.9938680439084061
16522,Stayed,0.3675646640382658,0.6324353359617342
56270,Stayed,0.49577115847042996,0.50422884152957
60430,Stayed,0.13522679352616074,0.8647732064738393
24774,Left,0.739556435044253,0.260443564955747
34241,Left,0.9326727250844995,0.06732727491550052
21070,Left,0.7228082127053013,0.27719178729469873
73160,Left,0.5757177208897881,0.42428227911021194
52850,Left,0.7243559868382428,0.2756440131617572
42278,Left,0.9506577631005018,0.04934223689949823
59709,Left,0.9210022837309053,0.07899771626909469
57484,Stayed,0.050659551929651436,0.9493404480703486
1942,Stayed,0.19673632960853238,0.8032636703914676
29164,Left,0.6511185733721037,0.3488814266278963
57080,Stayed,0.47281722059161313,0.5271827794083869
42923,Left,0.9253904489477641,0.07460955105223585
35636,Left,0.6225408374670759,0.3774591625329241
28658,Stayed,0.47751376618327024,0.5224862338167298
53037,Stayed,0.0920010437072919,0.9079989562927081
58876,Stayed,0.35567601512662506,0.6443239848733749
72780,Left,0.938043845453371,0.0619561545466289
24782,Left,0.5233777331627694,0.4766222668372307
43713,Stayed,0.4724854805598063,0.5275145194401937
20145,Left,0.808200679232083,0.1917993207679169
58206,Left,0.9550683288138464,0.04493167118615362
58328,Left,0.5267158845729731,0.4732841154270269
57233,Stayed,0.11703826082116153,0.8829617391788385
67575,Left,0.6190951160966749,0.38090488390332516
37002,Left,0.5461505361335601,0.4538494638664399
9952,Left,0.7761996718141106,0.2238003281858893
18371,Stayed,0.12404912994669925,0.8759508700533007
73773,Left,0.5587083415919244,0.4412916584080756
19926,Left,0.7669531953039973,0.23304680469600272
2248,Stayed,0.2548445431433921,0.7451554568566079
6634,Stayed,0.2384711746070708,0.7615288253929292
44796,Stayed,0.48989010233462427,0.5101098976653757
2377,Stayed,0.3234494708980099,0.6765505291019901
36329,Left,0.9007410811597266,0.09925891884027342
23128,Stayed,0.22857975838631983,0.7714202416136802
13656,Stayed,0.36969831727554725,0.6303016827244527
46683,Stayed,0.1867777933547915,0.8132222066452085
48915,Left,0.6064053095423019,0.3935946904576981
10630,Left,0.9024265427143817,0.09757345728561824
74048,Stayed,0.1871044712375225,0.8128955287624775
49453,Stayed,0.368090424913586,0.631909575086414
38444,Left,0.6272168359127117,0.3727831640872883
17248,Left,0.5651287355073535,0.4348712644926464
68307,Stayed,0.05560126010638966,0.9443987398936103
6082,Stayed,0.23199410792636443,0.7680058920736356
45376,Left,0.7453845216279195,0.25461547837208054
65609,Stayed,0.023615465544235437,0.9763845344557646
72025,Left,0.8555671292262186,0.14443287077378136
65941,Stayed,0.25465989167887104,0.745340108321129
2232,Stayed,0.039681168295950364,0.9603188317040496
6840,Left,0.7885820258398355,0.2114179741601645
41141,Left,0.5217378057173836,0.47826219428261635
59869,Stayed,0.2955230132198913,0.7044769867801087
46133,Left,0.6324275339457709,0.3675724660542291
47172,Left,0.5892176205684563,0.4107823794315438
25418,Left,0.6599989399660446,0.3400010600339554
60219,Stayed,0.29848737304000905,0.701512626959991
1271,Stayed,0.4622777001117656,0.5377222998882344
55559,Stayed,0.49900609066559987,0.5009939093344001
34432,Left,0.8098797572931894,0.19012024270681063
4673,Left,0.8117723196152609,0.18822768038473908
44446,Left,0.6488360427174129,0.3511639572825871
36679,Left,0.6406338686849444,0.3593661313150556
16400,Stayed,0.30532658463404727,0.6946734153659527
27002,Stayed,0.2514686639323358,0.7485313360676642
8454,Stayed,0.4793582515888385,0.5206417484111615
38818,Stayed,0.4040929782547821,0.5959070217452179
31893,Stayed,0.1413287665337133,0.8586712334662867
56028,Stayed,0.028624653172993564,0.9713753468270064
59375,Left,0.6016587849339381,0.39834121506606196
69119,Stayed,0.483988700370917,0.516011299629083
20328,Left,0.6101904954736714,0.38980950452632857
32042,Left,0.5780072431198728,0.4219927568801272
9846,Stayed,0.23416838099353643,0.7658316190064636
44009,Stayed,0.20912875788052665,0.7908712421194733
29079,Stayed,0.18023719601726618,0.8197628039827338
66756,Stayed,0.04961251901588315,0.9503874809841169
7639,Left,0.6047783404841914,0.39522165951580857
4375,Stayed,0.2391300715557546,0.7608699284442454
40415,Left,0.7977425558802452,0.2022574441197548
52760,Stayed,0.46954547940392555,0.5304545205960745
66300,Left,0.6582512243482248,0.34174877565177514
53898,Left,0.9142210802900875,0.0857789197099125
55028,Stayed,0.005187083507854462,0.9948129164921455
68085,Stayed,0.07571314052158973,0.9242868594784103
20161,Left,0.7560556690875719,0.24394433091242806
52960,Left,0.9716486730388901,0.02835132696110983
41209,Stayed,0.37325288250552835,0.6267471174944717
56498,Left,0.8125323311953871,0.18746766880461288
60372,Stayed,0.28079008506990555,0.7192099149300945
42718,Left,0.776955682719839,0.22304431728016103
30251,Left,0.8105372314374728,0.18946276856252714
9987,Stayed,0.007883538784581368,0.9921164612154186
64728,Left,0.6371501688025835,0.36284983119741654
72018,Stayed,0.4043120914104863,0.5956879085895137
49895,Stayed,0.03656607221049624,0.9634339277895038
66834,Left,0.9581409622229566,0.04185903777704335
16056,Stayed,0.11264446310355158,0.8873555368964484
3736,Stayed,0.43363092792274527,0.5663690720772547
7608,Stayed,0.10564966195638892,0.8943503380436111
1487,Left,0.9419111109553688,0.05808888904463111
62571,Stayed,0.49885026853466086,0.5011497314653391
71574,Stayed,0.36923322634798716,0.6307667736520128
61106,Stayed,0.18627848949021553,0.8137215105097845
9686,Stayed,0.05070562793041633,0.9492943720695837
53842,Left,0.8706645242823897,0.12933547571761025
4878,Stayed,0.03789430448386888,0.9621056955161311
58963,Left,0.6783265490194126,0.32167345098058747
53294,Left,0.9677529459386525,0.03224705406134758
63654,Left,0.7755507122113244,0.22444928778867554
354,Stayed,0.4872341191213674,0.5127658808786326
8035,Stayed,0.1198706798784771,0.8801293201215229
71331,Left,0.7001378045879241,0.299862195412076
54441,Left,0.7929552199006819,0.20704478009931815
58213,Stayed,0.17084482106933385,0.8291551789306661
15058,Stayed,0.393635264006887,0.606364735993113
72701,Left,0.9154552829765815,0.08454471702341844
58569,Left,0.5339942333526841,0.4660057666473158
72184,Left,0.6465386784822658,0.35346132151773424
24471,Stayed,0.47037896701889936,0.5296210329811006
70520,Left,0.9157586473352302,0.08424135266476984
48833,Left,0.7936206726318744,0.20637932736812556
43001,Left,0.6322093347687567,0.3677906652312433
57495,Stayed,0.20367112648057784,0.7963288735194222
63477,Left,0.5918160586667808,0.4081839413332192
58587,Left,0.6314840926803562,0.3685159073196438
71766,Stayed,0.3532778737652511,0.6467221262347489
31792,Left,0.8017057743806392,0.19829422561936083
66074,Left,0.7862935444250966,0.2137064555749034
52714,Left,0.900100813973686,0.09989918602631394
15421,Stayed,0.3180107533917277,0.6819892466082723
67921,Left,0.6620707058278253,0.33792929417217465
45337,Left,0.6767465068942684,0.32325349310573154
73005,Left,0.8818443216736653,0.11815567832633472
14625,Left,0.9329063452054377,0.06709365479456235
40689,Stayed,0.13771896044962728,0.8622810395503727
50927,Stayed,0.12505139200757032,0.8749486079924297
70818,Left,0.8178611196362058,0.1821388803637942
63615,Stayed,0.16461359059149194,0.8353864094085081
47332,Left,0.820328419300034,0.17967158069996597
1401,Left,0.7170093713051262,0.28299062869487374
29129,Stayed,0.3702513255194203,0.6297486744805797
59943,Stayed,0.37056498907092383,0.6294350109290762
13880,Stayed,0.38743728409448475,0.6125627159055153
17042,Left,0.7169606825140643,0.2830393174859357
5094,Stayed,0.20667971002051344,0.7933202899794866
38002,Stayed,0.4691109633653828,0.5308890366346172
33500,Stayed,0.20118011366360322,0.7988198863363968
12563,Stayed,0.25728866712407084,0.7427113328759292
33907,Stayed,0.09625197951449693,0.9037480204855031
24262,Stayed,0.20734948320554347,0.7926505167944565
20630,Stayed,0.33313597372487747,0.6668640262751225
68440,Stayed,0.14638861605551512,0.8536113839444849
31543,Stayed,0.13674539476724934,0.8632546052327507
52061,Left,0.8083504717991887,0.19164952820081124
28170,Stayed,0.05171428970260672,0.9482857102973933
37240,Stayed,0.451338583556106,0.548661416443894
63629,Stayed,0.19549412209682115,0.8045058779031788
55288,Stayed,0.16150727878689175,0.8384927212131082
59014,Left,0.9706585520747872,0.029341447925212805
6436,Left,0.7313661022433087,0.2686338977566913
67098,Stayed,0.32947800008670336,0.6705219999132966
69643,Left,0.5270991700215122,0.47290082997848787
13955,Left,0.9743832495731701,0.025616750426829836
32724,Stayed,0.11645272387557382,0.8835472761244262
17903,Left,0.5604060232648229,0.43959397673517714
39137,Left,0.5744559646292604,0.4255440353707396
26669,Left,0.8464506953884819,0.15354930461151803
72230,Stayed,0.48759924265900667,0.5124007573409933
7672,Stayed,0.15607420576252873,0.8439257942374713
7674,Stayed,0.43114354129998844,0.5688564587000116
57600,Left,0.9308480641719524,0.06915193582804754
55733,Stayed,0.49832250838180603,0.501677491618194
45974,Stayed,0.32791610879580213,0.6720838912041979
64872,Left,0.8814387498356271,0.11856125016437286
50903,Left,0.738685524898091,0.2613144751019089
60734,Stayed,0.11611980561954105,0.883880194380459
60627,Left,0.8030516632553955,0.19694833674460455
40093,Left,0.9329425727858284,0.0670574272141716
46389,Stayed,0.19457434409847063,0.8054256559015294
60162,Stayed,0.06164118581588729,0.9383588141841127
1976,Stayed,0.4675318266601076,0.5324681733398924
36970,Left,0.6988709931807585,0.3011290068192415
69271,Left,0.7366311446429215,0.2633688553570785
51980,Stayed,0.3544557732703171,0.6455442267296829
30560,Stayed,0.46009757766335346,0.5399024223366465
55370,Stayed,0.34827928119495233,0.6517207188050477
66684,Left,0.5082808764891605,0.49171912351083946
50456,Stayed,0.475944135172909,0.524055864827091
60779,Stayed,0.019794013046785852,0.9802059869532141
31399,Stayed,0.31608999058822984,0.6839100094117702
26846,Stayed,0.47782419692389044,0.5221758030761096
14511,Left,0.5597729823996795,0.4402270176003205
71258,Left,0.8482043155581356,0.15179568444186436
17293,Left,0.5825051166291784,0.4174948833708217
72544,Stayed,0.29720686698364795,0.702793133016352
54130,Left,0.8574697331544335,0.14253026684556647
32435,Left,0.9454462729773178,0.05455372702268227
30823,Left,0.8386647850105964,0.16133521498940356
14175,Stayed,0.4115094426260494,0.5884905573739506
13543,Stayed,0.05835277652667481,0.9416472234733252
45120,Left,0.7539632137174836,0.2460367862825163
9119,Stayed,0.29408732073031485,0.7059126792696852
38959,Stayed,0.19891394020777386,0.8010860597922261
32554,Left,0.9715570508581005,0.028442949141899532
65816,Left,0.6367952446180273,0.3632047553819727
69319,Left,0.9771239249521122,0.022876075047887804
57307,Stayed,0.2678006982680087,0.7321993017319913
24097,Stayed,0.1720127076175727,0.8279872923824273
23681,Stayed,0.47433797963580204,0.525662020364198
28666,Stayed,0.05756330104560792,0.9424366989543921
20869,Stayed,0.4899121542269501,0.5100878457730499
8012,Stayed,0.028758335339798435,0.9712416646602016
30377,Stayed,0.15551511113172078,0.8444848888682792
2433,Left,0.6523282565525355,0.34767174344746454
12137,Stayed,0.07169099064119477,0.9283090093588052
3273,Stayed,0.12426279557998265,0.8757372044200173
42729,Left,0.6425315741713296,0.3574684258286704
64636,Stayed,0.06121904904666664,0.9387809509533334
43641,Left,0.8656775315204996,0.13432246847950036
1155,Stayed,0.04420059822270883,0.9557994017772912
12801,Stayed,0.2392607424214206,0.7607392575785794
45817,Left,0.5902323332843422,0.4097676667156578
44206,Stayed,0.10186664114610755,0.8981333588538924
48228,Stayed,0.24374056561093382,0.7562594343890662
39068,Left,0.6705755242544662,0.32942447574553385
40827,Stayed,0.005375983710912746,0.9946240162890873
18586,Stayed,0.1635193718706407,0.8364806281293593
13912,Stayed,0.13265074145924038,0.8673492585407596
61301,Left,0.6478613392168043,0.35213866078319567
59274,Left,0.8099792787706638,0.19002072122933625
48904,Stayed,0.4505948005573194,0.5494051994426806
16235,Stayed,0.31798707045424246,0.6820129295457575
8884,Stayed,0.32444422414281693,0.6755557758571831
60935,Stayed,0.11413691725514508,0.8858630827448549
2579,Left,0.8416970484862047,0.1583029515137953
23673,Stayed,0.3225344069233893,0.6774655930766107
63662,Left,0.5499420686286429,0.4500579313713571
53680,Left,0.993380458756926,0.006619541243073969
22193,Stayed,0.025323703669358877,0.9746762963306411
70224,Left,0.7462594280818822,0.2537405719181179
28749,Stayed,0.03627042380690226,0.9637295761930977
53903,Left,0.7524547335716699,0.24754526642833005
67985,Stayed,0.11008831112375961,0.8899116888762404
47748,Stayed,0.40989605097547843,0.5901039490245216
27987,Left,0.7179781101440372,0.2820218898559627
5967,Left,0.9903760267200172,0.009623973279982712
70809,Stayed,0.41938040482679106,0.5806195951732089
43937,Stayed,0.11021583259181178,0.8897841674081882
9451,Stayed,0.372848242961199,0.627151757038801
39687,Stayed,0.38366352376703927,0.6163364762329607
13727,Left,0.6095062466508776,0.39049375334912234
32473,Stayed,0.2261497532905028,0.7738502467094972
63390,Stayed,0.3836642881133858,0.6163357118866142
4066,Stayed,0.04633120663007395,0.953668793369926
30623,Stayed,0.3405718408596491,0.6594281591403509
60752,Left,0.7982836188198724,0.20171638118012758
42362,Left,0.7045401853629896,0.29545981463701043
5740,Stayed,0.4904738223570654,0.5095261776429346
11924,Left,0.8078475694629168,0.19215243053708314
20199,Stayed,0.21553521943963383,0.7844647805603662
25386,Stayed,0.07351765767771401,0.926482342322286
11862,Left,0.5034750171877731,0.49652498281222696
47179,Left,0.6988187485991603,0.30118125140083973
30596,Left,0.7100420034561346,0.2899579965438654
28415,Left,0.9115460367668962,0.08845396323310385
5820,Stayed,0.006725894025419232,0.9932741059745808
6499,Left,0.8738581316567701,0.12614186834322993
67370,Stayed,0.010988829721658933,0.9890111702783411
33567,Left,0.8911442451184808,0.10885575488151916
4140,Stayed,0.4416832097133704,0.5583167902866296
32766,Left,0.7597707511643985,0.24022924883560143
56477,Stayed,0.15547402633101626,0.8445259736689837
65001,Left,0.6073205293993216,0.39267947060067837
39054,Stayed,0.48653561269412415,0.5134643873058758
49025,Left,0.5651855002132966,0.43481449978670333
32708,Stayed,0.3901253247704496,0.6098746752295504
9761,Left,0.7612811056057922,0.2387188943942078
24529,Stayed,0.053082427920213004,0.946917572079787
32919,Left,0.5961043336670337,0.4038956663329663
21697,Left,0.9797171379139297,0.020282862086070365
9208,Left,0.9440833415156769,0.05591665848432309
19355,Stayed,0.10842242832415461,0.8915775716758454
49135,Left,0.6764424025566111,0.3235575974433888
54570,Stayed,0.36209742646953813,0.6379025735304619
16294,Stayed,0.2595242961148656,0.7404757038851344
14113,Left,0.9170772302122698,0.08292276978773011
65524,Stayed,0.2442925488219163,0.7557074511780837
64021,Stayed,0.3455423394701401,0.6544576605298599
37074,Left,0.5863993585117404,0.41360064148825965
46281,Stayed,0.08130253580319158,0.9186974641968084
15231,Stayed,0.05366681454016353,0.9463331854598365
58001,Left,0.5837685867434729,0.4162314132565271
69017,Stayed,0.10517206209033192,0.8948279379096681
17263,Stayed,0.49927142344776776,0.5007285765522322
12352,Left,0.5203695125319053,0.47963048746809467
28424,Stayed,0.47834535123866695,0.521654648761333
27396,Left,0.9655825919377978,0.03441740806220219
58679,Stayed,0.39264700884054116,0.6073529911594588
9196,Left,0.9301402618103121,0.06985973818968799
22315,Left,0.9780427390755121,0.02195726092448791
451,Stayed,0.23589957622797608,0.7641004237720239
68169,Stayed,0.06115065841269374,0.9388493415873063
27523,Left,0.9271073857370158,0.07289261426298427
25143,Stayed,0.34456495983345026,0.6554350401665497
8335,Stayed,0.2992972564238595,0.7007027435761405
72469,Left,0.7771158432538784,0.22288415674612158
44382,Left,0.8536107631279983,0.1463892368720017
54055,Stayed,0.31817929645843057,0.6818207035415694
70087,Stayed,0.2866873682332435,0.7133126317667565
72946,Stayed,0.17088548161240258,0.8291145183875974
42068,Left,0.758398700352193,0.24160129964780697
63373,Stayed,0.49364793137825946,0.5063520686217405
23114,Left,0.9315488488094831,0.06845115119051692
20628,Stayed,0.027784252733589754,0.9722157472664102
31907,Left,0.7830966143526732,0.2169033856473268
8683,Left,0.5348557506904834,0.4651442493095166
39677,Left,0.6092776505120123,0.3907223494879877
15518,Left,0.7439685983386283,0.2560314016613717
17974,Stayed,0.08191320742597297,0.918086792574027
53397,Stayed,0.22169841046151328,0.7783015895384867
25485,Left,0.8699357568924546,0.13006424310754533
50202,Left,0.9132396581785341,0.08676034182146582
28367,Left,0.7572876709010968,0.24271232909890314
66193,Left,0.9510340969388122,0.048965903061187706
18553,Left,0.8445337310146696,0.15546626898533047
28336,Left,0.6351314630769768,0.36486853692302323
25503,Stayed,0.1734910783378123,0.8265089216621877
1865,Stayed,0.46120935663418583,0.5387906433658142
38176,Stayed,0.2684920306894183,0.7315079693105817
8237,Stayed,0.38720939161618206,0.6127906083838179
32833,Stayed,0.2449666024016437,0.7550333975983563
50166,Left,0.7944564443055208,0.2055435556944792
24146,Stayed,0.456204072908172,0.543795927091828
16571,Stayed,0.14838172239594727,0.8516182776040527
42089,Left,0.7728236557244805,0.2271763442755195
8588,Stayed,0.4322542894266085,0.5677457105733915
6965,Stayed,0.20184923624448303,0.798150763755517
54791,Left,0.5069839841071822,0.4930160158928178
2684,Stayed,0.41182922291946644,0.5881707770805336
41918,Left,0.9621334185708009,0.037866581429199034
4640,Left,0.871394774751325,0.12860522524867501
37789,Left,0.7024878779607149,0.2975121220392851
38762,Stayed,0.3134116938432946,0.6865883061567054
50760,Left,0.9510147479042048,0.048985252095795226
15718,Left,0.7792257384682838,0.22077426153171623
72420,Left,0.5998816676962782,0.40011833230372185
33517,Left,0.6354138788100397,0.36458612118996025
18003,Stayed,0.47682574642368136,0.5231742535763186
45667,Left,0.5342791091121926,0.4657208908878075
40905,Left,0.5013205412606796,0.4986794587393204
58090,Left,0.5033994450345547,0.49660055496544525
40045,Stayed,0.10885645116434473,0.8911435488356553
26517,Left,0.6550485057868792,0.34495149421312077
37918,Left,0.6399852992817858,0.36001470071821423
68489,Stayed,0.4307830203899983,0.5692169796100017
54125,Stayed,0.2727646104723692,0.7272353895276308
28994,Left,0.703313285876586,0.2966867141234139
3716,Left,0.5971429827226222,0.4028570172773777
26986,Stayed,0.41329215738987135,0.5867078426101286
32249,Stayed,0.22960773169868598,0.770392268301314
14876,Stayed,0.4745003591470207,0.5254996408529793
35916,Left,0.8779871795556846,0.12201282044431538
70632,Left,0.9333170494994425,0.06668295050055746
21930,Stayed,0.017465801121744784,0.9825341988782552
29103,Stayed,0.09368793719207824,0.9063120628079218
66754,Stayed,0.06430574160166724,0.9356942583983328
57083,Stayed,0.1782792890019198,0.8217207109980802
30447,Left,0.8576159506343762,0.14238404936562374
27353,Stayed,0.4994232781298289,0.5005767218701711
27853,Left,0.6190584802244905,0.38094151977550955
67534,Left,0.8610206808881022,0.1389793191118978
43614,Stayed,0.3285808307235639,0.6714191692764361
41964,Stayed,0.27722402056993234,0.7227759794300677
6457,Stayed,0.38592278279255665,0.6140772172074433
58797,Left,0.931672940442293,0.06832705955770696
25293,Stayed,0.3370258078029882,0.6629741921970118
41051,Stayed,0.271349093130537,0.728650906869463
56343,Left,0.5519248377914647,0.4480751622085353
68210,Stayed,0.24494262352283325,0.7550573764771668
68920,Stayed,0.22099332678163475,0.7790066732183653
9929,Stayed,0.24310461008158846,0.7568953899184115
45363,Left,0.9238327940042489,0.0761672059957511
72614,Stayed,0.2938848743803888,0.7061151256196112
37185,Stayed,0.015478620972353974,0.984521379027646
3661,Left,0.9059829706374267,0.0940170293625733
74450,Stayed,0.026109932725589702,0.9738900672744103
7302,Stayed,0.03297623105282654,0.9670237689471735
58264,Stayed,0.37814126015849325,0.6218587398415067
47399,Stayed,0.1325590376169119,0.8674409623830881
37111,Left,0.9615218357072869,0.03847816429271315
70966,Stayed,0.012224588735588737,0.9877754112644113
3078,Stayed,0.4447463478531487,0.5552536521468513
28106,Left,0.8863127686707445,0.11368723132925554
48613,Left,0.5226456603860532,0.4773543396139468
61724,Left,0.512644190388086,0.48735580961191405
68346,Left,0.5978955621836517,0.40210443781634836
60630,Left,0.5489603437149073,0.45103965628509274
52431,Stayed,0.20253192981016044,0.7974680701898396
28241,Stayed,0.16824599283728325,0.8317540071627167
29893,Stayed,0.4646158771856814,0.5353841228143186
21045,Stayed,0.08745450978248015,0.9125454902175199
8787,Left,0.5718640547557202,0.4281359452442798
10239,Stayed,0.2093237557630515,0.7906762442369485
51425,Left,0.9513394251679826,0.04866057483201733
16420,Stayed,0.18279380758937092,0.8172061924106291
8614,Stayed,0.4449688095852149,0.5550311904147851
69470,Left,0.7320560383479551,0.2679439616520449
7556,Stayed,0.045376225955497396,0.9546237740445026
26336,Stayed,0.4975976624343096,0.5024023375656904
73275,Left,0.9438373871315247,0.05616261286847533
33191,Left,0.6240936581196002,0.3759063418803999
26834,Left,0.5780022014779502,0.4219977985220498
46744,Stayed,0.34984986885519387,0.6501501311448061
56068,Stayed,0.23179798836928323,0.7682020116307168
36262,Stayed,0.16632350217889158,0.8336764978211084
60652,Left,0.6986376499065464,0.3013623500934536
34096,Left,0.5915469478420106,0.40845305215798944
68599,Stayed,0.2357069244837623,0.7642930755162377
32527,Stayed,0.13032016067983687,0.8696798393201631
60792,Stayed,0.34407559964416934,0.6559244003558307
27681,Left,0.8466222546300244,0.15337774536997564
22402,Stayed,0.3828836275783687,0.6171163724216313
56946,Left,0.5394856251072697,0.4605143748927303
48173,Stayed,0.19374442615423038,0.8062555738457696
11349,Left,0.8074551478325834,0.19254485216741657
7749,Left,0.9050115956892012,0.09498840431079883
35189,Left,0.5855371023461537,0.41446289765384625
64466,Left,0.7391440059770901,0.26085599402290993
52125,Stayed,0.06281311892315022,0.9371868810768498
51464,Stayed,0.23406398935213213,0.7659360106478679
64651,Stayed,0.0858463163717531,0.9141536836282469
18597,Left,0.796137635690726,0.20386236430927393
23821,Stayed,0.1672237407428926,0.8327762592571074
72429,Left,0.8878604162677785,0.11213958373222152
38461,Left,0.7616342658872577,0.23836573411274228
50379,Stayed,0.17323891040745454,0.8267610895925455
59243,Stayed,0.39404700322146435,0.6059529967785356
73262,Left,0.5312348503168969,0.46876514968310307
33545,Stayed,0.07044945741176845,0.9295505425882316
7321,Left,0.7900507329780531,0.20994926702194688
5670,Left,0.917177311196913,0.08282268880308698
31371,Stayed,0.3609426130147887,0.6390573869852113
13371,Stayed,0.03157961472193893,0.9684203852780611
8954,Stayed,0.010197487593060273,0.9898025124069397
23499,Stayed,0.22607234526307884,0.7739276547369212
34705,Stayed,0.09647881852326112,0.9035211814767389
3121,Stayed,0.27935184856088935,0.7206481514391107
23240,Stayed,0.2888876838022345,0.7111123161977655
28096,Stayed,0.2858144605415316,0.7141855394584684
51647,Stayed,0.017391488712531045,0.982608511287469
20526,Stayed,0.007072252641326493,0.9929277473586735
11539,Stayed,0.16159296899288667,0.8384070310071133
51403,Stayed,0.08546342913580696,0.914536570864193
20951,Left,0.6481596618405071,0.3518403381594929
56939,Stayed,0.28540292975111825,0.7145970702488817
24482,Stayed,0.4052172518772912,0.5947827481227088
33076,Left,0.5163220945270572,0.4836779054729427
29276,Left,0.7936526885863233,0.2063473114136767
63360,Stayed,0.10487464348261544,0.8951253565173846
67849,Stayed,0.10882719692701914,0.8911728030729809
29995,Left,0.9674695427585007,0.03253045724149926
43915,Stayed,0.4501462730259337,0.5498537269740663
6574,Stayed,0.4656016011365345,0.5343983988634655
16172,Stayed,0.09520055232400004,0.904799447676
9759,Left,0.6057948058876508,0.3942051941123492
2792,Left,0.6789570645478524,0.3210429354521475
8310,Left,0.862277758060683,0.13772224193931704
29167,Stayed,0.23631127089883275,0.7636887291011673
5,Left,0.8895864420975201,0.11041355790247982
7859,Stayed,0.37655155319136,0.62344844680864
42374,Stayed,0.493651393647934,0.506348606352066
73360,Stayed,0.382156941204967,0.617843058795033
57842,Left,0.521668988563555,0.4783310114364449
39373,Left,0.8647791897961423,0.1352208102038577
47301,Stayed,0.04345145261459371,0.9565485473854063
36733,Stayed,0.19391216877170225,0.8060878312282977
53304,Stayed,0.1581029467955657,0.8418970532044343
38772,Left,0.9588937157549476,0.04110628424505234
55852,Left,0.9017730258956116,0.09822697410438845
67401,Left,0.7062330783895832,0.2937669216104169
26203,Stayed,0.07791603656743584,0.9220839634325642
22305,Stayed,0.37118940116769006,0.6288105988323099
54138,Left,0.9286388951424048,0.07136110485759517
69018,Stayed,0.028727066378543165,0.9712729336214568
16797,Stayed,0.27172516782604605,0.728274832173954
52487,Left,0.9686673931906212,0.031332606809378744
45101,Left,0.933059188761551,0.06694081123844901
20777,Left,0.5417642904671278,0.4582357095328721
18818,Stayed,0.4382022467372738,0.5617977532627262
29271,Stayed,0.19824813734713898,0.801751862652861
10613,Left,0.9304057504460839,0.06959424955391609
47793,Left,0.5122286062270864,0.48777139377291356
26398,Left,0.8336931781327286,0.16630682186727144
71992,Left,0.5608818689586226,0.4391181310413774
57566,Stayed,0.05203599633181255,0.9479640036681874
66846,Left,0.7046654192197213,0.2953345807802787
45971,Left,0.970881443944758,0.029118556055242075
41823,Left,0.9444226562753915,0.055577343724608486
45732,Left,0.7873474694695912,0.21265253053040872
24386,Left,0.9811475781989328,0.018852421801067155
4035,Stayed,0.4673565837042326,0.5326434162957674
10918,Left,0.6342444668436042,0.3657555331563957
70582,Stayed,0.40199629288204164,0.5980037071179584
10948,Stayed,0.23988982733089148,0.7601101726691085
11780,Stayed,0.17421795493765468,0.8257820450623453
40237,Left,0.6503978319387083,0.3496021680612918
13142,Stayed,0.005484755360954607,0.9945152446390454
47769,Left,0.6528182362305586,0.34718176376944143
45087,Stayed,0.059990973365756095,0.9400090266342439
22052,Left,0.6286669845229506,0.37133301547704944
68938,Left,0.6578443297072054,0.3421556702927946
43594,Left,0.7634850848609189,0.23651491513908104
68891,Stayed,0.4012638677577094,0.5987361322422906
7791,Left,0.7230253609565348,0.2769746390434652
63157,Left,0.5729616775431767,0.42703832245682327
25146,Left,0.5984484193145763,0.40155158068542374
62907,Left,0.6959741429170456,0.30402585708295443
71819,Left,0.6568719747461977,0.3431280252538022
61169,Stayed,0.03531902739222692,0.9646809726077731
33061,Left,0.6830922626570066,0.31690773734299343
57104,Stayed,0.13481099109298011,0.8651890089070199
43513,Stayed,0.2705911874235719,0.7294088125764281
32418,Stayed,0.4268428874891498,0.5731571125108502
35974,Left,0.9904637662375986,0.009536233762401418
48104,Stayed,0.20721352862912545,0.7927864713708745
17993,Stayed,0.34595703945870826,0.6540429605412917
70914,Stayed,0.018000678951028193,0.9819993210489718
20583,Left,0.7140206321915508,0.2859793678084492
11547,Stayed,0.25920624314030694,0.7407937568596931
57727,Left,0.7394743633329901,0.2605256366670099
7603,Stayed,0.012271884016434087,0.9877281159835659
14141,Stayed,0.20254584129881525,0.7974541587011847
69551,Stayed,0.34059687597568544,0.6594031240243146
51478,Stayed,0.04055070246071968,0.9594492975392803
27068,Left,0.7691237566390561,0.23087624336094387
69101,Left,0.767780022199656,0.23221997780034404
19453,Left,0.577014538980184,0.4229854610198161
37802,Stayed,0.24718795417037687,0.7528120458296231
11690,Left,0.9896389315904475,0.010361068409552485
37184,Stayed,0.4743914948267346,0.5256085051732654
35716,Left,0.7319657190811111,0.2680342809188889
14378,Stayed,0.24664395175266307,0.7533560482473369
63267,Left,0.951654409166445,0.0483455908335551
62020,Left,0.8718614898918516,0.12813851010814833
61614,Stayed,0.004849185634609787,0.9951508143653902
26741,Left,0.9665506630449585,0.033449336955041487
60760,Left,0.9004605785223713,0.09953942147762869
61877,Left,0.844476325946828,0.15552367405317197
21871,Stayed,0.48476119768515546,0.5152388023148445
20788,Stayed,0.14208004247786898,0.857919957522131
42365,Stayed,0.2984562021989666,0.7015437978010334
19161,Left,0.9259276218279556,0.07407237817204436
28764,Left,0.87636200546694,0.12363799453306
56938,Left,0.7867480453015989,0.21325195469840105
16270,Stayed,0.46558059872455926,0.5344194012754407
27948,Left,0.6837868302231684,0.3162131697768316
34793,Stayed,0.19964590101850666,0.8003540989814933
17783,Stayed,0.3325799237268139,0.6674200762731861
29904,Stayed,0.15597146691441122,0.8440285330855888
60900,Left,0.734622509895118,0.26537749010488193
19242,Stayed,0.18604182892462306,0.8139581710753769
8902,Left,0.8864867115743905,0.1135132884256095
2837,Left,0.6414606249927066,0.3585393750072933
17479,Stayed,0.10058884585648509,0.8994111541435149
69048,Left,0.9420846157298479,0.05791538427015208
32065,Left,0.8667030364538605,0.1332969635461395
44539,Left,0.7379859089938354,0.26201409100616463
70040,Stayed,0.018125367419307925,0.9818746325806921
43520,Stayed,0.18050349303728763,0.8194965069627124
33808,Left,0.6115950330332731,0.38840496696672683
9209,Left,0.6297083235294548,0.3702916764705452
1289,Left,0.7051325978632387,0.2948674021367613
9955,Left,0.5447006610710481,0.45529933892895197
34258,Left,0.747019669992542,0.252980330007458
30316,Left,0.8751064162492661,0.12489358375073384
55846,Left,0.5847035883804538,0.4152964116195462
35122,Left,0.6914761571610921,0.3085238428389078
14088,Stayed,0.15016491665093956,0.8498350833490604
12274,Left,0.8162505862724236,0.1837494137275764
35544,Stayed,0.4480623285925198,0.5519376714074802
50508,Left,0.8656729755678247,0.13432702443217523
7025,Stayed,0.008348621521455546,0.9916513784785445
72035,Left,0.527669092631197,0.472330907368803
48951,Stayed,0.2694328119148137,0.7305671880851863
53904,Stayed,0.2442361839332462,0.7557638160667538
66917,Left,0.6459841914796571,0.3540158085203429
11083,Stayed,0.20429203807623764,0.7957079619237624
59483,Stayed,0.3527270744649732,0.6472729255350268
58476,Stayed,0.030059711036604098,0.9699402889633959
15436,Stayed,0.38089957123994667,0.6191004287600533
31731,Left,0.8844767255768092,0.11552327442319078
42243,Left,0.8215788632074374,0.17842113679256252
45881,Left,0.6174683886314332,0.3825316113685668
34533,Left,0.7129201586395719,0.2870798413604281
69079,Left,0.523258313919106,0.47674168608089396
54553,Stayed,0.2480334481507166,0.7519665518492834
66958,Left,0.5291046643250958,0.4708953356749041
3419,Stayed,0.09153662007563779,0.9084633799243622
24987,Left,0.5574574921207509,0.4425425078792491
24025,Left,0.5521549594721953,0.44784504052780477
24177,Stayed,0.2765247498950768,0.7234752501049232
54965,Left,0.9364002403700016,0.0635997596299984
13251,Stayed,0.033389744258262244,0.9666102557417378
2194,Stayed,0.01446094392488717,0.9855390560751128
30282,Stayed,0.2428667999451758,0.7571332000548242
46802,Stayed,0.2642488263867895,0.7357511736132105
63277,Stayed,0.06040220979341315,0.9395977902065868
66081,Left,0.7788356265356005,0.2211643734643995
10343,Stayed,0.46064855502635516,0.5393514449736448
65746,Stayed,0.45710784776439506,0.5428921522356049
59756,Stayed,0.4832723350057805,0.5167276649942195
31719,Left,0.8340773273449429,0.1659226726550571
21648,Stayed,0.06390141848024777,0.9360985815197522
15292,Left,0.8520713905894561,0.14792860941054392
9056,Stayed,0.42130437188658587,0.5786956281134141
11467,Stayed,0.3662814041064433,0.6337185958935567
15695,Stayed,0.06410742266043268,0.9358925773395673
56771,Stayed,0.052341224593328795,0.9476587754066712
68060,Left,0.5385344341031688,0.46146556589683113
41885,Left,0.5967248283985741,0.4032751716014259
32952,Left,0.9196447772142924,0.08035522278570763
1585,Stayed,0.05957325562656568,0.9404267443734343
37174,Stayed,0.0007684077455862859,0.9992315922544137
31838,Stayed,0.09651179808130506,0.9034882019186949
35581,Left,0.5142750232972874,0.48572497670271264
1484,Stayed,0.06623767446017104,0.933762325539829
58362,Stayed,0.014249216354399352,0.9857507836456006
5976,Stayed,0.4857900673675891,0.5142099326324109
56513,Left,0.7304295664335878,0.26957043356641214
62090,Stayed,0.21847579884320067,0.7815242011567993
31149,Left,0.5219127679381502,0.4780872320618498
20693,Left,0.7134539520482546,0.28654604795174543
8601,Left,0.5055260835444428,0.4944739164555571
61723,Stayed,0.3848688303481198,0.6151311696518802
70657,Stayed,0.012064678811682938,0.9879353211883171
44848,Left,0.9248456724966401,0.0751543275033599
65613,Stayed,0.49354716164717605,0.506452838352824
59807,Stayed,0.12583482408062963,0.8741651759193704
30665,Stayed,0.49928546431533893,0.5007145356846611
54920,Left,0.5618511001754385,0.43814889982456146
48113,Left,0.9117204874337914,0.08827951256620864
3602,Stayed,0.14780474821960587,0.8521952517803941
28911,Left,0.8043163120837462,0.19568368791625382
70154,Stayed,0.16925183548555978,0.8307481645144402
61989,Stayed,0.2362946824389166,0.7637053175610834
61880,Left,0.8386903124442365,0.1613096875557635
22664,Stayed,0.06816790592426969,0.9318320940757303
64121,Stayed,0.4183845820797921,0.5816154179202079
54210,Stayed,0.2780924423724074,0.7219075576275926
16444,Stayed,0.23528104883582235,0.7647189511641777
23944,Stayed,0.28204428856679964,0.7179557114332004
52051,Left,0.7911563141441011,0.2088436858558988
44582,Left,0.9412251446973511,0.05877485530264888
31305,Left,0.53210871042768,0.46789128957231996
16324,Left,0.5177740562453519,0.48222594375464806
39796,Stayed,0.4137769183910588,0.5862230816089412
74268,Stayed,0.47244192034048815,0.5275580796595118
36118,Left,0.9058707721774769,0.0941292278225231
26847,Stayed,0.07237937624831492,0.9276206237516851
71062,Stayed,0.3704368760265929,0.6295631239734071
12419,Stayed,0.4657886302045553,0.5342113697954447
1524,Left,0.5989611361179914,0.40103886388200866
54915,Left,0.8613005014593629,0.13869949854063718
14635,Left,0.5727127661672227,0.4272872338327774
60533,Stayed,0.12534313609076597,0.874656863909234
6743,Left,0.7092648807056914,0.29073511929430856
12358,Stayed,0.2151559296147051,0.7848440703852949
58376,Left,0.5500957839517199,0.4499042160482801
17699,Stayed,0.4927758033254791,0.5072241966745209
52172,Stayed,0.38240155908216356,0.6175984409178364
20173,Left,0.6666590572202477,0.33334094277975235
9622,Left,0.6322465471250711,0.36775345287492883
3345,Stayed,0.12156389753899632,0.8784361024610037
13362,Stayed,0.25125019202637644,0.7487498079736236
14042,Left,0.5202441745860353,0.47975582541396466
2681,Stayed,0.41481275660051253,0.5851872433994875
64823,Stayed,0.07474752840841759,0.9252524715915824
15714,Left,0.779159752727953,0.22084024727204693
6269,Stayed,0.02698936169026156,0.9730106383097384
67972,Left,0.8835613102033153,0.11643868979668472
58191,Left,0.8963106350764078,0.1036893649235922
60310,Left,0.7601670714781316,0.2398329285218684
57019,Stayed,0.16782516081006227,0.8321748391899377
19294,Stayed,0.26874938081829924,0.7312506191817008
57606,Left,0.7811744493964278,0.2188255506035722
74471,Left,0.9269845242196121,0.07301547578038789
28084,Left,0.8744979331776355,0.12550206682236448
4022,Left,0.9711936260978762,0.028806373902123775
58143,Left,0.9631207005881526,0.036879299411847394
39013,Left,0.641671551547885,0.3583284484521149
6632,Left,0.6471336657878795,0.35286633421212055
65183,Left,0.820968997594738,0.17903100240526207
65284,Stayed,0.09879417965283555,0.9012058203471645
4209,Stayed,0.05702832034336447,0.9429716796566355
40389,Left,0.7478146353084762,0.2521853646915238
1175,Stayed,0.007584123398371223,0.9924158766016288
4901,Stayed,0.009407552962475751,0.9905924470375242
31186,Stayed,0.23429582885655453,0.7657041711434455
1174,Left,0.7613672766326097,0.23863272336739025
23317,Left,0.5133142500279436,0.4866857499720564
8364,Stayed,0.16855573613770802,0.831444263862292
28219,Stayed,0.04621198081769984,0.9537880191823002
70898,Left,0.5231801983169587,0.4768198016830413
63946,Left,0.6227242523565205,0.3772757476434795
73442,Left,0.7422585564002351,0.257741443599765
68940,Left,0.8863886538223132,0.11361134617768671
73117,Stayed,0.05354591990132762,0.9464540800986724
67726,Left,0.9232999635445802,0.0767000364554198
6526,Stayed,0.32899586401276115,0.6710041359872388
37025,Left,0.920544586157475,0.07945541384252502
17965,Left,0.5826584007505622,0.41734159924943776
25594,Stayed,0.3287377065342556,0.6712622934657444
50084,Stayed,0.14891860767278542,0.8510813923272146
49782,Left,0.581293116738996,0.418706883261004
58355,Stayed,0.4992669377304133,0.5007330622695867
72621,Stayed,0.01972031546940234,0.9802796845305977
20852,Left,0.5423586070129793,0.45764139298702067
65137,Left,0.5034703571369405,0.4965296428630595
29839,Stayed,0.2533018141022746,0.7466981858977254
57777,Stayed,0.23104035778583432,0.7689596422141657
22676,Stayed,0.06626681909558652,0.9337331809044135
48089,Left,0.5330936115943936,0.46690638840560633
35966,Left,0.5290796048200581,0.4709203951799419
16871,Stayed,0.012645328170401315,0.9873546718295987
27393,Left,0.8890124229005046,0.1109875770994954
37543,Stayed,0.3026769189595775,0.6973230810404225
27657,Left,0.6807753017394621,0.3192246982605379
49794,Stayed,0.0974905668655155,0.9025094331344845
27480,Left,0.6462239512315017,0.35377604876849833
41729,Left,0.9443740429779102,0.05562595702208982
15515,Left,0.5096509830048291,0.49034901699517086
41378,Left,0.9075145938096885,0.09248540619031159
3011,Left,0.8157646435582284,0.18423535644177158
36478,Stayed,0.17591932668225485,0.8240806733177451
60024,Left,0.5404072744590482,0.4595927255409517
36205,Stayed,0.005712562765444962,0.994287437234555
21074,Left,0.7397586812211976,0.2602413187788024
50568,Left,0.6271314866483708,0.3728685133516291
4246,Stayed,0.28272779327883857,0.7172722067211614
64296,Stayed,0.08778869244184506,0.9122113075581549
53668,Left,0.5458482525413493,0.4541517474586507
27563,Stayed,0.3669830855410118,0.6330169144589882
27071,Stayed,0.247661831168986,0.752338168831014
64734,Stayed,0.3896708694828286,0.6103291305171714
48840,Left,0.8550203914925524,0.14497960850744765
51146,Stayed,0.2266111864866417,0.7733888135133583
54066,Stayed,0.25913067954252156,0.7408693204574784
73944,Stayed,0.47332599550352383,0.5266740044964762
16696,Stayed,0.407956401916459,0.592043598083541
15183,Left,0.7871894728818372,0.21281052711816287
44284,Left,0.5440871583060125,0.45591284169398755
64065,Stayed,0.2660105327031034,0.7339894672968966
74463,Left,0.5062748420882002,0.49372515791179983
7707,Stayed,0.17558452564846583,0.8244154743515342
14965,Stayed,0.16244784900842246,0.8375521509915775
54652,Left,0.7216638777030537,0.2783361222969462
51082,Left,0.9590768081454708,0.040923191854529244
41293,Stayed,0.4816183720407271,0.5183816279592729
65655,Stayed,0.33992347111361587,0.6600765288863841
58674,Left,0.8062819013657414,0.19371809863425857
43790,Left,0.8405921071057658,0.15940789289423418
63900,Left,0.6329926388571893,0.36700736114281074
12284,Stayed,0.13818908355620008,0.8618109164437999
20207,Left,0.5447744687050882,0.45522553129491183
1060,Stayed,0.24112190270319123,0.7588780972968088
59666,Left,0.8870504286527208,0.11294957134727926
63068,Stayed,0.329377854834106,0.670622145165894
6897,Left,0.7480865784729664,0.25191342152703355
32837,Left,0.8427492505871752,0.15725074941282483
71968,Stayed,0.04098212644553967,0.9590178735544603
48420,Left,0.5768570995680566,0.4231429004319434
23717,Left,0.5367522899319577,0.46324771006804233
40873,Left,0.9792854648218794,0.020714535178120597
66188,Left,0.7856269145573465,0.21437308544265352
4654,Left,0.8800042656115117,0.11999573438848832
29727,Left,0.9123272351153112,0.08767276488468874
39251,Left,0.9404724151642079,0.05952758483579208
71730,Left,0.8141478835462996,0.1858521164537003
8880,Left,0.7581259529373509,0.24187404706264917
36005,Stayed,0.02065757692651271,0.9793424230734873
20500,Left,0.6194317928699752,0.3805682071300248
56790,Stayed,0.21439773411323493,0.7856022658867651
30830,Left,0.9729082431129163,0.027091756887083707
52304,Left,0.7086529652826322,0.2913470347173678
40705,Stayed,0.16257213030282525,0.8374278696971748
24238,Left,0.5626105053256628,0.4373894946743372
38481,Stayed,0.30125622562178667,0.6987437743782133
32393,Left,0.523114557859812,0.47688544214018797
52940,Stayed,0.11555260837676218,0.8844473916232378
10281,Left,0.872377788916976,0.12762221108302393
6530,Stayed,0.24835013860442,0.75164986139558
72975,Stayed,0.41345618748184776,0.5865438125181522
17123,Left,0.7164877842046604,0.28351221579533964
42185,Left,0.7616792126873252,0.23832078731267484
43191,Stayed,0.015181298293676204,0.9848187017063238
72864,Left,0.8189161840786378,0.18108381592136222
56519,Left,0.8668138880353852,0.13318611196461486
17644,Stayed,0.2257030118796024,0.7742969881203976
11332,Left,0.765347063722327,0.23465293627767309
45276,Stayed,0.016211577556883294,0.9837884224431167
73297,Stayed,0.3901481149086172,0.6098518850913828
66566,Left,0.7566683796712104,0.2433316203287897
53199,Stayed,0.35797630164587924,0.6420236983541208
36217,Left,0.6549194064713637,0.34508059352863624
11097,Left,0.6990330072008961,0.30096699279910394
24371,Left,0.9825258620425429,0.01747413795745713
23086,Stayed,0.009266075973883292,0.9907339240261167
7468,Left,0.76169857870843,0.2383014212915699
6759,Stayed,0.30180057082757417,0.6981994291724258
24136,Left,0.8132062740795283,0.18679372592047175
65489,Left,0.7862289802704083,0.21377101972959162
72096,Stayed,0.11783810967093522,0.8821618903290648
28323,Stayed,0.3822265410421607,0.6177734589578393
60363,Stayed,0.13466993487066503,0.865330065129335
35460,Stayed,0.04075792852140703,0.959242071478593
7822,Stayed,0.3171862995184568,0.6828137004815432
6484,Left,0.6805773285494441,0.319422671450556
68654,Left,0.8085376557508712,0.1914623442491288
57112,Stayed,0.18638063396980387,0.8136193660301961
38875,Stayed,0.45469010018458356,0.5453098998154164
49821,Left,0.967267368660908,0.03273263133909198
20042,Left,0.7705883328263873,0.22941166717361272
52181,Stayed,0.48075985933898724,0.5192401406610128
18934,Stayed,0.37474906933625296,0.625250930663747
12103,Stayed,0.3966537406280829,0.6033462593719171
14077,Left,0.5518940597175368,0.44810594028246326
65873,Stayed,0.08929745172490511,0.9107025482750949
13996,Stayed,0.02297061519369692,0.9770293848063031
9923,Left,0.9391156937809988,0.06088430621900118
64940,Stayed,0.24080264569252663,0.7591973543074734
48632,Stayed,0.2896707280679568,0.7103292719320432
41730,Left,0.5880126989327771,0.4119873010672229
12066,Left,0.6323889010354192,0.3676110989645808
44051,Left,0.8914978227145995,0.10850217728540044
2323,Left,0.8001497514984122,0.1998502485015878
375,Left,0.8251165987749274,0.1748834012250726
57632,Left,0.9546361673618962,0.04536383263810389
21765,Left,0.9827734384631068,0.017226561536893167
51734,Left,0.5898762799187405,0.4101237200812596
35857,Stayed,0.09700979515264474,0.9029902048473553
33331,Stayed,0.0018760316110399966,0.99812396838896
20756,Stayed,0.49563925965808064,0.5043607403419194
60559,Stayed,0.35538436533481266,0.6446156346651873
65397,Left,0.7770995497639593,0.2229004502360407
73198,Stayed,0.3064147807806502,0.6935852192193498
13632,Stayed,0.12774984696268532,0.8722501530373147
17031,Left,0.8735197390109584,0.12648026098904164
31643,Stayed,0.4195329562365393,0.5804670437634607
31299,Stayed,0.10732060469976923,0.8926793953002308
71616,Stayed,0.27287979752856995,0.72712020247143
66589,Left,0.7059391725053155,0.2940608274946845
25286,Left,0.8058168861348414,0.1941831138651586
20469,Stayed,0.10666673698202622,0.8933332630179738
11853,Stayed,0.17654251444695124,0.8234574855530488
24522,Stayed,0.3493338473494766,0.6506661526505234
44241,Left,0.6675661371727366,0.33243386282726334
19133,Stayed,0.22582813378178457,0.7741718662182154
65532,Left,0.5823606659045293,0.4176393340954707
47211,Stayed,0.4779838397910805,0.5220161602089195
54030,Stayed,0.420686718141866,0.579313281858134
24014,Left,0.9118688662821373,0.0881311337178627
12558,Left,0.6381897396026037,0.3618102603973963
70512,Left,0.6199334171581985,0.38006658284180145
22378,Left,0.9471457396076347,0.052854260392365245
64873,Left,0.534407509790617,0.465592490209383
58886,Stayed,0.33978101063964783,0.6602189893603522
60176,Stayed,0.2627116868307493,0.7372883131692507
73769,Left,0.6887815115873993,0.3112184884126007
4417,Left,0.8989304101698774,0.10106958983012254
9843,Stayed,0.21943823683561958,0.7805617631643804
16394,Stayed,0.274824959807786,0.725175040192214
59972,Stayed,0.36790405436136686,0.6320959456386331
11543,Left,0.6187197031087714,0.3812802968912286
21596,Left,0.7166716777719686,0.28332832222803134
11941,Stayed,0.18696400050896833,0.8130359994910317
3714,Stayed,0.34588626995968996,0.65411373004031
52761,Stayed,0.3584840802358621,0.6415159197641379
11567,Left,0.8806438813080697,0.11935611869193026
73557,Left,0.7531019063525245,0.2468980936474755
46819,Stayed,0.38986110128349316,0.6101388987165068
69944,Left,0.937561943584163,0.062438056415836996
39229,Left,0.5837371071377548,0.4162628928622451
61634,Stayed,0.26068257163548214,0.7393174283645179
4919,Stayed,0.23781209391673674,0.7621879060832633
54980,Stayed,0.038558885106833696,0.9614411148931663
74015,Stayed,0.4819462630507255,0.5180537369492745
44719,Stayed,0.17708969095283422,0.8229103090471658
59476,Stayed,0.13877118496316765,0.8612288150368324
55687,Left,0.6636702035138919,0.336329796486108
15200,Stayed,0.002048872767821064,0.9979511272321789
70871,Left,0.6927788564533981,0.3072211435466019
26773,Left,0.9189804717404921,0.08101952825950783
45176,Stayed,0.17399641044754732,0.8260035895524527
50262,Stayed,0.028962571882962473,0.9710374281170375
20209,Stayed,0.2945857608405482,0.7054142391594518
62862,Left,0.8876173625630914,0.1123826374369086
48021,Left,0.5272963979816094,0.47270360201839057
65850,Left,0.6279575570349363,0.37204244296506367
7965,Left,0.5291577431547554,0.4708422568452446
12521,Left,0.7516767378466797,0.24832326215332032
34396,Stayed,0.09535746317947247,0.9046425368205275
44358,Stayed,0.21323075814134484,0.7867692418586552
67644,Left,0.7000959496649091,0.299904050335091
13932,Left,0.7019227155972914,0.29807728440270864
22945,Stayed,0.44596577525220604,0.554034224747794
43091,Stayed,0.453951128627342,0.546048871372658
34296,Left,0.9476948528432724,0.05230514715672758
5947,Left,0.8983818704986274,0.10161812950137265
70281,Left,0.9499080791805298,0.050091920819470274
73640,Stayed,0.28694783379034317,0.7130521662096568
32929,Left,0.6564447588319889,0.34355524116801106
59831,Stayed,0.17721152745682256,0.8227884725431774
59330,Left,0.8471171176708925,0.1528828823291075
15208,Stayed,0.1998260413850118,0.8001739586149882
12784,Left,0.6336691529342776,0.3663308470657224
52900,Stayed,0.3582054517090566,0.6417945482909434
16822,Stayed,0.023500679367399413,0.9764993206326006
73217,Stayed,0.4925930098971659,0.5074069901028341
32756,Left,0.8647228560272537,0.13527714397274623
50056,Stayed,0.020161345995851288,0.9798386540041487
50765,Left,0.5305066874038842,0.4694933125961158
730,Stayed,0.002746214399307223,0.9972537856006928
62979,Stayed,0.4953434246398306,0.5046565753601694
44518,Left,0.5783943393882593,0.42160566061174065
15394,Stayed,0.30186989362263417,0.6981301063773658
70176,Left,0.6918314492744282,0.30816855072557187
16707,Stayed,0.42055107590888074,0.5794489240911193
41889,Stayed,0.4778828857356837,0.5221171142643163
70431,Left,0.7000309967272274,0.2999690032727726
30013,Stayed,0.4939175533720088,0.5060824466279912
8642,Left,0.9556931943346016,0.044306805665398324
36035,Left,0.7776802961996019,0.22231970380039806
81,Left,0.773152060407808,0.22684793959219196
27090,Left,0.8824276507306222,0.11757234926937774
62757,Stayed,0.007933550080005403,0.9920664499199946
630,Left,0.8008167543784148,0.19918324562158524
56436,Left,0.8226801163470497,0.1773198836529503
21446,Stayed,0.10895001734232213,0.8910499826576779
61116,Stayed,0.04931435538203177,0.9506856446179682
875,Stayed,0.0742498955834272,0.9257501044165728
7107,Left,0.6401119724134687,0.35988802758653127
12821,Left,0.7677757293352085,0.2322242706647915
6544,Stayed,0.4739725047123492,0.5260274952876508
73636,Left,0.6603090268559826,0.3396909731440174
42664,Stayed,0.4630767958772194,0.5369232041227806
2219,Left,0.7420188932415279,0.2579811067584721
47104,Stayed,0.37472638434440064,0.6252736156555994
4752,Stayed,0.4254519067905409,0.5745480932094591
27368,Left,0.7026340682592385,0.29736593174076154
55591,Left,0.7226736183230309,0.27732638167696916
16903,Stayed,0.4024255361531599,0.5975744638468401
66165,Stayed,0.40644894284863553,0.5935510571513645
56371,Stayed,0.030713251992710577,0.9692867480072894
24656,Left,0.7461920026907114,0.25380799730928855
57464,Stayed,0.07352259792271687,0.9264774020772831
31204,Stayed,0.21811551459799017,0.7818844854020098
66611,Left,0.59844607741799,0.4015539225820099
6166,Stayed,0.07212362337773659,0.9278763766222634
73062,Left,0.6558017954790907,0.3441982045209094
59880,Stayed,0.46780014563558037,0.5321998543644196
64258,Stayed,0.4523625750045981,0.5476374249954019
70609,Stayed,0.3569642287186,0.6430357712814
64217,Left,0.5008341684668447,0.49916583153315536
16132,Stayed,0.08470037228785199,0.915299627712148
12068,Left,0.8967475747528827,0.10325242524711728
12291,Stayed,0.17704665223500649,0.8229533477649935
54924,Left,0.6022103985362663,0.3977896014637337
35445,Left,0.6076472770960104,0.39235272290398954
13859,Stayed,0.10073717039546204,0.899262829604538
55430,Stayed,0.3976101780990273,0.6023898219009727
34356,Left,0.6036224295813246,0.3963775704186754
58207,Stayed,0.4153958495437561,0.5846041504562439
63358,Stayed,0.052136859105446076,0.9478631408945539
46335,Stayed,0.12389852242769517,0.8761014775723048
54596,Stayed,0.26569990585687653,0.7343000941431235
18845,Left,0.9631894458476667,0.036810554152333246
25616,Stayed,0.353204041013793,0.646795958986207
21112,Left,0.8855845748595381,0.11441542514046184
30381,Stayed,0.34555416755846724,0.6544458324415328
52217,Stayed,0.338934833585502,0.661065166414498
53384,Left,0.6918519809299881,0.30814801907001194
14370,Left,0.7236143703655248,0.2763856296344752
22810,Left,0.5122039109263021,0.4877960890736978
71251,Stayed,0.06529325908974715,0.9347067409102529
21921,Left,0.7515558774821204,0.24844412251787965
40486,Left,0.5636265872859365,0.4363734127140635
51748,Stayed,0.28020790582536015,0.7197920941746399
58520,Left,0.5323976705712922,0.46760232942870783
67872,Stayed,0.03519273402902212,0.9648072659709779
68388,Left,0.8207429385986137,0.1792570614013863
51170,Stayed,0.2909645235955005,0.7090354764044995
47434,Left,0.8770260579846778,0.12297394201532215
1514,Left,0.71738650438549,0.28261349561451
58394,Stayed,0.32508550677723946,0.6749144932227605
72668,Left,0.9706445705736056,0.0293554294263944
57897,Left,0.97456129693649,0.025438703063509985
3952,Stayed,0.39648782651536796,0.603512173484632
51104,Stayed,0.15017235384969718,0.8498276461503028
40926,Stayed,0.2621231001750802,0.7378768998249198
42,Stayed,0.05713533663415726,0.9428646633658427
21476,Left,0.8930843071296577,0.10691569287034236
1645,Stayed,0.4965561509811205,0.5034438490188795
66887,Stayed,0.3109424198208973,0.6890575801791027
19717,Stayed,0.020710266581561276,0.9792897334184387
30919,Left,0.7540305259295537,0.24596947407044634
65561,Left,0.87234875557119,0.12765124442881
44458,Left,0.5313185172606488,0.4686814827393512
32842,Stayed,0.4802384353418938,0.5197615646581062
8050,Stayed,0.23207260035719257,0.7679273996428074
34082,Stayed,0.39921589842631666,0.6007841015736833
18238,Left,0.832010778159697,0.16798922184030293
2518,Left,0.7829884617718199,0.21701153822818012
32396,Left,0.6152985717811157,0.38470142821888437
1292,Stayed,0.4068317211803809,0.5931682788196191
56223,Left,0.6566359191402991,0.343364080859701
14702,Left,0.5127536348159267,0.48724636518407327
22709,Stayed,0.02775169429246216,0.9722483057075378
23973,Stayed,0.268025770706496,0.731974229293504
58129,Left,0.777177400243308,0.22282259975669202
28389,Stayed,0.36626238354235907,0.6337376164576409
51890,Left,0.9265574377613093,0.07344256223869071
68590,Left,0.8789482244746928,0.12105177552530721
17191,Left,0.7841196312875082,0.2158803687124918
41503,Stayed,0.16200974367344223,0.8379902563265578
31564,Stayed,0.06114530852934952,0.9388546914706505
57489,Stayed,0.005391322473553339,0.9946086775264467
24995,Stayed,0.021790942781456768,0.9782090572185432
52658,Stayed,0.2756562236040413,0.7243437763959587
15923,Left,0.6029841353332045,0.3970158646667955
48406,Stayed,0.33508997284040787,0.6649100271595921
25947,Stayed,0.08041717328392917,0.9195828267160708
51147,Stayed,0.4491226721403315,0.5508773278596685
11584,Stayed,0.4532894840231638,0.5467105159768362
30232,Left,0.589843439411754,0.41015656058824607
20459,Left,0.8358487286208589,0.1641512713791411
1290,Left,0.9051099940975414,0.09489000590245854
56075,Stayed,0.43913080285421746,0.5608691971457825
57320,Left,0.7043888740739543,0.2956111259260457
63052,Stayed,0.4924655079378515,0.5075344920621485
49126,Left,0.6621588913649274,0.3378411086350726
10466,Left,0.7944882477035801,0.20551175229641994
68158,Stayed,0.23213698830976703,0.767863011690233
17354,Left,0.5659869965972134,0.4340130034027866
829,Stayed,0.43850781999015975,0.5614921800098402
70190,Stayed,0.4467357660804092,0.5532642339195908
17874,Left,0.9333868864609908,0.06661311353900923
48838,Left,0.549813221929285,0.45018677807071505
20226,Left,0.5038529292076883,0.49614707079231163
20483,Left,0.9470158040816812,0.052984195918318835
21739,Stayed,0.18053667899829695,0.819463321001703
50565,Stayed,0.1815769221887863,0.8184230778112137
50615,Stayed,0.255017410609359,0.744982589390641
38622,Left,0.8399847384465337,0.16001526155346638
47270,Left,0.9712028558244751,0.028797144175524935
22867,Stayed,0.19812579947122988,0.8018742005287701
32028,Left,0.6497510517246905,0.3502489482753095
37558,Stayed,0.18239450417366354,0.8176054958263365
42939,Stayed,0.21514540579427865,0.7848545942057213
56080,Left,0.9198148009643479,0.08018519903565217
37379,Stayed,0.03501467945058523,0.9649853205494148
67781,Stayed,0.23781474919916679,0.7621852508008332
48213,Stayed,0.0944969158775203,0.9055030841224797
60598,Left,0.9091040848965571,0.0908959151034429
68603,Left,0.952637632240815,0.04736236775918499
26450,Left,0.8114905479359853,0.18850945206401468
63420,Stayed,0.22965588777220036,0.7703441122277996
18851,Stayed,0.03998157939648406,0.9600184206035159
36897,Left,0.5081104081674138,0.4918895918325862
59513,Stayed,0.11161042360984352,0.8883895763901565
38269,Stayed,0.08791795197826635,0.9120820480217336
3428,Left,0.6459261615328599,0.35407383846714013
9299,Stayed,0.4471651593112219,0.5528348406887781
19520,Left,0.6077581267756785,0.39224187322432147
40828,Stayed,0.04836874119650114,0.9516312588034989
46289,Stayed,0.09005678522900207,0.9099432147709979
3283,Stayed,0.42920104662453795,0.570798953375462
28102,Left,0.8862863571532065,0.11371364284679351
70704,Left,0.6378204842111261,0.36217951578887386
68958,Left,0.9224391978886181,0.0775608021113819
1995,Stayed,0.16922838717694388,0.8307716128230561
36230,Left,0.5448224124819352,0.4551775875180648
8232,Left,0.5220415216633456,0.47795847833665445
34972,Stayed,0.1306822949093117,0.8693177050906883
61947,Left,0.974735815350844,0.02526418464915606
73273,Stayed,0.2699725773959005,0.7300274226040995
59971,Stayed,0.2084881885633566,0.7915118114366434
72003,Left,0.9097531241922588,0.09024687580774118
35583,Left,0.823861350129838,0.176138649870162
29882,Left,0.7569342855176824,0.2430657144823176
49603,Stayed,0.36741662864008895,0.632583371359911
3119,Stayed,0.015562859498363446,0.9844371405016366
64089,Stayed,0.0627544643023833,0.9372455356976167
73080,Left,0.5249135096298099,0.47508649037019013
66127,Stayed,0.36500731533352526,0.6349926846664747
38297,Left,0.8450499415381632,0.15495005846183685
25019,Left,0.9078228157524421,0.09217718424755796
24621,Left,0.5908082188803438,0.4091917811196562
73856,Stayed,0.11970226446638843,0.8802977355336116
33991,Left,0.9618614069284658,0.0381385930715342
33204,Stayed,0.48915886006538345,0.5108411399346166
46313,Left,0.6099374234596884,0.3900625765403116
41036,Left,0.9799950788017155,0.020004921198284432
14166,Stayed,0.2367768521386422,0.7632231478613578
60227,Stayed,0.45594820825092564,0.5440517917490744
42492,Stayed,0.05212817744866394,0.9478718225513361
25914,Left,0.6321514497219471,0.3678485502780528
37239,Stayed,0.35072880650986304,0.649271193490137
61898,Stayed,0.34145942388979944,0.6585405761102006
71525,Stayed,0.4892041767626525,0.5107958232373475
50035,Left,0.8217526442865182,0.17824735571348183
64458,Left,0.5299835933572852,0.4700164066427149
14132,Stayed,0.3824407798218845,0.6175592201781155
26900,Left,0.7471161009885698,0.2528838990114301
15023,Left,0.9699599999224819,0.030040000077518024
25487,Stayed,0.057402452262588666,0.9425975477374113
11120,Left,0.7849320282115709,0.2150679717884291
37928,Stayed,0.2841790308890787,0.7158209691109213
33457,Left,0.9412069295142894,0.058793070485710607
37986,Left,0.7306956776232241,0.269304322376776
40396,Stayed,0.3434908341094891,0.6565091658905109
70807,Stayed,0.4889017279048461,0.5110982720951539
8365,Left,0.9617726480493548,0.03822735195064518
11114,Stayed,0.17008150611401485,0.8299184938859852
41118,Stayed,0.23910891740392803,0.760891082596072
22653,Left,0.7243928554004746,0.27560714459952534
33254,Left,0.6921247474138383,0.3078752525861617
52076,Left,0.7177986127741933,0.2822013872258067
12800,Left,0.8751894231198667,0.12481057688013335
71250,Left,0.7144121981701121,0.2855878018298879
40522,Stayed,0.05983658879056908,0.9401634112094309
67325,Left,0.7029548440468276,0.2970451559531723
22326,Stayed,0.021749284278626657,0.9782507157213733
39037,Left,0.9314313880742437,0.06856861192575626
24696,Left,0.8690024434736818,0.13099755652631812
3934,Stayed,0.3752119312302744,0.6247880687697256
50319,Stayed,0.4609509940665033,0.5390490059334967
66138,Left,0.9258838062505557,0.07411619374944434
12619,Stayed,0.046453574111499196,0.9535464258885008
49375,Stayed,0.01790817820393953,0.9820918217960605
35493,Stayed,0.40209103417063174,0.5979089658293683
68374,Left,0.5745021222468948,0.4254978777531052
2211,Stayed,0.1836094629712024,0.8163905370287976
73380,Left,0.8923241109312361,0.10767588906876396
57290,Left,0.8631295347142316,0.1368704652857684
48185,Stayed,0.28619684263756484,0.7138031573624352
58495,Left,0.5236922774667989,0.47630772253320114
14318,Left,0.8559848727297787,0.14401512727022125
20624,Stayed,0.23086764293267126,0.7691323570673287
54563,Stayed,0.044591468911512555,0.9554085310884874
56137,Left,0.785250186074195,0.21474981392580506
16759,Stayed,0.06461998105942413,0.9353800189405759
7687,Stayed,0.436523425122476,0.563476574877524
43855,Left,0.9807146347385053,0.019285365261494738
67711,Left,0.9061659550196404,0.09383404498035963
41310,Left,0.8979281744589059,0.10207182554109406
35744,Stayed,0.027961934223413643,0.9720380657765864
17806,Left,0.9703962719875346,0.029603728012465316
13541,Left,0.9139545711485646,0.08604542885143542
41903,Stayed,0.016298064273634227,0.9837019357263658
34243,Stayed,0.044016788902121795,0.9559832110978782
48177,Stayed,0.41975074723547634,0.5802492527645237
45975,Stayed,0.4478379614047808,0.5521620385952192
6096,Stayed,0.4057810408964132,0.5942189591035868
41028,Stayed,0.14327881429505407,0.8567211857049459
44032,Left,0.7302411549873855,0.26975884501261455
73631,Stayed,0.07116812811865181,0.9288318718813482
32439,Stayed,0.4424409119942653,0.5575590880057347
15510,Left,0.935985221275893,0.06401477872410698
34409,Stayed,0.39652838918466327,0.6034716108153367
68030,Left,0.6925957464347812,0.30740425356521883
35749,Left,0.7532992513398405,0.24670074866015945
32722,Left,0.6626971013180833,0.3373028986819166
72152,Stayed,0.25015072869209,0.74984927130791
15579,Left,0.9759009686840244,0.024099031315975572
50039,Left,0.5118009236253713,0.48819907637462867
42683,Left,0.9697744838309305,0.030225516169069516
13536,Left,0.5934252778007414,0.40657472219925866
19498,Stayed,0.004381022695852721,0.9956189773041473
45006,Left,0.9735684075954311,0.026431592404568913
60206,Stayed,0.02044829924215308,0.9795517007578469
73235,Stayed,0.07539653833885096,0.924603461661149
31574,Stayed,0.47186580570830594,0.5281341942916941
48468,Stayed,0.008510423006365175,0.9914895769936348
38379,Left,0.8473758386054925,0.15262416139450755
25161,Stayed,0.41593569581698653,0.5840643041830135
4173,Stayed,0.4987826857739015,0.5012173142260985
54998,Left,0.9261734244650707,0.07382657553492929
7244,Stayed,0.46188499528369076,0.5381150047163092
41220,Left,0.6316986754037575,0.3683013245962426
42847,Stayed,0.012433613769681329,0.9875663862303187
69557,Left,0.9191520694756833,0.08084793052431676
71020,Stayed,0.047391748659166844,0.9526082513408332
34540,Stayed,0.18286971871865032,0.8171302812813497
31730,Left,0.8248528785219453,0.17514712147805472
61954,Stayed,0.06661423899514607,0.9333857610048539
73854,Left,0.5698461622956623,0.43015383770433774
46067,Left,0.8072137782714371,0.19278622172856283
22966,Stayed,0.05642306086983084,0.9435769391301692
44626,Left,0.7712894779732963,0.2287105220267037
43296,Left,0.5896653463695392,0.4103346536304609
59262,Stayed,0.3658155255196902,0.6341844744803098
61678,Stayed,0.15786204175496865,0.8421379582450313
29700,Left,0.890377885436463,0.10962211456353699
44781,Left,0.8808275930659788,0.11917240693402126
64035,Stayed,0.16726470026971862,0.8327352997302814
6200,Stayed,0.0326425979752637,0.9673574020247363
61020,Left,0.548968148664723,0.451031851335277
63934,Stayed,0.1724295740152315,0.8275704259847685
4254,Left,0.7985657002147971,0.20143429978520289
48103,Stayed,0.04833481445113197,0.951665185548868
74109,Left,0.7681442819075768,0.23185571809242325
46553,Stayed,0.16918647476329018,0.8308135252367098
35613,Left,0.9264676906678362,0.07353230933216387
36639,Left,0.5191652232060309,0.48083477679396913
15253,Stayed,0.007469893564767793,0.9925301064352322
26052,Left,0.9372263077532884,0.06277369224671157
14349,Left,0.8399220568162582,0.16007794318374186
24421,Left,0.9796548593888273,0.02034514061117263
13,Stayed,0.0865184266736726,0.9134815733263274
42364,Stayed,0.33231321148407267,0.6676867885159273
33988,Left,0.8683753393103222,0.13162466068967787
1530,Left,0.8995079674535675,0.10049203254643252
21462,Left,0.9355117264934287,0.06448827350657133
40308,Left,0.907648627443248,0.09235137255675194
18989,Stayed,0.07336951899455835,0.9266304810054417
14216,Stayed,0.14087749998796928,0.8591225000120307
21271,Left,0.8347166721883186,0.16528332781168148
38901,Stayed,0.42480320013563944,0.5751967998643606
5956,Stayed,0.3428704300197163,0.6571295699802837
40065,Left,0.6208671102135741,0.37913288978642595
16265,Left,0.5118506761926316,0.4881493238073685
14277,Stayed,0.2716071130517135,0.7283928869482865
62011,Left,0.5428572443924775,0.45714275560752243
53100,Left,0.739518523574477,0.26048147642552305
36051,Left,0.8273042396282478,0.17269576037175213
22087,Left,0.985660188860246,0.01433981113975404
55728,Stayed,0.21677983992375627,0.7832201600762437
72337,Left,0.5458897990432643,0.45411020095673565
54386,Left,0.838531083647563,0.16146891635243696
16905,Stayed,0.24220555725751913,0.7577944427424809
21004,Stayed,0.2352665808320168,0.7647334191679832
21809,Stayed,0.450789336416631,0.549210663583369
45943,Left,0.7821559332037615,0.21784406679623847
48673,Stayed,0.03257820491496721,0.9674217950850328
19502,Left,0.8437245769407707,0.15627542305922928
42072,Left,0.7047493129892102,0.2952506870107899
73794,Stayed,0.32476836223369343,0.6752316377663066
22998,Left,0.5995863101062808,0.4004136898937192
57608,Left,0.8492086953155786,0.15079130468442137
2972,Left,0.8975685517103145,0.10243144828968548
31212,Left,0.542246401112044,0.457753598887956
12946,Stayed,0.013664316370748275,0.9863356836292517
31210,Left,0.584142810184977,0.4158571898150229
7699,Left,0.9293960001232799,0.07060399987672007
58639,Stayed,0.26444512426937616,0.7355548757306238
21239,Left,0.8748754936290737,0.1251245063709263
53583,Left,0.8621272009332824,0.13787279906671757
64650,Stayed,0.013121232002166305,0.9868787679978337
9265,Stayed,0.3642710866682841,0.6357289133317159
20316,Stayed,0.217924698238264,0.782075301761736
12163,Left,0.8850875256541642,0.11491247434583582
41570,Stayed,0.0734378127925227,0.9265621872074773
67794,Left,0.9769297922056084,0.023070207794391624
72785,Stayed,0.19773964061009308,0.8022603593899069
43365,Stayed,0.3176884661574123,0.6823115338425877
63555,Stayed,0.08268651634748825,0.9173134836525118
38202,Stayed,0.0017559747180736496,0.9982440252819264
2096,Stayed,0.48755008562350344,0.5124499143764966
35029,Stayed,0.44369813345364295,0.556301866546357
5928,Left,0.9347298692029615,0.06527013079703842
58431,Left,0.716089588501879,0.28391041149812096
38952,Stayed,0.4940235833095946,0.5059764166904054
32141,Left,0.6860777500752209,0.3139222499247791
65701,Left,0.6856953447308352,0.31430465526916485
1867,Stayed,0.46811132718939474,0.5318886728106053
35647,Left,0.8022253034772145,0.19777469652278548
41480,Stayed,0.2765834253492143,0.7234165746507857
51648,Stayed,0.11887966144382955,0.8811203385561704
6977,Left,0.6131411994085647,0.3868588005914353
30367,Left,0.776306758950874,0.22369324104912605
35620,Left,0.5087981406956423,0.4912018593043577
15276,Left,0.9531281361781858,0.04687186382181415
11804,Left,0.7404688484351043,0.25953115156489565
26909,Left,0.710402026780665,0.28959797321933506
38071,Stayed,0.4771188140911663,0.5228811859088337
51309,Stayed,0.08689215564251818,0.9131078443574818
25245,Stayed,0.3800770055565502,0.6199229944434498
58965,Stayed,0.4442263941980119,0.5557736058019881
15855,Stayed,0.3640668486364268,0.6359331513635732
39801,Left,0.5729002607825124,0.4270997392174876
3432,Left,0.9577989865720695,0.042201013427930534
18237,Left,0.5988844206203624,0.4011155793796376
60937,Left,0.9325347477627641,0.06746525223723591
47956,Left,0.5002350961050137,0.4997649038949863
20580,Stayed,0.18021675190741615,0.8197832480925838
10470,Left,0.7138103672654855,0.2861896327345145
14730,Left,0.7909195151751275,0.20908048482487251
62968,Left,0.6505207921892007,0.34947920781079933
20899,Stayed,0.005985309161562036,0.994014690838438
32867,Left,0.898580874986463,0.10141912501353696
25253,Stayed,0.4872483661150908,0.5127516338849092
61429,Stayed,0.014739900744350942,0.9852600992556491
63278,Left,0.6183148732755306,0.38168512672446936
53549,Left,0.731330595464257,0.2686694045357429
72317,Stayed,0.4522470782709699,0.5477529217290301
27268,Left,0.5330502646529094,0.46694973534709056
71480,Stayed,0.34791359367685115,0.6520864063231488
1603,Stayed,0.4905822595105498,0.5094177404894502
60447,Left,0.6685125253020281,0.33148747469797185
65785,Left,0.6458834088778229,0.3541165911221771
35065,Left,0.5023358958764845,0.4976641041235154
48511,Left,0.5635292081173666,0.4364707918826333
48871,Left,0.7881496324920223,0.21185036750797773
20263,Left,0.6100139477279142,0.3899860522720858
46501,Stayed,0.09579899149992621,0.9042010085000738
42600,Stayed,0.11825228838611834,0.8817477116138817
55218,Stayed,0.05430137807017832,0.9456986219298217
61782,Stayed,0.3003148962513449,0.6996851037486551
19864,Left,0.6752282679996957,0.3247717320003043
30915,Stayed,0.09428776793678284,0.9057122320632172
39573,Left,0.7518852109031634,0.24811478909683657
16810,Stayed,0.18427330563590483,0.8157266943640952
71169,Left,0.7534060176920665,0.24659398230793353
32498,Left,0.9483818127188972,0.051618187281102776
59234,Stayed,0.2787864982740125,0.7212135017259875
71608,Left,0.5626668743487889,0.4373331256512111
51396,Left,0.7700451643175427,0.22995483568245734
21689,Left,0.5468547706302082,0.45314522936979185
19834,Left,0.7262919427446906,0.2737080572553095
39661,Left,0.5202755001623778,0.47972449983762216
28664,Stayed,0.24609336971113926,0.7539066302888607
58060,Left,0.8917784767723392,0.10822152322766078
20480,Left,0.802723861314512,0.19727613868548804
4096,Stayed,0.2506264326558215,0.7493735673441785
25127,Stayed,0.3718778887212514,0.6281221112787486
17396,Left,0.5269070916995862,0.4730929083004138
55602,Stayed,0.1256880851274067,0.8743119148725933
32466,Left,0.6577192155180944,0.3422807844819055
314,Left,0.6041554344027894,0.3958445655972106
41217,Stayed,0.028079889258664337,0.9719201107413357
29646,Stayed,0.32831357887650237,0.6716864211234976
47521,Stayed,0.2843889389380212,0.7156110610619788
40528,Stayed,0.1248224277359734,0.8751775722640266
50295,Stayed,0.45740177442395813,0.5425982255760419
16054,Left,0.5486068598580415,0.4513931401419585
31273,Left,0.8607420426141398,0.13925795738586025
45963,Left,0.9232034121664906,0.07679658783350941
42645,Left,0.7284988558872816,0.2715011441127185
52311,Stayed,0.25711180663556377,0.7428881933644362
48967,Left,0.7813097639793203,0.21869023602067966
18315,Left,0.8017798693901168,0.19822013060988322
60399,Left,0.6947463931276299,0.3052536068723701
14535,Left,0.9593837296006025,0.04061627039939749
39746,Left,0.8674563003282338,0.1325436996717662
67384,Stayed,0.14372971808181312,0.8562702819181869
2785,Left,0.5825662932185904,0.4174337067814096
54989,Left,0.5226637224438984,0.4773362775561017
29583,Stayed,0.36340018563453236,0.6365998143654676
1752,Stayed,0.007498873816377261,0.9925011261836227
45983,Stayed,0.4822989841632277,0.5177010158367723
49187,Left,0.6749488514278947,0.3250511485721052
54586,Stayed,0.2594394988379659,0.7405605011620341
62976,Stayed,0.28599358460859203,0.714006415391408
48548,Left,0.6478897476701468,0.3521102523298531
67044,Stayed,0.030020773246130505,0.9699792267538695
33383,Left,0.9504020660850293,0.049597933914970735
46189,Stayed,0.14171092854581213,0.8582890714541879
52184,Left,0.9117207217185133,0.08827927828148678
23152,Left,0.9313117609470488,0.06868823905295118
440,Stayed,0.3921540654903638,0.6078459345096362
54683,Left,0.6601993534810779,0.33980064651892206
46568,Left,0.6568175725493411,0.34318242745065886
63661,Left,0.8582925871868737,0.14170741281312624
11235,Left,0.5091997976112856,0.4908002023887143
61932,Left,0.5905227019128794,0.4094772980871207
59114,Left,0.722420015905046,0.27757998409495394
51915,Stayed,0.2036142409007894,0.7963857590992106
19812,Stayed,0.35099122188096143,0.6490087781190386
34927,Left,0.7498922075262581,0.25010779247374193
66965,Left,0.6952147606664429,0.304785239333557
69589,Left,0.6547666212725465,0.3452333787274536
71903,Left,0.8291249973638973,0.17087500263610267
37734,Stayed,0.289407204696273,0.710592795303727
14595,Stayed,0.4907641853620389,0.5092358146379611
28046,Left,0.8580703438360637,0.14192965616393627
67244,Left,0.5787173548760547,0.42128264512394525
30718,Left,0.8102328194719642,0.18976718052803576
14279,Stayed,0.0054389826885005155,0.9945610173114995
68194,Stayed,0.11004227951228407,0.8899577204877159
10521,Stayed,0.48752870741543886,0.5124712925845611
49464,Left,0.7759574722493763,0.22404252775062372
59282,Stayed,0.30228582942839344,0.6977141705716066
57275,Left,0.9152241997500681,0.0847758002499319
53761,Left,0.7419513487462314,0.25804865125376863
58552,Stayed,0.009844441257735759,0.9901555587422642
6520,Stayed,0.13050694379363825,0.8694930562063617
48008,Left,0.8172182627117827,0.18278173728821734
29525,Left,0.8218389042266425,0.17816109577335754
13048,Left,0.7700910100767949,0.22990898992320508
11311,Left,0.6449603375271651,0.35503966247283497
63072,Left,0.5057516354257059,0.4942483645742941
61219,Stayed,0.019726022668053345,0.9802739773319467
37774,Stayed,0.12594301043948808,0.8740569895605119
42228,Stayed,0.09577391121064915,0.9042260887893508
16874,Stayed,0.2811663722976939,0.7188336277023061
66365,Left,0.9804167527492266,0.019583247250773417
31699,Stayed,0.42405332927867445,0.5759466707213255
26455,Left,0.7646860305800046,0.2353139694199954
51522,Stayed,0.0802172563985376,0.9197827436014624
67441,Stayed,0.08096989992923687,0.9190301000707631
71401,Left,0.9012417114830443,0.09875828851695571
29506,Left,0.6538489759641867,0.3461510240358133
53955,Stayed,0.028419902112814976,0.971580097887185
17381,Stayed,0.419956637894788,0.580043362105212
40370,Stayed,0.37458312237791913,0.6254168776220809
37183,Stayed,0.18073417577516293,0.8192658242248371
13374,Left,0.8123609294295905,0.18763907057040952
52661,Stayed,0.08326373874257897,0.916736261257421
6145,Stayed,0.23678024113735407,0.7632197588626459
22600,Left,0.923063519508334,0.07693648049166597
70953,Stayed,0.19013452102148187,0.8098654789785181
7423,Left,0.8632923232656293,0.13670767673437073
68329,Stayed,0.10868132083888193,0.8913186791611181
30036,Left,0.8542618845999677,0.14573811540003237
12595,Stayed,0.4681998977325572,0.5318001022674428
46631,Left,0.9078553463406152,0.09214465365938489
63874,Left,0.7720657870932975,0.2279342129067025
429,Stayed,0.3582474509452812,0.6417525490547188
15521,Stayed,0.027381571647442926,0.9726184283525571
67587,Left,0.8183710076978306,0.1816289923021694
29858,Stayed,0.060006871178916454,0.9399931288210835
50075,Stayed,0.021443993833044295,0.9785560061669557
51470,Left,0.7519397634982924,0.24806023650170764
68024,Left,0.5446446065575101,0.4553553934424898
71013,Stayed,0.40120477117016773,0.5987952288298323
25771,Stayed,0.35201659885670455,0.6479834011432954
32387,Stayed,0.03430357717985877,0.9656964228201412
66425,Stayed,0.22839992362911865,0.7716000763708813
52392,Left,0.9253082537035586,0.07469174629644139
45880,Left,0.8951164432568416,0.10488355674315845
30618,Stayed,0.33071632510593174,0.6692836748940683
53841,Left,0.6771138464999198,0.3228861535000802
4670,Stayed,0.10789121261376666,0.8921087873862333
15865,Stayed,0.18057345138388992,0.8194265486161101
70228,Stayed,0.2501003697108435,0.7498996302891565
53724,Left,0.5382349401946881,0.4617650598053119
4108,Left,0.6475358917485117,0.3524641082514883
14209,Stayed,0.17237560023016585,0.8276243997698342
36141,Stayed,0.38475268724965017,0.6152473127503498
34750,Left,0.6987941227585275,0.3012058772414726
48423,Left,0.5963622035610057,0.40363779643899433
26515,Stayed,0.4274948315293271,0.5725051684706729
46522,Left,0.5549530899221167,0.4450469100778833
36690,Stayed,0.08806304429224066,0.9119369557077593
29569,Stayed,0.47393913178918656,0.5260608682108134
31905,Left,0.9445204336854146,0.05547956631458536
61718,Stayed,0.024227408086530455,0.9757725919134695
66597,Left,0.5075057365810323,0.49249426341896774
28930,Stayed,0.07219072592013709,0.9278092740798629
50171,Stayed,0.37119993589151734,0.6288000641084827
48500,Stayed,0.41260431265658437,0.5873956873434156
35807,Left,0.8448065404826649,0.1551934595173351
28825,Left,0.9260293278547604,0.0739706721452396
18665,Stayed,0.09099094169588706,0.9090090583041129
3830,Left,0.5751735971813956,0.42482640281860445
22222,Left,0.6109464874598655,0.38905351254013454
19710,Left,0.5830452169999505,0.41695478300004946
72263,Left,0.7247029793398272,0.27529702066017286
73209,Stayed,0.19308651224614892,0.8069134877538511
4787,Left,0.8104971031566504,0.1895028968433497
38409,Stayed,0.0695902286755039,0.9304097713244961
36059,Stayed,0.47838809944317395,0.521611900556826
15398,Stayed,0.44141100059195104,0.558588999408049
60870,Left,0.8200115522877978,0.1799884477122023
30011,Left,0.9147798106906387,0.08522018930936127
48029,Stayed,0.3054106647854272,0.6945893352145728
49277,Left,0.517468592884208,0.482531407115792
72227,Stayed,0.3106349195630068,0.6893650804369932
73575,Left,0.5468043253308063,0.45319567466919375
59129,Left,0.943985130007324,0.05601486999267601
13576,Stayed,0.4194729107779601,0.5805270892220399
59484,Left,0.9784227996123529,0.021577200387647096
69448,Left,0.892740189265234,0.10725981073476595
38217,Left,0.9463294766684476,0.053670523331552436
13981,Stayed,0.027224759197328363,0.9727752408026716
72318,Left,0.6700648229018156,0.3299351770981845
22520,Stayed,0.17397590706744936,0.8260240929325506
9159,Left,0.9549016897405365,0.04509831025946358
41854,Left,0.9175790375041344,0.08242096249586557
62493,Left,0.6983552926306584,0.30164470736934157
49237,Left,0.6342268732903372,0.3657731267096628
13123,Left,0.7879440499130866,0.21205595008691336
43339,Stayed,0.2624352504848452,0.7375647495151548
68257,Stayed,0.3150865823765189,0.6849134176234811
50859,Left,0.5236369113069737,0.47636308869302635
16197,Stayed,0.049413736176158296,0.9505862638238417
66038,Left,0.576418617361029,0.42358138263897105
61962,Stayed,0.22496064170201147,0.7750393582979885
35697,Stayed,0.42743265654941265,0.5725673434505874
18653,Stayed,0.262338055357469,0.737661944642531
874,Stayed,0.2624084036012978,0.7375915963987022
17253,Stayed,0.0972230084178679,0.9027769915821321
27486,Stayed,0.08905668039272274,0.9109433196072773
16671,Left,0.5781599101929527,0.4218400898070474
72196,Left,0.8350544097026278,0.16494559029737227
65329,Stayed,0.11612084148239787,0.8838791585176021
56995,Stayed,0.2872596834334419,0.7127403165665581
50634,Left,0.7009896985625872,0.2990103014374128
25448,Left,0.8701114057627487,0.12988859423725127
65300,Left,0.5407527179326705,0.4592472820673295
38225,Stayed,0.2771549370549631,0.7228450629450369
51849,Stayed,0.25797179854998753,0.7420282014500125
4982,Left,0.5293305614078263,0.47066943859217364
20697,Left,0.9701140923937009,0.029885907606299073
7326,Left,0.6558238627697892,0.34417613723021084
74086,Stayed,0.012063835492660546,0.9879361645073395
55545,Left,0.6757588981572604,0.3242411018427396
44394,Left,0.8116627501699056,0.18833724983009442
6391,Left,0.6700933076240785,0.3299066923759215
34293,Left,0.9496780401049829,0.05032195989501707
3977,Left,0.8560330938374247,0.14396690616257532
57815,Left,0.5236798503582675,0.4763201496417325
3117,Left,0.8472527373777565,0.15274726262224347
32509,Left,0.8078041788390022,0.19219582116099782
22625,Left,0.8302251239072814,0.1697748760927186
42375,Stayed,0.02335909595699981,0.9766409040430002
18426,Stayed,0.22414286930448413,0.7758571306955159
17181,Left,0.5154162350960012,0.48458376490399885
35281,Left,0.6116619014068463,0.38833809859315366
14935,Stayed,0.19508865929912345,0.8049113407008766
19154,Left,0.6813360259654598,0.31866397403454017
14024,Stayed,0.12267052951299817,0.8773294704870018
61282,Stayed,0.4511598466583022,0.5488401533416978
73529,Stayed,0.18371804041164452,0.8162819595883555
23894,Left,0.8880792559939553,0.11192074400604464
13558,Left,0.5423880427248318,0.4576119572751683
23544,Stayed,0.025250915653079575,0.9747490843469204
4830,Stayed,0.032623826181663595,0.9673761738183364
69141,Left,0.5744861574393456,0.42551384256065433
63559,Left,0.547621679686632,0.45237832031336805
38275,Stayed,0.31674376891163236,0.6832562310883676
44432,Stayed,0.0016763742980875351,0.9983236257019125
31570,Stayed,0.3934381575933127,0.6065618424066873
61820,Left,0.8549444082170788,0.14505559178292116
32944,Stayed,0.05970209297916407,0.9402979070208359
33568,Left,0.6655680538575905,0.33443194614240945
6498,Left,0.6757194722293447,0.32428052777065525
60712,Left,0.7454311031105789,0.2545688968894211
41890,Stayed,0.0679850311391137,0.9320149688608863
64583,Stayed,0.10684282318896021,0.8931571768110398
33112,Stayed,0.31888949838890923,0.6811105016110908
18251,Stayed,0.01480925836084901,0.985190741639151
17368,Stayed,0.025929645769866894,0.9740703542301331
35888,Left,0.9737665456974132,0.026233454302586813
39295,Stayed,0.4213543076373988,0.5786456923626012
20569,Left,0.9667470263888085,0.03325297361119156
11462,Left,0.5373188042293187,0.4626811957706814
37955,Left,0.8159003041214894,0.18409969587851063
34801,Left,0.662199487282712,0.33780051271728795
36816,Stayed,0.1452670580671127,0.8547329419328873
61363,Stayed,0.08214975304882288,0.9178502469511771
2868,Left,0.5101495903297418,0.48985040967025817
15277,Stayed,0.020342332970236243,0.9796576670297638
6298,Left,0.9742465565999495,0.025753443400050494
53031,Stayed,0.42257970426785474,0.5774202957321453
30664,Stayed,0.060480178801770146,0.9395198211982299
55567,Stayed,0.4949045885303688,0.5050954114696312
31904,Left,0.82704359710003,0.17295640289997005
42921,Stayed,0.09898780944786345,0.9010121905521365
45011,Stayed,0.09868510658008689,0.9013148934199131
20507,Left,0.8753880207649053,0.1246119792350947
58846,Stayed,0.23879207485122567,0.7612079251487743
29507,Left,0.7274692397375823,0.27253076026241774
66328,Left,0.9029560593447644,0.09704394065523558
24914,Left,0.6393370819505979,0.3606629180494021
44275,Stayed,0.007560378201378559,0.9924396217986214
21233,Left,0.90636133541533,0.09363866458466998
3180,Stayed,0.4660419264817198,0.5339580735182802
62132,Left,0.9855573844809573,0.014442615519042712
42296,Stayed,0.4463875452344698,0.5536124547655302
57309,Stayed,0.11562966024930965,0.8843703397506903
3914,Left,0.7952342994974043,0.20476570050259565
26232,Stayed,0.11048875515899148,0.8895112448410085
20276,Left,0.6266980519492462,0.3733019480507538
10242,Left,0.9614871647372805,0.03851283526271956
966,Stayed,0.13394264667711964,0.8660573533228804
45513,Left,0.5740977784399177,0.42590222156008223
41916,Left,0.5056191313665086,0.49438086863349134
13460,Stayed,0.3224813354311048,0.6775186645688952
35480,Left,0.8983291019990033,0.1016708980009967
60953,Left,0.8342731794471373,0.1657268205528627
25066,Stayed,0.08075230173864023,0.9192476982613598
60880,Left,0.5450119801788773,0.45498801982112264
62842,Left,0.6260754097182906,0.3739245902817095
927,Stayed,0.21120388821053782,0.7887961117894622
69228,Stayed,0.004284077202062586,0.9957159227979374
2642,Left,0.5270583180398059,0.4729416819601941
24951,Stayed,0.4038597453960058,0.5961402546039942
36767,Left,0.9570968975668491,0.04290310243315089
29567,Left,0.8645343855628891,0.13546561443711094
69189,Left,0.915444456174277,0.08455554382572292
9583,Left,0.9068059454236836,0.0931940545763163
7396,Stayed,0.08753412134535798,0.912465878654642
61455,Left,0.6301299667566076,0.36987003324339235
3474,Left,0.9589973213702138,0.04100267862978626
32190,Left,0.9739580460688433,0.026041953931156728
15767,Left,0.7619977579278874,0.23800224207211265
11836,Stayed,0.20585489394183576,0.7941451060581642
11944,Stayed,0.0550480330913814,0.9449519669086186
41688,Left,0.8791401971861643,0.12085980281383571
28090,Left,0.8947617044213784,0.10523829557862166
48305,Stayed,0.021510815449010456,0.9784891845509895
11981,Left,0.9554946347723922,0.04450536522760779
47829,Left,0.802862171997907,0.197137828002093
33487,Stayed,0.38599917882973855,0.6140008211702614
955,Left,0.5131555902250826,0.4868444097749174
41203,Stayed,0.3199139275070315,0.6800860724929685
6920,Stayed,0.002602974661485069,0.9973970253385149
35107,Left,0.7923527470979161,0.2076472529020838
6873,Left,0.6920236285160584,0.3079763714839416
54988,Left,0.9056119256119025,0.09438807438809747
47726,Left,0.8361161045830843,0.16388389541691573
73645,Stayed,0.13305969981709143,0.8669403001829086
71019,Stayed,0.012505056000781667,0.9874949439992183
53966,Left,0.5681819509278389,0.43181804907216115
30300,Stayed,0.23424824485978324,0.7657517551402168
61433,Stayed,0.2968389172118905,0.7031610827881095
70523,Left,0.961999107029478,0.038000892970521956
70574,Stayed,0.04110865305805855,0.9588913469419414
38146,Stayed,0.04418855637859853,0.9558114436214015
50653,Stayed,0.08180555156384728,0.9181944484361527
21770,Left,0.6272640368146496,0.37273596318535046
45556,Stayed,0.11256419131839546,0.8874358086816045
44715,Left,0.7772683698978451,0.22273163010215485
70220,Stayed,0.17898526068050513,0.8210147393194949
68199,Stayed,0.492237909704362,0.507762090295638
70922,Stayed,0.49237164074491,0.50762835925509
6071,Stayed,0.1816496992342087,0.8183503007657913
36360,Left,0.5579461546262294,0.44205384537377057
35477,Left,0.8448825136741753,0.15511748632582467
9872,Stayed,0.2419903568031474,0.7580096431968526
38961,Stayed,0.47105651590614606,0.5289434840938539
29625,Stayed,0.16738455940339558,0.8326154405966044
19784,Stayed,0.10440196230154408,0.8955980376984559
23586,Left,0.7149853236554744,0.28501467634452565
74245,Stayed,0.40280435507190304,0.597195644928097
54126,Left,0.6124689472300016,0.3875310527699985
12336,Stayed,0.37938119550164273,0.6206188044983573
54247,Stayed,0.1640727634146606,0.8359272365853394
32198,Stayed,0.11754898917490864,0.8824510108250914
46917,Stayed,0.08069648444776911,0.9193035155522309
64853,Stayed,0.010504282380270236,0.9894957176197298
63132,Stayed,0.27636025296083755,0.7236397470391625
26333,Left,0.7355969447684149,0.26440305523158514
10577,Left,0.5473424547573995,0.4526575452426005
46885,Left,0.9314779569914888,0.06852204300851115
7616,Stayed,0.40801031279870437,0.5919896872012956
49619,Stayed,0.2071786295278607,0.7928213704721393
40927,Left,0.6409183058061629,0.359081694193837
7391,Stayed,0.3816827854243794,0.6183172145756206
53264,Left,0.7288313242458551,0.2711686757541449
15484,Stayed,0.19861852951734216,0.8013814704826578
11646,Stayed,0.25199932856210383,0.7480006714378962
67863,Left,0.8623861923313493,0.1376138076686507
28746,Stayed,0.17904458830174863,0.8209554116982514
52047,Stayed,0.05743622356499112,0.9425637764350089
14001,Stayed,0.06815617051272249,0.9318438294872775
64470,Left,0.7157203361779214,0.2842796638220786
6598,Stayed,0.19896929135644636,0.8010307086435536
53339,Left,0.6445176236436119,0.35548237635638813
35155,Stayed,0.4903100570264135,0.5096899429735865
9794,Stayed,0.12643136068249627,0.8735686393175037
17038,Left,0.8079860083781638,0.19201399162183616
15715,Stayed,0.4748581723458335,0.5251418276541665
23812,Stayed,0.21690437874940416,0.7830956212505958
9385,Left,0.6132280043456925,0.38677199565430753
44861,Left,0.8724451918914642,0.12755480810853578
42117,Left,0.7442408220655139,0.25575917793448616
10128,Left,0.6599653869090419,0.34003461309095806
28827,Stayed,0.45017273254478973,0.5498272674552103
47640,Left,0.9877721296113815,0.012227870388618459
6552,Stayed,0.36651324977972277,0.6334867502202772
22200,Stayed,0.4512824430410636,0.5487175569589364
31373,Stayed,0.34239231795584446,0.6576076820441555
49067,Left,0.9434049638864379,0.05659503611356211
33930,Stayed,0.21433302194336945,0.7856669780566305
32799,Stayed,0.04092674682102204,0.959073253178978
16413,Stayed,0.04834064152196693,0.9516593584780331
12509,Left,0.9628376431617794,0.037162356838220605
55899,Stayed,0.09504696029647886,0.9049530397035211
30469,Stayed,0.043255389440844394,0.9567446105591556
45360,Left,0.5675075732581871,0.43249242674181293
60623,Stayed,0.039602679770968874,0.9603973202290311
43514,Stayed,0.3959562421288806,0.6040437578711194
18603,Stayed,0.021175854823550777,0.9788241451764492
5780,Stayed,0.011173043119726556,0.9888269568802734
66409,Stayed,0.22259938547095037,0.7774006145290496
56256,Stayed,0.18124545713067952,0.8187545428693205
36067,Left,0.9098015304236992,0.09019846957630082
10409,Stayed,0.06564460489042023,0.9343553951095798
21851,Left,0.9407129960055274,0.0592870039944726
21082,Stayed,0.08508308014364374,0.9149169198563563
73646,Left,0.8265584830902037,0.17344151690979623
51110,Stayed,0.35489204996838575,0.6451079500316143
64459,Left,0.5853774126168199,0.4146225873831801
20062,Left,0.6394772243328725,0.36052277566712754
32839,Stayed,0.037566999263102474,0.9624330007368975
27226,Left,0.9255042540349275,0.07449574596507243
43888,Left,0.561429017042627,0.438570982957373
70207,Stayed,0.4515152615330603,0.5484847384669397
62130,Stayed,0.001324118795233975,0.998675881204766
33852,Stayed,0.0663183403017662,0.9336816596982338
46343,Stayed,0.47142512824832083,0.5285748717516792
40989,Left,0.9706410706120014,0.02935892938799853
59948,Stayed,0.02976149623449298,0.970238503765507
47713,Left,0.8802840132732058,0.11971598672679415
71640,Stayed,0.17232029393415327,0.8276797060658467
29314,Left,0.7415104038400344,0.25848959615996553
27301,Left,0.5449556531029596,0.4550443468970404
69887,Left,0.5847382641085023,0.41526173589149773
37798,Stayed,0.4734507859092343,0.5265492140907657
32245,Left,0.853262450767751,0.14673754923224905
14609,Stayed,0.17798282190217918,0.8220171780978208
53055,Stayed,0.47851329822502453,0.5214867017749755
48503,Stayed,0.03861847581279487,0.9613815241872051
71468,Stayed,0.4851692368772371,0.5148307631227629
55054,Stayed,0.2686591041293668,0.7313408958706332
22022,Stayed,0.40057973822341997,0.59942026177658
51652,Stayed,0.392910669527619,0.607089330472381
47080,Left,0.722359154934114,0.2776408450658861
39304,Stayed,0.15296011480173688,0.8470398851982631
4781,Left,0.8904325646303785,0.10956743536962152
7340,Stayed,0.3579863229378524,0.6420136770621476
48611,Left,0.9375282437455165,0.06247175625448354
18029,Left,0.7559645205464394,0.24403547945356063
1411,Stayed,0.23454796306001324,0.7654520369399868
10987,Stayed,0.2837766997547444,0.7162233002452556
68408,Stayed,0.4049311293004345,0.5950688706995655
4188,Left,0.6910640269983699,0.30893597300163017
37029,Left,0.5198628084693551,0.48013719153064494
33017,Stayed,0.40489707183887236,0.5951029281611276
7983,Stayed,0.11895945001549757,0.8810405499845024
63247,Left,0.9963490452452224,0.0036509547547775847
13944,Left,0.93517232722718,0.06482767277281995
46597,Stayed,0.015011918027106885,0.9849880819728931
29511,Stayed,0.4662426343214582,0.5337573656785418
60299,Left,0.9473860470738765,0.052613952926123454
64193,Stayed,0.25282970960929085,0.7471702903907091
38404,Left,0.9386337623547055,0.0613662376452945
38804,Stayed,0.2059663299421296,0.7940336700578704
27631,Stayed,0.04802412427792979,0.9519758757220702
41467,Left,0.956348982186949,0.043651017813051016
57148,Left,0.9041641124766977,0.09583588752330233
48596,Left,0.9000611901004072,0.0999388098995928
70238,Left,0.6661466876435105,0.3338533123564896
23620,Stayed,0.15580088948250492,0.8441991105174951
4049,Stayed,0.05990939598784739,0.9400906040121526
10304,Stayed,0.15864855008855738,0.8413514499114426
26133,Left,0.6771717382452895,0.3228282617547104
25972,Stayed,0.35291505740187645,0.6470849425981235
33535,Left,0.8552828579391871,0.14471714206081293
15976,Left,0.9218425743975549,0.07815742560244515
31266,Left,0.953758876632409,0.046241123367591
21724,Stayed,0.4669497501134411,0.5330502498865589
19640,Stayed,0.034983944231926634,0.9650160557680734
34565,Left,0.8813214961161919,0.1186785038838081
12234,Stayed,0.01987586343289882,0.9801241365671012
10574,Left,0.5957916532388607,0.40420834676113926
25710,Stayed,0.14549315014143538,0.8545068498585646
34464,Stayed,0.1959180829837991,0.8040819170162009
39807,Stayed,0.13472348082664898,0.865276519173351
27233,Stayed,0.1742201695219967,0.8257798304780033
26020,Stayed,0.05942359047102763,0.9405764095289724
14305,Left,0.9700289923022143,0.029971007697785722
57236,Left,0.8301332390888275,0.16986676091117245
52296,Stayed,0.4478271674990848,0.5521728325009152
61651,Left,0.7565279469308868,0.2434720530691132
29790,Stayed,0.33810453897788917,0.6618954610221108
72076,Stayed,0.4173573577547449,0.5826426422452551
40547,Stayed,0.03590326626854401,0.964096733731456
932,Stayed,0.042748003301286475,0.9572519966987135
31181,Left,0.5624871221047816,0.4375128778952185
29065,Left,0.5854463133128435,0.41455368668715653
13672,Left,0.8414343597378242,0.15856564026217573
28906,Left,0.9328934770644579,0.06710652293554208
62096,Stayed,0.006418296503856835,0.9935817034961432
19275,Left,0.5580394175456722,0.44196058245432773
53763,Left,0.5443292999008269,0.4556707000991731
66511,Left,0.8038902070278976,0.19610979297210238
34938,Left,0.769077158060389,0.23092284193961096
46297,Left,0.8963977482728267,0.10360225172717336
34650,Left,0.7532057380720526,0.2467942619279474
51363,Stayed,0.4073527817126623,0.5926472182873377
71009,Stayed,0.4061527817207675,0.5938472182792325
32410,Left,0.5750622897767592,0.4249377102232407
35497,Stayed,0.03523086398970243,0.9647691360102976
55296,Left,0.8712410810789719,0.12875891892102811
32630,Left,0.7781717578596056,0.22182824214039445
67756,Stayed,0.13200053489726582,0.8679994651027342
17527,Left,0.5407611122965149,0.4592388877034851
23434,Stayed,0.11623564489638616,0.8837643551036138
2606,Left,0.5889680441364813,0.41103195586351865
28446,Left,0.6454033429514667,0.3545966570485333
54095,Left,0.9086950520375656,0.09130494796243444
68356,Stayed,0.13374479168394537,0.8662552083160546
49111,Stayed,0.4669128405604779,0.5330871594395221
63855,Stayed,0.3556021595021014,0.6443978404978986
4501,Stayed,0.47601834419113565,0.5239816558088644
51257,Left,0.8781002287392672,0.12189977126073277
5368,Left,0.5151062943168907,0.4848937056831093
71287,Left,0.5237389148317069,0.4762610851682932
72190,Left,0.7440839852942249,0.2559160147057751
60212,Left,0.546160766041532,0.4538392339584681
38081,Left,0.8604892251292626,0.13951077487073743
59751,Left,0.9608135482102129,0.039186451789787025
9790,Stayed,0.38265203937563075,0.6173479606243693
22109,Left,0.8451132221958304,0.1548867778041696
15119,Left,0.8117703404517145,0.18822965954828558
53675,Stayed,0.40349021037485877,0.5965097896251412
52609,Left,0.8966961203059093,0.10330387969409073
25416,Left,0.9727601406825277,0.027239859317472265
68645,Left,0.505074414755722,0.494925585244278
27292,Left,0.9341941006424624,0.06580589935753757
55452,Stayed,0.04633547618028078,0.9536645238197192
46195,Left,0.8154027859325783,0.18459721406742163
34260,Stayed,0.31221000593936543,0.6877899940606346
31333,Stayed,0.1002691638993769,0.8997308361006231
59848,Left,0.5791698409904661,0.4208301590095339
19219,Stayed,0.11550138462579529,0.8844986153742047
58768,Left,0.7035241544265485,0.2964758455734516
2146,Stayed,0.10477110179590343,0.8952288982040966
18480,Left,0.9292089031347013,0.07079109686529873
13946,Stayed,0.10283422665039554,0.8971657733496045
40320,Left,0.7543868691066906,0.24561313089330936
21852,Stayed,0.4839059965378931,0.5160940034621069
41437,Left,0.8358935689912842,0.16410643100871583
25125,Left,0.940592201161514,0.059407798838486035
11717,Stayed,0.3239267297221802,0.6760732702778198
23270,Left,0.5917228318490666,0.40827716815093346
60678,Stayed,0.01700979761223964,0.9829902023877604
49419,Stayed,0.2449567537110683,0.7550432462889317
42122,Stayed,0.13263043308432187,0.8673695669156781
2315,Left,0.6715901724637723,0.32840982753622777
44762,Stayed,0.047847076549841994,0.952152923450158
72604,Left,0.8856517846496728,0.11434821535032727
19664,Left,0.6217943896735822,0.37820561032641775
13864,Stayed,0.03913323136980773,0.9608667686301923
4169,Left,0.8453497860532907,0.15465021394670933
63517,Left,0.6206919416490748,0.3793080583509251
43876,Stayed,0.22293733619625822,0.7770626638037418
9977,Left,0.9604682207864322,0.0395317792135678
2234,Left,0.9423268240092626,0.05767317599073742
21791,Left,0.7702172531690983,0.2297827468309017
29510,Left,0.9675568496346584,0.032443150365341664
64253,Left,0.669715351283415,0.330284648716585
33682,Left,0.7675561170215863,0.23244388297841367
31199,Stayed,0.09984125531500398,0.900158744684996
25768,Stayed,0.04580259775976436,0.9541974022402356
33049,Stayed,0.4508161358008905,0.5491838641991095
65967,Stayed,0.17548669412096096,0.824513305879039
65037,Left,0.9172524839912568,0.08274751600874321
3084,Left,0.76137041106959,0.23862958893041003
73242,Left,0.9442720991628536,0.05572790083714636
71828,Stayed,0.36294122769917836,0.6370587723008216
50739,Stayed,0.17065967146109373,0.8293403285389063
55705,Stayed,0.42255510851054634,0.5774448914894537
68192,Left,0.7208180497710681,0.2791819502289319
41583,Left,0.6886301826284658,0.3113698173715342
57417,Stayed,0.0705404070946789,0.9294595929053211
21213,Left,0.8730455989270691,0.12695440107293093
53881,Left,0.9664616723582875,0.03353832764171247
72891,Stayed,0.14588734600700004,0.854112653993
59061,Stayed,0.022934721309737394,0.9770652786902626
67539,Left,0.8870639540705303,0.11293604592946968
22827,Stayed,0.13109953950984998,0.86890046049015
51472,Stayed,0.25371470908149774,0.7462852909185023
68022,Stayed,0.2544813047883878,0.7455186952116122
24041,Left,0.9164574364593898,0.08354256354061017
68494,Stayed,0.22361402253894858,0.7763859774610514
73962,Stayed,0.11014052691749754,0.8898594730825025
53843,Left,0.8369481569948491,0.16305184300515085
32132,Stayed,0.0537108651278041,0.9462891348721959
69006,Stayed,0.18248714362577811,0.8175128563742219
21026,Stayed,0.06609727196346138,0.9339027280365386
67720,Left,0.9196120521461446,0.08038794785385543
61979,Stayed,0.4678691642605399,0.5321308357394601
17137,Left,0.9497050139733236,0.05029498602667638
29887,Left,0.6489810314929472,0.3510189685070528
31081,Left,0.785233490569262,0.2147665094307381
34948,Stayed,0.11443942640162885,0.8855605735983711
69445,Left,0.7583280216940431,0.24167197830595682
30813,Left,0.9714906186224773,0.028509381377522725
67577,Stayed,0.06534027949339782,0.9346597205066022
110,Left,0.6905720755678171,0.309427924432183
61187,Left,0.9600419435605606,0.03995805643943939
22039,Stayed,0.26618736635950035,0.7338126336404996
42182,Left,0.9097529874455726,0.09024701255442735
6992,Left,0.7397886356714551,0.2602113643285448
28525,Stayed,0.09022872409548077,0.9097712759045192
60070,Stayed,0.15082097048514476,0.8491790295148552
68882,Stayed,0.16684194655914586,0.8331580534408541
32274,Left,0.9094762526940615,0.09052374730593847
43712,Left,0.9483501223715877,0.051649877628412326
63652,Left,0.5580175530807789,0.4419824469192211
55024,Left,0.9827973927120741,0.017202607287925845
52316,Stayed,0.17802422407501528,0.8219757759249847
6991,Left,0.9207803025300797,0.07921969746992034
60800,Left,0.9225542515252412,0.07744574847475877
70399,Stayed,0.09473193447970762,0.9052680655202924
1297,Left,0.6251684263885937,0.37483157361140623
71240,Stayed,0.34796666339564875,0.6520333366043513
30259,Left,0.833330012757811,0.16666998724218896
64000,Stayed,0.15141668023512933,0.8485833197648707
12631,Left,0.8744937741450884,0.1255062258549116
41500,Stayed,0.11517223928862652,0.8848277607113735
58080,Left,0.9111153960746216,0.08888460392537847
40723,Stayed,0.15908981517853837,0.8409101848214616
72174,Left,0.636436657362659,0.36356334263734097
62357,Left,0.6617825569228819,0.33821744307711804
59160,Stayed,0.09822831859403558,0.9017716814059644
222,Stayed,0.10551805626660715,0.8944819437333928
72873,Left,0.893789855981956,0.106210144018044
42350,Stayed,0.19039568131566553,0.8096043186843345
55200,Left,0.8951726595240295,0.10482734047597055
4581,Left,0.9252164820311916,0.0747835179688084
32412,Left,0.9609805945835088,0.03901940541649122
57334,Left,0.7305068752256177,0.26949312477438225
65858,Left,0.6813677358003336,0.31863226419966645
64933,Stayed,0.46486168627905655,0.5351383137209434
65633,Stayed,0.0727997894477952,0.9272002105522048
35382,Left,0.8008404225587801,0.1991595774412199
42094,Stayed,0.22444143636840663,0.7755585636315934
16813,Stayed,0.41465813555184483,0.5853418644481552
71234,Stayed,0.02248479565985706,0.9775152043401429
7202,Left,0.6870378131098847,0.3129621868901154
34139,Stayed,0.421027032961664,0.578972967038336
67336,Stayed,0.07228378116816714,0.9277162188318329
40590,Stayed,0.1739847165288242,0.8260152834711758
68246,Left,0.7766482302162941,0.22335176978370588
67311,Left,0.7486879380584475,0.25131206194155253
56317,Left,0.8122976373670737,0.1877023626329263
62190,Left,0.5626118105712463,0.43738818942875374
73673,Left,0.6139149050431185,0.3860850949568815
13936,Left,0.9659438718174632,0.034056128182536796
50250,Left,0.6583961880095273,0.3416038119904727
70432,Stayed,0.13377672057701817,0.8662232794229818
12534,Stayed,0.32697985885700664,0.6730201411429934
19270,Stayed,0.3843734171347096,0.6156265828652904
53065,Left,0.8614890533780686,0.13851094662193147
26689,Left,0.6891627609680563,0.3108372390319437
59674,Stayed,0.3452420966957386,0.6547579033042614
28465,Stayed,0.01171454484889456,0.9882854551511054
65805,Left,0.8550429541971122,0.1449570458028878
2073,Left,0.5849590505412927,0.41504094945870734
37408,Stayed,0.407977771735212,0.592022228264788
1957,Stayed,0.10209588057206909,0.8979041194279309
13652,Stayed,0.17002231902741538,0.8299776809725846
18388,Left,0.7403489093292845,0.2596510906707154
57957,Left,0.9935821878342035,0.006417812165796513
21134,Left,0.7488839607722839,0.251116039227716
2916,Stayed,0.3790438277081878,0.6209561722918122
30164,Left,0.5285966636356463,0.4714033363643538
19856,Stayed,0.2997099352022864,0.7002900647977136
53191,Left,0.7460421982810836,0.2539578017189164
47601,Stayed,0.22577719194650314,0.7742228080534969
58057,Stayed,0.18849897321631737,0.8115010267836826
48100,Stayed,0.312045197360158,0.687954802639842
59542,Left,0.9141823564022075,0.08581764359779255
57870,Stayed,0.07138279215628585,0.9286172078437142
45305,Left,0.7571031343838474,0.24289686561615262
51385,Left,0.8198124683843111,0.18018753161568896
57315,Stayed,0.3005617213239945,0.6994382786760055
22802,Left,0.5485100728236308,0.45148992717636915
43577,Stayed,0.2617940614670152,0.7382059385329848
49799,Stayed,0.31223757266059715,0.6877624273394028
52192,Left,0.6465745642632469,0.3534254357367531
35943,Stayed,0.37574776771067964,0.6242522322893204
69955,Stayed,0.4296669793693372,0.5703330206306628
38825,Left,0.6976231245153559,0.30237687548464415
34719,Left,0.8632771754009629,0.1367228245990371
72599,Stayed,0.2554185082150311,0.7445814917849689
26117,Left,0.83441343923627,0.16558656076373005
30547,Stayed,0.2994446847165465,0.7005553152834535
62473,Left,0.8482826151857346,0.15171738481426544
52241,Stayed,0.16637111475334654,0.8336288852466535
38466,Stayed,0.32017336508958105,0.679826634910419
50942,Left,0.9774055208279093,0.022594479172090634
28853,Left,0.6971243206674654,0.30287567933253456
34587,Stayed,0.1624700946133587,0.8375299053866413
70955,Stayed,0.013876823654714765,0.9861231763452852
16090,Stayed,0.33445638789372634,0.6655436121062737
59342,Stayed,0.4606286119715788,0.5393713880284212
61811,Stayed,0.0523373858105699,0.9476626141894301
43707,Left,0.9240428772652824,0.07595712273471758
69344,Stayed,0.4240771323054482,0.5759228676945518
70536,Left,0.681854189654199,0.3181458103458011
26819,Left,0.8296445058718082,0.17035549412819184
10603,Stayed,0.0740386741042568,0.9259613258957432
3429,Stayed,0.31940017365877793,0.6805998263412221
28752,Stayed,0.4193928612176443,0.5806071387823557
67697,Stayed,0.49354081087016644,0.5064591891298336
58564,Left,0.7947067559805046,0.2052932440194954
23304,Left,0.7292914770202996,0.27070852297970044
17390,Left,0.5503822664678488,0.4496177335321512
39815,Stayed,0.11903689014997199,0.880963109850028
67530,Left,0.5972889575271552,0.4027110424728449
13973,Left,0.6882817630244263,0.31171823697557366
64136,Stayed,0.1444846802729054,0.8555153197270946
55551,Stayed,0.03623921363062199,0.963760786369378
41609,Left,0.9025847576004387,0.0974152423995613
4978,Left,0.9398036453317925,0.06019635466820747
38877,Stayed,0.08208296011200844,0.9179170398879916
21001,Stayed,0.45145780985453077,0.5485421901454692
67194,Stayed,0.3925823475661898,0.6074176524338102
40481,Left,0.8889690526903862,0.11103094730961381
67256,Left,0.9105614040721702,0.08943859592782977
4520,Stayed,0.2526993645819142,0.7473006354180858
8248,Left,0.9559662275126493,0.04403377248735071
63775,Left,0.7404954915717561,0.2595045084282439
63497,Stayed,0.013056928736219775,0.9869430712637802
62209,Left,0.936615708729744,0.06338429127025605
19247,Left,0.8515545220470189,0.14844547795298108
7206,Stayed,0.05162086743939609,0.9483791325606039
4880,Stayed,0.31089407278722125,0.6891059272127787
30513,Stayed,0.19597425802351642,0.8040257419764836
28166,Stayed,0.37663213062047207,0.6233678693795279
65214,Left,0.6174137145616576,0.3825862854383424
63592,Stayed,0.3060681354965513,0.6939318645034487
17150,Stayed,0.2188872223685958,0.7811127776314042
4052,Stayed,0.2159807844624071,0.7840192155375929
11257,Stayed,0.29965426715805343,0.7003457328419466
60672,Stayed,0.2673911037674249,0.7326088962325751
31027,Stayed,0.1062200337358854,0.8937799662641146
13813,Left,0.5098480390280198,0.49015196097198016
71566,Stayed,0.47843899347673824,0.5215610065232618
9204,Left,0.7533665155397998,0.2466334844602002
61260,Stayed,0.13772526685615116,0.8622747331438488
37036,Stayed,0.038581668815659165,0.9614183311843408
2900,Stayed,0.12065055275526881,0.8793494472447312
15664,Stayed,0.46110037471549825,0.5388996252845017
69136,Left,0.609808920899439,0.3901910791005609
5229,Left,0.8720455938846037,0.12795440611539632
50557,Stayed,0.1805717986546238,0.8194282013453762
54953,Stayed,0.048027580119796576,0.9519724198802034
28617,Left,0.5250781937195825,0.4749218062804174
40406,Stayed,0.003469502567442828,0.9965304974325572
45632,Stayed,0.14130603392109886,0.8586939660789011
44082,Left,0.5510668934177569,0.4489331065822431
27784,Left,0.9806325193977397,0.01936748060226032
44326,Left,0.7413166423794039,0.25868335762059613
45281,Left,0.6538465704003569,0.3461534295996431
30187,Left,0.6689387420756265,0.33106125792437346
68201,Stayed,0.3599865486891306,0.6400134513108694
68371,Left,0.7419945356314364,0.2580054643685637
61909,Stayed,0.16622700563250126,0.8337729943674987
51000,Left,0.8737201000953005,0.12627989990469948
30390,Left,0.5546508292533038,0.4453491707466962
32788,Stayed,0.4998626928998975,0.5001373071001025
62546,Left,0.9876841743914202,0.012315825608579762
60910,Stayed,0.31642468883351227,0.6835753111664877
59579,Stayed,0.4226336276486401,0.5773663723513599
63022,Left,0.9391105329468399,0.06088946705316011
27271,Left,0.8376285662734366,0.1623714337265634
44727,Stayed,0.04386670431034412,0.9561332956896559
69824,Left,0.6451139009025897,0.35488609909741037
55945,Stayed,0.39471083355262815,0.6052891664473719
40818,Left,0.5959153716024488,0.40408462839755127
46358,Stayed,0.107772874254223,0.892227125745777
22202,Stayed,0.1098947219326214,0.8901052780673786
52474,Stayed,0.20104917326482752,0.7989508267351725
3571,Left,0.8544780047547977,0.14552199524520226
58555,Stayed,0.2344624085197089,0.7655375914802911
38874,Stayed,0.21189422886271359,0.7881057711372864
2956,Left,0.7391021035470262,0.26089789645297384
55336,Stayed,0.005412058920320262,0.9945879410796797
42335,Left,0.5343942077925858,0.46560579220741416
8122,Left,0.5013867936060167,0.4986132063939833
16112,Left,0.8684971245933527,0.1315028754066473
69560,Left,0.8798912694551593,0.12010873054484072
43116,Stayed,0.05520316442008166,0.9447968355799183
23390,Stayed,0.05140730155773798,0.948592698442262
29208,Stayed,0.011683900071279396,0.9883160999287206
9595,Left,0.7272955515582843,0.2727044484417157
68983,Stayed,0.3342143528940772,0.6657856471059228
17835,Left,0.5629132023918824,0.4370867976081176
58375,Left,0.9768426656056405,0.023157334394359567
32343,Stayed,0.45761114143417914,0.5423888585658209
72694,Left,0.6055693838338485,0.39443061616615155
61165,Stayed,0.29060583891819547,0.7093941610818045
18819,Left,0.9605681281815557,0.03943187181844434
24474,Stayed,0.05074548827004011,0.9492545117299599
28593,Stayed,0.07256236817579509,0.9274376318242049
71538,Stayed,0.252712884962656,0.747287115037344
63275,Stayed,0.42575447978935743,0.5742455202106426
41868,Left,0.8081317529723471,0.19186824702765296
17090,Stayed,0.0744765664861432,0.9255234335138568
51976,Left,0.6758047787793278,0.32419522122067224
70434,Left,0.7258673767493115,0.27413262325068855
54403,Left,0.5009445259997696,0.49905547400023037
69744,Stayed,0.10698816293528313,0.8930118370647169
59337,Left,0.9375171522419644,0.0624828477580356
44763,Stayed,0.3616254269536576,0.6383745730463424
28840,Left,0.6979564185661644,0.30204358143383564
50821,Left,0.9227951685718335,0.07720483142816648
46887,Left,0.9196611309574736,0.08033886904252635
42888,Stayed,0.13191994503576066,0.8680800549642393
10181,Stayed,0.12581069572702808,0.8741893042729719
5659,Left,0.8725222016385032,0.12747779836149678
47312,Stayed,0.33551055871005453,0.6644894412899455
25997,Left,0.7993100592649336,0.20068994073506644
8515,Left,0.8141208643415296,0.1858791356584704
33079,Left,0.9656520763175389,0.0343479236824611
453,Left,0.8642910561078946,0.1357089438921054
43038,Stayed,0.10314200766553305,0.896857992334467
10841,Stayed,0.08250777357987504,0.917492226420125
63968,Left,0.7562062234588519,0.24379377654114806
53716,Stayed,0.495832824546244,0.504167175453756
57863,Left,0.984137876412331,0.015862123587668992
36922,Stayed,0.4027350601339047,0.5972649398660953
66222,Stayed,0.41895367418360596,0.581046325816394
58025,Left,0.5283314734344563,0.4716685265655437
33665,Left,0.8387962920527064,0.16120370794729358
431,Left,0.5805906002368048,0.41940939976319525
28579,Left,0.8814977376766282,0.11850226232337181
22783,Stayed,0.2587654939076245,0.7412345060923755
57361,Stayed,0.1809217340682322,0.8190782659317678
8197,Stayed,0.35159228370623385,0.6484077162937661
9995,Left,0.7140256672494089,0.28597433275059114
49783,Left,0.5032412284565456,0.4967587715434544
9795,Left,0.7483072834932039,0.2516927165067961
29801,Stayed,0.06606683282967751,0.9339331671703225
40261,Left,0.8099193585454998,0.19008064145450027
31815,Stayed,0.12261006062785718,0.8773899393721428
13725,Left,0.5929288368503015,0.4070711631496985
11266,Left,0.777925418046606,0.22207458195339408
69996,Left,0.517520798022499,0.48247920197750105
63348,Left,0.5363924488763597,0.46360755112364027
40266,Left,0.9143183854642906,0.08568161453570945
34576,Left,0.8202814339345873,0.1797185660654127
53695,Left,0.6603184760507369,0.3396815239492631
42816,Stayed,0.15346851982300203,0.846531480176998
37308,Stayed,0.3420487780324134,0.6579512219675866
269,Stayed,0.011823371124482063,0.9881766288755179
9481,Stayed,0.22090319679229964,0.7790968032077004
49911,Left,0.6073925948264242,0.39260740517357584
45325,Stayed,0.4321836867237768,0.5678163132762232
63158,Stayed,0.28169567034879117,0.7183043296512088
40969,Left,0.6006331935982522,0.3993668064017478
5195,Left,0.5216871768133706,0.4783128231866294
13469,Stayed,0.011475265199686668,0.9885247348003133
43128,Left,0.9311898969438768,0.06881010305612328
9511,Stayed,0.062393483727440024,0.93760651627256
47494,Stayed,0.32323374215427325,0.6767662578457267
23210,Left,0.832922179625432,0.16707782037456795
8669,Left,0.6824164365458174,0.3175835634541826
60770,Left,0.9881343222013684,0.01186567779863158
4449,Stayed,0.17125564880819688,0.8287443511918031
65906,Left,0.7736152274376796,0.2263847725623204
33795,Stayed,0.23100428767555448,0.7689957123244455
69009,Stayed,0.407167860587729,0.592832139412271
61367,Stayed,0.19475949041521046,0.8052405095847895
69568,Left,0.7986380088899163,0.20136199111008365
21946,Left,0.813560554177266,0.186439445822734
54871,Stayed,0.26641855358075284,0.7335814464192472
30439,Left,0.5056418939923271,0.4943581060076729
9632,Stayed,0.19639420326081825,0.8036057967391818
34984,Left,0.957940661776906,0.0420593382230941
66612,Stayed,0.04366201389467772,0.9563379861053223
64235,Left,0.5195332215549823,0.48046677844501773
38168,Left,0.6745550880443942,0.3254449119556057
29562,Stayed,0.2537570325382422,0.7462429674617578
9627,Left,0.8567322954234544,0.14326770457654553
25816,Left,0.9006666374980241,0.0993333625019759
20475,Left,0.551657385956419,0.448342614043581
60650,Stayed,0.23719148694789827,0.7628085130521017
39203,Stayed,0.23064569121326772,0.7693543087867323
39775,Left,0.543126756680601,0.45687324331939905
42261,Left,0.8342399248764321,0.16576007512356797
35232,Left,0.8974867369538585,0.1025132630461415
72316,Left,0.5574271227974774,0.44257287720252253
24036,Left,0.9359408545179748,0.0640591454820252
53697,Left,0.8096305856070198,0.19036941439298016
42164,Stayed,0.297760428314902,0.702239571685098
10431,Stayed,0.36193559734351344,0.6380644026564866
44874,Left,0.9358787431594798,0.06412125684052014
4087,Left,0.9148036542066162,0.08519634579338375
33494,Left,0.7859128816944836,0.21408711830551644
20067,Left,0.6630312334978707,0.3369687665021292
74260,Stayed,0.13169632490879246,0.8683036750912075
70297,Stayed,0.10963591871700151,0.8903640812829985
62704,Stayed,0.38406396780920427,0.6159360321907957
59215,Left,0.898969018645855,0.10103098135414498
48987,Stayed,0.3846899824475992,0.6153100175524008
4005,Left,0.9085887903907356,0.0914112096092644
35923,Left,0.9636261584729462,0.036373841527053793
2508,Left,0.7443240067475452,0.2556759932524549
71891,Stayed,0.1530269457435638,0.8469730542564362
28620,Stayed,0.30948816025366344,0.6905118397463366
19829,Left,0.5239558590593035,0.47604414094069647
32031,Left,0.9180130285237622,0.08198697147623779
37087,Left,0.8863592806338534,0.11364071936614663
31518,Left,0.741276739513558,0.258723260486442
10928,Left,0.7810566907924319,0.21894330920756805
44665,Left,0.6078591728508145,0.39214082714918547
24264,Stayed,0.15643621758581405,0.843563782414186
40863,Left,0.6000506222406011,0.39994937775939887
64991,Stayed,0.11975118285771713,0.8802488171422829
65224,Stayed,0.023424381144216744,0.9765756188557833
1046,Left,0.9109883059060863,0.08901169409391371
12457,Left,0.9019268456099603,0.09807315439003972
38538,Stayed,0.11960991889249717,0.8803900811075028
51625,Left,0.9041242211834238,0.09587577881657616
48854,Stayed,0.39761945352565287,0.6023805464743471
65318,Stayed,0.3795493718873584,0.6204506281126416
13663,Stayed,0.030039079261361068,0.9699609207386389
11734,Stayed,0.12331666403804009,0.8766833359619599
30815,Left,0.8570158130461247,0.14298418695387527
3836,Left,0.9052214603262296,0.09477853967377033
61576,Left,0.5839280318329888,0.4160719681670112
9958,Stayed,0.13531405028676624,0.8646859497132338
68887,Stayed,0.41508958320274136,0.5849104167972586
28333,Stayed,0.48687976741185346,0.5131202325881465
53938,Stayed,0.33168563231398296,0.668314367686017
61592,Stayed,0.38186415311096633,0.6181358468890337
34837,Left,0.9421397270293093,0.057860272970690775
1622,Stayed,0.1895995000304529,0.8104004999695471
20907,Stayed,0.16154296888375697,0.838457031116243
9607,Stayed,0.10722113902526831,0.8927788609747317
17445,Stayed,0.18735949443265543,0.8126405055673446
6528,Left,0.9387202289639137,0.06127977103608632
12869,Stayed,0.20312588325326586,0.7968741167467341
24258,Left,0.7595276173395893,0.24047238266041074
25071,Left,0.5540763511268617,0.4459236488731383
20407,Left,0.9774627122132403,0.022537287786759688
56751,Stayed,0.4452580654639686,0.5547419345360314
31379,Stayed,0.25996615379709764,0.7400338462029024
51663,Stayed,0.4896066869509509,0.5103933130490491
17555,Stayed,0.38630423063841046,0.6136957693615895
19239,Left,0.8019949598990056,0.19800504010099443
64220,Left,0.6519640888352807,0.34803591116471927
27581,Stayed,0.14638657911916708,0.8536134208808329
50579,Stayed,0.09815730386899346,0.9018426961310065
19195,Stayed,0.25471205236448635,0.7452879476355136
343,Stayed,0.38459117149291466,0.6154088285070853
37988,Left,0.814105537271382,0.18589446272861798
65255,Stayed,0.17501980347637025,0.8249801965236297
941,Left,0.6086494430126894,0.3913505569873106
58765,Stayed,0.17781117653683431,0.8221888234631657
69646,Stayed,0.10671605515854932,0.8932839448414507
22962,Stayed,0.09362910280180214,0.9063708971981979
4615,Left,0.5079545185625458,0.49204548143745414
57192,Stayed,0.34097740226793405,0.659022597732066
3874,Stayed,0.08527317132946621,0.9147268286705338
2089,Stayed,0.3642325748346561,0.6357674251653439
71563,Stayed,0.3667365819914403,0.6332634180085597
617,Left,0.7671920762810346,0.2328079237189654
70412,Stayed,0.025704771119961167,0.9742952288800388
71803,Stayed,0.03191865932432747,0.9680813406756725
61060,Left,0.9500517955954648,0.049948204404535214
16064,Left,0.5820554979824548,0.4179445020175451
4310,Left,0.7489266931483223,0.2510733068516778
72137,Stayed,0.4732368784624178,0.5267631215375822
41545,Stayed,0.491772934595161,0.508227065404839
4013,Left,0.9369010981326759,0.06309890186732418
47009,Stayed,0.4771037861391473,0.5228962138608527
21212,Left,0.8118856653685907,0.18811433463140928
66634,Left,0.5685749061100087,0.4314250938899913
32341,Left,0.5169405274342062,0.48305947256579385
47386,Left,0.8357522870545009,0.1642477129454991
51578,Left,0.9882026547254661,0.011797345274533928
23530,Stayed,0.29006662068025224,0.7099333793197478
7738,Stayed,0.08225447255443163,0.9177455274455684
23000,Left,0.8921552927368362,0.10784470726316374
64260,Stayed,0.389576375071932,0.610423624928068
40941,Left,0.9348001809374639,0.06519981906253611
23972,Stayed,0.28147562755132816,0.7185243724486718
11573,Left,0.8683678901301581,0.13163210986984192
33174,Left,0.7716217044409981,0.22837829555900194
23892,Stayed,0.21754806403470905,0.782451935965291
46583,Left,0.929264012722916,0.070735987277084
10330,Stayed,0.35333634244879975,0.6466636575512003
62689,Left,0.7422974392688497,0.25770256073115033
52705,Left,0.969319055547752,0.030680944452247984
5347,Stayed,0.16615733696433932,0.8338426630356607
13180,Stayed,0.45424904247542375,0.5457509575245763
54522,Left,0.6206960014683942,0.3793039985316058
40257,Left,0.5866645603455428,0.4133354396544572
52824,Left,0.7626416326505583,0.23735836734944168
37541,Left,0.7792395323647955,0.2207604676352045
31063,Stayed,0.084112528433126,0.915887471566874
67993,Left,0.9270965004085562,0.0729034995914438
73565,Stayed,0.32298823374810015,0.6770117662518998
15884,Left,0.714980685592733,0.28501931440726697
30410,Stayed,0.2522680039322778,0.7477319960677222
29111,Left,0.9541877942857275,0.0458122057142725
40073,Stayed,0.48997504432872363,0.5100249556712764
21350,Stayed,0.4487041391874417,0.5512958608125583
11497,Stayed,0.0009718851492442893,0.9990281148507557
56358,Stayed,0.40827398948158067,0.5917260105184193
58075,Stayed,0.4760845386766399,0.5239154613233601
21274,Stayed,0.16131141535666005,0.83868858464334
57336,Left,0.966052091149936,0.03394790885006406
15498,Stayed,0.085244230918185,0.914755769081815
73410,Left,0.7692688780437209,0.23073112195627915
42944,Stayed,0.43165784941089325,0.5683421505891068
49559,Stayed,0.07201750627546,0.92798249372454
14460,Left,0.5387337006299874,0.4612662993700126
15113,Stayed,0.29556375840374305,0.704436241596257
5946,Left,0.9649790662800869,0.03502093371991308
31976,Stayed,0.27499914625450783,0.7250008537454922
69969,Left,0.7355487718925904,0.2644512281074096
52915,Left,0.8500118048323353,0.1499881951676647
58135,Stayed,0.21337557213525749,0.7866244278647425
52065,Stayed,0.2503030042813563,0.7496969957186437
61183,Left,0.8462731305940088,0.15372686940599123
69950,Left,0.6562906874767152,0.3437093125232849
13840,Stayed,0.12695840278990855,0.8730415972100914
15819,Stayed,0.19086744316867055,0.8091325568313295
54430,Left,0.9055224040286076,0.09447759597139238
12581,Left,0.8408847569990162,0.15911524300098379
59703,Left,0.5663778464430709,0.43362215355692907
12620,Left,0.7464672636901378,0.25353273630986217
12826,Left,0.7760816720067065,0.22391832799329342
24965,Stayed,0.43838002761376027,0.5616199723862397
67175,Stayed,0.15347686167605645,0.8465231383239435
40982,Stayed,0.3414844059070812,0.6585155940929188
43236,Left,0.5185394801732401,0.4814605198267598
41313,Left,0.5247938062135814,0.4752061937864186
23018,Stayed,0.2399613825296495,0.7600386174703505
17688,Stayed,0.18320669995904626,0.8167933000409537
48837,Left,0.6036896497656161,0.39631035023438393
23918,Stayed,0.31242542831436604,0.687574571685634
38771,Left,0.7042230270471553,0.29577697295284466
23962,Left,0.900941981875181,0.09905801812481894
56621,Stayed,0.14374590880578586,0.8562540911942141
15285,Stayed,0.20302336727506742,0.7969766327249326
72161,Stayed,0.3270925099640575,0.6729074900359425
43504,Left,0.602615536157185,0.39738446384281506
46188,Stayed,0.005451326998950012,0.99454867300105
68832,Left,0.6781226306961947,0.3218773693038052
1171,Left,0.6445350658985163,0.3554649341014837
30114,Stayed,0.4855456519186946,0.5144543480813054
35149,Stayed,0.16591590438261605,0.834084095617384
7882,Stayed,0.38157507460713525,0.6184249253928648
71724,Stayed,0.007682966717062811,0.9923170332829372
4045,Left,0.9512635244542192,0.04873647554578077
16702,Stayed,0.11851919534408717,0.8814808046559128
73555,Stayed,0.09448430175256561,0.9055156982474344
65565,Stayed,0.10478052447867392,0.8952194755213261
9052,Stayed,0.0397625798688821,0.9602374201311179
22533,Stayed,0.24675083995369207,0.7532491600463079
53506,Left,0.8776586909823034,0.1223413090176966
30844,Stayed,0.40470574610171073,0.5952942538982893
56538,Left,0.7630805712872523,0.23691942871274776
28564,Left,0.7082866674931663,0.2917133325068337
64349,Left,0.501222749865228,0.4987772501347721
29253,Left,0.9339735776028737,0.06602642239712628
11242,Stayed,0.069233163827074,0.930766836172926
70346,Left,0.6325608937574404,0.3674391062425596
3130,Left,0.9354012021363621,0.06459879786363791
25182,Left,0.5517564443448957,0.4482435556551044
39678,Left,0.6569840153627498,0.3430159846372502
20219,Stayed,0.08274945284168511,0.9172505471583149
32761,Left,0.7412672199952519,0.2587327800047481
40842,Left,0.621519964198676,0.3784800358013241
20339,Stayed,0.2572402077511421,0.7427597922488579
16281,Left,0.9543672692111927,0.04563273078880726
20976,Left,0.5215274863089299,0.4784725136910702
66186,Left,0.5000936684318174,0.4999063315681827
19541,Stayed,0.0013149228788803535,0.9986850771211196
23167,Left,0.5617874196536956,0.4382125803463044
20017,Stayed,0.016000978265133137,0.9839990217348669
56424,Left,0.5131562415027927,0.4868437584972073
37557,Stayed,0.05834506040615717,0.9416549395938428
30556,Left,0.8187730497458756,0.18122695025412433
70063,Stayed,0.43359109976724497,0.566408900232755
35270,Left,0.7825348058408066,0.21746519415919338
16342,Stayed,0.38693914516983163,0.6130608548301684
44751,Left,0.6479105772460989,0.3520894227539011
10838,Stayed,0.10321785205239198,0.896782147947608
55702,Stayed,0.029657915016302328,0.9703420849836977
24527,Left,0.9445222623326985,0.05547773766730144
7356,Left,0.5889782108200272,0.41102178917997284
41017,Left,0.7157973498099102,0.2842026501900899
73398,Left,0.6422545021021403,0.3577454978978597
22942,Left,0.7687131148383581,0.2312868851616419
9785,Stayed,0.1840851246695272,0.8159148753304728
24778,Left,0.7534934449251515,0.24650655507484853
41440,Stayed,0.425510423029296,0.574489576970704
8362,Left,0.7904676354091191,0.20953236459088084
14449,Stayed,0.4084157768244595,0.5915842231755405
30729,Left,0.5208648068950053,0.47913519310499475
24934,Left,0.9279643638691464,0.07203563613085365
26062,Left,0.8645407203937885,0.13545927960621149
23756,Stayed,0.0009896795830047767,0.9990103204169952
60592,Stayed,0.29426185787422954,0.7057381421257705
67481,Left,0.9072192764357263,0.0927807235642737
48691,Stayed,0.2481393596634217,0.7518606403365783
59496,Left,0.6553063926498457,0.34469360735015436
40588,Left,0.9121876948102796,0.08781230518972039
19838,Stayed,0.004501623815494127,0.9954983761845059
24578,Stayed,0.128411508552998,0.871588491447002
24955,Stayed,0.38977456641116603,0.610225433588834
57449,Stayed,0.26128212437564635,0.7387178756243536
45468,Left,0.6540306776361771,0.34596932236382294
3739,Stayed,0.3889954193021844,0.6110045806978156
67920,Left,0.6029344677547209,0.3970655322452791
35603,Stayed,0.4565573964282411,0.5434426035717589
37663,Left,0.6971244407367038,0.30287555926329623
39341,Stayed,0.308652307478014,0.691347692521986
66474,Stayed,0.15592040407612928,0.8440795959238707
6313,Stayed,0.40203855145966916,0.5979614485403308
1058,Left,0.5889168801212301,0.4110831198787699
21057,Left,0.9458615023661092,0.054138497633890816
4403,Stayed,0.23949797332790213,0.7605020266720979
53972,Left,0.6906848646714083,0.30931513532859173
49874,Left,0.6605402543609976,0.3394597456390024
61618,Left,0.6217474786414299,0.37825252135857007
45173,Stayed,0.47944132267726425,0.5205586773227358
53592,Stayed,0.08632264891977182,0.9136773510802282
48800,Left,0.6243338552110917,0.3756661447889083
66967,Stayed,0.38504538326354265,0.6149546167364573
52822,Stayed,0.33625196159830495,0.663748038401695
28242,Stayed,0.015477472311485108,0.9845225276885149
26165,Stayed,0.45926726345005453,0.5407327365499455
9142,Stayed,0.0928194433321925,0.9071805566678075
41593,Stayed,0.05054567862451809,0.9494543213754819
1499,Stayed,0.07877896244528304,0.921221037554717
73785,Left,0.782966521201505,0.217033478798495
24524,Stayed,0.3689986804685267,0.6310013195314733
64454,Left,0.7638624293306963,0.23613757066930374
44317,Stayed,0.3608121577274278,0.6391878422725722
29013,Stayed,0.438999531120705,0.561000468879295
30296,Left,0.5068577524546679,0.4931422475453321
5796,Stayed,0.11833529637247986,0.8816647036275201
59816,Left,0.9062516022524967,0.09374839774750332
55770,Left,0.9035940064642767,0.09640599353572338
58881,Stayed,0.43387550718442736,0.5661244928155726
14883,Left,0.8708996858661975,0.1291003141338025
67421,Left,0.51896361601936,0.48103638398064
58794,Stayed,0.1635439326156911,0.8364560673843089
32033,Left,0.7881086403031269,0.21189135969687312
65380,Left,0.9889987701321542,0.011001229867845828
9247,Stayed,0.10349624786269485,0.8965037521373052
17955,Left,0.869961211235212,0.13003878876478805
30960,Left,0.6064651826944927,0.3935348173055073
42048,Stayed,0.1803336623219972,0.8196663376780028
2500,Stayed,0.47949357761360545,0.5205064223863946
43144,Stayed,0.3987155228171134,0.6012844771828866
5993,Stayed,0.1541473556866132,0.8458526443133868
66051,Left,0.5122874839885997,0.4877125160114003
20413,Stayed,0.08596439149575674,0.9140356085042433
44994,Left,0.6549637997449966,0.34503620025500337
40491,Left,0.7280053914693922,0.27199460853060775
12312,Left,0.9633573468675114,0.03664265313248858
52754,Left,0.7531867215010993,0.24681327849890067
60616,Stayed,0.23576405837627235,0.7642359416237277
22782,Stayed,0.11057573294749534,0.8894242670525047
66881,Left,0.5640328320663893,0.4359671679336107
18489,Left,0.5335973516932829,0.46640264830671707
63985,Left,0.7311033428936764,0.26889665710632366
28137,Left,0.5869183875379378,0.41308161246206226
69438,Stayed,0.3516451279830263,0.6483548720169737
48519,Stayed,0.11733997291855558,0.8826600270814444
67546,Left,0.6864493398527913,0.3135506601472087
44246,Stayed,0.15148126031318598,0.848518739686814
69842,Left,0.7337347673833194,0.2662652326166806
20217,Stayed,0.16147041978298327,0.8385295802170167
72053,Stayed,0.1877444156983511,0.8122555843016489
53255,Stayed,0.3313009228002809,0.6686990771997191
14604,Stayed,0.3139166449262978,0.6860833550737022
47451,Left,0.650233249017739,0.34976675098226095
55744,Stayed,0.4318939397645013,0.5681060602354987
16223,Stayed,0.05223093831546599,0.947769061684534
53983,Left,0.8905535463901996,0.10944645360980042
4432,Stayed,0.005492197914139019,0.994507802085861
48646,Left,0.5775465845307504,0.4224534154692496
61281,Left,0.7544964926934732,0.24550350730652679
25798,Left,0.8113115599206434,0.18868844007935662
39364,Left,0.7617069666381157,0.23829303336188434
36890,Stayed,0.4717054988254392,0.5282945011745608
62106,Left,0.5931443742816909,0.4068556257183092
14580,Stayed,0.4941200264447342,0.5058799735552658
28581,Left,0.9182634174368045,0.08173658256319553
6546,Stayed,0.05637412421214116,0.9436258757878588
28154,Left,0.54141876211385,0.4585812378861501
70530,Stayed,0.3524510786727796,0.6475489213272204
20939,Stayed,0.11893716790671405,0.881062832093286
37317,Left,0.7069084682765316,0.29309153172346836
50594,Stayed,0.3793726149134462,0.6206273850865538
12005,Stayed,0.12781303542870537,0.8721869645712946
37979,Stayed,0.11415904701144641,0.8858409529885536
70450,Stayed,0.2535237183072505,0.7464762816927495
66123,Stayed,0.39567242363270316,0.6043275763672968
67080,Left,0.5588048862959298,0.4411951137040701
25225,Stayed,0.06315890180206918,0.9368410981979308
44669,Left,0.7404914830351681,0.2595085169648319
59909,Stayed,0.18776812818925104,0.812231871810749
25183,Stayed,0.32895756055521697,0.671042439444783
73,Left,0.5704785799004676,0.4295214200995324
23910,Stayed,0.06290593436525782,0.9370940656347422
38915,Left,0.5916359865590053,0.4083640134409947
13775,Stayed,0.0022276242428119764,0.997772375757188
9737,Left,0.922386214694262,0.077613785305738
22409,Left,0.5079799120635263,0.49202008793647367
53262,Left,0.7480999861269908,0.25190001387300914
40561,Stayed,0.08640446969150362,0.9135955303084964
61587,Left,0.7247996767151517,0.2752003232848484
18955,Stayed,0.42156863763448693,0.5784313623655131
55657,Left,0.8792319664151299,0.12076803358487008
64031,Left,0.8216948145778966,0.17830518542210344
35919,Stayed,0.012108702976800001,0.9878912970232
73669,Stayed,0.18115387124929538,0.8188461287507046
19793,Stayed,0.47629942816071635,0.5237005718392836
31267,Stayed,0.47102810082248503,0.528971899177515
12104,Left,0.5634733513761674,0.43652664862383256
7413,Stayed,0.4991103807960726,0.5008896192039274
49595,Left,0.5442883607250864,0.4557116392749136
72395,Left,0.822969565644674,0.177030434355326
52326,Stayed,0.36076564550223655,0.6392343544977634
55,Stayed,0.006720832184626491,0.9932791678153735
53714,Stayed,0.21448222779977233,0.7855177722002277
51137,Stayed,0.45464646183591173,0.5453535381640883
59108,Stayed,0.3977153485462891,0.6022846514537109
50020,Left,0.6121383554570349,0.3878616445429651
20189,Left,0.8641798967722879,0.1358201032277121
1039,Stayed,0.4818082332297423,0.5181917667702577
29978,Left,0.8747408517813635,0.1252591482186365
64579,Left,0.9159137386418694,0.0840862613581306
28202,Left,0.9084832062082715,0.09151679379172856
61316,Stayed,0.1512177792571332,0.8487822207428668
50212,Left,0.5497272431898974,0.4502727568101026
57876,Stayed,0.3799756899584762,0.6200243100415238
30070,Left,0.8900898454396058,0.10991015456039417
60150,Stayed,0.1154823548416426,0.8845176451583574
2915,Left,0.9296531146609214,0.07034688533907865
8663,Left,0.6239860673715589,0.37601393262844107
58108,Stayed,0.060329751761831196,0.9396702482381688
6690,Left,0.8495569348971279,0.15044306510287214
41956,Left,0.5303768037381555,0.4696231962618445
58146,Stayed,0.4622707991091498,0.5377292008908502
15603,Left,0.5974906331227585,0.4025093668772415
24459,Left,0.5561809063114579,0.4438190936885421
61605,Left,0.6705879652095963,0.3294120347904037
1054,Left,0.9644944629897455,0.0355055370102545
67105,Left,0.5150816593950905,0.48491834060490946
37799,Stayed,0.13154961963549838,0.8684503803645016
6927,Stayed,0.03691527894460633,0.9630847210553937
59090,Left,0.5870139096498912,0.4129860903501088
43663,Left,0.6694419547796165,0.33055804522038346
71113,Stayed,0.41647374714141794,0.5835262528585821
70180,Left,0.884837902538355,0.11516209746164491
15843,Left,0.5355246856229332,0.46447531437706674
16934,Stayed,0.042287647637347714,0.9577123523626523
286,Left,0.5415737671149832,0.45842623288501677
54215,Left,0.88883839819741,0.11116160180259006
58483,Left,0.6627870600816907,0.33721293991830925
49847,Left,0.5429452271184116,0.4570547728815884
43798,Stayed,0.03684550160676425,0.9631544983932357
51301,Stayed,0.39109671145425084,0.6089032885457492
20692,Left,0.6502277965758282,0.3497722034241718
51259,Stayed,0.2114229957212399,0.7885770042787601
540,Left,0.9219325060275304,0.07806749397246959
18648,Left,0.6434731291060389,0.356526870893961
59323,Left,0.8999139249540234,0.10008607504597655
32425,Stayed,0.4792919372187464,0.5207080627812536
58441,Stayed,0.1843846994270676,0.8156153005729324
6149,Left,0.890964870198415,0.10903512980158507
72445,Stayed,0.03227554500418983,0.9677244549958102
22224,Stayed,0.1819635544804118,0.8180364455195882
24976,Left,0.9591880007880342,0.040811999211965745
14171,Left,0.8213035666160771,0.1786964333839229
62718,Stayed,0.26442547225382684,0.7355745277461732
19035,Stayed,0.027390560243968465,0.9726094397560315
52865,Stayed,0.21367673644105034,0.7863232635589497
35527,Stayed,0.41603236059463056,0.5839676394053694
19137,Left,0.6253526921229169,0.37464730787708306
14812,Left,0.9797436902145611,0.02025630978543889
51655,Left,0.7143888775329494,0.2856111224670506
12145,Stayed,0.18714248938343003,0.81285751061657
36605,Left,0.9647807492605308,0.03521925073946917
19437,Left,0.5357469766058829,0.46425302339411717
17821,Left,0.7442606365076256,0.25573936349237436
29695,Left,0.8423342188353914,0.1576657811646086
40067,Stayed,0.14306228430082313,0.8569377156991769
37921,Stayed,0.023380775433909595,0.9766192245660904
24099,Left,0.94940419699802,0.050595803001979925
48606,Left,0.6264368670090643,0.3735631329909357
67161,Left,0.6850694763723385,0.3149305236276615
64746,Left,0.7615147363712631,0.23848526362873687
38525,Stayed,0.2954933157658074,0.7045066842341926
688,Left,0.9394183451495132,0.06058165485048686
56301,Stayed,0.3256913064497251,0.6743086935502749
74255,Stayed,0.4252447871304993,0.5747552128695007
44142,Left,0.9245107551286719,0.07548924487132812
3816,Stayed,0.3357974435365283,0.6642025564634717
48262,Stayed,0.24156330112157742,0.7584366988784226
38720,Left,0.6303970475673071,0.369602952432693
19549,Left,0.7344710159080381,0.2655289840919619
15364,Stayed,0.19701116094303495,0.802988839056965
58122,Stayed,0.10065352904305513,0.8993464709569449
1201,Left,0.7538657137793965,0.24613428622060354
14489,Stayed,0.47878163816464836,0.5212183618353516
11519,Left,0.7428088701453488,0.2571911298546512
71815,Stayed,0.24911105730265481,0.7508889426973452
57640,Stayed,0.31379373658679865,0.6862062634132013
30048,Left,0.7421625702095522,0.2578374297904477
5668,Left,0.9234632872645318,0.07653671273546828
36471,Stayed,0.08477507070549006,0.9152249292945099
23606,Left,0.7554594840659915,0.24454051593400852
38124,Stayed,0.2854099111448667,0.7145900888551333
37129,Stayed,0.12917151794779747,0.8708284820522025
57588,Stayed,0.14418894395511972,0.8558110560448803
34777,Left,0.7539662346361579,0.24603376536384217
45389,Left,0.6576722821355363,0.34232771786446364
49764,Left,0.7113560398527743,0.28864396014722576
51491,Left,0.9408025298165885,0.059197470183411455
44851,Left,0.5423394507514042,0.4576605492485958
12995,Stayed,0.004078227897010733,0.9959217721029893
71328,Stayed,0.013603983450380164,0.9863960165496198
26555,Stayed,0.3501020767212336,0.6498979232787664
43138,Left,0.9381848183286776,0.06181518167132241
52939,Stayed,0.26809649169710437,0.7319035083028956
65258,Left,0.5905137635009123,0.4094862364990876
64337,Stayed,0.31690353034096175,0.6830964696590383
10280,Stayed,0.16923815235119255,0.8307618476488074
42202,Stayed,0.12607179503192056,0.8739282049680794
47840,Left,0.9491682370771904,0.05083176292280951
61987,Left,0.6355710521202376,0.3644289478797625
23279,Stayed,0.20805853144482367,0.7919414685551763
47054,Left,0.6649386151019312,0.3350613848980688
30990,Left,0.8021691796606392,0.1978308203393608
23221,Left,0.8978712299451599,0.10212877005484006
68532,Left,0.747876973822406,0.252123026177594
73073,Left,0.8263456508387219,0.1736543491612781
63391,Left,0.88331274032533,0.11668725967466993
53260,Stayed,0.22523907407680177,0.7747609259231982
41957,Left,0.8624624975491413,0.13753750245085872
49459,Stayed,0.10261873240065744,0.8973812675993426
34997,Left,0.9224834942805072,0.07751650571949277
51641,Left,0.8910170326954698,0.10898296730453014
53257,Left,0.9452786440809968,0.054721355919003185
65859,Left,0.8137853364365912,0.1862146635634088
30631,Stayed,0.16527925295925616,0.8347207470407438
72801,Left,0.8682390011345038,0.13176099886549617
7891,Stayed,0.11468096387215376,0.8853190361278462
52890,Stayed,0.2930294577883331,0.7069705422116669
24016,Left,0.9097430159224148,0.09025698407758524
68495,Left,0.6970671774037196,0.30293282259628046
64389,Left,0.823792305631222,0.17620769436877798
32521,Stayed,0.11111109467201463,0.8888889053279854
66338,Stayed,0.37100990131349376,0.6289900986865062
50781,Left,0.7161083243222641,0.2838916756777358
70839,Left,0.9228906473001206,0.0771093526998794
72765,Left,0.9840042125734585,0.01599578742654153
53520,Left,0.754559186249123,0.24544081375087695
5300,Stayed,0.2815257630548489,0.7184742369451511
72466,Left,0.6656805316243746,0.33431946837562543
62355,Left,0.9522343483954184,0.047765651604581544
13803,Left,0.5167555668936274,0.48324443310637255
46753,Left,0.6678207298297787,0.3321792701702213
62318,Stayed,0.4714909618073466,0.5285090381926534
4149,Stayed,0.1300856621726182,0.8699143378273818
52957,Left,0.5042158394332588,0.4957841605667413
46743,Left,0.6399411324114328,0.36005886758856726
73954,Left,0.7131624229114516,0.2868375770885484
54955,Stayed,0.05000199870789712,0.9499980012921029
3434,Stayed,0.24779527035103432,0.7522047296489657
42909,Stayed,0.057239080294973044,0.942760919705027
54346,Left,0.9375492670925777,0.06245073290742236
38253,Stayed,0.0017970845557661042,0.9982029154442339
28623,Stayed,0.315669222535475,0.684330777464525
3907,Stayed,0.23892262839300282,0.7610773716069972
25777,Left,0.8117505037013187,0.18824949629868126
47040,Left,0.9449327522143813,0.055067247785618716
23629,Left,0.8219616966925037,0.1780383033074963
15542,Stayed,0.2103840545773188,0.7896159454226812
29262,Left,0.7078052090601914,0.29219479093980866
37807,Stayed,0.05668271349469811,0.9433172865053019
24628,Stayed,0.266196054376564,0.733803945623436
25849,Stayed,0.3055249379548295,0.6944750620451705
70590,Stayed,0.32612457833369335,0.6738754216663067
17122,Left,0.9026445733006598,0.09735542669934022
7209,Stayed,0.18227195917939565,0.8177280408206044
2306,Left,0.8153577147532178,0.1846422852467822
38433,Stayed,0.29524438975547707,0.7047556102445229
36583,Stayed,0.04949923606218687,0.9505007639378131
18687,Stayed,0.4788389527587521,0.5211610472412479
12634,Stayed,0.43731637557024294,0.5626836244297571
2139,Left,0.6079169512196057,0.39208304878039435
31545,Left,0.5930907873579374,0.40690921264206253
70354,Left,0.7196127281408533,0.28038727185914675
16994,Left,0.6695110291508779,0.33048897084912215
39416,Stayed,0.16865993772937304,0.831340062270627
68260,Stayed,0.48844470578310384,0.5115552942168962
66745,Stayed,0.31814807355720187,0.6818519264427981
1521,Stayed,0.4875271542707248,0.5124728457292752
70981,Stayed,0.10526617987817255,0.8947338201218275
73639,Stayed,0.15742888355642182,0.8425711164435782
61679,Stayed,0.2264101165305401,0.7735898834694599
812,Left,0.6538156975541146,0.3461843024458854
42238,Left,0.7390941023152673,0.26090589768473266
68951,Stayed,0.2901109595455461,0.7098890404544539
57338,Left,0.884629656307079,0.11537034369292093
4290,Left,0.5775132381812704,0.4224867618187296
39084,Stayed,0.08271067992803194,0.9172893200719681
26061,Stayed,0.0494589102776386,0.9505410897223614
30818,Left,0.9600023266841222,0.039997673315877745
18054,Left,0.7429257654523371,0.25707423454766287
46318,Left,0.5511737357353697,0.44882626426463035
33977,Stayed,0.11787743190984867,0.8821225680901513
21841,Left,0.7045058467570708,0.2954941532429291
8286,Stayed,0.4034204530643559,0.5965795469356441
12279,Left,0.6642029773258811,0.3357970226741189
21627,Stayed,0.07213148558608262,0.9278685144139174
21795,Stayed,0.257452883841655,0.742547116158345
958,Left,0.6288810713635504,0.3711189286364495
64439,Left,0.8972473175085092,0.10275268249149079
43905,Stayed,0.00964703967220415,0.9903529603277959
7361,Left,0.9614722563296506,0.038527743670349376
52342,Stayed,0.21149275132987,0.78850724867013
46207,Left,0.6678746089095159,0.3321253910904841
9289,Stayed,0.01035494057144326,0.9896450594285567
74112,Stayed,0.046199434543962026,0.953800565456038
67326,Left,0.564636502572222,0.435363497427778
29965,Left,0.5979411113424973,0.40205888865750267
35862,Stayed,0.21523514455487325,0.7847648554451268
56131,Left,0.8292795044950334,0.17072049550496657
2373,Stayed,0.23846276601948935,0.7615372339805107
64606,Left,0.750398153799157,0.24960184620084305
48139,Left,0.8699063455555541,0.13009365444444584
66783,Stayed,0.3244430800360162,0.6755569199639838
11271,Stayed,0.48002805726018616,0.5199719427398138
4092,Stayed,0.2894029431262861,0.7105970568737139
65152,Stayed,0.32243279798042623,0.6775672020195738
61104,Stayed,0.344428147983439,0.655571852016561
28706,Left,0.8029937545368516,0.1970062454631484
64469,Stayed,0.03184928793551911,0.9681507120644809
57877,Stayed,0.4999481325431795,0.5000518674568205
65264,Left,0.9627390831307442,0.03726091686925578
15120,Stayed,0.3141148718403344,0.6858851281596656
66246,Left,0.55324694865666,0.44675305134334
36199,Stayed,0.10200226380892896,0.897997736191071
53816,Left,0.6465746226480995,0.3534253773519005
62789,Stayed,0.3570566539478194,0.6429433460521806
48320,Stayed,0.25522168593862327,0.7447783140613767
25644,Stayed,0.2008313139491391,0.7991686860508609
35500,Stayed,0.21487242905871962,0.7851275709412804
5277,Stayed,0.22805837568170695,0.771941624318293
66422,Left,0.595722783180701,0.4042772168192989
65653,Stayed,0.0807590737549645,0.9192409262450355
53930,Left,0.8662236058066949,0.13377639419330511
28327,Stayed,0.3049102115530691,0.6950897884469309
71734,Stayed,0.24638070337849272,0.7536192966215073
63331,Stayed,0.0616810206903643,0.9383189793096357
54710,Stayed,0.0207209180040705,0.9792790819959295
32817,Stayed,0.22338787633563073,0.7766121236643693
41769,Stayed,0.24210394012129677,0.7578960598787032
50117,Stayed,0.17911748704692954,0.8208825129530705
5897,Left,0.6912089819057761,0.308791018094224
48214,Stayed,0.1983802139538985,0.8016197860461015
43054,Stayed,0.12986277776637856,0.8701372222336214
43268,Left,0.9603348138716058,0.03966518612839416
18389,Stayed,0.3430420028251382,0.6569579971748618
7003,Left,0.8951307546264212,0.10486924537357882
31375,Left,0.7380998799782341,0.2619001200217659
2047,Stayed,0.41271522014319406,0.5872847798568059
19108,Stayed,0.2516814458383385,0.7483185541616615
30370,Stayed,0.11261922429570437,0.8873807757042956
49354,Left,0.7783510074372133,0.22164899256278664
32057,Left,0.9159945823693654,0.08400541763063457
62939,Left,0.5730756200787193,0.4269243799212808
11258,Left,0.9000971339254323,0.09990286607456769
62967,Left,0.5076397005204434,0.4923602994795567
69425,Left,0.505379580602235,0.494620419397765
28283,Left,0.6699717849572069,0.3300282150427931
55255,Left,0.9140657398479025,0.08593426015209746
32232,Left,0.6837072833841242,0.3162927166158758
37023,Stayed,0.04594413032971367,0.9540558696702863
70532,Stayed,0.22384054606856074,0.7761594539314393
38252,Stayed,0.30578186359334036,0.6942181364066596
27537,Stayed,0.0682826451845856,0.9317173548154144
32219,Stayed,0.031411578188271005,0.968588421811729
57507,Left,0.9587693877021092,0.04123061229789078
32269,Stayed,0.2121396581836863,0.7878603418163137
71665,Stayed,0.30127833622662215,0.6987216637733779
63906,Stayed,0.144398685852689,0.855601314147311
46422,Stayed,0.0022552260251098577,0.9977447739748901
3805,Stayed,0.47391302483177344,0.5260869751682266
15687,Stayed,0.10753231342099301,0.892467686579007
38989,Stayed,0.25869262474936794,0.7413073752506321
23921,Left,0.7861858717855843,0.21381412821441567
67234,Stayed,0.14084428479745348,0.8591557152025465
5235,Left,0.5116651763653286,0.4883348236346714
31202,Stayed,0.27440741521352885,0.7255925847864712
66583,Stayed,0.00966248671454828,0.9903375132854517
60347,Left,0.7870751574533938,0.21292484254660612
67319,Stayed,0.2151958536897407,0.7848041463102593
51027,Left,0.829602761226413,0.17039723877358698
65624,Stayed,0.10231147307272426,0.8976885269272757
7543,Left,0.9060487969797384,0.09395120302026157
52647,Stayed,0.28133077421242825,0.7186692257875718
45491,Left,0.8464264592611478,0.15357354073885224
9518,Stayed,0.438497454049838,0.561502545950162
53607,Left,0.5070173718919081,0.4929826281080919
28384,Left,0.6087840072391185,0.3912159927608815
5553,Stayed,0.27823567645205627,0.7217643235479437
13125,Left,0.7848197319609685,0.21518026803903142
23432,Left,0.5489223177705882,0.45107768222941175
73897,Left,0.9487401829478683,0.05125981705213169
71781,Stayed,0.3832029826312767,0.6167970173687233
31163,Stayed,0.21389029072431454,0.7861097092756855
40446,Left,0.8250584577843068,0.1749415422156933
12355,Stayed,0.14777880191714254,0.8522211980828575
27009,Stayed,0.22157114978712622,0.7784288502128738
57586,Stayed,0.24121788775211894,0.7587821122478811
57412,Left,0.720947353014139,0.27905264698586096
67979,Left,0.923126196409099,0.07687380359090099
29224,Stayed,0.10975013565169534,0.8902498643483047
61580,Stayed,0.2810688582584293,0.7189311417415707
9032,Left,0.9163622633244203,0.0836377366755797
73207,Left,0.9535702438395195,0.04642975616048052
38518,Left,0.9243739179434112,0.07562608205658879
14857,Left,0.601994736032616,0.398005263967384
41949,Stayed,0.024065161729286966,0.975934838270713
53309,Left,0.596061276233165,0.40393872376683504
58852,Left,0.9506708659892328,0.0493291340107672
67850,Left,0.6320047487796202,0.3679952512203798
24150,Stayed,0.27307424114676226,0.7269257588532377
69187,Stayed,0.19688226649586493,0.8031177335041351
23976,Stayed,0.1846562729131136,0.8153437270868864
45456,Left,0.530956199505267,0.46904380049473304
69334,Stayed,0.1980929339796893,0.8019070660203107
11187,Left,0.9954163028800606,0.004583697119939475
2663,Stayed,0.23149801008832138,0.7685019899116786
43957,Stayed,0.10131690220162204,0.898683097798378
56115,Left,0.8521237566306264,0.14787624336937355
4904,Left,0.6683351310403194,0.3316648689596806
3041,Stayed,0.4298773036203696,0.5701226963796304
8151,Stayed,0.4169922936031685,0.5830077063968315
13642,Stayed,0.4870405051947466,0.5129594948052534
3320,Stayed,0.2514620583325141,0.7485379416674859
50151,Stayed,0.05779828384939345,0.9422017161506065
262,Left,0.7823168310841269,0.21768316891587317
61497,Stayed,0.4964213796844782,0.5035786203155218
35665,Left,0.5785765954884972,0.4214234045115028
55685,Left,0.8131160650747026,0.18688393492529745
47213,Left,0.9879242411541685,0.012075758845831399
29781,Stayed,0.03694265883129966,0.9630573411687003
5371,Stayed,0.426059728696639,0.573940271303361
3074,Stayed,0.4690739095615648,0.5309260904384352
63604,Left,0.7015971055070105,0.29840289449298957
61012,Left,0.7035526937496175,0.2964473062503825
47338,Left,0.6013707962427604,0.39862920375723965
44059,Left,0.6607476655628111,0.339252334437189
63299,Left,0.9335840968409198,0.06641590315908022
36768,Left,0.8737314334606587,0.1262685665393412
34741,Left,0.6883936037077046,0.31160639629229536
64291,Stayed,0.19870665992235648,0.8012933400776435
6320,Stayed,0.4419115216242602,0.5580884783757398
2342,Stayed,0.3579656174820042,0.6420343825179958
44797,Left,0.765943992015662,0.23405600798433798
65467,Stayed,0.19574012165509413,0.8042598783449059
18628,Left,0.6379049302764863,0.36209506972351374
13014,Stayed,0.09304033426114222,0.9069596657388578
65396,Stayed,0.14512530148755054,0.8548746985124495
60530,Left,0.9598637122248717,0.0401362877751284
11036,Stayed,0.4568685937023972,0.5431314062976028
26920,Stayed,0.17555411314167424,0.8244458868583258
72565,Stayed,0.4914835130476568,0.5085164869523432
30148,Stayed,0.06256056593094883,0.9374394340690512
68220,Stayed,0.31285144089111727,0.6871485591088827
67847,Stayed,0.10378060458868954,0.8962193954113105
47170,Left,0.6056277912357805,0.3943722087642195
40204,Left,0.6488357567684395,0.3511642432315605
14638,Stayed,0.02813190934634635,0.9718680906536536
52731,Left,0.9177299326357781,0.08227006736422195
57076,Left,0.9800341410071141,0.0199658589928859
42660,Left,0.8668342172672757,0.13316578273272425
19673,Stayed,0.4871326164705617,0.5128673835294383
44395,Left,0.9777249718884687,0.022275028111531245
12386,Stayed,0.20571144844855127,0.7942885515514487
8920,Stayed,0.2187771964181333,0.7812228035818667
34042,Stayed,0.4677759373849574,0.5322240626150426
16228,Left,0.9294671796856524,0.07053282031434756
36663,Stayed,0.3811547815515689,0.6188452184484311
37848,Left,0.5269654375723531,0.47303456242764685
70076,Stayed,0.17106803713258834,0.8289319628674117
10285,Left,0.830739377721237,0.16926062227876307
51775,Left,0.6008166072877523,0.39918339271224773
62409,Left,0.9005090681201019,0.0994909318798981
59597,Stayed,0.1974553353484939,0.8025446646515061
29761,Left,0.5436163351401895,0.4563836648598105
9173,Left,0.5804169218785613,0.41958307812143875
25056,Left,0.7144030568427806,0.2855969431572194
44100,Left,0.9195077679019407,0.08049223209805934
70625,Stayed,0.04402655917292897,0.955973440827071
32499,Stayed,0.008262870111175102,0.9917371298888249
24011,Stayed,0.18021329721757695,0.819786702782423
13760,Stayed,0.44941022299910705,0.550589777000893
24603,Left,0.957160742864154,0.042839257135846
43738,Left,0.6868917534653622,0.3131082465346378
36718,Stayed,0.3618994512588072,0.6381005487411928
37863,Left,0.602986879488385,0.3970131205116149
35957,Left,0.6052784774836902,0.39472152251630976
36336,Stayed,0.016160623518810202,0.9838393764811898
34791,Left,0.9070925602604196,0.09290743973958039
73351,Stayed,0.0738783421974536,0.9261216578025464
53424,Left,0.8260391487840533,0.17396085121594676
60067,Stayed,0.2236697532093591,0.7763302467906409
66979,Stayed,0.2597286584211602,0.7402713415788398
48577,Stayed,0.25719732469538503,0.742802675304615
65499,Stayed,0.41233179788928254,0.5876682021107175
54552,Left,0.9566010066404161,0.04339899335958389
58219,Left,0.6955414828507858,0.3044585171492143
37582,Stayed,0.06871424289679517,0.9312857571032048
57343,Left,0.6430221117157429,0.3569778882842571
55079,Left,0.6930072654250847,0.3069927345749153
9474,Stayed,0.3423261029844862,0.6576738970155138
42092,Stayed,0.4407546198527673,0.5592453801472327
71522,Stayed,0.32927925859460394,0.6707207414053961
58786,Left,0.7373817672124892,0.2626182327875108
14828,Left,0.9814881908765306,0.0185118091234694
57292,Left,0.964847671525209,0.035152328474791016
26718,Stayed,0.09237399088518028,0.9076260091148197
30987,Left,0.5610706549335942,0.43892934506640574
53190,Left,0.8228854728464179,0.17711452715358209
55906,Stayed,0.2908612839102128,0.7091387160897872
20481,Stayed,0.4489086065599367,0.5510913934400633
48273,Left,0.6677550450601077,0.3322449549398923
31494,Left,0.5162790724150934,0.48372092758490653
40845,Stayed,0.07931526108314768,0.9206847389168523
3076,Stayed,0.11622813334249416,0.8837718666575058
58725,Left,0.5718809861344412,0.4281190138655589
1352,Left,0.6054940166078675,0.3945059833921325
42840,Left,0.9415951767409286,0.058404823259071405
46330,Stayed,0.08196957538856908,0.9180304246114309
61089,Stayed,0.2670181554703994,0.7329818445296006
60595,Stayed,0.07750332416581185,0.9224966758341882
44312,Stayed,0.11429766320545887,0.8857023367945411
2361,Stayed,0.1212414751911427,0.8787585248088573
70736,Left,0.8340433243219768,0.1659566756780232
33986,Stayed,0.35121493605683096,0.648785063943169
65864,Left,0.7602127147893665,0.23978728521063347
52173,Left,0.8698853545135715,0.13011464548642848
39666,Left,0.9165691904202489,0.0834308095797511
44651,Left,0.5788125037240448,0.4211874962759552
12215,Left,0.8735561211002312,0.12644387889976877
5324,Stayed,0.20874106732428965,0.7912589326757103
63091,Stayed,0.27401819382209913,0.7259818061779009
54636,Stayed,0.1084205540261487,0.8915794459738513
53227,Stayed,0.252708554005326,0.747291445994674
30821,Stayed,0.2270132865849277,0.7729867134150723
15895,Stayed,0.271531888810263,0.728468111189737
18143,Stayed,0.006955275749257583,0.9930447242507424
17003,Stayed,0.05007602432511227,0.9499239756748877
56017,Stayed,0.23683449619578467,0.7631655038042153
61475,Left,0.9696362233565571,0.030363776643442916
34939,Left,0.9211077612011362,0.07889223879886376
69280,Stayed,0.20494310443461805,0.795056895565382
42131,Left,0.7057864774264397,0.29421352257356026
49402,Stayed,0.00901939337113944,0.9909806066288606
66177,Left,0.8972816465737451,0.10271835342625488
2167,Stayed,0.11192418532661419,0.8880758146733858
42267,Left,0.855603394681941,0.14439660531805892
13412,Left,0.9512278301060008,0.04877216989399923
62313,Left,0.8306428718315044,0.1693571281684956
47411,Left,0.5364226061554132,0.4635773938445869
23308,Left,0.8461889035154919,0.1538110964845081
22750,Stayed,0.016885550979094943,0.9831144490209051
22833,Left,0.9358801152445289,0.06411988475547113
5990,Left,0.5974324231882236,0.40256757681177635
38201,Left,0.8209790551536832,0.17902094484631678
37016,Stayed,0.40447800645224274,0.5955219935477573
39291,Stayed,0.18237671429500102,0.817623285704999
35827,Left,0.6470147785603713,0.3529852214396287
73067,Left,0.8844279484750442,0.11557205152495571
4198,Stayed,0.019121625047668123,0.9808783749523319
72978,Stayed,0.4774807777611979,0.5225192222388021
7457,Left,0.7261082796730141,0.273891720326986
16354,Stayed,0.21270268049648478,0.7872973195035152
56916,Stayed,0.27186146348934803,0.728138536510652
30914,Left,0.669347112672756,0.33065288732724396
19031,Left,0.7023477095801363,0.2976522904198638
26904,Left,0.8902403875013751,0.10975961249862484
45942,Stayed,0.2871546920834669,0.7128453079165331
37471,Left,0.585689448995073,0.414310551004927
41819,Left,0.5976784701984235,0.4023215298015766
41968,Stayed,0.4135559819927538,0.5864440180072462
27943,Stayed,0.1435955629306398,0.8564044370693602
27674,Stayed,0.18936428183642628,0.8106357181635737
2099,Left,0.7409397712970976,0.25906022870290235
27636,Left,0.8526268890496214,0.14737311095037858
71102,Left,0.5677253480265335,0.4322746519734665
34015,Stayed,0.48471439876922895,0.515285601230771
44103,Left,0.9151110662099626,0.08488893379003735
23401,Stayed,0.4847160620474549,0.5152839379525451
35567,Stayed,0.28033545985416297,0.719664540145837
65117,Stayed,0.12941993753135883,0.8705800624686412
66800,Stayed,0.42165774492603414,0.5783422550739659
2689,Left,0.8233873335713893,0.1766126664286107
3822,Stayed,0.22508255344010175,0.7749174465598982
54228,Left,0.882171314983148,0.11782868501685195
3629,Stayed,0.2741510609860168,0.7258489390139832
26492,Stayed,0.19658256481094216,0.8034174351890578
68536,Left,0.8929533394889886,0.10704666051101142
63971,Stayed,0.20797737927987636,0.7920226207201236
20789,Stayed,0.11791078779066799,0.882089212209332
4216,Left,0.9719740621430962,0.028025937856903743
18667,Left,0.8456096434846766,0.15439035651532337
30651,Left,0.8551787098403489,0.14482129015965106
57180,Left,0.7467250513237702,0.25327494867622974
6891,Left,0.7933011844000775,0.20669881559992248
21754,Stayed,0.018968299180797676,0.9810317008192023
26248,Left,0.5340059375561235,0.4659940624438765
67197,Stayed,0.4714998054470392,0.5285001945529608
33,Left,0.8205184623909548,0.17948153760904517
30865,Stayed,0.07519950688992572,0.9248004931100743
14315,Left,0.5972458481051843,0.4027541518948157
53119,Stayed,0.3506603164236115,0.6493396835763885
50253,Left,0.8385331410706547,0.1614668589293453
49814,Left,0.8228535651963129,0.17714643480368703
64544,Left,0.5956806010435878,0.40431939895641217
64973,Left,0.9519040009181821,0.04809599908181789
17607,Stayed,0.06343905356254242,0.9365609464374576
59672,Stayed,0.0629352607903727,0.9370647392096273
32490,Stayed,0.3740038327771371,0.6259961672228629
65344,Stayed,0.1903915411789261,0.8096084588210739
73886,Left,0.9568829553261514,0.04311704467384853
36507,Left,0.9704372048564816,0.029562795143518488
11563,Stayed,0.10728235861311786,0.8927176413868821
24007,Stayed,0.3360647307950083,0.6639352692049917
14382,Stayed,0.26529058257578375,0.7347094174242162
5758,Left,0.7887774640322103,0.21122253596778973
71583,Stayed,0.4777035385761136,0.5222964614238864
14618,Stayed,0.4655560392343703,0.5344439607656297
52098,Stayed,0.12012370494504399,0.879876295054956
41297,Stayed,0.43274717446432875,0.5672528255356712
39036,Left,0.9084138683505723,0.09158613164942771
45505,Stayed,0.20320644541365862,0.7967935545863414
4741,Left,0.9381210646261756,0.06187893537382436
8582,Left,0.7083548814454232,0.2916451185545767
53164,Stayed,0.26556351976656134,0.7344364802334387
34787,Left,0.8980420292567957,0.1019579707432043
38532,Stayed,0.3170326200556346,0.6829673799443654
16436,Stayed,0.19794394059318887,0.8020560594068111
23669,Left,0.8445098094543312,0.15549019054566884
943,Stayed,0.17074201298181801,0.829257987018182
38014,Stayed,0.36337306376816636,0.6366269362318336
57576,Left,0.8220564418695467,0.17794355813045323
12020,Stayed,0.03179302251618832,0.9682069774838117
12859,Left,0.5227821219665278,0.4772178780334722
7823,Stayed,0.07245626561243756,0.9275437343875624
30798,Stayed,0.03816692949338729,0.9618330705066127
21298,Stayed,0.4567126361395294,0.5432873638604706
70472,Stayed,0.04576359582451972,0.9542364041754803
55289,Stayed,0.3634548524724255,0.6365451475275745
55068,Stayed,0.3724268088077385,0.6275731911922615
45657,Left,0.9065111030172402,0.09348889698275972
17335,Left,0.544511639205324,0.455488360794676
40209,Left,0.9229051272791425,0.07709487272085744
14512,Left,0.6929586340317544,0.30704136596824566
12533,Left,0.7847733306277414,0.21522666937225868
30336,Stayed,0.24989207555392356,0.7501079244460764
30554,Stayed,0.31357664090365867,0.6864233590963413
69208,Left,0.9883141830419402,0.011685816958059772
22217,Left,0.5604889599658456,0.4395110400341545
225,Left,0.7686927597200158,0.23130724027998414
63448,Left,0.6502727756064446,0.3497272243935554
4386,Left,0.5698935750790962,0.4301064249209038
48276,Left,0.5201397544906634,0.47986024550933665
26978,Left,0.8964735861903259,0.10352641380967413
47231,Stayed,0.31281338810325443,0.6871866118967456
41464,Left,0.798045573138318,0.20195442686168194
2376,Stayed,0.2949851886974941,0.7050148113025059
6290,Stayed,0.3604476909186033,0.6395523090813967
61422,Left,0.6796583660929532,0.32034163390704684
11983,Stayed,0.008347674723068299,0.9916523252769317
4314,Stayed,0.1181791669915021,0.8818208330084979
24500,Left,0.6565899003801242,0.3434100996198758
61376,Stayed,0.026174029622995865,0.9738259703770041
38711,Stayed,0.3542981077930367,0.6457018922069633
41671,Left,0.8097716436545687,0.19022835634543137
32648,Left,0.6698737145664042,0.33012628543359585
41470,Stayed,0.3626324504483567,0.6373675495516433
41390,Left,0.5303945286091561,0.46960547139084385
46252,Stayed,0.3824912854723721,0.6175087145276279
38930,Left,0.5124911637421266,0.4875088362578735
35648,Stayed,0.38999958796225587,0.6100004120377441
4977,Left,0.5642578329480269,0.4357421670519731
12879,Stayed,0.3456384592126557,0.6543615407873443
38756,Left,0.580365985730612,0.419634014269388
12726,Left,0.6410511958954648,0.35894880410453517
24607,Stayed,0.039269840972475545,0.9607301590275245
65506,Left,0.7503438570970836,0.24965614290291635
68265,Left,0.9280325099248729,0.07196749007512719
28587,Left,0.7231351498057992,0.2768648501942008
36373,Stayed,0.29753846827010566,0.7024615317298943
57253,Stayed,0.3984849615208037,0.6015150384791963
7758,Left,0.9108134905041946,0.0891865094958054
3888,Stayed,0.3269509465068481,0.6730490534931519
69408,Left,0.9007970393463122,0.09920296065368787
23967,Left,0.92988985463147,0.07011014536852998
46181,Left,0.663658571201593,0.33634142879840706
70999,Stayed,0.19086033446774753,0.8091396655322525
3919,Left,0.8485366784441406,0.15146332155585934
70133,Left,0.8567456395228117,0.14325436047718831
7498,Left,0.5684130719072439,0.4315869280927561
58022,Stayed,0.18898184508723492,0.8110181549127651
14108,Left,0.9168660795859165,0.08313392041408353
59529,Left,0.7579857652300372,0.24201423476996273
48566,Left,0.8525311232892907,0.14746887671070924
47392,Left,0.5193292944720252,0.48067070552797475
60913,Stayed,0.3780007953954183,0.6219992046045817
50662,Left,0.5195240711634457,0.4804759288365544
54452,Stayed,0.0020457588124837,0.9979542411875163
3003,Stayed,0.003981865754649316,0.9960181342453507
27232,Left,0.6231088463768131,0.376891153623187
15613,Stayed,0.35665272326933906,0.6433472767306609
54783,Stayed,0.4554085774883023,0.5445914225116977
40028,Left,0.9707713395517177,0.029228660448282352
39653,Left,0.8485508606008058,0.15144913939919424
74218,Stayed,0.2533824111123445,0.7466175888876555
49381,Stayed,0.17090078624068405,0.829099213759316
58324,Stayed,0.0398195610263975,0.9601804389736025
17761,Stayed,0.46680793687536626,0.5331920631246337
36933,Stayed,0.4077094476206412,0.5922905523793588
11403,Stayed,0.17537345932106818,0.8246265406789318
43121,Stayed,0.16030838050034923,0.8396916194996508
19000,Stayed,0.18943883476675238,0.8105611652332476
25803,Stayed,0.03800492901856001,0.96199507098144
56539,Stayed,0.36800866797182186,0.6319913320281781
71950,Stayed,0.41819384090433254,0.5818061590956675
71834,Stayed,0.45745145544158883,0.5425485445584112
45612,Left,0.8769177151754767,0.12308228482452335
58023,Stayed,0.27105449802431403,0.728945501975686
51012,Left,0.6274084202820942,0.37259157971790574
67327,Left,0.770802596880213,0.229197403119787
46732,Stayed,0.05510641607632749,0.9448935839236725
11715,Stayed,0.03576274818968994,0.9642372518103101
32137,Stayed,0.3903585330537751,0.6096414669462249
10725,Stayed,0.053110479672932254,0.9468895203270677
32350,Stayed,0.40859319263631777,0.5914068073636822
46346,Left,0.9567875133585969,0.043212486641403106
7,Left,0.6611755044060867,0.3388244955939133
53908,Left,0.5904150541242686,0.40958494587573135
71555,Left,0.649994552479197,0.3500054475208029
72807,Left,0.7507353645243748,0.24926463547562513
52170,Stayed,0.2829613632661597,0.7170386367338403
69709,Stayed,0.13377180758980178,0.8662281924101982
60472,Stayed,0.34740218012477087,0.6525978198752291
58340,Left,0.5621637594154566,0.4378362405845434
7514,Left,0.5995814517207818,0.40041854827921813
25752,Left,0.8741088470983238,0.12589115290167613
3266,Left,0.899527923741463,0.10047207625853706
47001,Left,0.8669561460577664,0.13304385394223367
72311,Left,0.8356906944278115,0.16430930557218848
41519,Stayed,0.05987435639397809,0.9401256436060219
16636,Stayed,0.21762144914817172,0.7823785508518283
37289,Left,0.5652963502382227,0.4347036497617774
11394,Stayed,0.46570755013782816,0.5342924498621718
50696,Left,0.7830792658204959,0.2169207341795041
51685,Left,0.6468614844509264,0.35313851554907366
3790,Stayed,0.14843502163689093,0.8515649783631091
19384,Left,0.5978051443896206,0.4021948556103794
64693,Stayed,0.4904140123487556,0.5095859876512444
51848,Stayed,0.04031597758990957,0.9596840224100904
42764,Stayed,0.18128790377474235,0.8187120962252576
63902,Left,0.9284431077434564,0.0715568922565436
41712,Stayed,0.018182802862598102,0.9818171971374019
63638,Stayed,0.20173989237008794,0.7982601076299121
12785,Left,0.8278599503762958,0.17214004962370422
61813,Stayed,0.01058682028208835,0.9894131797179117
73551,Left,0.5671654096997043,0.43283459030029564
51643,Left,0.788400981477044,0.211599018522956
43289,Stayed,0.31205971550962275,0.6879402844903773
35529,Left,0.9340573691032571,0.0659426308967429
3648,Left,0.835251160342434,0.16474883965756607
6316,Left,0.5471136880607095,0.4528863119392905
39893,Stayed,0.44461292430025623,0.5553870756997438
61320,Stayed,0.3244269019060164,0.6755730980939836
36419,Stayed,0.06984701008299443,0.9301529899170056
87,Left,0.869318008353495,0.13068199164650499
41239,Left,0.654739761120281,0.3452602388797191
57067,Left,0.6647266021644267,0.33527339783557336
74061,Stayed,0.003215663138464664,0.9967843368615353
16047,Stayed,0.011990964506854884,0.9880090354931451
50845,Left,0.8361529520274249,0.1638470479725751
66875,Stayed,0.4392958728814159,0.5607041271185841
30339,Stayed,0.3885132050534844,0.6114867949465156
12010,Left,0.7970784283229668,0.20292157167703323
27070,Left,0.8003628649562298,0.19963713504377026
26761,Left,0.752230860352873,0.247769139647127
43344,Left,0.9919611739863575,0.008038826013642442
68651,Stayed,0.06597894388961834,0.9340210561103817
17052,Left,0.8430203754907643,0.15697962450923575
5138,Left,0.6747978602569498,0.3252021397430502
35100,Stayed,0.13386039290567897,0.866139607094321
40516,Stayed,0.025165137074211086,0.9748348629257889
70721,Stayed,0.4048774933917191,0.5951225066082809
15269,Stayed,0.0059930645051562426,0.9940069354948438
13076,Stayed,0.4863345280070748,0.5136654719929252
15886,Left,0.5999697780165527,0.40003022198344734
10998,Left,0.8706886885146279,0.12931131148537212
33200,Stayed,0.4334923639009013,0.5665076360990987
26162,Stayed,0.07321971621068357,0.9267802837893164
45770,Left,0.6175826130707148,0.3824173869292852
15216,Left,0.5463137939674922,0.45368620603250776
56838,Stayed,0.012905157514827237,0.9870948424851728
64273,Left,0.5419923221045174,0.4580076778954826
1634,Left,0.6797228944864019,0.3202771055135981
21248,Stayed,0.22431575872028187,0.7756842412797181
13070,Stayed,0.059404686743962265,0.9405953132560377
18093,Left,0.9541125447989519,0.045887455201048054
46454,Left,0.9185607581771021,0.08143924182289783
69055,Stayed,0.01695950360627041,0.9830404963937296
35115,Left,0.9261711286220167,0.07382887137798333
34653,Left,0.7541641517589286,0.24583584824107135
11667,Stayed,0.43465180544454896,0.565348194555451
43761,Left,0.9526898144061711,0.04731018559382892
4525,Left,0.6705223444624786,0.32947765553752145
55586,Left,0.8700487057242261,0.12995129427577393
28618,Left,0.8532375380817212,0.14676246191827874
19309,Stayed,0.4375341966149743,0.5624658033850257
18573,Stayed,0.11522169958909734,0.8847783004109027
63905,Left,0.758759212337525,0.24124078766247506
29749,Left,0.8542325108697513,0.1457674891302487
69333,Left,0.8383531343067634,0.16164686569323655
44929,Left,0.6710666684479616,0.3289333315520384
39558,Left,0.9697209924482413,0.030279007551758733
54435,Stayed,0.31386502971231844,0.6861349702876816
71377,Stayed,0.08786226705768674,0.9121377329423133
38491,Left,0.7852288138898071,0.2147711861101929
57670,Stayed,0.09790169101825064,0.9020983089817494
62715,Left,0.7838023575509602,0.2161976424490398
34307,Stayed,0.4830073024317302,0.5169926975682698
1387,Left,0.7197311660243466,0.28026883397565344
25916,Left,0.8815941490332537,0.1184058509667463
31329,Left,0.94187568008954,0.05812431991045995
45391,Stayed,0.03394139499810711,0.9660586050018929
4213,Stayed,0.4763655128570067,0.5236344871429933
49521,Stayed,0.0610173520331434,0.9389826479668566
24820,Left,0.6383843162777812,0.36161568372221875
54523,Left,0.6141245340597404,0.38587546594025957
28074,Stayed,0.2779116550520271,0.7220883449479729
18418,Stayed,0.02928556445311714,0.9707144355468829
25046,Stayed,0.4003701704311641,0.5996298295688359
60739,Left,0.8416526966071023,0.15834730339289776
56866,Stayed,0.2963974476052216,0.7036025523947784
3270,Stayed,0.36006464483970846,0.6399353551602915
47940,Stayed,0.49371563241113847,0.5062843675888615
35488,Stayed,0.08294496981081767,0.9170550301891823
6434,Left,0.8743211799543509,0.12567882004564912
26272,Left,0.727187114446229,0.2728128855537711
11648,Stayed,0.1483133280850043,0.8516866719149957
45309,Stayed,0.4588226812248981,0.5411773187751019
28197,Stayed,0.20721247690982036,0.7927875230901796
53780,Stayed,0.10491834627422703,0.895081653725773
24596,Left,0.6136442112427134,0.38635578875728666
68034,Stayed,0.17668500945965737,0.8233149905403426
28845,Stayed,0.048190400094145436,0.9518095999058546
31591,Stayed,0.0031602913518022913,0.9968397086481977
66380,Stayed,0.47405945901496527,0.5259405409850347
38556,Left,0.7506032902060927,0.2493967097939073
29983,Stayed,0.4712056883528918,0.5287943116471082
30208,Left,0.7742982358112258,0.2257017641887742
29393,Left,0.5689002541834641,0.4310997458165359
22795,Stayed,0.18698404604531316,0.8130159539546868
32424,Stayed,0.3396146700640059,0.6603853299359941
35264,Stayed,0.0820944843998247,0.9179055156001753
69676,Left,0.7196311878395361,0.28036881216046394
5749,Stayed,0.03348500430086132,0.9665149956991387
3185,Left,0.7743427295430357,0.22565727045696424
69953,Left,0.8346826610725706,0.1653173389274294
12037,Left,0.7586351729724365,0.2413648270275634
64677,Left,0.7436114094797469,0.2563885905202531
37496,Left,0.5783111809983625,0.4216888190016374
60487,Stayed,0.2186649977737405,0.7813350022262595
10501,Stayed,0.20066099809608196,0.799339001903918
40663,Stayed,0.3285921153045809,0.6714078846954191
25649,Left,0.7799907346901856,0.22000926530981438
18286,Left,0.9492850336755438,0.0507149663244562
61512,Stayed,0.21338288176393805,0.786617118236062
52902,Stayed,0.18966588839911824,0.8103341116008818
34856,Left,0.913897297519779,0.08610270248022105
32290,Stayed,0.41147950090364116,0.5885204990963588
69760,Stayed,0.008997922117979229,0.9910020778820208
63763,Stayed,0.4112088896704733,0.5887911103295267
71304,Stayed,0.03572892342459666,0.9642710765754033
54086,Stayed,0.09662635543552445,0.9033736445644756
54362,Stayed,0.01062470453262565,0.9893752954673743
44995,Stayed,0.32401411071917674,0.6759858892808233
16169,Stayed,0.09075598016976505,0.909244019830235
6323,Stayed,0.28424399802927314,0.7157560019707269
68796,Left,0.7761626041057217,0.22383739589427834
16243,Left,0.7422056289866532,0.2577943710133468
47175,Left,0.512303215424855,0.48769678457514504
12409,Stayed,0.160336084559068,0.839663915440932
9554,Stayed,0.46329621605874016,0.5367037839412598
73042,Stayed,0.39318045727787787,0.6068195427221221
