founder_id,retention_status,probability_Left,probability_Stayed
52685,Stayed,0.373192352543697,0.626807647456303
30585,Left,0.8187880337934417,0.18121196620655827
54656,Stayed,0.08832422145628882,0.9116757785437112
33442,Left,0.8425689311781939,0.15743106882180613
15667,Stayed,0.02917377754870698,0.970826222451293
3496,Stayed,0.18729618546279492,0.8127038145372051
46775,Left,0.6592608712291871,0.3407391287708129
72645,Left,0.7850939155937102,0.21490608440628983
4941,Stayed,0.4763102871356437,0.5236897128643563
65181,Left,0.871575594104521,0.12842440589547896
49522,Left,0.6613866989826371,0.33861330101736287
8195,Stayed,0.022165514890932436,0.9778344851090676
52948,Stayed,0.06396274200747831,0.9360372579925217
35067,Stayed,0.43153487453729666,0.5684651254627033
53650,Left,0.914748998599697,0.08525100140030292
49803,Stayed,0.3128441035362055,0.6871558964637945
2213,Left,0.8421903745450332,0.1578096254549668
48091,Stayed,0.24883002117138886,0.7511699788286111
49462,Stayed,0.1270890311274907,0.8729109688725093
16073,Stayed,0.16308692969959615,0.8369130703004038
54967,Left,0.8154506211077122,0.18454937889228779
35183,Left,0.6371515680189719,0.36284843198102806
455,Stayed,0.17651401862173088,0.8234859813782691
36359,Left,0.8654724280784085,0.1345275719215915
36048,Left,0.6789423684944662,0.32105763150553385
54081,Left,0.7899628143332813,0.2100371856667187
17189,Left,0.6892430833757688,0.31075691662423127
31516,Left,0.6659994719182112,0.33400052808178887
3586,Stayed,0.15960864713368972,0.8403913528663103
49198,Left,0.5229118200337559,0.4770881799662441
60686,Left,0.7152646859745813,0.2847353140254187
14616,Left,0.6168237673020274,0.3831762326979726
12605,Stayed,0.2921100874822369,0.7078899125177631
27617,Stayed,0.4117274159612401,0.5882725840387599
23602,Left,0.9714152026146038,0.028584797385396234
20883,Left,0.7268895477955946,0.27311045220440544
64272,Left,0.9569997939740411,0.04300020602595892
71141,Left,0.9376672796076158,0.062332720392384196
62438,Stayed,0.383324990535326,0.616675009464674
55672,Stayed,0.08778847261863265,0.9122115273813673
18843,Stayed,0.3871173580637639,0.6128826419362361
59459,Stayed,0.3230487384943751,0.6769512615056249
56488,Stayed,0.10036129424872453,0.8996387057512755
11062,Left,0.8401212741561832,0.15987872584381685
70350,Left,0.8128615612400473,0.18713843875995273
25065,Left,0.6120180526312846,0.38798194736871533
59563,Left,0.6071867683292517,0.39281323167074833
6080,Left,0.7644391837321165,0.23556081626788355
65256,Left,0.6345439870692516,0.36545601293074836
55816,Stayed,0.43089950198124083,0.5691004980187592
48154,Stayed,0.27391341156928184,0.7260865884307182
19598,Left,0.8989938112070694,0.10100618879293057
45711,Stayed,0.403497075390726,0.596502924609274
31921,Left,0.740113348808569,0.25988665119143095
28968,Left,0.8328796346391537,0.1671203653608463
42658,Stayed,0.3419047661951353,0.6580952338048647
33024,Left,0.8762602474510373,0.12373975254896272
12971,Stayed,0.45824725944444566,0.5417527405555543
5719,Left,0.9377887607649523,0.06221123923504765
9331,Stayed,0.4753528359507445,0.5246471640492555
64168,Left,0.5058076571510878,0.4941923428489122
20332,Stayed,0.0518012571560994,0.9481987428439006
11169,Stayed,0.2408737432501784,0.7591262567498216
30757,Stayed,0.4325929611130105,0.5674070388869895
60983,Left,0.5138038133416958,0.4861961866583042
26913,Left,0.8514472615231695,0.14855273847683045
7546,Stayed,0.09353064495912988,0.9064693550408701
67990,Stayed,0.15917215026148335,0.8408278497385167
34301,Left,0.783238933884087,0.21676106611591292
14321,Left,0.8673485076455411,0.13265149235445894
53135,Stayed,0.18578466182564013,0.8142153381743599
14669,Left,0.6602820376305217,0.33971796236947827
43491,Left,0.9680554966238213,0.03194450337617876
54054,Left,0.7992733674259508,0.2007266325740492
7163,Left,0.7561497398366567,0.24385026016334335
26780,Stayed,0.22543832238443062,0.7745616776155694
13903,Stayed,0.33195192941069274,0.6680480705893073
6649,Left,0.6121709440697942,0.3878290559302057
51846,Stayed,0.29918641223750797,0.700813587762492
26809,Stayed,0.26737098461924347,0.7326290153807565
64951,Stayed,0.3638169359010437,0.6361830640989563
23719,Stayed,0.14671048116462537,0.8532895188353746
11190,Left,0.5853653628476541,0.4146346371523459
29869,Stayed,0.11244390766710055,0.8875560923328994
42562,Stayed,0.05423174248767715,0.9457682575123229
3032,Stayed,0.18945113733809715,0.8105488626619028
26880,Stayed,0.3132064832767921,0.6867935167232079
47539,Stayed,0.03598015583541858,0.9640198441645814
4786,Stayed,0.12132059689353403,0.878679403106466
68000,Stayed,0.17204696448481527,0.8279530355151847
42053,Stayed,0.08628737756198668,0.9137126224380133
54995,Stayed,0.36755151049169266,0.6324484895083073
1279,Left,0.9445921389747692,0.05540786102523077
13376,Left,0.6267399603054749,0.3732600396945251
13169,Stayed,0.1272749359409897,0.8727250640590103
33968,Left,0.683657418026907,0.3163425819730929
25662,Left,0.6430125824253248,0.35698741757467517
34240,Stayed,0.14836267395902003,0.85163732604098
72123,Left,0.6869434538272936,0.31305654617270634
11833,Left,0.8319652856927697,0.16803471430723022
63405,Stayed,0.26708342385936057,0.7329165761406394
26938,Stayed,0.025540138861007367,0.9744598611389926
49495,Stayed,0.3449357782107225,0.6550642217892775
13947,Stayed,0.11353775841511515,0.8864622415848848
62520,Left,0.9394175046922238,0.06058249530777618
52157,Stayed,0.446289994781224,0.553710005218776
24543,Left,0.9639599370859553,0.03604006291404466
54581,Stayed,0.18744417850165618,0.8125558214983438
1091,Stayed,0.4885706681772807,0.5114293318227193
33481,Left,0.7423832739731547,0.25761672602684527
11336,Stayed,0.3572263375232021,0.6427736624767979
2108,Stayed,0.09015067363920082,0.9098493263607992
6469,Stayed,0.12882445961529065,0.8711755403847093
66001,Stayed,0.36267009153269825,0.6373299084673018
39357,Stayed,0.22740316814864747,0.7725968318513525
29600,Left,0.5983821890618846,0.4016178109381154
34896,Stayed,0.1289727925984786,0.8710272074015214
49124,Stayed,0.20195439480613575,0.7980456051938642
27997,Stayed,0.17603122451697273,0.8239687754830273
31155,Left,0.9052708418998519,0.09472915810014813
38313,Left,0.7219059407211332,0.27809405927886677
7135,Left,0.6585916609561913,0.34140833904380874
39553,Stayed,0.21873187065097544,0.7812681293490246
6794,Stayed,0.0983826771871873,0.9016173228128127
14519,Left,0.9270440179254522,0.07295598207454773
14011,Stayed,0.3784958003690362,0.6215041996309638
16439,Stayed,0.4042432516251472,0.5957567483748528
6335,Left,0.5387537995824931,0.46124620041750686
19394,Left,0.8428404834884762,0.1571595165115238
71080,Stayed,0.2084593728084997,0.7915406271915003
60021,Left,0.5557170705739877,0.44428292942601233
44982,Left,0.6580655967312738,0.3419344032687262
8899,Left,0.846081363568391,0.15391863643160897
128,Left,0.5450751984616011,0.4549248015383989
69732,Left,0.7477703224762178,0.2522296775237823
46987,Left,0.7327823120938147,0.2672176879061853
73607,Left,0.6606620579907851,0.3393379420092148
45755,Left,0.9195362904618546,0.08046370953814543
1881,Stayed,0.18152341922473514,0.8184765807752649
31115,Left,0.5222919608880787,0.4777080391119212
15295,Left,0.814023363689837,0.18597663631016303
15968,Left,0.6091621275101182,0.39083787248988183
4666,Left,0.9670094960843443,0.03299050391565571
45346,Stayed,0.2710187410447987,0.7289812589552013
17550,Stayed,0.09406731282432057,0.9059326871756794
61929,Left,0.8877196879935307,0.11228031200646929
832,Stayed,0.2659486811267755,0.7340513188732245
10269,Stayed,0.48578527769831414,0.5142147223016859
62491,Stayed,0.14381616443192036,0.8561838355680796
41981,Left,0.8582151846299488,0.14178481537005114
43687,Stayed,0.46916567309862833,0.5308343269013717
41828,Left,0.6986502047686678,0.30134979523133215
70755,Stayed,0.1671558174343455,0.8328441825656545
9802,Left,0.611617899983202,0.388382100016798
43886,Stayed,0.13618639248347297,0.863813607516527
69600,Left,0.5427057634708832,0.45729423652911677
66482,Left,0.6159162029992992,0.38408379700070083
62883,Left,0.9296999344114169,0.07030006558858312
61496,Stayed,0.4363396426622983,0.5636603573377017
39479,Left,0.7196354610473747,0.28036453895262525
40258,Left,0.6556607568423481,0.34433924315765185
46253,Stayed,0.48223015082644705,0.517769849173553
36030,Stayed,0.08478639284541734,0.9152136071545827
67337,Left,0.9278969316243977,0.07210306837560232
63733,Stayed,0.4063166763704381,0.5936833236295619
65401,Stayed,0.2852583944569985,0.7147416055430015
44205,Stayed,0.10203650331134928,0.8979634966886507
17621,Stayed,0.3069489662111671,0.6930510337888329
26677,Stayed,0.4355959052954207,0.5644040947045793
32453,Stayed,0.3234731269248501,0.6765268730751499
27160,Left,0.6492927871604713,0.35070721283952866
3355,Stayed,0.09294718879200481,0.9070528112079952
63591,Left,0.6081376959306597,0.39186230406934025
30940,Left,0.6030782156167798,0.39692178438322023
17316,Left,0.589653078353529,0.410346921646471
54762,Stayed,0.2588276854861976,0.7411723145138024
45422,Left,0.6202927798577142,0.37970722014228575
21229,Left,0.5646451623107334,0.4353548376892666
31471,Left,0.6202465255641514,0.3797534744358486
63696,Stayed,0.2825921404938565,0.7174078595061435
52508,Stayed,0.16979430646437554,0.8302056935356245
43399,Stayed,0.24165667407044844,0.7583433259295516
25234,Stayed,0.11508447856208692,0.8849155214379131
52082,Left,0.8459116629325623,0.15408833706743777
51526,Left,0.7661994886535782,0.2338005113464218
1448,Left,0.825455291076915,0.17454470892308505
61644,Stayed,0.1057560165408904,0.8942439834591096
62199,Stayed,0.34402514925143246,0.6559748507485675
44932,Left,0.5683734272447469,0.4316265727552531
12577,Stayed,0.061547768252895096,0.9384522317471049
6010,Left,0.5024318256571403,0.49756817434285966
64073,Stayed,0.3397392690233383,0.6602607309766617
22751,Stayed,0.06767839281689814,0.9323216071831019
8242,Left,0.8543489310713511,0.14565106892864885
72186,Left,0.845991483438709,0.154008516561291
34340,Left,0.9271753701396148,0.07282462986038514
48939,Left,0.5152637785158454,0.48473622148415463
68996,Stayed,0.4216261715857539,0.5783738284142461
24222,Left,0.7620961158276496,0.23790388417235037
20691,Stayed,0.4008997594126972,0.5991002405873028
21750,Stayed,0.48927202798534875,0.5107279720146513
50869,Left,0.8272767312951641,0.17272326870483587
67224,Stayed,0.2901857877441587,0.7098142122558413
27073,Left,0.56185009592866,0.43814990407134
45079,Stayed,0.46508091120000294,0.5349190887999971
22285,Stayed,0.2253765339788406,0.7746234660211594
42992,Left,0.8561570248666807,0.14384297513331937
68339,Left,0.7442660941924878,0.2557339058075122
29539,Left,0.9110319136443891,0.0889680863556109
10792,Left,0.7564296425222108,0.2435703574777892
8611,Left,0.6746024071502195,0.3253975928497806
68083,Stayed,0.2888697646024766,0.7111302353975234
66525,Left,0.942895439078328,0.05710456092167203
63058,Stayed,0.3250304250616921,0.6749695749383079
47545,Stayed,0.33102900509313715,0.6689709949068628
41659,Left,0.9273240327459925,0.07267596725400746
61640,Stayed,0.20019780880619253,0.7998021911938075
68045,Left,0.5528237655906223,0.4471762344093777
16937,Left,0.5336907339727341,0.46630926602726586
3887,Stayed,0.1287038316246989,0.8712961683753011
411,Stayed,0.08494728298417131,0.9150527170158287
44012,Left,0.7820870207521742,0.21791297924782582
61460,Left,0.847196117776489,0.15280388222351107
6502,Stayed,0.19504651344621915,0.8049534865537809
550,Left,0.9192424074653053,0.08075759253469471
58222,Stayed,0.45676598507306654,0.5432340149269335
74399,Left,0.7278253340127641,0.27217466598723594
35388,Left,0.5969913981108601,0.4030086018891399
73312,Left,0.7911747692914644,0.20882523070853568
39168,Stayed,0.30568744541319703,0.694312554586803
47804,Left,0.5907367451075272,0.4092632548924728
40010,Left,0.8020995373876996,0.1979004626123004
13905,Stayed,0.37257935706388967,0.6274206429361103
31436,Left,0.6286233695456052,0.37137663045439484
65592,Stayed,0.26732533231447164,0.7326746676855284
42685,Stayed,0.14005538107032522,0.8599446189296748
34175,Left,0.5002498455964732,0.4997501544035267
20796,Left,0.8746458669376465,0.12535413306235352
4985,Left,0.7104254347283115,0.28957456527168846
66271,Left,0.8857515827986835,0.11424841720131655
34253,Left,0.8572004322705052,0.1427995677294948
40806,Stayed,0.35293660614167777,0.6470633938583222
25507,Stayed,0.2821054743581284,0.7178945256418716
48200,Stayed,0.32484363907307057,0.6751563609269294
44235,Stayed,0.45240753205243,0.54759246794757
10619,Left,0.8563929419759253,0.1436070580240747
48496,Stayed,0.06489704540931063,0.9351029545906894
1604,Stayed,0.026992722268124103,0.9730072777318759
74100,Stayed,0.13960255170317104,0.860397448296829
24677,Stayed,0.1446810219621496,0.8553189780378504
21907,Left,0.6850177811260734,0.3149822188739267
45560,Left,0.788091247848252,0.21190875215174798
10407,Left,0.9398791816114151,0.06012081838858491
27496,Left,0.7392977712466782,0.26070222875332183
59803,Stayed,0.41627945922681153,0.5837205407731885
18658,Left,0.8652741502195034,0.13472584978049656
47111,Stayed,0.4609946588796675,0.5390053411203325
43850,Left,0.7697760479277046,0.23022395207229543
35837,Left,0.6143842385856927,0.3856157614143073
39187,Stayed,0.04789366480087498,0.952106335199125
31448,Stayed,0.2785508482488166,0.7214491517511834
29706,Left,0.5796778358812607,0.4203221641187393
5170,Left,0.7833160963023817,0.21668390369761825
47039,Stayed,0.08916649958855594,0.9108335004114441
69917,Stayed,0.13437168969554814,0.8656283103044519
47372,Stayed,0.08806722524454502,0.911932774755455
68950,Stayed,0.2172783435618174,0.7827216564381826
19452,Left,0.7263461255538697,0.2736538744461303
39231,Left,0.886283215358328,0.11371678464167205
14620,Left,0.8573087000159407,0.14269129998405933
65534,Stayed,0.13091235360902986,0.8690876463909701
12054,Stayed,0.14034697629050674,0.8596530237094933
22049,Stayed,0.44726964653716317,0.5527303534628368
65463,Left,0.7535886828157143,0.24641131718428566
71859,Stayed,0.10116105780193507,0.8988389421980649
72339,Stayed,0.4336044912992645,0.5663955087007355
73620,Stayed,0.27261740156232916,0.7273825984376708
68295,Stayed,0.17814007146271882,0.8218599285372812
24974,Left,0.576477698636094,0.42352230136390606
13459,Left,0.8595205893169051,0.14047941068309494
1119,Left,0.8028389135780366,0.19716108642196342
22683,Stayed,0.015692979288377207,0.9843070207116228
12690,Left,0.9463676966542257,0.053632303345774325
29982,Left,0.6268970800844855,0.3731029199155144
30647,Stayed,0.13151649560989231,0.8684835043901077
26730,Stayed,0.41408258363296024,0.5859174163670398
71804,Left,0.5316258713592921,0.4683741286407079
45922,Stayed,0.4219834872778042,0.5780165127221958
53315,Left,0.7632709065983151,0.2367290934016849
3841,Stayed,0.13880690895914383,0.8611930910408562
68736,Left,0.7770652761286105,0.2229347238713894
27838,Left,0.718382041099211,0.281617958900789
8148,Stayed,0.1607513136811607,0.8392486863188393
1737,Stayed,0.39637847235378154,0.6036215276462185
47561,Stayed,0.42060004523944405,0.579399954760556
71552,Stayed,0.15226450940025615,0.8477354905997438
628,Stayed,0.49696230132936703,0.503037698670633
30614,Stayed,0.25890952223944974,0.7410904777605503
69721,Stayed,0.26597268088239756,0.7340273191176024
3336,Left,0.5880654767259974,0.4119345232740026
39576,Stayed,0.07261377168766348,0.9273862283123365
14517,Stayed,0.4470130251872597,0.5529869748127403
5856,Left,0.7684610740713207,0.23153892592867928
21096,Stayed,0.13046795962220692,0.8695320403777931
33959,Stayed,0.08202545178327458,0.9179745482167254
67477,Stayed,0.05292200591542273,0.9470779940845773
51506,Left,0.7685501458790815,0.2314498541209184
8401,Stayed,0.3290663425014597,0.6709336574985403
10174,Stayed,0.27619423567420553,0.7238057643257945
43469,Left,0.8048198188786471,0.19518018112135294
10767,Left,0.905653096772415,0.09434690322758499
61148,Left,0.6884034968286287,0.31159650317137133
47101,Left,0.7554137938824095,0.24458620611759052
34252,Left,0.5728891202646336,0.42711087973536643
72488,Left,0.8041624668292899,0.19583753317071007
15836,Left,0.8490552095968997,0.1509447904031003
23177,Stayed,0.01613849896596231,0.9838615010340377
61913,Left,0.7730846326738479,0.2269153673261522
15607,Stayed,0.10813947676723079,0.8918605232327692
38449,Stayed,0.36722028574780874,0.6327797142521913
52700,Left,0.5860135006900834,0.4139864993099166
53989,Stayed,0.11760475740917975,0.8823952425908203
20476,Stayed,0.1792867199032766,0.8207132800967234
23081,Left,0.7780718101810995,0.22192818981890053
70050,Left,0.8596879611511502,0.14031203884884982
46513,Left,0.7764509758781033,0.22354902412189676
49400,Left,0.646871676686464,0.3531283233135361
66699,Stayed,0.43848768460703846,0.5615123153929615
56983,Left,0.7822362572672688,0.21776374273273125
20888,Stayed,0.09465016668539583,0.9053498333146042
62950,Stayed,0.024385745777573353,0.9756142542224266
39788,Left,0.9109307033944349,0.08906929660556501
10063,Left,0.5444026748166446,0.45559732518335544
5611,Left,0.902589868282527,0.097410131717473
31701,Stayed,0.05786650246251335,0.9421334975374867
74016,Left,0.8736616592099062,0.12633834079009382
51706,Stayed,0.21436928805650202,0.785630711943498
61645,Stayed,0.3719115620854164,0.6280884379145836
4422,Left,0.8359993471890047,0.16400065281099527
68185,Left,0.906502787799255,0.09349721220074504
41928,Stayed,0.34391496941026667,0.6560850305897333
4780,Left,0.8546389314819325,0.14536106851806754
61488,Stayed,0.18900596522318092,0.8109940347768191
6272,Left,0.6630911125941379,0.33690888740586217
47809,Stayed,0.14559321014484317,0.8544067898551568
45328,Stayed,0.4774626122150616,0.5225373877849384
66735,Left,0.9824017975430319,0.017598202456968078
40975,Stayed,0.29235135864582185,0.7076486413541782
21269,Left,0.7657466714834122,0.23425332851658776
5396,Stayed,0.35143548250402223,0.6485645174959778
34952,Left,0.8763842960424789,0.12361570395752111
73470,Stayed,0.2069923925688174,0.7930076074311826
55157,Left,0.772133393594929,0.22786660640507095
4414,Left,0.9064664027922633,0.09353359720773663
67914,Stayed,0.39943074605436546,0.6005692539456345
51608,Left,0.538246525831657,0.461753474168343
64134,Left,0.9064778441314812,0.09352215586851871
17437,Left,0.5093677184457677,0.4906322815542324
6351,Stayed,0.022360057672277778,0.9776399423277222
64061,Left,0.6221451342582762,0.37785486574172383
38205,Left,0.6376342766284029,0.36236572337159717
6964,Left,0.7256422625020531,0.27435773749794684
34223,Left,0.7765814491620204,0.22341855083797954
44837,Stayed,0.38180677754948533,0.6181932224505147
25154,Left,0.5132217062033027,0.48677829379669735
53316,Left,0.6617785532555345,0.3382214467444655
40894,Stayed,0.26648246889268357,0.7335175311073164
32212,Left,0.6590593997478524,0.3409406002521475
49209,Left,0.5960684976771464,0.40393150232285363
59853,Stayed,0.06170258191567335,0.9382974180843267
52031,Left,0.5919152914561926,0.4080847085438074
54131,Left,0.6450069401850255,0.35499305981497453
62311,Left,0.706893708854504,0.2931062911454961
20428,Left,0.7567621892317749,0.24323781076822515
65509,Stayed,0.3252703391866697,0.6747296608133303
19429,Left,0.7480587333842791,0.2519412666157209
19657,Left,0.724901416149732,0.27509858385026803
69186,Left,0.8903017924957748,0.1096982075042252
26234,Left,0.9342952834834125,0.06570471651658748
17643,Stayed,0.335327967975783,0.664672032024217
55006,Left,0.9905688027835071,0.009431197216492925
28047,Left,0.6276723563869313,0.3723276436130687
54089,Stayed,0.43454621209643807,0.5654537879035619
19380,Stayed,0.258500506425717,0.741499493574283
8194,Left,0.8956301379525345,0.1043698620474655
61058,Left,0.8002125315027122,0.1997874684972878
46239,Stayed,0.050876927193039934,0.9491230728069601
28182,Stayed,0.17382065422931203,0.826179345770688
66104,Left,0.6801104438639454,0.3198895561360547
42248,Stayed,0.4723983586899547,0.5276016413100453
63340,Left,0.566522238270663,0.433477761729337
58239,Left,0.783878226491485,0.216121773508515
28439,Stayed,0.49392034455748357,0.5060796554425164
1371,Stayed,0.4439916049492988,0.5560083950507012
5498,Stayed,0.3465210031932082,0.6534789968067918
68570,Left,0.7837806421276108,0.21621935787238927
60542,Stayed,0.1302724793495853,0.8697275206504147
29017,Left,0.7132571588650707,0.28674284113492926
67940,Left,0.7380719189669951,0.26192808103300497
48208,Left,0.7772136862133352,0.22278631378666486
38036,Left,0.5602502748594423,0.43974972514055766
7384,Left,0.7976788249386824,0.20232117506131758
63845,Left,0.6176006922604662,0.38239930773953373
70047,Stayed,0.04497484259710005,0.9550251574029
61283,Left,0.5854535495131151,0.4145464504868849
56649,Stayed,0.019029891448767988,0.980970108551232
8689,Left,0.5490322774284386,0.4509677225715613
46757,Left,0.8110038155989666,0.1889961844010334
57892,Stayed,0.4507811942010821,0.5492188057989179
28674,Left,0.7483720946912498,0.2516279053087503
58308,Left,0.6223947284911566,0.3776052715088434
44477,Left,0.5850454858780577,0.4149545141219423
66747,Stayed,0.3723044992391443,0.6276955007608557
2039,Left,0.6881125721552277,0.31188742784477236
16276,Left,0.5063670907443091,0.4936329092556909
53226,Stayed,0.25984619762317573,0.7401538023768243
71744,Stayed,0.47117413752142334,0.5288258624785767
54302,Stayed,0.3288253118126867,0.6711746881873133
59650,Left,0.6994909133912792,0.3005090866087207
14656,Stayed,0.24308422688031828,0.7569157731196817
49584,Stayed,0.46807141956592446,0.5319285804340755
55278,Left,0.7899639907715508,0.21003600922844917
41010,Stayed,0.06866312156445487,0.9313368784355451
9285,Left,0.7117535227396214,0.2882464772603785
14165,Stayed,0.30644666868622705,0.693553331313773
35000,Stayed,0.21653813008071543,0.7834618699192846
43434,Left,0.5334876776644396,0.4665123223355604
45457,Stayed,0.18500334135389318,0.8149966586461068
65519,Stayed,0.28920143533066833,0.7107985646693317
51729,Left,0.5551283587160107,0.4448716412839893
2777,Left,0.6741333208810774,0.32586667911892264
20154,Left,0.7978922853112106,0.20210771468878944
24805,Left,0.6496224838060456,0.35037751619395446
7252,Left,0.9110292591367903,0.08897074086320969
46908,Left,0.6166633508709803,0.38333664912901966
58921,Left,0.6316291755750463,0.3683708244249537
41255,Stayed,0.18040063301759102,0.819599366982409
6392,Left,0.9187719777032917,0.0812280222967083
10913,Left,0.6992426660473418,0.30075733395265825
40244,Left,0.92368724523374,0.07631275476625997
23498,Left,0.9756182354562538,0.024381764543746232
12797,Left,0.9849683266300028,0.01503167336999723
13952,Stayed,0.38358466040113337,0.6164153395988666
7299,Stayed,0.45692195381257816,0.5430780461874218
51827,Left,0.5823869450696968,0.41761305493030326
16114,Left,0.9183970412293412,0.08160295877065878
28237,Stayed,0.2300064555776592,0.7699935444223408
46691,Stayed,0.4735676117705572,0.5264323882294428
40790,Left,0.7179930420860479,0.2820069579139522
47835,Stayed,0.04260716443417589,0.9573928355658241
5786,Stayed,0.12619497833901405,0.873805021660986
35101,Stayed,0.03162408842580078,0.9683759115741992
52966,Left,0.8378426065083466,0.1621573934916534
35427,Stayed,0.19324579832838318,0.8067542016716168
44635,Stayed,0.17338545459565335,0.8266145454043466
11436,Left,0.8562159266936773,0.14378407330632276
27262,Left,0.8474142148394679,0.15258578516053206
25297,Stayed,0.39563785471155477,0.6043621452884452
40270,Left,0.5371239106915504,0.46287608930844965
71547,Left,0.755398794946728,0.244601205053272
11007,Stayed,0.45311982258213457,0.5468801774178654
46107,Stayed,0.20164250406700013,0.7983574959329999
2196,Left,0.8541089301631593,0.14589106983684075
70255,Stayed,0.14978339662370654,0.8502166033762935
54940,Stayed,0.11670603697448334,0.8832939630255167
46594,Stayed,0.34226265988213145,0.6577373401178686
63568,Left,0.8763425157409366,0.12365748425906337
17532,Left,0.9089230342772981,0.09107696572270185
12180,Stayed,0.4521919346527429,0.5478080653472571
49322,Stayed,0.1403517699932263,0.8596482300067737
29439,Left,0.8362158189396293,0.1637841810603707
5954,Left,0.6149109019886208,0.38508909801137925
44804,Left,0.5882491289010715,0.4117508710989285
7028,Stayed,0.4633162277332338,0.5366837722667662
48351,Stayed,0.10937520412065205,0.890624795879348
5103,Stayed,0.1722447328184159,0.8277552671815841
29414,Left,0.5277982522986646,0.47220174770133544
16425,Stayed,0.14696017426795882,0.8530398257320412
43025,Left,0.7247943174040211,0.2752056825959789
43459,Stayed,0.49180930134273815,0.5081906986572619
34353,Stayed,0.28384462994678894,0.7161553700532111
39402,Stayed,0.33307969933116977,0.6669203006688302
15042,Stayed,0.03255014674134138,0.9674498532586586
5147,Stayed,0.2613760882850258,0.7386239117149742
46402,Stayed,0.1235475472713089,0.8764524527286911
7168,Stayed,0.43358958181170104,0.566410418188299
56244,Left,0.9411453104732931,0.0588546895267069
13660,Left,0.9751519900223647,0.024848009977635296
21185,Stayed,0.08471692482177651,0.9152830751782235
58245,Stayed,0.03551266316064161,0.9644873368393584
69077,Left,0.9272790901894773,0.07272090981052273
18776,Stayed,0.08605349028325793,0.9139465097167421
18501,Stayed,0.47776434603310414,0.5222356539668959
18113,Stayed,0.07511707132584511,0.9248829286741549
43182,Left,0.580923484353324,0.4190765156466761
9315,Stayed,0.01176892733419277,0.9882310726658072
13854,Stayed,0.08987146278244085,0.9101285372175592
38501,Stayed,0.10057697622520179,0.8994230237747982
47546,Left,0.7785616239143293,0.22143837608567077
197,Stayed,0.4465706764709527,0.5534293235290473
5119,Stayed,0.1306575173079476,0.8693424826920524
53492,Left,0.8120664543239701,0.1879335456760299
41538,Left,0.7664022593087214,0.23359774069127864
5908,Stayed,0.2798005953553444,0.7201994046446556
47537,Stayed,0.06192786730759958,0.9380721326924004
60919,Left,0.9099789415244497,0.09002105847555028
73586,Stayed,0.24951907656282313,0.7504809234371769
10747,Left,0.5517964759062375,0.4482035240937626
10065,Left,0.8517504775304847,0.1482495224695153
68529,Left,0.7776515267658997,0.2223484732341004
43628,Stayed,0.2866265197546535,0.7133734802453465
62894,Left,0.5158443227012552,0.4841556772987447
73323,Left,0.6171223848752104,0.38287761512478957
26113,Stayed,0.49991542593822413,0.5000845740617759
54391,Stayed,0.45443476843632,0.54556523156368
73699,Left,0.6355265520566555,0.36447344794334446
8973,Left,0.8340112259491468,0.16598877405085322
27063,Stayed,0.2999854463662609,0.7000145536337391
12499,Left,0.7186578598770079,0.28134214012299213
57240,Stayed,0.405674414628434,0.594325585371566
16086,Stayed,0.43902052833669547,0.5609794716633045
57498,Stayed,0.487649081096028,0.512350918903972
25678,Left,0.7759363553633665,0.22406364463663359
5399,Left,0.5843218388462881,0.41567816115371187
26921,Stayed,0.4124497916123824,0.5875502083876176
24789,Stayed,0.0564269829775742,0.9435730170224258
10344,Left,0.5050873184747269,0.49491268152527307
21539,Stayed,0.26525649348948765,0.7347435065105123
49035,Stayed,0.36838355065302486,0.6316164493469751
58333,Left,0.5439452863578245,0.45605471364217554
60726,Left,0.7966985637839503,0.20330143621604974
21483,Stayed,0.07449911966464007,0.9255008803353599
25077,Left,0.6657066968595111,0.33429330314048883
26164,Left,0.8167281512260256,0.18327184877397446
66848,Stayed,0.11592132377292019,0.8840786762270798
69390,Left,0.5047383080262311,0.4952616919737689
58365,Stayed,0.14537874744599677,0.8546212525540032
36404,Left,0.9728453280352318,0.027154671964768125
66793,Stayed,0.45429958885748456,0.5457004111425154
39806,Left,0.6346586359327044,0.3653413640672956
20549,Stayed,0.15332260094380068,0.8466773990561993
52091,Stayed,0.282706389716726,0.717293610283274
70166,Stayed,0.1340199502630075,0.8659800497369925
24781,Stayed,0.026624237507215653,0.9733757624927843
50004,Left,0.5096603333590723,0.49033966664092765
56271,Stayed,0.30104769210590876,0.6989523078940912
40007,Left,0.7197132072656707,0.2802867927343294
70983,Stayed,0.3680744229683861,0.6319255770316139
42778,Stayed,0.03443983247305771,0.9655601675269423
30992,Left,0.5751982363978794,0.4248017636021206
21862,Left,0.8857385018491075,0.11426149815089244
2330,Left,0.8879016068969262,0.11209839310307375
63682,Left,0.692703470347527,0.30729652965247295
50413,Stayed,0.22405485227833166,0.7759451477216683
4073,Left,0.5562120810204383,0.44378791897956166
33609,Left,0.9166369461233013,0.08336305387669876
68539,Left,0.7752991560531335,0.22470084394686646
70173,Left,0.7212014620990046,0.2787985379009954
36065,Left,0.9284136543276694,0.07158634567233059
29650,Stayed,0.3191970686185104,0.6808029313814896
15125,Left,0.9596813768767427,0.04031862312325725
72659,Stayed,0.2895009960364212,0.7104990039635788
48203,Left,0.7116043329874788,0.2883956670125211
43607,Left,0.9136962677958442,0.08630373220415577
66334,Left,0.8914387454505432,0.10856125454945677
42503,Left,0.5053613489362733,0.49463865106372673
48746,Stayed,0.38460152962129956,0.6153984703787004
69782,Left,0.6874747813427255,0.31252521865727445
53713,Stayed,0.3093904957988868,0.6906095042011132
69169,Left,0.7226211178615948,0.2773788821384052
13711,Left,0.9438572320617007,0.056142767938299344
34945,Stayed,0.08505830861298447,0.9149416913870155
11381,Stayed,0.43335306401649065,0.5666469359835093
32320,Stayed,0.45166699546445765,0.5483330045355423
52214,Left,0.7715584994787266,0.22844150052127343
20538,Stayed,0.13822888767374586,0.8617711123262541
48627,Stayed,0.34487322289024913,0.6551267771097509
36167,Left,0.7271687153409097,0.2728312846590903
14562,Stayed,0.22749852748477262,0.7725014725152274
644,Stayed,0.41558805042062785,0.5844119495793721
6374,Left,0.849699021195868,0.15030097880413196
29133,Left,0.7576118454431788,0.24238815455682117
5334,Stayed,0.3352834751697572,0.6647165248302428
7282,Left,0.9493753897995137,0.05062461020048625
59535,Stayed,0.2790499231261261,0.7209500768738739
26894,Stayed,0.14384613921198797,0.856153860788012
12504,Left,0.7766845735246256,0.22331542647537442
12544,Left,0.7351936705689831,0.2648063294310169
13343,Stayed,0.43716642464110134,0.5628335753588987
53978,Left,0.9185492198580519,0.08145078014194806
51577,Stayed,0.08935602456727887,0.9106439754327211
27505,Left,0.7584001579294117,0.24159984207058827
48819,Left,0.8246343647174351,0.1753656352825649
68743,Stayed,0.419772536204033,0.580227463795967
58869,Stayed,0.283527493216158,0.716472506783842
59685,Stayed,0.3272370672547854,0.6727629327452146
7726,Stayed,0.3041930714396305,0.6958069285603695
41175,Left,0.6131464901496894,0.38685350985031064
72273,Stayed,0.06088165353304309,0.9391183464669569
42353,Stayed,0.04477894712169239,0.9552210528783076
43213,Stayed,0.11267432097551511,0.8873256790244849
33620,Stayed,0.05197255216740215,0.9480274478325978
12404,Left,0.6736523903711862,0.3263476096288138
54471,Left,0.7232075480481568,0.27679245195184327
51270,Stayed,0.05273952672338744,0.9472604732766126
69763,Left,0.6250123255743587,0.37498767442564124
63029,Stayed,0.4789944537729901,0.5210055462270099
24944,Stayed,0.355668909262544,0.644331090737456
56172,Stayed,0.42489863948731255,0.5751013605126875
41672,Left,0.6119974398190182,0.3880025601809817
23676,Left,0.5508420166203335,0.4491579833796665
54250,Stayed,0.25188175341321883,0.7481182465867812
21563,Stayed,0.41944380453862184,0.5805561954613782
58083,Left,0.7490606381974907,0.25093936180250925
57053,Left,0.5539903572405422,0.4460096427594577
38880,Left,0.8752961356986887,0.12470386430131135
57626,Stayed,0.3987589402328888,0.6012410597671112
51966,Stayed,0.14812259578005516,0.8518774042199448
62528,Left,0.6219745766425815,0.37802542335741846
69249,Left,0.9199335725859894,0.08006642741401056
5548,Stayed,0.15670863647101285,0.8432913635289871
58253,Left,0.5168366578808468,0.4831633421191533
44314,Left,0.6645710979887298,0.3354289020112702
44924,Stayed,0.36444255837200723,0.6355574416279928
42422,Left,0.9721958542273677,0.02780414577263236
71988,Left,0.7783249336540008,0.22167506634599915
44072,Stayed,0.2744266890156323,0.7255733109843677
61738,Left,0.5593412686442992,0.4406587313557008
30587,Stayed,0.10821359674652054,0.8917864032534795
29307,Stayed,0.05353829681899758,0.9464617031810024
2437,Left,0.9070699601951643,0.09293003980483569
9721,Stayed,0.2684469796547122,0.7315530203452878
7101,Stayed,0.4766834331415385,0.5233165668584615
11793,Stayed,0.14357574438438148,0.8564242556156185
71606,Stayed,0.35573672080034313,0.6442632791996569
41213,Stayed,0.4271119065323532,0.5728880934676468
59603,Stayed,0.04583911606521185,0.9541608839347882
21520,Stayed,0.08307940281616255,0.9169205971838374
10036,Left,0.7610756038380486,0.23892439616195138
9084,Left,0.6317200253208763,0.3682799746791236
36988,Left,0.5697186969336436,0.43028130306635637
7023,Left,0.6739143558658061,0.32608564413419394
22036,Stayed,0.4581326970620586,0.5418673029379414
66507,Stayed,0.2807537398045743,0.7192462601954257
66153,Left,0.583930555430203,0.41606944456979694
72581,Left,0.5649672107150474,0.4350327892849526
48936,Stayed,0.44627822079496826,0.5537217792050317
58849,Stayed,0.17290828824664672,0.8270917117533533
15863,Left,0.8482639574431815,0.1517360425568185
18353,Left,0.6792318795238308,0.3207681204761692
64560,Left,0.9687366803411397,0.03126331965886031
774,Left,0.809791239421265,0.190208760578735
69770,Left,0.7925652189493737,0.20743478105062635
18049,Left,0.6721715040360097,0.32782849596399033
46392,Stayed,0.37957692449016234,0.6204230755098377
30800,Stayed,0.029099999469606397,0.9709000005303936
31139,Left,0.7469579528043401,0.2530420471956599
34401,Left,0.8449768780482712,0.1550231219517289
35797,Stayed,0.3316349868834402,0.6683650131165598
27048,Left,0.6507026837492137,0.3492973162507863
21710,Left,0.7482900057933544,0.25170999420664564
49088,Stayed,0.06623666616369328,0.9337633338363067
33037,Stayed,0.4053757550023106,0.5946242449976894
71625,Stayed,0.16514224361689256,0.8348577563831074
47329,Left,0.5843450627255097,0.4156549372744903
23456,Left,0.5033761248922749,0.4966238751077251
15744,Left,0.6440919767916133,0.35590802320838666
36091,Left,0.9469774385965621,0.05302256140343783
1373,Stayed,0.20601443106635553,0.7939855689336445
67416,Stayed,0.1291421708047792,0.8708578291952208
53268,Stayed,0.2978992502162555,0.7021007497837445
20565,Stayed,0.19483142455369618,0.8051685754463038
2680,Left,0.63949200757074,0.36050799242926
51555,Left,0.5626083201922869,0.4373916798077131
25572,Left,0.9169642164431849,0.08303578355681505
40262,Left,0.7650997271910214,0.23490027280897868
59647,Left,0.879619435050269,0.12038056494973107
17125,Left,0.7243693752327769,0.27563062476722305
21205,Left,0.6435449690575503,0.3564550309424496
44510,Stayed,0.024172432273496414,0.9758275677265036
25172,Stayed,0.4971304165425483,0.5028695834574517
46406,Stayed,0.02643752942162758,0.9735624705783724
42541,Left,0.5500239685442956,0.4499760314557045
36782,Left,0.5426246017398013,0.45737539826019863
10381,Stayed,0.49008721677157907,0.5099127832284209
9207,Left,0.5225568209978004,0.4774431790021996
30380,Left,0.8457660186749023,0.15423398132509764
30199,Stayed,0.17962721800258175,0.8203727819974183
56811,Left,0.7445620136794844,0.2554379863205156
15275,Stayed,0.4337090184089363,0.5662909815910637
39469,Left,0.5067106544809076,0.4932893455190924
33198,Left,0.8719063669143641,0.1280936330856359
37818,Stayed,0.07199350470632748,0.9280064952936725
59420,Stayed,0.15115069503034884,0.8488493049696512
12266,Left,0.8547892768634641,0.14521072313653594
68556,Left,0.5271861770036206,0.4728138229963794
42260,Left,0.8890697338103255,0.11093026618967453
15898,Stayed,0.2606443885771452,0.7393556114228548
3057,Left,0.5057419761911377,0.49425802380886225
525,Stayed,0.2487441780729841,0.7512558219270159
68702,Left,0.8431023466733691,0.15689765332663091
12848,Stayed,0.4187320161119443,0.5812679838880557
30534,Left,0.6979741546358635,0.3020258453641365
2351,Left,0.8286271031807659,0.17137289681923404
9094,Left,0.802064633864985,0.1979353661350149
47757,Stayed,0.15420422124868338,0.8457957787513166
70546,Stayed,0.4920328900124661,0.5079671099875339
66632,Stayed,0.32381962720252844,0.6761803727974716
71746,Left,0.6000747126605511,0.3999252873394489
66089,Left,0.6760244799538311,0.3239755200461689
5822,Left,0.587863021857823,0.412136978142177
18604,Stayed,0.25372761199225946,0.7462723880077405
17325,Left,0.7115500724618604,0.28844992753813964
53370,Left,0.9747866970694746,0.025213302930525393
55484,Stayed,0.4396946688172625,0.5603053311827375
24711,Stayed,0.47857663590823063,0.5214233640917694
11098,Left,0.936160392078533,0.06383960792146703
65762,Left,0.5299740170083962,0.47002598299160375
71877,Left,0.5757523976975578,0.42424760230244224
29267,Left,0.9340488063659391,0.0659511936340609
45086,Left,0.8165104089631927,0.18348959103680731
49805,Stayed,0.22917239245564958,0.7708276075443504
32058,Stayed,0.08691700852572604,0.913082991474274
37152,Left,0.7596824531508779,0.24031754684912204
8045,Stayed,0.46010916782903466,0.5398908321709653
29100,Left,0.8385633963815475,0.16143660361845244
69521,Stayed,0.431969174030882,0.568030825969118
71068,Stayed,0.48107454301855923,0.5189254569814408
4746,Stayed,0.4386273133949622,0.5613726866050378
21502,Stayed,0.48781982737003005,0.51218017262997
7193,Left,0.98596036877304,0.014039631226959897
54383,Left,0.7425246106500712,0.25747538934992875
28740,Stayed,0.2963073868030801,0.7036926131969199
61795,Left,0.890987973753089,0.109012026246911
72977,Stayed,0.38516998194604346,0.6148300180539565
29323,Left,0.8131198556918509,0.1868801443081491
45177,Stayed,0.1551611279914893,0.8448388720085107
33912,Left,0.7693827806506612,0.23061721934933882
54118,Stayed,0.10747346807671587,0.8925265319232841
68076,Stayed,0.22971909388236034,0.7702809061176397
43583,Left,0.7186930481920925,0.28130695180790755
66661,Left,0.7856903985177291,0.21430960148227082
3804,Stayed,0.06289227125779817,0.9371077287422018
10959,Left,0.804917906795088,0.19508209320491193
67885,Left,0.5673978024038402,0.43260219759615975
59305,Left,0.6484538426553288,0.35154615734467126
19171,Left,0.8394560389526228,0.1605439610473772
71307,Stayed,0.15233896066481467,0.8476610393351853
57335,Stayed,0.4717686897480199,0.5282313102519801
18946,Left,0.6612477865351918,0.33875221346480827
69056,Stayed,0.18429207296513617,0.8157079270348638
68588,Stayed,0.42369767086342147,0.5763023291365785
36634,Stayed,0.13799634518164894,0.8620036548183511
62395,Stayed,0.3452076837899609,0.6547923162100391
15007,Stayed,0.31646150607416057,0.6835384939258394
68826,Left,0.874249734879834,0.12575026512016593
53001,Left,0.8777981456741935,0.12220185432580655
46636,Stayed,0.4678418440487371,0.5321581559512629
54702,Stayed,0.025271904920180277,0.9747280950798197
23275,Stayed,0.33922825905405096,0.660771740945949
57204,Stayed,0.23127350260027701,0.768726497399723
53099,Left,0.7632288962132101,0.23677110378678992
57000,Left,0.8121442792478186,0.18785572075218132
44276,Left,0.7424811648063001,0.2575188351936999
36032,Stayed,0.05162693970939514,0.9483730602906049
41953,Stayed,0.348615941738851,0.651384058261149
56143,Left,0.5038933628194409,0.4961066371805591
5263,Stayed,0.3690163902626248,0.6309836097373752
36987,Stayed,0.18420148795114244,0.8157985120488576
66934,Stayed,0.13272402772908287,0.8672759722709171
59591,Stayed,0.43315065013620146,0.5668493498637985
31917,Left,0.6268606179917464,0.3731393820082536
64425,Left,0.6656988070343182,0.3343011929656819
55095,Left,0.5603751614522319,0.4396248385477682
2450,Left,0.8014698897363525,0.19853011026364756
65564,Left,0.5301067011916873,0.4698932988083127
70074,Stayed,0.15451181509191936,0.8454881849080806
33073,Stayed,0.3703439458425416,0.6296560541574584
13771,Left,0.5083992506721109,0.4916007493278891
15682,Stayed,0.4093304758392303,0.5906695241607697
21500,Left,0.8659341505544953,0.13406584944550468
31279,Left,0.8332188114942134,0.16678118850578666
43829,Stayed,0.18414855404253416,0.8158514459574658
2728,Left,0.9667615465270972,0.03323845347290273
17464,Left,0.6388202122949791,0.3611797877050209
45094,Stayed,0.19322058410727105,0.806779415892729
72490,Left,0.643819083466278,0.356180916533722
71467,Left,0.63778034729285,0.36221965270714995
47031,Left,0.8470284657624007,0.15297153423759932
8526,Left,0.8339019232286817,0.16609807677131824
33639,Left,0.5526582833777473,0.44734171662225275
9421,Stayed,0.12251582098586411,0.8774841790141359
13248,Left,0.8391764462776083,0.16082355372239163
56599,Stayed,0.29710995616572033,0.7028900438342797
55510,Stayed,0.35536860134519543,0.6446313986548046
61364,Stayed,0.22775901251081998,0.77224098748918
54058,Stayed,0.43869619302360174,0.5613038069763983
63257,Left,0.6535023169132784,0.3464976830867216
44178,Stayed,0.384451249069809,0.615548750930191
57122,Stayed,0.2479420517362967,0.7520579482637033
72476,Left,0.7251370923615096,0.2748629076384904
20590,Stayed,0.4739875927087619,0.5260124072912381
39546,Stayed,0.1730527592717762,0.8269472407282238
7428,Left,0.9248771023605675,0.07512289763943251
25765,Stayed,0.22128044519055312,0.7787195548094469
12321,Left,0.8312908803729648,0.1687091196270352
31571,Stayed,0.12960354903043048,0.8703964509695695
45423,Stayed,0.10833936774749564,0.8916606322525044
7717,Left,0.6775368230962142,0.32246317690378584
71072,Stayed,0.3388918708775791,0.6611081291224209
17889,Left,0.8691603082001808,0.13083969179981925
61793,Stayed,0.3899545513413386,0.6100454486586614
44339,Left,0.6382275835348699,0.3617724164651302
37340,Stayed,0.2656416381798502,0.7343583618201498
56351,Left,0.7263701021108881,0.2736298978891119
30981,Stayed,0.08505224155643343,0.9149477584435666
43609,Stayed,0.2873266475229064,0.7126733524770936
13438,Left,0.5204137834652711,0.4795862165347289
40443,Left,0.8316998658262876,0.1683001341737124
51877,Left,0.9156532104812973,0.08434678951870273
51078,Left,0.9734233587475265,0.026576641252473488
55276,Left,0.9695020983268977,0.03049790167310229
36150,Stayed,0.09566055601215429,0.9043394439878457
69219,Stayed,0.16951116544331402,0.830488834556686
37719,Stayed,0.31984712345548116,0.6801528765445188
54451,Left,0.9527993778627465,0.04720062213725349
34068,Left,0.9589580673076916,0.041041932692308374
44077,Stayed,0.11899187306881598,0.881008126931184
37363,Stayed,0.06942310938377882,0.9305768906162212
67636,Left,0.8918820773937474,0.1081179226062526
40115,Stayed,0.48855476297625444,0.5114452370237456
51397,Left,0.6177582032734263,0.3822417967265737
33957,Left,0.9308999385527678,0.0691000614472322
66495,Stayed,0.15584438120545263,0.8441556187945474
26024,Left,0.7556891899972754,0.24431081000272462
68822,Left,0.8822028023781826,0.11779719762181737
67865,Left,0.8331845126760115,0.16681548732398857
36801,Left,0.9027792320111598,0.09722076798884012
14474,Stayed,0.0936669183014942,0.9063330816985058
71058,Stayed,0.2441810799373092,0.7558189200626908
24466,Left,0.6320193031633565,0.3679806968366435
7481,Stayed,0.22385897714495573,0.7761410228550443
64829,Left,0.5672101538770169,0.43278984612298305
44223,Stayed,0.2935032778879789,0.7064967221120211
48486,Left,0.714445045907278,0.285554954092722
32492,Left,0.5019986887648753,0.49800131123512464
48629,Stayed,0.434561556067553,0.565438443932447
63367,Stayed,0.06056030855383132,0.9394396914461687
45993,Stayed,0.03135091792985345,0.9686490820701465
48099,Left,0.625135698730916,0.37486430126908393
14205,Stayed,0.3862457281775654,0.6137542718224346
32368,Left,0.8003642987278068,0.19963570127219316
61239,Stayed,0.26571743315820817,0.7342825668417918
70132,Left,0.9342904801083116,0.06570951989168833
61427,Left,0.8055505573815578,0.1944494426184422
43252,Left,0.6312274217356368,0.3687725782643632
34523,Stayed,0.3260060646177726,0.6739939353822274
33393,Left,0.9637739762924106,0.03622602370758939
33005,Stayed,0.15719612346436773,0.8428038765356323
35788,Left,0.8182672214817353,0.18173277851826475
25195,Stayed,0.17813515431451743,0.8218648456854826
63011,Left,0.7539321339818316,0.24606786601816844
11100,Left,0.8300744214824904,0.16992557851750956
1286,Stayed,0.23433773524505241,0.7656622647549476
18964,Stayed,0.41237990741474606,0.5876200925852539
4592,Stayed,0.1012882023357109,0.8987117976642891
9156,Left,0.9850487776668359,0.014951222333164146
23971,Stayed,0.4194193530722127,0.5805806469277873
72430,Stayed,0.2957086589907245,0.7042913410092755
66682,Stayed,0.023110846065836577,0.9768891539341634
43568,Stayed,0.12530304541233916,0.8746969545876608
45432,Left,0.6536074510750359,0.34639254892496407
70001,Stayed,0.12058332014753237,0.8794166798524676
49817,Stayed,0.3941489249121348,0.6058510750878652
72727,Left,0.7482856105785929,0.25171438942140706
50971,Stayed,0.4226753684880262,0.5773246315119738
69494,Left,0.5162717949511243,0.4837282050488757
27593,Left,0.5291657726926511,0.470834227307349
51620,Left,0.7423024180150017,0.2576975819849982
52616,Left,0.7930316927567282,0.2069683072432718
4802,Stayed,0.20825519923258884,0.7917448007674112
51219,Stayed,0.127093762510733,0.872906237489267
66703,Stayed,0.35426537366567246,0.6457346263343275
3182,Left,0.8544282879745453,0.14557171202545477
62082,Left,0.9219035566023278,0.07809644339767217
6559,Stayed,0.4519546099324576,0.5480453900675424
9770,Left,0.6516890351570914,0.34831096484290863
8466,Stayed,0.02228894006957738,0.9777110599304226
29559,Stayed,0.2931461062990225,0.7068538937009775
12001,Left,0.5218181408173861,0.4781818591826139
37177,Stayed,0.08217884545405008,0.9178211545459499
31745,Stayed,0.48863745976638984,0.5113625402336102
45152,Stayed,0.3091204356459637,0.6908795643540363
62550,Left,0.8116143947573189,0.18838560524268105
19851,Left,0.6694470792064234,0.33055292079357657
66014,Stayed,0.0996562084063477,0.9003437915936523
3803,Stayed,0.02970651070300534,0.9702934892969947
6943,Stayed,0.06924971175121986,0.9307502882487801
38152,Stayed,0.3138857981673622,0.6861142018326378
5360,Stayed,0.31228281084188636,0.6877171891581136
46605,Stayed,0.1829787805460532,0.8170212194539468
22537,Stayed,0.2922468668852932,0.7077531331147068
33769,Stayed,0.2520044066587044,0.7479955933412956
1519,Stayed,0.3501505370244241,0.6498494629755759
21127,Stayed,0.2381766250351316,0.7618233749648684
60806,Stayed,0.01965609502632204,0.980343904973678
31165,Stayed,0.1687872378445382,0.8312127621554618
59607,Stayed,0.41465694683157983,0.5853430531684202
61440,Left,0.8572352002880428,0.14276479971195727
67275,Left,0.6225649904048286,0.3774350095951714
59575,Left,0.9560114572255215,0.04398854277447847
52040,Stayed,0.48711709429040106,0.5128829057095989
44663,Left,0.9790200210143621,0.02097997898563788
62729,Left,0.9794410273081857,0.020558972691814288
55112,Stayed,0.3438151615966115,0.6561848384033885
10956,Stayed,0.3026049568925202,0.6973950431074798
26345,Left,0.9001161679436146,0.09988383205638536
32657,Stayed,0.33812613332549657,0.6618738666745034
30518,Left,0.7511749047345879,0.24882509526541213
10573,Stayed,0.10823833082491818,0.8917616691750818
67027,Stayed,0.48815154840637076,0.5118484515936292
70046,Stayed,0.051630529594174024,0.948369470405826
62900,Stayed,0.06964890136844093,0.9303510986315591
34450,Left,0.905605789619563,0.09439421038043705
71910,Stayed,0.31838886599235705,0.681611134007643
36907,Left,0.5841459957277177,0.41585400427228225
74182,Left,0.9511668283687215,0.048833171631278524
48041,Stayed,0.18792878793156942,0.8120712120684306
67753,Stayed,0.03326452506921462,0.9667354749307854
53208,Left,0.6278319029218749,0.3721680970781252
71442,Stayed,0.477472777873598,0.522527222126402
64808,Left,0.6143519832689314,0.38564801673106863
61609,Stayed,0.4388333086829649,0.5611666913170351
67900,Left,0.932894455378397,0.067105544621603
68127,Stayed,0.4634412585101316,0.5365587414898684
37441,Left,0.6960386331803182,0.3039613668196818
70186,Left,0.8782537180766323,0.12174628192336766
16253,Left,0.7824905803741145,0.21750941962588552
30504,Stayed,0.4181889594069126,0.5818110405930874
38173,Stayed,0.45685644570834305,0.543143554291657
16195,Left,0.9121761004208979,0.08782389957910208
28357,Left,0.7503383148492815,0.24966168515071854
49156,Stayed,0.15786851913395095,0.842131480866049
67616,Stayed,0.32162584220079005,0.67837415779921
53225,Stayed,0.38336397630133767,0.6166360236986623
21490,Stayed,0.054244786078264995,0.945755213921735
68571,Stayed,0.35359010866997154,0.6464098913300285
43160,Stayed,0.03425394608189325,0.9657460539181068
12213,Left,0.7303097911432116,0.2696902088567884
60766,Left,0.8661969699109391,0.1338030300890609
41088,Left,0.8190189240151324,0.18098107598486757
28113,Stayed,0.12666011048928982,0.8733398895107102
13346,Stayed,0.09022268410581868,0.9097773158941813
6285,Left,0.8742550459729042,0.1257449540270959
35835,Stayed,0.0413711691056291,0.9586288308943709
39692,Left,0.959358524951165,0.04064147504883498
477,Left,0.5403645176561258,0.45963548234387414
52882,Left,0.6035044136828974,0.3964955863171026
57353,Left,0.7740741212713877,0.22592587872861225
5074,Stayed,0.2606247030417974,0.7393752969582026
5642,Stayed,0.177154382398508,0.822845617601492
73484,Stayed,0.4096375315769851,0.5903624684230149
48552,Left,0.6461930802912947,0.3538069197087053
6404,Stayed,0.06633671517787498,0.933663284822125
51676,Left,0.619792332422268,0.3802076675777319
43529,Left,0.7712977767775484,0.22870222322245154
1425,Stayed,0.33935176975779535,0.6606482302422046
18095,Stayed,0.2111502362534028,0.7888497637465972
24413,Left,0.6980709880099849,0.3019290119900151
39061,Stayed,0.015203709529566845,0.9847962904704332
20587,Left,0.5007885149264413,0.49921148507355867
38988,Left,0.5617172734319953,0.43828272656800465
65535,Stayed,0.07428541474772643,0.9257145852522736
36097,Stayed,0.2035001238241344,0.7964998761758656
3048,Left,0.559997800322029,0.440002199677971
12678,Left,0.5671411779973051,0.4328588220026949
2557,Stayed,0.2637505171370963,0.7362494828629037
36299,Left,0.5401019328759791,0.459898067124021
49318,Left,0.7173996218699363,0.28260037813006367
6265,Stayed,0.45100624461572547,0.5489937553842745
28809,Stayed,0.3681305366257198,0.6318694633742802
20092,Stayed,0.22814706658623263,0.7718529334137674
38966,Stayed,0.4104219584418577,0.5895780415581423
58173,Left,0.7385655206542925,0.26143447934570746
44162,Left,0.8087445885391774,0.19125541146082256
12604,Left,0.5188275746200806,0.48117242537991944
5174,Left,0.9448194500602133,0.05518054993978672
28939,Stayed,0.15622520751363278,0.8437747924863672
38084,Left,0.7031070994767956,0.29689290052320433
41405,Left,0.7453871201177064,0.25461287988229364
39232,Stayed,0.1722939426982778,0.8277060573017222
67413,Left,0.864605328510744,0.135394671489256
69294,Left,0.5416971062369808,0.45830289376301925
45890,Stayed,0.36089696581852493,0.6391030341814751
40250,Left,0.6701841831228277,0.3298158168771723
51042,Stayed,0.36086674631854876,0.6391332536814512
7325,Left,0.5015307209867356,0.49846927901326443
10094,Left,0.9413053752532738,0.058694624746726175
8967,Stayed,0.41681059107214546,0.5831894089278545
26125,Stayed,0.1165829637286282,0.8834170362713718
25404,Stayed,0.44858750613368403,0.551412493866316
17498,Stayed,0.07554925149555491,0.9244507485044451
34108,Stayed,0.2810665385255515,0.7189334614744485
25894,Left,0.9622476803345024,0.037752319665497656
47650,Left,0.802277824929502,0.19772217507049808
59494,Stayed,0.1454584794903464,0.8545415205096536
37502,Left,0.6723848678319309,0.32761513216806915
47626,Stayed,0.1543061274677735,0.8456938725322265
33416,Left,0.5715580846552732,0.4284419153447267
23790,Stayed,0.41457346384882976,0.5854265361511702
39401,Stayed,0.3281198621749878,0.6718801378250122
50077,Stayed,0.33214646387886326,0.6678535361211367
48257,Stayed,0.2990719600689461,0.7009280399310539
30627,Left,0.6029002832804164,0.3970997167195835
53274,Stayed,0.477714194136572,0.522285805863428
8778,Stayed,0.23320350915854404,0.766796490841456
38314,Stayed,0.22436117050045534,0.7756388294995447
65696,Left,0.6829439941042444,0.31705600589575555
30018,Stayed,0.4505203352765731,0.5494796647234269
49485,Stayed,0.013600288867947952,0.986399711132052
45235,Stayed,0.36964949670489056,0.6303505032951094
28443,Stayed,0.2908506250792813,0.7091493749207187
26487,Stayed,0.37079271166471306,0.6292072883352869
68864,Stayed,0.13305183405500687,0.8669481659449931
40222,Stayed,0.3823708121054925,0.6176291878945075
40514,Stayed,0.12008885140034642,0.8799111485996536
44907,Stayed,0.13362049126511055,0.8663795087348894
20128,Stayed,0.3422943192583642,0.6577056807416358
1642,Stayed,0.15188057086846685,0.8481194291315332
68909,Stayed,0.010312827246266698,0.9896871727537333
68221,Stayed,0.030217452290511093,0.9697825477094889
40172,Stayed,0.24854924312081317,0.7514507568791868
24567,Stayed,0.11360441475768768,0.8863955852423123
35885,Left,0.8638503242425432,0.13614967575745685
35822,Stayed,0.13186052936430048,0.8681394706356995
51505,Left,0.8457627785960569,0.1542372214039431
31215,Left,0.7443032814737514,0.2556967185262487
54485,Stayed,0.2610696344621327,0.7389303655378673
73434,Left,0.5955506261483903,0.4044493738516098
57020,Left,0.5968105381655702,0.4031894618344299
43667,Stayed,0.24543531681457043,0.7545646831854296
20039,Left,0.5409001974864469,0.4590998025135531
757,Left,0.7340688703072877,0.2659311296927123
71553,Left,0.7544784767323878,0.2455215232676122
53387,Stayed,0.07256165088386246,0.9274383491161375
48086,Stayed,0.23977151423500442,0.7602284857649956
40519,Left,0.6528172202269311,0.34718277977306883
39937,Left,0.5689068032872757,0.4310931967127243
9406,Stayed,0.4699865026240092,0.5300134973759908
36050,Left,0.7115709951215423,0.28842900487845774
53049,Stayed,0.13169982873269892,0.8683001712673011
43560,Left,0.7159176377035772,0.28408236229642275
63365,Stayed,0.41232417454726544,0.5876758254527346
53996,Left,0.5069776795186363,0.49302232048136374
32905,Stayed,0.16440878348273702,0.835591216517263
43814,Stayed,0.2752956875661069,0.7247043124338931
54057,Stayed,0.40942823056366384,0.5905717694363362
42252,Left,0.7774508621211498,0.22254913787885022
48647,Stayed,0.41833521320576883,0.5816647867942312
16752,Stayed,0.09353810285051656,0.9064618971494834
45479,Left,0.8395961397510703,0.16040386024892977
8558,Left,0.9452190538660037,0.05478094613399635
45555,Left,0.9408108590893742,0.05918914091062574
52719,Stayed,0.2754696715000092,0.7245303284999908
26829,Left,0.5311163497399636,0.4688836502600364
4362,Left,0.9599945520007933,0.040005447999206696
68309,Stayed,0.3211400342513039,0.6788599657486961
29644,Left,0.9743983275480405,0.02560167245195957
41595,Stayed,0.0836317022282369,0.9163682977717631
29523,Stayed,0.36903204208432727,0.6309679579156727
64523,Left,0.9490504017115016,0.05094959828849843
33463,Stayed,0.06285689202997624,0.9371431079700238
3133,Left,0.6835780518839099,0.3164219481160901
66950,Stayed,0.15273508016385584,0.8472649198361442
17279,Left,0.5191299932521943,0.48087000674780567
25345,Left,0.6313588226271389,0.36864117737286106
59416,Stayed,0.06143415664553331,0.9385658433544667
32483,Stayed,0.2644439718953191,0.7355560281046809
8399,Left,0.5085145563300972,0.4914854436699027
46508,Stayed,0.35093272915475415,0.6490672708452458
23869,Stayed,0.2726788086280456,0.7273211913719544
47857,Left,0.6063106736608963,0.39368932633910364
30141,Left,0.6935414187891914,0.3064585812108086
23797,Stayed,0.22329492256543892,0.7767050774345611
66019,Left,0.7405378455020758,0.2594621544979242
63470,Left,0.528204691103865,0.47179530889613497
41842,Left,0.704407407541889,0.295592592458111
47195,Left,0.8429607330760263,0.1570392669239737
35346,Left,0.5360002025619875,0.46399979743801245
27137,Stayed,0.1335652019374154,0.8664347980625846
47381,Left,0.6977067186219594,0.3022932813780405
64869,Left,0.8304548538731698,0.1695451461268303
7992,Left,0.7929486734393165,0.20705132656068342
46347,Stayed,0.2522072887260959,0.7477927112739041
41267,Stayed,0.3911825136778029,0.6088174863221971
9024,Left,0.8992348118088092,0.10076518819119079
45056,Left,0.7439351643765788,0.25606483562342125
27309,Stayed,0.34612492485688295,0.653875075143117
17584,Left,0.9552323788124968,0.044767621187503236
57470,Stayed,0.050864183719239286,0.9491358162807607
14244,Left,0.5690051292250333,0.4309948707749667
8356,Stayed,0.24142266676003277,0.7585773332399672
22513,Stayed,0.23084386533185175,0.7691561346681483
33516,Left,0.5684182646030728,0.43158173539692724
42389,Stayed,0.2898140466604747,0.7101859533395253
3212,Left,0.9259130034533114,0.07408699654668865
59531,Left,0.9478227339635259,0.052177266036474074
23414,Left,0.8634552552445125,0.13654474475548747
16829,Left,0.8099417086925486,0.19005829130745142
15001,Left,0.6956174736713826,0.3043825263286174
2993,Stayed,0.09190068165507737,0.9080993183449226
60860,Stayed,0.051366842194951134,0.9486331578050489
73382,Left,0.7658548391661015,0.23414516083389847
28815,Left,0.6960226250733419,0.30397737492665805
63453,Stayed,0.287523763397852,0.712476236602148
46056,Left,0.5267814253244963,0.47321857467550366
47945,Left,0.8191125466687472,0.18088745333125275
64509,Left,0.5214239459661554,0.47857605403384457
70902,Stayed,0.020688373730906817,0.9793116262690932
1414,Stayed,0.4910428264101395,0.5089571735898605
37767,Stayed,0.08142521552129578,0.9185747844787042
6176,Stayed,0.2116472822036275,0.7883527177963725
8064,Left,0.8871826660497779,0.11281733395022209
13109,Left,0.7296082388315774,0.2703917611684226
34098,Left,0.738535505642554,0.26146449435744595
40852,Left,0.7072793437553351,0.29272065624466487
67210,Stayed,0.14308458366414933,0.8569154163358507
54237,Left,0.6393442911525433,0.3606557088474566
22887,Left,0.9120045010969311,0.08799549890306889
71100,Stayed,0.20790684825690486,0.7920931517430951
4664,Left,0.6385826602719178,0.3614173397280822
61914,Stayed,0.07533628935997605,0.924663710640024
44270,Stayed,0.07637887189486048,0.9236211281051395
29187,Stayed,0.07993440837168875,0.9200655916283113
47380,Stayed,0.29224978736715734,0.7077502126328427
68925,Left,0.6500211675556249,0.3499788324443751
54876,Stayed,0.06254629732972217,0.9374537026702778
73604,Stayed,0.34801174776092003,0.65198825223908
74055,Stayed,0.3393811162432544,0.6606188837567456
29160,Stayed,0.017139108394793934,0.9828608916052061
27513,Stayed,0.16679429607944984,0.8332057039205502
12268,Left,0.8226619570458711,0.17733804295412894
52753,Stayed,0.04407606414316201,0.955923935856838
447,Left,0.5682392577397741,0.4317607422602259
48897,Stayed,0.068335912149034,0.931664087850966
18417,Stayed,0.26838530387837223,0.7316146961216278
24877,Stayed,0.2779551904280019,0.7220448095719981
5955,Left,0.8374271689007919,0.16257283109920806
12669,Stayed,0.040984542599666995,0.959015457400333
57937,Stayed,0.10104471080023747,0.8989552891997625
38632,Left,0.7363177977854105,0.2636822022145895
65559,Left,0.5826604588884379,0.4173395411115622
34509,Left,0.5026665523388367,0.49733344766116333
70603,Stayed,0.08520108182026098,0.914798918179739
27768,Stayed,0.06023395210781357,0.9397660478921864
11494,Left,0.7670301050208546,0.2329698949791454
13907,Stayed,0.10262459689783676,0.8973754031021632
6037,Left,0.9155466808781949,0.0844533191218051
45980,Stayed,0.2422367784638756,0.7577632215361244
64945,Stayed,0.3614533461284335,0.6385466538715665
33374,Left,0.5198247771671527,0.48017522283284736
42039,Stayed,0.45642673611113493,0.5435732638888651
57085,Left,0.8907913049080267,0.10920869509197328
66187,Left,0.500090541789662,0.499909458210338
23047,Stayed,0.2020011782718636,0.7979988217281364
31624,Left,0.5784412562116445,0.4215587437883554
702,Left,0.7127530746207668,0.28724692537923324
7723,Left,0.6758167627258653,0.3241832372741347
54886,Stayed,0.403584563730519,0.596415436269481
35435,Stayed,0.3443437079911853,0.6556562920088147
64301,Left,0.7482308454464146,0.25176915455358534
29365,Stayed,0.2050820824675852,0.7949179175324148
25322,Stayed,0.23253224662650773,0.7674677533734923
50966,Stayed,0.07549680004628123,0.9245031999537188
35787,Stayed,0.08789367350183064,0.9121063264981694
44978,Stayed,0.1668100765645576,0.8331899234354424
61214,Stayed,0.013696923191023225,0.9863030768089768
64574,Stayed,0.1834714532078615,0.8165285467921385
48397,Stayed,0.09710446636998915,0.9028955336300108
9986,Stayed,0.18333979652367383,0.8166602034763262
59809,Left,0.8530873015651165,0.1469126984348835
15723,Left,0.6706456051988576,0.3293543948011424
37994,Left,0.7717266023384015,0.22827339766159846
69849,Stayed,0.3048165753654425,0.6951834246345575
56658,Left,0.9268103398570285,0.07318966014297147
21145,Left,0.7948380176427399,0.2051619823572601
20637,Left,0.8293262366104462,0.17067376338955373
57272,Left,0.8856698419246126,0.11433015807538735
32790,Left,0.7823798243904887,0.21762017560951125
39511,Left,0.553999540252756,0.44600045974724406
55437,Stayed,0.3802605694246711,0.6197394305753289
48053,Stayed,0.03577920998281636,0.9642207900171836
7679,Stayed,0.49279229725679474,0.5072077027432053
42200,Stayed,0.0880742212460347,0.9119257787539653
38591,Left,0.9536820308941338,0.04631796910586618
12679,Left,0.8677624606604774,0.13223753933952265
32541,Stayed,0.42985840902626204,0.570141590973738
63721,Stayed,0.3751836999381928,0.6248163000618072
9294,Stayed,0.029797486397539097,0.9702025136024609
7159,Left,0.5557067035151623,0.44429329648483773
45822,Stayed,0.34443470199523585,0.6555652980047642
14050,Left,0.7181269522641942,0.2818730477358058
36609,Stayed,0.0957703097649697,0.9042296902350303
56029,Left,0.6791718163981748,0.32082818360182513
58719,Left,0.521770835813506,0.47822916418649397
61356,Stayed,0.4523073920452152,0.5476926079547848
7816,Left,0.9043279290998831,0.09567207090011683
37170,Stayed,0.3127018311758293,0.6872981688241707
36593,Left,0.5950566504597143,0.40494334954028566
13798,Stayed,0.03516957620262939,0.9648304237973706
66876,Stayed,0.29732526742187315,0.7026747325781268
6652,Left,0.8422581842284371,0.15774181577156285
23138,Left,0.8555055321368834,0.14449446786311654
30425,Left,0.7096001808177181,0.2903998191822818
28597,Left,0.9414513572507686,0.05854864274923147
60835,Stayed,0.0937026402701695,0.9062973597298305
22551,Left,0.7486613907244597,0.25133860927554036
41692,Left,0.9307800890501519,0.06921991094984811
67406,Stayed,0.11809028398635879,0.8819097160136412
2274,Stayed,0.12551906710019478,0.8744809328998052
60301,Left,0.7959782649462293,0.2040217350537707
38821,Left,0.8075240051706467,0.19247599482935335
55090,Stayed,0.09665355601021919,0.9033464439897808
53273,Stayed,0.07098423182994695,0.929015768170053
47416,Left,0.9364822361534023,0.06351776384659769
52818,Stayed,0.11199189743341864,0.8880081025665814
50281,Stayed,0.38142517704138656,0.6185748229586134
61267,Stayed,0.015241502019615383,0.9847584979803846
39660,Stayed,0.3711991245286931,0.6288008754713069
18491,Stayed,0.26605480586752106,0.7339451941324789
47987,Left,0.7492340610967392,0.25076593890326077
54424,Left,0.7775648237492147,0.22243517625078535
13313,Left,0.6290436353300419,0.37095636466995807
25074,Stayed,0.05788419566905778,0.9421158043309422
15775,Left,0.9719587971840541,0.028041202815945902
7268,Stayed,0.4274748459845733,0.5725251540154267
20174,Left,0.6613496501858331,0.3386503498141668
9355,Left,0.6996876755810564,0.3003123244189436
16755,Stayed,0.024892623123243918,0.9751073768767561
32015,Left,0.6690095149820767,0.33099048501792333
38317,Stayed,0.25758560366006367,0.7424143963399363
65517,Stayed,0.28943019850331786,0.7105698014966821
67316,Left,0.5111271433636384,0.48887285663636165
70428,Left,0.9456321590967045,0.054367840903295446
56772,Left,0.9044526686014253,0.09554733139857474
22916,Left,0.9387398159580334,0.061260184041966606
21105,Stayed,0.2542947435319689,0.7457052564680311
39319,Left,0.5073495285296603,0.4926504714703397
20840,Left,0.64041976457891,0.3595802354210899
58225,Stayed,0.32015501952039704,0.679844980479603
11119,Stayed,0.09308358505292902,0.906916414947071
66117,Stayed,0.20353121475982516,0.7964687852401748
20799,Left,0.9160313684819323,0.08396863151806767
36631,Left,0.5074367813383114,0.4925632186616887
63298,Left,0.9352347774381493,0.06476522256185067
40163,Stayed,0.4248521171444323,0.5751478828555677
23016,Left,0.9099433959687999,0.09005660403120008
42639,Left,0.6800236207425359,0.3199763792574642
47584,Left,0.6664724093268637,0.33352759067313636
52477,Left,0.6889271781197142,0.3110728218802859
64847,Left,0.7763135601618525,0.22368643983814757
26055,Stayed,0.3172783881701796,0.6827216118298204
69592,Stayed,0.19754124412492846,0.8024587558750715
72532,Left,0.8684324824273898,0.13156751757261023
72208,Stayed,0.027824679708098987,0.972175320291901
46307,Left,0.5836945765280375,0.4163054234719625
56905,Stayed,0.3977971362071536,0.6022028637928464
40743,Stayed,0.1752618880294623,0.8247381119705377
49405,Stayed,0.32239609673512504,0.677603903264875
7948,Left,0.8161303072111333,0.18386969278886664
30160,Left,0.5551296115958944,0.44487038840410564
45411,Left,0.8449898642137154,0.15501013578628464
46498,Stayed,0.4289319831385011,0.5710680168614989
34862,Left,0.5220103515697553,0.4779896484302447
9556,Stayed,0.2141109047988402,0.7858890952011598
37432,Left,0.5355640037593494,0.4644359962406505
63699,Stayed,0.255742862984611,0.744257137015389
53655,Stayed,0.05303134808963639,0.9469686519103636
2639,Left,0.796148261264212,0.20385173873578796
72170,Left,0.945646991944404,0.054353008055595925
17241,Stayed,0.13969789893568518,0.8603021010643148
14523,Left,0.892824480863194,0.10717551913680597
17027,Stayed,0.45563821920019487,0.5443617807998051
12734,Left,0.5188375667518357,0.4811624332481644
39570,Left,0.5909994997028825,0.40900050029711754
25627,Stayed,0.18623508444501635,0.8137649155549836
60866,Stayed,0.49789241058527745,0.5021075894147226
2360,Left,0.8245944114561391,0.1754055885438609
58298,Left,0.715947809817797,0.28405219018220296
1182,Left,0.772595991873186,0.22740400812681405
12363,Left,0.6510825015067346,0.34891749849326537
9545,Stayed,0.20040728400223273,0.7995927159977673
16133,Stayed,0.3058555409017434,0.6941444590982566
5415,Left,0.7613000374768488,0.23869996252315123
50672,Left,0.8173716529674769,0.18262834703252304
39793,Left,0.6969042722016932,0.30309572779830685
60882,Stayed,0.10883083669586469,0.8911691633041353
7864,Left,0.9138243243572748,0.08617567564272517
62815,Left,0.5707992489205856,0.42920075107941436
65391,Left,0.5418565988070785,0.4581434011929216
16108,Stayed,0.022517303979053493,0.9774826960209465
12888,Left,0.5147597931599507,0.4852402068400493
46097,Stayed,0.46157112366531783,0.5384288763346822
61126,Stayed,0.33770610963634484,0.6622938903636552
42224,Stayed,0.4242762801700962,0.5757237198299038
43266,Stayed,0.13417951417198604,0.865820485828014
656,Stayed,0.2911160243023704,0.7088839756976296
5432,Stayed,0.18966907236721464,0.8103309276327854
54994,Stayed,0.0703801843706634,0.9296198156293366
69265,Stayed,0.3859742239311652,0.6140257760688348
67818,Stayed,0.13850573567496305,0.861494264325037
70251,Left,0.8299165435565397,0.17008345644346032
1584,Stayed,0.23910486880131676,0.7608951311986832
72980,Stayed,0.47441059780509864,0.5255894021949014
16515,Left,0.7746817165858391,0.22531828341416096
18655,Stayed,0.14127381996948007,0.8587261800305199
74398,Left,0.7137180801343839,0.28628191986561613
17458,Left,0.8714574248941556,0.1285425751058444
34500,Left,0.5636286506421933,0.43637134935780675
17272,Stayed,0.329309638789122,0.670690361210878
73685,Stayed,0.14079744145497086,0.8592025585450291
49925,Stayed,0.45024954120872274,0.5497504587912773
70130,Left,0.9779472577020142,0.022052742297985796
44501,Left,0.6833415719853916,0.3166584280146084
30601,Stayed,0.14218084498098738,0.8578191550190126
66101,Left,0.6004343410618216,0.3995656589381784
47403,Left,0.6607318231218599,0.33926817687814015
17300,Stayed,0.3687369643876063,0.6312630356123937
16462,Stayed,0.45889513030332185,0.5411048696966781
66697,Left,0.70883253376933,0.29116746623067
10375,Stayed,0.16514529115523435,0.8348547088447656
24725,Stayed,0.37128189087089036,0.6287181091291096
50191,Stayed,0.4264521955958275,0.5735478044041725
35611,Stayed,0.47989070708693815,0.5201092929130618
42474,Stayed,0.21804533427930994,0.7819546657206901
1220,Stayed,0.34220319795743404,0.657796802042566
32346,Left,0.6359528674627339,0.364047132537266
44083,Stayed,0.2476044210733721,0.7523955789266279
72309,Left,0.779570347846591,0.22042965215340898
25695,Stayed,0.05938210330213056,0.9406178966978694
15604,Left,0.8750523942088323,0.12494760579116768
5929,Left,0.6995271006028416,0.3004728993971584
72929,Left,0.5303884285618594,0.46961157143814053
15270,Stayed,0.4210005317867781,0.5789994682132219
19091,Left,0.8105752429055535,0.18942475709444645
54116,Stayed,0.4585771434769651,0.5414228565230349
45885,Stayed,0.46475997521416545,0.5352400247858345
39440,Left,0.796381285997674,0.20361871400232606
27909,Left,0.6153280206265206,0.38467197937347936
15261,Left,0.8322277439066836,0.1677722560933164
58168,Stayed,0.46413326540849,0.53586673459151
16649,Stayed,0.40416980215395093,0.5958301978460491
4144,Left,0.5856428673268768,0.4143571326731232
60417,Stayed,0.1922282587690387,0.8077717412309613
36261,Stayed,0.2350078111489361,0.7649921888510639
47868,Left,0.9003575553216955,0.09964244467830455
24461,Stayed,0.44230865360865834,0.5576913463913417
19237,Left,0.7999814765090574,0.20001852349094268
43688,Stayed,0.34457921750368803,0.655420782496312
59442,Stayed,0.3766132188567608,0.6233867811432392
53982,Stayed,0.3616219484930604,0.6383780515069396
26705,Stayed,0.17665160867009377,0.8233483913299062
115,Left,0.7010181951748528,0.29898180482514725
17114,Left,0.620641993607643,0.3793580063923569
56257,Left,0.8420908131853194,0.1579091868146806
64315,Left,0.5291284174472621,0.4708715825527378
68390,Left,0.6881393084442549,0.3118606915557451
21380,Stayed,0.13319952234088062,0.8668004776591194
47331,Stayed,0.28033628520711495,0.719663714792885
5898,Stayed,0.4156123844152514,0.5843876155847486
37103,Stayed,0.2746970939131581,0.7253029060868419
72771,Left,0.9382159204549028,0.061784079545097285
19377,Stayed,0.15034224583727884,0.8496577541627212
40447,Stayed,0.2075440221820204,0.7924559778179796
56245,Left,0.6099627790141091,0.39003722098589083
45557,Stayed,0.11371327583956314,0.8862867241604369
32382,Left,0.766386369207393,0.23361363079260697
55863,Left,0.8400280331695269,0.15997196683047304
51080,Left,0.9505918992680539,0.049408100731946084
26217,Stayed,0.0758666653371256,0.9241333346628744
66645,Left,0.8898615845628421,0.1101384154371579
66341,Stayed,0.028167719313707984,0.971832280686292
64797,Left,0.6106762152188332,0.38932378478116675
47529,Left,0.9304092463868564,0.06959075361314361
5066,Stayed,0.3652425371298962,0.6347574628701038
37169,Stayed,0.3178702855605434,0.6821297144394566
60204,Stayed,0.22964687874693523,0.7703531212530648
48401,Stayed,0.10294484828703498,0.897055151712965
13447,Stayed,0.33237236722043784,0.6676276327795622
13822,Stayed,0.21810545827351469,0.7818945417264853
55518,Left,0.7227165031568739,0.2772834968431261
50009,Stayed,0.40408465075895594,0.5959153492410441
52974,Stayed,0.4194981729110263,0.5805018270889737
69401,Left,0.7887184183185626,0.21128158168143737
26750,Stayed,0.34801784633024635,0.6519821536697537
11559,Stayed,0.05478044856968678,0.9452195514303132
43279,Stayed,0.31426708848637297,0.685732911513627
12425,Stayed,0.03393676456741668,0.9660632354325833
4220,Left,0.7329557603361851,0.26704423966381485
6348,Left,0.9557021143126943,0.04429788568730576
64377,Stayed,0.28192308198202765,0.7180769180179724
54657,Left,0.6335678633235917,0.3664321366764083
17180,Stayed,0.3089470898098102,0.6910529101901898
45941,Stayed,0.12758058299953057,0.8724194170004694
62746,Left,0.7516202876969929,0.24837971230300715
5713,Stayed,0.1069992849631286,0.8930007150368714
29417,Left,0.5545633587146751,0.4454366412853249
37478,Stayed,0.10920778710849499,0.890792212891505
29217,Stayed,0.06998920221730853,0.9300107977826915
44007,Stayed,0.35086492197523156,0.6491350780247684
15131,Left,0.8840341836616508,0.1159658163383492
72602,Left,0.9152970068860475,0.08470299311395245
37255,Stayed,0.026402750666373764,0.9735972493336262
5091,Stayed,0.37785757601593684,0.6221424239840632
36340,Stayed,0.25553452009336397,0.744465479906636
25685,Left,0.8694016645276497,0.1305983354723504
30278,Stayed,0.05320602163435517,0.9467939783656448
21041,Left,0.798684476876713,0.20131552312328707
24351,Left,0.7000411940728477,0.29995880592715224
46082,Left,0.902866911478784,0.0971330885212161
6206,Left,0.8612214663075032,0.1387785336924968
21477,Left,0.9533408043807633,0.046659195619236746
65656,Left,0.7424409292861602,0.2575590707138398
20143,Stayed,0.459260154348052,0.540739845651948
49510,Left,0.9790901086003408,0.02090989139965916
30039,Left,0.9051779399631513,0.09482206003684866
23922,Stayed,0.3421063979742921,0.6578936020257079
45010,Left,0.8512974566816867,0.14870254331831337
24328,Stayed,0.030847272105136825,0.9691527278948632
13153,Stayed,0.2505999817047062,0.7494000182952938
58836,Stayed,0.4877917549910422,0.5122082450089578
58471,Left,0.5344904553940677,0.4655095446059323
54133,Stayed,0.3361205607870408,0.6638794392129592
5930,Left,0.6113386922611119,0.3886613077388881
40991,Left,0.5347056283393716,0.46529437166062837
2087,Stayed,0.03712962751752025,0.9628703724824798
18662,Left,0.8243793651401922,0.17562063485980783
37072,Stayed,0.3667483671806834,0.6332516328193166
23935,Stayed,0.4885237681475364,0.5114762318524636
70537,Stayed,0.15251894429016022,0.8474810557098398
42148,Stayed,0.2103007158406316,0.7896992841593684
56476,Stayed,0.4190479706756777,0.5809520293243223
13283,Stayed,0.028520965540999144,0.9714790344590009
45658,Left,0.8713355955701463,0.12866440442985372
15072,Stayed,0.2084031663522974,0.7915968336477026
59522,Stayed,0.028404733169199337,0.9715952668308007
13099,Stayed,0.38188319232518253,0.6181168076748175
45921,Left,0.554336186131538,0.445663813868462
44862,Left,0.6640069695670732,0.3359930304329268
53856,Stayed,0.3951150061181513,0.6048849938818487
53717,Stayed,0.3863430200150959,0.6136569799849041
25582,Left,0.585681572341186,0.414318427658814
20742,Left,0.8813018784822463,0.11869812151775373
56294,Left,0.5239187155662903,0.47608128443370973
59998,Left,0.7869417836519179,0.2130582163480821
39664,Stayed,0.08417866111208627,0.9158213388879137
34998,Left,0.7372016130861885,0.26279838691381147
40227,Left,0.8134028663585327,0.18659713364146735
27363,Stayed,0.2038039681424868,0.7961960318575132
41530,Left,0.5590394430102131,0.44096055698978687
653,Stayed,0.3807851611668527,0.6192148388331473
54164,Stayed,0.3111628817361406,0.6888371182638594
50280,Stayed,0.06600422040278675,0.9339957795972132
72253,Stayed,0.07170239600793482,0.9282976039920652
44537,Stayed,0.42423839175957667,0.5757616082404233
44207,Left,0.5508494169396126,0.44915058306038735
33433,Stayed,0.2662777494857185,0.7337222505142815
18464,Stayed,0.3500379631072329,0.6499620368927671
64123,Stayed,0.355866317944906,0.644133682055094
67913,Left,0.8217240165997881,0.17827598340021186
65462,Left,0.7728353627287488,0.22716463727125127
47297,Left,0.9149661875440583,0.08503381245594169
6560,Stayed,0.17476280470784455,0.8252371952921554
8351,Left,0.715452763234351,0.284547236765649
29665,Left,0.8533338249427512,0.14666617505724877
36969,Left,0.5657266459461079,0.43427335405389217
53079,Stayed,0.31643023149001215,0.6835697685099879
43748,Left,0.8798103111548036,0.12018968884519639
51473,Left,0.7657879718134448,0.23421202818655518
4913,Left,0.6551783257947583,0.34482167420524173
27172,Left,0.9092356520899222,0.0907643479100778
5397,Stayed,0.1569840230904076,0.8430159769095924
14537,Stayed,0.06790837134709715,0.9320916286529028
5267,Stayed,0.3781053682857295,0.6218946317142705
62970,Stayed,0.24958969850474966,0.7504103014952503
35667,Stayed,0.450445296369537,0.549554703630463
1033,Stayed,0.3370111441219349,0.6629888558780651
40784,Stayed,0.14429090205092376,0.8557090979490762
62012,Stayed,0.34349869759118856,0.6565013024088114
19963,Stayed,0.35135442134234784,0.6486455786576522
2297,Stayed,0.46279043333002956,0.5372095666699704
67361,Left,0.9292301457068262,0.07076985429317385
53034,Stayed,0.3653664891904752,0.6346335108095248
11426,Stayed,0.350309947654024,0.649690052345976
59857,Stayed,0.22058428974753042,0.7794157102524696
2494,Stayed,0.4443513151700289,0.5556486848299711
61468,Stayed,0.3600746644834151,0.6399253355165849
12650,Left,0.5142796741375646,0.48572032586243535
7129,Left,0.9728848931005322,0.027115106899467882
5919,Stayed,0.08120161151705496,0.918798388482945
45777,Stayed,0.22751770704605834,0.7724822929539417
57072,Stayed,0.1844698427377045,0.8155301572622955
50931,Left,0.9598429562447748,0.04015704375522521
69462,Left,0.5469956879269672,0.4530043120730328
73570,Left,0.9746253121530326,0.025374687846967423
59063,Left,0.7389365511511456,0.2610634488488544
20672,Stayed,0.41628093026022617,0.5837190697397738
59960,Left,0.7245724435503145,0.2754275564496855
45119,Stayed,0.381320522583524,0.618679477416476
73901,Left,0.6877486378421332,0.31225136215786675
27180,Stayed,0.4547508296874413,0.5452491703125587
13644,Left,0.5132949647648959,0.48670503523510417
25250,Left,0.6533892095747652,0.3466107904252348
49211,Left,0.8974111047516673,0.10258889524833276
52054,Left,0.6141258219903385,0.38587417800966145
38510,Left,0.7973296655972562,0.2026703344027439
40816,Left,0.644337960130281,0.355662039869719
59928,Stayed,0.42209580322674256,0.5779041967732574
71571,Left,0.9261523876283917,0.07384761237160835
67064,Left,0.7861487213522906,0.21385127864770934
50130,Left,0.6923993940265829,0.30760060597341715
41249,Stayed,0.01903113111037813,0.9809688688896219
26065,Left,0.6076055509173076,0.3923944490826924
46892,Left,0.8298711045473006,0.17012889545269932
6405,Stayed,0.05501890185850722,0.9449810981414928
16468,Stayed,0.4356438322260514,0.5643561677739486
62783,Left,0.690300759355768,0.309699240644232
9805,Left,0.978404453391996,0.021595546608003977
14051,Left,0.5061461516967716,0.4938538483032284
23343,Stayed,0.07804968264463641,0.9219503173553636
20980,Stayed,0.17149593105446237,0.8285040689455376
58920,Stayed,0.33864504769911874,0.6613549523008813
4130,Stayed,0.3779981406967473,0.6220018593032527
46830,Stayed,0.43129987827832605,0.568700121721674
58341,Stayed,0.06876081831803682,0.9312391816819632
26192,Stayed,0.4120110956503067,0.5879889043496933
21090,Left,0.7180568998296015,0.28194310017039853
39210,Stayed,0.11616253096211293,0.8838374690378871
50251,Stayed,0.13898334120441702,0.861016658795583
25950,Stayed,0.010440885045770787,0.9895591149542292
50774,Stayed,0.33303980597578176,0.6669601940242182
12142,Stayed,0.11803589595215691,0.8819641040478431
52707,Left,0.9160186732104788,0.08398132678952121
40120,Stayed,0.08988450892174871,0.9101154910782513
17285,Stayed,0.10113553954327403,0.898864460456726
18199,Left,0.6998869390975686,0.30011306090243145
72711,Left,0.7952405756239572,0.2047594243760428
64835,Left,0.6622324605450284,0.3377675394549716
47613,Stayed,0.2633013663683341,0.7366986336316659
70797,Left,0.6243904866615475,0.37560951333845244
2495,Stayed,0.09645512929837685,0.9035448707016231
1806,Left,0.8142404333080788,0.18575956669192115
28057,Stayed,0.2155115236256776,0.7844884763743224
55491,Stayed,0.09560544301376317,0.9043945569862368
23617,Left,0.6817693565269518,0.31823064347304814
11318,Left,0.6248170541850429,0.3751829458149571
32986,Left,0.7858933628490711,0.2141066371509289
61287,Stayed,0.43299817427450715,0.5670018257254928
68890,Left,0.5742036825620775,0.4257963174379225
64049,Left,0.7607005828350226,0.23929941716497732
680,Stayed,0.35987250990222663,0.6401274900977734
36339,Left,0.5142703924034414,0.4857296075965586
1166,Stayed,0.49508859996598653,0.5049114000340135
6393,Stayed,0.44510891300224675,0.5548910869977532
8106,Left,0.7390013934996454,0.26099860650035456
23469,Stayed,0.14394921189719634,0.8560507881028037
22447,Stayed,0.235872333405432,0.764127666594568
17091,Stayed,0.43454067552659925,0.5654593244734007
23781,Stayed,0.13504932662578517,0.8649506733742148
56657,Stayed,0.34632762026596076,0.6536723797340392
24398,Stayed,0.47804246343625745,0.5219575365637426
13696,Left,0.8950373418343553,0.10496265816564468
31807,Left,0.7214497760569751,0.2785502239430249
1214,Stayed,0.044173672123862806,0.9558263278761372
14949,Stayed,0.2008049695920443,0.7991950304079557
30320,Stayed,0.04596760407173195,0.954032395928268
2881,Left,0.8483350114198678,0.15166498858013217
48126,Stayed,0.4032277042375958,0.5967722957624042
73068,Left,0.6662550466763153,0.33374495332368476
22207,Stayed,0.14820357211397384,0.8517964278860262
66010,Stayed,0.07382474536017991,0.9261752546398201
49635,Stayed,0.023521752966492615,0.9764782470335074
57911,Stayed,0.03871509246440519,0.9612849075355948
22592,Left,0.8209578253453427,0.17904217465465727
6426,Stayed,0.36788453725437287,0.6321154627456271
12591,Stayed,0.48818106254531246,0.5118189374546875
3581,Stayed,0.39157565467285405,0.608424345327146
41264,Stayed,0.1811321744220109,0.8188678255779891
36978,Stayed,0.423340353812499,0.576659646187501
18216,Stayed,0.21226487272651173,0.7877351272734883
55528,Left,0.845151458784555,0.15484854121544495
324,Left,0.6031249089160815,0.39687509108391855
2763,Stayed,0.15137553718135277,0.8486244628186472
74452,Left,0.732305098089046,0.267694901910954
49868,Stayed,0.20144021312511828,0.7985597868748817
17080,Stayed,0.3525825391358228,0.6474174608641772
34915,Left,0.9297905559731457,0.07020944402685426
26637,Stayed,0.13521255692021905,0.864787443079781
21901,Left,0.6940851597435074,0.3059148402564926
72444,Left,0.8692511923252482,0.1307488076747519
37226,Left,0.7273863423103648,0.27261365768963514
840,Stayed,0.43439922349295623,0.5656007765070438
41032,Stayed,0.19430995882399638,0.8056900411760036
25611,Stayed,0.1635353732431536,0.8364646267568464
45378,Left,0.5546776923648578,0.4453223076351422
55760,Left,0.9147616597362127,0.08523834026378728
39835,Left,0.6208924035465706,0.37910759645342934
20859,Left,0.6030673864026452,0.3969326135973547
41340,Left,0.7122281528181831,0.28777184718181686
66357,Stayed,0.21593020482576963,0.7840697951742304
6995,Left,0.5192884278988521,0.4807115721011479
51537,Stayed,0.29439647322613494,0.7056035267738651
27039,Stayed,0.29453401699009807,0.7054659830099019
21746,Stayed,0.4299517421089306,0.5700482578910694
18416,Left,0.938198798598975,0.06180120140102496
72238,Stayed,0.28133468894190694,0.7186653110580931
485,Left,0.827250185723831,0.17274981427616892
43303,Left,0.6024687189823679,0.39753128101763213
69807,Left,0.6323029451299672,0.3676970548700328
56328,Stayed,0.4399665922278049,0.5600334077721951
55400,Left,0.5519066050876084,0.44809339491239164
38138,Stayed,0.3905566112088459,0.6094433887911541
46990,Left,0.5679301124618212,0.43206988753817877
12008,Stayed,0.15299630631687777,0.8470036936831222
34879,Left,0.8425456274935772,0.15745437250642277
25212,Stayed,0.17878919602700039,0.8212108039729996
46167,Stayed,0.4588723559302095,0.5411276440697905
8170,Left,0.5753622105862393,0.42463778941376074
32129,Stayed,0.07160093172033322,0.9283990682796668
36323,Left,0.8617179456890474,0.1382820543109526
65497,Left,0.5544799392987046,0.44552006070129535
41576,Stayed,0.2359155588584464,0.7640844411415536
30142,Left,0.5590222011301028,0.4409777988698972
58988,Stayed,0.28370207343396014,0.7162979265660399
16886,Stayed,0.15675849578514878,0.8432415042148512
36513,Stayed,0.13735340969244825,0.8626465903075518
61571,Stayed,0.1447274069532588,0.8552725930467412
15369,Stayed,0.4902266631057157,0.5097733368942843
17898,Stayed,0.08516917279076552,0.9148308272092345
37001,Stayed,0.4252882576963505,0.5747117423036495
50098,Left,0.5251956364577433,0.4748043635422567
8405,Left,0.7975805180910781,0.2024194819089219
60174,Stayed,0.4110586539695962,0.5889413460304038
13315,Stayed,0.3203092223707871,0.6796907776292129
57539,Stayed,0.05860491666624734,0.9413950833337527
62001,Stayed,0.3665991298429475,0.6334008701570525
20776,Left,0.6495552471799677,0.35044475282003235
72365,Stayed,0.1667065445362207,0.8332934554637793
51947,Stayed,0.24465810137338007,0.7553418986266199
72285,Left,0.9494191678457431,0.05058083215425687
50237,Left,0.8601660653536953,0.13983393464630461
39001,Stayed,0.174069370776053,0.825930629223947
6062,Stayed,0.0590875392342447,0.9409124607657553
20357,Stayed,0.09843283606633724,0.9015671639336628
4734,Stayed,0.044773129567589165,0.9552268704324108
64420,Stayed,0.3986535058763271,0.6013464941236729
39970,Left,0.5850143620652635,0.4149856379347366
69883,Left,0.9039002436510271,0.09609975634897293
25680,Left,0.9742032831158931,0.02579671688410688
24423,Left,0.6358662626744225,0.3641337373255775
40560,Left,0.8894469508610708,0.11055304913892912
42784,Left,0.7552489563574263,0.24475104364257372
46860,Stayed,0.05428392424013684,0.9457160757598632
33423,Stayed,0.498707861221214,0.501292138778786
37282,Stayed,0.3710404919357835,0.6289595080642165
25871,Stayed,0.03452056375345791,0.9654794362465421
2310,Left,0.7384290367573618,0.2615709632426382
71206,Left,0.5039749264678016,0.4960250735321984
26685,Left,0.9531183314407112,0.046881668559288825
13960,Left,0.7868157893801666,0.21318421061983336
56130,Left,0.9278066515553642,0.0721933484446358
72428,Stayed,0.33071069422708677,0.6692893057729132
50899,Stayed,0.3162730957148413,0.6837269042851587
6014,Left,0.6254665700806435,0.37453342991935645
8467,Stayed,0.24560460329714406,0.7543953967028559
53005,Left,0.5134441060103374,0.4865558939896626
14421,Left,0.8874567202127839,0.11254327978721612
62634,Left,0.7899345069276243,0.21006549307237563
2981,Stayed,0.4023663681057914,0.5976336318942086
27889,Stayed,0.06307197403616371,0.9369280259638363
64564,Left,0.9344191392341928,0.06558086076580717
72817,Stayed,0.30672396208889785,0.6932760379111021
4469,Stayed,0.22841529755311285,0.7715847024468871
27467,Stayed,0.35609967910663765,0.6439003208933624
70103,Stayed,0.47334524698113234,0.5266547530188677
58172,Stayed,0.08848997071599596,0.911510029284004
34633,Stayed,0.1622461695182177,0.8377538304817823
40808,Stayed,0.09661462188450554,0.9033853781154945
45550,Stayed,0.0294202932426072,0.9705797067573928
64648,Stayed,0.16586310948570138,0.8341368905142986
73837,Stayed,0.4793513904933029,0.5206486095066971
69645,Left,0.9567425893812583,0.0432574106187417
59453,Left,0.830071070565673,0.16992892943432703
9688,Left,0.5975473613730314,0.40245263862696856
72256,Left,0.7570870650505013,0.24291293494949878
55820,Left,0.5562582541700669,0.44374174582993303
44096,Stayed,0.0877149485061881,0.9122850514938119
63389,Left,0.7270311466877635,0.2729688533122365
1492,Left,0.9168960461968652,0.0831039538031349
69446,Stayed,0.193707877616472,0.806292122383528
35520,Left,0.5416067100900483,0.45839328990995165
50316,Stayed,0.13146052906775785,0.8685394709322422
45316,Stayed,0.3164171709349466,0.6835828290650534
73878,Left,0.78440349801415,0.21559650198585004
70861,Stayed,0.07335672334227916,0.9266432766577208
65333,Stayed,0.058859446862105425,0.9411405531378946
66150,Left,0.8477821216680099,0.15221787833199008
70247,Left,0.9528825142201784,0.04711748577982161
7218,Stayed,0.10770375517749486,0.8922962448225051
13939,Stayed,0.13866282107555417,0.8613371789244458
1423,Left,0.7239052665701802,0.2760947334298198
68340,Stayed,0.2771097370641529,0.7228902629358471
52533,Left,0.6754242919267046,0.3245757080732954
67305,Stayed,0.1530308759083473,0.8469691240916527
40605,Stayed,0.06061169252304821,0.9393883074769518
48057,Left,0.7020534475940747,0.2979465524059252
19438,Left,0.7858218390793599,0.21417816092064015
12244,Left,0.7996255780572914,0.20037442194270857
49639,Stayed,0.0979007801017775,0.9020992198982225
24680,Stayed,0.03461798553324247,0.9653820144667575
43269,Stayed,0.4730577074879303,0.5269422925120697
49133,Left,0.7879074834678499,0.21209251653215008
17892,Stayed,0.47681679721774806,0.5231832027822519
60572,Left,0.7024537914728364,0.2975462085271636
52869,Stayed,0.009094451694628525,0.9909055483053715
50110,Stayed,0.19843590571758762,0.8015640942824124
64311,Left,0.6753775554819105,0.3246224445180895
67804,Stayed,0.4010293724659427,0.5989706275340573
63666,Stayed,0.11391918018521974,0.8860808198147803
56826,Stayed,0.05285311212936383,0.9471468878706362
4736,Left,0.9345132732598233,0.0654867267401767
51090,Left,0.5667745309596028,0.43322546904039716
69873,Stayed,0.24324031115715994,0.7567596888428401
36130,Stayed,0.3051259973765904,0.6948740026234096
49526,Left,0.7475247048142106,0.2524752951857894
45809,Left,0.6798939843441467,0.32010601565585334
44194,Left,0.5653808207030757,0.43461917929692423
34860,Stayed,0.004230973916402148,0.9957690260835979
47668,Left,0.5975212829129617,0.40247871708703836
37904,Left,0.6629061216772674,0.33709387832273263
8427,Stayed,0.2440540131041523,0.7559459868958477
24428,Stayed,0.3992169274477887,0.6007830725522113
25370,Left,0.6371945008947294,0.3628054991052706
73277,Stayed,0.06958916280341942,0.9304108371965806
64024,Left,0.8866526816318865,0.11334731836811354
10672,Stayed,0.34313350922062025,0.6568664907793798
40117,Stayed,0.013249657261985903,0.9867503427380141
65568,Stayed,0.07369957026402052,0.9263004297359795
2997,Stayed,0.06183878251431274,0.9381612174856873
25949,Stayed,0.3167238458875903,0.6832761541124097
27253,Left,0.5999102411066395,0.4000897588933605
47540,Left,0.7681418080061253,0.23185819199387467
43961,Left,0.687350370352086,0.312649629647914
47768,Stayed,0.027347106775517105,0.9726528932244829
35571,Left,0.5918697330745422,0.40813026692545784
57473,Left,0.9176573594700701,0.08234264052992994
46656,Stayed,0.2987064325165648,0.7012935674834352
49249,Stayed,0.34081640989230666,0.6591835901076933
66871,Stayed,0.01719484344611466,0.9828051565538853
51141,Left,0.7352662826565046,0.2647337173434954
22582,Stayed,0.10127337372296896,0.898726626277031
54679,Left,0.986833335676633,0.01316666432336702
23145,Left,0.9078567492714755,0.0921432507285245
36589,Left,0.8313496456554141,0.16865035434458592
21745,Left,0.7341376810480289,0.26586231895197115
7256,Left,0.7423827116777102,0.25761728832228975
46953,Stayed,0.35717202763888545,0.6428279723611146
59216,Left,0.932419684421897,0.06758031557810294
52738,Left,0.8865839221486933,0.11341607785130665
20076,Stayed,0.42044324808998923,0.5795567519100108
42056,Left,0.8298342038358618,0.17016579616413818
3004,Stayed,0.4312150856755552,0.5687849143244448
53756,Left,0.5390101743445475,0.4609898256554525
34467,Stayed,0.07007133869495563,0.9299286613050444
51794,Stayed,0.18541111870614668,0.8145888812938533
3138,Stayed,0.159850718632098,0.840149281367902
35092,Stayed,0.04915199485611976,0.9508480051438802
45266,Stayed,0.020298400386690396,0.9797015996133096
41561,Stayed,0.23187718604845897,0.768122813951541
41674,Left,0.5291240416060341,0.47087595839396595
42359,Left,0.6625136477117743,0.3374863522882257
52790,Left,0.7709277519337301,0.22907224806626986
6433,Left,0.6341711241431354,0.3658288758568647
32456,Stayed,0.31719211796393276,0.6828078820360672
20664,Left,0.654258878978974,0.34574112102102605
13950,Left,0.5663283804783751,0.4336716195216249
2998,Left,0.886525278089544,0.11347472191045602
5953,Stayed,0.49581981297880096,0.504180187021199
18847,Stayed,0.3554661698774195,0.6445338301225805
72814,Stayed,0.20155953347343802,0.798440466526562
10142,Left,0.8251218860754046,0.17487811392459546
12959,Stayed,0.020820580696198965,0.979179419303801
31670,Left,0.681102290691789,0.31889770930821104
61329,Stayed,0.056364285300855355,0.9436357146991446
36803,Left,0.9824815006916056,0.017518499308394442
50892,Left,0.5343085022394639,0.4656914977605361
19887,Left,0.9401526925888795,0.05984730741112054
63302,Left,0.8026251004511218,0.1973748995488782
50362,Stayed,0.1571149734313595,0.8428850265686405
25117,Left,0.822235545503862,0.177764454496138
14770,Left,0.8839738500363674,0.11602614996363259
64234,Stayed,0.40840104921415366,0.5915989507858463
55750,Left,0.9140786461153882,0.08592135388461175
968,Stayed,0.35803614156689045,0.6419638584331095
37436,Stayed,0.2422901797488577,0.7577098202511423
42702,Stayed,0.3748269037478088,0.6251730962521912
39515,Left,0.6757598928321729,0.3242401071678271
58257,Stayed,0.3319688538564437,0.6680311461435563
52840,Stayed,0.03633539400026453,0.9636646059997355
11479,Stayed,0.3443036895403079,0.6556963104596921
10291,Stayed,0.07952003178740563,0.9204799682125944
13758,Left,0.6627440154485685,0.33725598455143146
22270,Stayed,0.30942934843046443,0.6905706515695356
52785,Left,0.8600873393431843,0.1399126606568157
37249,Stayed,0.11874198086269316,0.8812580191373068
2942,Left,0.565738379959315,0.43426162004068497
4860,Left,0.5359140438226899,0.4640859561773101
34060,Left,0.5275360748356137,0.4724639251643863
20935,Stayed,0.4807226793523568,0.5192773206476432
9070,Stayed,0.023899004208062347,0.9761009957919377
28714,Left,0.7475484737903437,0.25245152620965633
20346,Stayed,0.4641931768654285,0.5358068231345715
71305,Stayed,0.3059870080535787,0.6940129919464213
62582,Left,0.9670208656004354,0.032979134399564534
48766,Stayed,0.19086925638438756,0.8091307436156124
57232,Stayed,0.1811465686672511,0.8188534313327489
34656,Left,0.6994119801714171,0.3005880198285829
36855,Stayed,0.19076532427027248,0.8092346757297275
57467,Left,0.7455991557141661,0.2544008442858338
502,Left,0.6861980256134259,0.31380197438657415
6226,Left,0.899324259884575,0.10067574011542506
65347,Stayed,0.14564031593877103,0.854359684061229
45323,Stayed,0.10156189784135916,0.8984381021586408
62896,Left,0.509280405419543,0.49071959458045705
20866,Stayed,0.4516866820057537,0.5483133179942463
62394,Left,0.623619712871295,0.3763802871287049
4564,Left,0.8137871309074437,0.18621286909255627
21729,Stayed,0.27527350421821706,0.7247264957817829
3051,Left,0.831674378423813,0.16832562157618702
41064,Stayed,0.01727394988872566,0.9827260501112743
25443,Left,0.6257894110032849,0.37421058899671517
16500,Left,0.5832731468625547,0.4167268531374453
23030,Left,0.5685515890389357,0.43144841096106434
12659,Left,0.5693969158386754,0.43060308416132465
1837,Left,0.9012474273837435,0.09875257261625646
56878,Stayed,0.4073614938985871,0.5926385061014129
28686,Stayed,0.28457225831431,0.71542774168569
5049,Stayed,0.05251422944523765,0.9474857705547624
59696,Stayed,0.18510628417065078,0.8148937158293492
10100,Left,0.5622739176064229,0.4377260823935771
9312,Stayed,0.4471928825159379,0.5528071174840621
31688,Stayed,0.1807170637518588,0.8192829362481412
39189,Left,0.7950210598225051,0.20497894017749482
66570,Stayed,0.05617652905168469,0.9438234709483153
39331,Stayed,0.013125799400322324,0.9868742005996777
37739,Stayed,0.3334257470096613,0.6665742529903387
37008,Left,0.5205091372277492,0.47949086277225084
16370,Stayed,0.02759771438650871,0.9724022856134913
21258,Left,0.8511101309658049,0.14888986903419504
70262,Left,0.5085392512105928,0.4914607487894071
57952,Left,0.7925642250176479,0.2074357749823521
3349,Left,0.6412493973626342,0.3587506026373658
53758,Stayed,0.3147451800377771,0.6852548199622229
11779,Left,0.6213252092454042,0.3786747907545957
53329,Left,0.6238583942806648,0.3761416057193352
66725,Stayed,0.11529521354607941,0.8847047864539206
69456,Left,0.9302060147592022,0.06979398524079779
7367,Stayed,0.4760595051827614,0.5239404948172386
4585,Stayed,0.05273237775040707,0.9472676222495929
38940,Left,0.8998774865498673,0.10012251345013269
27766,Left,0.6214095458407214,0.3785904541592786
67772,Stayed,0.3969401470621249,0.6030598529378751
53561,Left,0.529727971287467,0.470272028712533
9190,Stayed,0.06309820085207984,0.9369017991479202
25454,Left,0.8464481854275652,0.15355181457243477
16760,Stayed,0.38492714456132104,0.615072855438679
47145,Stayed,0.03462469443495497,0.965375305565045
23461,Stayed,0.40980356910082394,0.5901964308991761
31038,Left,0.8297161823804966,0.17028381761950342
22730,Stayed,0.11860414320552726,0.8813958567944727
3285,Left,0.9344437598471907,0.06555624015280925
52559,Left,0.9358404377570213,0.06415956224297871
29737,Left,0.95855477912609,0.04144522087391006
16010,Stayed,0.17851079752938548,0.8214892024706145
19571,Stayed,0.37946231239430694,0.6205376876056931
19916,Stayed,0.33437468789252145,0.6656253121074786
53797,Stayed,0.06536922473417017,0.9346307752658298
6760,Stayed,0.14106599883544224,0.8589340011645578
71366,Stayed,0.33158233092553513,0.6684176690744649
56281,Left,0.6353038997948839,0.3646961002051161
24964,Left,0.8722725351852316,0.12772746481476843
43397,Stayed,0.009158217474302788,0.9908417825256972
65368,Stayed,0.3817780283623553,0.6182219716376447
45431,Left,0.5898315320281093,0.4101684679718906
11393,Stayed,0.23632487182088935,0.7636751281791107
46592,Left,0.7047552891666413,0.2952447108333586
16751,Stayed,0.33467222118637807,0.6653277788136219
62017,Stayed,0.18321265376257223,0.8167873462374278
32582,Stayed,0.008407663070413851,0.9915923369295861
3305,Stayed,0.47464703885119364,0.5253529611488064
68430,Stayed,0.23799398317472675,0.7620060168252732
53036,Stayed,0.1578095903060749,0.8421904096939251
59463,Left,0.9038754524493956,0.09612454755060439
65477,Left,0.9097458088814173,0.09025419111858268
16330,Left,0.6221115012496992,0.37788849875030084
9933,Left,0.9702552591208756,0.0297447408791244
36171,Stayed,0.4687026228214153,0.5312973771785847
48914,Left,0.5154827649421703,0.4845172350578298
29862,Stayed,0.4383698804634941,0.5616301195365059
17161,Stayed,0.04075291741409304,0.959247082585907
20165,Left,0.6394710026250272,0.36052899737497274
61762,Stayed,0.24100147066920485,0.7589985293307951
48253,Stayed,0.3520052416792976,0.6479947583207024
8618,Stayed,0.1869870280267476,0.8130129719732524
18308,Left,0.8892981264352462,0.11070187356475383
32961,Left,0.6398164351614937,0.3601835648385064
27035,Stayed,0.31804533503519394,0.6819546649648061
28273,Stayed,0.3112252924533242,0.6887747075466758
25202,Left,0.8788662511965184,0.12113374880348164
54398,Left,0.7051080179173033,0.2948919820826968
64440,Left,0.9377860478543143,0.062213952145685696
40393,Left,0.6832345897217016,0.31676541027829846
5821,Stayed,0.27059087861740383,0.7294091213825962
34274,Left,0.5558099837602304,0.4441900162397696
238,Left,0.8450645867986968,0.15493541320130325
13133,Left,0.54248001616722,0.45751998383278003
12154,Left,0.7594216892612169,0.2405783107387831
35836,Left,0.771879673760855,0.228120326239145
16658,Stayed,0.4400624587881119,0.5599375412118881
9764,Left,0.7329868028231584,0.2670131971768416
25301,Stayed,0.40368079948686286,0.5963192005131371
2692,Left,0.6631954498102538,0.3368045501897462
67199,Stayed,0.2652423232182619,0.7347576767817381
74273,Left,0.9097179271568279,0.09028207284317209
70506,Left,0.6305748598126736,0.3694251401873264
10139,Left,0.8062007875444166,0.19379921245558343
55725,Left,0.5168496507005025,0.4831503492994975
22279,Left,0.7823635604691064,0.21763643953089362
18443,Left,0.8582027372248349,0.1417972627751652
39004,Stayed,0.13917839051594694,0.8608216094840531
65625,Left,0.8248334195844622,0.17516658041553781
56957,Stayed,0.0297774513138509,0.9702225486861491
15879,Left,0.821088064445499,0.17891193555450105
17765,Left,0.7580408331178681,0.24195916688213198
32743,Left,0.7742520003956912,0.22574799960430883
74033,Left,0.6455669592132974,0.35443304078670257
28097,Left,0.8956585800816688,0.1043414199183312
33018,Stayed,0.2541280213826874,0.7458719786173126
6937,Left,0.7444909319543958,0.2555090680456043
54194,Stayed,0.40819098964928147,0.5918090103507185
40312,Stayed,0.4518977283395823,0.5481022716604177
37779,Left,0.7058534996638863,0.2941465003361136
60945,Stayed,0.2913627367292472,0.7086372632707528
26043,Left,0.5750045991785122,0.4249954008214878
22979,Stayed,0.14702633170053558,0.8529736682994644
22803,Stayed,0.36924348190464173,0.6307565180953583
45427,Left,0.7774032942606521,0.2225967057393479
61141,Left,0.8625798985592912,0.13742010144070885
27911,Left,0.7713013587767431,0.2286986412232569
26996,Stayed,0.17270926546494703,0.827290734535053
71344,Left,0.7620041485330854,0.2379958514669146
56522,Stayed,0.20028433900120934,0.7997156609987907
58311,Stayed,0.3739531109857327,0.6260468890142673
59295,Stayed,0.12055500297798316,0.8794449970220168
23758,Stayed,0.2199911243194137,0.7800088756805863
53210,Left,0.5702680416850885,0.42973195831491157
68373,Left,0.968063334249738,0.03193666575026194
13518,Left,0.8367612028033139,0.1632387971966861
39747,Stayed,0.23525676341038881,0.7647432365896112
4104,Stayed,0.1931578181017275,0.8068421818982725
50873,Left,0.9292030655252059,0.07079693447479404
32043,Stayed,0.4808081367049736,0.5191918632950264
44729,Stayed,0.039241294983038744,0.9607587050169613
963,Left,0.7798303008833353,0.2201696991166647
58935,Left,0.6887651664783094,0.31123483352169057
64033,Stayed,0.27093489650504843,0.7290651034949516
41727,Left,0.869579271905734,0.13042072809426594
1847,Left,0.6521777939762432,0.34782220602375685
41110,Left,0.7285432698917644,0.2714567301082355
71512,Left,0.7869662060287059,0.21303379397129404
31126,Left,0.6559481400182434,0.3440518599817565
64980,Stayed,0.4870707526892891,0.5129292473107109
43441,Stayed,0.014071809361851262,0.9859281906381487
57146,Stayed,0.07842681945339525,0.9215731805466048
66857,Left,0.7135656658508516,0.2864343341491485
57441,Stayed,0.39837381482839984,0.6016261851716002
25327,Stayed,0.2605913238499291,0.7394086761500709
50348,Stayed,0.4380649244988173,0.5619350755011827
10300,Stayed,0.1262953106139787,0.8737046893860213
19052,Stayed,0.39563793992973906,0.6043620600702609
37882,Stayed,0.050116888354232114,0.9498831116457679
30401,Left,0.7693736749694057,0.23062632503059435
66360,Left,0.8173449672659193,0.18265503273408065
9290,Stayed,0.44069644384903517,0.5593035561509648
29463,Left,0.61412542125174,0.3858745787482601
37182,Stayed,0.3159067210847334,0.6840932789152666
26659,Stayed,0.38436594731060447,0.6156340526893955
21211,Stayed,0.2829751856636691,0.7170248143363309
23007,Stayed,0.4580177238029226,0.5419822761970774
34411,Stayed,0.31209371868170777,0.6879062813182922
28298,Left,0.8916830779831806,0.10831692201681939
4493,Stayed,0.34767536240004704,0.652324637599953
65715,Left,0.7751998128667337,0.2248001871332663
35212,Stayed,0.08822068655685322,0.9117793134431468
60512,Stayed,0.2646463680831298,0.7353536319168702
61298,Stayed,0.41727218942576827,0.5827278105742317
4569,Left,0.8730280624220446,0.12697193757795547
27652,Left,0.8328369570832972,0.16716304291670278
34698,Stayed,0.24145407298265154,0.7585459270173485
49476,Left,0.6545115399523775,0.34548846004762246
54541,Stayed,0.19956287117955251,0.8004371288204475
19371,Stayed,0.22002459076297354,0.7799754092370265
67076,Stayed,0.3626854146953785,0.6373145853046215
10046,Left,0.8000986395160277,0.1999013604839724
16333,Left,0.832233601979204,0.16776639802079601
15888,Left,0.5090007222849773,0.4909992777150227
51928,Stayed,0.47381515018557097,0.526184849814429
12320,Stayed,0.30536966618886197,0.694630333811138
59801,Left,0.9824711820915213,0.017528817908478714
55050,Left,0.6513440911995981,0.34865590880040187
27017,Left,0.6911895968920454,0.30881040310795455
14563,Left,0.9127983095137746,0.08720169048622542
780,Stayed,0.2766224860249967,0.7233775139750033
6922,Stayed,0.3865735319801703,0.6134264680198297
10785,Stayed,0.2147303538061781,0.7852696461938219
36582,Left,0.5669584115323463,0.43304158846765367
58554,Left,0.8836741406241221,0.11632585937587793
55934,Left,0.709991301744879,0.290008698255121
24278,Stayed,0.3868911912846914,0.6131088087153086
7680,Stayed,0.05297691660396098,0.947023083396039
38529,Stayed,0.40985321198823854,0.5901467880117615
32742,Left,0.7217379980980744,0.2782620019019256
9845,Left,0.9363891781217508,0.06361082187824914
26019,Stayed,0.47557410018140467,0.5244258998185953
22846,Left,0.6139287450943647,0.3860712549056353
29274,Stayed,0.014921505296181303,0.9850784947038187
505,Left,0.5507933370592681,0.4492066629407318
24198,Left,0.6560320664247926,0.3439679335752074
36850,Left,0.9323806561454564,0.0676193438545436
18986,Left,0.5961780203342342,0.4038219796657658
2991,Left,0.7281821292566693,0.27181787074333075
71409,Left,0.6869009239082641,0.31309907609173593
9707,Stayed,0.42065054328511986,0.5793494567148801
64285,Stayed,0.29068535921541316,0.7093146407845868
24857,Stayed,0.2588301986073722,0.7411698013926278
27120,Stayed,0.38099225915518775,0.6190077408448122
24085,Left,0.6799319755088544,0.32006802449114563
54409,Stayed,0.19072440313212968,0.8092755968678703
22157,Left,0.859755895351597,0.14024410464840298
47867,Stayed,0.03408733335332781,0.9659126666466722
20477,Left,0.9388822113750211,0.061117788624978846
24483,Left,0.6278037229534805,0.3721962770465195
45355,Left,0.7451736251384395,0.2548263748615605
4811,Left,0.6383220354779962,0.3616779645220039
32891,Left,0.8235329777297136,0.17646702227028638
51550,Stayed,0.23827443417327354,0.7617255658267265
8076,Left,0.9578149638068343,0.04218503619316566
49197,Left,0.6427004156347655,0.3572995843652345
46925,Left,0.7665640157502132,0.23343598424978684
71460,Stayed,0.4878603668647833,0.5121396331352167
39925,Left,0.7561439418782123,0.24385605812178768
31107,Left,0.7785163980147883,0.22148360198521164
35909,Stayed,0.43707112689221306,0.5629288731077869
40050,Left,0.7221476445692698,0.2778523554307301
72588,Left,0.7243491828278664,0.2756508171721336
25951,Left,0.8757515583301917,0.12424844166980832
73908,Left,0.9401418561425252,0.05985814385747479
24629,Stayed,0.33205882100997997,0.66794117899002
20218,Stayed,0.2077967434083211,0.7922032565916789
18030,Stayed,0.16495419763807884,0.8350458023619212
11020,Stayed,0.18211742572584289,0.8178825742741571
47103,Stayed,0.24313906386353512,0.7568609361364649
73087,Stayed,0.37914424792198154,0.6208557520780185
52698,Left,0.903367978163432,0.09663202183656808
5905,Stayed,0.11856974909174323,0.8814302509082568
5344,Stayed,0.1679221645801413,0.8320778354198587
15258,Stayed,0.48289888804634573,0.5171011119536543
70142,Left,0.7298022487835116,0.2701977512164884
3883,Stayed,0.33329848616624735,0.6667015138337526
23688,Left,0.9232553698619492,0.07674463013805075
55254,Stayed,0.21073922402483292,0.7892607759751671
50487,Left,0.7042111239923754,0.29578887600762466
18145,Left,0.9271217479352726,0.07287825206472742
29018,Left,0.871703610398413,0.12829638960158693
25138,Stayed,0.47001076769565586,0.5299892323043441
22214,Left,0.6626855468940555,0.33731445310594455
15588,Stayed,0.4359225909022061,0.5640774090977939
13115,Stayed,0.3470557821658994,0.6529442178341006
19893,Left,0.6286909480352542,0.37130905196474584
67718,Stayed,0.2375578984053952,0.7624421015946048
25390,Left,0.8669644725965293,0.13303552740347074
3856,Left,0.6443969261061353,0.35560307389386464
22993,Left,0.9290429674470521,0.0709570325529479
55516,Left,0.6738455309741671,0.3261544690258329
27815,Left,0.7450248392591188,0.2549751607408813
68601,Stayed,0.2782181283892695,0.7217818716107305
53128,Stayed,0.44723376197276554,0.5527662380272345
11752,Stayed,0.12199753320912532,0.8780024667908747
53853,Left,0.6324133531258243,0.3675866468741758
33499,Left,0.9256137956395296,0.07438620436047044
58980,Stayed,0.06934028072698561,0.9306597192730144
55542,Left,0.642271505645895,0.357728494354105
1991,Stayed,0.09148023813992345,0.9085197618600765
61540,Left,0.7606122817178163,0.2393877182821838
16599,Stayed,0.40315450870631697,0.596845491293683
4614,Left,0.9531336151501029,0.04686638484989715
28417,Left,0.6376225589876219,0.3623774410123781
21583,Stayed,0.23199236292347636,0.7680076370765236
8172,Stayed,0.27350096549742164,0.7264990345025784
9012,Left,0.8700706347324761,0.12992936526752388
401,Left,0.854687960413989,0.14531203958601102
53340,Stayed,0.31640404186414095,0.683595958135859
16779,Left,0.9080314488617687,0.09196855113823135
26519,Stayed,0.4164129495697537,0.5835870504302463
23521,Stayed,0.04649895122859271,0.9535010487714073
64259,Left,0.5518927113574678,0.44810728864253224
4646,Stayed,0.07407067395981515,0.9259293260401849
9640,Stayed,0.3417648848147504,0.6582351151852496
27850,Stayed,0.4698546122014988,0.5301453877985012
62931,Left,0.6425925498262249,0.35740745017377507
21503,Left,0.8160572674628724,0.18394273253712753
32885,Left,0.9103788669024109,0.08962113309758918
62300,Left,0.6422396343522178,0.35776036564778224
22516,Stayed,0.10895213906376033,0.8910478609362397
26361,Stayed,0.12025483141330306,0.8797451685866969
11651,Stayed,0.24025391464063817,0.7597460853593618
12682,Left,0.8916789075884817,0.10832109241151835
30453,Left,0.907282134268396,0.09271786573160402
3307,Left,0.6468978150250253,0.35310218497497464
46847,Stayed,0.39696442764333073,0.6030355723566693
37033,Stayed,0.06807065405236334,0.9319293459476367
44404,Stayed,0.3622268525224147,0.6377731474775853
35377,Left,0.593216582925994,0.406783417074006
53744,Stayed,0.3851803245337886,0.6148196754662114
10187,Left,0.9636058494853805,0.03639415051461946
10943,Left,0.5763431908744969,0.42365680912550313
24184,Stayed,0.2251470089138048,0.7748529910861952
19910,Left,0.9334772080230063,0.0665227919769937
15404,Stayed,0.1505713239338351,0.8494286760661649
37377,Left,0.974795526873779,0.02520447312622098
2311,Stayed,0.171147559549082,0.828852440450918
24654,Left,0.5169431359352277,0.4830568640647723
40,Stayed,0.2574105448463039,0.7425894551536961
39015,Left,0.7964915971945103,0.20350840280548968
3174,Left,0.8018991425576517,0.19810085744234826
36976,Left,0.6314759303732403,0.36852406962675965
41053,Stayed,0.4889302277436761,0.5110697722563239
45669,Stayed,0.35551983813095756,0.6444801618690424
63501,Left,0.6176389421738763,0.38236105782612373
32711,Stayed,0.32836149693375094,0.6716385030662491
8634,Stayed,0.4823030575998716,0.5176969424001284
45845,Stayed,0.03145710811767799,0.968542891882322
22221,Stayed,0.03319731179251839,0.9668026882074816
20041,Left,0.828840046766134,0.17115995323386599
53103,Stayed,0.4585395063352984,0.5414604936647016
49566,Left,0.833476476988554,0.166523523011446
22390,Stayed,0.4116618427291522,0.5883381572708478
34910,Left,0.8063340106677881,0.19366598933221196
22143,Stayed,0.3421220145407534,0.6578779854592466
23638,Stayed,0.14475766497223763,0.8552423350277624
48394,Stayed,0.006383256997413156,0.9936167430025868
31983,Left,0.6933710936133677,0.3066289063866323
35728,Stayed,0.04956784665444913,0.9504321533455509
20511,Stayed,0.15703418663644686,0.8429658133635531
3395,Left,0.5687857593873731,0.431214240612627
46551,Stayed,0.08761081698405859,0.9123891830159414
53637,Stayed,0.35838881673469825,0.6416111832653018
71756,Left,0.8187278613142424,0.1812721386857577
5035,Stayed,0.08211752413638507,0.9178824758636149
24694,Left,0.587508213987527,0.4124917860124731
24394,Stayed,0.43908594579815796,0.560914054201842
27102,Left,0.8382957814731,0.16170421852689992
14128,Left,0.6563603421186956,0.3436396578813044
26585,Stayed,0.49868730636964476,0.5013126936303552
36533,Left,0.7589568909736109,0.2410431090263891
13594,Stayed,0.44970079625260484,0.5502992037473952
17560,Left,0.5444102177393674,0.4555897822606326
68982,Left,0.5709974199267168,0.4290025800732832
29515,Left,0.6589894584162213,0.3410105415837788
62679,Left,0.5736522216693939,0.4263477783306061
18710,Left,0.6029226307420661,0.3970773692579339
39383,Stayed,0.0789070591375095,0.9210929408624905
55989,Left,0.9540587138942487,0.04594128610575135
43994,Left,0.502639495632857,0.4973605043671429
8547,Stayed,0.08918921818850511,0.9108107818114949
55790,Left,0.6360147360898618,0.36398526391013813
9729,Left,0.5286186712445071,0.4713813287554929
47033,Left,0.8657387086968575,0.13426129130314246
19491,Left,0.9270095105104125,0.07299048948958757
32612,Stayed,0.024231333720672654,0.9757686662793273
66330,Stayed,0.16790494892335395,0.832095051076646
59757,Left,0.5031585823535085,0.4968414176464914
64774,Left,0.8328720609586371,0.16712793904136294
48491,Left,0.6844462178026668,0.3155537821973332
21612,Stayed,0.3216184576498019,0.6783815423501981
3343,Left,0.5795667514476399,0.42043324855236003
40620,Left,0.7775522571161902,0.22244774288380972
65760,Left,0.5698509434756414,0.43014905652435864
23144,Stayed,0.06729084179911382,0.9327091582008862
1764,Left,0.5819963001985637,0.4180036998014363
36884,Left,0.9726135417514273,0.027386458248572613
8960,Stayed,0.28472674509772167,0.7152732549022783
73611,Stayed,0.04462548167883729,0.9553745183211627
12529,Stayed,0.37249189575788166,0.6275081042421183
6637,Left,0.8384480357657221,0.16155196423427787
16949,Stayed,0.4728884783841035,0.5271115216158965
29254,Left,0.8112229233527717,0.18877707664722837
74465,Stayed,0.348279110765197,0.651720889234803
39772,Left,0.6510646671530698,0.3489353328469303
49749,Left,0.6171189665536561,0.38288103344634394
44033,Stayed,0.2526545445679995,0.7473454554320005
30304,Left,0.8931060985042427,0.10689390149575732
15872,Left,0.8943142215692663,0.10568577843073373
20832,Left,0.8039123006417286,0.19608769935827136
43494,Stayed,0.30171301390148475,0.6982869860985152
44319,Stayed,0.37776010043153174,0.6222398995684683
13008,Stayed,0.4459214095307822,0.5540785904692178
62717,Left,0.8694877576023596,0.13051224239764037
22161,Left,0.906857628987824,0.09314237101217604
61014,Stayed,0.10717197079267715,0.8928280292073228
5158,Left,0.5141714684168726,0.4858285315831275
1403,Left,0.5760852977301212,0.4239147022698789
1231,Left,0.85982319514319,0.14017680485680994
9114,Stayed,0.042456547089313346,0.9575434529106867
39006,Stayed,0.31362085473934,0.68637914526066
27615,Stayed,0.16082891452142134,0.8391710854785787
52813,Stayed,0.012566900844413698,0.9874330991555863
68464,Stayed,0.37292480723359345,0.6270751927664066
36775,Stayed,0.21200653884651965,0.7879934611534803
23038,Left,0.8595664455546714,0.1404335544453285
43065,Stayed,0.46222159768154825,0.5377784023184518
71894,Stayed,0.24092146033931816,0.7590785396606818
7837,Left,0.7859792405685394,0.2140207594314606
56305,Left,0.7162055124039097,0.28379448759609033
64351,Stayed,0.2056478087699266,0.7943521912300734
66567,Left,0.7631119387920242,0.2368880612079758
9713,Left,0.8971318779432355,0.1028681220567645
60325,Stayed,0.0710651475437778,0.9289348524562222
20098,Stayed,0.03457292745051421,0.9654270725494858
14399,Left,0.5986875596290243,0.4013124403709757
70728,Left,0.9762518564443267,0.023748143555673385
31180,Left,0.7702895610586046,0.22971043894139542
47944,Left,0.9466406863462006,0.05335931365379942
22205,Stayed,0.18309104351658423,0.8169089564834158
71790,Left,0.884603048107874,0.11539695189212598
5634,Left,0.88546864629242,0.11453135370758005
71094,Left,0.6199659137643647,0.3800340862356352
26382,Stayed,0.05288134346938822,0.9471186565306118
65714,Left,0.5112416765050762,0.4887583234949237
14048,Stayed,0.06563498318322769,0.9343650168167723
65827,Left,0.8372268259344513,0.1627731740655487
12111,Left,0.8338230448989914,0.16617695510100863
36538,Stayed,0.030255870768884807,0.9697441292311152
1327,Stayed,0.16526987986100794,0.8347301201389921
28631,Left,0.6319172750018163,0.3680827249981837
15700,Left,0.7006307974355805,0.2993692025644194
69925,Left,0.5753462368875286,0.4246537631124714
58205,Left,0.6269769494800677,0.3730230505199323
42047,Stayed,0.09387830687286347,0.9061216931271365
20410,Stayed,0.11310368361955347,0.8868963163804465
11608,Stayed,0.0619632805724466,0.9380367194275534
38955,Left,0.6439917996960361,0.35600820030396385
69984,Stayed,0.23851624669823146,0.7614837533017685
29026,Stayed,0.2631117365932729,0.7368882634067271
69901,Left,0.5594515927623624,0.44054840723763755
18796,Left,0.6271783516970687,0.3728216483029313
24865,Left,0.6417090563773185,0.3582909436226816
51521,Left,0.5708766264465697,0.4291233735534304
23859,Left,0.647067392444766,0.35293260755523403
50060,Stayed,0.37427426772188754,0.6257257322781125
57687,Stayed,0.443380934499484,0.556619065500516
5224,Stayed,0.1737667952692905,0.8262332047307095
15529,Left,0.5948760324141166,0.4051239675858834
19913,Stayed,0.28325414287819417,0.7167458571218058
22649,Left,0.8045108554600054,0.19548914453999455
55742,Left,0.5001635947076295,0.49983640529237056
950,Left,0.5656230543544588,0.4343769456455412
53798,Left,0.8222736630549617,0.17772633694503828
6657,Left,0.9431797062275616,0.05682029377243835
13110,Left,0.7438562703904529,0.2561437296095471
45692,Left,0.5964580348794758,0.4035419651205242
40841,Left,0.9631660110796524,0.03683398892034757
51206,Left,0.6897444557633178,0.3102555442366822
40102,Left,0.8191832437211507,0.1808167562788493
72944,Stayed,0.14494751146368712,0.8550524885363129
5183,Left,0.8689628835037914,0.13103711649620867
13042,Stayed,0.11874099317443387,0.8812590068255661
7664,Left,0.7752639443748249,0.2247360556251751
57342,Left,0.5154685638799847,0.4845314361200153
54527,Stayed,0.02249355210367321,0.9775064478963268
24201,Left,0.6696477602894337,0.3303522397105662
69720,Stayed,0.29404486703412114,0.7059551329658789
61437,Stayed,0.3667932560874193,0.6332067439125807
48300,Stayed,0.19879445525340877,0.8012055447465912
2352,Stayed,0.4932857895475973,0.5067142104524027
54715,Stayed,0.3720333606978081,0.6279666393021919
42101,Left,0.6565258909234712,0.3434741090765288
73569,Left,0.5254967736830867,0.47450322631691333
30745,Left,0.5500939253402941,0.4499060746597059
2060,Left,0.9797196081723168,0.020280391827683205
37924,Left,0.7402777370185073,0.2597222629814927
10949,Stayed,0.10054278582158938,0.8994572141784106
51175,Left,0.9256659516264935,0.07433404837350652
25736,Stayed,0.46916645157264447,0.5308335484273555
62139,Stayed,0.3795878851372194,0.6204121148627806
33449,Stayed,0.3781915855910537,0.6218084144089463
24295,Left,0.5070497644293709,0.4929502355706291
55403,Stayed,0.1667825436625081,0.8332174563374919
16568,Left,0.9400149057800469,0.05998509421995311
60480,Left,0.8644387560525083,0.13556124394749167
26152,Stayed,0.16093936095941674,0.8390606390405833
68809,Left,0.9033143749663259,0.09668562503367405
60833,Left,0.7485467324563172,0.2514532675436828
1843,Left,0.8453051738624306,0.1546948261375694
13825,Left,0.5420954959165748,0.4579045040834252
56962,Stayed,0.3602493253094985,0.6397506746905015
68953,Stayed,0.12470144072289824,0.8752985592771018
32000,Stayed,0.4092778572046195,0.5907221427953805
59293,Left,0.7421795715965271,0.2578204284034729
38708,Stayed,0.010405067493977738,0.9895949325060223
66985,Left,0.8430895362196834,0.1569104637803166
48290,Left,0.606337072399173,0.39366292760082705
58473,Left,0.7527319482946903,0.24726805170530974
16867,Stayed,0.052928989307972185,0.9470710106920278
41670,Stayed,0.40443977742461856,0.5955602225753814
41072,Stayed,0.23495466971377177,0.7650453302862282
66420,Left,0.5295478950933872,0.47045210490661277
14120,Left,0.6495756074726128,0.3504243925273872
41808,Left,0.7552897689300282,0.24471023106997175
69089,Left,0.8268729914186398,0.17312700858136024
63339,Left,0.5777522505825002,0.42224774941749976
42244,Left,0.9353972651947703,0.06460273480522968
60256,Stayed,0.30538889502205346,0.6946111049779465
47437,Left,0.5792607665835645,0.42073923341643554
64398,Stayed,0.40454001514250215,0.5954599848574978
42613,Stayed,0.378027131944065,0.621972868055935
45041,Left,0.7988289136571615,0.2011710863428385
21364,Left,0.5505879265187215,0.4494120734812786
29134,Left,0.8060820168982521,0.19391798310174788
31691,Stayed,0.14102041501466245,0.8589795849853376
52457,Stayed,0.42465776578126,0.57534223421874
25375,Left,0.9209162539602722,0.07908374603972783
11363,Left,0.7911788490097122,0.20882115099028775
31578,Stayed,0.13043577800169992,0.8695642219983001
51420,Stayed,0.3733474909529999,0.6266525090470001
6686,Left,0.7373521177652615,0.2626478822347384
32534,Left,0.8328649199860481,0.16713508001395191
26201,Stayed,0.3806972487028607,0.6193027512971393
30225,Left,0.6356488021128412,0.36435119788715875
57026,Left,0.7868408133197511,0.2131591866802489
35406,Stayed,0.17374367859732454,0.8262563214026755
38535,Left,0.8088527630436805,0.19114723695631955
56291,Stayed,0.27536758687814844,0.7246324131218516
71457,Left,0.7771898523375599,0.2228101476624401
5876,Stayed,0.31208868160093417,0.6879113183990658
14593,Stayed,0.33483413725396316,0.6651658627460368
61292,Left,0.7423381974113346,0.25766180258866545
64904,Stayed,0.14461062443116457,0.8553893755688354
66350,Left,0.6738974131835894,0.3261025868164106
5763,Left,0.8358175264895505,0.16418247351044946
2115,Stayed,0.2932322420119079,0.7067677579880921
32486,Left,0.8007559618012337,0.19924403819876635
2190,Stayed,0.20983586416662536,0.7901641358333746
68681,Left,0.8327519135082435,0.16724808649175651
46595,Left,0.5306775846880407,0.4693224153119593
20714,Left,0.7334577118424761,0.2665422881575239
72537,Left,0.8113108407665748,0.18868915923342516
62119,Left,0.8663108004717482,0.13368919952825173
71687,Stayed,0.4385614284624858,0.5614385715375142
39198,Stayed,0.19851875594495483,0.8014812440550452
64664,Stayed,0.43984501388550723,0.5601549861144928
61180,Stayed,0.3234629507333847,0.6765370492666153
74013,Stayed,0.3216976798846912,0.6783023201153088
10698,Left,0.5534032936643877,0.4465967063356123
10093,Left,0.8552474226292731,0.14475257737072686
46471,Left,0.7468182414958231,0.25318175850417685
58081,Left,0.8648374477474553,0.13516255225254473
19697,Stayed,0.02541551678601439,0.9745844832139856
35308,Stayed,0.34904720823603674,0.6509527917639633
54489,Left,0.5859087056173631,0.414091294382637
7145,Stayed,0.46478397079770883,0.5352160292022912
56338,Stayed,0.22360653701127664,0.7763934629887234
72683,Left,0.8284857182051938,0.1715142817948062
69952,Left,0.7671594222522545,0.2328405777477455
37594,Stayed,0.23320750487716813,0.7667924951228319
9023,Left,0.7093227577067214,0.29067724229327857
10894,Stayed,0.3542766513294502,0.6457233486705498
14994,Left,0.9072569536144917,0.0927430463855083
11089,Left,0.8720876333030301,0.12791236669696995
43581,Stayed,0.098114161588712,0.901885838411288
15997,Left,0.7665612210613618,0.2334387789386382
30234,Stayed,0.2590911986018011,0.7409088013981989
16914,Left,0.9479452360637267,0.05205476393627332
26547,Left,0.5081771827887884,0.49182281721121157
21547,Left,0.7082919474806254,0.2917080525193746
50779,Stayed,0.4195294417800659,0.5804705582199341
55396,Left,0.5511273160476605,0.4488726839523395
47360,Left,0.7850933425451323,0.21490665745486776
59405,Stayed,0.33934679025255554,0.6606532097474445
60358,Left,0.7242093543034713,0.27579064569652867
2010,Left,0.7842834419002701,0.21571655809972992
59144,Stayed,0.41780001637946074,0.5821999836205393
60885,Stayed,0.16531722681937866,0.8346827731806213
27802,Left,0.9333696629714585,0.06663033702854143
41958,Left,0.8243061942574433,0.17569380574255664
64327,Left,0.7987190653029111,0.20128093469708883
58254,Stayed,0.11834179481819096,0.881658205181809
55248,Stayed,0.3986861330107463,0.6013138669892537
26787,Stayed,0.4032778900735472,0.5967221099264528
8749,Left,0.8096521110741142,0.19034788892588578
43892,Left,0.6058903707766412,0.3941096292233588
56267,Stayed,0.4495060589573888,0.5504939410426112
19243,Stayed,0.17618091724622587,0.8238190827537741
37338,Stayed,0.35292003456024723,0.6470799654397528
24923,Left,0.8301832994449478,0.16981670055505213
54173,Stayed,0.28217641904364466,0.7178235809563553
44430,Stayed,0.42437677233013615,0.5756232276698638
50667,Left,0.8245655129366791,0.17543448706332085
10154,Stayed,0.01054930370842988,0.9894506962915701
22938,Stayed,0.47362185823901815,0.5263781417609819
67330,Left,0.6105881534499059,0.3894118465500941
7417,Stayed,0.0655066355623648,0.9344933644376352
74434,Stayed,0.027027580029280185,0.9729724199707198
59291,Left,0.7770991180299804,0.22290088197001953
17013,Stayed,0.3781718024359504,0.6218281975640496
21219,Stayed,0.02607540467601288,0.9739245953239871
74274,Left,0.8522301145033064,0.1477698854966935
46721,Left,0.7732982967928405,0.22670170320715954
66714,Stayed,0.49182626983636213,0.5081737301636379
36501,Stayed,0.183726700639803,0.816273299360197
6371,Stayed,0.03297111049970336,0.9670288895002966
30790,Stayed,0.12052919655572225,0.8794708034442777
51709,Left,0.6262459571120251,0.3737540428879748
10263,Stayed,0.0688806161312352,0.9311193838687648
40477,Stayed,0.07784885174586498,0.922151148254135
20764,Stayed,0.4283630715589478,0.5716369284410522
53061,Left,0.5015521983956133,0.4984478016043867
40305,Stayed,0.07612314381074747,0.9238768561892525
59316,Left,0.966637495691952,0.033362504308047984
9264,Stayed,0.3105340329249874,0.6894659670750126
41268,Left,0.9738296692991499,0.026170330700850102
16613,Left,0.6661517505443778,0.3338482494556222
30577,Left,0.6278581343661982,0.37214186563380186
20804,Left,0.8817615446604339,0.11823845533956609
59795,Left,0.6122318959819953,0.38776810401800466
54840,Stayed,0.2633389175978843,0.7366610824021157
11456,Stayed,0.06130662727872038,0.9386933727212796
18035,Left,0.9038561440372784,0.09614385596272154
3508,Stayed,0.4090595649128246,0.5909404350871754
18140,Left,0.6633602905274544,0.3366397094725456
35809,Left,0.9726376360485866,0.027362363951413445
11857,Stayed,0.12481211992116104,0.875187880078839
38456,Stayed,0.06486784919271926,0.9351321508072807
40293,Left,0.7847118185910998,0.21528818140890016
20625,Left,0.5205876709296484,0.4794123290703516
29822,Stayed,0.0439630039509038,0.9560369960490962
1575,Left,0.5201169324038448,0.4798830675961552
38428,Stayed,0.3899951244547516,0.6100048755452484
13718,Stayed,0.1486119970809614,0.8513880029190386
19373,Left,0.6550321716645654,0.3449678283354346
47163,Stayed,0.13425771291244548,0.8657422870875545
40730,Stayed,0.0899736196530313,0.9100263803469687
63407,Left,0.6492074635488763,0.3507925364511238
35165,Stayed,0.14189344170679297,0.858106558293207
72188,Left,0.798206448668999,0.2017935513310009
4067,Stayed,0.1590689509988491,0.8409310490011509
25078,Left,0.7079261764004527,0.2920738235995473
15057,Left,0.870341621687027,0.12965837831297294
22573,Stayed,0.25234916402452745,0.7476508359754725
37943,Stayed,0.47750625203457664,0.5224937479654234
64895,Left,0.8418162698304719,0.15818373016952814
14645,Stayed,0.14016062476942526,0.8598393752305747
31869,Stayed,0.178317466185556,0.821682533814444
46788,Stayed,0.41250932355868764,0.5874906764413124
28878,Left,0.9313354573397294,0.06866454266027051
65081,Left,0.9868552794601199,0.013144720539880103
48879,Stayed,0.14505542152267925,0.8549445784773207
31928,Stayed,0.35713016352340143,0.6428698364765986
789,Stayed,0.07833535555711146,0.9216646444428885
19265,Left,0.9711028607132398,0.028897139286760215
32673,Left,0.5986520793929961,0.4013479206070039
59902,Left,0.8605472493336016,0.1394527506663984
46635,Left,0.9433570210887284,0.05664297891127157
5983,Stayed,0.48063463248859195,0.519365367511408
213,Left,0.5131493019070036,0.4868506980929964
2300,Left,0.6938960391017772,0.3061039608982227
30674,Stayed,0.22619624476505928,0.7738037552349407
12594,Stayed,0.21416111042089248,0.7858388895791075
45756,Left,0.5618029268884464,0.43819707311155365
35464,Stayed,0.07338403114780856,0.9266159688521914
73061,Left,0.7651910384429881,0.23480896155701192
40105,Stayed,0.2852185082224875,0.7147814917775125
44925,Left,0.5345876210959013,0.4654123789040987
31695,Stayed,0.15492724492170018,0.8450727550782998
3293,Stayed,0.46205242580604877,0.5379475741939512
15816,Stayed,0.26251410214948057,0.7374858978505194
29046,Left,0.9821302193162612,0.01786978068373874
22922,Stayed,0.2948006084928587,0.7051993915071413
40692,Stayed,0.22456005889190545,0.7754399411080946
17824,Stayed,0.41110131215478296,0.588898687845217
36331,Left,0.779576830194996,0.22042316980500398
1036,Stayed,0.4412167760239176,0.5587832239760824
3081,Left,0.6979909316078192,0.30200906839218083
16225,Stayed,0.17835698727231464,0.8216430127276854
55456,Stayed,0.08358203054753033,0.9164179694524697
27659,Left,0.81967400983352,0.18032599016648002
51065,Left,0.7793045040487951,0.22069549595120488
24981,Stayed,0.29073062163522456,0.7092693783647754
66508,Left,0.7412647268345425,0.25873527316545747
49907,Left,0.6030467152784824,0.3969532847215176
70443,Stayed,0.12347267938983963,0.8765273206101604
52748,Stayed,0.046518413806971415,0.9534815861930286
60437,Stayed,0.10007423118577752,0.8999257688142225
48144,Stayed,0.058666168254670636,0.9413338317453294
63790,Stayed,0.12728423443993153,0.8727157655600685
69148,Left,0.9715337912562858,0.028466208743714225
40416,Stayed,0.45124734284419366,0.5487526571558063
12441,Stayed,0.3949243878826758,0.6050756121173242
36615,Stayed,0.39034058695578167,0.6096594130442183
59884,Stayed,0.2756644046541271,0.7243355953458729
59832,Left,0.6293933859739473,0.3706066140260527
7480,Stayed,0.19300254419549268,0.8069974558045073
62697,Stayed,0.1934876987423051,0.8065123012576949
13814,Left,0.8790291821268239,0.12097081787317612
30228,Stayed,0.42387378982855584,0.5761262101714442
36041,Left,0.6127992048613393,0.3872007951386606
10183,Left,0.791554890710661,0.20844510928933904
72145,Left,0.710812525490039,0.2891874745099609
64678,Left,0.6546745430473795,0.3453254569526205
41157,Left,0.9142235547709233,0.08577644522907664
46891,Left,0.8234076817281551,0.17659231827184488
58187,Left,0.9318259510030996,0.06817404899690037
268,Stayed,0.48632973949707836,0.5136702605029216
9799,Left,0.5940679455748461,0.40593205442515384
15138,Stayed,0.3108231887828009,0.6891768112171991
67584,Stayed,0.3043018740851494,0.6956981259148506
29780,Left,0.8917616768568103,0.10823832314318975
821,Stayed,0.23074665556412954,0.7692533444358705
18360,Left,0.8742016123769314,0.12579838762306855
23176,Left,0.5345324463737459,0.46546755362625414
9106,Stayed,0.23932651362039026,0.7606734863796097
60593,Left,0.6064842707520499,0.3935157292479501
44969,Left,0.5254292649301944,0.47457073506980557
31381,Stayed,0.4942608051597249,0.5057391948402751
26314,Left,0.5761102258158028,0.42388977418419715
73547,Stayed,0.3009239102966459,0.6990760897033541
41807,Left,0.9141962886474821,0.0858037113525178
49019,Left,0.5559294121473364,0.4440705878526636
29008,Left,0.9235603731807465,0.07643962681925356
12601,Stayed,0.37867781652831356,0.6213221834716864
45447,Stayed,0.259622533834846,0.740377466165154
7706,Stayed,0.21075582923735625,0.7892441707626437
2687,Left,0.7595451026829485,0.2404548973170515
63781,Stayed,0.3639262425538905,0.6360737574461095
69681,Stayed,0.09879445864444603,0.901205541355554
63684,Stayed,0.23040440679163154,0.7695955932083685
44938,Left,0.8596383447010764,0.14036165529892367
11374,Left,0.8636053853297675,0.1363946146702325
58184,Left,0.7515936925874667,0.24840630741253336
60071,Stayed,0.31152703605825127,0.6884729639417487
721,Left,0.7355823452804784,0.26441765471952167
15500,Stayed,0.365628253077002,0.634371746922998
43377,Stayed,0.25925814014785387,0.7407418598521461
47881,Stayed,0.11280259564974315,0.8871974043502568
16531,Left,0.6421243766796265,0.35787562332037354
11297,Left,0.97116653871028,0.028833461289719933
32998,Stayed,0.37202226196204524,0.6279777380379548
8910,Stayed,0.19107586812926736,0.8089241318707326
20603,Stayed,0.26619135139496286,0.7338086486050371
14362,Stayed,0.38161958551491326,0.6183804144850867
29388,Stayed,0.12073817466219339,0.8792618253378066
73337,Left,0.6485229278777414,0.3514770721222587
52898,Stayed,0.07300482090298466,0.9269951790970153
57753,Stayed,0.181268951087882,0.818731048912118
50066,Left,0.8314807665702965,0.1685192334297035
22614,Stayed,0.12795619803124525,0.8720438019687548
38598,Stayed,0.02940126316222158,0.9705987368377784
59806,Left,0.509748771152576,0.490251228847424
11996,Left,0.9407836758064331,0.059216324193566934
36071,Stayed,0.3566889836011342,0.6433110163988658
58004,Left,0.8516857267342666,0.1483142732657335
38644,Left,0.599106212726372,0.40089378727362796
46774,Stayed,0.1675477104087051,0.8324522895912949
44535,Stayed,0.11153291645237129,0.8884670835476287
42287,Stayed,0.3632162798590608,0.6367837201409392
64079,Left,0.633758815678375,0.366241184321625
22546,Left,0.7648240071639546,0.23517599283604543
18394,Left,0.7497115147324616,0.2502884852675385
5987,Left,0.5877229148776267,0.41227708512237327
54113,Stayed,0.18220793587914752,0.8177920641208525
12937,Left,0.8770654749300908,0.12293452506990926
50275,Left,0.7487077414055271,0.2512922585944729
9009,Stayed,0.48476043051396733,0.5152395694860327
9452,Stayed,0.08360504425833637,0.9163949557416636
7980,Stayed,0.0558319656647458,0.9441680343352542
39475,Stayed,0.14202659662033645,0.8579734033796635
62466,Left,0.6972686223997143,0.3027313776002857
28043,Left,0.6137749998453214,0.38622500015467864
24665,Left,0.500536618062358,0.49946338193764195
68937,Left,0.5653097394617277,0.43469026053827226
28108,Stayed,0.490744517938821,0.509255482061179
50162,Left,0.5917198587171211,0.4082801412828789
33357,Stayed,0.19186477762773713,0.8081352223722629
19736,Stayed,0.3295972813014798,0.6704027186985202
32170,Left,0.6137037052820135,0.38629629471798654
48186,Left,0.9742982402992021,0.02570175970079795
28462,Stayed,0.3130824108211272,0.6869175891788728
67665,Stayed,0.2586385017854512,0.7413614982145488
24889,Left,0.7155470355794509,0.2844529644205492
6480,Stayed,0.23265548875615227,0.7673445112438477
19569,Stayed,0.260247995264963,0.739752004735037
21982,Left,0.781479608007069,0.21852039199293108
18201,Left,0.7463806604852268,0.2536193395147732
35135,Stayed,0.20483798331391345,0.7951620166860865
46400,Stayed,0.2296123907715253,0.7703876092284747
34825,Left,0.8460920227382336,0.15390797726176647
34908,Stayed,0.04731758250892437,0.9526824174910756
54476,Stayed,0.49218007424001053,0.5078199257599895
61797,Left,0.6763205195387227,0.3236794804612772
56011,Left,0.7238111867929962,0.2761888132070039
31244,Left,0.8379038670843754,0.1620961329156246
9310,Left,0.8755190793064241,0.12448092069357584
4423,Stayed,0.26524964249421734,0.7347503575057827
13288,Left,0.5478804192320754,0.4521195807679246
10475,Left,0.6283684036861459,0.3716315963138542
64434,Stayed,0.38810913418722115,0.6118908658127789
46873,Left,0.5462644391347778,0.45373556086522215
47782,Stayed,0.4150790922677776,0.5849209077322224
42410,Stayed,0.08649673527823021,0.9135032647217698
4080,Stayed,0.086836891111014,0.913163108888986
43346,Left,0.6268730916519427,0.37312690834805723
62182,Left,0.6161090838572589,0.383890916142741
51559,Stayed,0.3143233020840024,0.6856766979159976
56107,Left,0.9306008899554878,0.06939911004451221
972,Stayed,0.2571898681120126,0.7428101318879874
24180,Left,0.6816850168103676,0.3183149831896324
18046,Left,0.6251602772032371,0.3748397227967629
3800,Stayed,0.31022237711953726,0.6897776228804627
42075,Left,0.6715110013738272,0.3284889986261728
12308,Stayed,0.24881085381319645,0.7511891461868035
72081,Left,0.7213698779494908,0.2786301220505092
55283,Stayed,0.4003206204069588,0.5996793795930412
37544,Stayed,0.44686966799258687,0.5531303320074131
62927,Stayed,0.0745058281288059,0.9254941718711941
12039,Stayed,0.07237759630541263,0.9276224036945874
46566,Left,0.6607068500069907,0.3392931499930093
56710,Stayed,0.30519130302381525,0.6948086969761847
18850,Stayed,0.10006924691932295,0.899930753080677
5346,Stayed,0.01335659088991592,0.9866434091100841
62388,Left,0.6888601423875809,0.31113985761241914
57684,Stayed,0.10530377680848557,0.8946962231915144
51719,Stayed,0.06273758734654411,0.9372624126534559
55822,Stayed,0.43678914668495095,0.563210853315049
25409,Left,0.9272850493305229,0.07271495066947709
39700,Left,0.9255724889473748,0.0744275110526252
53372,Left,0.5968934742396006,0.40310652576039946
42932,Left,0.7095324193863037,0.29046758061369626
58237,Left,0.868523442596133,0.131476557403867
25828,Left,0.8590806495188948,0.14091935048110515
22631,Stayed,0.24785763828168894,0.7521423617183111
23924,Left,0.7947023420100621,0.20529765798993793
45670,Stayed,0.49383921874944314,0.5061607812505569
30863,Left,0.5168683051010707,0.4831316948989292
30961,Left,0.7487346779055842,0.25126532209441577
41456,Left,0.794251255090213,0.20574874490978695
34943,Stayed,0.08598708963683954,0.9140129103631605
51184,Left,0.8478978161300514,0.15210218386994853
64899,Stayed,0.4671869346111218,0.5328130653888782
16538,Left,0.632998056872371,0.36700194312762907
24053,Left,0.9177162966925436,0.08228370330745642
15786,Stayed,0.1854652609183034,0.8145347390816966
10584,Left,0.622369275232302,0.377630724767698
61151,Left,0.5842766623676783,0.4157233376323217
42454,Left,0.5010158716902363,0.4989841283097637
35833,Left,0.6649569281563577,0.3350430718436424
22819,Left,0.7148479651344501,0.2851520348655499
1697,Stayed,0.3823639744341061,0.6176360255658939
32623,Left,0.6034914220671226,0.39650857793287747
59309,Left,0.558129359702613,0.441870640297387
14544,Left,0.6091223929625155,0.39087760703748453
10853,Left,0.5051002236712335,0.49489977632876647
37772,Stayed,0.03574411975168745,0.9642558802483125
63969,Stayed,0.406160040492228,0.593839959507772
43134,Left,0.5025997052427992,0.4974002947572008
73759,Left,0.8411059176067035,0.15889408239329644
14230,Left,0.7011205620130117,0.2988794379869884
54959,Left,0.7454710195362758,0.2545289804637242
73139,Stayed,0.05296734912126666,0.9470326508787333
69508,Left,0.8950133799712876,0.1049866200287124
10103,Stayed,0.2262529313265621,0.7737470686734379
66211,Left,0.8549244933565929,0.1450755066434071
54230,Stayed,0.3231511290986552,0.6768488709013448
45744,Left,0.701970830646707,0.29802916935329304
1004,Stayed,0.007441212238565198,0.9925587877614348
8709,Left,0.9056372981919861,0.09436270180801391
35349,Left,0.8554790879749508,0.14452091202504927
66473,Stayed,0.14359373688595545,0.8564062631140446
38995,Stayed,0.04335291372187133,0.9566470862781287
30297,Left,0.9231367041194075,0.07686329588059253
33185,Stayed,0.22740035737784092,0.7725996426221591
48790,Left,0.6914728760119784,0.3085271239880216
35310,Left,0.606919736692899,0.393080263307101
42954,Stayed,0.04627382877624264,0.9537261712237574
3621,Left,0.8211393350901517,0.17886066490984825
57759,Left,0.5563343140241561,0.44366568597584394
14607,Left,0.6873161358017594,0.31268386419824057
41229,Left,0.7689184306920194,0.2310815693079806
6202,Stayed,0.4217952416040417,0.5782047583959583
40698,Stayed,0.20235986071155176,0.7976401392884482
60252,Left,0.9598609880675074,0.040139011932492585
14188,Stayed,0.2562749692453392,0.7437250307546608
66379,Stayed,0.2950137587132545,0.7049862412867455
59069,Stayed,0.15648824772313652,0.8435117522768635
37319,Stayed,0.2905237014758201,0.7094762985241799
27675,Stayed,0.34710397290623984,0.6528960270937602
4161,Stayed,0.44714342929634376,0.5528565707036562
43960,Stayed,0.15297587586994799,0.847024124130052
55794,Stayed,0.20495925660026926,0.7950407433997307
65170,Left,0.5486150834976815,0.45138491650231843
60193,Left,0.6857433359607285,0.31425666403927155
50553,Stayed,0.07356762200626765,0.9264323779937323
38592,Left,0.562927259657466,0.43707274034253396
20396,Stayed,0.1691031472706951,0.8308968527293049
59600,Stayed,0.01802106556017158,0.9819789344398284
46499,Stayed,0.47486896244753785,0.5251310375524622
57089,Stayed,0.2339142886594785,0.7660857113405215
47812,Stayed,0.3806655384565012,0.6193344615434988
63648,Stayed,0.20858669718873446,0.7914133028112655
2772,Left,0.9024745057553475,0.09752549424465247
65507,Stayed,0.3041082906246285,0.6958917093753715
44614,Stayed,0.34120015975495843,0.6587998402450416
5555,Left,0.9172135384926395,0.08278646150736049
5257,Left,0.5374461006022457,0.4625538993977542
40231,Left,0.6838257850991369,0.3161742149008631
69034,Left,0.8884529979125783,0.11154700208742178
43777,Stayed,0.1558249916639617,0.8441750083360383
62071,Left,0.8962095645493116,0.10379043545068846
51672,Left,0.7582680006191846,0.24173199938081533
10435,Stayed,0.28934042160759466,0.7106595783924053
36985,Left,0.9259392358592567,0.07406076414074324
39557,Stayed,0.41241805873885307,0.5875819412611469
45934,Stayed,0.23465530659075584,0.7653446934092442
10926,Stayed,0.21148963028929846,0.7885103697107015
5717,Left,0.7020163269534758,0.29798367304652423
58042,Stayed,0.2828392112844639,0.7171607887155361
44481,Stayed,0.2096192885716487,0.7903807114283513
50400,Stayed,0.4196003974690672,0.5803996025309328
19708,Left,0.6008991405191338,0.39910085948086615
48494,Stayed,0.3863161807122282,0.6136838192877718
38114,Left,0.5644383083139808,0.43556169168601927
70358,Stayed,0.09371894576256712,0.9062810542374329
33414,Stayed,0.41884140944558435,0.5811585905544157
57775,Stayed,0.20119857875920766,0.7988014212407923
40625,Left,0.5736039275304317,0.42639607246956834
69999,Left,0.8176749285568832,0.18232507144311685
43742,Left,0.5048871935408777,0.49511280645912226
74093,Left,0.6655133645154436,0.3344866354845564
62532,Stayed,0.1438372965884941,0.8561627034115059
10743,Left,0.5786433347004005,0.42135666529959953
49828,Stayed,0.19333536318005395,0.806664636819946
14238,Stayed,0.36429916873591894,0.6357008312640811
21714,Left,0.8149585475257439,0.18504145247425607
39813,Stayed,0.2701075266547467,0.7298924733452533
28502,Left,0.9642499024270996,0.03575009757290041
72163,Stayed,0.3243558896875851,0.6756441103124149
47582,Stayed,0.3603759478454356,0.6396240521545644
52920,Left,0.6143620188408696,0.3856379811591304
58417,Stayed,0.08843346401277696,0.911566535987223
21103,Stayed,0.427081295379939,0.572918704620061
2731,Stayed,0.49163036362775225,0.5083696363722477
44587,Stayed,0.30775645861838263,0.6922435413816174
60002,Stayed,0.2837138009990918,0.7162861990009082
60467,Stayed,0.03861384643576282,0.9613861535642372
35318,Stayed,0.40412415068504437,0.5958758493149556
38422,Stayed,0.46309121737485714,0.5369087826251429
58246,Left,0.6363939417070572,0.36360605829294285
57302,Stayed,0.15298518901021207,0.8470148109897879
19410,Stayed,0.3544936816451407,0.6455063183548593
64140,Stayed,0.0333817153522864,0.9666182846477136
32321,Stayed,0.40482120962198154,0.5951787903780185
68272,Left,0.6087618458357564,0.3912381541642435
29415,Left,0.6036512444670747,0.3963487555329253
9198,Stayed,0.20448601907125163,0.7955139809287484
20850,Left,0.8965815407849356,0.10341845921506443
64663,Stayed,0.14670336299647746,0.8532966370035225
47961,Stayed,0.32747591440362456,0.6725240855963754
14722,Stayed,0.15212366668422628,0.8478763333157737
52388,Left,0.7341944686446588,0.26580553135534124
38822,Stayed,0.21261003093683983,0.7873899690631602
6060,Left,0.6802227846300521,0.3197772153699479
37671,Left,0.8749574204380958,0.12504257956190423
907,Left,0.9252778119419929,0.07472218805800715
9574,Left,0.963742512641424,0.03625748735857606
55232,Stayed,0.28044405741257294,0.719555942587427
33266,Stayed,0.055169813093685294,0.9448301869063147
58238,Stayed,0.3214743835282262,0.6785256164717738
68238,Stayed,0.0760171251846593,0.9239828748153407
71445,Left,0.7374349968493898,0.2625650031506102
17915,Left,0.864710132468551,0.135289867531449
22757,Stayed,0.14360727236707171,0.8563927276329283
28873,Stayed,0.22612912785316175,0.7738708721468383
68727,Stayed,0.3574798988204787,0.6425201011795213
71281,Stayed,0.1730929231904369,0.8269070768095631
38692,Left,0.6940924652875011,0.3059075347124988
25809,Stayed,0.3599415686363574,0.6400584313636426
51975,Stayed,0.45350768459224544,0.5464923154077546
18738,Left,0.7866523056638302,0.21334769433616985
57420,Stayed,0.034204424414319035,0.965795575585681
16811,Stayed,0.25747793943049146,0.7425220605695085
47805,Left,0.661453006544009,0.3385469934559911
56082,Stayed,0.086999336644205,0.913000663355795
60291,Stayed,0.44946739844533745,0.5505326015546625
944,Left,0.8079679420296122,0.19203205797038786
69663,Stayed,0.3563718618602709,0.6436281381397291
24671,Stayed,0.41755887333167996,0.58244112666832
70560,Left,0.5667648019442713,0.4332351980557287
74385,Left,0.56011170480323,0.4398882951967699
65021,Left,0.8342457871859026,0.16575421281409736
53409,Stayed,0.22424086043974945,0.7757591395602506
42229,Stayed,0.09985360074811045,0.9001463992518896
70635,Left,0.6015975166599468,0.3984024833400532
19779,Stayed,0.08799915934837621,0.9120008406516238
47427,Left,0.9169784505290542,0.08302154947094574
70792,Left,0.8192112673069781,0.18078873269302184
45674,Left,0.9344954775149197,0.06550452248508029
903,Left,0.8665191910880176,0.1334808089119824
62267,Left,0.8736896288376489,0.12631037116235108
22383,Stayed,0.21755620370212747,0.7824437962978725
66791,Stayed,0.42815449181260334,0.5718455081873967
59051,Left,0.7148901581087275,0.2851098418912725
5087,Left,0.6071768415174783,0.39282315848252164
73966,Stayed,0.3734024107582321,0.6265975892417679
71646,Stayed,0.20587273192399191,0.7941272680760081
33113,Stayed,0.2133296365195647,0.7866703634804353
35649,Left,0.8920805528021118,0.10791944719788818
36200,Stayed,0.25037960996580044,0.7496203900341996
37523,Left,0.628364754301749,0.37163524569825096
39377,Left,0.9772775809552868,0.02272241904471319
30852,Left,0.9388834361005578,0.061116563899442186
18807,Left,0.6642384712100746,0.33576152878992543
57780,Stayed,0.4405333108408104,0.5594666891591896
27027,Left,0.5248400913036962,0.47515990869630376
16987,Stayed,0.30388218170161996,0.69611781829838
68939,Stayed,0.27598809400000646,0.7240119059999935
48996,Stayed,0.21127138482553365,0.7887286151744664
2287,Left,0.8702497910817775,0.12975020891822256
59059,Stayed,0.06813267678159796,0.931867323218402
66490,Left,0.6168210465029056,0.38317895349709447
28837,Left,0.5461510405543684,0.45384895944563164
50354,Left,0.5823014837569735,0.41769851624302645
40449,Left,0.7498762873956265,0.2501237126043735
20398,Stayed,0.2507854695523033,0.7492145304476967
8389,Stayed,0.3188820120610776,0.6811179879389224
19967,Left,0.756965108134734,0.24303489186526597
63183,Stayed,0.4026979186073206,0.5973020813926794
26514,Stayed,0.18528879505993479,0.8147112049400652
29110,Left,0.9064222405084146,0.09357775949158541
46386,Stayed,0.40515998840179146,0.5948400115982085
62117,Left,0.6253209074798338,0.37467909252016623
48280,Stayed,0.1741093440297432,0.8258906559702568
41494,Stayed,0.4371501540210653,0.5628498459789347
5605,Left,0.6091725296049221,0.3908274703950779
64143,Stayed,0.16589564551813518,0.8341043544818648
1825,Stayed,0.2996291104121631,0.7003708895878369
14947,Stayed,0.10281903500772371,0.8971809649922763
46621,Left,0.9302985563291044,0.06970144367089555
12554,Stayed,0.13120478124590662,0.8687952187540934
62338,Stayed,0.287378374631549,0.712621625368451
43515,Stayed,0.2903820621214668,0.7096179378785332
30673,Stayed,0.34274065207323867,0.6572593479267613
26680,Left,0.5401840323670724,0.45981596763292765
50450,Stayed,0.26181612579413194,0.7381838742058681
28136,Left,0.6042748578286572,0.3957251421713428
69175,Left,0.530402740587196,0.46959725941280395
14014,Left,0.6796796130345581,0.3203203869654419
54059,Left,0.5464352440504197,0.45356475594958034
19316,Left,0.5868772956588608,0.4131227043411392
57578,Left,0.6334008498495295,0.3665991501504705
28627,Left,0.892126066698339,0.10787393330166095
72971,Stayed,0.04242414888612345,0.9575758511138766
62054,Left,0.5189042874337276,0.48109571256627237
28495,Left,0.8271817072768504,0.17281829272314966
45405,Stayed,0.44394731024365397,0.556052689756346
59631,Left,0.6990027480852838,0.30099725191471616
47528,Stayed,0.19676646000580933,0.8032335399941907
14849,Stayed,0.13350395232298073,0.8664960476770193
5131,Stayed,0.07909484510823828,0.9209051548917617
70711,Left,0.5825460511239441,0.4174539488760559
65382,Stayed,0.39438161870991584,0.6056183812900842
71417,Left,0.5475551269297656,0.45244487307023434
65892,Stayed,0.37158840399126325,0.6284115960087368
31781,Left,0.7456273560412789,0.25437264395872106
61602,Stayed,0.043830423764971704,0.9561695762350283
67583,Stayed,0.23726220898959594,0.7627377910104041
3426,Stayed,0.4385628936727215,0.5614371063272785
3058,Stayed,0.45924130462170154,0.5407586953782985
8154,Stayed,0.1012990780102011,0.8987009219897989
24066,Left,0.8066008723011531,0.1933991276988469
66948,Stayed,0.14059862998024542,0.8594013700197546
69209,Stayed,0.22354350000831769,0.7764564999916823
56108,Left,0.538465263621082,0.4615347363789179
63162,Stayed,0.22874511840526124,0.7712548815947388
54928,Stayed,0.1892859043828663,0.8107140956171337
15062,Left,0.7442386549754535,0.2557613450245465
59502,Stayed,0.10451239589738137,0.8954876041026186
16608,Stayed,0.39513720514745654,0.6048627948525435
15147,Stayed,0.4598733098112625,0.5401266901887375
30283,Stayed,0.33435289717439987,0.6656471028256001
28311,Left,0.5109525855553774,0.48904741444462263
28073,Stayed,0.4659325311151744,0.5340674688848256
56696,Stayed,0.42800388288389934,0.5719961171161007
73141,Left,0.9292549178660324,0.07074508213396755
39183,Left,0.7935302002511515,0.2064697997488485
4071,Stayed,0.0672580881940964,0.9327419118059036
50106,Stayed,0.05376689781856647,0.9462331021814335
44641,Left,0.8437456868740332,0.1562543131259668
14734,Stayed,0.1934156514861043,0.8065843485138957
67557,Left,0.9009375924370151,0.09906240756298496
73203,Left,0.7063134992411354,0.2936865007588646
74051,Left,0.7427908618977089,0.25720913810229107
5792,Stayed,0.030263299506850916,0.9697367004931491
13292,Left,0.5174138350009323,0.48258616499906765
51558,Left,0.939518086881872,0.060481913118128054
4511,Left,0.7716582544885993,0.2283417455114008
9249,Left,0.6889515107927424,0.31104848920725753
1831,Stayed,0.03363710484604221,0.9663628951539578
60497,Stayed,0.3809920416839836,0.6190079583160164
55229,Stayed,0.4523676849854017,0.5476323150145983
39115,Stayed,0.18894921127202013,0.8110507887279799
65008,Left,0.5254887508548819,0.4745112491451181
35715,Stayed,0.3135987733670941,0.6864012266329059
56923,Left,0.7955179744330326,0.2044820255669674
21822,Stayed,0.041182714816579646,0.9588172851834204
66731,Stayed,0.40151114164214396,0.598488858357856
27358,Stayed,0.2520018385099497,0.7479981614900503
45619,Stayed,0.28114876047906223,0.7188512395209378
275,Left,0.6899911202873071,0.31000887971269286
39290,Left,0.7953169634035634,0.2046830365964366
15360,Stayed,0.09040985269029644,0.9095901473097036
29350,Left,0.9119693326282816,0.08803066737171839
9580,Left,0.7837147999046994,0.21628520009530064
31400,Left,0.707035054123943,0.29296494587605704
67302,Stayed,0.2723081624242246,0.7276918375757754
54514,Stayed,0.11741982927644468,0.8825801707235553
29154,Left,0.8780503873486467,0.12194961265135329
36659,Stayed,0.29258215381321817,0.7074178461867818
62534,Stayed,0.3334118172458592,0.6665881827541408
50539,Left,0.8840357116490156,0.11596428835098434
2969,Left,0.912260496687246,0.08773950331275406
32392,Left,0.5467427971102433,0.4532572028897567
7744,Stayed,0.07549847649034291,0.9245015235096571
68648,Left,0.509372642939151,0.49062735706084903
16344,Stayed,0.3783474970599432,0.6216525029400568
62406,Left,0.9358392494001065,0.06416075059989348
11542,Left,0.58191733560586,0.41808266439414005
30305,Stayed,0.23703903965818673,0.7629609603418133
7041,Stayed,0.13939070226605532,0.8606092977339447
13703,Stayed,0.053941225298556605,0.9460587747014434
19274,Left,0.9629493412234399,0.03705065877656009
1765,Stayed,0.27983682273739907,0.7201631772626009
458,Stayed,0.06147621725059427,0.9385237827494057
16387,Left,0.6289193461650264,0.37108065383497363
49508,Stayed,0.39344063106734906,0.6065593689326509
5924,Left,0.8210526164444634,0.17894738355553663
35670,Stayed,0.20029132212368816,0.7997086778763118
52085,Left,0.8483605962098003,0.15163940379019972
14316,Stayed,0.19928506414851477,0.8007149358514852
29823,Left,0.5735797132288457,0.4264202867711543
63758,Stayed,0.03615346878227754,0.9638465312177225
21272,Stayed,0.4368144059433249,0.5631855940566751
67854,Stayed,0.10239541667262364,0.8976045833273764
445,Stayed,0.12941026953066437,0.8705897304693356
18925,Stayed,0.01765039124696277,0.9823496087530372
74117,Stayed,0.1344033716893246,0.8655966283106754
67878,Stayed,0.3341438733501748,0.6658561266498252
45662,Left,0.9431111728912642,0.05688882710873574
14255,Stayed,0.11449402203100412,0.8855059779689959
32454,Stayed,0.15630154361224435,0.8436984563877556
25568,Stayed,0.4411167482321877,0.5588832517678123
43180,Left,0.829632553790904,0.1703674462090961
21730,Left,0.9409153185822969,0.059084681417703046
10931,Left,0.9516957347195476,0.04830426528045237
11516,Left,0.6054501627931064,0.3945498372068936
21318,Left,0.5582999370843349,0.4417000629156651
56302,Stayed,0.19239742738333387,0.8076025726166661
16137,Stayed,0.39687601958349594,0.6031239804165041
65157,Left,0.7197654187378227,0.28023458126217726
32337,Left,0.7388899314843994,0.2611100685156006
37763,Left,0.5030996329749435,0.4969003670250564
55434,Left,0.5303880073955474,0.46961199260445263
54992,Stayed,0.35124934501250327,0.6487506549874967
57903,Left,0.8152477754045585,0.18475222459544152
67797,Left,0.6291942339124177,0.37080576608758226
34242,Left,0.8387311938260749,0.16126880617392517
74199,Left,0.7375775697041169,0.26242243029588314
2783,Left,0.6478101618286584,0.35218983817134164
10308,Stayed,0.03965999015803945,0.9603400098419606
31930,Stayed,0.2859049103377145,0.7140950896622855
55683,Left,0.8233995845604967,0.17660041543950328
40046,Left,0.7205858434414988,0.2794141565585012
760,Left,0.5221010374280232,0.47789896257197684
70347,Stayed,0.26583930701518776,0.7341606929848122
39325,Left,0.5678528472887477,0.43214715271125226
30720,Stayed,0.21139898715437178,0.7886010128456282
45031,Stayed,0.07518693394847997,0.92481306605152
71652,Left,0.9695232603499042,0.030476739650095837
72792,Left,0.7172499054666741,0.28275009453332584
69160,Left,0.5500260020808356,0.4499739979191643
40351,Stayed,0.14090853811069803,0.859091461889302
29478,Stayed,0.20047720165124738,0.7995227983487526
8469,Stayed,0.08832538376610721,0.9116746162338928
11790,Left,0.6777904010461693,0.32220959895383067
58295,Left,0.8494601442684435,0.15053985573155643
52215,Stayed,0.15790853478845446,0.8420914652115455
57756,Stayed,0.11372639542798535,0.8862736045720147
50087,Left,0.8062966880460612,0.19370331195393878
5071,Left,0.9466442519091613,0.053355748090838685
26004,Stayed,0.33462353382986354,0.6653764661701365
12083,Left,0.7416363005800277,0.2583636994199722
20808,Left,0.9357465587604109,0.06425344123958913
13553,Stayed,0.04416740928241447,0.9558325907175855
45598,Left,0.7713629648485496,0.22863703515145045
15102,Left,0.8639736697363979,0.13602633026360214
38396,Stayed,0.4110505487129057,0.5889494512870943
27966,Stayed,0.12297742480084639,0.8770225751991536
21545,Stayed,0.33699956466472214,0.6630004353352779
13805,Stayed,0.34519025197288333,0.6548097480271167
4156,Stayed,0.04643338706542277,0.9535666129345772
20781,Left,0.6351172906818042,0.3648827093181958
13038,Stayed,0.12918723516721664,0.8708127648327834
5492,Left,0.7695143710092759,0.23048562899072414
15622,Stayed,0.39869051199990846,0.6013094880000915
47507,Stayed,0.36599022484527655,0.6340097751547235
43125,Left,0.5077957042924075,0.49220429570759255
50417,Stayed,0.19483689849389196,0.805163101506108
33186,Left,0.781925722462829,0.218074277537171
21657,Stayed,0.48490639267467217,0.5150936073253278
26477,Stayed,0.45298928594976384,0.5470107140502362
51239,Left,0.9389081942900565,0.061091805709943506
29148,Left,0.9252818098791149,0.07471819012088514
38889,Stayed,0.022170806748935346,0.9778291932510647
28514,Left,0.6847651000303727,0.3152348999696273
51692,Left,0.7570684258283807,0.24293157417161923
58501,Stayed,0.4985051475164076,0.5014948524835924
13874,Left,0.7911989625991819,0.2088010374008181
47495,Left,0.8912543855957981,0.10874561440420193
71635,Left,0.8807945006338996,0.11920549936610038
52512,Stayed,0.06319751088671066,0.9368024891132893
12751,Stayed,0.1161888850200159,0.8838111149799841
42169,Stayed,0.05524841194503338,0.9447515880549666
46444,Left,0.8603238398137654,0.1396761601862347
17383,Stayed,0.46213640686473434,0.5378635931352657
63931,Left,0.7283631087905811,0.271636891209419
31989,Stayed,0.32456352340361005,0.67543647659639
42134,Left,0.6621579006379832,0.33784209936201687
14337,Left,0.9544669177265412,0.045533082273458814
33359,Stayed,0.0529927422365859,0.9470072577634141
73681,Stayed,0.1430401877645734,0.8569598122354266
565,Left,0.6687995773010202,0.3312004226989797
16130,Left,0.7894240307707683,0.21057596922923166
64446,Left,0.8808134923561081,0.11918650764389194
36062,Stayed,0.06847836935374052,0.9315216306462595
42028,Left,0.8484962779121745,0.15150372208782542
11038,Left,0.6062038259875986,0.39379617401240147
26259,Stayed,0.4637074140113604,0.5362925859886396
71172,Left,0.8396630252988134,0.16033697470118655
13695,Stayed,0.1179276264382475,0.8820723735617525
74412,Stayed,0.3361238139564834,0.6638761860435166
47105,Left,0.6635282571724362,0.33647174282756376
32030,Stayed,0.09523355616090046,0.9047664438390995
8559,Left,0.6494070193186099,0.35059298068139017
11551,Stayed,0.3073341705985543,0.6926658294014457
11926,Stayed,0.2631395375624873,0.7368604624375127
39802,Stayed,0.33333241289777016,0.6666675871022298
55493,Left,0.7526024036248721,0.24739759637512793
43108,Stayed,0.40651893498721914,0.5934810650127809
19998,Left,0.8430025550812339,0.15699744491876613
13392,Left,0.8538358442697783,0.14616415573022165
52271,Stayed,0.19702711846427023,0.8029728815357298
9147,Stayed,0.3847162227163219,0.6152837772836781
33817,Stayed,0.40140530614289993,0.5985946938571001
23012,Left,0.5537231554957418,0.4462768445042582
3065,Stayed,0.18930848015061374,0.8106915198493863
25780,Left,0.7125882392904646,0.28741176070953545
33267,Left,0.6261962394319085,0.37380376056809156
8980,Stayed,0.3050203991345922,0.6949796008654078
74007,Stayed,0.48645980869481986,0.5135401913051801
67773,Left,0.6133450645649823,0.38665493543501767
28580,Left,0.7270606716239518,0.2729393283760481
21611,Left,0.5450706020553193,0.4549293979446807
52678,Left,0.9592485183515673,0.04075148164843272
71847,Left,0.9414797122051084,0.0585202877948916
19313,Left,0.73234362137927,0.26765637862072994
27798,Left,0.6688896529496706,0.33111034705032943
71791,Stayed,0.17747141029074587,0.8225285897092541
58512,Stayed,0.4599788780379005,0.5400211219620995
57613,Left,0.9265608830315736,0.07343911696842646
18442,Stayed,0.3747281374375421,0.6252718625624579
380,Left,0.7718923130882515,0.22810768691174857
50285,Stayed,0.2104240080146943,0.7895759919853057
70446,Left,0.6895872303536948,0.31041276964630515
28147,Left,0.8760993550032296,0.12390064499677049
68870,Stayed,0.21063322725297884,0.7893667727470212
42610,Left,0.7144836906856691,0.285516309314331
28151,Left,0.6983557256986028,0.3016442743013972
31999,Left,0.5547046179142654,0.4452953820857346
9376,Stayed,0.015057582481130649,0.9849424175188694
39921,Stayed,0.3026949895087053,0.6973050104912947
41694,Left,0.5182520218734811,0.4817479781265189
22493,Left,0.7080947028610707,0.29190529713892926
66185,Left,0.623796220470978,0.37620377952902195
41820,Stayed,0.46775226020314975,0.5322477397968502
33253,Stayed,0.2673045477854006,0.7326954522145994
7291,Stayed,0.4316037330206999,0.5683962669793001
10366,Left,0.916294669844004,0.08370533015599607
30543,Left,0.9645519393507586,0.035448060649241456
48106,Stayed,0.39110449191200813,0.6088955080879919
8162,Left,0.6637735809365534,0.33622641906344664
48353,Stayed,0.3700057123403695,0.6299942876596305
26349,Left,0.8352037604413085,0.16479623955869152
26411,Stayed,0.27733925835371664,0.7226607416462834
13507,Stayed,0.11728297541577282,0.8827170245842272
31506,Stayed,0.21367201795033197,0.786327982049668
11950,Left,0.8759780011192818,0.12402199888071817
2743,Left,0.9645054496240729,0.03549455037592703
55247,Left,0.6975530095817442,0.30244699041825585
56433,Stayed,0.3148024556191349,0.6851975443808651
38927,Stayed,0.018086957960962158,0.9819130420390378
19958,Stayed,0.10868354849166162,0.8913164515083384
56728,Stayed,0.43612009668225726,0.5638799033177427
181,Left,0.6291799813894368,0.37082001861056324
19497,Left,0.9081119551796389,0.09188804482036106
5327,Stayed,0.4957246522665856,0.5042753477334144
55632,Left,0.8851389683530468,0.11486103164695317
49496,Left,0.7656890671726978,0.23431093282730217
52469,Stayed,0.06595611371669585,0.9340438862833041
68053,Stayed,0.31420871363772374,0.6857912863622763
52691,Stayed,0.15041902105709115,0.8495809789429088
53573,Stayed,0.4610176254692374,0.5389823745307626
51803,Left,0.8008912173632561,0.19910878263674395
26511,Left,0.9537372426626448,0.04626275733735514
14140,Stayed,0.08463081380574544,0.9153691861942546
28293,Stayed,0.3053526702851054,0.6946473297148946
56904,Left,0.7357418993884435,0.26425810061155647
34006,Stayed,0.43724775208445066,0.5627522479155493
17377,Stayed,0.11875700951553914,0.8812429904844609
65935,Stayed,0.42006040643912756,0.5799395935608724
26536,Left,0.7208865998220402,0.2791134001779598
14314,Left,0.7808844893013754,0.21911551069862456
30177,Left,0.9025156309180439,0.09748436908195611
67837,Left,0.9401075271745838,0.059892472825416196
56141,Left,0.9646978115578485,0.03530218844215147
49468,Stayed,0.4875107795241672,0.5124892204758328
54440,Left,0.6705706994310123,0.32942930056898767
17970,Stayed,0.46213983058481634,0.5378601694151837
67686,Stayed,0.11480157218556841,0.8851984278144316
5429,Stayed,0.02707133922446725,0.9729286607755327
31079,Stayed,0.21096666691441257,0.7890333330855874
32101,Left,0.8788874704934128,0.1211125295065872
29385,Stayed,0.30923034248915493,0.6907696575108451
16578,Stayed,0.19161698282775486,0.8083830171722451
38782,Stayed,0.10282322766917285,0.8971767723308272
14697,Left,0.7248997315787752,0.2751002684212248
59900,Left,0.927421361835247,0.07257863816475298
7990,Stayed,0.44809389843029135,0.5519061015697087
49524,Left,0.9045296701434599,0.09547032985654016
24651,Stayed,0.22819050352794967,0.7718094964720503
44748,Left,0.9068473128099023,0.09315268719009777
9625,Stayed,0.48813262940413626,0.5118673705958637
41924,Stayed,0.4862425844459176,0.5137574155540824
5707,Stayed,0.47599830534289245,0.5240016946571076
35473,Stayed,0.049683136726543675,0.9503168632734563
62340,Left,0.6328584009558729,0.36714159904412713
52497,Stayed,0.14530198238859215,0.8546980176114078
47516,Left,0.7604145913966023,0.2395854086033977
4879,Stayed,0.3154291041434226,0.6845708958565774
16581,Stayed,0.19944919394465455,0.8005508060553455
59786,Left,0.5657079505207426,0.43429204947925737
45145,Stayed,0.4883800438544791,0.5116199561455209
43865,Left,0.6693668387945124,0.3306331612054876
36832,Stayed,0.3847928564717856,0.6152071435282144
43484,Stayed,0.2016273359349976,0.7983726640650024
63128,Stayed,0.11133519950691873,0.8886648004930813
67922,Stayed,0.05823121477435356,0.9417687852256464
58258,Stayed,0.3207067107979833,0.6792932892020167
25201,Left,0.5775342157561767,0.4224657842438233
41669,Stayed,0.47005306167923755,0.5299469383207625
63326,Stayed,0.17332064847572382,0.8266793515242762
48161,Left,0.5012567551064084,0.4987432448935915
26892,Stayed,0.330835831354523,0.669164168645477
2781,Left,0.5211704211303703,0.4788295788696297
42006,Left,0.8907215359343494,0.10927846406565053
34305,Left,0.9419347186002797,0.05806528139972031
34008,Left,0.6793413932936532,0.3206586067063468
1247,Stayed,0.3328789196817523,0.6671210803182477
34039,Stayed,0.43519367290541255,0.5648063270945874
20175,Left,0.9430656199759424,0.05693438002405758
37059,Left,0.7538693337925264,0.24613066620747365
73212,Stayed,0.22758697154371677,0.7724130284562832
34645,Left,0.7162110410534963,0.2837889589465037
51384,Stayed,0.3536411571472705,0.6463588428527295
9999,Left,0.7615329501470774,0.23846704985292255
3309,Left,0.7562113685769736,0.24378863142302643
68108,Stayed,0.31062107127026906,0.6893789287297309
63867,Stayed,0.30611406430910726,0.6938859356908927
20561,Left,0.8739061913027707,0.12609380869722933
34629,Stayed,0.13285154233641938,0.8671484576635806
56871,Left,0.6933199560702126,0.30668004392978737
26132,Left,0.5538140131194496,0.4461859868805504
70043,Stayed,0.04567853222568241,0.9543214677743176
57079,Left,0.9305376482029805,0.0694623517970195
48933,Left,0.522966894527359,0.477033105472641
11300,Stayed,0.42030531551437134,0.5796946844856287
73401,Stayed,0.3376767707077717,0.6623232292922283
9898,Stayed,0.39566422795258815,0.6043357720474118
38987,Left,0.7580888370435009,0.2419111629564991
36228,Left,0.8446260580097409,0.1553739419902591
33020,Stayed,0.4429480349319934,0.5570519650680066
41978,Stayed,0.48156890805089614,0.5184310919491039
27293,Left,0.9834321365500747,0.016567863449925384
2904,Left,0.6210555717006632,0.3789444282993369
25435,Stayed,0.12980005241482462,0.8701999475851754
72334,Left,0.6162347754225508,0.38376522457744916
6838,Stayed,0.23698039406584337,0.7630196059341566
71939,Left,0.6355195069783199,0.36448049302168006
6753,Left,0.8829580550480721,0.11704194495192789
52998,Stayed,0.40793418993431585,0.5920658100656842
48260,Stayed,0.10947473425583432,0.8905252657441657
48783,Stayed,0.20786465280883348,0.7921353471911665
274,Stayed,0.07853577342153673,0.9214642265784633
24033,Stayed,0.27938072985365214,0.7206192701463479
33962,Left,0.735975883611582,0.2640241163884181
58560,Left,0.5118552282356948,0.48814477176430515
61543,Left,0.9053179036952947,0.09468209630470524
60962,Left,0.7684956276664822,0.23150437233351787
13589,Stayed,0.07937956772768595,0.920620432272314
66190,Left,0.5404243041136103,0.4595756958863897
67030,Left,0.6834474500691998,0.3165525499308001
54217,Stayed,0.22255728475347925,0.7774427152465208
48695,Left,0.8494053669818398,0.15059463301816028
33703,Stayed,0.15616303035504564,0.8438369696449544
67001,Stayed,0.025746600739823933,0.9742533992601761
49429,Left,0.6745045599947567,0.32549544000524333
5883,Left,0.8320874758980834,0.16791252410191654
5880,Stayed,0.025771260071424495,0.9742287399285755
37156,Left,0.8603126488613126,0.1396873511386873
71507,Stayed,0.41726419767777345,0.5827358023222265
37296,Stayed,0.4451282248314079,0.5548717751685921
74272,Left,0.9496345589746573,0.05036544102534273
45701,Left,0.7955024400047228,0.20449755999527724
41180,Left,0.7504278156414204,0.24957218435857959
65959,Left,0.7995891892729097,0.20041081072709033
35556,Left,0.9137404532665753,0.08625954673342469
29305,Left,0.8956794629430769,0.10432053705692311
43461,Stayed,0.3930057381410761,0.6069942618589239
52967,Left,0.6808968776992461,0.31910312230075394
46305,Left,0.6449837913387035,0.3550162086612964
68048,Left,0.6929833735694149,0.3070166264305851
68225,Left,0.8886714984667734,0.11132850153322664
67620,Stayed,0.06157375554126132,0.9384262444587387
33099,Left,0.7501880869501972,0.24981191304980277
2727,Stayed,0.052191767104242226,0.9478082328957578
47527,Stayed,0.40275255100383434,0.5972474489961657
69522,Left,0.726195404686548,0.273804595313452
28162,Stayed,0.02866407243789071,0.9713359275621093
42015,Stayed,0.4690798076391274,0.5309201923608726
26678,Left,0.6587156237518634,0.3412843762481366
42391,Left,0.7964952466781574,0.20350475332184254
23624,Left,0.520993290092344,0.4790067099076561
64464,Stayed,0.10404832211659931,0.8959516778834007
72594,Stayed,0.0397050401313751,0.9602949598686249
67229,Left,0.6027519267086552,0.3972480732913448
6624,Stayed,0.06466158225553376,0.9353384177444662
10679,Left,0.6231563523109085,0.37684364768909145
39028,Left,0.5174116879177973,0.48258831208220265
10446,Left,0.6604541964692408,0.3395458035307593
28496,Left,0.6552024448977454,0.3447975551022547
61965,Stayed,0.21031656248228514,0.7896834375177149
21900,Left,0.8747717224436348,0.1252282775563652
45283,Left,0.8430405540713004,0.15695944592869956
50492,Stayed,0.16767744679573593,0.8323225532042641
13280,Left,0.838463862847877,0.16153613715212303
31072,Stayed,0.05666570827642636,0.9433342917235736
39547,Stayed,0.286043403828257,0.713956596171743
27885,Left,0.7118778020188388,0.2881221979811612
20336,Left,0.7379730196425174,0.26202698035748256
72912,Stayed,0.1529805937540738,0.8470194062459262
6820,Stayed,0.37053999387717274,0.6294600061228273
19627,Left,0.6482751573113752,0.35172484268862475
26324,Stayed,0.07768281132864419,0.9223171886713558
53497,Stayed,0.34303680986004514,0.6569631901399549
51343,Stayed,0.4395865590948316,0.5604134409051684
8446,Left,0.8712521138509132,0.1287478861490868
11895,Stayed,0.0923063321145483,0.9076936678854517
25285,Left,0.6340105020132215,0.3659894979867785
62893,Left,0.7585799212488004,0.24142007875119967
27926,Left,0.7375732468128342,0.2624267531871658
37958,Left,0.7653999458968598,0.23460005410314022
50526,Stayed,0.47850737045597436,0.5214926295440256
12257,Stayed,0.3913583106805043,0.6086416893194957
47109,Left,0.7531209299181699,0.24687907008183008
47345,Stayed,0.4639693578839893,0.5360306421160107
61968,Left,0.5683564924845361,0.4316435075154638
6452,Left,0.9498018792487359,0.05019812075126401
55815,Left,0.675211214115913,0.32478878588408694
35148,Stayed,0.11806028258816792,0.8819397174118321
44363,Stayed,0.32430650141015915,0.6756934985898408
28599,Stayed,0.09750688105828598,0.902493118941714
24881,Stayed,0.43325711594155825,0.5667428840584418
8247,Stayed,0.3724413955566408,0.6275586044433592
14983,Stayed,0.09227882404237464,0.9077211759576254
53921,Stayed,0.2573566264991525,0.7426433735008475
21148,Stayed,0.03382544925486042,0.9661745507451396
26801,Left,0.9303403493146146,0.06965965068538542
27312,Left,0.5075274673402614,0.49247253265973856
54456,Stayed,0.3213002157196342,0.6786997842803658
72301,Left,0.8575756147014909,0.14242438529850907
60985,Left,0.8302796256171835,0.1697203743828165
69471,Stayed,0.07795849912823594,0.9220415008717641
58769,Left,0.7689518774183812,0.23104812258161872
12224,Stayed,0.3242965689921724,0.6757034310078276
61908,Stayed,0.44557418098772805,0.554425819012272
13405,Stayed,0.4100500525594587,0.5899499474405413
37246,Left,0.7435109379086758,0.25648906209132416
35783,Stayed,0.24994448387181945,0.7500555161281806
39199,Left,0.7883994028749898,0.21160059712501023
72505,Left,0.5213258342290302,0.4786741657709698
15762,Stayed,0.23282106788459778,0.7671789321154022
68892,Stayed,0.26428157704474364,0.7357184229552564
44666,Stayed,0.4089051592703883,0.5910948407296117
34897,Left,0.980310356635294,0.019689643364706064
49958,Left,0.5090096405012896,0.49099035949871045
57904,Stayed,0.46401510163714543,0.5359848983628546
53211,Left,0.8988669396063729,0.10113306039362714
20525,Stayed,0.26931599568642406,0.7306840043135759
17522,Left,0.9612179591713589,0.03878204082864107
55563,Stayed,0.14647053191854764,0.8535294680814524
71741,Stayed,0.36448938310967893,0.6355106168903211
44644,Stayed,0.31405523419090386,0.6859447658090961
46993,Stayed,0.18658561156321207,0.8134143884367879
23792,Left,0.6924036252945803,0.3075963747054197
21024,Stayed,0.24361016341065267,0.7563898365893473
43379,Stayed,0.06868459256141057,0.9313154074385894
36291,Left,0.6752440025321652,0.3247559974678348
24338,Stayed,0.26022771366842923,0.7397722863315708
70772,Stayed,0.09554780393489781,0.9044521960651022
22861,Stayed,0.4705909221729181,0.5294090778270819
47293,Left,0.8139598020080486,0.1860401979919514
64423,Left,0.7432537662845435,0.2567462337154565
71983,Left,0.8524680952525523,0.14753190474744768
12072,Stayed,0.13495801344720104,0.865041986552799
25579,Stayed,0.4461203659966475,0.5538796340033525
9507,Stayed,0.45496849921819116,0.5450315007818088
55449,Left,0.8844537244989074,0.11554627550109263
22694,Left,0.6243107722724954,0.3756892277275046
18220,Stayed,0.005782648967376014,0.994217351032624
44456,Stayed,0.02835978587536825,0.9716402141246318
4364,Left,0.7298459186681079,0.27015408133189217
67537,Stayed,0.2705023349772966,0.7294976650227034
16124,Stayed,0.018036932969703656,0.9819630670302963
63932,Left,0.6805090826802264,0.31949091731977364
53960,Left,0.9675544431536685,0.03244555684633149
31459,Stayed,0.36631751109604294,0.6336824889039571
58791,Stayed,0.14199467202912408,0.8580053279708759
34472,Stayed,0.10560227178101456,0.8943977282189854
61940,Stayed,0.35103313289384797,0.648966867106152
6699,Left,0.894304132521811,0.10569586747818902
48794,Stayed,0.2417010569061182,0.7582989430938818
22123,Left,0.7288217325974226,0.27117826740257744
71785,Stayed,0.49951268894623513,0.5004873110537649
38957,Left,0.7185365587843766,0.28146344121562333
8791,Left,0.8176924499365243,0.1823075500634756
7056,Left,0.6283606300916136,0.37163936990838636
10714,Left,0.8555870509443477,0.1444129490556523
6852,Stayed,0.010876144383214048,0.989123855616786
71659,Stayed,0.4183838292756079,0.5816161707243921
61839,Left,0.8871793946204122,0.11282060537958778
32719,Left,0.6148096886198879,0.385190311380112
60321,Stayed,0.38820170748951865,0.6117982925104813
19292,Left,0.5631105184153136,0.43688948158468643
67494,Stayed,0.19865007049958594,0.8013499295004141
52338,Left,0.8883706135255754,0.11162938647442455
28760,Stayed,0.29135856463923315,0.7086414353607668
54931,Stayed,0.08782344525566343,0.9121765547443366
20570,Stayed,0.05693206603982692,0.9430679339601731
22835,Left,0.767552205252828,0.232447794747172
16166,Stayed,0.42691051912954425,0.5730894808704557
27085,Left,0.6571971513055873,0.3428028486944127
43697,Left,0.6253517580340926,0.3746482419659074
23241,Left,0.8801657948265175,0.11983420517348252
48920,Stayed,0.1062689883986232,0.8937310116013768
66375,Stayed,0.06536287444626598,0.934637125553734
46770,Stayed,0.411839835576861,0.588160164423139
15055,Stayed,0.18441805450018312,0.8155819454998169
14520,Left,0.8343652388148721,0.1656347611851279
177,Left,0.621201897725003,0.378798102274997
15825,Left,0.7659439689613012,0.23405603103869874
50308,Stayed,0.43662391619255314,0.5633760838074469
69914,Stayed,0.07512206447280345,0.9248779355271965
63726,Left,0.5536853434094984,0.4463146565905016
25289,Stayed,0.07482494685934737,0.9251750531406526
48162,Left,0.738318468638123,0.261681531361877
45286,Stayed,0.07862110096207897,0.921378899037921
42320,Left,0.6180430392708178,0.3819569607291822
57297,Left,0.8329722988841664,0.16702770111583362
46710,Left,0.7024673412565693,0.2975326587434307
56408,Stayed,0.24050744332285467,0.7594925566771453
66976,Left,0.5830416939906622,0.4169583060093378
5978,Left,0.5600152501805942,0.4399847498194058
1041,Stayed,0.16145062572892988,0.8385493742710701
42799,Left,0.6870509501270786,0.3129490498729214
7300,Left,0.574704697186412,0.4252953028135879
29189,Left,0.6076770905145712,0.3923229094854288
6017,Stayed,0.3003039801765569,0.6996960198234431
39899,Stayed,0.49020185363731916,0.5097981463626808
49711,Stayed,0.24660170593198483,0.7533982940680152
51067,Stayed,0.09234729121443097,0.907652708785569
2834,Left,0.5045405596163415,0.49545944038365847
36185,Left,0.840064530205571,0.159935469794429
7954,Stayed,0.074872073150406,0.925127926849594
13724,Stayed,0.09280617097491495,0.907193829025085
17283,Left,0.8668012262948159,0.13319877370518401
3998,Stayed,0.19589681485913335,0.8041031851408666
32884,Left,0.8509896781593433,0.14901032184065668
55987,Stayed,0.16768105528329613,0.8323189447167039
70600,Stayed,0.3124435746037715,0.6875564253962285
36603,Stayed,0.12918081248448676,0.8708191875155132
38240,Stayed,0.4227053321436248,0.5772946678563752
70906,Stayed,0.04956858546427256,0.9504314145357274
4476,Stayed,0.1479118449141008,0.8520881550858992
1946,Stayed,0.41151931994536606,0.5884806800546339
39798,Stayed,0.3965814066588146,0.6034185933411854
69330,Left,0.8487436966196459,0.15125630338035412
31045,Stayed,0.2697109522816673,0.7302890477183327
8318,Stayed,0.11847584115840504,0.881524158841595
19633,Stayed,0.2776268341146446,0.7223731658853554
2321,Stayed,0.040582240451171425,0.9594177595488286
14149,Stayed,0.12622246124049885,0.8737775387595011
42602,Left,0.9467903117244275,0.053209688275572514
8507,Left,0.8724232642107396,0.1275767357892604
34578,Left,0.864869194786039,0.13513080521396106
28010,Left,0.708415114659693,0.291584885340307
38386,Left,0.729294402704317,0.270705597295683
42512,Stayed,0.02596677834023564,0.9740332216597644
23495,Stayed,0.13436601320214447,0.8656339867978555
13400,Stayed,0.03368761386613839,0.9663123861338616
4636,Left,0.8813723768400271,0.1186276231599729
26427,Stayed,0.14199765831689048,0.8580023416831095
47071,Left,0.9344522521584114,0.0655477478415886
13580,Stayed,0.09405065380608157,0.9059493461939184
23700,Stayed,0.40800883493352524,0.5919911650664748
40868,Stayed,0.1772797271555301,0.8227202728444699
5855,Stayed,0.32331314792309895,0.676686852076901
55443,Stayed,0.27342804849631364,0.7265719515036864
51662,Left,0.9023570308439476,0.09764296915605243
37530,Stayed,0.3361940058950337,0.6638059941049663
73641,Stayed,0.047279769061800536,0.9527202309381995
40099,Left,0.9376573438065328,0.06234265619346727
16126,Stayed,0.28654209163796407,0.7134579083620359
74456,Stayed,0.1199228531399612,0.8800771468600388
14486,Stayed,0.2992072816853517,0.7007927183146483
27556,Left,0.6543278536598215,0.3456721463401785
45035,Stayed,0.1940457569313081,0.8059542430686919
19141,Stayed,0.09544913957693746,0.9045508604230625
50402,Left,0.5586016072981838,0.44139839270181624
62211,Left,0.7272945260300608,0.27270547396993916
54930,Left,0.9082427632207754,0.09175723677922469
48238,Left,0.5698086606585839,0.4301913393414161
37726,Left,0.7107138216456501,0.28928617835434994
28684,Left,0.5489822463462095,0.45101775365379054
29579,Stayed,0.3955647954428455,0.6044352045571545
23159,Stayed,0.12980218605065186,0.8701978139493481
68784,Left,0.5325265096643367,0.4674734903356633
34231,Stayed,0.17119282082137077,0.8288071791786292
24700,Left,0.5575291584335413,0.4424708415664587
58296,Left,0.6416479388470278,0.35835206115297225
56494,Left,0.8943394230782424,0.1056605769217576
31686,Stayed,0.4166546909519676,0.5833453090480324
69575,Stayed,0.3868650241955385,0.6131349758044615
53621,Stayed,0.22591438914648632,0.7740856108535137
29763,Left,0.5087931739776002,0.4912068260223999
24623,Stayed,0.046526400513321575,0.9534735994866784
60691,Stayed,0.032161134370167765,0.9678388656298322
31788,Stayed,0.2368886644233601,0.7631113355766399
42266,Left,0.6571174317004975,0.34288256829950253
45917,Left,0.6816651153557649,0.31833488464423515
72585,Stayed,0.3024689832641586,0.6975310167358414
14402,Left,0.5605498817992988,0.43945011820070123
8992,Stayed,0.46544881211998057,0.5345511878800194
72150,Left,0.782678229974148,0.21732177002585196
62109,Left,0.7164460124242867,0.28355398757571326
39458,Stayed,0.264244152489047,0.735755847510953
36731,Stayed,0.4449981678614018,0.5550018321385982
61857,Left,0.6616109650156627,0.3383890349843372
51592,Stayed,0.27975843864493377,0.7202415613550662
19873,Left,0.872473544863757,0.12752645513624303
65608,Left,0.5422934755343345,0.45770652446566557
5861,Left,0.7449800777328852,0.2550199222671148
42473,Stayed,0.3443716635413979,0.6556283364586021
36551,Stayed,0.44838184341998855,0.5516181565800115
69780,Left,0.9287578850685401,0.07124211493145988
7996,Stayed,0.494712623447643,0.505287376552357
2256,Left,0.6341433719278171,0.36585662807218283
12025,Stayed,0.34150754079649226,0.6584924592035077
50473,Stayed,0.10228885147657218,0.8977111485234278
31129,Stayed,0.2142140344855875,0.7857859655144125
37196,Left,0.6540644630325113,0.3459355369674887
37615,Stayed,0.11703758610527171,0.8829624138947283
25807,Left,0.8302359932335217,0.16976400676647835
69406,Left,0.6028457318482437,0.39715426815175625
14833,Left,0.7800986388397142,0.21990136116028575
10537,Stayed,0.01464728481995281,0.9853527151800472
64992,Stayed,0.16378804170933448,0.8362119582906655
31906,Left,0.729358964766831,0.2706410352331689
36307,Stayed,0.10192414354805712,0.8980758564519429
57614,Stayed,0.42873817117402635,0.5712618288259736
51275,Left,0.8537532299448045,0.14624677005519546
62351,Stayed,0.14926929913068387,0.8507307008693161
937,Stayed,0.27315748200170287,0.7268425179982971
32878,Stayed,0.3550622665154507,0.6449377334845493
12703,Stayed,0.4877390538327885,0.5122609461672115
28909,Left,0.5160073550483371,0.48399264495166294
74174,Stayed,0.36436622784613926,0.6356337721538607
20604,Stayed,0.2957308436893259,0.7042691563106741
35348,Stayed,0.2236819162344198,0.7763180837655802
73913,Stayed,0.3968157233125106,0.6031842766874894
26591,Left,0.9397527970846921,0.06024720291530797
68153,Stayed,0.028524549111133668,0.9714754508888663
58870,Stayed,0.12726234109629397,0.872737658903706
28903,Left,0.5274522488557315,0.4725477511442685
43706,Left,0.8797828538045566,0.12021714619544344
72666,Stayed,0.2445220227980487,0.7554779772019513
53389,Left,0.8616347405893281,0.1383652594106719
37155,Left,0.696530831635161,0.3034691683648389
51686,Left,0.8594837178649817,0.14051628213501835
54483,Left,0.9786484955532068,0.021351504446793245
51251,Left,0.6915994121585823,0.30840058784141766
1535,Stayed,0.08017365417337585,0.9198263458266241
55856,Left,0.7165400536421522,0.28345994635784777
27880,Left,0.5838396708095873,0.4161603291904127
8442,Left,0.8329534184528088,0.16704658154719124
62587,Stayed,0.1296796215010897,0.8703203784989103
26603,Left,0.6690386702564103,0.3309613297435897
25741,Stayed,0.1976022394649425,0.8023977605350575
51736,Left,0.744284873818665,0.25571512618133496
26212,Stayed,0.06727253198526117,0.9327274680147388
70873,Stayed,0.45974845537728803,0.540251544622712
10325,Left,0.5827406384299503,0.41725936157004967
9667,Stayed,0.1180531485075983,0.8819468514924017
34521,Stayed,0.10971243451141999,0.89028756548858
37645,Left,0.6527297375422544,0.3472702624577456
48623,Stayed,0.40285097400902237,0.5971490259909776
39091,Stayed,0.40683628943445815,0.5931637105655418
46664,Left,0.543976603113224,0.45602339688677596
39260,Stayed,0.4690319789699342,0.5309680210300658
63005,Left,0.9457690620772106,0.05423093792278939
66383,Left,0.8105019903464179,0.18949800965358204
34706,Stayed,0.15344769089045207,0.8465523091095479
44402,Stayed,0.16586686476702273,0.8341331352329773
42931,Left,0.6948979192826834,0.30510208071731665
50108,Left,0.6519926490750456,0.34800735092495444
57181,Stayed,0.24732307776760687,0.7526769222323931
17363,Left,0.8269500574680497,0.17304994253195027
41307,Left,0.6442308244716285,0.3557691755283715
46652,Stayed,0.009944428585566545,0.9900555714144335
3525,Stayed,0.023408829844527523,0.9765911701554725
66615,Stayed,0.051407556445816516,0.9485924435541835
54740,Stayed,0.05954861774192499,0.940451382258075
16825,Stayed,0.4200672408743754,0.5799327591256246
53971,Left,0.8093606390509327,0.19063936094906725
22711,Stayed,0.30180534075454124,0.6981946592454588
29235,Stayed,0.4001730703214854,0.5998269296785146
19422,Stayed,0.25500031280867086,0.7449996871913291
72457,Stayed,0.32935355271031286,0.6706464472896871
18554,Stayed,0.17429291406170488,0.8257070859382951
35972,Stayed,0.45443887118668247,0.5455611288133175
59422,Stayed,0.4084131878462339,0.5915868121537661
40633,Left,0.8047573425350252,0.19524265746497488
34911,Stayed,0.45611622459374435,0.5438837754062557
34171,Left,0.67291731962497,0.3270826803750299
34094,Stayed,0.32865982470463684,0.6713401752953632
34081,Left,0.6815370835590473,0.3184629164409527
25987,Stayed,0.31401880363284185,0.6859811963671582
47132,Left,0.5390001633983742,0.4609998366016258
23316,Stayed,0.3776885394727928,0.6223114605272072
18439,Left,0.6843656813634139,0.3156343186365861
19579,Stayed,0.4392322598998426,0.5607677401001574
41269,Stayed,0.37489348036331493,0.6251065196366851
67130,Left,0.5806377159252957,0.41936228407470433
56083,Stayed,0.09273910714312783,0.9072608928568722
54231,Left,0.9720373664584672,0.02796263354153289
8580,Stayed,0.34438364633736296,0.655616353662637
59788,Stayed,0.054834305102333114,0.9451656948976669
19724,Left,0.7743821182075732,0.22561788179242687
8043,Stayed,0.2596633342443452,0.7403366657556548
18365,Left,0.7657226000061124,0.2342773999938876
6485,Left,0.7262251617132323,0.2737748382867677
61252,Stayed,0.2979399806531483,0.7020600193468517
61620,Left,0.7457146723574914,0.25428532764250855
69353,Stayed,0.27184459175331654,0.7281554082466835
2061,Stayed,0.37787960629906936,0.6221203937009306
39690,Left,0.8389178786285143,0.16108212137148573
19911,Stayed,0.030061580907106644,0.9699384190928934
2339,Left,0.5617533187300399,0.4382466812699601
59706,Stayed,0.1941810719067607,0.8058189280932393
47256,Left,0.8217536743441567,0.17824632565584325
23161,Stayed,0.14691666970509587,0.8530833302949041
60516,Stayed,0.33159658781823187,0.6684034121817681
55301,Stayed,0.05152959725288153,0.9484704027471185
63388,Left,0.695733449472283,0.304266550527717
45945,Stayed,0.07396192078464747,0.9260380792153525
16234,Stayed,0.02534892083434992,0.9746510791656501
56427,Left,0.6966921387008793,0.30330786129912074
49527,Stayed,0.1269434222411373,0.8730565777588627
41142,Left,0.6465303226626349,0.3534696773373651
36750,Stayed,0.12068925480299464,0.8793107451970054
47133,Stayed,0.12709351262485669,0.8729064873751433
72387,Stayed,0.4216215467449862,0.5783784532550138
32112,Stayed,0.42875910065197465,0.5712408993480254
72850,Stayed,0.34599592544201396,0.654004074557986
65555,Left,0.8279332372469943,0.17206676275300564
33197,Left,0.7450539933906556,0.2549460066093444
23214,Stayed,0.12256232097301156,0.8774376790269884
40496,Left,0.906015491205846,0.09398450879415399
55682,Left,0.8742743191000546,0.12572568089994546
36464,Left,0.8967270083973666,0.1032729916026334
57959,Stayed,0.4284687263825535,0.5715312736174465
14711,Stayed,0.1373573169502157,0.8626426830497843
70587,Stayed,0.06189586752958298,0.938104132470417
18894,Stayed,0.4524227944126953,0.5475772055873047
58217,Left,0.6330724480006138,0.36692755199938615
24139,Stayed,0.26696216494144875,0.7330378350585512
35132,Left,0.9035705625595595,0.0964294374404405
48190,Stayed,0.23589566862839428,0.7641043313716057
72739,Stayed,0.2731811016732325,0.7268188983267675
3002,Left,0.5864928083946385,0.41350719160536153
74356,Stayed,0.08582015209029459,0.9141798479097054
61471,Stayed,0.45428877908194265,0.5457112209180573
36685,Stayed,0.10977583473196517,0.8902241652680348
43591,Stayed,0.26079789379429585,0.7392021062057041
68209,Stayed,0.17446731604057708,0.8255326839594229
45190,Stayed,0.32523360420598135,0.6747663957940186
36442,Stayed,0.24024140867375654,0.7597585913262435
63697,Left,0.5239370101009007,0.4760629898990993
21861,Stayed,0.17016054535077063,0.8298394546492294
41682,Stayed,0.2263230668393068,0.7736769331606932
40183,Stayed,0.13398296723041958,0.8660170327695804
46005,Stayed,0.3006590668614355,0.6993409331385645
3703,Left,0.7396900569950808,0.2603099430049191
26381,Left,0.9091829002189452,0.09081709978105482
52267,Stayed,0.13508610674923693,0.8649138932507631
25714,Left,0.6338788725430462,0.36612112745695385
33552,Left,0.7812003471631239,0.21879965283687608
7169,Left,0.8960945579873028,0.10390544201269725
837,Left,0.9420854993355186,0.0579145006644815
22929,Stayed,0.029832637391027816,0.9701673626089722
49605,Stayed,0.3638971210711279,0.6361028789288721
964,Left,0.5527333805305419,0.44726661946945817
35770,Left,0.5583024458418859,0.44169755415811407
71917,Stayed,0.3760666863202826,0.6239333136797174
37116,Stayed,0.48214389014897074,0.5178561098510293
26622,Left,0.5558460083468517,0.44415399165314834
56288,Left,0.6478690107229017,0.35213098927709824
3243,Left,0.9693425211362231,0.03065747886377689
35989,Left,0.8646827635687333,0.13531723643126667
36462,Stayed,0.08031310882433518,0.9196868911756648
54978,Left,0.5661169110803288,0.43388308891967126
40440,Stayed,0.4176589379539064,0.5823410620460936
16423,Left,0.5549226317223608,0.4450773682776392
16963,Stayed,0.04873552274082649,0.9512644772591735
70079,Stayed,0.2967770576835853,0.7032229423164147
31728,Left,0.6242299569130374,0.3757700430869626
66860,Stayed,0.07102631048839847,0.9289736895116015
19748,Stayed,0.10688530725209577,0.8931146927479042
28406,Stayed,0.40121210800807094,0.598787891991929
15344,Stayed,0.1905385012623444,0.8094614987376556
4412,Stayed,0.03852045273940263,0.9614795472605974
63057,Left,0.6386401016999961,0.3613598983000039
8773,Left,0.862765177406621,0.13723482259337902
37145,Left,0.5945630710835503,0.40543692891644967
29649,Left,0.6296372552441831,0.37036274475581693
26751,Stayed,0.08231981270641231,0.9176801872935877
42533,Left,0.7478067941095901,0.25219320589041
13091,Left,0.6220312319969449,0.3779687680030551
14045,Stayed,0.23264345074623505,0.767356549253765
24759,Stayed,0.25147762094371895,0.748522379056281
68078,Stayed,0.30078471390825035,0.6992152860917497
15852,Stayed,0.2920775497977488,0.7079224502022512
63368,Stayed,0.3206606631544946,0.6793393368455054
51817,Stayed,0.05821240002342487,0.9417875999765751
29312,Stayed,0.11674593901578045,0.8832540609842195
48097,Stayed,0.11040832859242489,0.8895916714075751
57306,Stayed,0.0583747968077013,0.9416252031922987
37944,Stayed,0.14303437227955174,0.8569656277204483
30646,Left,0.6987339242176316,0.3012660757823684
45650,Left,0.6411738744894515,0.35882612551054854
33264,Stayed,0.2501439401731619,0.7498560598268381
60177,Stayed,0.3587691431232133,0.6412308568767867
49759,Stayed,0.28310973765429903,0.716890262345701
73520,Left,0.9577826140381026,0.042217385961897405
63242,Left,0.615133500194595,0.38486649980540494
11536,Left,0.862949449733805,0.13705055026619492
26560,Left,0.7037812685136742,0.2962187314863259
28882,Left,0.8788004188361551,0.12119958116384488
40090,Left,0.9226063774060186,0.07739362259398144
8161,Left,0.8744455760429024,0.1255544239570976
22080,Stayed,0.1407720522702388,0.8592279477297612
10408,Left,0.7890712529317847,0.2109287470682153
44506,Stayed,0.1702461830124411,0.8297538169875589
5443,Left,0.7712513221391886,0.2287486778608114
30440,Stayed,0.22910305216024196,0.770896947839758
5014,Stayed,0.3883973639969609,0.6116026360030391
35622,Left,0.839481662878054,0.160518337121946
10090,Stayed,0.14385239369516645,0.8561476063048336
31895,Stayed,0.10701174153734616,0.8929882584626538
27616,Stayed,0.06597762643164495,0.934022373568355
62282,Left,0.7896167547998556,0.21038324520014445
3289,Stayed,0.15283602140061248,0.8471639785993875
47679,Stayed,0.4781142426757996,0.5218857573242004
54816,Stayed,0.025493126330609517,0.9745068736693905
22377,Stayed,0.08219810492779667,0.9178018950722033
69241,Stayed,0.1464309076585315,0.8535690923414685
40615,Stayed,0.43217844538018957,0.5678215546198104
70610,Left,0.7578196160949834,0.24218038390501664
30527,Left,0.6097987353243923,0.3902012646756076
57051,Left,0.6168454769403737,0.38315452305962633
46861,Stayed,0.4389149279715998,0.5610850720284002
35679,Stayed,0.26697197889146695,0.733028021108533
36630,Left,0.6369189433050697,0.36308105669493024
19621,Stayed,0.3845118757827509,0.6154881242172491
36866,Stayed,0.393138461869064,0.606861538130936
71927,Stayed,0.23748573532595385,0.7625142646740461
9684,Stayed,0.3238202147571769,0.6761797852428231
56200,Left,0.7232608216276697,0.2767391783723303
9250,Left,0.5367056227237559,0.46329437727624406
28874,Left,0.680958290538237,0.31904170946176297
40294,Left,0.5306256616808604,0.4693743383191396
70159,Left,0.7562797671705206,0.24372023282947936
17492,Left,0.9583602018087639,0.04163979819123613
62805,Left,0.8205572463614761,0.1794427536385239
5513,Stayed,0.009884372718219736,0.9901156272817803
40174,Left,0.97763056592337,0.022369434076629967
53886,Left,0.719628773377613,0.28037122662238706
17932,Stayed,0.25222616654268093,0.7477738334573191
42607,Stayed,0.030482888159393373,0.9695171118406066
23589,Stayed,0.08750957068890841,0.9124904293110916
28720,Left,0.6702373816817551,0.3297626183182449
52610,Stayed,0.40740324851167,0.59259675148833
59499,Left,0.8772074421450562,0.12279255785494383
41637,Left,0.844808192328823,0.155191807671177
13626,Stayed,0.3370251497345459,0.6629748502654541
7330,Stayed,0.05368460181682322,0.9463153981831768
52885,Stayed,0.22808333972524253,0.7719166602747575
34909,Left,0.7430367797449788,0.2569632202550212
62722,Left,0.7477445630682409,0.25225543693175906
21175,Stayed,0.15148187398329005,0.84851812601671
22521,Left,0.8492105738130973,0.15078942618690278
59557,Stayed,0.019249920562081968,0.980750079437918
10674,Stayed,0.17576005384909787,0.8242399461509021
44690,Stayed,0.3982239661510093,0.6017760338489907
31963,Left,0.911683287807177,0.088316712192823
35479,Stayed,0.18916521223200922,0.8108347877679908
56389,Left,0.7537836214519413,0.2462163785480586
67038,Stayed,0.11525824542699814,0.8847417545730019
56870,Left,0.8673532473039138,0.1326467526960861
39392,Left,0.9340525946370695,0.06594740536293052
55801,Left,0.6641012891353204,0.33589871086467965
13610,Stayed,0.2587326878653199,0.7412673121346801
49062,Left,0.5239311991253577,0.4760688008746424
72813,Left,0.7216465078165556,0.2783534921834444
46842,Stayed,0.14102553642126314,0.8589744635787369
49504,Stayed,0.08272236810503208,0.9172776318949679
8333,Stayed,0.2632503794290163,0.7367496205709837
7278,Stayed,0.21879914054070015,0.7812008594592998
57225,Left,0.7290395921165049,0.27096040788349507
17837,Stayed,0.11495321193122154,0.8850467880687785
14403,Left,0.880806113443663,0.119193886556337
63514,Stayed,0.23303502405627063,0.7669649759437294
47864,Left,0.957155339210412,0.04284466078958801
2285,Left,0.5376401451350974,0.4623598548649026
8249,Stayed,0.05993379442239932,0.9400662055776007
4233,Left,0.9577370687241301,0.04226293127586984
49576,Stayed,0.10080164491226395,0.899198355087736
52825,Stayed,0.026899345081754733,0.9731006549182453
26317,Stayed,0.11021327003001358,0.8897867299699864
34904,Left,0.9050998275855394,0.09490017241446061
3201,Stayed,0.11563393569538594,0.8843660643046141
27699,Stayed,0.37664438909041986,0.6233556109095801
2723,Left,0.5635608372494063,0.4364391627505937
10572,Stayed,0.4335510401905044,0.5664489598094956
53363,Stayed,0.10577851533662852,0.8942214846633715
18192,Left,0.592044107943638,0.40795589205636196
21429,Left,0.9572168744913,0.04278312550870004
35730,Stayed,0.25380819603331695,0.746191803966683
40714,Stayed,0.18239267657252556,0.8176073234274744
19923,Stayed,0.27256266657814765,0.7274373334218524
2593,Left,0.8601990830601485,0.13980091693985153
37457,Stayed,0.23222119133128294,0.7677788086687171
5995,Left,0.5366169901272886,0.4633830098727114
72198,Stayed,0.0333981184935801,0.9666018815064199
59370,Left,0.8259191024060386,0.17408089759396142
20773,Left,0.5596990440017655,0.44030095599823454
12825,Left,0.6794773096556739,0.32052269034432607
32049,Stayed,0.32046298164288867,0.6795370183571113
33932,Left,0.6623845697616859,0.33761543023831414
4991,Left,0.8889062064597498,0.11109379354025019
30034,Stayed,0.06137135952819661,0.9386286404718034
71454,Stayed,0.12791846882648739,0.8720815311735126
8677,Left,0.9062359012224561,0.09376409877754394
53847,Left,0.8939177911509911,0.10608220884900885
43429,Stayed,0.25943102819222397,0.740568971807776
47678,Left,0.51596129614185,0.4840387038581499
68343,Stayed,0.23015583646700966,0.7698441635329903
34934,Stayed,0.46451011454115965,0.5354898854588404
18906,Stayed,0.0755737266628781,0.9244262733371219
31736,Stayed,0.14078114478927373,0.8592188552107263
16332,Stayed,0.2784902133118432,0.7215097866881568
40306,Left,0.6684559938164809,0.33154400618351904
15531,Left,0.887232500449419,0.11276749955058102
47369,Left,0.8524390949205709,0.14756090507942915
36858,Left,0.514168411524867,0.4858315884751329
8474,Left,0.7338343386629196,0.2661656613370805
69196,Left,0.5073337455696443,0.4926662544303558
11528,Left,0.8696535148705011,0.1303464851294988
44808,Stayed,0.2875426798556223,0.7124573201443777
53235,Left,0.5552145423104002,0.44478545768959976
34780,Stayed,0.12657559704298826,0.8734244029570117
26600,Stayed,0.012856982216130297,0.9871430177838697
45004,Stayed,0.14715748355752267,0.8528425164424773
3027,Left,0.9268440374883353,0.07315596251166472
64263,Left,0.8699144985048795,0.13008550149512055
10756,Left,0.5957896991315279,0.4042103008684721
45377,Stayed,0.33049257896801065,0.6695074210319893
21551,Left,0.9030097692543398,0.09699023074566017
20453,Left,0.855505991354009,0.14449400864599107
72622,Stayed,0.4019457482657284,0.5980542517342716
47991,Stayed,0.0187665302668516,0.9812334697331484
14297,Left,0.6485311619954215,0.35146883800457845
33286,Left,0.6648049739015798,0.33519502609842017
59794,Left,0.9646207561380151,0.03537924386198482
61418,Stayed,0.4565658285443016,0.5434341714556984
58378,Left,0.9740693851020878,0.0259306148979122
52153,Left,0.7569846285279912,0.24301537147200877
14091,Left,0.822956578637466,0.1770434213625341
1732,Stayed,0.2114936355502699,0.7885063644497301
7279,Stayed,0.2629844476145847,0.7370155523854153
67147,Stayed,0.24591472455879515,0.7540852754412048
61951,Stayed,0.07306567520302187,0.9269343247969781
442,Left,0.8787036634043424,0.12129633659565763
39818,Left,0.5121113871206642,0.4878886128793358
19225,Stayed,0.1530668217259341,0.8469331782740659
60838,Left,0.6813795840354386,0.3186204159645614
20004,Stayed,0.399255954291293,0.600744045708707
13246,Stayed,0.3930213728083062,0.6069786271916938
631,Stayed,0.33001266752832803,0.669987332471672
37242,Left,0.5361656684811644,0.46383433151883563
68972,Stayed,0.32013305244791324,0.6798669475520868
50437,Left,0.7979257725305795,0.20207422746942044
32352,Stayed,0.05376630128397719,0.9462336987160228
3351,Stayed,0.10043638147349887,0.8995636185265011
13827,Left,0.6408542669397859,0.35914573306021413
16065,Left,0.6737625599721784,0.3262374400278216
51523,Left,0.7984696280261188,0.2015303719738813
67549,Stayed,0.2782456815832425,0.7217543184167575
11754,Stayed,0.2508273500629661,0.7491726499370339
11273,Left,0.7329890745222211,0.26701092547777894
39395,Left,0.9300671490790687,0.06993285092093124
55778,Left,0.9528397592433355,0.04716024075666448
19124,Stayed,0.31353325075992855,0.6864667492400714
50136,Stayed,0.3626311007376898,0.6373688992623102
50366,Stayed,0.33564584185035196,0.664354158149648
48998,Left,0.9162417230620202,0.0837582769379798
65175,Stayed,0.24800141228090777,0.7519985877190922
22182,Left,0.6486063277363294,0.3513936722636705
12841,Stayed,0.38494746367171817,0.6150525363282818
66261,Left,0.7941299877632144,0.20587001223678555
32985,Left,0.7041886815587204,0.29581131844127956
38402,Stayed,0.39365807844909906,0.6063419215509009
26237,Stayed,0.0173143881906348,0.9826856118093652
2299,Stayed,0.08729035583360156,0.9127096441663984
71029,Left,0.8977708585882858,0.1022291414117143
6758,Left,0.9237815379059364,0.07621846209406355
43179,Left,0.932721562773549,0.06727843722645103
25142,Left,0.7813698579538143,0.2186301420461857
772,Stayed,0.4131174251622558,0.5868825748377442
47723,Stayed,0.11393181684929354,0.8860681831507065
49370,Left,0.7615330532712995,0.23846694672870047
5448,Left,0.9574567457180675,0.042543254281932556
7226,Stayed,0.37893268499330346,0.6210673150066965
41208,Stayed,0.12456392892191093,0.8754360710780891
31393,Left,0.7423067908470058,0.25769320915299426
6431,Stayed,0.4118184323673656,0.5881815676326344
37010,Stayed,0.027339657721695776,0.9726603422783042
4610,Left,0.6402319467180314,0.3597680532819686
72979,Stayed,0.2270476610558777,0.7729523389441223
26714,Stayed,0.39850621412586984,0.6014937858741302
6427,Stayed,0.0528731839886778,0.9471268160113222
42060,Left,0.6392529244655136,0.36074707553448637
11762,Left,0.6030471389060836,0.39695286109391636
26447,Stayed,0.0298222145628827,0.9701777854371173
3768,Stayed,0.042330698407455736,0.9576693015925443
11674,Left,0.5968443174219322,0.40315568257806783
35088,Stayed,0.4534797010915994,0.5465202989084006
63086,Left,0.7235439223351168,0.2764560776648832
50488,Stayed,0.3007900756488725,0.6992099243511275
40995,Stayed,0.4657126427977558,0.5342873572022442
37105,Stayed,0.3428737446417508,0.6571262553582492
26436,Left,0.645527439897891,0.354472560102109
27475,Left,0.8296376893581533,0.17036231064184673
12155,Stayed,0.21908308934919707,0.7809169106508029
41931,Left,0.6171681387584753,0.3828318612415247
24320,Stayed,0.059487623873569206,0.9405123761264308
51822,Left,0.7786542301541576,0.2213457698458424
14514,Left,0.9514615443193872,0.0485384556806128
24028,Left,0.6011550109479886,0.3988449890520114
32638,Left,0.6377464838334012,0.36225351616659884
52239,Stayed,0.44406144307995266,0.5559385569200473
37140,Left,0.539767062687851,0.460232937312149
63649,Stayed,0.1394276072885,0.8605723927115
37414,Stayed,0.31300169001929623,0.6869983099807038
32365,Left,0.8575205880013804,0.1424794119986196
48011,Left,0.7638177225980567,0.23618227740194325
49788,Left,0.62878735001773,0.37121264998227
71047,Stayed,0.18750608004686953,0.8124939199531305
42530,Stayed,0.0934753313575557,0.9065246686424443
4347,Stayed,0.3607155917748379,0.6392844082251621
31867,Stayed,0.2221491109454311,0.7778508890545689
26483,Left,0.7210981833183043,0.2789018166816957
10114,Stayed,0.07377950092650909,0.9262204990734909
11731,Stayed,0.3808679541205523,0.6191320458794477
55300,Left,0.6885182421492992,0.3114817578507008
58700,Left,0.6695727178361384,0.33042728216386164
51057,Left,0.6857840123112966,0.31421598768870346
23459,Left,0.5690532395533767,0.4309467604466233
1273,Left,0.9469178028728589,0.05308219712714114
69699,Left,0.5400165899196311,0.4599834100803689
19891,Stayed,0.09076279001186383,0.9092372099881362
12491,Left,0.9013894357512379,0.09861056424876213
45308,Left,0.939695592070103,0.060304407929897004
42337,Stayed,0.4005250260361306,0.5994749739638694
39874,Stayed,0.3067008969275723,0.6932991030724277
30657,Stayed,0.3719667989292249,0.6280332010707751
29038,Stayed,0.07991511135241058,0.9200848886475894
47740,Left,0.8924788357392565,0.10752116426074351
26312,Stayed,0.3561210257803209,0.6438789742196791
17996,Left,0.7726162927837175,0.22738370721628257
27888,Left,0.6605885440845206,0.3394114559154794
20666,Left,0.9211911060859991,0.07880889391400096
49020,Left,0.5132196407832428,0.48678035921675716
25704,Stayed,0.192457486297395,0.807542513702605
35998,Left,0.9748567178829236,0.025143282117076424
73188,Left,0.6380966980633144,0.36190330193668563
35968,Stayed,0.21266426726532917,0.7873357327346708
24185,Stayed,0.1126079001965763,0.8873920998034237
64101,Left,0.6651713542142184,0.3348286457857817
60268,Stayed,0.40906511618403574,0.5909348838159643
13485,Left,0.935767234173169,0.06423276582683098
61684,Stayed,0.48975324082148675,0.5102467591785133
30074,Left,0.6454654221386406,0.35453457786135945
69423,Left,0.615659744885699,0.38434025511430103
37445,Left,0.5675727265897256,0.4324272734102744
6683,Stayed,0.052060990828286635,0.9479390091717134
72144,Stayed,0.04415414689371999,0.95584585310628
28997,Left,0.680490452264543,0.3195095477354571
59001,Left,0.7987461018805209,0.20125389811947908
36580,Stayed,0.027704520163779556,0.9722954798362204
35757,Stayed,0.46777470303018953,0.5322252969698105
3712,Stayed,0.09281419008082914,0.9071858099191709
69181,Left,0.7610058343638781,0.23899416563612189
54284,Stayed,0.23151742696299182,0.7684825730370082
29971,Stayed,0.4197519499018444,0.5802480500981556
11193,Left,0.6861252509697603,0.3138747490302397
5048,Stayed,0.46492789447815164,0.5350721055218484
63989,Left,0.6183079243681429,0.3816920756318572
10561,Stayed,0.48515138663990476,0.5148486133600952
44948,Left,0.5725100307408626,0.4274899692591374
39966,Stayed,0.13496389108655826,0.8650361089134417
40207,Stayed,0.11007980935417416,0.8899201906458258
51584,Left,0.893163670448497,0.10683632955150306
14501,Stayed,0.29839487594422154,0.7016051240557785
400,Stayed,0.3765392644105462,0.6234607355894538
42118,Stayed,0.49156353370976413,0.5084364662902359
8421,Left,0.8336193899796852,0.16638061002031476
35469,Left,0.6543487866991763,0.3456512133008237
11763,Stayed,0.15103310641185486,0.8489668935881451
9000,Stayed,0.4595299218168337,0.5404700781831663
42211,Left,0.9593765655361939,0.0406234344638061
13766,Stayed,0.23278736721419135,0.7672126327858086
8865,Left,0.6446519230869169,0.3553480769130831
59244,Stayed,0.14172402898591074,0.8582759710140893
54017,Stayed,0.41716729712550105,0.582832702874499
49147,Stayed,0.34952785258620356,0.6504721474137964
45327,Stayed,0.09577685315422835,0.9042231468457717
20221,Stayed,0.11338012274200893,0.8866198772579911
3564,Left,0.6506098694556619,0.34939013054433815
44266,Stayed,0.10553611358974258,0.8944638864102574
20183,Left,0.8465361344468308,0.15346386555316915
17815,Stayed,0.34517280362915326,0.6548271963708467
59336,Stayed,0.083091057425693,0.916908942574307
57642,Stayed,0.38358607012258983,0.6164139298774102
60365,Stayed,0.204420771220856,0.795579228779144
64623,Stayed,0.020768116038464512,0.9792318839615355
41252,Left,0.5812655724575702,0.4187344275424299
12827,Stayed,0.293569308907082,0.706430691092918
129,Left,0.9305764303427417,0.06942356965725832
68318,Left,0.6964085151283348,0.3035914848716652
63127,Stayed,0.38642431565787005,0.61357568434213
4294,Stayed,0.13152439703345264,0.8684756029665474
55611,Stayed,0.08284505621319715,0.9171549437868028
51019,Left,0.6660519678234791,0.33394803217652097
68031,Left,0.6740904753648576,0.32590952463514244
39560,Stayed,0.32174063669983655,0.6782593633001635
7201,Stayed,0.429858454393493,0.570141545606507
28792,Left,0.8279492033623235,0.1720507966376765
61768,Left,0.8422717994318802,0.1577282005681197
53456,Stayed,0.0428138957373434,0.9571861042626566
44702,Stayed,0.12063162116473092,0.8793683788352691
59611,Left,0.8066083170413432,0.1933916829586568
381,Stayed,0.03856588700363295,0.961434112996367
56618,Left,0.9772365328990491,0.022763467100950913
50467,Stayed,0.41409825395001065,0.5859017460499893
18435,Stayed,0.29981755551371236,0.7001824444862876
49202,Left,0.8399725686316627,0.16002743136833728
24765,Left,0.7168402872470891,0.28315971275291085
37292,Left,0.80687123289455,0.19312876710544996
39903,Left,0.9811963825166741,0.018803617483325954
72955,Left,0.9196169108868774,0.0803830891131226
64122,Left,0.5619651630045149,0.43803483699548507
21131,Left,0.526705184710211,0.473294815289789
60561,Stayed,0.37154967599282074,0.6284503240071793
19995,Stayed,0.06494844541321698,0.935051554586783
38902,Left,0.5215473482276214,0.47845265177237856
51481,Stayed,0.04413009370511145,0.9558699062948885
24207,Left,0.8319219290617681,0.16807807093823196
55511,Left,0.8549518345054665,0.1450481654945335
13275,Left,0.9279221199777139,0.07207788002228607
28448,Stayed,0.218700716918392,0.781299283081608
3560,Left,0.6926908996548158,0.3073091003451842
28604,Stayed,0.16374557962949898,0.836254420370501
5449,Left,0.8141470828875483,0.1858529171124517
16163,Left,0.6331121659558547,0.3668878340441452
38046,Stayed,0.323071712076782,0.676928287923218
4158,Stayed,0.4496460078156215,0.5503539921843785
53082,Left,0.631942666296111,0.368057333703889
13039,Left,0.8763444529825873,0.12365554701741263
26957,Stayed,0.20291190735943732,0.7970880926405627
23552,Stayed,0.31487717430372764,0.6851228256962724
64816,Stayed,0.07724539425756982,0.9227546057424302
11662,Left,0.6790766356532087,0.3209233643467912
43741,Left,0.5166636079473366,0.4833363920526635
68847,Stayed,0.2738157629222141,0.7261842370777859
39157,Stayed,0.1934201352194893,0.8065798647805107
53114,Stayed,0.3479767951412551,0.6520232048587449
35398,Left,0.5218787307936096,0.4781212692063904
16232,Stayed,0.293687750987203,0.706312249012797
54224,Left,0.5992810769416342,0.40071892305836576
697,Left,0.9094325132594974,0.09056748674050266
46783,Stayed,0.03757663744519446,0.9624233625548055
28349,Left,0.8434526417002892,0.15654735829971075
29396,Left,0.515792509974792,0.48420749002520797
67439,Left,0.8724610035165179,0.12753899648348213
27437,Left,0.6475870675451407,0.3524129324548593
50996,Left,0.9209411456886276,0.07905885431137234
56390,Left,0.5312847812375341,0.46871521876246597
37991,Stayed,0.08066262471505503,0.919337375284945
73712,Stayed,0.3651714350944849,0.6348285649055151
52251,Stayed,0.26247341748162023,0.7375265825183798
44623,Stayed,0.3334233259470035,0.6665766740529965
12285,Left,0.9783239539766869,0.02167604602331312
254,Left,0.5830066130880233,0.41699338691197674
24329,Left,0.5688719195649801,0.43112808043501993
70284,Stayed,0.12721984743932901,0.872780152560671
74291,Stayed,0.09247996743259657,0.9075200325674034
633,Stayed,0.3423874460965295,0.6576125539034705
33697,Stayed,0.06033435820983002,0.93966564179017
8704,Left,0.8175369508674055,0.18246304913259448
53659,Stayed,0.19671839985627537,0.8032816001437246
46275,Left,0.9162928561871512,0.08370714381284883
32618,Left,0.8804332052954985,0.1195667947045015
9519,Left,0.7375342321840179,0.26246576781598213
18849,Stayed,0.3500512512464272,0.6499487487535728
64614,Left,0.9272966954748048,0.07270330452519524
46001,Left,0.9266538048926379,0.07334619510736204
18717,Stayed,0.297291998661402,0.702708001338598
12991,Left,0.6541735218548387,0.3458264781451613
43132,Left,0.9721087860597231,0.027891213940276906
64248,Left,0.9640188483851962,0.03598115161480375
65079,Stayed,0.1745074980998954,0.8254925019001046
25372,Left,0.7787768148674087,0.2212231851325913
13448,Left,0.6017315057903301,0.39826849420967
69106,Left,0.5489513064774538,0.45104869352254623
29083,Stayed,0.3738254276357298,0.6261745723642702
39886,Left,0.9324274031709874,0.06757259682901268
29178,Left,0.7690027144380374,0.2309972855619626
43219,Left,0.5985302069010348,0.4014697930989652
9074,Stayed,0.3862334391351131,0.6137665608648869
66762,Stayed,0.294914064106528,0.705085935893472
62136,Stayed,0.4841583425552808,0.5158416574447192
44525,Stayed,0.2884854483125664,0.7115145516874336
69237,Stayed,0.12744353624617066,0.8725564637538293
53382,Stayed,0.3839033076521099,0.6160966923478901
56069,Left,0.757783755787434,0.24221624421256605
52997,Left,0.7480643863735377,0.2519356136264624
62923,Stayed,0.023593823802405267,0.9764061761975947
5736,Stayed,0.3468714108117664,0.6531285891882336
22351,Stayed,0.17977826259408447,0.8202217374059155
29051,Stayed,0.1748772478726497,0.8251227521273503
49904,Left,0.6909507716805114,0.3090492283194886
32158,Left,0.8128620733725017,0.1871379266274983
28200,Left,0.9753514930219548,0.0246485069780452
39685,Stayed,0.4297438004220845,0.5702561995779155
48297,Stayed,0.01545643216100423,0.9845435678389958
14193,Stayed,0.1032585253709013,0.8967414746290987
12326,Stayed,0.014334962125072903,0.9856650378749271
49519,Left,0.6314721109205674,0.3685278890794326
7402,Left,0.6632429654981147,0.3367570345018854
54042,Left,0.68053940917208,0.31946059082792005
36859,Stayed,0.34217565363022895,0.657824346369771
21599,Stayed,0.25055382995525055,0.7494461700447494
10661,Left,0.6375455317352932,0.36245446826470684
33590,Stayed,0.11649220410904138,0.8835077958909586
29609,Stayed,0.4421139332781445,0.5578860667218555
57293,Stayed,0.3922625187578844,0.6077374812421156
11942,Stayed,0.12488763655255652,0.8751123634474435
24585,Stayed,0.07336250112993037,0.9266374988700696
16356,Stayed,0.42877251684015105,0.571227483159849
66903,Left,0.5078939164316567,0.4921060835683433
14557,Stayed,0.37782900847141043,0.6221709915285896
45246,Left,0.9569339481356609,0.043066051864339094
72280,Stayed,0.06693670288761333,0.9330632971123867
12507,Left,0.9028152325048351,0.09718476749516489
31031,Stayed,0.10558431745503782,0.8944156825449622
12901,Stayed,0.4660686886709233,0.5339313113290767
19488,Left,0.8966578945732611,0.1033421054267389
26183,Stayed,0.20302919668247454,0.7969708033175255
6425,Left,0.8200752576906928,0.17992474230930722
62792,Left,0.5308563413528756,0.4691436586471244
37934,Stayed,0.48534569818535367,0.5146543018146463
28325,Stayed,0.3327247695295593,0.6672752304704407
32326,Stayed,0.17466034089656457,0.8253396591034354
51417,Left,0.5370902314056266,0.4629097685943734
63546,Stayed,0.44360780480496165,0.5563921951950384
45562,Left,0.5342890459337681,0.4657109540662319
42804,Left,0.5289607534431282,0.47103924655687185
54557,Left,0.568307664157971,0.431692335842029
30488,Stayed,0.4073747298752787,0.5926252701247213
53529,Stayed,0.36803580594239127,0.6319641940576087
665,Stayed,0.42591307791165345,0.5740869220883466
33671,Stayed,0.14540890195645728,0.8545910980435427
40942,Stayed,0.23512474120852156,0.7648752587914784
38577,Stayed,0.42511566217260033,0.5748843378273997
2587,Stayed,0.09251977445749004,0.90748022554251
28978,Stayed,0.1612868543262722,0.8387131456737278
34662,Left,0.6505689037502402,0.3494310962497597
44005,Stayed,0.4226316475413995,0.5773683524586005
14503,Left,0.9015481634846432,0.09845183651535688
60888,Stayed,0.12089251237537835,0.8791074876246217
16862,Left,0.6816577463211217,0.31834225367887825
10973,Left,0.6893746894225556,0.31062531057744436
29680,Stayed,0.0754308988076362,0.9245691011923638
10605,Left,0.9473101093433045,0.052689890656695514
59514,Stayed,0.2984998110457676,0.7015001889542324
58031,Stayed,0.29005881197864025,0.7099411880213597
6167,Stayed,0.07589998828527078,0.9241000117147292
53066,Left,0.5742009878737449,0.4257990121262552
57938,Left,0.8396367633708671,0.16036323662913288
7181,Left,0.5632028143414012,0.43679718565859876
7542,Stayed,0.07050755315560886,0.9294924468443911
54218,Stayed,0.3551209878434306,0.6448790121565694
36,Left,0.5652617202090808,0.4347382797909192
59071,Left,0.9496766222913863,0.05032337770861376
65759,Stayed,0.08617323799395304,0.913826762006047
39382,Stayed,0.15621458066662175,0.8437854193333783
55215,Stayed,0.4688828729149265,0.5311171270850735
1261,Stayed,0.46508241548589857,0.5349175845141014
69000,Left,0.7433278524742905,0.25667214752570955
47984,Left,0.6571491078399604,0.3428508921600396
8823,Stayed,0.3256161024998273,0.6743838975001727
63192,Stayed,0.45944662562618876,0.5405533743738112
54811,Stayed,0.321047953175882,0.678952046824118
40190,Left,0.7634968889602806,0.23650311103971947
30897,Stayed,0.07682114633514114,0.9231788536648589
62378,Stayed,0.11351389008759272,0.8864861099124073
6650,Stayed,0.18352738618754927,0.8164726138124507
12348,Stayed,0.4196115055138948,0.5803884944861052
1639,Stayed,0.3864386914533027,0.6135613085466973
57131,Left,0.8433652065371635,0.15663479346283643
58545,Left,0.8880386478339012,0.11196135216609886
69019,Stayed,0.47399113792889624,0.5260088620711038
38810,Left,0.5725883985992206,0.42741160140077933
53146,Stayed,0.4461929085479842,0.5538070914520158
8591,Stayed,0.02327540120786442,0.9767245987921356
36370,Stayed,0.21144375608365384,0.7885562439163462
38076,Stayed,0.0988051637623173,0.9011948362376827
71885,Left,0.7594501084175405,0.24054989158245957
31597,Stayed,0.3464216536815705,0.6535783463184295
27666,Stayed,0.23449734037210856,0.7655026596278914
14218,Stayed,0.08633387437559525,0.9136661256244047
39316,Left,0.7612860944529988,0.23871390554700125
12080,Stayed,0.23326570049040973,0.7667342995095903
5620,Stayed,0.299804930139815,0.700195069860185
30972,Left,0.9533782858340939,0.04662171416590613
72020,Stayed,0.06691018110988323,0.9330898188901168
52141,Stayed,0.2462351514325719,0.7537648485674281
50785,Stayed,0.3156924549800586,0.6843075450199414
21455,Stayed,0.4390801414715898,0.5609198585284102
34309,Stayed,0.18147851470758125,0.8185214852924187
45738,Stayed,0.1450882288010309,0.8549117711989691
43815,Left,0.7820303556747934,0.21796964432520657
19765,Left,0.6918945085698804,0.3081054914301195
11505,Left,0.737809950055333,0.26219004994466705
58527,Stayed,0.38744852620374814,0.6125514737962519
24897,Stayed,0.29913807397989833,0.7008619260201017
27449,Left,0.7724911628220813,0.22750883717791873
61897,Left,0.6397636024697452,0.3602363975302548
63512,Stayed,0.34876768067466823,0.6512323193253318
49185,Left,0.89358973001747,0.10641026998252999
9956,Stayed,0.3905831526288285,0.6094168473711715
39302,Stayed,0.33644932074000355,0.6635506792599964
12140,Left,0.848155650077625,0.15184434992237508
1386,Left,0.5257022097665697,0.4742977902334303
59996,Stayed,0.1935579816815831,0.8064420183184169
23265,Stayed,0.3127492995140675,0.6872507004859325
18088,Left,0.9356723732051884,0.06432762679481159
6703,Stayed,0.28581833198746265,0.7141816680125374
44985,Left,0.9229192386304438,0.07708076136955623
73440,Left,0.5111032891410086,0.48889671085899145
5800,Stayed,0.025728763829230505,0.9742712361707695
64130,Stayed,0.2392953044500219,0.7607046955499781
72901,Left,0.8793281710790327,0.1206718289209673
65789,Left,0.8290801736596394,0.17091982634036068
14530,Stayed,0.241272245061101,0.758727754938899
9808,Left,0.5951926339068185,0.4048073660931815
24568,Stayed,0.36588620363024993,0.6341137963697501
3311,Left,0.7699739326466642,0.23002606735333578
15939,Stayed,0.4523541197495039,0.5476458802504961
13646,Stayed,0.48811478751638837,0.5118852124836116
43749,Stayed,0.4909697911231623,0.5090302088768377
33117,Left,0.6032160179977308,0.39678398200226916
21335,Stayed,0.4586243273676599,0.5413756726323401
36288,Left,0.9110924864115711,0.08890751358842885
37448,Left,0.8288913829888818,0.17110861701111826
31498,Stayed,0.184172663780083,0.815827336219917
52712,Stayed,0.20329609696989803,0.796703903030102
57189,Left,0.7071317284506371,0.29286827154936296
67282,Left,0.920235219181021,0.079764780818979
8505,Left,0.6811995735777705,0.31880042642222955
15619,Stayed,0.19828166916695256,0.8017183308330474
10219,Left,0.8901611192551778,0.10983888074482216
62912,Stayed,0.26850609345564647,0.7314939065443535
49028,Left,0.8340776520976718,0.16592234790232824
71131,Left,0.7012091110173488,0.29879088898265116
10021,Left,0.6477266766103473,0.35227332338965267
42467,Stayed,0.2654568748832149,0.7345431251167851
13338,Stayed,0.31797371683667885,0.6820262831633211
63327,Left,0.9096002121691057,0.09039978783089431
15178,Stayed,0.17070362886473078,0.8292963711352692
40629,Stayed,0.05758423289308978,0.9424157671069102
56777,Stayed,0.28683189958840727,0.7131681004115927
1796,Stayed,0.41060075052683076,0.5893992494731692
12483,Left,0.7113278841562813,0.2886721158437187
18006,Left,0.7698460759089497,0.2301539240910503
58996,Stayed,0.3360041753509858,0.6639958246490142
31468,Stayed,0.44328796805912263,0.5567120319408774
45689,Left,0.5969075834854713,0.4030924165145287
38031,Stayed,0.10054095929131135,0.8994590407086887
66788,Left,0.886170382129185,0.11382961787081503
1880,Left,0.6594490496562867,0.3405509503437133
49992,Left,0.8687853856114919,0.1312146143885081
61334,Stayed,0.21253128697779922,0.7874687130222008
71629,Stayed,0.40104350722704984,0.5989564927729502
64416,Stayed,0.41604944227884155,0.5839505577211584
8565,Left,0.8190537002298528,0.18094629977014717
37572,Left,0.9152284840921204,0.08477151590787954
70172,Left,0.7532446027482516,0.24675539725174842
67480,Left,0.8615185035624081,0.13848149643759192
44472,Stayed,0.4743620874392559,0.5256379125607441
6529,Left,0.9271149554706741,0.07288504452932584
35068,Stayed,0.14739657487218427,0.8526034251278157
32052,Stayed,0.20511229024309363,0.7948877097569064
23895,Stayed,0.48668876860883914,0.5133112313911609
18283,Stayed,0.3507803573380939,0.6492196426619061
49935,Left,0.9438321758376339,0.05616782416236611
46433,Stayed,0.03039341036584331,0.9696065896341567
41858,Left,0.9707332206566223,0.029266779343377725
61590,Left,0.5730786500262818,0.4269213499737182
22435,Left,0.701593839254147,0.2984061607458531
35260,Left,0.8670910342589685,0.13290896574103153
34028,Left,0.508413190292275,0.4915868097077249
21159,Left,0.5248544004040546,0.4751455995959454
28024,Left,0.724697174654992,0.275302825345008
5565,Stayed,0.17640089142780335,0.8235991085721966
49189,Stayed,0.11030612197435063,0.8896938780256494
57349,Stayed,0.1058073454971239,0.8941926545028761
39920,Stayed,0.17002430227582532,0.8299756977241747
62140,Stayed,0.41644813380826673,0.5835518661917333
4058,Stayed,0.05513567354688742,0.9448643264531126
49282,Stayed,0.3723479465323335,0.6276520534676665
59842,Left,0.6176263171122675,0.38237368288773255
19678,Stayed,0.44507459036998476,0.5549254096300152
67881,Left,0.9168503278378727,0.08314967216212736
69513,Stayed,0.1243969789856636,0.8756030210143364
53764,Left,0.5425688388502417,0.45743116114975835
10789,Stayed,0.48215759549477877,0.5178424045052212
3726,Stayed,0.2064214450710442,0.7935785549289558
51241,Stayed,0.48316791934792247,0.5168320806520775
28681,Left,0.6536389956767702,0.3463610043232298
21007,Left,0.5002407064892198,0.49975929351078024
56518,Stayed,0.49501606555970223,0.5049839344402978
69598,Left,0.8807251994132071,0.11927480058679286
13130,Stayed,0.09644314822118638,0.9035568517788136
7626,Left,0.6619310133586345,0.33806898664136553
44168,Left,0.713722855397763,0.2862771446022369
42796,Stayed,0.2994815947455921,0.7005184052544079
55889,Stayed,0.29321882283448686,0.7067811771655131
47950,Stayed,0.21945562665063967,0.7805443733493603
42272,Left,0.7435439092280793,0.2564560907719206
31763,Stayed,0.05317501609739039,0.9468249839026096
73407,Left,0.7335621883125363,0.2664378116874637
62056,Stayed,0.38718576629846735,0.6128142337015327
34644,Left,0.5558701060593589,0.4441298939406411
60302,Stayed,0.3133198924162207,0.6866801075837793
10611,Stayed,0.43741383273738865,0.5625861672626113
8279,Stayed,0.33418834814307696,0.665811651856923
55261,Left,0.5718028598695382,0.4281971401304619
26011,Stayed,0.269165131149124,0.730834868850876
50645,Stayed,0.120588321899749,0.879411678100251
45403,Stayed,0.26865238151314863,0.7313476184868514
68941,Stayed,0.17028773194952052,0.8297122680504795
24204,Left,0.685997792479728,0.314002207520272
5200,Left,0.624757784549248,0.375242215450752
63767,Left,0.7321065467071555,0.26789345329284453
986,Left,0.7477390052760218,0.2522609947239782
37495,Stayed,0.4491083668314211,0.5508916331685789
1254,Left,0.957765283481711,0.042234716518289084
34192,Left,0.9434750223991983,0.05652497760080167
73072,Left,0.7092725308257668,0.29072746917423314
68456,Left,0.8879914933294697,0.11200850667053032
45329,Left,0.7002266171614794,0.2997733828385206
36135,Stayed,0.23134084319313908,0.7686591568068609
1444,Left,0.6582270175457455,0.34177298245425447
68537,Stayed,0.29748188027649203,0.702518119723508
1391,Left,0.6696638619364694,0.3303361380635306
64169,Stayed,0.3252486754409265,0.6747513245590735
53485,Left,0.8305687697243931,0.1694312302756069
1458,Left,0.7665311460246127,0.23346885397538736
23842,Left,0.6253465880749477,0.3746534119250523
20993,Stayed,0.47322709910452654,0.5267729008954735
36585,Left,0.5767866177145649,0.4232133822854351
68659,Stayed,0.3132337504065187,0.6867662495934813
44706,Stayed,0.04470399501650768,0.9552960049834923
357,Left,0.7482633793424778,0.2517366206575222
41394,Stayed,0.4451237429793212,0.5548762570206788
30150,Stayed,0.2095948609076398,0.7904051390923602
61476,Stayed,0.08343115405667034,0.9165688459433297
47314,Left,0.6427012219640037,0.3572987780359963
45221,Left,0.9206723050796006,0.07932769492039941
67508,Stayed,0.46502131549639236,0.5349786845036076
44022,Stayed,0.4230744552026471,0.5769255447973529
17724,Left,0.860734297704149,0.13926570229585095
51372,Left,0.6916939626501086,0.30830603734989137
23608,Stayed,0.4276898582649067,0.5723101417350933
71769,Left,0.6089974441794612,0.3910025558205387
35756,Left,0.8442014871599133,0.15579851284008672
29132,Stayed,0.4101502138764962,0.5898497861235038
21744,Stayed,0.4699863695770994,0.5300136304229006
5785,Stayed,0.12362686486281771,0.8763731351371823
1998,Stayed,0.26848468966626027,0.7315153103337397
41929,Left,0.7987755439678533,0.2012244560321467
40840,Left,0.9562091856379954,0.043790814362004604
10950,Stayed,0.11828598675357738,0.8817140132464226
30892,Left,0.7074801786648387,0.2925198213351613
67689,Left,0.987944079959958,0.012055920040041966
71742,Left,0.5679290560529533,0.43207094394704676
27629,Left,0.5584805833534476,0.4415194166465523
8855,Stayed,0.047492024772586516,0.9525079752274135
56813,Left,0.9602158018953619,0.03978419810463806
37573,Stayed,0.31206168909489373,0.6879383109051063
26145,Stayed,0.4085692485079402,0.5914307514920598
31610,Left,0.8583342386684383,0.14166576133156167
1172,Stayed,0.08777324406861398,0.912226755931386
44413,Stayed,0.2160525684099922,0.7839474315900078
73391,Stayed,0.15824348411608835,0.8417565158839116
64957,Left,0.7016125547445123,0.29838744525548766
46274,Stayed,0.05445310697431549,0.9455468930256845
67786,Stayed,0.32944743263520193,0.6705525673647981
53546,Stayed,0.4093972790820116,0.5906027209179884
66547,Left,0.6019429499097771,0.39805705009022285
29175,Stayed,0.4259078177790825,0.5740921822209175
53771,Left,0.7249844252240905,0.27501557477590954
21091,Left,0.5639541801382519,0.436045819861748
16865,Stayed,0.06900090079209842,0.9309990992079016
65051,Stayed,0.17203148012992076,0.8279685198700792
68287,Left,0.6707884400525043,0.32921155994749574
53606,Stayed,0.0819964949198363,0.9180035050801637
23286,Left,0.8555318485621459,0.14446815143785408
50047,Left,0.6302709378363303,0.3697290621636698
19490,Left,0.9096115052833359,0.09038849471666408
1181,Left,0.6606167243192349,0.3393832756807651
47227,Stayed,0.017021836510828114,0.9829781634891719
35685,Left,0.5761040864138877,0.42389591358611234
47480,Stayed,0.3450749775683968,0.6549250224316032
21534,Stayed,0.10416572809032798,0.895834271909672
57251,Left,0.6244567606990843,0.3755432393009157
51564,Stayed,0.0532805171325158,0.9467194828674842
27441,Left,0.7038950939497978,0.29610490605020223
33773,Stayed,0.09914973685169337,0.9008502631483066
6212,Stayed,0.06399770112785419,0.9360022988721458
32614,Left,0.9637023679146863,0.036297632085313704
14189,Stayed,0.16348291284973315,0.8365170871502668
57860,Stayed,0.04863999321763268,0.9513600067823673
32591,Left,0.7106166897020654,0.28938331029793457
24050,Stayed,0.20818200627695804,0.791817993723042
60570,Stayed,0.14693408127116825,0.8530659187288318
67324,Left,0.6334918995484138,0.3665081004515862
71855,Left,0.9187713458921845,0.08122865410781549
21011,Stayed,0.053795982454730606,0.9462040175452694
16736,Left,0.637826402916552,0.362173597083448
58594,Stayed,0.2944163178539976,0.7055836821460024
7979,Stayed,0.4725602169956912,0.5274397830043088
2296,Left,0.8086879365917299,0.19131206340827006
25450,Stayed,0.11869334864500147,0.8813066513549985
12951,Left,0.6757078090490453,0.32429219095095474
38155,Left,0.7055956652795721,0.2944043347204279
27531,Stayed,0.010874215093196415,0.9891257849068036
69430,Stayed,0.22330555734907864,0.7766944426509214
67084,Left,0.5511742643008102,0.4488257356991898
2384,Stayed,0.1957026704333784,0.8042973295666216
72521,Stayed,0.25634302217322635,0.7436569778267736
18325,Stayed,0.20762644074442316,0.7923735592555768
64786,Left,0.5053900363810147,0.49460996361898535
43785,Stayed,0.13381770563241746,0.8661822943675825
49175,Left,0.5038817851698548,0.4961182148301452
6341,Stayed,0.13570962099111872,0.8642903790088813
39046,Stayed,0.03861332654645744,0.9613866734535426
36667,Left,0.5998530885528458,0.4001469114471542
12571,Stayed,0.17828235606429066,0.8217176439357093
27041,Left,0.5564849531023461,0.44351504689765386
52977,Stayed,0.16281371377553144,0.8371862862244686
15663,Left,0.6135728104579337,0.3864271895420664
73132,Stayed,0.28516199723883096,0.714838002761169
29627,Stayed,0.07713154742193518,0.9228684525780648
43691,Left,0.5562211145080418,0.44377888549195826
28867,Stayed,0.2622081207620012,0.7377918792379988
48924,Left,0.8512737123254235,0.14872628767457657
55575,Left,0.8097690279318006,0.19023097206819942
43904,Left,0.5754524584537613,0.42454754154623875
43771,Stayed,0.20262362186675487,0.7973763781332451
62141,Left,0.5387480671122524,0.4612519328877476
31943,Stayed,0.29686061638334715,0.7031393836166528
24675,Left,0.5079897152474595,0.49201028475254055
14939,Left,0.7928391650089361,0.20716083499106386
19388,Stayed,0.31004771214504556,0.6899522878549544
66279,Stayed,0.47603483661334534,0.5239651633866547
47604,Stayed,0.1805698998079962,0.8194301001920038
9431,Left,0.616078524315852,0.38392147568414803
37331,Left,0.8323329040521952,0.16766709594780477
53526,Left,0.957336825243489,0.04266317475651101
20066,Stayed,0.21325430087922392,0.7867456991207761
52472,Left,0.6842182357606632,0.31578176423933674
26946,Left,0.7805345072547702,0.2194654927452298
50381,Stayed,0.04345540599618092,0.9565445940038191
51312,Left,0.7828172969460515,0.21718270305394852
68849,Left,0.8010476179883976,0.19895238201160242
68984,Left,0.6061426682872311,0.3938573317127689
39610,Left,0.7505115648073107,0.2494884351926893
6424,Stayed,0.15277313476687227,0.8472268652331277
47371,Left,0.7806880319865832,0.21931196801341674
20394,Left,0.6651009039121052,0.33489909608789487
72159,Stayed,0.12303676333815983,0.8769632366618402
4789,Left,0.6239580574466339,0.37604194255336604
2387,Stayed,0.16949607191271854,0.8305039280872815
28643,Left,0.604080994221379,0.3959190057786211
55707,Stayed,0.22417014876291042,0.7758298512370896
40295,Stayed,0.10700906941500787,0.8929909305849921
43709,Left,0.7667672209957375,0.23323277900426254
11987,Stayed,0.03024993025680156,0.9697500697431984
37980,Left,0.716315018805126,0.28368498119487395
9274,Left,0.9280646040138352,0.07193539598616489
29568,Left,0.8355309965452631,0.16446900345473692
9203,Stayed,0.11006403365886863,0.8899359663411314
52522,Stayed,0.025748811586525533,0.9742511884134745
42227,Stayed,0.18888048989271722,0.8111195101072828
67238,Stayed,0.1823167507968697,0.8176832492031303
12488,Stayed,0.04296817225625016,0.9570318277437498
42470,Left,0.6819486023294066,0.3180513976705934
25917,Left,0.9597804250013152,0.0402195749986848
16165,Stayed,0.4837482158062809,0.5162517841937191
66369,Left,0.9146704345773061,0.08532956542269386
374,Stayed,0.08710899629664837,0.9128910037033516
53289,Stayed,0.498464590625356,0.501535409374644
5012,Stayed,0.12251946426276739,0.8774805357372326
72531,Stayed,0.2675977210956504,0.7324022789043496
13322,Left,0.9188244521238176,0.08117554787618246
16679,Left,0.9570446787660397,0.04295532123396025
56559,Left,0.84194810868373,0.15805189131626995
66953,Stayed,0.16823575273142888,0.8317642472685711
70990,Stayed,0.05685978451495699,0.943140215485043
51171,Left,0.8438817581883853,0.15611824181161466
52363,Left,0.6351607074997994,0.3648392925002006
45008,Left,0.9690947250693164,0.030905274930683596
30578,Stayed,0.31630745781400915,0.6836925421859908
59348,Left,0.7530304914493932,0.24696950855060684
13416,Left,0.591013858254868,0.40898614174513204
68631,Stayed,0.055851043569312364,0.9441489564306876
55803,Left,0.8972289861753937,0.10277101382460624
67250,Left,0.7653187280347263,0.23468127196527366
72523,Left,0.9417860526432669,0.05821394735673316
29027,Stayed,0.038068928485507025,0.961931071514493
30098,Stayed,0.038482180012278544,0.9615178199877215
7927,Left,0.9163608464255849,0.08363915357441508
53634,Stayed,0.08298449005274267,0.9170155099472573
54072,Left,0.6676393992701395,0.33236060072986057
36454,Stayed,0.37293445128802427,0.6270655487119757
61635,Stayed,0.24713463927121448,0.7528653607287855
21394,Left,0.5802927862865295,0.4197072137134705
44217,Left,0.8409854003090043,0.15901459969099577
70311,Left,0.5938640614444854,0.4061359385555146
65203,Stayed,0.09202203806213172,0.9079779619378683
49754,Left,0.5812406775171457,0.41875932248285425
56218,Left,0.6928655914281534,0.3071344085718466
14785,Stayed,0.27419114320963967,0.7258088567903603
27374,Left,0.6014198630058156,0.3985801369941844
41809,Left,0.5094706646727201,0.49052933532728
12775,Stayed,0.4190218523042173,0.5809781476957827
12258,Stayed,0.43513252591515017,0.5648674740848498
72146,Stayed,0.14816916362142163,0.8518308363785784
47423,Stayed,0.2952381542703305,0.7047618457296695
66933,Left,0.6688040290535304,0.3311959709464696
66818,Left,0.8864049048190821,0.11359509518091798
10836,Left,0.928858956582466,0.071141043417534
14967,Left,0.7146242069354376,0.2853757930645624
55062,Left,0.8875236050381008,0.11247639496189919
34167,Stayed,0.025685187619851613,0.9743148123801484
33919,Left,0.55728425208009,0.4427157479199099
54598,Left,0.914297471236322,0.08570252876367804
28598,Left,0.6320180250280374,0.3679819749719626
43231,Stayed,0.48031852166357913,0.5196814783364209
72298,Left,0.5784211479844189,0.4215788520155811
45393,Left,0.5047995164465812,0.49520048355341884
61974,Stayed,0.3973901084626894,0.6026098915373106
63013,Stayed,0.4345961618589299,0.5654038381410701
55775,Left,0.8106849133872988,0.18931508661270127
11401,Stayed,0.22837320899994884,0.7716267910000512
53439,Left,0.9784703904114309,0.021529609588569077
13191,Stayed,0.012014942626078828,0.9879850573739212
54326,Left,0.6545852755488866,0.3454147244511134
63224,Stayed,0.2686916473536135,0.7313083526463865
67191,Stayed,0.49971051624501717,0.5002894837549828
49165,Stayed,0.261788168465949,0.738211831534051
58490,Left,0.8244847372660101,0.1755152627339899
8298,Left,0.855583738983015,0.144416261016985
7042,Stayed,0.024490668228137946,0.975509331771862
65968,Stayed,0.1686420487723097,0.8313579512276903
19850,Stayed,0.23602816465374765,0.7639718353462523
66455,Left,0.5732792020134863,0.42672079798651374
16350,Stayed,0.42497109016734047,0.5750289098326595
35727,Left,0.830381399482409,0.16961860051759103
46510,Left,0.6642933066928929,0.33570669330710706
31421,Left,0.7404414113106486,0.2595585886893514
9784,Stayed,0.21852992699841034,0.7814700730015897
40018,Stayed,0.341407529070926,0.658592470929074
7286,Stayed,0.20697815063570824,0.7930218493642918
59212,Left,0.8168601404060872,0.18313985959391277
57364,Stayed,0.27149918185634514,0.7285008181436549
49163,Left,0.8948953350519475,0.10510466494805247
28838,Left,0.8819539608918041,0.11804603910819594
23306,Stayed,0.006665551944506909,0.9933344480554931
42235,Stayed,0.42027429580516584,0.5797257041948342
71356,Stayed,0.13995147672345754,0.8600485232765425
1350,Left,0.6359114480334178,0.36408855196658213
29420,Left,0.7071653115580613,0.2928346884419387
56057,Stayed,0.37629862699806416,0.6237013730019358
15573,Left,0.9786550269812238,0.021344973018776296
31784,Stayed,0.3599272237915302,0.6400727762084698
22836,Left,0.764594876641531,0.235405123358469
16049,Left,0.5918558765954958,0.40814412340450423
58049,Stayed,0.10330199152737363,0.8966980084726264
33820,Left,0.9519598643013186,0.048040135698681374
70706,Left,0.848953894766142,0.15104610523385797
54932,Left,0.8133341636116601,0.18666583638833986
10194,Left,0.5446147161694683,0.45538528383053173
42088,Left,0.6937519887360795,0.30624801126392054
68493,Left,0.6264002494001335,0.37359975059986655
29668,Left,0.5388572511287724,0.4611427488712276
56065,Stayed,0.04831237997044957,0.9516876200295504
16870,Left,0.7328019349494377,0.2671980650505623
18957,Left,0.6775562367841748,0.3224437632158252
41502,Stayed,0.06787172102693351,0.9321282789730665
23762,Left,0.6627914740605821,0.33720852593941786
39627,Left,0.8042359787080352,0.19576402129196482
8490,Stayed,0.08757119963931737,0.9124288003606826
45291,Left,0.6856807156652696,0.31431928433473044
44664,Left,0.8629692849619937,0.1370307150380063
17521,Stayed,0.380953480445833,0.619046519554167
24220,Left,0.9865735451775722,0.01342645482242778
64738,Stayed,0.42578523798721735,0.5742147620127827
21440,Stayed,0.3929340285798205,0.6070659714201795
46462,Stayed,0.012985765617068212,0.9870142343829318
44396,Stayed,0.07935417039163883,0.9206458296083612
50184,Left,0.6446290795085046,0.3553709204914955
70559,Stayed,0.40547007688726877,0.5945299231127312
60790,Stayed,0.33669285797022785,0.6633071420297721
63261,Stayed,0.4083627876827989,0.5916372123172011
61319,Stayed,0.15597128478345557,0.8440287152165444
9823,Stayed,0.2824619998016408,0.7175380001983592
13184,Left,0.6758335395193905,0.3241664604806095
58626,Left,0.9245868667413548,0.07541313325864524
74250,Left,0.5463700449750459,0.4536299550249541
47848,Left,0.7791990001594117,0.2208009998405883
63197,Stayed,0.11229241523500733,0.8877075847649927
67845,Left,0.8194328764405243,0.18056712355947574
40562,Stayed,0.025375821203117432,0.9746241787968826
22051,Left,0.9239926703815153,0.07600732961848468
43637,Stayed,0.1773133660976688,0.8226866339023312
42985,Left,0.7206359545417,0.2793640454582999
30412,Left,0.6669934394703358,0.3330065605296641
37315,Left,0.7515464741393274,0.2484535258606726
49415,Left,0.6316334931348402,0.36836650686515976
55525,Stayed,0.4539608204671636,0.5460391795328364
871,Stayed,0.33372992677690017,0.6662700732230998
33901,Stayed,0.3074606009512273,0.6925393990487727
54535,Stayed,0.17357107054847132,0.8264289294515287
60957,Left,0.5563241975270359,0.44367580247296406
61964,Left,0.9467357478210754,0.05326425217892459
64694,Stayed,0.21669313362781129,0.7833068663721887
30752,Left,0.9895785245171774,0.010421475482822537
4470,Left,0.7539914607786833,0.24600853922131674
49338,Stayed,0.005541758875555969,0.994458241124444
6294,Left,0.693628592864093,0.30637140713590705
1170,Left,0.8419196584482472,0.15808034155175274
26064,Left,0.6703449698770239,0.3296550301229762
61669,Stayed,0.05446567461659346,0.9455343253834065
60556,Stayed,0.06981273302669455,0.9301872669733054
17931,Stayed,0.1226938621598791,0.8773061378401209
55967,Stayed,0.12154568101551122,0.8784543189844888
68504,Stayed,0.21793834514905863,0.7820616548509414
74462,Left,0.5914853344022051,0.40851466559779487
34479,Left,0.8750131926549201,0.12498680734507993
72181,Left,0.8493989357146724,0.1506010642853276
56426,Stayed,0.4438614372033738,0.5561385627966262
45871,Left,0.7264182505724492,0.2735817494275507
40487,Stayed,0.207900697211146,0.792099302788854
25892,Stayed,0.4868612234539622,0.5131387765460378
29162,Stayed,0.45267901311487624,0.5473209868851238
44769,Left,0.7465287606090993,0.25347123939090066
8866,Left,0.8476257816141328,0.15237421838586712
5550,Stayed,0.10916931955482856,0.8908306804451714
58649,Left,0.5666211787611273,0.43337882123887267
29863,Left,0.7596589301892893,0.24034106981071068
31667,Left,0.895393964720328,0.10460603527967208
41273,Stayed,0.21011814705085263,0.7898818529491474
33268,Stayed,0.31757871152691364,0.6824212884730864
37192,Stayed,0.12424463656299523,0.8757553634370048
57069,Stayed,0.14317498870282197,0.856825011297178
39870,Left,0.9328682842265307,0.06713171577346931
47207,Stayed,0.27349183561593027,0.7265081643840697
34672,Stayed,0.45536138327653863,0.5446386167234614
22834,Stayed,0.1192845517569755,0.8807154482430245
25743,Stayed,0.06858921018842401,0.931410789811576
27064,Stayed,0.15854193596965482,0.8414580640303452
8424,Stayed,0.49073088532761466,0.5092691146723853
69012,Left,0.8339881985860196,0.16601180141398048
17116,Left,0.7094835866800029,0.29051641331999706
58843,Left,0.5055691580193405,0.49443084198065945
69943,Left,0.9245322872329458,0.07546771276705423
69931,Stayed,0.3930580304050141,0.6069419695949859
7001,Stayed,0.019079570894855347,0.9809204291051447
47617,Left,0.9587065966749629,0.04129340332503702
11979,Left,0.8297441993466149,0.1702558006533851
15680,Stayed,0.20541632249343034,0.7945836775065697
27894,Left,0.5952046116611052,0.40479538833889483
8502,Left,0.7985765790593488,0.20142342094065122
15975,Left,0.9497039987834102,0.050296001216589815
35599,Left,0.7046982437602198,0.2953017562397801
10513,Stayed,0.4817205336826309,0.5182794663173691
11485,Stayed,0.09100804677002394,0.9089919532299761
14098,Stayed,0.3141113275271953,0.6858886724728047
7344,Stayed,0.07723919400014001,0.92276080599986
30728,Left,0.7790842708967405,0.2209157291032595
46266,Stayed,0.47193460065500203,0.528065399344998
46693,Left,0.8230189910362051,0.17698100896379487
8796,Stayed,0.035124401578345066,0.9648755984216549
755,Stayed,0.24312759153888852,0.7568724084611115
25656,Stayed,0.2167690638373626,0.7832309361626374
37407,Left,0.9400824850607283,0.05991751493927161
7781,Stayed,0.12514895806065296,0.874851041939347
59942,Stayed,0.4724225773954206,0.5275774226045794
36400,Stayed,0.259043192658304,0.740956807341696
69062,Left,0.7717926104176933,0.22820738958230666
59599,Stayed,0.19902393412098784,0.8009760658790122
20513,Stayed,0.14939429661255266,0.8506057033874473
16630,Left,0.6319042067837468,0.36809579321625324
60765,Left,0.736563806736789,0.26343619326321094
20677,Stayed,0.33262684537676,0.66737315462324
24911,Stayed,0.4262295211873598,0.5737704788126402
59549,Left,0.9516476459798828,0.04835235402011722
42264,Stayed,0.15521692346908322,0.8447830765309168
30156,Stayed,0.1581288850801038,0.8418711149198962
45373,Stayed,0.46060604695435625,0.5393939530456437
38652,Left,0.6183915621867846,0.38160843781321546
18784,Stayed,0.33147431147019013,0.6685256885298099
65640,Left,0.8535739062875929,0.14642609371240706
54512,Stayed,0.15507892066114182,0.8449210793388582
44352,Stayed,0.41734755852404515,0.5826524414759549
37624,Left,0.7706998971723984,0.22930010282760158
25233,Stayed,0.14786315632897462,0.8521368436710254
53198,Left,0.7787346558313912,0.2212653441686087
32366,Left,0.6380578317122905,0.3619421682877096
61883,Stayed,0.056362307279706814,0.9436376927202932
42551,Left,0.7844818095683607,0.21551819043163936
67559,Stayed,0.018926872344127932,0.9810731276558721
38824,Stayed,0.28111030412782523,0.7188896958721748
28128,Left,0.7713732048476946,0.22862679515230544
46055,Left,0.7344678718454006,0.26553212815459937
22466,Stayed,0.3508042923273267,0.6491957076726733
28614,Stayed,0.05255319038405293,0.9474468096159471
24673,Left,0.7119108246334979,0.28808917536650214
47631,Stayed,0.24880838594747234,0.7511916140525277
67072,Stayed,0.37824879197067596,0.621751208029324
56602,Left,0.7175385697126757,0.28246143028732434
11907,Left,0.565664898245209,0.434335101754791
62296,Stayed,0.2246528341136672,0.7753471658863328
16189,Stayed,0.32431628873873775,0.6756837112612623
67149,Left,0.9679236699659017,0.03207633003409832
1686,Stayed,0.47578669431111864,0.5242133056888814
58177,Stayed,0.1509583630247605,0.8490416369752395
42895,Stayed,0.08150508981948434,0.9184949101805157
956,Left,0.7636966167573793,0.23630338324262065
36847,Stayed,0.3465321587732231,0.6534678412267769
14814,Left,0.5738514827492185,0.42614851725078157
14181,Stayed,0.3942100275462538,0.6057899724537462
18152,Left,0.8900397951126102,0.10996020488738983
33878,Left,0.6586187838936954,0.34138121610630456
36677,Stayed,0.06665681836059167,0.9333431816394083
16224,Left,0.7488875088155507,0.2511124911844494
51779,Stayed,0.06958907595125963,0.9304109240487404
69972,Left,0.5229673361323074,0.4770326638676926
13328,Left,0.6361628541361894,0.3638371458638106
22226,Left,0.8206577829217044,0.1793422170782956
73497,Left,0.8395803002213201,0.16041969977867984
67014,Stayed,0.19583171626173768,0.8041682837382623
1929,Left,0.7078064684208536,0.2921935315791464
89,Stayed,0.06593303360715119,0.9340669663928488
55921,Left,0.7571020532680495,0.24289794673195053
13746,Left,0.9448356149035986,0.05516438509640147
73283,Stayed,0.4672838269289089,0.5327161730710911
30589,Stayed,0.4536795983940779,0.5463204016059221
1871,Left,0.7059677906295758,0.29403220937042424
66194,Stayed,0.05006066242206708,0.9499393375779329
67153,Stayed,0.34214818957889914,0.6578518104211009
47885,Left,0.9576587013506831,0.0423412986493169
56226,Left,0.7482454222993171,0.2517545777006829
4088,Left,0.744446991381532,0.25555300861846797
15999,Stayed,0.3719025130591571,0.6280974869408429
69260,Stayed,0.33238373528846066,0.6676162647115393
16955,Stayed,0.34578070575262276,0.6542192942473772
70719,Left,0.8658361622284865,0.13416383777151353
66149,Stayed,0.2766831062188245,0.7233168937811755
57035,Left,0.5271904151902822,0.4728095848097178
44080,Left,0.9699915771232626,0.030008422876737457
72162,Left,0.7238696161971931,0.2761303838028068
9129,Stayed,0.28306757556074613,0.7169324244392539
6011,Left,0.8109546028981955,0.18904539710180446
15150,Stayed,0.3953379129008401,0.6046620870991599
50528,Stayed,0.45010764393910496,0.549892356060895
42506,Left,0.9242058271287662,0.07579417287123384
55380,Left,0.638155393838613,0.36184460616138703
41247,Left,0.5816994734355141,0.4183005265644859
25057,Left,0.5813887365818415,0.4186112634181585
67806,Left,0.7228089291800737,0.2771910708199263
53168,Stayed,0.1996470594689448,0.8003529405310552
51131,Stayed,0.2262780473026138,0.7737219526973862
61434,Left,0.6856134855947961,0.31438651440520393
45262,Stayed,0.12789090353936905,0.872109096460631
15088,Stayed,0.3774648261828569,0.6225351738171431
7111,Left,0.6251732234676857,0.3748267765323143
50443,Stayed,0.39300671364286177,0.6069932863571382
14410,Stayed,0.04682133358059004,0.95317866641941
4265,Stayed,0.43264253589741186,0.5673574641025881
6367,Stayed,0.4837794270894029,0.5162205729105971
68744,Stayed,0.38273170075229523,0.6172682992477048
58010,Stayed,0.0979003954783283,0.9020996045216717
28451,Stayed,0.20516526148484648,0.7948347385151535
20482,Stayed,0.3704423646163212,0.6295576353836788
9485,Left,0.7561662170368988,0.24383378296310124
11817,Left,0.5076564093989258,0.49234359060107424
16380,Stayed,0.3140822689628592,0.6859177310371408
69261,Stayed,0.3312447534269445,0.6687552465730555
23382,Stayed,0.02821907184447936,0.9717809281555206
42189,Left,0.7355212318511033,0.26447876814889676
37903,Left,0.5044768567891194,0.49552314321088065
40142,Left,0.9567081207275657,0.043291879272434254
51150,Left,0.822000966913616,0.17799903308638396
57944,Stayed,0.4705762056347036,0.5294237943652964
37987,Stayed,0.29754546410459914,0.7024545358954009
55710,Stayed,0.3006510599365976,0.6993489400634024
51836,Stayed,0.36462547230371967,0.6353745276962803
7373,Stayed,0.15606489947042945,0.8439351005295705
52006,Left,0.7703224341405,0.22967756585950008
46853,Stayed,0.14135083117667757,0.8586491688233224
26553,Left,0.5580112688342295,0.44198873116577053
6330,Stayed,0.11727152292469245,0.8827284770753075
49719,Stayed,0.4494903018731349,0.5505096981268651
15952,Stayed,0.2439481856586082,0.7560518143413918
13040,Left,0.5731925179788104,0.4268074820211895
52660,Left,0.6934795011274949,0.3065204988725051
1520,Left,0.6633912904015234,0.33660870959847655
70602,Stayed,0.10783331510950966,0.8921666848904903
73155,Stayed,0.30651124742704494,0.6934887525729551
35198,Left,0.73408977565058,0.26591022434942
30093,Left,0.8928182094603538,0.10718179053964622
20922,Left,0.9713782403445896,0.028621759655410313
4326,Left,0.8358009374520963,0.16419906254790376
22637,Left,0.5951706207125272,0.40482937928747276
64573,Stayed,0.010147935690955068,0.9898520643090449
56041,Stayed,0.11345380692726348,0.8865461930727365
23146,Left,0.6317554693696583,0.3682445306303416
47490,Stayed,0.015394133261441678,0.9846058667385583
10826,Stayed,0.06288144252271599,0.937118557477284
27908,Left,0.7932024046578939,0.2067975953421061
43111,Stayed,0.09658836511595548,0.9034116348840445
50419,Left,0.6131769531249329,0.386823046875067
28489,Left,0.7408261901160034,0.25917380988399663
59297,Left,0.8157035687957704,0.1842964312042296
33246,Left,0.9804427810772927,0.01955721892270731
48686,Left,0.7281351377615055,0.2718648622384945
36267,Stayed,0.20574528707900663,0.7942547129209934
23513,Left,0.8688541165604136,0.1311458834395864
1787,Left,0.5630470277240489,0.43695297227595115
43069,Stayed,0.39765248888228155,0.6023475111177184
57604,Stayed,0.23402130993018366,0.7659786900698163
41905,Stayed,0.4971053063703794,0.5028946936296206
32963,Stayed,0.28051724140197,0.71948275859803
73269,Stayed,0.21037490476463283,0.7896250952353672
40610,Stayed,0.19318949649655304,0.806810503503447
56885,Stayed,0.4387814587315335,0.5612185412684665
22920,Stayed,0.14102927294096446,0.8589707270590355
1968,Stayed,0.14960644892307096,0.850393551076929
72568,Left,0.513469473282552,0.48653052671744795
73700,Left,0.8988456553387524,0.10115434466124763
35233,Left,0.8679639082252469,0.13203609177475303
53111,Left,0.9031953166209937,0.09680468337900629
55092,Left,0.8238004656768103,0.17619953432318972
74420,Stayed,0.2521095385634957,0.7478904614365043
40662,Left,0.7397308282331159,0.2602691717668841
18719,Stayed,0.016415699333215517,0.9835843006667845
62561,Left,0.9532515355152721,0.046748464484727956
3109,Left,0.5033645282137341,0.4966354717862659
1656,Left,0.72668556915086,0.27331443084914003
38803,Stayed,0.20640387216734912,0.7935961278326509
66015,Left,0.8593593043486192,0.14064069565138076
8782,Left,0.9351938112522775,0.0648061887477225
66785,Left,0.6243496852231605,0.3756503147768396
56227,Left,0.6218382715133919,0.3781617284866082
12576,Stayed,0.35179554234070654,0.6482044576592935
27669,Left,0.9492102416090819,0.050789758390918135
49148,Stayed,0.1914339766483948,0.8085660233516052
19489,Left,0.8904045151074618,0.10959548489253826
31957,Stayed,0.09278508666834806,0.9072149133316519
68602,Stayed,0.20763802071104098,0.792361979288959
13291,Left,0.8057899144334802,0.19421008556651972
70221,Left,0.6975288107676901,0.30247118923230987
55159,Left,0.5250514280206118,0.4749485719793882
3945,Left,0.6943699983795355,0.3056300016204645
37534,Left,0.873302389877047,0.126697610122953
9017,Stayed,0.264323614367041,0.735676385632959
34159,Left,0.5051593369205183,0.4948406630794817
22713,Stayed,0.24963127754652614,0.7503687224534739
28819,Stayed,0.34098470975571804,0.659015290244282
63170,Left,0.5095330833960552,0.49046691660394487
29508,Stayed,0.2859216219443097,0.7140783780556903
18189,Left,0.90413639852314,0.09586360147686003
1749,Left,0.7719876477916068,0.22801235220839325
12600,Stayed,0.3103729748277758,0.6896270251722242
15522,Left,0.6363729143034899,0.36362708569651014
43145,Left,0.6591690179174736,0.34083098208252643
66009,Left,0.5189319546925301,0.48106804530746994
27289,Stayed,0.2551568633937078,0.7448431366062922
17357,Stayed,0.2534043930016662,0.7465956069983338
4453,Left,0.7499776685543081,0.25002233144569186
51821,Stayed,0.28961131425864706,0.7103886857413529
33571,Stayed,0.08278799127211689,0.9172120087278831
1857,Left,0.6580979902887892,0.34190200971121076
49849,Left,0.7095906346346275,0.29040936536537254
23080,Left,0.6461418231879683,0.3538581768120317
14698,Stayed,0.4660138727059797,0.5339861272940203
37838,Stayed,0.08847811764623215,0.9115218823537679
24896,Stayed,0.047332052780727496,0.9526679472192725
57372,Stayed,0.14975253739002203,0.850247462609978
28006,Left,0.899153885556356,0.10084611444364404
21918,Stayed,0.484664813695071,0.515335186304929
19588,Stayed,0.3305428269451638,0.6694571730548362
50378,Left,0.5734544437853011,0.4265455562146989
58505,Left,0.6078222955959793,0.3921777044040207
15326,Left,0.9716416588892173,0.028358341110782774
16447,Left,0.5751195511078255,0.42488044889217447
61275,Stayed,0.44854921250340274,0.5514507874965973
63332,Stayed,0.47828595097409554,0.5217140490259045
56061,Left,0.6042631131880702,0.39573688681192976
20323,Left,0.6935368488597224,0.3064631511402775
68191,Left,0.6432285474137385,0.3567714525862615
15558,Stayed,0.15841202882840233,0.8415879711715977
18515,Stayed,0.4554101984486907,0.5445898015513093
2133,Left,0.804074116872298,0.19592588312770193
68834,Stayed,0.03213830323243583,0.9678616967675642
34916,Stayed,0.47997921367124874,0.5200207863287513
48067,Stayed,0.22556299009479608,0.7744370099052039
61584,Left,0.9664002432095341,0.033599756790465854
25591,Left,0.5015272569046705,0.4984727430953296
47068,Stayed,0.32565002241016905,0.674349977589831
5982,Stayed,0.27823949929282643,0.7217605007071736
23663,Stayed,0.15130602082801137,0.8486939791719886
20550,Stayed,0.05026164351355078,0.9497383564864492
31330,Stayed,0.3138032192584922,0.6861967807415078
7733,Left,0.7469208827809988,0.2530791172190012
54970,Left,0.6780034474785981,0.3219965525214019
72573,Left,0.8351799407089711,0.16482005929102897
54591,Stayed,0.2625615110698546,0.7374384889301454
14431,Left,0.6371319968780025,0.3628680031219976
67938,Left,0.6890737207273091,0.3109262792726909
50801,Stayed,0.4433715053250178,0.5566284946749822
67218,Stayed,0.28025489099571976,0.7197451090042802
49969,Left,0.8076573615438434,0.19234263845615657
2226,Stayed,0.29014764285436345,0.7098523571456365
3001,Left,0.8179714820768988,0.1820285179231012
51635,Left,0.6528553299382498,0.34714467006175026
15993,Left,0.5725529058583625,0.42744709414163745
47422,Stayed,0.3069956178367482,0.6930043821632518
57491,Left,0.5436931149832683,0.45630688501673167
27007,Stayed,0.31418235903019587,0.6858176409698041
3762,Stayed,0.22022236935880102,0.779777630641199
5844,Left,0.8710487956394412,0.12895120436055882
74367,Left,0.7333130039531803,0.26668699604681967
30032,Left,0.857060812234406,0.14293918776559403
19259,Left,0.7244530949982817,0.27554690500171836
72579,Left,0.7667982674500844,0.23320173254991566
55553,Stayed,0.42618106261781996,0.57381893738218
23470,Stayed,0.06029317827703495,0.939706821722965
30250,Stayed,0.3703987954843332,0.6296012045156668
7835,Left,0.5612819887719498,0.43871801122805015
59984,Left,0.9182783636231433,0.08172163637685669
29827,Stayed,0.4992437779437481,0.5007562220562519
19715,Stayed,0.40236660266771496,0.597633397332285
67595,Left,0.6700208643546524,0.3299791356453476
29089,Left,0.7091930735856291,0.29080692641437095
63502,Left,0.6218828707476811,0.3781171292523189
53494,Left,0.5920040329016385,0.40799596709836145
6718,Stayed,0.340873958984409,0.659126041015591
8924,Stayed,0.2033229527226703,0.7966770472773297
42788,Left,0.7978263234051233,0.20217367659487676
47555,Stayed,0.07008897131729619,0.9299110286827038
64754,Stayed,0.34537062819484554,0.6546293718051545
16236,Stayed,0.001465704579451832,0.9985342954205482
65022,Left,0.543640425044293,0.45635957495570706
54960,Stayed,0.07771906822241348,0.9222809317775865
20341,Left,0.9066736231278977,0.09332637687210234
64871,Left,0.8787817954014496,0.12121820459855043
17169,Left,0.5706253853631512,0.4293746146368488
3215,Stayed,0.11136694136953385,0.8886330586304662
20903,Left,0.7234109074782689,0.27658909252173114
7731,Stayed,0.37551819384375607,0.6244818061562439
64165,Stayed,0.143080697368275,0.856919302631725
62405,Stayed,0.0830316131945128,0.9169683868054872
33556,Left,0.736903645062239,0.263096354937761
19809,Left,0.8280975967905345,0.1719024032094655
13671,Stayed,0.26209317131928567,0.7379068286807143
69651,Left,0.9511509941276874,0.048849005872312536
22303,Left,0.835551697113029,0.16444830288697102
38778,Left,0.6841578453592629,0.3158421546407371
55645,Left,0.9065682290719471,0.09343177092805287
69289,Left,0.8142558211857742,0.18574417881422575
24862,Stayed,0.45273175326292125,0.5472682467370787
10980,Left,0.8587918484610919,0.1412081515389081
18266,Stayed,0.31192742712177024,0.6880725728782298
73011,Stayed,0.07289402658886135,0.9271059734111387
67622,Stayed,0.32361575244437935,0.6763842475556207
49472,Stayed,0.33953042396139244,0.6604695760386076
5776,Stayed,0.007926143146773645,0.9920738568532264
14436,Stayed,0.4092299348270194,0.5907700651729806
33395,Stayed,0.35758612966114356,0.6424138703388564
49616,Left,0.6850339642287928,0.31496603577120713
46415,Stayed,0.17987955690709123,0.8201204430929088
71277,Left,0.673563157252634,0.32643684274736595
32570,Left,0.7300391650275826,0.26996083497241746
49913,Left,0.8815156616318712,0.11848433836812877
2708,Left,0.9618107610146941,0.03818923898530592
63851,Stayed,0.32406944336273014,0.6759305566372699
20365,Left,0.8753767813700335,0.1246232186299665
36057,Stayed,0.3960481409156784,0.6039518590843216
10970,Stayed,0.23834593372536894,0.7616540662746311
25542,Stayed,0.2447384400531254,0.7552615599468746
20934,Stayed,0.14102197981046116,0.8589780201895388
58357,Left,0.9608839080851493,0.03911609191485069
8931,Stayed,0.40706546431557167,0.5929345356844283
29437,Left,0.5825913467180763,0.4174086532819236
42233,Stayed,0.45449808335884445,0.5455019166411555
5206,Left,0.9577384635505519,0.042261536449448106
57918,Stayed,0.31249633038274927,0.6875036696172507
34086,Left,0.6512544948559142,0.3487455051440858
62310,Stayed,0.004643323928159027,0.995356676071841
61794,Stayed,0.05529563317650521,0.9447043668234948
72911,Stayed,0.28096064196364556,0.7190393580363544
37065,Stayed,0.31184278670145416,0.6881572132985458
26806,Stayed,0.09507754335985763,0.9049224566401424
74197,Stayed,0.21877871707277052,0.7812212829272295
29639,Left,0.6987414261242226,0.30125857387577737
65960,Left,0.6619095894300491,0.338090410569951
74043,Stayed,0.08665150536782529,0.9133484946321747
23418,Left,0.6800113025657604,0.31998869743423963
53214,Stayed,0.11738493381639226,0.8826150661836077
7432,Stayed,0.0644150323333672,0.9355849676666328
53183,Stayed,0.11748033540348413,0.8825196645965159
41302,Left,0.6209981496757667,0.3790018503242333
31583,Stayed,0.47152683222272596,0.528473167777274
65066,Left,0.7057367772885513,0.29426322271144867
41817,Left,0.7993792795526241,0.20062072044737586
31275,Left,0.8290792022969415,0.17092079770305849
46602,Left,0.9312166454497534,0.06878335455024666
22228,Stayed,0.2599753009512079,0.7400246990487921
42697,Left,0.5725454977794858,0.4274545022205142
43129,Left,0.8167452299101348,0.18325477008986527
70004,Left,0.9006442854477321,0.09935571455226791
39208,Stayed,0.49006484575584286,0.5099351542441571
20255,Left,0.6112434824149109,0.38875651758508906
66283,Left,0.8769158055770703,0.12308419442292975
60396,Stayed,0.15739034712901023,0.8426096528709898
17999,Stayed,0.16163864155951102,0.838361358440489
67449,Left,0.7133666753857018,0.28663332461429825
30243,Stayed,0.45616735425388577,0.5438326457461142
15048,Stayed,0.04711158774657953,0.9528884122534205
43768,Stayed,0.36500944873152863,0.6349905512684714
15466,Stayed,0.07285143368599101,0.927148566314009
125,Left,0.8639511495230848,0.13604885047691517
72696,Stayed,0.020883990807086583,0.9791160091929134
23533,Stayed,0.09852120754766236,0.9014787924523376
15316,Left,0.9014565632773305,0.09854343672266953
40669,Stayed,0.06787228866806394,0.9321277113319361
62272,Stayed,0.4235236511669668,0.5764763488330332
27423,Stayed,0.38302107992425694,0.6169789200757431
62488,Stayed,0.23876650504279417,0.7612334949572058
56964,Left,0.6622449232298588,0.3377550767701411
29713,Left,0.7524135491323625,0.2475864508676375
10306,Stayed,0.2819769306294657,0.7180230693705343
53455,Left,0.7417830439118174,0.2582169560881827
32374,Stayed,0.42767441649914206,0.5723255835008579
61568,Stayed,0.02230730148618565,0.9776926985138144
53481,Stayed,0.19740440311667262,0.8025955968833274
44008,Left,0.8209785618566419,0.1790214381433581
35687,Left,0.788750516622915,0.2112494833770851
41871,Left,0.5039553269536574,0.49604467304634253
2894,Stayed,0.14550311230842006,0.8544968876915799
16142,Stayed,0.2914482252753766,0.7085517747246234
6975,Stayed,0.06418385969259355,0.9358161403074065
70329,Stayed,0.27286300778662154,0.7271369922133785
31445,Left,0.766727924159776,0.23327207584022408
59523,Stayed,0.21734049800615207,0.7826595019938479
46928,Stayed,0.20856459091210455,0.7914354090878954
39417,Left,0.8490361835487259,0.1509638164512741
54277,Stayed,0.32434918274712454,0.6756508172528755
11618,Stayed,0.22117430969731366,0.7788256903026863
36779,Left,0.9241507419601369,0.07584925803986312
36247,Stayed,0.3826595147170567,0.6173404852829433
67403,Left,0.7972124982663421,0.20278750173365787
56450,Left,0.5014593775719357,0.4985406224280643
26972,Left,0.5644287196953015,0.43557128030469855
6137,Left,0.8271515699836796,0.17284843001632044
72928,Left,0.9376335160090392,0.06236648399096078
14887,Stayed,0.13000383174661356,0.8699961682533864
28418,Left,0.8833960659939682,0.11660393400603174
51999,Stayed,0.31490066193914223,0.6850993380608578
16597,Left,0.7583666632558776,0.2416333367441224
48849,Stayed,0.08345193713051036,0.9165480628694896
25488,Stayed,0.07591180997040003,0.9240881900296
54327,Stayed,0.14280659633371762,0.8571934036662824
34581,Left,0.8068344574148498,0.1931655425851502
7493,Stayed,0.4783961641354205,0.5216038358645795
551,Stayed,0.2416147291106875,0.7583852708893125
37342,Left,0.5400005165102694,0.45999948348973063
2183,Left,0.5067096676767213,0.4932903323232786
50036,Stayed,0.16123431234134455,0.8387656876586554
71435,Left,0.8077546000690512,0.19224539993094883
36317,Stayed,0.04015831864063235,0.9598416813593676
63540,Left,0.6681443398485505,0.33185566015144957
45752,Left,0.7090470218426665,0.2909529781573335
54686,Left,0.9530014022010951,0.04699859779890496
14664,Left,0.7549501066766052,0.2450498933233948
26028,Left,0.5855947439386913,0.4144052560613088
64722,Stayed,0.25678645641590414,0.7432135435840959
27174,Left,0.7042651721970821,0.2957348278029179
18537,Left,0.8580051997391873,0.14199480026081263
49320,Left,0.7294706217763006,0.2705293782236994
54635,Left,0.8876205226732412,0.11237947732675882
27694,Left,0.8212199884253117,0.1787800115746883
23985,Stayed,0.2153481094057853,0.7846518905942147
39629,Left,0.5748066182715184,0.4251933817284817
52357,Stayed,0.4408679778305137,0.5591320221694863
14884,Left,0.8271792382841184,0.1728207617158816
5523,Stayed,0.4003694734633686,0.5996305265366314
10721,Left,0.6293939005527878,0.37060609944721223
64954,Left,0.5680772179945446,0.4319227820054555
54578,Left,0.6756076493846275,0.32439235061537247
1088,Stayed,0.11400336820511481,0.8859966317948852
61307,Left,0.6076554916838024,0.39234450831619755
34681,Left,0.6073908111447526,0.39260918885524737
47241,Left,0.7643162025880006,0.2356837974119994
42390,Left,0.6412144054414695,0.3587855945585305
63671,Stayed,0.118074036211122,0.881925963788878
4450,Left,0.8444776830025629,0.15552231699743715
55679,Stayed,0.21385259389141953,0.7861474061085805
33455,Stayed,0.035167325333511745,0.9648326746664883
53835,Left,0.7814560173382645,0.2185439826617355
33660,Left,0.7013459905968762,0.29865400940312387
64210,Left,0.8195835011361587,0.18041649886384128
17836,Left,0.5824528618140314,0.41754713818596856
42483,Left,0.9106461383344537,0.08935386166554629
46025,Stayed,0.27832496425392683,0.7216750357460732
33596,Stayed,0.18533795326469438,0.8146620467353056
27184,Left,0.704974446777852,0.2950255532221479
50652,Stayed,0.49359421828621053,0.5064057817137895
41550,Stayed,0.3971490219478434,0.6028509780521566
36365,Stayed,0.1973881310697716,0.8026118689302284
34762,Stayed,0.4401253999424034,0.5598746000575966
60651,Left,0.7731915761498143,0.22680842385018576
19718,Left,0.7352625933896679,0.26473740661033207
68859,Stayed,0.44172375822283494,0.5582762417771651
9076,Left,0.565577945627642,0.43442205437235804
39376,Stayed,0.05338927128271065,0.9466107287172894
2529,Stayed,0.4759202343197141,0.5240797656802859
35379,Stayed,0.2580475041861633,0.7419524958138367
69489,Left,0.5769525761027678,0.4230474238972321
30047,Stayed,0.3211482425164547,0.6788517574835453
66030,Stayed,0.405698430689427,0.594301569310573
53063,Stayed,0.21960628211213884,0.7803937178878612
60094,Stayed,0.2293837661766419,0.7706162338233581
66180,Left,0.54248606989802,0.45751393010198005
6553,Left,0.9490701406606824,0.05092985933931764
32004,Stayed,0.09340508816506243,0.9065949118349376
60566,Stayed,0.06835675285765686,0.9316432471423431
31480,Stayed,0.10205889623816988,0.8979411037618301
60832,Left,0.9285160547171023,0.07148394528289773
46403,Stayed,0.23742493061783188,0.7625750693821681
63387,Left,0.7426571078631339,0.2573428921368662
625,Stayed,0.009512501637625959,0.990487498362374
45251,Left,0.8525002785785457,0.14749972142145426
36514,Left,0.5887396081559537,0.4112603918440463
23021,Stayed,0.4317395736001446,0.5682604263998554
61181,Left,0.9546521382949387,0.04534786170506134
55677,Stayed,0.075879097765302,0.924120902234698
39090,Stayed,0.30779479343807514,0.6922052065619249
21167,Left,0.5687696820638322,0.4312303179361679
30382,Stayed,0.3295766241257204,0.6704233758742796
24948,Stayed,0.30466954685353176,0.6953304531464682
20417,Stayed,0.45974091572242537,0.5402590842775746
21019,Stayed,0.28722977360966784,0.7127702263903322
73907,Left,0.6764690384968659,0.32353096150313415
58991,Stayed,0.25129715642609385,0.7487028435739062
2722,Left,0.9649758044876534,0.03502419551234661
16982,Stayed,0.48905011752825966,0.5109498824717403
2084,Left,0.6418497766906548,0.35815022330934515
22903,Left,0.7355725822938345,0.2644274177061655
39565,Left,0.7723480676960692,0.2276519323039308
10644,Left,0.6933594837305772,0.30664051626942274
60459,Stayed,0.10978556351130186,0.8902144364886981
43537,Stayed,0.2067127767755632,0.7932872232244368
22907,Stayed,0.38900784131466093,0.6109921586853391
30486,Stayed,0.17946098551378198,0.820539014486218
51514,Left,0.5479661130682938,0.4520338869317062
33297,Left,0.7494063626328782,0.2505936373671218
43692,Stayed,0.2126582366725931,0.7873417633274069
34558,Left,0.7087560085097231,0.29124399149027697
1014,Left,0.7314219855297415,0.2685780144702586
37803,Stayed,0.33181640925662703,0.668183590743373
43565,Left,0.6453323979823995,0.35466760201760045
33709,Stayed,0.09008467259564146,0.9099153274043585
65287,Stayed,0.2770970984486164,0.7229029015513836
3453,Left,0.6649875419074238,0.3350124580925761
25479,Left,0.9481819710575656,0.051818028942434334
65806,Left,0.8280357177533713,0.17196428224662869
47444,Stayed,0.27106556004021876,0.7289344399597812
57974,Stayed,0.2811383401454356,0.7188616598545644
11082,Left,0.8239303106539468,0.17606968934605313
55808,Left,0.5590744656935327,0.44092553430646725
42575,Left,0.8716981312223735,0.12830186877762645
40292,Stayed,0.24840017316985896,0.751599826830141
2618,Stayed,0.1290839122085512,0.8709160877914488
11994,Stayed,0.20251332036333314,0.7974866796366669
72674,Stayed,0.33438456538904493,0.6656154346109551
68013,Stayed,0.11816462218968882,0.8818353778103112
35050,Stayed,0.27121724918537715,0.7287827508146228
50499,Left,0.8529093611127775,0.14709063888722254
19038,Left,0.8249172828571604,0.17508271714283963
1124,Left,0.8907120439258741,0.10928795607412585
64182,Stayed,0.46316072781848605,0.536839272181514
55508,Stayed,0.3853334076377568,0.6146665923622432
33353,Left,0.5419353428735393,0.4580646571264607
55667,Left,0.6908587743675132,0.3091412256324868
2886,Left,0.7518588957873272,0.2481411042126728
34894,Left,0.9594063201387932,0.040593679861206815
6410,Left,0.5791735684769312,0.4208264315230688
33347,Left,0.893362763848069,0.10663723615193096
74431,Left,0.875988745850069,0.12401125414993103
56125,Stayed,0.3931081473430901,0.6068918526569099
69182,Stayed,0.4286265134668996,0.5713734865331004
68670,Left,0.5503771932886035,0.4496228067113965
22177,Left,0.8246322957203723,0.17536770427962764
31367,Left,0.6467575298558519,0.35324247014414817
8843,Left,0.8339390955905197,0.16606090440948035
21642,Stayed,0.18558094040215656,0.8144190595978434
12578,Stayed,0.4525545627757068,0.5474454372242932
19335,Stayed,0.30681780871619413,0.6931821912838059
39174,Stayed,0.28394480799766975,0.7160551920023303
4212,Stayed,0.46595707641551787,0.5340429235844821
43207,Stayed,0.32181328934272446,0.6781867106572755
804,Stayed,0.38060872974405946,0.6193912702559405
34187,Left,0.8819652968636806,0.11803470313631935
42034,Left,0.5039483597657066,0.4960516402342934
417,Left,0.9592564915555888,0.04074350844441124
65071,Left,0.9071365401248043,0.09286345987519576
69383,Left,0.7449208980311754,0.25507910196882455
4837,Stayed,0.13373849256076953,0.8662615074392305
62051,Left,0.6496758041201558,0.35032419587984426
34054,Stayed,0.11965799003078981,0.8803420099692102
46458,Left,0.6889711727616039,0.31102882723839614
63809,Stayed,0.12299357814551648,0.8770064218544835
25624,Stayed,0.2264150521869409,0.7735849478130591
3695,Left,0.7794557519579013,0.22054424804209866
69805,Left,0.860121147055225,0.13987885294477495
17536,Stayed,0.08520494723842065,0.9147950527615794
15881,Stayed,0.3327694879815012,0.6672305120184988
46121,Stayed,0.0992483826973991,0.9007516173026009
16529,Left,0.7101187380314098,0.28988126196859015
6895,Left,0.8411384224795445,0.15886157752045552
45496,Left,0.6279098789314204,0.37209012106857964
12893,Stayed,0.012388172951486087,0.9876118270485139
52444,Left,0.7289479839389028,0.27105201606109725
17942,Stayed,0.03737002796086708,0.9626299720391329
53762,Left,0.7440875734546083,0.2559124265453917
59352,Left,0.9290278993283199,0.07097210067168011
25489,Stayed,0.32858461140973716,0.6714153885902628
42620,Stayed,0.18125722004232203,0.818742779957678
65476,Left,0.5514219944586505,0.4485780055413496
58717,Stayed,0.4862862419957441,0.5137137580042559
24910,Left,0.5582261031681793,0.44177389683182067
20493,Left,0.575195935183197,0.424804064816803
475,Left,0.5735710520172934,0.42642894798270653
27299,Left,0.5452659616048396,0.45473403839516036
72296,Left,0.8276963151004284,0.17230368489957154
59940,Left,0.7109590051935761,0.2890409948064238
18306,Stayed,0.1599674437852483,0.8400325562147517
68099,Stayed,0.05813053866321283,0.9418694613367872
55411,Left,0.8451358288938714,0.15486417110612857
39095,Left,0.9272919644615633,0.0727080355384367
33210,Stayed,0.23263192751244643,0.7673680724875536
22820,Stayed,0.05740779543480101,0.942592204565199
72408,Stayed,0.32372480397598213,0.6762751960240179
10694,Stayed,0.10698063711954431,0.8930193628804557
26439,Left,0.5989804546360011,0.4010195453639988
55408,Stayed,0.25028221312656207,0.7497177868734379
12115,Stayed,0.4179835859989315,0.5820164140010685
6197,Left,0.7744598898959191,0.2255401101040809
53202,Stayed,0.13536672729748578,0.8646332727025142
46514,Stayed,0.494266336880113,0.505733663119887
70549,Left,0.7307632629403492,0.2692367370596508
35568,Left,0.6706565712132713,0.3293434287867288
48421,Left,0.675531779940109,0.3244682200598909
6805,Left,0.8225206680059487,0.17747933199405128
72527,Left,0.6082003095686032,0.39179969043139684
41308,Left,0.8244797683463527,0.17552023165364733
56033,Stayed,0.48058675964957964,0.5194132403504204
11757,Left,0.5859577834163157,0.4140422165836843
73883,Left,0.5058064831699645,0.4941935168300356
38243,Stayed,0.2668787306647431,0.7331212693352569
45054,Left,0.7950385014159675,0.20496149858403248
45170,Left,0.5631460235928285,0.43685397640717144
66439,Left,0.9453306863772756,0.05466931362272445
20001,Stayed,0.15669693251954608,0.8433030674804539
38455,Stayed,0.22373242184258257,0.7762675781574174
13467,Left,0.9710904986683913,0.028909501331608693
34665,Left,0.5649389924039164,0.43506100759608357
42195,Left,0.767829532767857,0.2321704672321429
8988,Left,0.8703260001011373,0.1296739998988627
61291,Stayed,0.13507679109713766,0.8649232089028623
24959,Left,0.7981896391462039,0.20181036085379614
13916,Stayed,0.2868380084152268,0.7131619915847732
19307,Left,0.5083793263548919,0.49162067364510803
37190,Stayed,0.39843413138404016,0.6015658686159598
71794,Stayed,0.23732924074856887,0.7626707592514311
63082,Left,0.9581096744952293,0.04189032550477072
15425,Stayed,0.011626027077155876,0.9883739729228441
27816,Stayed,0.08710796728855508,0.9128920327114449
51073,Left,0.7287051089101255,0.2712948910898745
62373,Left,0.5296262581106829,0.47037374188931713
27734,Stayed,0.4504740328527278,0.5495259671472722
41102,Stayed,0.3953240099388715,0.6046759900611285
55981,Left,0.70806166891406,0.29193833108594
19747,Left,0.5249709976032503,0.4750290023967497
66115,Left,0.8276018745555365,0.1723981254444636
38019,Stayed,0.32608670378943483,0.6739132962105652
24907,Stayed,0.2972684198501848,0.7027315801498152
1513,Stayed,0.13805460838026706,0.8619453916197329
16422,Stayed,0.4008306548232873,0.5991693451767127
37561,Left,0.9412789013499084,0.05872109865009156
19350,Stayed,0.39543272917003347,0.6045672708299665
47310,Left,0.878510593367661,0.12148940663233897
52397,Stayed,0.06680456138215507,0.9331954386178449
15198,Stayed,0.38062936419968396,0.619370635800316
38415,Stayed,0.11266096442767093,0.8873390355723291
43171,Stayed,0.1511528792607313,0.8488471207392687
16890,Left,0.7995085677654359,0.20049143223456406
30840,Left,0.717640155006537,0.28235984499346295
60878,Left,0.7200439887040675,0.27995601129593256
28996,Stayed,0.28988551461159695,0.710114485388403
48963,Left,0.7994361193526287,0.20056388064737127
4507,Left,0.9438428272074371,0.0561571727925629
3754,Stayed,0.3703535369948673,0.6296464630051327
55504,Left,0.6172566582877925,0.38274334171220753
12253,Left,0.9038698175294597,0.09613018247054024
20489,Stayed,0.08462315487625505,0.915376845123745
56738,Left,0.5082612987079922,0.4917387012920078
1331,Stayed,0.17131635115463162,0.8286836488453684
5829,Stayed,0.029898158610444647,0.9701018413895554
72734,Stayed,0.1527409237404196,0.8472590762595804
53582,Stayed,0.4559234119466675,0.5440765880533325
13239,Stayed,0.1429857172150043,0.8570142827849957
11869,Left,0.5185224571421048,0.48147754285789524
72282,Left,0.8128244363685323,0.18717556363146767
55855,Left,0.8321306923521653,0.1678693076478347
65650,Left,0.5392660214338842,0.4607339785661158
849,Stayed,0.24257496415258206,0.7574250358474179
20849,Left,0.741598048396912,0.25840195160308793
39273,Stayed,0.4996740064960503,0.5003259935039497
27702,Left,0.6845569588485276,0.31544304115147237
70904,Left,0.7689583297930954,0.23104167020690455
46703,Stayed,0.19375710730157403,0.806242892698426
29782,Left,0.7614275107764358,0.23857248922356422
43997,Left,0.5986285502893341,0.40137144971066585
74364,Stayed,0.4643257780624175,0.5356742219375825
25235,Stayed,0.272817043404882,0.727182956595118
12910,Stayed,0.0711168252741824,0.9288831747258176
18714,Left,0.8591812422546437,0.1408187577453563
27905,Stayed,0.4356098926787807,0.5643901073212193
3834,Stayed,0.06674586275875583,0.9332541372412442
3698,Stayed,0.11547902541072608,0.8845209745892739
73366,Left,0.6740160496292498,0.32598395037075023
59042,Stayed,0.3534605151282173,0.6465394848717827
44097,Stayed,0.08094408331201808,0.9190559166879819
2827,Stayed,0.4398017848045811,0.5601982151954189
52505,Left,0.7632160644914402,0.2367839355085598
2528,Left,0.5535537439652289,0.4464462560347711
42440,Stayed,0.16116145321130182,0.8388385467886982
61906,Stayed,0.07024085562872862,0.9297591443712714
33092,Stayed,0.05509487420929804,0.944905125790702
42255,Stayed,0.08699893133739689,0.9130010686626031
31383,Stayed,0.46069008415133694,0.5393099158486631
8271,Stayed,0.053718677249409486,0.9462813227505905
36665,Stayed,0.11510166509153708,0.8848983349084629
28167,Left,0.8998486805867565,0.10015131941324354
3483,Left,0.6986460496637457,0.30135395033625434
8216,Stayed,0.04552482337068575,0.9544751766293142
14805,Stayed,0.23920009628741457,0.7607999037125854
53858,Stayed,0.11511487258736708,0.8848851274126329
26167,Stayed,0.33801268218079883,0.6619873178192012
57966,Stayed,0.40874455891544603,0.591255441084554
64911,Stayed,0.43047910677792034,0.5695208932220797
9036,Stayed,0.29762509246615776,0.7023749075338422
43671,Stayed,0.4223467389871689,0.5776532610128311
57825,Left,0.5597290067978713,0.4402709932021287
22001,Left,0.9708081373609445,0.029191862639055505
41476,Stayed,0.2503039869768664,0.7496960130231336
20424,Stayed,0.1855632455139019,0.8144367544860981
1537,Left,0.8087190509962707,0.19128094900372924
48855,Left,0.7597302533040025,0.2402697466959975
40489,Stayed,0.09611989682849809,0.9038801031715019
51831,Left,0.5220624864008535,0.4779375135991465
6986,Left,0.7570381422099668,0.24296185779003315
44919,Stayed,0.42519699546579803,0.574803004534202
74073,Stayed,0.1214135475722995,0.8785864524277005
46843,Stayed,0.480918340732557,0.519081659267443
69814,Stayed,0.48252172327333753,0.5174782767266625
64976,Stayed,0.046903799073729435,0.9530962009262706
37840,Stayed,0.45149029619810943,0.5485097038018906
43235,Stayed,0.11034753386407481,0.8896524661359252
14043,Stayed,0.46810500886887463,0.5318949911311254
11515,Stayed,0.3623827180784224,0.6376172819215776
25928,Stayed,0.43912141766527235,0.5608785823347276
36817,Left,0.9820744275275441,0.01792557247245582
17785,Left,0.8216200208630026,0.17837997913699746
34194,Stayed,0.12353349012783743,0.8764665098721626
53248,Left,0.9198765382806425,0.08012346171935748
42860,Left,0.6086345592071527,0.39136544079284735
2239,Stayed,0.36032115970782963,0.6396788402921704
42173,Stayed,0.39509099612385234,0.6049090038761477
52848,Left,0.8915076229208956,0.10849237707910436
27597,Stayed,0.06489505116743521,0.9351049488325648
57795,Left,0.5827101213275665,0.41728987867243356
16913,Left,0.9724259530058196,0.027574046994180403
36375,Stayed,0.39887325278339725,0.6011267472166028
42276,Stayed,0.3446455018108995,0.6553544981891005
53808,Left,0.6313386887585826,0.36866131124141743
13470,Stayed,0.3103583859562331,0.6896416140437669
43973,Left,0.8896803903974893,0.11031960960251076
6109,Left,0.9470617592666554,0.05293824073334463
49869,Stayed,0.36982590735866583,0.6301740926413342
8530,Stayed,0.4813031446361695,0.5186968553638305
42281,Stayed,0.24578217785765866,0.7542178221423413
52062,Stayed,0.490344411105768,0.509655588894232
10138,Stayed,0.11460126263672998,0.88539873736327
6001,Left,0.934923847515781,0.06507615248421904
44952,Stayed,0.17661968280117735,0.8233803171988227
26567,Left,0.6727415172382228,0.32725848276177716
34400,Left,0.7900851148108677,0.20991488518913223
37742,Left,0.8428464507153379,0.1571535492846621
42076,Stayed,0.07487728046852749,0.9251227195314725
58234,Left,0.7177035135146455,0.28229648648535455
17733,Stayed,0.20005557225618475,0.7999444277438152
28100,Left,0.9359270424810081,0.06407295751899188
61812,Stayed,0.022901531184717938,0.9770984688152821
33825,Left,0.8778582212372407,0.12214177876275932
74448,Stayed,0.4011269597347753,0.5988730402652247
1802,Left,0.9080404644955704,0.09195953550442956
58844,Stayed,0.1849054562677238,0.8150945437322762
40457,Left,0.7720989295794392,0.22790107042056088
45132,Stayed,0.2241653949198491,0.7758346050801509
27097,Left,0.8995863110638693,0.10041368893613066
50414,Left,0.9039085716683045,0.09609142833169546
65226,Left,0.6152387297460526,0.38476127025394735
7118,Stayed,0.14300465052634403,0.856995349473656
6400,Stayed,0.14252025459094286,0.8574797454090571
46193,Stayed,0.2737636583931977,0.7262363416068023
1567,Left,0.7774414923918361,0.2225585076081639
1142,Left,0.7019725275925169,0.29802747240748306
20425,Stayed,0.3085624066921139,0.6914375933078861
64063,Left,0.6087877294466718,0.3912122705533282
23975,Stayed,0.40349991079268055,0.5965000892073195
30441,Stayed,0.21053219138087664,0.7894678086191234
12545,Left,0.8085905695846168,0.1914094304153832
50153,Left,0.532287166315419,0.467712833684581
26816,Left,0.5274323857382202,0.4725676142617798
41364,Stayed,0.15200100753137014,0.8479989924686299
44020,Stayed,0.4027629772117357,0.5972370227882643
38748,Stayed,0.06475071442909752,0.9352492855709025
65309,Stayed,0.470611440043195,0.529388559956805
44833,Stayed,0.4509364952655287,0.5490635047344713
41802,Stayed,0.268497113769384,0.731502886230616
52322,Stayed,0.09637477553028728,0.9036252244697127
54909,Stayed,0.3660632432570188,0.6339367567429812
73663,Stayed,0.1184752653804928,0.8815247346195072
16695,Left,0.9303615113559863,0.06963848864401367
59512,Left,0.5604315706436434,0.4395684293563567
50042,Stayed,0.09653538101201453,0.9034646189879855
60619,Stayed,0.214087797257276,0.785912202742724
11541,Left,0.5508172739718356,0.44918272602816445
7555,Left,0.8889896504332904,0.11101034956670958
12519,Left,0.5775082328727382,0.4224917671272618
7442,Stayed,0.3510539320663215,0.6489460679336785
6725,Left,0.7967608634100977,0.20323913658990236
51511,Left,0.651663715837089,0.3483362841629109
21734,Left,0.9033977001589995,0.0966022998410006
3827,Stayed,0.3286905936785578,0.6713094063214422
43406,Stayed,0.08010744893726562,0.9198925510627344
35265,Left,0.5664213346638318,0.4335786653361682
7802,Stayed,0.22534201365948447,0.7746579863405155
51443,Stayed,0.14943062918630523,0.8505693708136948
24197,Left,0.7162758304349375,0.2837241695650626
22965,Left,0.8247432251831783,0.17525677481682164
10119,Left,0.7445995860676474,0.2554004139323526
69416,Stayed,0.43866435620653055,0.5613356437934695
18730,Left,0.9072887780146229,0.0927112219853771
8198,Stayed,0.2626187420971442,0.7373812579028558
18279,Stayed,0.09389550224149423,0.9061044977585058
18296,Stayed,0.4521647450777363,0.5478352549222637
35393,Left,0.6658744353687589,0.3341255646312411
57862,Stayed,0.1499673800561817,0.8500326199438183
69884,Left,0.8899361651307982,0.11006383486920177
70110,Stayed,0.09512512158717368,0.9048748784128263
54618,Left,0.8651891239768985,0.13481087602310152
21202,Left,0.5247649362639472,0.47523506373605284
36461,Left,0.5876607504862472,0.41233924951375284
20037,Stayed,0.3450029813634432,0.6549970186365568
30317,Left,0.6194330131882892,0.3805669868117108
59338,Stayed,0.04306766439967147,0.9569323356003285
43079,Stayed,0.10066477132160023,0.8993352286783998
16461,Stayed,0.41451888999127107,0.5854811100087289
53524,Left,0.7059549860888943,0.29404501391110577
11294,Stayed,0.18418857903860864,0.8158114209613914
56201,Stayed,0.11297783850254095,0.887022161497459
40983,Stayed,0.2761979003891233,0.7238020996108767
60494,Stayed,0.3311368169661588,0.6688631830338412
14792,Left,0.8210535895865674,0.17894641041343268
52726,Left,0.8549321491803585,0.1450678508196414
14118,Left,0.7269442659166285,0.27305573408337147
8659,Stayed,0.0976043077026304,0.9023956922973696
70157,Left,0.6330250026820784,0.3669749973179216
31777,Stayed,0.08270433099615715,0.9172956690038429
56501,Stayed,0.36739644113642467,0.6326035588635753
2624,Left,0.5084088148840844,0.49159118511591565
3187,Left,0.5710480819292081,0.42895191807079186
58623,Stayed,0.3905997653806623,0.6094002346193377
47983,Stayed,0.3240582157914097,0.6759417842085903
647,Stayed,0.1708244484384719,0.8291755515615281
5084,Left,0.8536667088823782,0.14633329111762186
6258,Left,0.6008322739758458,0.3991677260241542
3956,Stayed,0.35140900362898175,0.6485909963710182
2127,Left,0.8038791384148535,0.19612086158514652
63212,Left,0.9703942853294247,0.02960571467057524
56354,Left,0.89259058067838,0.10740941932161992
23337,Stayed,0.47768719799539927,0.5223128020046007
71179,Left,0.8524444932298079,0.14755550677019216
29745,Left,0.5593510638092702,0.44064893619072976
9599,Stayed,0.4511808709578571,0.5488191290421429
8086,Left,0.8539750764005444,0.14602492359945562
54038,Left,0.9700843657905522,0.029915634209447796
24294,Left,0.5501352762764218,0.4498647237235782
59169,Left,0.570943915591652,0.42905608440834797
47500,Stayed,0.1636088670519278,0.8363911329480722
8876,Stayed,0.42609580452115925,0.5739041954788408
53709,Left,0.9485433816297266,0.051456618370273426
26442,Stayed,0.06813298621663744,0.9318670137833626
46359,Left,0.5066504186913001,0.4933495813086999
19236,Stayed,0.12511151730197156,0.8748884826980284
59399,Left,0.8959881399511054,0.10401186004889468
67304,Left,0.8651376526879713,0.13486234731202867
42523,Stayed,0.4392960762629746,0.5607039237370254
12374,Left,0.5150962740342481,0.48490372596575193
39643,Stayed,0.4381555648006553,0.5618444351993447
70285,Stayed,0.26182986409100195,0.738170135908998
15941,Stayed,0.2508354449551933,0.7491645550448067
46470,Left,0.6917867193560727,0.3082132806439272
50497,Stayed,0.2769393383594748,0.7230606616405252
51075,Stayed,0.19835127650476703,0.801648723495233
65505,Stayed,0.21419280067082536,0.7858071993291746
30622,Left,0.81132496565391,0.18867503434609004
34794,Left,0.882559498832293,0.11744050116770696
44547,Stayed,0.20289417674979415,0.7971058232502058
26148,Stayed,0.42549507001061726,0.5745049299893827
66231,Left,0.9005455602705001,0.0994544397294999
71614,Left,0.8844290466850855,0.11557095331491453
62186,Stayed,0.2873536475171685,0.7126463524828315
11459,Stayed,0.12070894742182581,0.8792910525781742
47320,Stayed,0.20410238317186657,0.7958976168281334
73621,Left,0.6446324303643223,0.3553675696356778
4277,Stayed,0.1657706102971256,0.8342293897028744
44305,Stayed,0.48563093300593796,0.514369066994062
3909,Left,0.834652730463439,0.165347269536561
38575,Stayed,0.31451779184731155,0.6854822081526885
18274,Stayed,0.3348294437422191,0.6651705562577809
74094,Stayed,0.3427826865385183,0.6572173134614817
69376,Stayed,0.4798355968155984,0.5201644031844016
10360,Left,0.6221284551621373,0.3778715448378626
22865,Stayed,0.10215574793645776,0.8978442520635422
58412,Left,0.9558872154729977,0.04411278452700232
63692,Stayed,0.0555562520723587,0.9444437479276413
69155,Stayed,0.26751578066267034,0.7324842193373297
7108,Left,0.5855329777235417,0.41446702227645826
18497,Left,0.9037588567037291,0.09624114329627093
54162,Left,0.596220076582121,0.40377992341787905
50113,Stayed,0.48170799376434004,0.51829200623566
68617,Stayed,0.07322400982328892,0.9267759901767111
34769,Stayed,0.05269342711423286,0.9473065728857671
33511,Left,0.5804428194325287,0.41955718056747127
62802,Stayed,0.2971318205780019,0.7028681794219981
29924,Stayed,0.008874679139663333,0.9911253208603367
9240,Stayed,0.20465694618533592,0.7953430538146641
32559,Left,0.5147469530312582,0.48525304696874183
14565,Stayed,0.0825475036887533,0.9174524963112467
19446,Stayed,0.3219165731428578,0.6780834268571422
21325,Left,0.6541778943728237,0.3458221056271763
10240,Stayed,0.38934818375791724,0.6106518162420828
10133,Left,0.9066141114477965,0.0933858885522035
60403,Left,0.7773414355278255,0.22265856447217447
37853,Stayed,0.15565050040736406,0.8443494995926359
6925,Left,0.820469348785472,0.1795306512145281
51576,Left,0.8220374142194902,0.17796258578050983
40971,Left,0.8424775129879164,0.1575224870120836
66748,Stayed,0.4863661061066654,0.5136338938933346
1198,Stayed,0.2827725486910112,0.7172274513089888
65834,Stayed,0.359627801230502,0.640372198769498
69833,Left,0.7139848848814863,0.2860151151185138
52908,Stayed,0.0500428393275012,0.9499571606724988
11879,Left,0.7976263296662046,0.20237367033379536
68923,Stayed,0.3657180811648625,0.6342819188351375
44367,Left,0.9041529018699058,0.09584709813009415
47591,Left,0.8832940907976145,0.11670590920238554
27195,Left,0.9076770430618875,0.09232295693811249
50053,Left,0.7234302790667912,0.27656972093320875
59773,Left,0.684490191002971,0.31550980899702896
42109,Left,0.5071199862072236,0.49288001379277635
59045,Stayed,0.07231775057393686,0.9276822494260631
58386,Left,0.7900988408772175,0.2099011591227825
8108,Stayed,0.0422542867532153,0.9577457132467847
18368,Left,0.9201705606364057,0.07982943936359434
47980,Stayed,0.27652901068238633,0.7234709893176137
69497,Left,0.8147279782435496,0.18527202175645044
15227,Stayed,0.41274166055952954,0.5872583394404705
68567,Stayed,0.4208098346902266,0.5791901653097734
68692,Stayed,0.15336377037622284,0.8466362296237772
4658,Left,0.5283569179851467,0.4716430820148533
3708,Left,0.6000655764414488,0.39993442355855124
32106,Stayed,0.06736486611421522,0.9326351338857848
73089,Left,0.9221428679729717,0.07785713202702824
38964,Left,0.5915902812626131,0.40840971873738685
22412,Stayed,0.30026064600894453,0.6997393539910555
16029,Stayed,0.16825437352493633,0.8317456264750637
31716,Stayed,0.4989161966675941,0.5010838033324059
63301,Left,0.5820488040747016,0.41795119592529834
432,Left,0.8872763865062685,0.11272361349373147
46671,Stayed,0.21055328010702246,0.7894467198929775
42995,Stayed,0.1465693266907241,0.8534306733092759
52286,Stayed,0.4893195598032355,0.5106804401967645
1819,Left,0.822010486205008,0.17798951379499195
16343,Left,0.5507768205820938,0.4492231794179063
54901,Stayed,0.4388816263186681,0.5611183736813319
52600,Stayed,0.49207871179025064,0.5079212882097494
66993,Stayed,0.40710068107746666,0.5928993189225333
36316,Stayed,0.3066262950011943,0.6933737049988057
62179,Stayed,0.18449454835153556,0.8155054516484644
10830,Left,0.5569557486482014,0.4430442513517986
5027,Left,0.8827311091416642,0.11726889085833585
10686,Left,0.8470370652860979,0.15296293471390204
44887,Left,0.8499121079284926,0.15008789207150736
65932,Stayed,0.3700116087027432,0.6299883912972568
20384,Left,0.8180162935126393,0.1819837064873607
68437,Left,0.761753475699745,0.23824652430025492
57084,Stayed,0.39094760722174693,0.6090523927782531
36948,Left,0.7322692186520886,0.2677307813479114
7221,Left,0.6870880881927924,0.31291191180720757
44823,Stayed,0.07955142008362959,0.9204485799163704
67426,Left,0.5595939863033133,0.4404060136966867
37879,Stayed,0.02412784266818968,0.9758721573318103
49697,Left,0.5396945823249755,0.46030541767502453
12466,Stayed,0.08776922470204152,0.9122307752979585
31744,Left,0.7241062911814583,0.2758937088185417
39258,Left,0.7423304217400556,0.2576695782599444
30027,Left,0.5356453099930167,0.4643546900069832
73352,Stayed,0.358965074992441,0.641034925007559
13297,Stayed,0.3340467652233212,0.6659532347766788
48917,Stayed,0.4890915600505725,0.5109084399494275
19928,Stayed,0.3723711799291235,0.6276288200708765
69673,Left,0.6811514935679135,0.31884850643208645
5689,Left,0.6714958245216474,0.32850417547835264
72441,Left,0.5073774348531832,0.49262256514681685
29973,Stayed,0.25531180903654926,0.7446881909634507
58486,Left,0.5852636989469653,0.4147363010530347
16667,Stayed,0.4111260458241064,0.5888739541758936
29854,Left,0.6960565505599771,0.30394344944002294
60697,Left,0.8282903866330298,0.17170961336697027
5489,Stayed,0.3291361068119526,0.6708638931880474
14005,Stayed,0.3765463796504672,0.6234536203495328
26343,Left,0.6895372507192566,0.31046274928074336
64591,Stayed,0.36974831170986733,0.6302516882901327
72240,Left,0.6461955778211114,0.35380442217888863
60606,Stayed,0.03051500187645806,0.9694849981235419
69741,Left,0.9409677182167338,0.0590322817832663
17776,Left,0.8621322915482261,0.13786770845177385
18759,Stayed,0.3549198174659479,0.6450801825340521
52821,Left,0.9189058395437893,0.08109416045621065
31033,Left,0.6080362827980393,0.39196371720196066
48702,Left,0.9397699464911915,0.060230053508808515
13217,Stayed,0.16061353590153304,0.839386464098467
17632,Left,0.6866093627952357,0.31339063720476434
13122,Stayed,0.2159913574631953,0.7840086425368047
28929,Stayed,0.24471579150127198,0.755284208498728
2627,Left,0.7254331002530174,0.27456689974698256
15496,Left,0.7755235540288932,0.22447644597110683
42127,Left,0.6738122989584163,0.32618770104158373
53095,Left,0.5660174039179204,0.43398259608207956
7876,Stayed,0.11223790791046195,0.887762092089538
32294,Left,0.8253299057067918,0.17467009429320823
10106,Left,0.7853174665415503,0.2146825334584497
49680,Left,0.8432932383355294,0.15670676166447067
37857,Left,0.836867751989937,0.163132248010063
17313,Stayed,0.29518152504991524,0.7048184749500848
20486,Left,0.9323597813870379,0.06764021861296211
63525,Left,0.7015234209696399,0.2984765790303601
8756,Left,0.6387655387308485,0.3612344612691515
40063,Left,0.8572402632624979,0.14275973673750206
53254,Stayed,0.17888867380712337,0.8211113261928766
65480,Left,0.5159303338587817,0.4840696661412183
27403,Stayed,0.02685629181184901,0.973143708188151
626,Stayed,0.4244784810820651,0.5755215189179349
61210,Left,0.7054990061329605,0.2945009938670396
63961,Left,0.7890050706094253,0.21099492939057476
10244,Stayed,0.45726067638599976,0.5427393236140002
44442,Stayed,0.3376941845378323,0.6623058154621677
18593,Left,0.9689369045754606,0.031063095424539427
73941,Stayed,0.07725707318660768,0.9227429268133923
5693,Left,0.8210804017169877,0.17891959828301235
10086,Left,0.8872417298084398,0.11275827019156019
43242,Left,0.8038488257915101,0.19615117420848993
59485,Stayed,0.14609818291851084,0.8539018170814892
17845,Stayed,0.30515975492210834,0.6948402450778917
8741,Stayed,0.07960868607491645,0.9203913139250836
66220,Stayed,0.13624285716945084,0.8637571428305492
63019,Left,0.7567174526450551,0.24328254735494498
62264,Left,0.7924630131987506,0.20753698680124946
15461,Left,0.9174608902450353,0.08253910975496466
32550,Left,0.5440795406900003,0.45592045930999975
66118,Stayed,0.10717682165694298,0.892823178343057
29202,Stayed,0.39563050082106155,0.6043694991789385
15624,Left,0.7213425873068021,0.2786574126931979
66399,Left,0.7046747691141284,0.29532523088587154
52206,Left,0.5970141529154653,0.4029858470845347
26292,Left,0.5421657607586694,0.45783423924133065
19865,Left,0.9723087119655551,0.027691288034444834
46050,Stayed,0.4993468933887615,0.5006531066112385
59532,Left,0.5159649720663153,0.4840350279336847
55495,Stayed,0.291184915388472,0.708815084611528
21857,Stayed,0.15479718058338565,0.8452028194166143
50905,Stayed,0.09851761647565815,0.9014823835243418
4605,Stayed,0.17233488767884164,0.8276651123211584
38842,Stayed,0.3329379943319689,0.6670620056680311
69142,Left,0.6537895772803477,0.34621042271965224
35639,Left,0.5555272547134597,0.44447274528654035
10255,Stayed,0.1185115670337541,0.8814884329662459
18811,Stayed,0.048390890076978166,0.9516091099230218
10531,Stayed,0.4576200620373181,0.5423799379626819
68050,Left,0.8371326409998364,0.16286735900016355
48923,Stayed,0.15664664430620745,0.8433533556937926
20825,Left,0.7568236761836922,0.24317632381630783
1799,Stayed,0.17482079812747298,0.825179201872527
51418,Stayed,0.4680902756497922,0.5319097243502078
27924,Left,0.5641319837711105,0.4358680162288895
55673,Left,0.88955791979708,0.11044208020292003
72968,Left,0.7449041376182111,0.2550958623817889
31842,Left,0.6073421878211398,0.3926578121788602
70801,Left,0.541589403812017,0.4584105961879829
30564,Stayed,0.29691616996728043,0.7030838300327196
50123,Stayed,0.2362418426371765,0.7637581573628235
41228,Stayed,0.08599890623603779,0.9140010937639622
32563,Stayed,0.4677944002001666,0.5322055997998334
5925,Left,0.5348413639103862,0.46515863608961383
18930,Left,0.6234016434170582,0.3765983565829418
32349,Left,0.562701858616635,0.4372981413833649
30769,Stayed,0.22175494360852244,0.7782450563914776
40856,Left,0.894744390037432,0.105255609962568
62230,Stayed,0.0437895501561969,0.9562104498438031
41936,Stayed,0.2385896834567386,0.7614103165432614
60560,Left,0.6022448571054445,0.3977551428945555
51109,Stayed,0.29727229109409836,0.7027277089059016
8668,Left,0.8563702845609092,0.14362971543909073
32259,Stayed,0.3056116862134425,0.6943883137865575
33811,Left,0.6235213916467424,0.3764786083532576
73178,Stayed,0.25718119581810317,0.7428188041818968
53488,Stayed,0.3191707372066366,0.6808292627933634
42485,Stayed,0.43427819830773884,0.5657218016922612
59536,Left,0.7102687559350798,0.2897312440649203
56926,Left,0.9404165025291688,0.05958349747083127
6189,Stayed,0.06799239435661475,0.9320076056433853
49966,Left,0.6525502518798736,0.34744974812012647
6791,Stayed,0.07830475173018103,0.921695248269819
73145,Stayed,0.24277961840960838,0.7572203815903916
41779,Stayed,0.2330436437829122,0.7669563562170878
15821,Stayed,0.19127992636103341,0.8087200736389666
30672,Left,0.9173116716493032,0.0826883283506968
63528,Stayed,0.36992648823699703,0.630073511763003
11745,Left,0.935577971988276,0.06442202801172398
45627,Stayed,0.42158137803748663,0.5784186219625134
28488,Stayed,0.48022628374289167,0.5197737162571083
53431,Left,0.507884510887837,0.49211548911216296
60122,Stayed,0.4319979668048892,0.5680020331951108
68628,Left,0.8299610078375289,0.17003899216247106
51519,Left,0.623756369405226,0.37624363059477395
64352,Left,0.5188142490692591,0.48118575093074084
63150,Left,0.6160659808939415,0.38393401910605846
36142,Stayed,0.3165219582355969,0.6834780417644031
25688,Left,0.7791435891422539,0.22085641085774613
7455,Stayed,0.4652728743130362,0.5347271256869638
43942,Stayed,0.15865544131689713,0.8413445586831029
50309,Left,0.8974679240311461,0.10253207596885394
57884,Stayed,0.3300049716011789,0.6699950283988211
4606,Left,0.7901934853711211,0.20980651462887887
36854,Left,0.5160621199136144,0.48393788008638555
39249,Stayed,0.0894900642060027,0.9105099357939973
21094,Stayed,0.08011628850487096,0.919883711495129
71787,Stayed,0.1780589220945188,0.8219410779054812
27240,Left,0.892765491034632,0.107234508965368
45630,Left,0.8892439761787958,0.11075602382120421
33310,Stayed,0.3989870701983722,0.6010129298016278
17294,Left,0.5362124776942295,0.46378752230577047
66205,Stayed,0.394208080729746,0.605791919270254
64421,Stayed,0.2469061331256942,0.7530938668743058
35779,Left,0.5517195958118494,0.4482804041881506
47475,Stayed,0.4046491088912282,0.5953508911087718
71783,Stayed,0.4003405439345781,0.5996594560654219
19067,Left,0.5402512430797518,0.4597487569202482
27671,Stayed,0.4930045747461447,0.5069954252538553
20509,Left,0.9281500318616307,0.07184996813836933
71107,Stayed,0.2824578170625712,0.7175421829374288
60138,Stayed,0.45372551893925617,0.5462744810607438
68312,Stayed,0.2565376752916164,0.7434623247083836
47989,Stayed,0.4030063724672345,0.5969936275327655
28737,Left,0.8981132321601252,0.10188676783987483
67798,Stayed,0.43261650785197125,0.5673834921480287
57983,Left,0.5354559222952932,0.46454407770470685
48531,Left,0.8956247575311294,0.10437524246887064
5366,Left,0.5163535830274499,0.4836464169725501
28212,Stayed,0.42159371381914823,0.5784062861808518
54717,Stayed,0.0722499893619154,0.9277500106380846
67501,Stayed,0.11665136559706579,0.8833486344029342
59734,Stayed,0.3886763199401623,0.6113236800598377
28245,Left,0.5716033062483454,0.4283966937516545
46991,Left,0.5149230176385005,0.4850769823614995
38498,Left,0.5374119085899215,0.4625880914100785
56659,Left,0.7218300315560053,0.2781699684439947
35239,Left,0.7261625963207836,0.27383740367921633
52489,Stayed,0.4536985089385144,0.5463014910614856
46812,Left,0.7689840668210204,0.23101593317897962
30128,Left,0.9573376367162078,0.04266236328379221
57422,Stayed,0.3191635903039557,0.6808364096960443
46986,Left,0.6983441213111521,0.30165587868884797
46845,Stayed,0.4456816230367261,0.5543183769632739
48942,Stayed,0.24112527477210532,0.7588747252278947
5255,Left,0.6877619126440013,0.31223808735599873
34198,Left,0.7660617765797479,0.23393822342025203
10206,Stayed,0.4437100504056005,0.5562899495943995
58510,Stayed,0.14193839717349122,0.8580616028265088
72731,Left,0.8246592617427477,0.17534073825725224
20124,Left,0.7373000936892304,0.2626999063107696
50096,Stayed,0.26300641271155467,0.7369935872884453
54609,Stayed,0.3606209866240404,0.6393790133759596
59408,Stayed,0.44897408722458065,0.5510259127754193
65112,Left,0.899019069915696,0.100980930084304
37248,Left,0.7006473472267909,0.29935265277320905
32512,Left,0.7585231076297582,0.24147689237024184
61755,Stayed,0.1574486354889375,0.8425513645110625
33891,Left,0.7754370499689184,0.22456295003108162
35203,Stayed,0.4478657883799776,0.5521342116200224
72567,Left,0.6670223187461177,0.3329776812538823
18844,Stayed,0.2093060846672996,0.7906939153327004
50592,Left,0.5823105527348529,0.4176894472651471
22256,Stayed,0.47640461334668893,0.5235953866533111
68552,Left,0.6270020692609075,0.3729979307390925
69183,Stayed,0.21720892791077906,0.7827910720892209
59177,Stayed,0.47847103823497494,0.5215289617650251
14182,Stayed,0.052171165415501264,0.9478288345844987
25886,Stayed,0.39401565054236587,0.6059843494576341
63974,Stayed,0.3349267088023511,0.6650732911976489
63386,Stayed,0.3996762104713154,0.6003237895286846
22216,Stayed,0.06864067467757717,0.9313593253224228
59360,Stayed,0.18587984114354028,0.8141201588564597
50399,Stayed,0.30809591484964305,0.691904085150357
18305,Stayed,0.3090968365882045,0.6909031634117955
36598,Left,0.8582041560063824,0.14179584399361755
24913,Stayed,0.21925236912022772,0.7807476308797723
26269,Stayed,0.3479717467769907,0.6520282532230093
51693,Stayed,0.04942123029287204,0.950578769707128
17720,Left,0.743336177301545,0.256663822698455
19778,Stayed,0.006292808120795246,0.9937071918792048
44155,Left,0.503453932994067,0.4965460670059329
65717,Left,0.6505527390536252,0.34944726094637474
60412,Stayed,0.43502973955192603,0.564970260448074
47892,Stayed,0.17038101515800497,0.829618984841995
58894,Left,0.6746871900771336,0.32531280992286643
23298,Stayed,0.4424358637913399,0.5575641362086601
30911,Stayed,0.262477399180184,0.737522600819816
59493,Left,0.8146928293348107,0.18530717066518929
17502,Left,0.8535017382984731,0.14649826170152686
18685,Stayed,0.4722349259133559,0.5277650740866441
55954,Stayed,0.3417723082907884,0.6582276917092116
36529,Left,0.71524474118252,0.28475525881748
22318,Left,0.8692842747707639,0.1307157252292362
62591,Left,0.583086800995238,0.416913199004762
45130,Stayed,0.10628531248042061,0.8937146875195794
8769,Stayed,0.13711531584254233,0.8628846841574577
19474,Stayed,0.42327032750681315,0.5767296724931869
38474,Left,0.8547092075605818,0.1452907924394182
227,Left,0.5894050061714716,0.4105949938285284
53652,Stayed,0.2199092811820721,0.7800907188179279
13578,Left,0.9276793415544523,0.07232065844554765
21023,Stayed,0.07694107347916412,0.9230589265208359
45053,Left,0.6177603630292186,0.38223963697078145
10849,Stayed,0.4227241962706507,0.5772758037293493
72176,Stayed,0.2554838735053476,0.7445161264946524
64751,Stayed,0.13132911552095794,0.8686708844790421
35944,Left,0.8579710813430603,0.14202891865693967
43280,Stayed,0.3052537952328154,0.6947462047671846
64479,Stayed,0.08371699625634432,0.9162830037436557
46604,Left,0.7307650209077065,0.26923497909229355
50092,Stayed,0.33628328529386275,0.6637167147061372
66576,Stayed,0.06279820412970738,0.9372017958702926
37646,Stayed,0.3872274470701077,0.6127725529298923
51112,Left,0.8980507975661308,0.10194920243386914
6579,Stayed,0.07020644145341626,0.9297935585465837
56630,Left,0.546121268025964,0.453878731974036
39415,Stayed,0.3210273632066115,0.6789726367933885
46906,Left,0.8801715288646639,0.11982847113533614
43384,Stayed,0.22718248833659715,0.7728175116634028
36347,Left,0.6468101626749259,0.3531898373250741
13207,Stayed,0.2516685419577429,0.7483314580422571
6562,Stayed,0.2186668924249633,0.7813331075750367
33585,Left,0.5435024022452373,0.45649759775476273
64397,Left,0.7317404138334798,0.2682595861665202
23311,Stayed,0.4867154475327855,0.5132845524672145
48464,Left,0.5784102498736208,0.42158975012637917
8406,Left,0.7490470601779408,0.25095293982205924
32339,Left,0.5775481215056983,0.42245187849430166
66073,Left,0.8527665514090272,0.14723344859097273
44533,Left,0.8467914622957243,0.15320853770427567
56617,Stayed,0.3768423139428956,0.6231576860571044
67679,Left,0.5876993417884339,0.41230065821156614
9382,Stayed,0.08127461932687763,0.9187253806731224
11249,Stayed,0.19996237309233955,0.8000376269076604
70453,Stayed,0.33679450413807244,0.6632054958619276
62149,Stayed,0.1634391879531848,0.8365608120468152
17606,Left,0.8795838170289987,0.12041618297100137
9121,Left,0.8883979298372027,0.11160207016279736
64785,Left,0.8484611699210121,0.15153883007898789
74027,Stayed,0.46682633981533483,0.5331736601846652
43817,Left,0.6178631561029677,0.38213684389703234
71425,Left,0.9546877316730991,0.045312268326900884
46395,Left,0.9719102113763678,0.028089788623632247
73204,Stayed,0.34941234909738583,0.6505876509026142
56670,Left,0.5496988335744287,0.4503011664255713
53687,Stayed,0.013682311510887057,0.9863176884891129
13018,Stayed,0.34107479088452286,0.6589252091154771
6947,Left,0.8456898010306978,0.15431019896930223
44575,Left,0.8617235366591699,0.1382764633408301
54836,Left,0.8341753271715566,0.1658246728284434
71361,Left,0.9193462531062042,0.0806537468937958
1363,Left,0.774271133726813,0.22572886627318703
62126,Left,0.8110620504589472,0.18893794954105284
17173,Left,0.9669798462854678,0.0330201537145322
43245,Stayed,0.2640803949962557,0.7359196050037443
23002,Stayed,0.3359784176594447,0.6640215823405553
72506,Left,0.6134150637071578,0.38658493629284224
64559,Stayed,0.11917607268944219,0.8808239273105578
68454,Left,0.6245303625208541,0.37546963747914586
17704,Left,0.7052787995226772,0.2947212004773227
39066,Stayed,0.11963003892369295,0.880369961076307
2363,Left,0.8618686081553579,0.1381313918446421
54564,Stayed,0.08061614679304707,0.9193838532069529
28945,Left,0.9781136953927636,0.021886304607236434
70414,Stayed,0.03019234789638847,0.9698076521036115
14913,Left,0.9049619913296079,0.0950380086703921
59606,Stayed,0.18172245730797598,0.818277542692024
15782,Stayed,0.4313070139911632,0.5686929860088368
5552,Stayed,0.22683968644606634,0.7731603135539337
2221,Left,0.6715762914608829,0.328423708539117
7657,Left,0.7142158437467396,0.2857841562532604
33438,Stayed,0.3282993763619738,0.6717006236380262
8052,Stayed,0.09179209676724054,0.9082079032327595
34047,Left,0.7635754995324904,0.23642450046750957
49303,Stayed,0.1417250993326601,0.8582749006673399
65058,Stayed,0.41341103655201705,0.586588963447983
51026,Stayed,0.04285031886940649,0.9571496811305935
62929,Stayed,0.1629425304048533,0.8370574695951467
72027,Stayed,0.1750814060210587,0.8249185939789413
61063,Stayed,0.29826891720222704,0.701731082797773
16145,Left,0.6287672336469801,0.3712327663530199
43947,Left,0.7852384215985567,0.2147615784014433
28624,Stayed,0.4977167899511077,0.5022832100488923
53427,Left,0.781340299829071,0.21865970017092898
32258,Stayed,0.1578761414710782,0.8421238585289218
6677,Left,0.5023250011944902,0.49767499880550986
26662,Left,0.5081111122358035,0.49188888776419654
28464,Stayed,0.4747220262740217,0.5252779737259783
61542,Stayed,0.4930590857747228,0.5069409142252772
32186,Left,0.5356192769904728,0.46438072300952715
20686,Stayed,0.017180286909374676,0.9828197130906253
44256,Stayed,0.03494736002730181,0.9650526399726982
24104,Left,0.6940766165496199,0.30592338345038
71584,Left,0.9496492389349456,0.050350761065054386
53825,Stayed,0.4607189414968671,0.5392810585031329
32913,Left,0.8142258113316747,0.1857741886683253
37434,Stayed,0.029618726529167305,0.9703812734708327
67101,Left,0.9148109633434792,0.08518903665652074
62855,Left,0.7105611616107423,0.2894388383892576
49637,Left,0.5339363468363627,0.46606365316363735
67926,Stayed,0.060236738112481425,0.9397632618875186
22353,Left,0.9319110826251045,0.06808891737489547
65790,Left,0.9752845314444363,0.02471546855556374
32279,Stayed,0.3514532330739175,0.6485467669260825
27390,Stayed,0.48809103284707545,0.5119089671529246
22296,Stayed,0.49456933695934024,0.5054306630406598
58107,Stayed,0.06709794535901248,0.9329020546409875
71046,Left,0.5033390996054972,0.4966609003945028
27254,Left,0.6940630676692816,0.30593693233071845
68128,Stayed,0.07828974403424604,0.921710255965754
66888,Left,0.6085487087692543,0.3914512912307457
59060,Left,0.8792437583485171,0.12075624165148288
56087,Left,0.7297294173588655,0.27027058264113446
8238,Stayed,0.2522639514334437,0.7477360485665563
4846,Stayed,0.11621068941365975,0.8837893105863402
56592,Stayed,0.1561105744036323,0.8438894255963677
12762,Left,0.8691694310797863,0.1308305689202137
34877,Left,0.8684127505012663,0.1315872494987337
34669,Stayed,0.4373058240380534,0.5626941759619466
18949,Left,0.757557970743918,0.2424420292560821
10464,Stayed,0.05735482209395337,0.9426451779060466
22528,Left,0.5183901087042901,0.4816098912957099
42356,Left,0.9743199057880411,0.02568009421195892
33606,Stayed,0.07254806944120573,0.9274519305587943
46715,Stayed,0.4390665964289454,0.5609334035710546
29940,Left,0.7439447850219227,0.25605521497807726
51347,Left,0.9397311664874191,0.060268833512580985
44490,Stayed,0.03494819820011863,0.9650518017998814
48140,Left,0.5901361624139758,0.4098638375860241
20110,Left,0.7751356472330916,0.2248643527669084
68747,Left,0.9231251468585953,0.07687485314140476
23699,Left,0.5732788917508141,0.42672110824918585
68609,Stayed,0.03537961300355619,0.9646203869964438
9792,Left,0.7448113008454232,0.25518869915457676
32511,Stayed,0.17128481263000128,0.8287151873699987
69582,Left,0.5887100941550356,0.41128990584496433
24248,Left,0.5201768807175942,0.4798231192824058
44618,Left,0.5304962036063638,0.4695037963936361
47387,Left,0.6885009880277602,0.31149901197223984
44867,Stayed,0.053333306155021076,0.9466666938449789
39109,Stayed,0.25331422090272604,0.746685779097274
46585,Stayed,0.13856298967272185,0.8614370103272782
65238,Left,0.515876328232149,0.4841236717678509
10832,Left,0.8233524498102656,0.1766475501897345
16659,Left,0.7188201637126135,0.2811798362873865
14170,Left,0.5918001897250184,0.40819981027498164
65259,Left,0.6727879368151084,0.32721206318489165
6872,Stayed,0.018502869588466697,0.9814971304115333
28936,Stayed,0.4035449896731257,0.5964550103268743
24200,Stayed,0.07918139206640762,0.9208186079335924
70645,Stayed,0.26785740750111475,0.7321425924988852
49274,Stayed,0.1588504942802137,0.8411495057197863
58908,Left,0.5316227294036501,0.4683772705963499
49909,Left,0.8810375856375899,0.11896241436241006
51427,Stayed,0.023244625484118764,0.9767553745158812
24990,Stayed,0.4181521823086839,0.5818478176913161
10567,Left,0.7000623090998426,0.2999376909001574
44744,Stayed,0.029137940401234852,0.9708620595987651
7519,Left,0.6043140412516008,0.3956859587483992
57622,Stayed,0.09020859573225926,0.9097914042677407
65106,Stayed,0.21048416756818333,0.7895158324318167
31762,Stayed,0.20308211566654188,0.7969178843334581
69285,Stayed,0.29550285981554314,0.7044971401844569
18234,Stayed,0.2714596489569929,0.7285403510430071
54906,Left,0.5295417002676259,0.4704582997323741
33766,Left,0.5694764590172687,0.4305235409827312
17299,Left,0.5416034877861178,0.45839651221388217
71358,Stayed,0.3898207459579731,0.6101792540420269
58138,Stayed,0.07749699358054929,0.9225030064194507
3137,Stayed,0.40327277833543773,0.5967272216645623
10596,Stayed,0.46056050174279206,0.5394394982572079
25604,Left,0.6556157184174798,0.34438428158252027
25749,Left,0.5825342734185712,0.4174657265814287
36073,Stayed,0.4150157105699539,0.5849842894300461
9938,Left,0.9648392016462841,0.03516079835371583
16431,Stayed,0.4947127965465208,0.5052872034534792
59679,Left,0.9038578970128865,0.09614210298711347
51373,Stayed,0.0312337086282779,0.9687662913717221
15209,Left,0.644268622740638,0.355731377259362
8539,Left,0.6293051854161434,0.37069481458385656
19295,Left,0.9105748483271849,0.089425151672815
40498,Stayed,0.30140998431729404,0.698590015682706
15633,Left,0.8839256746193078,0.11607432538069218
43166,Stayed,0.3414626242065656,0.6585373757934344
42510,Stayed,0.07599485369441916,0.9240051463055808
2475,Left,0.8731601593300151,0.12683984066998488
73307,Stayed,0.09614325252445688,0.9038567474755431
57961,Stayed,0.02732664842129162,0.9726733515787084
50021,Stayed,0.16234304612114647,0.8376569538788535
18876,Stayed,0.40643499210703127,0.5935650078929687
61099,Left,0.7225852389786361,0.27741476102136386
30182,Left,0.8244235781118303,0.17557642188816971
47006,Left,0.9264434839008187,0.07355651609918129
26395,Left,0.5171528843775518,0.4828471156224482
71919,Stayed,0.3958199987666594,0.6041800012333406
55008,Stayed,0.2900688254026148,0.7099311745973852
30008,Stayed,0.45955160910677684,0.5404483908932232
57465,Stayed,0.05018009950828417,0.9498199004917158
56416,Stayed,0.2509191601193479,0.7490808398806521
58185,Left,0.7819679364339495,0.2180320635660505
18751,Stayed,0.4262942601829953,0.5737057398170047
64886,Stayed,0.260203679715287,0.739796320284713
4497,Left,0.5071397664329116,0.49286023356708836
16670,Left,0.8001407307240468,0.1998592692759532
55986,Stayed,0.16966997436325593,0.8303300256367441
16475,Left,0.8954048018997119,0.10459519810028808
36013,Left,0.5189304994386216,0.4810695005613784
31331,Stayed,0.25080675721738255,0.7491932427826175
22562,Left,0.5960194235658687,0.4039805764341313
63376,Left,0.9442007103823103,0.05579928961768964
67350,Stayed,0.31603198828474977,0.6839680117152502
8789,Left,0.5432506467585283,0.4567493532414717
21235,Left,0.845938394635622,0.1540616053643779
66485,Left,0.5582689591251124,0.44173104087488757
42151,Left,0.72576938198796,0.27423061801203996
52365,Left,0.5647358220974943,0.43526417790250566
37507,Left,0.5651977410687878,0.4348022589312121
43825,Stayed,0.3599456246352464,0.6400543753647536
12979,Stayed,0.2909865108138169,0.7090134891861831
63426,Left,0.7041569231239719,0.2958430768760281
50690,Stayed,0.048838600450586744,0.9511613995494133
54393,Left,0.8710841852772564,0.12891581472274358
20941,Left,0.9429226232835739,0.05707737671642611
54148,Left,0.7839773637310077,0.2160226362689923
39148,Left,0.7509068207130697,0.24909317928693034
3851,Left,0.8734241205428137,0.12657587945718632
18235,Stayed,0.48819230509155964,0.5118076949084404
51130,Stayed,0.4365155138059741,0.5634844861940259
51880,Left,0.9301292334471294,0.06987076655287057
46049,Left,0.9874305728149452,0.012569427185054858
19285,Stayed,0.20366409640688266,0.7963359035931173
34477,Stayed,0.01869623285494193,0.9813037671450581
23107,Left,0.7861110196607077,0.2138889803392923
42915,Stayed,0.31524340474943857,0.6847565952505614
52012,Stayed,0.4880362063960846,0.5119637936039154
15483,Left,0.7341028231113984,0.26589717688860165
41047,Left,0.63370294893659,0.36629705106341
5056,Left,0.9069627018315277,0.0930372981684723
17064,Stayed,0.36699540092405003,0.63300459907595
53512,Left,0.8382774173037557,0.16172258269624434
29586,Stayed,0.16147847873548293,0.8385215212645171
24824,Left,0.5166070244762786,0.48339297552372146
70848,Stayed,0.10587974046135384,0.8941202595386462
31712,Stayed,0.4082549631330583,0.5917450368669417
61849,Stayed,0.29266808574139747,0.7073319142586025
71513,Left,0.5264149747324822,0.4735850252675178
63396,Stayed,0.07926053252519016,0.9207394674748098
40441,Stayed,0.20034897567196785,0.7996510243280321
49304,Stayed,0.2981383339342658,0.7018616660657342
39077,Stayed,0.1391053862499564,0.8608946137500436
10659,Left,0.9175174052982413,0.08248259470175866
863,Stayed,0.06343844098148399,0.936561559018516
63829,Left,0.9364422260328009,0.06355777396719911
40307,Left,0.8559896134530007,0.14401038654699932
28301,Stayed,0.3246652651699652,0.6753347348300348
46610,Left,0.8824411396494085,0.11755886035059145
15743,Stayed,0.04676898816351294,0.9532310118364871
682,Left,0.5718721236035353,0.4281278763964646
52459,Left,0.6453120804350756,0.35468791956492446
33399,Left,0.5396608742526352,0.46033912574736485
18926,Left,0.661610741585321,0.33838925841467904
40269,Left,0.8600307126779972,0.13996928732200276
9768,Stayed,0.4692924749939996,0.5307075250060004
3028,Left,0.8695178109096924,0.13048218909030765
61806,Stayed,0.4886585147638548,0.5113414852361452
54459,Stayed,0.38241846449455896,0.617581535505441
72494,Stayed,0.17809964600539063,0.8219003539946094
19810,Left,0.5471660358343803,0.4528339641656197
68131,Stayed,0.4058071276563996,0.5941928723436004
474,Stayed,0.38679241284240384,0.6132075871575962
32053,Stayed,0.2546249310958312,0.7453750689041688
54399,Stayed,0.4743561418909821,0.5256438581090179
60688,Stayed,0.11005629123744742,0.8899437087625526
17553,Left,0.8868151261913865,0.1131848738086135
53985,Left,0.821825084149296,0.17817491585070405
22345,Stayed,0.14989222642583944,0.8501077735741606
47590,Stayed,0.12025025850624882,0.8797497414937512
38596,Left,0.9197183378432141,0.08028166215678592
19273,Stayed,0.13874965067586675,0.8612503493241332
3610,Stayed,0.09917651570829533,0.9008234842917047
15989,Stayed,0.46241989726133503,0.537580102738665
22892,Stayed,0.2734169555655759,0.7265830444344241
60197,Stayed,0.4699033048561575,0.5300966951438425
64752,Stayed,0.054086560730067124,0.9459134392699329
57059,Stayed,0.09192855793057075,0.9080714420694292
23600,Left,0.8822740758838444,0.11772592411615557
39598,Left,0.8154060331139675,0.1845939668860325
27852,Left,0.608223002363959,0.39177699763604096
9921,Stayed,0.4842852672070074,0.5157147327929926
30337,Left,0.8545846145943492,0.14541538540565085
47276,Stayed,0.2970195220354773,0.7029804779645227
64971,Left,0.6233460540179827,0.37665394598201735
652,Left,0.9552779004041265,0.04472209959587351
20095,Left,0.5515837807386648,0.4484162192613352
5863,Stayed,0.2868326341349394,0.7131673658650606
47519,Stayed,0.38194316069777057,0.6180568393022294
37705,Left,0.5034804902435224,0.4965195097564776
33779,Stayed,0.14643778862648826,0.8535622113735117
16592,Stayed,0.167367894788908,0.832632105211092
20322,Stayed,0.030188451197933563,0.9698115488020664
67755,Left,0.6586738373707821,0.34132616262921794
15470,Left,0.8954641533565405,0.10453584664345947
31685,Stayed,0.04005842174246532,0.9599415782575347
49447,Stayed,0.4721676503831048,0.5278323496168952
65225,Stayed,0.05345530122257558,0.9465446987774244
8858,Stayed,0.04617982905430462,0.9538201709456954
73682,Left,0.771762923063375,0.22823707693662496
59959,Left,0.828887901195384,0.17111209880461598
434,Left,0.7607675730501311,0.23923242694986888
1034,Stayed,0.10419190167034209,0.8958080983296579
46793,Stayed,0.05784428935845265,0.9421557106415474
32419,Left,0.7104188717876518,0.2895811282123481
35174,Stayed,0.3586628824895358,0.6413371175104642
20586,Stayed,0.48251090166282873,0.5174890983371713
27688,Stayed,0.3404437762656023,0.6595562237343977
59511,Left,0.8164358889785156,0.18356411102148437
39909,Stayed,0.06347518780046002,0.93652481219954
48408,Stayed,0.41821362173413257,0.5817863782658674
52936,Left,0.9510802376824212,0.04891976231757878
43503,Stayed,0.0603892991633147,0.9396107008366853
49871,Stayed,0.22594621497417788,0.7740537850258221
64720,Left,0.8434823722039037,0.15651762779609635
1961,Stayed,0.057306137352243436,0.9426938626477566
4418,Left,0.7503516097175958,0.24964839028240418
6511,Left,0.5684098375029343,0.4315901624970658
37003,Left,0.8141121594859447,0.1858878405140553
15599,Stayed,0.11071016232977904,0.889289837670221
15324,Left,0.6052181864792316,0.39478181352076835
65353,Stayed,0.38602017556795265,0.6139798244320473
27600,Stayed,0.45964859553986004,0.54035140446014
51901,Left,0.9540165232166495,0.04598347678335042
59289,Stayed,0.3999605256804065,0.6000394743195935
68658,Left,0.5406593782794912,0.4593406217205088
60513,Left,0.7780498430243316,0.22195015697566847
48489,Stayed,0.35923313306604965,0.6407668669339504
45684,Stayed,0.274290582426443,0.725709417573557
67613,Stayed,0.34052355632447096,0.659476443675529
62807,Stayed,0.16520693590376545,0.8347930640962345
10586,Stayed,0.3164562643507428,0.6835437356492572
73525,Left,0.8369987412414444,0.1630012587585556
4252,Stayed,0.20567660002654398,0.794323399973456
11483,Left,0.6835245955423136,0.3164754044576864
68288,Left,0.7825376577052525,0.2174623422947475
61912,Left,0.6596625076395493,0.34033749236045074
28852,Left,0.7920367341466084,0.20796326585339162
2301,Left,0.6725869144953558,0.32741308550464415
12618,Left,0.5955959936842938,0.40440400631570617
65771,Stayed,0.35490983280448785,0.6450901671955122
46393,Left,0.6056277305922879,0.39437226940771203
71371,Left,0.6871695002375197,0.31283049976248034
10399,Stayed,0.3712895207608802,0.6287104792391198
26054,Stayed,0.46571944632568496,0.534280553674315
38539,Stayed,0.18884038010148252,0.8111596198985175
2438,Stayed,0.49274664082072284,0.5072533591792772
23780,Left,0.9163368225718774,0.08366317742812256
16291,Stayed,0.2595817744724682,0.7404182255275318
22280,Stayed,0.21347417415013392,0.7865258258498661
64837,Stayed,0.49809577326318455,0.5019042267368155
43120,Stayed,0.24936807183103538,0.7506319281689646
43800,Stayed,0.3119989231883066,0.6880010768116934
68754,Stayed,0.29265288145204393,0.7073471185479561
55390,Stayed,0.17504132531608108,0.8249586746839189
36017,Left,0.966248143061404,0.033751856938595996
12715,Stayed,0.1528854313911936,0.8471145686088064
11821,Stayed,0.27908379582638154,0.7209162041736185
46835,Stayed,0.2857661691704495,0.7142338308295505
35280,Stayed,0.41380836163017154,0.5861916383698285
51732,Left,0.8957967252505411,0.10420327474945887
33075,Left,0.9319059941860468,0.06809400581395324
34273,Stayed,0.4664847138704945,0.5335152861295055
49663,Stayed,0.047907680530057783,0.9520923194699422
11640,Stayed,0.275115381233372,0.724884618766628
32497,Left,0.9825644036577501,0.017435596342249945
32078,Left,0.7314669879335536,0.2685330120664465
5467,Stayed,0.3644369003935435,0.6355630996064565
14195,Stayed,0.023336553268480165,0.9766634467315198
28762,Left,0.8804046144929705,0.11959538550702956
14665,Left,0.8778622444200547,0.12213775557994537
11405,Stayed,0.4274867259101435,0.5725132740898565
54212,Left,0.7959686915118599,0.20403130848814008
12587,Stayed,0.15425208653073608,0.8457479134692639
27194,Left,0.7635064118782007,0.23649358812179938
26143,Left,0.9758356691669663,0.024164330833033706
30043,Stayed,0.41716433749836856,0.5828356625016314
9091,Left,0.6558793035012696,0.34412069649873045
47468,Stayed,0.4192762328356523,0.5807237671643477
30521,Stayed,0.32619575923884403,0.673804240761156
69419,Stayed,0.0402434604089702,0.9597565395910298
51447,Stayed,0.004344578305578883,0.9956554216944211
22978,Left,0.8864445791923227,0.11355542080767736
72763,Left,0.8224273883667681,0.1775726116332319
38573,Stayed,0.46138405323846154,0.5386159467615385
48508,Left,0.7835477203511406,0.21645227964885935
67211,Left,0.9020972207522717,0.09790277924772828
35171,Left,0.5663755316577008,0.4336244683422991
25642,Left,0.5115627314296597,0.4884372685703403
5833,Stayed,0.4354985936260114,0.5645014063739886
65685,Stayed,0.18547316612141895,0.814526833878581
34917,Left,0.8308489752559205,0.16915102474407953
11421,Left,0.731440292746677,0.26855970725332307
16427,Stayed,0.1935748881454714,0.8064251118545286
36399,Left,0.7335563871051742,0.26644361289482577
9635,Left,0.5305662341011634,0.4694337658988366
65500,Left,0.6982021030475991,0.30179789695240095
48150,Stayed,0.473369067463718,0.526630932536282
23627,Left,0.8838435471082117,0.11615645289178836
44632,Stayed,0.28628976054143507,0.7137102394585649
49844,Stayed,0.08596687358402111,0.9140331264159789
16704,Stayed,0.25123652811146036,0.7487634718885396
36710,Left,0.8911397921847861,0.10886020781521387
34734,Stayed,0.12153084723239449,0.8784691527676055
4400,Left,0.6290050195956232,0.3709949804043768
71723,Stayed,0.09738253444350231,0.9026174655564977
27718,Stayed,0.016379969092691682,0.9836200309073083
19278,Left,0.952538497277003,0.047461502722996964
18881,Stayed,0.02561650079722977,0.9743834992027702
58372,Left,0.7316328990241808,0.2683671009758192
24187,Stayed,0.3477553900485869,0.6522446099514131
21065,Stayed,0.3621738103715202,0.6378261896284798
30364,Left,0.5050941560075121,0.49490584399248794
43270,Left,0.6913136269041065,0.3086863730958936
31410,Left,0.9308232508564918,0.06917674914350826
16455,Left,0.5970559614976343,0.40294403850236565
59552,Stayed,0.3370751032635081,0.6629248967364919
27967,Left,0.6610304723390563,0.3389695276609436
12002,Stayed,0.06028695114045124,0.9397130488595488
67205,Stayed,0.07395024775058756,0.9260497522494124
49330,Left,0.9743675975575984,0.025632402442401586
60285,Left,0.8714916570275244,0.1285083429724756
57358,Stayed,0.4458986792415157,0.5541013207584843
31702,Left,0.9143622132968067,0.08563778670319333
67366,Stayed,0.2987509265178929,0.7012490734821071
54800,Stayed,0.3205987277029628,0.6794012722970372
24334,Left,0.5694427779265148,0.43055722207348524
1176,Stayed,0.20495736343184112,0.7950426365681589
62323,Left,0.8587367510890286,0.14126324891097142
15153,Left,0.9064172634354786,0.09358273656452144
67918,Stayed,0.11321565544246448,0.8867843445575355
15075,Left,0.870135950691901,0.12986404930809903
48170,Stayed,0.06254351287446558,0.9374564871255344
60776,Stayed,0.43968727338071834,0.5603127266192817
48472,Left,0.5205342983595231,0.4794657016404768
23871,Stayed,0.17614809654971852,0.8238519034502815
35762,Left,0.9063739089025398,0.09362609109746027
61112,Left,0.5107324587001423,0.48926754129985767
38903,Left,0.7958716583462115,0.20412834165378846
47808,Left,0.6949284622844244,0.3050715377155756
36157,Left,0.5120167396202545,0.4879832603797455
55652,Stayed,0.1374708827411455,0.8625291172588545
29661,Stayed,0.24025474333004238,0.7597452566699576
138,Stayed,0.29464620349420834,0.7053537965057917
65990,Stayed,0.4470239935235991,0.5529760064764009
12808,Left,0.6509056529757551,0.34909434702424497
2609,Left,0.8665347762538982,0.13346522374610187
43010,Left,0.8127920227445501,0.1872079772554499
7162,Left,0.9283137747548678,0.07168622524513221
49934,Stayed,0.11190113953500047,0.8880988604649995
3442,Stayed,0.07689872709218726,0.9231012729078127
73666,Left,0.8077246118010494,0.19227538819895063
55126,Stayed,0.20343956937052965,0.7965604306294704
37440,Stayed,0.3703399027918387,0.6296600972081613
26032,Stayed,0.04635859548563981,0.9536414045143602
6665,Left,0.7029126010100583,0.29708739898994174
17826,Stayed,0.3696775672938566,0.6303224327061434
30885,Stayed,0.41309244096336006,0.5869075590366399
30219,Stayed,0.02421989776163269,0.9757801022383673
43425,Left,0.5491619932133618,0.45083800678663816
2976,Left,0.6270520545605751,0.3729479454394249
12891,Stayed,0.2853466662493216,0.7146533337506784
19610,Left,0.8147991965550703,0.18520080344492967
46616,Left,0.9538910677955204,0.04610893220447969
2230,Left,0.822147671917028,0.17785232808297205
73567,Left,0.5357567587733665,0.4642432412266336
68178,Left,0.6387886248951696,0.36121137510483037
37634,Stayed,0.14635226665285384,0.8536477333471462
3594,Left,0.6199695714439397,0.3800304285560603
4146,Stayed,0.37601177525917007,0.6239882247408299
72511,Left,0.7064688727088528,0.29353112729114716
8747,Left,0.6045904239098356,0.39540957609016436
7678,Stayed,0.35374376720009026,0.6462562327999097
885,Stayed,0.31523423337974177,0.6847657666202582
64381,Left,0.7674589923400389,0.23254100765996108
11053,Stayed,0.18768042601399793,0.8123195739860021
8518,Stayed,0.2662015350732133,0.7337984649267867
38836,Stayed,0.032933761602595535,0.9670662383974045
13203,Stayed,0.26001480899609875,0.7399851910039013
61610,Left,0.5388993555115982,0.4611006444884019
72706,Stayed,0.47110764414235917,0.5288923558576408
9425,Stayed,0.06882079809353614,0.9311792019064639
13941,Stayed,0.39188955061056174,0.6081104493894383
48974,Left,0.914625489397142,0.08537451060285797
51905,Stayed,0.0888879369339649,0.9111120630660351
61971,Left,0.908311671941015,0.09168832805898496
29322,Left,0.8070710994086007,0.1929289005913993
67707,Left,0.5366734809122617,0.46332651908773825
9390,Left,0.5680866634822632,0.43191333651773683
61747,Stayed,0.2988879771173969,0.7011120228826031
5320,Left,0.7268539115645472,0.2731460884354529
35492,Stayed,0.16006355232350677,0.8399364476764932
12388,Stayed,0.36635494369398025,0.6336450563060197
20845,Left,0.7964429861041513,0.20355701389584874
9804,Stayed,0.09686217002166808,0.9031378299783319
64012,Left,0.6766230515810072,0.3233769484189928
12758,Left,0.5421187742475693,0.4578812257524307
40483,Stayed,0.04707498391760223,0.9529250160823978
5039,Left,0.5327259385123315,0.46727406148766853
9909,Stayed,0.48248270039031027,0.5175172996096897
43571,Stayed,0.05942822652422286,0.9405717734757771
13034,Stayed,0.4378106810479594,0.5621893189520406
60243,Stayed,0.34135149126685504,0.658648508733145
2410,Stayed,0.3381494860051961,0.6618505139948039
15876,Stayed,0.11848896071564363,0.8815110392843564
52637,Stayed,0.33482916606637636,0.6651708339336236
49414,Stayed,0.13161203857709947,0.8683879614229005
15674,Left,0.7441021300787907,0.2558978699212093
18302,Stayed,0.3225401147755702,0.6774598852244298
26523,Left,0.8809332926151778,0.11906670738482215
4847,Stayed,0.05129976071596276,0.9487002392840372
28560,Left,0.7611380954178991,0.2388619045821009
27835,Stayed,0.19682951096026335,0.8031704890397366
47876,Left,0.5304349012300462,0.46956509876995384
41679,Stayed,0.40279575761117103,0.597204242388829
46228,Stayed,0.31818299437013864,0.6818170056298614
10888,Stayed,0.49206496621923446,0.5079350337807655
54707,Stayed,0.3610030472821184,0.6389969527178816
51755,Stayed,0.11701753494116496,0.882982465058835
36460,Left,0.7446709731088541,0.2553290268911459
28632,Stayed,0.24152982374405985,0.7584701762559402
66946,Stayed,0.3737451370873792,0.6262548629126208
64894,Left,0.7846227163760072,0.21537728362399278
32062,Left,0.8958587183580053,0.10414128164199468
71858,Left,0.5524692061832814,0.4475307938167185
53412,Left,0.9743301495110522,0.025669850488947762
68002,Left,0.5825986230617236,0.4174013769382764
34368,Stayed,0.16621288535634227,0.8337871146436577
60126,Stayed,0.47679795931752766,0.5232020406824723
37284,Stayed,0.08654381511467923,0.9134561848853208
40812,Left,0.8476080471912192,0.15239195280878082
29118,Stayed,0.07424491402729827,0.9257550859727017
61765,Left,0.7072638752881447,0.2927361247118553
60375,Left,0.8056814450689286,0.19431855493107145
3715,Left,0.9360190546642295,0.06398094533577042
66554,Left,0.9591042239607228,0.040895776039277236
44885,Stayed,0.2446875613773244,0.7553124386226756
63727,Stayed,0.17820433644976275,0.8217956635502373
57141,Stayed,0.14977085892127762,0.8502291410787224
17658,Left,0.6799667003928764,0.3200332996071236
42366,Stayed,0.4404930468781695,0.5595069531218305
11891,Left,0.7725049646138258,0.22749503538617416
41932,Stayed,0.3336512262807003,0.6663487737192997
47509,Left,0.9400863126499348,0.059913687350065185
73882,Stayed,0.08597452397116989,0.9140254760288301
47248,Left,0.6219410250111517,0.3780589749888484
36258,Left,0.8251079787892903,0.1748920212107097
31852,Stayed,0.21658222148504302,0.783417778514957
64303,Stayed,0.2338687946072393,0.7661312053927607
63536,Left,0.5494327507277305,0.45056724927226954
47265,Left,0.8757242866629502,0.12427571333704977
34503,Stayed,0.392321382523084,0.607678617476916
49669,Stayed,0.448608987617773,0.551391012382227
60464,Left,0.9257481827744988,0.07425181722550127
49606,Left,0.6100943041664457,0.3899056958335543
35934,Left,0.7682739724441447,0.23172602755585522
10946,Left,0.8843489813160721,0.11565101868392788
18499,Stayed,0.4375911180445793,0.5624088819554207
52405,Stayed,0.41507343988283363,0.5849265601171664
8415,Stayed,0.23502891618502608,0.7649710838149739
5253,Stayed,0.4496865246235312,0.5503134753764688
38945,Stayed,0.3748386898992597,0.6251613101007403
70333,Stayed,0.06084532120657704,0.939154678793423
53515,Stayed,0.19658566784878784,0.8034143321512122
42797,Stayed,0.34768903983043575,0.6523109601695642
61453,Stayed,0.1380724794081496,0.8619275205918504
25985,Left,0.6030940801072838,0.3969059198927162
43092,Stayed,0.1505856972930315,0.8494143027069685
37935,Stayed,0.41355900874380136,0.5864409912561986
31124,Stayed,0.3345181737697738,0.6654818262302262
47379,Stayed,0.07995829688365086,0.9200417031163491
49974,Stayed,0.15407450615367901,0.845925493846321
59135,Left,0.5001842223038357,0.4998157776961642
71126,Stayed,0.03458505282821456,0.9654149471717854
36934,Left,0.844789401382108,0.15521059861789196
41368,Stayed,0.28184114568692875,0.7181588543130712
64023,Left,0.5126557110962775,0.48734428890372244
28080,Left,0.6895825314367221,0.3104174685632779
16101,Stayed,0.02482102007722109,0.9751789799227789
4773,Stayed,0.4837990060988373,0.5162009939011627
73539,Left,0.9394014543666377,0.06059854563336227
71717,Stayed,0.3226322662091109,0.6773677337908891
24267,Left,0.5347938019895124,0.4652061980104876
36518,Stayed,0.04340902356683807,0.9565909764331619
39683,Left,0.601013962626598,0.39898603737340205
37832,Left,0.6695905541847369,0.33040944581526316
6586,Left,0.7292544411814641,0.27074555881853596
70974,Left,0.8891270615208399,0.11087293847916009
42455,Left,0.932368595278987,0.06763140472101299
30963,Stayed,0.2660247780726399,0.7339752219273601
48711,Left,0.8598114096193377,0.1401885903806623
44120,Left,0.6529108664550998,0.34708913354490023
29457,Stayed,0.4344848797304638,0.5655151202695362
56715,Stayed,0.06669883403377652,0.9333011659662235
13520,Stayed,0.46988514301518025,0.5301148569848197
48221,Stayed,0.04077169871503983,0.9592283012849602
73272,Stayed,0.139246973342401,0.860753026657599
73599,Stayed,0.30367332437896666,0.6963266756210333
21505,Left,0.9046352145733298,0.09536478542667012
16424,Stayed,0.4950188112191707,0.5049811887808293
867,Stayed,0.02757229474589762,0.9724277052541024
69701,Stayed,0.1844239124466438,0.8155760875533562
62693,Left,0.8894362960792539,0.11056370392074613
52699,Left,0.9295274038219438,0.07047259617805628
47002,Stayed,0.21124408250698956,0.7887559174930104
41750,Left,0.5956985913926147,0.40430140860738534
19537,Left,0.9729784510299679,0.027021548970032082
36772,Left,0.8698992379106937,0.1301007620893063
66883,Left,0.9269462530102717,0.07305374698972834
12267,Stayed,0.04518050716154809,0.9548194928384519
28596,Left,0.6586384256927953,0.34136157430720476
59030,Stayed,0.0017542814838791276,0.9982457185161209
49597,Stayed,0.2286156254191134,0.7713843745808866
2062,Stayed,0.1952602011567537,0.8047397988432463
23314,Left,0.7481363312451054,0.25186366875489463
7809,Left,0.533577761793453,0.466422238206547
14147,Left,0.8602494031846482,0.13975059681535187
61972,Left,0.5810809831902377,0.41891901680976223
47999,Stayed,0.49651605601046145,0.5034839439895386
26378,Left,0.7376656741934571,0.2623343258065429
68688,Stayed,0.10195661059392969,0.8980433894060703
20058,Left,0.8773353889713357,0.12266461102866429
73408,Left,0.7526227836083217,0.24737721639167826
53270,Stayed,0.15680992929324333,0.8431900707067567
61401,Left,0.6112660019899947,0.38873399801000535
72059,Left,0.6410779196304335,0.3589220803695666
2400,Left,0.6608121960019739,0.3391878039980261
59311,Stayed,0.037537340895357874,0.9624626591046421
73724,Stayed,0.2212206864957189,0.7787793135042811
60203,Left,0.977807297996803,0.022192702003197007
23599,Stayed,0.15178329028170578,0.8482167097182942
10701,Stayed,0.23607836547583738,0.7639216345241626
17599,Left,0.8564613287883822,0.14353867121161773
40203,Left,0.587857961465033,0.41214203853496706
36326,Stayed,0.3382463424537715,0.6617536575462285
16085,Stayed,0.0789537916514611,0.9210462083485389
49121,Stayed,0.36857351653446424,0.6314264834655358
8278,Stayed,0.4378733240701609,0.5621266759298391
68873,Stayed,0.4255393785789774,0.5744606214210226
63055,Stayed,0.2298913971150659,0.7701086028849341
54366,Left,0.7043964098300568,0.29560359016994314
59232,Stayed,0.46962430538126954,0.5303756946187305
15913,Left,0.7689963784836178,0.23100362151638223
25357,Left,0.7802459091700757,0.2197540908299242
19689,Left,0.6617563075485975,0.3382436924514025
50973,Stayed,0.031486642607261306,0.9685133573927387
46650,Left,0.814536579957801,0.18546342004219893
52832,Left,0.8358772429578629,0.16412275704213714
70665,Left,0.5673670699879101,0.43263293001208997
59419,Left,0.7510632639521966,0.2489367360478034
192,Left,0.666182034730807,0.33381796526919305
42555,Left,0.8343538623624202,0.16564613763757988
31403,Stayed,0.0796715571373161,0.9203284428626839
27841,Stayed,0.4018810533651145,0.5981189466348855
57077,Left,0.5242273434990432,0.4757726565009568
7539,Left,0.7534286722730029,0.24657132772699705
64540,Left,0.7743904258122636,0.22560957418773642
56352,Left,0.9322973318574322,0.06770266814256778
43237,Stayed,0.3730725633083437,0.6269274366916563
40709,Stayed,0.429843336476627,0.570156663523373
51666,Stayed,0.20977034260232807,0.7902296573976719
30782,Left,0.6616894952725332,0.3383105047274668
49349,Left,0.73219595371261,0.26780404628738996
40934,Stayed,0.0228328204360716,0.9771671795639284
11913,Stayed,0.22467872105369746,0.7753212789463025
69858,Stayed,0.4476235494641435,0.5523764505358565
51871,Left,0.5894468450211052,0.41055315497889483
31444,Left,0.5473424956366788,0.45265750436332125
57811,Left,0.7279207864176573,0.2720792135823427
33752,Left,0.77363911290151,0.22636088709848998
49562,Left,0.5138642044841144,0.4861357955158856
72354,Left,0.5624026392365462,0.43759736076345385
61867,Stayed,0.23851135022121794,0.7614886497787821
17486,Stayed,0.3218297366646351,0.6781702633353649
56555,Left,0.5759017551528849,0.42409824484711506
753,Left,0.891293628458941,0.10870637154105901
40824,Stayed,0.22511259431925257,0.7748874056807474
38345,Stayed,0.4600897803642491,0.5399102196357509
46269,Stayed,0.30086238083958783,0.6991376191604122
52897,Left,0.6250824985208419,0.3749175014791581
24346,Stayed,0.3277805670506022,0.6722194329493978
4381,Left,0.7102397002278933,0.2897602997721067
9557,Left,0.7364961419693565,0.2635038580306435
822,Stayed,0.47720362511794423,0.5227963748820558
10400,Stayed,0.2311558627100001,0.7688441372899999
5942,Left,0.7204746558175943,0.27952534418240577
28552,Stayed,0.08276540211022732,0.9172345978897727
66729,Left,0.8321797117142634,0.16782028828573656
38570,Left,0.6017823724315859,0.39821762756841406
23851,Stayed,0.31390493288149757,0.6860950671185024
53043,Left,0.7032848543095734,0.29671514569042656
22775,Stayed,0.3642848575844323,0.6357151424155677
26193,Stayed,0.24319231824826626,0.7568076817517337
70732,Left,0.8296859038701394,0.1703140961298606
53557,Left,0.5652755265961467,0.43472447340385334
62370,Stayed,0.21950636016173164,0.7804936398382684
13444,Stayed,0.05614025075624185,0.9438597492437582
56812,Left,0.9578586340464833,0.04214136595351666
45149,Left,0.9143712875114074,0.08562871248859258
57455,Stayed,0.04989881523984463,0.9501011847601554
21101,Left,0.5295709323810637,0.4704290676189363
40660,Left,0.7069014073654811,0.2930985926345188
12256,Left,0.8821906998073744,0.11780930019262562
29932,Left,0.9130201734147814,0.08697982658521869
26683,Left,0.7201412904754161,0.2798587095245839
39106,Stayed,0.2554145262888715,0.7445854737111285
53809,Stayed,0.19809034828047245,0.8019096517195275
55485,Stayed,0.08710369322466283,0.9128963067753372
73596,Stayed,0.08599215121679993,0.9140078487832001
2732,Left,0.8302334330556562,0.16976656694434383
10022,Left,0.5346137468110025,0.4653862531889975
30508,Left,0.7195623714530055,0.2804376285469945
24224,Stayed,0.2413560155812815,0.7586439844187185
39053,Left,0.5644507097534055,0.43554929024659456
49988,Left,0.7315606624586453,0.2684393375413548
50733,Left,0.6646350364709802,0.3353649635290198
16175,Stayed,0.4566956945194661,0.5433043054805339
43497,Stayed,0.03726097241648174,0.9627390275835183
4231,Stayed,0.4509878907007293,0.5490121092992707
25748,Left,0.5376010541685713,0.4623989458314287
25266,Stayed,0.35156742683552156,0.6484325731644784
40006,Stayed,0.20724651283132467,0.7927534871686753
47135,Left,0.7257525435105774,0.2742474564894226
27284,Stayed,0.1828048905491687,0.8171951094508313
62708,Stayed,0.006068506577033839,0.9939314934229662
73170,Left,0.973099401234777,0.02690059876522301
27584,Stayed,0.03559640980445289,0.9644035901955471
43423,Stayed,0.1896301560129341,0.8103698439870659
44109,Stayed,0.16884779266546435,0.8311522073345357
54290,Left,0.8248085233971578,0.1751914766028422
71279,Left,0.6536296505273064,0.34637034947269363
2580,Stayed,0.4460112918053336,0.5539887081946664
59923,Stayed,0.09500842722167946,0.9049915727783205
24077,Left,0.8764613344462343,0.12353866555376573
40146,Left,0.9505984265468994,0.049401573453100533
10563,Stayed,0.10810612034177769,0.8918938796582223
58779,Stayed,0.05329858876118454,0.9467014112388155
61125,Left,0.937393436193149,0.06260656380685108
10699,Stayed,0.05659370106937178,0.9434062989306282
49311,Left,0.5327838901975112,0.46721610980248884
20613,Stayed,0.0328743994791274,0.9671256005208726
61221,Left,0.5276911800321615,0.4723088199678385
55072,Stayed,0.0783945769969786,0.9216054230030214
23583,Left,0.9595223944213721,0.040477605578627944
18576,Stayed,0.499494203571453,0.500505796428547
73989,Left,0.5025870632350763,0.4974129367649237
199,Stayed,0.07883903744056642,0.9211609625594336
6692,Left,0.638174688390418,0.361825311609582
51768,Left,0.8763552355806021,0.12364476441939783
22201,Stayed,0.38911411961592823,0.6108858803840718
68509,Left,0.8681694704849092,0.13183052951509083
18599,Stayed,0.406528188987877,0.593471811012123
39630,Stayed,0.4080291265018614,0.5919708734981386
43498,Stayed,0.40405944727003895,0.595940552729961
44054,Stayed,0.12774035397834094,0.8722596460216591
61697,Stayed,0.3179342953043156,0.6820657046956844
67265,Left,0.5228939473319301,0.4771060526680699
36545,Stayed,0.39579165158216967,0.6042083484178303
3630,Stayed,0.27355160003286894,0.7264483999671311
14082,Stayed,0.030178537125552962,0.969821462874447
61312,Stayed,0.010835918881214268,0.9891640811187857
17129,Left,0.5683322150348622,0.43166778496513786
58899,Stayed,0.14519078909285377,0.8548092109071462
4027,Stayed,0.4554701414507979,0.5445298585492021
41008,Stayed,0.23836124222289334,0.7616387577771067
54142,Stayed,0.26174574119275196,0.738254258807248
19032,Stayed,0.3819499248220217,0.6180500751779783
47275,Left,0.6262733201198334,0.37372667988016667
35317,Stayed,0.49741542670611016,0.5025845732938898
29361,Left,0.62986839478389,0.37013160521611
40901,Left,0.6039966080821544,0.39600339191784556
61005,Stayed,0.05959615786960604,0.940403842130394
6492,Stayed,0.2490623424458419,0.7509376575541581
47937,Stayed,0.07602909116536682,0.9239709088346332
26098,Stayed,0.049065800196226306,0.9509341998037737
11314,Stayed,0.4437944759599778,0.5562055240400222
33396,Stayed,0.07994398770124322,0.9200560122987568
66243,Stayed,0.2793259518894492,0.7206740481105508
37830,Left,0.9024162059134857,0.0975837940865143
36586,Left,0.5185589973159969,0.48144100268400314
58051,Stayed,0.23377650437065167,0.7662234956293483
26406,Stayed,0.49035290467005477,0.5096470953299452
52964,Left,0.520150334951473,0.479849665048527
57793,Stayed,0.058531205947874865,0.9414687940521251
25639,Stayed,0.04180230859116307,0.9581976914088369
59598,Left,0.5710956610848961,0.428904338915104
7482,Stayed,0.13946681739746647,0.8605331826025335
69965,Stayed,0.29372467948594516,0.7062753205140548
11134,Stayed,0.39665527745343543,0.6033447225465646
42571,Stayed,0.034130394110231665,0.9658696058897683
55947,Stayed,0.2816224856068966,0.7183775143931034
73127,Left,0.9830146674786103,0.0169853325213897
21157,Left,0.7771315049965932,0.22286849500340675
670,Left,0.7926393440402018,0.2073606559597983
47978,Left,0.7934701753110144,0.20652982468898565
59279,Stayed,0.05601970571284176,0.9439802942871582
69550,Stayed,0.37616781934644616,0.6238321806535538
36155,Left,0.9086862275735498,0.09131377242645018
42176,Stayed,0.48901225279739513,0.5109877472026049
57913,Stayed,0.27844298326809847,0.7215570167319015
60495,Left,0.6583138644501727,0.34168613554982724
71291,Left,0.7055494766587006,0.2944505233412994
21137,Stayed,0.24853166373556856,0.7514683362644314
4129,Left,0.8559480871704989,0.1440519128295011
47440,Stayed,0.08170507379846759,0.9182949262015324
10599,Left,0.615697941255984,0.3843020587440161
12641,Left,0.9478866358115228,0.052113364188477194
18608,Left,0.5870284375301916,0.4129715624698084
7681,Stayed,0.1606657956319949,0.8393342043680051
55663,Left,0.6857959769866129,0.3142040230133872
34392,Stayed,0.46451988041260106,0.5354801195873989
8722,Left,0.6384167074269196,0.3615832925730805
23480,Left,0.7025097423970006,0.29749025760299935
49206,Stayed,0.049007658482912,0.950992341517088
31547,Left,0.849670448166773,0.15032955183322708
73810,Left,0.9565101873338644,0.04348981266613564
10850,Left,0.5664090218041593,0.43359097819584064
20671,Stayed,0.40938151001981016,0.5906184899801898
19806,Left,0.7676102567942692,0.2323897432057308
22266,Left,0.6133732985069145,0.38662670149308553
56276,Stayed,0.2190642072143404,0.7809357927856596
4163,Stayed,0.013827516637024861,0.9861724833629751
48285,Left,0.6549516934221666,0.3450483065778334
36039,Left,0.6187336585742365,0.3812663414257636
55308,Left,0.5817008036770795,0.41829919632292045
60938,Left,0.7643792424756363,0.2356207575243637
55235,Left,0.8757053796803591,0.1242946203196409
58427,Left,0.8867984640166064,0.11320153598339354
67951,Left,0.6459353231373455,0.35406467686265447
8953,Left,0.5655849147507677,0.43441508524923234
56168,Left,0.5627051061327168,0.4372948938672831
4813,Stayed,0.4583265382571807,0.5416734617428193
50476,Stayed,0.32377515823734226,0.6762248417626577
57268,Stayed,0.12270099785290511,0.8772990021470949
71028,Stayed,0.11671969478233868,0.8832803052176613
37514,Stayed,0.2619673424032216,0.7380326575967784
72700,Stayed,0.2912623080234291,0.7087376919765709
61767,Left,0.8561146191395275,0.14388538086047248
33285,Left,0.7499138425405467,0.25008615745945334
49373,Left,0.535328512800326,0.46467148719967405
68712,Stayed,0.32977529560596064,0.6702247043940394
36870,Stayed,0.4159911072982352,0.5840088927017648
58127,Stayed,0.4077077814574711,0.5922922185425289
10882,Stayed,0.0622320265121965,0.9377679734878035
65542,Stayed,0.20449913441909595,0.795500865580904
6693,Left,0.8809709773243775,0.11902902267562257
64255,Stayed,0.023660204208916458,0.9763397957910835
18636,Left,0.6993558986394363,0.30064410136056374
30902,Stayed,0.2770729436228365,0.7229270563771635
60323,Left,0.8194131197733597,0.18058688022664024
63437,Stayed,0.05320377571341672,0.9467962242865833
44902,Stayed,0.20659472085624198,0.793405279143758
24457,Left,0.9272897935272395,0.07271020647276044
34936,Left,0.63729526898828,0.3627047310117199
65272,Left,0.5447971833749216,0.45520281662507844
26467,Stayed,0.13934613179253164,0.8606538682074684
39262,Stayed,0.46892359989505894,0.5310764001049411
14859,Left,0.6061121634346773,0.3938878365653226
43893,Stayed,0.016547396307405093,0.9834526036925949
63455,Left,0.790367977336666,0.209632022663334
25859,Stayed,0.28381790407670293,0.7161820959232971
71403,Left,0.8137248655463588,0.18627513445364116
10594,Left,0.8295209431842088,0.1704790568157912
55086,Stayed,0.22814990707892446,0.7718500929210755
70516,Stayed,0.2496582059709026,0.7503417940290974
9135,Stayed,0.05986481041558267,0.9401351895844173
5032,Stayed,0.15390808985140048,0.8460919101485995
56365,Left,0.9210323507116405,0.07896764928835957
56405,Stayed,0.3269458350573108,0.6730541649426892
43984,Left,0.8595306669064613,0.14046933309353876
74140,Stayed,0.3127250062321161,0.6872749937678839
11129,Stayed,0.4807281147693442,0.5192718852306558
37770,Left,0.8286485846052745,0.1713514153947256
66609,Stayed,0.24275898936850027,0.7572410106314997
53537,Stayed,0.33334541475838797,0.666654585241612
71924,Left,0.7586287131603694,0.24137128683963058
10742,Left,0.6936845215477951,0.3063154784522048
37300,Left,0.5758983613770116,0.42410163862298844
58301,Left,0.9151713459426333,0.08482865405736668
43531,Left,0.5854058901673054,0.4145941098326947
10541,Stayed,0.09191951141563115,0.9080804885843689
54977,Left,0.856556466831851,0.14344353316814895
10870,Left,0.7198272597434131,0.2801727402565869
7877,Left,0.8842094315289994,0.11579056847100053
19859,Left,0.8944653320912764,0.10553466790872353
53013,Left,0.7411665846467854,0.2588334153532146
69888,Left,0.9154310131274177,0.08456898687258235
53733,Stayed,0.48467805335917413,0.5153219466408259
23913,Left,0.8810614003353564,0.11893859966464364
34789,Left,0.5850117981068934,0.4149882018931066
33704,Stayed,0.05143629122963189,0.9485637087703681
33635,Stayed,0.27232041652212013,0.7276795834778799
7728,Stayed,0.3446377804155195,0.6553622195844805
54268,Stayed,0.3475820717555841,0.6524179282444159
56406,Left,0.6303459506481672,0.36965404935183277
36444,Left,0.8425173105379036,0.15748268946209643
1450,Stayed,0.39913294947784217,0.6008670505221578
10844,Left,0.8420481661456283,0.15795183385437178
33610,Left,0.6715980917727018,0.3284019082272982
1098,Left,0.5628648599328476,0.43713514006715243
43273,Stayed,0.2918756987409473,0.7081243012590527
2166,Stayed,0.20364212419222583,0.7963578758077742
31841,Left,0.6382657443342554,0.36173425566574463
19314,Stayed,0.44221127144533257,0.5577887285546674
49535,Stayed,0.05757648066425547,0.9424235193357445
65647,Left,0.8418326757231591,0.15816732427684085
35238,Stayed,0.3590484877970661,0.6409515122029339
62327,Stayed,0.1068663167220435,0.8931336832779565
27873,Stayed,0.2710897713603859,0.7289102286396141
27243,Left,0.6885423691289485,0.31145763087105155
31014,Stayed,0.2204818079884152,0.7795181920115848
33484,Left,0.5748047093557568,0.4251952906442432
73730,Left,0.8023905058892791,0.19760949411072096
57075,Left,0.6844187443265158,0.31558125567348416
18139,Stayed,0.2279045959371605,0.7720954040628395
1793,Stayed,0.14167679259235233,0.8583232074076477
59889,Stayed,0.13771586336999075,0.8622841366300092
61093,Stayed,0.1536649925341439,0.8463350074658561
57538,Stayed,0.48794500816624986,0.5120549918337501
22872,Left,0.69092531316579,0.3090746868342101
8450,Stayed,0.22013346664649258,0.7798665333535074
46606,Left,0.8488379013530021,0.15116209864699787
33733,Left,0.5095219058322288,0.4904780941677712
44427,Left,0.5400717116747217,0.4599282883252783
9127,Stayed,0.20920260418112446,0.7907973958188755
33918,Left,0.6237446195259012,0.3762553804740988
18277,Stayed,0.05672330246514312,0.9432766975348569
35021,Left,0.501857022443918,0.49814297755608195
52003,Stayed,0.021168545823361362,0.9788314541766386
9736,Stayed,0.29160651963362205,0.708393480366378
73137,Left,0.5046398690500352,0.4953601309499648
52672,Stayed,0.07486444580829932,0.9251355541917007
2645,Stayed,0.1127999601665125,0.8872000398334875
51230,Stayed,0.1246172595908035,0.8753827404091965
51064,Left,0.6501265334693347,0.34987346653066537
41162,Stayed,0.24849647282527743,0.7515035271747226
52315,Left,0.6485209066117914,0.35147909338820854
67523,Left,0.8511357723916839,0.14886422760831605
25813,Stayed,0.3357723038626229,0.6642276961373771
40579,Left,0.7076475301043886,0.29235246989561137
40494,Stayed,0.4116940330516732,0.5883059669483268
33105,Left,0.5941981471389697,0.4058018528610304
52200,Left,0.726722814479037,0.273277185520963
43735,Stayed,0.05565380279957688,0.9443461972004231
41763,Stayed,0.32316952151776257,0.6768304784822374
9277,Left,0.7466033980205387,0.2533966019794613
53448,Stayed,0.14052153947646007,0.8594784605235399
63121,Left,0.5938013667640679,0.4061986332359321
21029,Stayed,0.1271684690294126,0.8728315309705874
29775,Left,0.9391415456228877,0.060858454377112396
51895,Left,0.6270767817755946,0.37292321822440544
55995,Left,0.5118878654060048,0.4881121345939951
51221,Stayed,0.40581869964879913,0.5941813003512009
68261,Stayed,0.013039169726857147,0.9869608302731429
65837,Stayed,0.21914508487095374,0.7808549151290463
59877,Left,0.935742714646805,0.06425728535319493
66679,Left,0.749638554948193,0.25036144505180696
23367,Left,0.5608323006373219,0.43916769936267813
37659,Stayed,0.22581303914750073,0.7741869608524993
60324,Left,0.902394832868661,0.09760516713133906
32109,Stayed,0.31806134346542525,0.6819386565345747
74038,Left,0.5203948200378526,0.47960517996214735
43913,Stayed,0.3461188675739697,0.6538811324260303
26699,Stayed,0.061335256277696426,0.9386647437223036
71223,Stayed,0.38293381786172076,0.6170661821382792
55053,Stayed,0.11345454739188243,0.8865454526081176
42466,Stayed,0.1856699159647509,0.8143300840352491
66354,Left,0.6145590010093329,0.3854409989906671
980,Stayed,0.03591012809325944,0.9640898719067406
43110,Stayed,0.026153961587579322,0.9738460384124207
53926,Left,0.6248026429324534,0.37519735706754664
70058,Stayed,0.07551217226540685,0.9244878277345931
66137,Left,0.9665058034793429,0.03349419652065715
44854,Stayed,0.02719538271653721,0.9728046172834628
33190,Stayed,0.2578070708264837,0.7421929291735163
43585,Stayed,0.09557481463511808,0.9044251853648819
39672,Stayed,0.4512345602819825,0.5487654397180175
13586,Stayed,0.046629633156529016,0.953370366843471
31184,Left,0.863861445648842,0.13613855435115793
15577,Left,0.5231610024798885,0.47683899752011155
29756,Left,0.851859563360225,0.14814043663977502
3637,Stayed,0.021741489813947412,0.9782585101860526
40348,Stayed,0.20130156862767234,0.7986984313723277
39623,Stayed,0.30487692040954484,0.6951230795904552
11969,Left,0.7539868057309446,0.24601319426905546
27490,Stayed,0.27055304293462745,0.7294469570653725
47481,Left,0.6039542880385074,0.39604571196149263
2308,Left,0.9616441313656532,0.03835586863434684
60240,Stayed,0.3836112330949871,0.6163887669050129
49695,Left,0.5897483088148172,0.41025169118518284
52007,Left,0.635606834264552,0.36439316573544794
21491,Stayed,0.2101188797603477,0.7898811202396523
58036,Stayed,0.13842879939910369,0.8615712006008963
43424,Left,0.5280674113667436,0.47193258863325643
65707,Left,0.9088487815982368,0.09115121840176323
71203,Stayed,0.40268824390015034,0.5973117560998497
28519,Stayed,0.2895967866487068,0.7104032133512932
15960,Stayed,0.14526719592794124,0.8547328040720588
50033,Left,0.5061704965860538,0.49382950341394616
73601,Stayed,0.07176645285355598,0.928233547146444
63372,Left,0.5868045089476727,0.41319549105232733
111,Left,0.7563104345508593,0.24368956544914064
32371,Left,0.7519886029658375,0.24801139703416253
72134,Stayed,0.10918507285237422,0.8908149271476258
68452,Stayed,0.11964364319666954,0.8803563568033305
4700,Left,0.5396296515741598,0.46037034842584024
28862,Stayed,0.2138178806057156,0.7861821193942844
12048,Stayed,0.4589109303213562,0.5410890696786438
50198,Stayed,0.0613323086844797,0.9386676913155203
51750,Left,0.8247267791964097,0.17527322080359037
51407,Stayed,0.21869700042444506,0.7813029995755549
41650,Stayed,0.1204248206457077,0.8795751793542923
9083,Stayed,0.36120230412762555,0.6387976958723744
7912,Left,0.5223843391736829,0.4776156608263171
18514,Left,0.8605461520169986,0.13945384798300148
25834,Left,0.6043288731033515,0.3956711268966485
31960,Stayed,0.18474742057076277,0.8152525794292372
53406,Stayed,0.39032958098871406,0.6096704190112859
70920,Left,0.5286686755483669,0.4713313244516331
16339,Stayed,0.10384894988305093,0.8961510501169491
53444,Stayed,0.11774973070727068,0.8822502692927293
58377,Stayed,0.07059374824148335,0.9294062517585167
68962,Stayed,0.28618750450173547,0.7138124954982645
47503,Left,0.7424713655152353,0.2575286344847647
22720,Left,0.8182970559245784,0.18170294407542167
56672,Left,0.7582766453021406,0.24172335469785938
12933,Stayed,0.2852504348577217,0.7147495651422783
45702,Left,0.587261895935967,0.41273810406403305
53134,Left,0.599920997539654,0.40007900246034594
21550,Stayed,0.09598943099954449,0.9040105690004555
46719,Stayed,0.45615956452562756,0.5438404354743724
18995,Left,0.5698653227082975,0.43013467729170246
11213,Stayed,0.034518055921230584,0.9654819440787694
73609,Stayed,0.28305080757156786,0.7169491924284321
64866,Stayed,0.3153937092437129,0.6846062907562871
73576,Stayed,0.3050317277814826,0.6949682722185174
40361,Stayed,0.1485249226848142,0.8514750773151858
15046,Stayed,0.4649171978841965,0.5350828021158035
26295,Stayed,0.4118406597721733,0.5881593402278267
43608,Stayed,0.2897048745823534,0.7102951254176466
19469,Stayed,0.3050792649519034,0.6949207350480966
28868,Left,0.8942616957429269,0.10573830425707312
16887,Stayed,0.17488996178049332,0.8251100382195067
18304,Stayed,0.32263187174460217,0.6773681282553978
54377,Left,0.7327490497178312,0.26725095028216883
73285,Stayed,0.28383908255822987,0.7161609174417701
16094,Left,0.8533419419423364,0.14665805805766366
10180,Stayed,0.03398104781202327,0.9660189521879767
54672,Left,0.8711512966611306,0.12884870333886947
66693,Left,0.5433881436580431,0.4566118563419569
16618,Stayed,0.3578172023946615,0.6421827976053385
5013,Stayed,0.06702499651894167,0.9329750034810583
55982,Stayed,0.3778321726708288,0.6221678273291712
25230,Stayed,0.10867559952896777,0.8913244004710322
51380,Left,0.7892312454548573,0.21076875454514263
13677,Left,0.6832366058368862,0.3167633941631139
57216,Stayed,0.11822575494486309,0.8817742450551369
66930,Left,0.7935406419621674,0.20645935803783258
61615,Left,0.6642822826232372,0.3357177173767628
65875,Stayed,0.44184321937182536,0.5581567806281746
11839,Left,0.9434569820978758,0.05654301790212422
14553,Left,0.7911338439009133,0.20886615609908668
3394,Stayed,0.17173466091570222,0.8282653390842978
11788,Left,0.9223448132602066,0.07765518673979342
24324,Left,0.8963593098017858,0.10364069019821419
7874,Left,0.5830956471729243,0.41690435282707566
22527,Stayed,0.413912010272099,0.586087989727901
35759,Stayed,0.025534242159408027,0.974465757840592
71323,Left,0.8796285620017165,0.12037143799828352
1022,Stayed,0.18128741791394754,0.8187125820860525
22849,Stayed,0.045559482213089475,0.9544405177869105
9394,Stayed,0.3342730633277895,0.6657269366722105
59592,Left,0.8237531340874747,0.17624686591252528
69756,Stayed,0.0972620990032822,0.9027379009967178
8241,Left,0.8608054372317526,0.13919456276824735
56078,Left,0.8937258467772404,0.10627415322275963
39997,Stayed,0.3576161485629159,0.6423838514370841
64233,Stayed,0.4643611501581071,0.5356388498418929
21821,Left,0.7252102093909552,0.27478979060904485
7150,Stayed,0.48601743036746703,0.513982569632533
41513,Left,0.9393146773771468,0.06068532262285317
58751,Left,0.7284118493758966,0.27158815062410335
64689,Left,0.5688036514990125,0.4311963485009875
68416,Left,0.94126582271701,0.05873417728298997
5325,Stayed,0.14841099484242093,0.8515890051575791
38858,Stayed,0.06604784584354284,0.9339521541564572
38154,Stayed,0.11245250523003691,0.8875474947699631
42476,Left,0.9738917981213064,0.026108201878693553
25998,Left,0.8946368723913621,0.10536312760863784
26968,Left,0.8869470964300452,0.11305290356995473
27036,Stayed,0.23354445944426405,0.766455540555736
44249,Stayed,0.08961114470262355,0.9103888552973765
48538,Left,0.8585854990145452,0.14141450098545486
26777,Left,0.7491216808948995,0.25087831910510056
62497,Left,0.5229780204293155,0.47702197957068443
62368,Stayed,0.3116366522839089,0.6883633477160911
58492,Stayed,0.35545263170154007,0.6445473682984599
27380,Stayed,0.25667897287364594,0.7433210271263541
29445,Left,0.5410257287207454,0.45897427127925455
29116,Left,0.6755222106340433,0.3244777893659568
69516,Stayed,0.12122361271706183,0.8787763872829382
8818,Stayed,0.41082281237382356,0.5891771876261764
44617,Stayed,0.3989818692949907,0.6010181307050093
33830,Stayed,0.1517867035185143,0.8482132964814857
49078,Stayed,0.05089849393933321,0.9491015060606668
1672,Stayed,0.13627525334872326,0.8637247466512767
38435,Stayed,0.41636803407571454,0.5836319659242855
23181,Left,0.6382442222455106,0.3617557777544894
70372,Stayed,0.12899476897956552,0.8710052310204345
58884,Stayed,0.13102112247941133,0.8689788775205887
37326,Stayed,0.24720771762388294,0.7527922823761171
1381,Stayed,0.49726316442698015,0.5027368355730198
58683,Stayed,0.48858974828770285,0.5114102517122971
65015,Stayed,0.19719070175802622,0.8028092982419738
43720,Left,0.5162173689350347,0.4837826310649653
63904,Stayed,0.2266662362990849,0.7733337637009151
28807,Left,0.6483518912707866,0.35164810872921337
39097,Stayed,0.03450952931503137,0.9654904706849686
60749,Left,0.9599738647971399,0.040026135202860184
25625,Left,0.9155711575877327,0.08442884241226736
40763,Left,0.962764953657392,0.03723504634260802
8189,Left,0.8506873692789702,0.14931263072102982
21544,Left,0.8987540562179773,0.10124594378202266
30051,Stayed,0.2997909566569914,0.7002090433430086
69441,Left,0.8621876579691138,0.1378123420308862
51677,Left,0.809195284707985,0.190804715292015
11792,Stayed,0.3250336860126526,0.6749663139873474
40342,Stayed,0.3322395320142948,0.6677604679857052
17282,Left,0.9704795636430507,0.029520436356949304
22648,Left,0.6168141138789732,0.3831858861210268
30480,Left,0.7638713108587759,0.23612868914122412
33812,Stayed,0.4786907686883737,0.5213092313116263
41498,Stayed,0.40451943446146077,0.5954805655385392
11822,Stayed,0.019870760288844713,0.9801292397111553
57696,Stayed,0.03268265491904654,0.9673173450809535
68913,Left,0.8876564396816267,0.11234356031837334
29316,Left,0.7076398476276633,0.2923601523723367
60555,Stayed,0.11495217859528717,0.8850478214047128
34731,Left,0.7300877412687972,0.2699122587312028
62790,Left,0.925593142280131,0.07440685771986903
43345,Left,0.7846397901299301,0.21536020987006987
27973,Stayed,0.13857673994358,0.86142326005642
8914,Stayed,0.2182011947207485,0.7817988052792515
48224,Stayed,0.04401557674455381,0.9559844232554462
49629,Left,0.6903869566486325,0.3096130433513675
35351,Stayed,0.23365409523236047,0.7663459047676395
66715,Left,0.8319993744608897,0.16800062553911033
2758,Left,0.9568581686942416,0.04314183130575846
3758,Stayed,0.31988275193698457,0.6801172480630154
49390,Stayed,0.28386480713172524,0.7161351928682748
50772,Stayed,0.04988150782175427,0.9501184921782457
57437,Stayed,0.03194750987969719,0.9680524901203028
40167,Stayed,0.25438400084193724,0.7456159991580628
27709,Left,0.8868127978607656,0.11318720213923437
38327,Left,0.5704780640629776,0.4295219359370223
45764,Stayed,0.37977088533302006,0.6202291146669799
45585,Left,0.8723347058179922,0.12766529418200775
63748,Left,0.6398793440944732,0.36012065590552683
26460,Stayed,0.4390114796772391,0.5609885203227609
19722,Stayed,0.1855227430853873,0.8144772569146127
27185,Stayed,0.2725143678648366,0.7274856321351634
48735,Left,0.7132837303359802,0.2867162696640197
26557,Stayed,0.15920356644844846,0.8407964335515515
16854,Stayed,0.4106486702102745,0.5893513297897255
51862,Left,0.7362589963468751,0.263741003653125
13906,Left,0.6104548083960949,0.3895451916039051
5247,Stayed,0.10573018263138123,0.8942698173686188
54555,Left,0.5780948430857895,0.42190515691421054
43552,Left,0.6323018137863051,0.3676981862136949
891,Left,0.7796829340971346,0.2203170659028654
60330,Left,0.9849612445958352,0.015038755404164753
49063,Left,0.9005949384109551,0.09940506158904497
56865,Left,0.7449393825351736,0.2550606174648265
43796,Left,0.8684640446729299,0.13153595532707002
31628,Stayed,0.36131513618765443,0.6386848638123456
3438,Left,0.7770658809138175,0.22293411908618257
38694,Stayed,0.0830684925080396,0.9169315074919604
72487,Stayed,0.42699969930406256,0.5730003006959374
26250,Left,0.7136208061966616,0.2863791938033385
18366,Stayed,0.20985365001049483,0.7901463499895052
26407,Left,0.733155884244163,0.26684411575583705
62336,Stayed,0.1267087333551723,0.8732912666448277
40363,Stayed,0.23368999444673244,0.7663100055532676
4230,Stayed,0.23757653791045152,0.7624234620895485
60575,Stayed,0.2168323392370265,0.7831676607629735
48619,Left,0.6368385438025211,0.36316145619747886
17006,Stayed,0.41524105219584684,0.5847589478041532
1633,Left,0.8431075125528233,0.1568924874471767
220,Left,0.7038989049598358,0.29610109504016424
30668,Left,0.8857863825952178,0.11421361740478224
19804,Left,0.9300879121446151,0.06991208785538489
21777,Stayed,0.0811511524943519,0.9188488475056481
9919,Left,0.6709360228578667,0.32906397714213326
11616,Stayed,0.478667124399216,0.521332875600784
67870,Left,0.5370376294079053,0.46296237059209466
72358,Stayed,0.2528208458207786,0.7471791541792214
19287,Stayed,0.37432219688029245,0.6256778031197076
39757,Stayed,0.09602202506238744,0.9039779749376126
64222,Stayed,0.09893164628349183,0.9010683537165082
61204,Left,0.7865675279722343,0.21343247202776575
40232,Stayed,0.2178851279295707,0.7821148720704293
63837,Stayed,0.08697988526022915,0.9130201147397708
27848,Stayed,0.08821242813045371,0.9117875718695463
21715,Left,0.8320053706194309,0.1679946293805691
6757,Stayed,0.4381569262924767,0.5618430737075233
2649,Stayed,0.40906423056924934,0.5909357694307507
31085,Stayed,0.45703630085943525,0.5429636991405647
7953,Stayed,0.30014220438088257,0.6998577956191174
20364,Stayed,0.08485553303673121,0.9151444669632688
43634,Left,0.8007081722206293,0.19929182777937068
23618,Left,0.8509291244283628,0.14907087557163728
26323,Stayed,0.14285366393457355,0.8571463360654265
58784,Stayed,0.16292146578766664,0.8370785342123334
56246,Left,0.9560404809396092,0.04395951906039077
8830,Stayed,0.4269271776039657,0.5730728223960343
51904,Left,0.5524013673338397,0.44759863266616023
37512,Stayed,0.25584127682469726,0.7441587231753027
60337,Stayed,0.24586366093279732,0.7541363390672027
14821,Left,0.542222641896521,0.45777735810347897
14654,Left,0.6007971127765462,0.39920288722345376
57519,Left,0.8044780500331586,0.19552194996684139
44931,Stayed,0.12479115387700468,0.8752088461229953
57404,Left,0.8684527323236183,0.1315472676763817
8054,Stayed,0.2737032578817262,0.7262967421182738
21190,Left,0.8078098714752733,0.19219012852472667
34369,Left,0.7582717493295681,0.24172825067043188
26868,Left,0.6855997255565802,0.3144002744434197
62619,Left,0.8761388682005063,0.12386113179949361
23126,Stayed,0.4803448880683979,0.5196551119316021
1277,Left,0.7541106142234831,0.24588938577651684
3314,Stayed,0.359639883809888,0.640360116190112
66801,Stayed,0.07846933711938664,0.9215306628806134
41495,Left,0.8988083009281158,0.10119169907188424
40399,Stayed,0.34283752780689325,0.6571624721931068
55435,Left,0.9107642979628581,0.08923570203714198
70847,Stayed,0.4200515816373499,0.5799484183626501
252,Stayed,0.3498712021863235,0.6501287978136765
1735,Left,0.6160628425393601,0.38393715746063994
40188,Stayed,0.226921148436539,0.773078851563461
66496,Left,0.7088952720504664,0.2911047279495336
71488,Stayed,0.4229931395347911,0.5770068604652089
60680,Left,0.8469500811233133,0.15304991887668676
24802,Stayed,0.41200062404225146,0.5879993759577485
12623,Left,0.7616811194505495,0.23831888054945047
60132,Stayed,0.16759429096643952,0.8324057090335605
12994,Stayed,0.21769454137388733,0.7823054586261127
69320,Stayed,0.2060870121991002,0.7939129878008998
709,Stayed,0.11432413175432699,0.885675868245673
36561,Left,0.6866290390436693,0.3133709609563306
47874,Stayed,0.30277667903444727,0.6972233209655527
23251,Stayed,0.09033862393442926,0.9096613760655707
145,Stayed,0.20511283018925708,0.7948871698107429
4473,Stayed,0.1622814336615339,0.8377185663384661
40684,Stayed,0.17380589352937637,0.8261941064706236
9725,Left,0.6315248869170818,0.3684751130829183
25068,Left,0.8860162756772754,0.11398372432272458
2418,Left,0.740962404762308,0.259037595237692
67899,Left,0.5094873809472558,0.49051261905274424
36558,Left,0.8264337153241802,0.17356628467581978
57765,Stayed,0.4252540210162583,0.5747459789837417
66719,Left,0.8316248473541534,0.1683751526458466
61978,Left,0.5613503129649053,0.4386496870350946
54045,Left,0.7475600718325444,0.25243992816745564
29805,Stayed,0.32507969299959694,0.6749203070004031
3639,Left,0.7638342409087481,0.23616575909125195
30926,Left,0.6205043671865225,0.3794956328134776
26859,Left,0.6354598876176207,0.36454011238237927
62217,Left,0.7035562314086434,0.29644376859135657
3875,Left,0.5337272675164342,0.4662727324835659
35570,Left,0.8597400019835549,0.14025999801644504
64011,Stayed,0.026221997142918063,0.9737780028570819
50906,Stayed,0.22007511798768253,0.7799248820123175
5549,Left,0.6515019283674597,0.3484980716325404
17589,Stayed,0.24222941463394687,0.7577705853660531
54455,Stayed,0.031218610127725088,0.9687813898722749
60127,Left,0.7191978386061224,0.2808021613938776
30775,Left,0.9558215911262439,0.044178408873756146
15979,Stayed,0.32763812828126115,0.6723618717187388
25874,Stayed,0.41092492819285,0.58907507180715
33048,Left,0.9145497947940657,0.0854502052059343
26352,Stayed,0.12937745838242476,0.8706225416175752
36950,Stayed,0.0320914880097628,0.9679085119902372
3868,Stayed,0.23587865053948331,0.7641213494605167
70762,Left,0.8177665112555464,0.18223348874445355
5936,Left,0.6054609379643996,0.39453906203560035
54666,Stayed,0.2301616813150431,0.7698383186849569
62160,Left,0.9089542665902332,0.09104573340976689
7973,Left,0.5164316925938335,0.4835683074061665
30529,Left,0.7718351019858314,0.22816489801416867
23437,Left,0.7494907283075203,0.2505092716924797
50516,Left,0.7570593057677291,0.24294069423227094
66909,Stayed,0.16116317610897424,0.8388368238910258
73872,Stayed,0.2502573904051826,0.7497426095948174
55519,Stayed,0.15294324823827776,0.8470567517617222
18520,Left,0.8567134453668113,0.14328655463318868
23616,Stayed,0.1615807015016011,0.8384192984983989
50041,Left,0.8053275464962011,0.1946724535037989
32840,Stayed,0.32035175937336746,0.6796482406266325
13127,Stayed,0.22914973930223537,0.7708502606977646
59397,Left,0.7418531541212313,0.2581468458787687
37836,Left,0.8427424847975821,0.15725751520241793
34982,Left,0.6378267634609819,0.3621732365390181
915,Left,0.5408043281767171,0.4591956718232829
70406,Left,0.767308891156583,0.23269110884341707
17968,Stayed,0.41451612330815457,0.5854838766918454
7065,Stayed,0.3510351807776344,0.6489648192223656
17542,Left,0.6517161735992182,0.3482838264007818
16663,Stayed,0.2855769510971652,0.7144230489028348
19574,Left,0.9306601456233874,0.06933985437661261
16781,Stayed,0.11127467680148717,0.8887253231985128
2103,Stayed,0.0167606358924981,0.9832393641075019
38833,Stayed,0.20760263381950905,0.792397366180491
71698,Left,0.8038597639531104,0.19614023604688952
60257,Stayed,0.35425014724240944,0.6457498527575906
73967,Left,0.5591199500933979,0.4408800499066021
1073,Left,0.7934398208947594,0.2065601791052406
71576,Stayed,0.19901350875880863,0.8009864912411914
21974,Left,0.8535384694565258,0.14646153054347416
3396,Stayed,0.11461445858301034,0.8853855414169897
33591,Stayed,0.01618629084841494,0.9838137091515851
36645,Left,0.6039664600760364,0.3960335399239637
36415,Left,0.6481522164005733,0.3518477835994267
56937,Stayed,0.08592698263793308,0.9140730173620669
19402,Left,0.9844252238513663,0.015574776148633621
49141,Stayed,0.2280545295721237,0.7719454704278763
15011,Left,0.8468945685465018,0.1531054314534982
54169,Left,0.7025733900790356,0.2974266099209643
57003,Left,0.5816204911737675,0.41837950882623254
30548,Left,0.8617131728596034,0.1382868271403966
46952,Left,0.8002926519096529,0.19970734809034704
28374,Stayed,0.2604345987539638,0.7395654012460362
72932,Stayed,0.2170397007597199,0.7829602992402801
4504,Stayed,0.22674560339165606,0.7732543966083439
69096,Stayed,0.0648647509989363,0.9351352490010637
1901,Left,0.9097799339659617,0.09022006603403833
68821,Left,0.7435616582128168,0.25643834178718317
5541,Left,0.5441063362481346,0.4558936637518653
10736,Stayed,0.31190603667231287,0.6880939633276871
675,Stayed,0.06632242112632436,0.9336775788736756
26423,Stayed,0.14820139075675298,0.851798609243247
15128,Stayed,0.2251312731892161,0.7748687268107839
31004,Left,0.834404849016862,0.16559515098313807
28704,Left,0.9581062345521487,0.04189376544785128
41562,Left,0.8450478326342302,0.15495216736576978
22457,Stayed,0.08770701617955035,0.9122929838204497
70540,Stayed,0.4820247905559234,0.5179752094440766
2291,Stayed,0.0468317470553965,0.9531682529446035
41345,Stayed,0.4349020786737905,0.5650979213262095
1917,Stayed,0.4464424116381863,0.5535575883618137
55675,Left,0.9101894474899176,0.08981055251008237
18533,Stayed,0.24062620916547117,0.7593737908345288
56929,Stayed,0.02340209731024956,0.9765979026897504
43306,Stayed,0.25002039945346055,0.7499796005465394
53736,Stayed,0.4382324304256815,0.5617675695743185
45061,Left,0.6744541443291299,0.32554585567087013
49096,Stayed,0.2310285389047373,0.7689714610952627
3636,Stayed,0.3457289216914232,0.6542710783085768
8534,Stayed,0.314574562375592,0.685425437624408
20553,Stayed,0.4286486513496872,0.5713513486503128
22917,Left,0.9552840550876357,0.044715944912364324
54492,Stayed,0.268865946106703,0.731134053893297
54827,Stayed,0.1747985244479784,0.8252014755520216
73252,Stayed,0.30568611321548034,0.6943138867845197
37096,Left,0.9175571295464718,0.08244287045352817
69290,Left,0.8293159874747557,0.17068401252524434
61297,Left,0.5944072273157768,0.4055927726842232
48474,Stayed,0.4476832048492173,0.5523167951507827
60040,Left,0.8593416231883463,0.1406583768116537
3223,Stayed,0.17967077594198455,0.8203292240580154
56529,Left,0.6693765809245273,0.3306234190754726
72839,Stayed,0.2696594094775928,0.7303405905224072
70576,Stayed,0.10658905719787992,0.8934109428021201
21999,Stayed,0.2793523094801533,0.7206476905198467
63486,Left,0.6484927172906045,0.3515072827093955
33982,Left,0.6711653353829579,0.32883466461704214
74237,Stayed,0.06272670438228911,0.9372732956177109
3012,Stayed,0.378826638811127,0.621173361188873
26950,Stayed,0.035349370609956576,0.9646506293900434
70905,Stayed,0.07104822140138989,0.9289517785986101
8342,Left,0.9635505391283116,0.03644946087168847
67738,Stayed,0.20361159571667242,0.7963884042833276
44967,Stayed,0.31714127804852243,0.6828587219514776
21397,Stayed,0.05283049645852933,0.9471695035414707
28642,Left,0.6023788941052224,0.39762110589477756
4895,Left,0.8826737368357546,0.11732626316424542
62104,Left,0.8687248304473651,0.1312751695526349
43642,Stayed,0.24185144544909143,0.7581485545509086
23896,Left,0.8580135473567969,0.14198645264320303
10122,Stayed,0.10871312076139306,0.8912868792386069
36829,Stayed,0.13049821225133662,0.8695017877486634
51062,Left,0.5825577480866688,0.41744225191333123
3143,Stayed,0.03026826559051643,0.9697317344094836
18013,Stayed,0.23342891407731403,0.766571085922686
41295,Left,0.6147858755475499,0.38521412445245007
22897,Left,0.9661170078463168,0.033882992153683206
32394,Stayed,0.33549735922993973,0.6645026407700603
29280,Stayed,0.2972858248683199,0.7027141751316801
38819,Stayed,0.45917210018722243,0.5408278998127776
5677,Left,0.7440369166526262,0.2559630833473739
11855,Left,0.8690910435505588,0.13090895644944128
55839,Left,0.7241965308556554,0.2758034691443446
24342,Stayed,0.04014721136971211,0.9598527886302879
20236,Left,0.9046538011762163,0.0953461988237837
24594,Stayed,0.12829075829117897,0.871709241708821
61891,Left,0.8977726226514112,0.10222737734858882
65315,Stayed,0.4868326541091984,0.5131673458908016
54004,Left,0.663956635822188,0.336043364177812
14758,Stayed,0.20091952260122248,0.7990804773987775
41665,Stayed,0.37277338752625233,0.6272266124737477
49494,Left,0.5222736142268636,0.4777263857731365
29848,Left,0.8741146381203333,0.1258853618796667
72075,Stayed,0.4270216380798788,0.5729783619201212
41045,Left,0.6853036420515464,0.3146963579484537
55959,Left,0.6615412859088353,0.3384587140911647
52579,Left,0.8653139690725438,0.1346860309274562
73528,Stayed,0.2459434597039868,0.7540565402960132
73488,Stayed,0.4639838641765436,0.5360161358234564
72116,Stayed,0.4752690932494874,0.5247309067505126
19617,Left,0.7009002652924217,0.2990997347075783
28946,Left,0.6487683601353671,0.35123163986463296
20508,Left,0.7936741369160052,0.20632586308399486
7174,Left,0.7067294553593453,0.2932705446406548
14528,Left,0.5754932094376582,0.42450679056234175
28383,Left,0.9633190072503008,0.03668099274969916
64497,Left,0.6958285296558369,0.3041714703441631
37728,Left,0.7613902429860719,0.23860975701392803
55501,Left,0.5195464750251129,0.4804535249748872
45081,Stayed,0.13422752919437553,0.8657724708056245
59638,Stayed,0.06258882234337115,0.9374111776566288
35204,Left,0.96950594250389,0.030494057496110012
44503,Stayed,0.03747047364901823,0.9625295263509818
9054,Stayed,0.056072424066548,0.943927575933452
9060,Stayed,0.15906972359946203,0.840930276400538
67182,Stayed,0.42882853684442424,0.5711714631555758
6466,Stayed,0.10498174431253626,0.8950182556874637
12787,Stayed,0.1416811006680616,0.8583188993319384
26848,Left,0.926225321233805,0.07377467876619505
6914,Stayed,0.20831267124192165,0.7916873287580783
69877,Stayed,0.22141917148122692,0.7785808285187731
51020,Stayed,0.2095633232399967,0.7904366767600033
42100,Left,0.6312192466651716,0.3687807533348284
34954,Left,0.6962589896141524,0.3037410103858476
37275,Left,0.9430123401554574,0.05698765984454252
52151,Stayed,0.3473968821336164,0.6526031178663836
9031,Left,0.7082843947619099,0.29171560523809015
7824,Left,0.7201792014625295,0.2798207985374705
60225,Left,0.7944634096829376,0.20553659031706242
14442,Left,0.7488342246416549,0.25116577535834506
29232,Left,0.9354168751575991,0.06458312484240092
30077,Stayed,0.07772874049383993,0.9222712595061601
41567,Left,0.6697363987418083,0.3302636012581917
44480,Stayed,0.0041810935978856545,0.9958189064021143
20981,Left,0.7775212082509412,0.22247879174905885
13928,Stayed,0.11181542455982585,0.8881845754401742
69758,Left,0.6112514298412683,0.38874857015873165
30701,Stayed,0.3917437381639227,0.6082562618360773
32087,Left,0.872518268057642,0.12748173194235804
55423,Left,0.6594844175941672,0.3405155824058328
70884,Left,0.7494047654093282,0.2505952345906718
4801,Stayed,0.464585233346025,0.535414766653975
55576,Stayed,0.03750458403593904,0.962495415964061
48856,Stayed,0.07099240548365937,0.9290075945163406
19973,Left,0.8429246132349548,0.15707538676504515
60504,Stayed,0.3589244569425515,0.6410755430574485
31205,Left,0.8372772485325858,0.16272275146741422
36607,Stayed,0.47070972258242394,0.5292902774175761
20208,Left,0.5781459700208762,0.4218540299791238
48237,Left,0.7089411317203593,0.2910588682796407
35971,Stayed,0.37310802100527174,0.6268919789947283
61278,Stayed,0.059495459221526326,0.9405045407784737
28800,Stayed,0.08157192772984834,0.9184280722701517
17238,Stayed,0.08553738766540953,0.9144626123345905
64989,Stayed,0.3950735352591317,0.6049264647408683
11201,Left,0.8717836014860874,0.12821639851391264
11125,Stayed,0.33299807069394594,0.6670019293060541
64588,Stayed,0.08004900916284807,0.9199509908371519
10418,Left,0.8385123899769749,0.16148761002302514
26788,Stayed,0.08199088540503219,0.9180091145949678
26243,Left,0.6939611327560606,0.3060388672439393
42457,Stayed,0.30240741594287224,0.6975925840571278
33534,Stayed,0.2132811040870839,0.7867188959129161
30154,Left,0.7931053145781952,0.20689468542180484
41332,Left,0.852216824652753,0.14778317534724705
20504,Left,0.5307875619254181,0.4692124380745819
72920,Stayed,0.35871066257784445,0.6412893374221555
47492,Stayed,0.1325786757730506,0.8674213242269494
23013,Stayed,0.3220850091289301,0.6779149908710699
43986,Stayed,0.3479365479834443,0.6520634520165557
52378,Left,0.8631008492049528,0.13689915079504722
31726,Left,0.9227693898073398,0.07723061019266021
61855,Left,0.7263422874342956,0.27365771256570437
70912,Left,0.833246908419931,0.16675309158006899
54785,Left,0.7611811377400519,0.23881886225994803
14312,Stayed,0.47905247811144036,0.5209475218885596
6482,Stayed,0.43593926376984904,0.564060736230151
42761,Left,0.9252691526583575,0.07473084734164248
60830,Stayed,0.4129571030867214,0.5870428969132786
31986,Left,0.8000624264477161,0.19993757355228392
61124,Stayed,0.26738172756952805,0.732618272430472
25221,Left,0.8366988114947909,0.1633011885052092
66850,Left,0.5386618062988773,0.4613381937011227
6706,Left,0.6447573602761033,0.3552426397238967
15248,Left,0.7782246748478128,0.22177532515218723
51383,Stayed,0.12909676090550826,0.8709032390944917
24302,Left,0.7182744933568868,0.28172550664311324
72407,Stayed,0.3643238067819201,0.6356761932180799
28436,Stayed,0.07821424469362304,0.921785755306377
61490,Stayed,0.3362680317116785,0.6637319682883215
24555,Left,0.5620098142966047,0.4379901857033953
36926,Stayed,0.2016594241805374,0.7983405758194626
61991,Stayed,0.23804472520899211,0.7619552747910079
72556,Stayed,0.3283517047570098,0.6716482952429902
1932,Stayed,0.3192167055281121,0.6807832944718879
64764,Left,0.8127142037391185,0.18728579626088152
59918,Stayed,0.16859290680036532,0.8314070931996347
5580,Stayed,0.4926127157213367,0.5073872842786633
27025,Left,0.7624974822852081,0.2375025177147919
36256,Left,0.9103728357765046,0.0896271642234954
22953,Stayed,0.023361146655645593,0.9766388533443544
16790,Left,0.8491755067885474,0.15082449321145258
65332,Stayed,0.06647252781934199,0.933527472180658
22086,Left,0.604788601267203,0.395211398732797
37701,Stayed,0.09192359594936172,0.9080764040506383
62653,Stayed,0.14041209238705032,0.8595879076129497
41627,Left,0.5430511092089918,0.45694889079100826
28363,Stayed,0.4319831106343206,0.5680168893656794
37914,Left,0.6613031473939326,0.3386968526060674
27903,Stayed,0.07871145271739399,0.921288547282606
44273,Left,0.7533215447114927,0.24667845528850732
65402,Stayed,0.3762758548842139,0.6237241451157861
67442,Left,0.911461370699887,0.088538629300113
48347,Left,0.7551932115206915,0.24480678847930845
99,Left,0.915488629935934,0.08451137006406598
51226,Left,0.5160040541675995,0.48399594583240046
15400,Stayed,0.1127104859217557,0.8872895140782443
11260,Left,0.834988260701924,0.16501173929807603
66050,Stayed,0.0638654796506708,0.9361345203493292
20231,Stayed,0.1549249347350412,0.8450750652649588
2917,Stayed,0.241944215848096,0.758055784151904
1785,Left,0.6578244360315623,0.34217556396843773
73387,Left,0.9132896699925174,0.08671033000748267
25901,Left,0.9177924493968876,0.08220755060311233
5059,Left,0.6274710485693296,0.37252895143067044
6737,Stayed,0.3243537200397074,0.6756462799602926
45933,Left,0.7279730654056777,0.27202693459432226
70580,Stayed,0.1907382714829403,0.8092617285170597
38847,Left,0.8604154063749677,0.1395845936250323
46450,Left,0.9866313445014686,0.013368655498531404
63895,Stayed,0.34511021523635044,0.6548897847636496
42082,Stayed,0.2944246422503304,0.7055753577496696
23531,Left,0.7651859080664047,0.23481409193359523
63078,Left,0.7274519861712019,0.2725480138287981
14366,Left,0.6860626074082327,0.31393739259176734
48363,Stayed,0.04876447358948399,0.951235526410516
32678,Left,0.5834724258655384,0.4165275741344617
54234,Left,0.8718530020826851,0.12814699791731493
49016,Left,0.8271300599279073,0.17286994007209264
47282,Left,0.8751306985365885,0.12486930146341141
39853,Left,0.9272169793889606,0.07278302061103932
35952,Stayed,0.36543507790579344,0.6345649220942066
19014,Left,0.6207622410609316,0.3792377589390684
18111,Left,0.8462617929964789,0.15373820700352112
5006,Stayed,0.33192457711145207,0.6680754228885479
8019,Stayed,0.40546585230281096,0.594534147697189
9773,Stayed,0.15164297970624685,0.8483570202937532
74271,Stayed,0.31759387902185776,0.6824061209781422
56861,Stayed,0.05338363510276434,0.9466163648972357
4599,Stayed,0.24631813176260453,0.7536818682373955
55868,Left,0.9715261483261289,0.028473851673871113
32293,Stayed,0.455957688085151,0.544042311914849
25694,Left,0.8284408527452578,0.17155914725474214
32745,Stayed,0.33519838498244114,0.6648016150175589
48415,Stayed,0.06468183598701016,0.9353181640129898
64099,Left,0.7669137338296578,0.2330862661703422
5115,Left,0.8011771429968688,0.19882285700313115
15236,Left,0.7955835079221005,0.2044164920778995
26088,Left,0.5741441833368619,0.42585581666313804
73075,Stayed,0.16913568927028344,0.8308643107297166
34907,Stayed,0.43255883658020755,0.5674411634197924
54102,Left,0.792585583620593,0.20741441637940705
18025,Left,0.6848895795777517,0.31511042042224835
27089,Left,0.8765214824911234,0.12347851750887667
22990,Stayed,0.20576159216031498,0.794238407839685
22446,Stayed,0.3695042263311291,0.6304957736688709
42977,Stayed,0.4343604007097539,0.5656395992902461
57675,Stayed,0.2583935802582953,0.7416064197417047
59758,Left,0.7348530317237811,0.2651469682762188
1335,Stayed,0.4227880831851101,0.5772119168148899
25810,Stayed,0.13549573232508272,0.8645042676749173
40968,Left,0.8909310399993603,0.10906896000063973
30984,Left,0.8887247610767809,0.1112752389232191
14010,Stayed,0.23871248389340538,0.7612875161065946
55807,Left,0.517910530460554,0.4820894695394459
6380,Left,0.7613459393422735,0.23865406065772657
35462,Stayed,0.18261146852512666,0.8173885314748733
73624,Stayed,0.4836048330436903,0.5163951669563097
15726,Stayed,0.08233757133492203,0.917662428665078
57629,Stayed,0.0023048704657847585,0.9976951295342152
31422,Stayed,0.1400429284825323,0.8599570715174677
12294,Stayed,0.03514038363115635,0.9648596163688437
33351,Stayed,0.3105384355311026,0.6894615644688974
52589,Stayed,0.11682293274938793,0.8831770672506121
46520,Left,0.6774696001953001,0.3225303998046999
30245,Left,0.5145531332356217,0.4854468667643783
18578,Stayed,0.3838276131424081,0.6161723868575919
69525,Stayed,0.37891042728059854,0.6210895727194015
64624,Left,0.6954684330682741,0.3045315669317259
30058,Left,0.601517126764594,0.39848287323540604
15218,Stayed,0.07860309838771629,0.9213969016122837
23966,Stayed,0.038444063304068576,0.9615559366959314
38909,Left,0.8994123397152978,0.10058766028470217
60244,Stayed,0.3844202351659951,0.6155797648340049
4516,Stayed,0.24388950927741104,0.756110490722589
72039,Left,0.852175248503886,0.14782475149611396
22918,Left,0.5936557357212038,0.40634426427879616
61564,Left,0.9361438223676986,0.0638561776323015
30460,Stayed,0.4886925016441813,0.5113074983558187
3404,Stayed,0.14676103892644876,0.8532389610735512
6593,Stayed,0.26136745866203903,0.738632541337961
57356,Stayed,0.19755411946143497,0.802445880538565
57213,Left,0.8455795803986531,0.15442041960134686
9170,Stayed,0.12666204918406454,0.8733379508159355
17847,Stayed,0.07386897409044302,0.926131025909557
26319,Stayed,0.34380674389981836,0.6561932561001816
46115,Left,0.8277927388778386,0.1722072611221615
71470,Stayed,0.38105923120415275,0.6189407687958473
30477,Stayed,0.057153233238782186,0.9428467667612178
54900,Stayed,0.29212760177867914,0.7078723982213209
28347,Left,0.7203899758080924,0.2796100241919076
27976,Left,0.933168630970661,0.066831369029339
13309,Left,0.7400748750943085,0.25992512490569153
62315,Left,0.9283135499202642,0.0716864500797359
52903,Left,0.5611933028624387,0.4388066971375613
44584,Stayed,0.10140410148131285,0.8985958985186872
62142,Left,0.82253654104999,0.17746345895001006
73086,Stayed,0.21790694449226622,0.7820930555077338
50847,Left,0.8450177389337833,0.15498226106621668
43760,Stayed,0.05542139907426458,0.9445786009257354
45514,Stayed,0.3641531100651879,0.6358468899348121
57190,Stayed,0.3952567216206373,0.6047432783793627
57960,Left,0.6079355998170799,0.39206440018292005
13549,Left,0.8017588868586951,0.19824111314130488
5232,Stayed,0.3641958376792469,0.6358041623207531
690,Stayed,0.29911112234639536,0.7008888776536046
24327,Stayed,0.37496369319026024,0.6250363068097398
60180,Left,0.6820948674438603,0.3179051325561398
49567,Left,0.793304963133252,0.20669503686674792
68439,Stayed,0.45508404478147724,0.5449159552185228
66738,Stayed,0.4640089749202594,0.5359910250797406
30235,Stayed,0.1460481815266731,0.8539518184733269
43524,Left,0.8922050976892605,0.10779490231073952
56165,Stayed,0.34145512019340807,0.6585448798065919
59134,Left,0.8207666365093743,0.1792333634906257
53810,Stayed,0.10589888769141342,0.8941011123085866
12108,Stayed,0.4469672173476551,0.5530327826523449
14278,Left,0.8857140117031352,0.11428598829686479
28745,Stayed,0.3827843204117606,0.6172156795882394
73331,Left,0.8157916221635108,0.18420837783648927
7061,Stayed,0.06716377280584762,0.9328362271941524
54405,Stayed,0.17855002309993628,0.8214499769000637
6399,Left,0.8159040115470464,0.1840959884529536
15823,Stayed,0.3571566381227643,0.6428433618772357
26104,Left,0.5296381179819595,0.4703618820180405
4544,Left,0.6417784325275298,0.35822156747247025
48117,Left,0.6813681900565238,0.3186318099434762
10167,Stayed,0.0646995093007281,0.9353004906992719
31229,Stayed,0.10625558912039501,0.893744410879605
47570,Left,0.7125120871746154,0.28748791282538455
27298,Stayed,0.25815225751187176,0.7418477424881282
48484,Stayed,0.2514348296141915,0.7485651703858085
70471,Left,0.781731638632914,0.21826836136708602
62269,Stayed,0.2877621986939206,0.7122378013060794
35602,Stayed,0.3251746210937493,0.6748253789062507
1040,Left,0.587897867284817,0.4121021327151831
14002,Left,0.7683208426643583,0.2316791573356417
71396,Left,0.5981643427603573,0.4018356572396426
44916,Stayed,0.19961114176481676,0.8003888582351832
13512,Left,0.5505056306944206,0.4494943693055794
23301,Left,0.6649921926064175,0.3350078073935825
53779,Left,0.5490239121260598,0.4509760878739402
48860,Left,0.6305196108837303,0.3694803891162696
20878,Stayed,0.11004258657140176,0.8899574134285982
74400,Left,0.7568447690114073,0.24315523098859268
70026,Stayed,0.19979264418764597,0.800207355812354
74424,Stayed,0.06984731293395485,0.9301526870660451
46084,Stayed,0.3512177428013945,0.6487822571986055
5804,Left,0.76298790763941,0.23701209236058993
54818,Left,0.7314634769124518,0.26853652308754816
3863,Stayed,0.3408325119801646,0.6591674880198354
67347,Left,0.7935679633193863,0.20643203668061375
26911,Left,0.6703932437203388,0.32960675627966113
71639,Stayed,0.11159799269525905,0.888402007304741
67704,Left,0.7528934466378988,0.2471065533621012
74220,Stayed,0.021127055999555444,0.9788729440004446
59088,Left,0.8657937351369235,0.1342062648630765
5361,Stayed,0.2528759275283018,0.7471240724716982
57137,Stayed,0.2832862500681137,0.7167137499318863
54536,Stayed,0.2061680755701476,0.7938319244298524
31879,Left,0.8843368157160802,0.11566318428391978
61625,Stayed,0.03733912650342497,0.962660873496575
28359,Stayed,0.4202655990045371,0.5797344009954629
20629,Left,0.9743758759424955,0.025624124057504423
39217,Stayed,0.4593153697854214,0.5406846302145786
21407,Left,0.7251027902117995,0.2748972097882006
27710,Stayed,0.2519640973628601,0.7480359026371399
23142,Stayed,0.052451610578194585,0.9475483894218054
25691,Stayed,0.011884138396644595,0.9881158616033554
27583,Stayed,0.08213859011068048,0.9178614098893195
14075,Stayed,0.07386003610928116,0.9261399638907188
50843,Stayed,0.39099134545718206,0.6090086545428179
2181,Stayed,0.020569886261197712,0.9794301137388023
19603,Left,0.6802729008306949,0.31972709916930503
872,Stayed,0.32812902916277054,0.6718709708372295
49239,Left,0.7345549243382364,0.26544507566176356
27596,Left,0.5095873874116728,0.49041261258832725
71562,Left,0.8966874987297644,0.10331250127023556
13437,Stayed,0.2949946739314001,0.7050053260685999
51644,Stayed,0.064251662187358,0.935748337812642
52035,Left,0.6278072416430236,0.3721927583569764
12792,Left,0.933624597332534,0.06637540266746604
59970,Left,0.9127361299835814,0.08726387001641855
43864,Stayed,0.23446991256438732,0.7655300874356127
47421,Stayed,0.2206673206122043,0.7793326793877957
53611,Stayed,0.45850618098076135,0.5414938190192387
73327,Stayed,0.2606823925579226,0.7393176074420774
62129,Left,0.8868922445774642,0.11310775542253583
28575,Left,0.7720356026491861,0.2279643973508139
30549,Stayed,0.34904336442250805,0.650956635577492
65956,Stayed,0.11579424862421939,0.8842057513757806
54736,Stayed,0.42899367344193506,0.5710063265580649
613,Stayed,0.20094380226955333,0.7990561977304467
47967,Left,0.7820853201630931,0.217914679836907
47352,Left,0.9372726089160656,0.06272739108393446
47770,Stayed,0.07229001461907758,0.9277099853809224
11714,Stayed,0.3371150658514964,0.6628849341485036
38610,Left,0.9779495393048441,0.02205046069515589
65475,Left,0.507532414570255,0.492467585429745
4870,Stayed,0.16678907045956592,0.8332109295404341
71506,Left,0.8589616994540631,0.1410383005459369
46185,Left,0.7704310758203063,0.22956892417969368
9267,Left,0.7333981781868926,0.2666018218131074
6527,Left,0.7851641143251039,0.2148358856748961
35478,Left,0.5372178686918383,0.4627821313081617
58291,Stayed,0.4174315101284951,0.5825684898715049
26346,Left,0.8755400824044176,0.1244599175955824
57271,Left,0.683423089696805,0.31657691030319507
3209,Left,0.6374897944036504,0.36251020559634956
71993,Stayed,0.44693070278398295,0.553069297216017
66712,Stayed,0.4810182218643497,0.5189817781356503
67744,Left,0.6636863383933417,0.3363136616066583
7653,Stayed,0.20557073240599544,0.7944292675940046
32171,Left,0.51527625200994,0.48472374799006
35915,Stayed,0.19312999784853968,0.8068700021514603
27860,Stayed,0.2802818656883176,0.7197181343116824
33220,Stayed,0.0346853397223853,0.9653146602776147
35784,Stayed,0.3003914691493963,0.6996085308506037
1183,Stayed,0.29158030288741243,0.7084196971125876
18503,Stayed,0.24043389994477327,0.7595661000552267
33916,Left,0.7012325345677088,0.2987674654322911
35449,Stayed,0.38865921841634155,0.6113407815836585
35035,Stayed,0.316959882238811,0.683040117761189
1762,Stayed,0.08372068230768814,0.9162793176923119
33409,Left,0.7419476859631915,0.25805231403680845
70670,Left,0.744643814544646,0.255356185455354
43490,Left,0.7297479587782404,0.2702520412217596
32862,Left,0.8231690011047895,0.1768309988952105
32660,Stayed,0.389580674385252,0.610419325614748
43551,Stayed,0.4011401642726705,0.5988598357273295
17597,Stayed,0.05307570581904908,0.9469242941809509
25140,Stayed,0.2124612420425842,0.7875387579574158
28432,Left,0.5867778746697558,0.41322212533024416
1818,Left,0.892754100595581,0.10724589940441898
52411,Stayed,0.07237488663742764,0.9276251133625724
46969,Left,0.7730785489362124,0.22692145106378753
72206,Left,0.6730087148873738,0.3269912851126262
45509,Stayed,0.35093112750588307,0.6490688724941169
7607,Left,0.9227664763328091,0.07723352366719091
54475,Left,0.7913978647028298,0.2086021352971702
19173,Left,0.8153996583667195,0.1846003416332805
33839,Left,0.6392097318856739,0.36079026811432613
59975,Stayed,0.2323690013390024,0.7676309986609976
57702,Stayed,0.49963215807597117,0.5003678419240288
22474,Left,0.8339279619284834,0.16607203807151655
32082,Stayed,0.15211150476017132,0.8478884952398287
12914,Left,0.5670061208522109,0.4329938791477891
20102,Stayed,0.16306317330015285,0.8369368266998471
24866,Left,0.6219719882689614,0.37802801173103856
62657,Stayed,0.19947165547662693,0.8005283445233731
21241,Left,0.5672318816190249,0.43276811838097506
36355,Left,0.6357967770170534,0.36420322298294655
72211,Left,0.7742173153769243,0.22578268462307577
10802,Left,0.9742298184152958,0.02577018158470419
68703,Stayed,0.35931492714044655,0.6406850728595535
56858,Stayed,0.09248306647600857,0.9075169335239914
64392,Stayed,0.39778269220549,0.60221730779451
71942,Left,0.723253472556521,0.276746527443479
40791,Stayed,0.32118602817994124,0.6788139718200588
40378,Stayed,0.3212740853271949,0.6787259146728051
51571,Left,0.9025017292843849,0.09749827071561516
34773,Stayed,0.4588233237120869,0.5411766762879131
47827,Stayed,0.1945851110762039,0.8054148889237961
41527,Left,0.6188607152035213,0.3811392847964787
2719,Stayed,0.03988482460469989,0.9601151753953001
66387,Stayed,0.2246814397313074,0.7753185602686926
23296,Stayed,0.45053841939620043,0.5494615806037996
33394,Left,0.7091210939989936,0.29087890600100635
28702,Stayed,0.48328539171052376,0.5167146082894762
897,Left,0.5496949222000234,0.45030507779997664
70331,Left,0.8611169176833429,0.1388830823166571
20437,Stayed,0.35932196349244816,0.6406780365075518
35962,Stayed,0.09758438972345762,0.9024156102765424
69276,Left,0.9338874609485867,0.06611253905141336
58616,Stayed,0.1230307521650944,0.8769692478349056
66601,Left,0.9761062688623031,0.023893731137696838
63873,Stayed,0.27163813965894656,0.7283618603410534
36372,Stayed,0.26707437384428845,0.7329256261557116
56825,Stayed,0.33181301323991874,0.6681869867600813
64852,Left,0.8360142804024302,0.16398571959756986
6002,Stayed,0.1535480054767251,0.8464519945232749
48830,Stayed,0.3579328930660506,0.6420671069339494
44546,Stayed,0.4692789387885651,0.5307210612114349
50374,Stayed,0.10480090985991042,0.8951990901400896
64724,Left,0.5270877619551992,0.4729122380448007
5326,Stayed,0.27854200089658154,0.7214579991034185
53663,Left,0.5434356562024093,0.4565643437975907
23523,Stayed,0.0894623012915472,0.9105376987084528
482,Left,0.8137740639487328,0.18622593605126728
29705,Stayed,0.1562961731524447,0.8437038268475553
19056,Stayed,0.1447041789207092,0.8552958210792908
51392,Left,0.5052491814535538,0.49475081854644626
69218,Left,0.7028537306585323,0.29714626934146765
71544,Left,0.7238106765839252,0.27618932341607483
17251,Stayed,0.2995139816437442,0.7004860183562558
32427,Left,0.9398188251083698,0.06018117489163018
17077,Left,0.9078368859764699,0.09216311402353008
12036,Left,0.9616008561712912,0.0383991438287088
64163,Left,0.6364260277503291,0.363573972249671
42246,Left,0.5834509931650903,0.4165490068349097
7487,Stayed,0.03225696668420974,0.9677430333157903
16051,Stayed,0.20566731420340711,0.7943326857965929
53276,Left,0.7749565676965701,0.22504343230342996
55202,Stayed,0.09892794798627402,0.901072052013726
8307,Stayed,0.3284943056290922,0.6715056943709078
3873,Stayed,0.2345309314366658,0.7654690685633342
15683,Stayed,0.18830642271160758,0.8116935772883924
47788,Stayed,0.22528154366442354,0.7747184563355765
21333,Stayed,0.4799683667895652,0.5200316332104348
223,Left,0.9376938767663554,0.062306123233644636
72269,Stayed,0.22365389890825926,0.7763461010917407
46094,Left,0.6609385545106453,0.3390614454893547
57405,Left,0.6322400882821598,0.36775991171784017
24849,Left,0.8304225677673004,0.1695774322326996
36212,Left,0.9530676285092168,0.0469323714907832
7520,Stayed,0.09003097204712907,0.9099690279528709
5602,Stayed,0.08267342598676852,0.9173265740132315
12335,Left,0.8636345294649652,0.13636547053503478
43480,Stayed,0.30491791765993825,0.6950820823400617
20155,Stayed,0.2009210854802932,0.7990789145197068
49882,Left,0.5633986384652725,0.4366013615347275
32476,Left,0.6980305421048776,0.30196945789512236
28857,Stayed,0.4522486522186986,0.5477513477813014
51913,Stayed,0.46374895016720163,0.5362510498327984
40217,Left,0.8988867952204485,0.10111320477955157
45893,Stayed,0.45695871180585623,0.5430412881941438
4329,Left,0.6586200416953165,0.3413799583046835
1679,Left,0.9165431107728034,0.08345688922719663
46250,Left,0.8697883473412076,0.1302116526587924
35927,Left,0.6105852871886538,0.3894147128113462
12190,Left,0.5730007888295763,0.4269992111704237
66342,Stayed,0.032904303203302065,0.9670956967966979
33630,Stayed,0.4477787724550083,0.5522212275449917
63245,Left,0.9191500993431225,0.08084990065687747
41001,Left,0.966345090966654,0.03365490903334597
14705,Left,0.8237649844792595,0.17623501552074053
20073,Left,0.6981709487329582,0.30182905126704185
44963,Left,0.6171367047412112,0.3828632952587888
33490,Left,0.8756951402953982,0.12430485970460184
73468,Left,0.5250872595047931,0.4749127404952069
67906,Stayed,0.4386327285782652,0.5613672714217348
55291,Left,0.9220008961796725,0.07799910382032747
53076,Left,0.5715018604784659,0.4284981395215341
39800,Stayed,0.29384201747331395,0.706157982526686
5860,Stayed,0.2667840102771333,0.7332159897228667
61702,Stayed,0.2695279788457875,0.7304720211542125
6076,Left,0.7510425763821025,0.2489574236178975
54103,Left,0.9809626324445067,0.01903736755549332
47947,Stayed,0.0774699012772897,0.9225300987227103
50150,Stayed,0.28900783097772276,0.7109921690222772
53574,Stayed,0.3188898536730932,0.6811101463269068
44252,Left,0.9784355952525152,0.021564404747484778
20575,Stayed,0.4295555139825168,0.5704444860174832
67877,Stayed,0.22733778840256647,0.7726622115974335
60085,Left,0.5183026332437306,0.4816973667562694
3778,Left,0.9090143167059089,0.09098568329409103
44890,Stayed,0.08450636063575767,0.9154936393642423
1222,Left,0.7063116678965307,0.29368833210346934
69111,Stayed,0.08533524513003254,0.9146647548699675
12422,Stayed,0.49850178032969705,0.501498219670303
41988,Stayed,0.04553320912677272,0.9544667908732273
71353,Stayed,0.41466941777217503,0.585330582227825
21593,Left,0.8281201810911336,0.17187981890886636
61489,Left,0.7345447915354951,0.2654552084645049
43175,Left,0.5410918279395551,0.4589081720604449
33813,Left,0.689171494087398,0.310828505912602
27343,Stayed,0.32285858581578686,0.6771414141842131
54348,Left,0.9105180175470832,0.08948198245291679
57228,Left,0.7005124767563573,0.2994875232436427
6876,Left,0.60573159364114,0.39426840635886
31334,Left,0.6903149993202402,0.30968500067975985
16157,Stayed,0.4195280864740797,0.5804719135259203
28584,Left,0.7386675540387724,0.26133244596122757
25637,Left,0.5721217892279957,0.4278782107720043
52795,Stayed,0.29897562249856946,0.7010243775014305
28034,Left,0.5037991407383133,0.4962008592616867
62601,Stayed,0.05900796363352545,0.9409920363664745
61641,Stayed,0.351296583084034,0.648703416915966
51778,Left,0.9689380826182376,0.03106191738176242
4249,Left,0.8366929867407669,0.1633070132592331
34460,Stayed,0.057021168079125384,0.9429788319208746
23880,Left,0.7280959262432094,0.27190407375679054
7846,Left,0.8917627555443329,0.10823724445566711
55924,Stayed,0.18232030405069,0.81767969594931
63394,Stayed,0.33588814410898293,0.6641118558910171
29920,Left,0.6316942212578098,0.3683057787421902
46378,Stayed,0.33580218280359353,0.6641978171964065
39003,Left,0.9162313049472195,0.08376869505278048
65358,Stayed,0.36343687534001534,0.6365631246599847
16731,Stayed,0.09608259181009815,0.9039174081899018
6233,Left,0.8979928878951576,0.10200711210484237
18505,Left,0.6920517857716713,0.3079482142283288
33789,Left,0.5611208841261384,0.4388791158738617
35677,Stayed,0.36223464204831024,0.6377653579516898
44115,Stayed,0.12384827920969543,0.8761517207903046
7719,Stayed,0.30911880293151617,0.6908811970684838
544,Left,0.8122455372014871,0.1877544627985129
50341,Stayed,0.02768332572627985,0.9723166742737201
7970,Stayed,0.15219980585843962,0.8478001941415604
65922,Left,0.7286011265475595,0.2713988734524405
60107,Left,0.9605740682936061,0.03942593170639383
809,Stayed,0.4098712457048419,0.5901287542951581
15727,Stayed,0.37648035307705174,0.6235196469229483
42073,Left,0.6466309077857162,0.3533690922142838
38367,Stayed,0.48950107017931166,0.5104989298206883
5538,Left,0.9192728159262871,0.08072718407371293
64804,Stayed,0.27632436150736983,0.7236756384926302
56360,Left,0.5331837196191318,0.4668162803808682
35881,Left,0.5203223341741009,0.4796776658258991
63635,Left,0.7249656291609454,0.27503437083905463
16040,Left,0.9259951261830424,0.0740048738169576
44673,Left,0.7538047258425504,0.24619527415744957
51492,Left,0.896291784002578,0.10370821599742194
35834,Left,0.6978302649603925,0.3021697350396076
65674,Stayed,0.1505020848289209,0.8494979151710791
4250,Stayed,0.10792932346056872,0.8920706765394313
7341,Stayed,0.371995872580266,0.628004127419734
2619,Stayed,0.27747655100891255,0.7225234489910874
8627,Left,0.5900695854707112,0.40993041452928874
64890,Stayed,0.3531860277268576,0.6468139722731424
65363,Left,0.625181386633831,0.37481861336616895
10241,Stayed,0.10897031372601185,0.8910296862739882
17057,Left,0.6458030066622231,0.3541969933377768
9662,Stayed,0.3377230674539805,0.6622769325460195
1466,Left,0.6353089849487622,0.3646910150512378
7666,Left,0.5786313025657694,0.4213686974342305
37643,Left,0.8724728621968685,0.1275271378031315
38129,Stayed,0.06617756965697252,0.9338224303430275
45485,Left,0.6093551276576248,0.39064487234237527
58665,Stayed,0.22924772917204073,0.7707522708279593
3236,Stayed,0.30064782178285754,0.6993521782171425
58315,Stayed,0.026135442503886552,0.9738645574961134
3368,Left,0.5850289808040166,0.4149710191959834
54904,Left,0.7561496127216429,0.24385038727835706
53249,Stayed,0.23687159284955206,0.7631284071504479
21906,Left,0.731621247036935,0.26837875296306507
71895,Stayed,0.45292023818190386,0.5470797618180961
31936,Left,0.606579854623651,0.39342014537634895
29770,Stayed,0.3361196559212941,0.6638803440787059
19017,Stayed,0.021603550668284455,0.9783964493317155
45093,Left,0.7618184000052945,0.23818159999470545
52337,Left,0.86945163008075,0.13054836991924995
162,Stayed,0.4685332989908091,0.5314667010091909
59294,Left,0.8787991676668623,0.1212008323331377
12803,Left,0.6138458066967012,0.38615419330329886
57941,Stayed,0.3550377970077012,0.6449622029922988
54754,Stayed,0.26868751971629146,0.7313124802837085
71128,Stayed,0.07953864459342852,0.9204613554065715
5474,Left,0.8905899675200019,0.10941003247999814
30726,Stayed,0.15891441887267166,0.8410855811273283
5135,Left,0.6043091147149322,0.39569088528506785
57178,Stayed,0.38746302360149887,0.6125369763985011
37021,Left,0.8298407696003833,0.17015923039961667
31919,Left,0.7133628090407842,0.2866371909592158
43293,Left,0.8523760922329529,0.1476239077670472
9102,Stayed,0.47025132096720756,0.5297486790327924
66287,Left,0.5727735622825422,0.42722643771745783
68190,Stayed,0.24448587722618242,0.7555141227738176
25797,Left,0.8407178867184324,0.15928211328156758
23929,Left,0.551292336125242,0.448707663874758
53204,Stayed,0.31980824642116223,0.6801917535788378
59925,Stayed,0.43967602280156903,0.560323977198431
48825,Stayed,0.069774765335753,0.930225234664247
35156,Stayed,0.3282863608426069,0.6717136391573931
58897,Stayed,0.4371922392326256,0.5628077607673744
60298,Left,0.5183418109739184,0.48165818902608165
63338,Stayed,0.054694497655663143,0.9453055023443369
70601,Left,0.8623179657252715,0.13768203427472847
44336,Left,0.7706493059505007,0.2293506940494993
52324,Left,0.8628294480890413,0.13717055191095873
26923,Left,0.6083429687679957,0.39165703123200435
14819,Stayed,0.40983006317841,0.59016993682159
30705,Stayed,0.03333235027408821,0.9666676497259118
4999,Left,0.5095598308975755,0.4904401691024245
25530,Left,0.956477367232627,0.04352263276737301
33196,Left,0.8353306177397526,0.1646693822602474
49671,Stayed,0.47287248014787275,0.5271275198521272
50914,Left,0.850710214343867,0.14928978565613307
33214,Stayed,0.4956573276132844,0.5043426723867156
48820,Stayed,0.03501604248841761,0.9649839575115824
12332,Left,0.5530858269122398,0.44691417308776016
73146,Left,0.9132204052232777,0.08677959477672231
14422,Left,0.9098570665889488,0.0901429334110512
41687,Stayed,0.026632205191089886,0.9733677948089101
13959,Left,0.9135906449534386,0.08640935504656148
36549,Left,0.528141159911247,0.471858840088753
61707,Left,0.5658724246964215,0.43412757530357843
45071,Left,0.9627236608097101,0.03727633919028993
12396,Stayed,0.04825434584184218,0.9517456541581578
26006,Left,0.5462220947904364,0.4537779052095636
22129,Left,0.7752165179142914,0.22478348208570864
5767,Stayed,0.2750447949309688,0.7249552050690312
25726,Stayed,0.2814646365524536,0.7185353634475464
7500,Stayed,0.1903415291060887,0.8096584708939113
40011,Stayed,0.05175898831239523,0.9482410116876048
46227,Left,0.7558101846977856,0.24418981530221442
1464,Left,0.9286342199847871,0.07136578001521286
69755,Left,0.7605233536264105,0.23947664637358942
31236,Stayed,0.03353227553519855,0.9664677244648014
12636,Stayed,0.12433444628959323,0.8756655537104068
52349,Left,0.9451602020904358,0.054839797909564204
48274,Left,0.5809516077134788,0.41904839228652124
20309,Left,0.9624981173110966,0.03750188268890338
69913,Stayed,0.20363844322766012,0.7963615567723399
24240,Left,0.9152582736633178,0.08474172633668216
48620,Stayed,0.1519042642315691,0.8480957357684309
46321,Stayed,0.4860202386238559,0.5139797613761441
48760,Left,0.5696195223672487,0.4303804776327514
13401,Stayed,0.26398910646951423,0.7360108935304858
48220,Stayed,0.15237197385217527,0.8476280261478247
15928,Left,0.8890537717346948,0.1109462282653052
6342,Stayed,0.2466714959790297,0.7533285040209703
68936,Left,0.7931935801213168,0.2068064198786832
25537,Stayed,0.4418459898549283,0.5581540101450717
2009,Left,0.7368287464485208,0.26317125355147913
5301,Left,0.8966382953249993,0.10336170467500069
50454,Stayed,0.48946577670016667,0.5105342232998333
8379,Stayed,0.23474000692157315,0.7652599930784268
41933,Stayed,0.18856919888160528,0.8114308011183947
62359,Left,0.671710085333397,0.32828991466660296
50205,Stayed,0.4822071263235652,0.5177928736764348
11077,Left,0.6196442338560989,0.3803557661439011
52413,Left,0.8761234568672676,0.12387654313273248
41441,Stayed,0.35510970068105663,0.6448902993189434
69322,Stayed,0.19220914866852112,0.8077908513314789
58538,Left,0.6890336386062013,0.3109663613937988
73870,Stayed,0.019927843328949923,0.9800721566710501
48149,Left,0.6621462214634896,0.33785377853651044
67887,Stayed,0.41208856126213145,0.5879114387378686
25087,Left,0.9198155030845871,0.08018449691541284
30265,Left,0.6537168026320512,0.3462831973679488
58729,Stayed,0.40771844481370123,0.5922815551862988
28506,Left,0.9148071181328918,0.0851928818671082
37089,Stayed,0.1823521264296547,0.8176478735703453
53984,Stayed,0.08442649521114853,0.9155735047888515
15171,Left,0.674111479200995,0.32588852079900493
16542,Stayed,0.41676846134816126,0.5832315386518387
48454,Left,0.9573296451153436,0.042670354884656404
35126,Stayed,0.09894453103647871,0.9010554689635213
21042,Left,0.9634733002866176,0.036526699713382405
16687,Left,0.649603112107079,0.350396887892921
5454,Stayed,0.16075194743193355,0.8392480525680664
46712,Stayed,0.320244348271003,0.679755651728997
20301,Stayed,0.12098928458189906,0.8790107154181009
63467,Left,0.6507184257862626,0.34928157421373746
12548,Left,0.5435685523875491,0.45643144761245086
66543,Stayed,0.14691154317108457,0.8530884568289154
38826,Left,0.511673128085204,0.4883268719147959
63899,Left,0.8222404103042111,0.1777595896957888
23840,Left,0.5947206578409339,0.4052793421590661
43450,Stayed,0.0398140923788326,0.9601859076211674
33792,Left,0.7323931103608193,0.26760688963918067
73037,Stayed,0.043871475554794204,0.9561285244452058
41449,Left,0.5081060031550513,0.4918939968449488
67578,Stayed,0.1619726765779752,0.8380273234220248
64067,Stayed,0.4042003561622962,0.5957996438377038
17891,Stayed,0.1538572676922424,0.8461427323077576
38972,Left,0.8137378225002496,0.18626217749975035
4816,Stayed,0.015228968231761897,0.9847710317682381
70837,Left,0.7359390324286005,0.2640609675713995
7843,Stayed,0.04824679855462677,0.9517532014453732
52555,Left,0.544403731827508,0.455596268172492
33699,Stayed,0.3892388624708121,0.6107611375291879
57274,Left,0.5620201215290389,0.4379798784709611
74464,Left,0.5323953085124546,0.4676046914875454
25671,Stayed,0.07582592272624389,0.9241740772737561
22689,Left,0.9833472315939855,0.01665276840601447
56217,Left,0.7855777537202331,0.21442224627976691
6195,Stayed,0.09922554492547364,0.9007744550745264
69409,Stayed,0.36803638227296753,0.6319636177270325
55913,Stayed,0.4525602823781585,0.5474397176218415
11127,Left,0.6695214007424417,0.33047859925755824
61495,Left,0.7362737847655915,0.26372621523440853
31044,Left,0.7941342051819476,0.20586579481805242
13317,Stayed,0.4940308136735464,0.5059691863264536
39489,Stayed,0.18339247393258873,0.8166075260674113
4990,Stayed,0.2590768248817059,0.7409231751182941
68292,Stayed,0.1357855882681943,0.8642144117318057
35205,Left,0.6126783899438504,0.3873216100561496
8493,Stayed,0.48381227076790034,0.5161877292320997
34673,Stayed,0.1925323256407968,0.8074676743592032
10394,Left,0.9040233781775691,0.09597662182243091
57127,Left,0.6965678830768458,0.3034321169231542
54143,Stayed,0.3950866151703225,0.6049133848296775
46399,Stayed,0.13978604866845323,0.8602139513315468
28125,Left,0.8662934172258843,0.1337065827741157
35601,Left,0.7941165181721339,0.20588348182786606
71893,Left,0.7125362402941346,0.2874637597058654
70419,Left,0.8655089982326201,0.13449100176737994
73638,Left,0.6318371697249148,0.3681628302750853
10814,Stayed,0.3029257073920696,0.6970742926079304
66937,Stayed,0.4287753470719319,0.5712246529280681
44819,Left,0.9808061199238172,0.019193880076182838
56499,Stayed,0.2188658355852129,0.7811341644147871
30552,Left,0.761957081534453,0.23804291846554707
40508,Left,0.8057918909777019,0.1942081090222981
73353,Stayed,0.0827597014534186,0.9172402985465814
50829,Stayed,0.468026333762508,0.531973666237492
66954,Left,0.97293689515435,0.027063104845650054
33835,Left,0.7523336983595468,0.2476663016404532
16118,Stayed,0.4899507337811321,0.5100492662188679
52253,Stayed,0.08220919555208361,0.9177908044479164
14019,Stayed,0.188861865221844,0.811138134778156
51916,Left,0.5892225913172473,0.41077740868275275
14555,Stayed,0.10688398061890259,0.8931160193810974
25733,Stayed,0.3865271084827939,0.6134728915172061
52667,Stayed,0.37335759695345905,0.626642403046541
60082,Left,0.7015067095056025,0.2984932904943976
2331,Stayed,0.3724168511778744,0.6275831488221256
62754,Stayed,0.1414299604352841,0.8585700395647159
22530,Stayed,0.2984883389337577,0.7015116610662423
26932,Left,0.6254224332176481,0.3745775667823518
53283,Left,0.7945906759527295,0.20540932404727053
29244,Stayed,0.3931223623398197,0.6068776376601803
2794,Left,0.8503595035538534,0.14964049644614658
36479,Left,0.8260373716302463,0.1739626283697538
6949,Left,0.5847318898459364,0.4152681101540636
72040,Stayed,0.024405520263520386,0.9755944797364796
1676,Stayed,0.41965175267634336,0.5803482473236566
29381,Left,0.5990449355217816,0.4009550644782184
69247,Left,0.9515766708148836,0.048423329185116354
40301,Stayed,0.022181934621708255,0.9778180653782917
34626,Stayed,0.41783119247134193,0.5821688075286581
15094,Left,0.8867698262291859,0.11323017377081417
22877,Stayed,0.4468356198214417,0.5531643801785583
42329,Stayed,0.026659380021848422,0.9733406199781516
11509,Stayed,0.34004510661617093,0.6599548933838291
27030,Left,0.9328742332154067,0.06712576678459323
8226,Left,0.8751600148288523,0.12483998517114768
10017,Left,0.5207076978552494,0.47929230214475055
24434,Left,0.5205134496446275,0.4794865503553724
57779,Left,0.8842297218934168,0.11577027810658319
45025,Stayed,0.18605716919395787,0.8139428308060421
27060,Left,0.8749789418915833,0.1250210581084167
4443,Stayed,0.057826347362742725,0.9421736526372573
61277,Left,0.9130562974680785,0.08694370253192157
63112,Stayed,0.3204254639784463,0.6795745360215537
29607,Left,0.8422851658064946,0.1577148341935054
68396,Stayed,0.03466079699171698,0.965339203008283
46893,Left,0.8656808488582372,0.13431915114176282
42399,Left,0.5352791962942054,0.4647208037057946
24776,Left,0.6011190162543234,0.39888098374567665
71499,Left,0.555352831800537,0.444647168199463
41640,Left,0.6035100298532907,0.39648997014670934
69473,Left,0.558520162351613,0.4414798376483871
211,Left,0.9429430210015753,0.05705697899842463
11469,Left,0.8978824913147768,0.1021175086852232
49699,Stayed,0.13089081046069395,0.869109189539306
62531,Stayed,0.0558833346373071,0.9441166653626929
30750,Left,0.5037085428273619,0.4962914571726381
10707,Stayed,0.09139317104385758,0.9086068289561424
54259,Stayed,0.08792890940189335,0.9120710905981066
45771,Stayed,0.09695117749479121,0.9030488225052088
48901,Left,0.6227079959303455,0.37729200406965446
45625,Stayed,0.08031413512608576,0.9196858648739142
25787,Stayed,0.4571121407068027,0.5428878592931973
36668,Left,0.7052231972867067,0.29477680271329326
14494,Stayed,0.3115731842259468,0.6884268157740532
42167,Stayed,0.34452356443507326,0.6554764355649267
59095,Left,0.5654297095843396,0.4345702904156604
67422,Left,0.5489841709808216,0.4510158290191783
66955,Stayed,0.18279673429590826,0.8172032657040917
34668,Stayed,0.17300411597351617,0.8269958840264838
19244,Left,0.5243365032655265,0.47566349673447356
59161,Left,0.6803944122167477,0.3196055877832523
21083,Stayed,0.34392710367847756,0.6560728963215224
59313,Stayed,0.2568791977327971,0.7431208022672029
74262,Left,0.8853909519272636,0.1146090480727364
48483,Left,0.9649652791882386,0.03503472081176135
46834,Left,0.8969600310460786,0.10303996895392141
42807,Stayed,0.11386583612128798,0.886134163878712
17902,Left,0.5184830442211121,0.4815169557788878
13978,Left,0.7910978060529364,0.20890219394706352
38985,Stayed,0.46973458340648433,0.5302654165935157
5678,Stayed,0.3622419078894432,0.6377580921105568
55862,Left,0.6329459814481191,0.36705401855188097
65004,Left,0.68125219815857,0.31874780184143
9235,Left,0.9799458105594064,0.02005418944059351
40661,Stayed,0.25309302162467484,0.7469069783753252
16809,Left,0.6364580770444334,0.36354192295556664
10902,Left,0.7955937013026417,0.2044062986973582
42540,Stayed,0.2182277133016277,0.7817722866983723
55243,Left,0.581703120774773,0.41829687922522696
14488,Left,0.8653963508150113,0.13460364918498863
45736,Stayed,0.48136360809591416,0.5186363919040858
53759,Left,0.9157686613342407,0.08423133866575928
35236,Stayed,0.25522299491814937,0.7447770050818506
61013,Left,0.5591242384895536,0.44087576151044633
42330,Stayed,0.1771839240481673,0.8228160759518327
53533,Left,0.9686391582330998,0.03136084176690019
56910,Left,0.7978113906842893,0.20218860931571067
66116,Stayed,0.43583953821731536,0.5641604617826846
22768,Stayed,0.2491786270903661,0.7508213729096339
58640,Left,0.8666639743409127,0.13333602565908728
66519,Left,0.6806662267358037,0.3193337732641964
44158,Left,0.7152160349012482,0.2847839650987518
8975,Left,0.623167027868315,0.37683297213168504
59505,Left,0.6565561366180699,0.34344386338193006
51412,Left,0.9300271196392649,0.06997288036073511
21422,Left,0.5047307486228063,0.49526925137719374
62507,Stayed,0.495583893966443,0.504416106033557
7030,Left,0.5408644497303396,0.45913555026966035
58120,Left,0.6948416596076941,0.305158340392306
40891,Stayed,0.48617793064519144,0.5138220693548086
45499,Left,0.8139636035669946,0.1860363964330054
58045,Left,0.6407450546824298,0.3592549453175702
49474,Left,0.5722068256158306,0.4277931743841695
33397,Left,0.7252617950374612,0.27473820496253876
73860,Left,0.8996451192386161,0.10035488076138392
65336,Stayed,0.25029084374374544,0.7497091562562546
65420,Stayed,0.4805639165852541,0.5194360834147459
345,Stayed,0.1965527458217866,0.8034472541782134
70149,Stayed,0.33158960763594036,0.6684103923640596
30158,Left,0.9263767869465754,0.07362321305342454
72678,Stayed,0.12348051941008142,0.8765194805899186
629,Left,0.9436616566087406,0.05633834339125941
12956,Stayed,0.14247208532497513,0.8575279146750249
36429,Stayed,0.11292392894754955,0.8870760710524505
9591,Left,0.9447400026041594,0.05525999739584068
14889,Left,0.5563931366849807,0.4436068633150193
23335,Stayed,0.3471301099501771,0.6528698900498229
11099,Left,0.6647559683092359,0.33524403169076417
21223,Stayed,0.18662659016516137,0.8133734098348386
2389,Left,0.7696685902387136,0.23033140976128638
11984,Left,0.9872776250702948,0.01272237492970515
27103,Left,0.8488619320088507,0.15113806799114926
53434,Left,0.518500837282772,0.481499162717228
16034,Stayed,0.17587055325951784,0.8241294467404822
42479,Stayed,0.4419303961451253,0.5580696038548747
28398,Stayed,0.22428196529675049,0.7757180347032495
70946,Stayed,0.22311557471506638,0.7768844252849336
38480,Stayed,0.39509745523517104,0.604902544764829
59176,Stayed,0.06245743301554085,0.9375425669844591
62027,Left,0.5317894122877629,0.46821058771223717
5842,Stayed,0.4700225234339108,0.5299774765660892
29332,Stayed,0.1384900687860111,0.8615099312139889
37990,Stayed,0.398102642757002,0.601897357242998
59207,Left,0.8485061993800089,0.15149380061999113
38423,Left,0.8513540227211784,0.14864597727882162
49865,Left,0.8117310111278373,0.18826898887216265
10951,Left,0.8552195413001511,0.14478045869984885
73222,Stayed,0.34002522944851377,0.6599747705514862
65326,Stayed,0.40066198702475275,0.5993380129752472
3565,Stayed,0.07296877731198792,0.9270312226880121
22510,Left,0.6429445432614231,0.3570554567385768
74321,Stayed,0.28261208463774057,0.7173879153622594
2236,Stayed,0.033316218096419936,0.9666837819035801
49741,Stayed,0.24345086370821822,0.7565491362917818
34620,Left,0.8922955153973537,0.10770448460264621
12929,Stayed,0.2345730040279076,0.7654269959720924
70448,Stayed,0.17141168817772945,0.8285883118222706
58077,Stayed,0.13426542587869528,0.8657345741213047
35275,Left,0.5140846594673933,0.4859153405326067
42791,Stayed,0.048944483092054236,0.9510555169079458
11920,Stayed,0.2573123749530818,0.7426876250469182
56266,Left,0.8234703126922076,0.17652968730779237
67866,Stayed,0.2083088856721742,0.7916911143278258
39671,Stayed,0.13612977514363078,0.8638702248563692
25870,Left,0.6874618225643327,0.31253817743566725
10406,Stayed,0.08156525969076445,0.9184347403092356
9058,Stayed,0.4605800715838919,0.5394199284161081
12695,Left,0.9632267312316025,0.0367732687683975
24383,Left,0.904868515862817,0.095131484137183
23964,Left,0.6293572514337813,0.37064274856621876
17148,Stayed,0.3491454184117947,0.6508545815882053
5422,Left,0.955170223469854,0.04482977653014597
56770,Stayed,0.27588199901163224,0.7241180009883678
19271,Stayed,0.4620949804042266,0.5379050195957734
813,Stayed,0.2830446165663052,0.7169553834336948
17371,Stayed,0.31131946198009586,0.6886805380199041
59663,Left,0.5921331930936402,0.40786680690635985
63491,Left,0.6969919712664492,0.30300802873355076
1002,Stayed,0.37241907448812017,0.6275809255118798
59955,Left,0.9300723673670533,0.06992763263294662
54592,Left,0.594678822920287,0.40532117707971305
52013,Left,0.6118146450064703,0.38818535499352974
1439,Stayed,0.4043591649382361,0.5956408350617639
46537,Left,0.6551998320321806,0.3448001679678194
47871,Left,0.5350934558952248,0.46490654410477517
66470,Left,0.6383695926378028,0.36163040736219715
67125,Left,0.5580651996807152,0.4419348003192848
6822,Stayed,0.24751698288450807,0.7524830171154919
56285,Left,0.9123241427047191,0.08767585729528095
15751,Stayed,0.26598013381747354,0.7340198661825265
35956,Stayed,0.005768665357717473,0.9942313346422825
51237,Left,0.5615693699806703,0.43843063001932975
50133,Left,0.7071009386733541,0.2928990613266459
9456,Left,0.6102087506731445,0.3897912493268555
8751,Left,0.9458112978695,0.0541887021305
47023,Stayed,0.4469447752241882,0.5530552247758118
4093,Left,0.8817477139416043,0.1182522860583957
10528,Stayed,0.02110117742198525,0.9788988225780147
7784,Left,0.9461203730210088,0.05387962697899113
45136,Left,0.6478723616017752,0.3521276383982248
26224,Left,0.660110673370727,0.33988932662927296
66686,Stayed,0.46338072426951993,0.5366192757304801
714,Left,0.8801018812753659,0.11989811872463405
40767,Left,0.5606017664197946,0.4393982335802053
52584,Left,0.5398466479103534,0.4601533520896466
72472,Left,0.8788976746445613,0.12110232535543872
35692,Left,0.8198362336705007,0.18016376632949926
61552,Stayed,0.42677917285080336,0.5732208271491966
61661,Left,0.9863898238360497,0.013610176163950357
17480,Left,0.7137606856223297,0.2862393143776702
16452,Left,0.7255382041252427,0.2744617958747573
60073,Left,0.7585176817163208,0.24148231828367916
58279,Left,0.8510670395951249,0.1489329604048751
12045,Stayed,0.2318217046253983,0.7681782953746017
73704,Left,0.8242353425086623,0.17576465749133774
4405,Left,0.9346133477644929,0.06538665223550709
46859,Left,0.9620755484988709,0.03792445150112916
73413,Stayed,0.36354307169935685,0.6364569283006432
15551,Left,0.9207793689299695,0.07922063107003052
18479,Stayed,0.15649835883210528,0.8435016411678947
73078,Stayed,0.4889674472655279,0.5110325527344721
49889,Left,0.7981751786996142,0.2018248213003858
28472,Stayed,0.1764024704808016,0.8235975295191984
64769,Stayed,0.47668392202322596,0.523316077976774
5090,Stayed,0.35679631872480144,0.6432036812751986
27935,Left,0.8869596301271279,0.11304036987287211
2869,Stayed,0.04440387574269633,0.9555961242573037
9412,Left,0.9577480500204384,0.04225194997956161
20497,Stayed,0.22697813806125555,0.7730218619387444
3616,Stayed,0.46500791932177643,0.5349920806782236
61520,Left,0.7667297123371052,0.2332702876628948
40764,Left,0.7200302964986574,0.2799697035013426
7593,Left,0.8870240220744293,0.11297597792557068
64555,Left,0.6988984079736376,0.3011015920263624
30335,Left,0.6466296343429812,0.3533703656570189
28459,Stayed,0.04454145692826372,0.9554585430717363
64968,Stayed,0.18889155345253517,0.8111084465474648
45828,Stayed,0.130121065788113,0.869878934211887
41708,Left,0.9181549303318608,0.08184506966813916
19760,Left,0.5713236543408025,0.42867634565919754
17421,Stayed,0.38410825346930677,0.6158917465306932
33467,Left,0.5262541396993794,0.47374586030062055
17265,Stayed,0.10743575167287434,0.8925642483271257
24057,Left,0.6267711258301218,0.3732288741698781
28679,Stayed,0.1823833975621949,0.8176166024378051
61086,Stayed,0.15736263279065155,0.8426373672093485
55063,Left,0.6675952886037992,0.3324047113962007
32654,Left,0.6399315518968705,0.36006844810312955
56120,Stayed,0.2079877343684302,0.7920122656315698
10222,Stayed,0.47094557895207323,0.5290544210479268
68017,Left,0.7675552705784707,0.23244472942152927
38860,Stayed,0.4750816101592661,0.5249183898407339
69577,Left,0.8355497469490415,0.16445025305095848
17349,Stayed,0.25349664243239023,0.7465033575676098
68563,Stayed,0.31556919991415167,0.6844308000858483
67778,Left,0.8164273390740887,0.18357266092591132
21178,Stayed,0.13235951541490332,0.8676404845850967
31206,Stayed,0.021300503382593705,0.9786994966174063
53514,Left,0.7402177773964533,0.2597822226035467
55639,Left,0.8076452370447802,0.19235476295521975
6248,Stayed,0.1578279129034278,0.8421720870965722
12082,Left,0.7352780138852347,0.2647219861147653
65428,Left,0.5612931255450034,0.43870687445499656
62242,Left,0.9283864625131459,0.07161353748685402
47268,Left,0.7458427644392019,0.25415723556079806
801,Left,0.8910252065304562,0.1089747934695437
4791,Left,0.8880388700349902,0.11196112996500984
10592,Left,0.6400880338332381,0.3599119661667619
54258,Left,0.8401428454448912,0.15985715455510885
57692,Left,0.566575023264025,0.433424976735975
37238,Stayed,0.25325254176088496,0.746747458239115
69766,Left,0.516768477046065,0.48323152295393496
1035,Stayed,0.17434483179221827,0.8256551682077817
27859,Left,0.8157434534802179,0.18425654651978207
20439,Stayed,0.36951926203731944,0.6304807379626806
53813,Stayed,0.14016372120928478,0.8598362787907152
4616,Stayed,0.1869915573494585,0.8130084426505415
13505,Stayed,0.30476956331354565,0.6952304366864543
34964,Left,0.8953317058332482,0.10466829416675187
53151,Stayed,0.46563524546775936,0.5343647545322406
37637,Stayed,0.23951378404604107,0.7604862159539589
61072,Left,0.8389743525734253,0.1610256474265747
41057,Left,0.5242754254718593,0.4757245745281406
56091,Left,0.5219502491986641,0.47804975080133594
20914,Left,0.5968460830148143,0.4031539169851856
59912,Stayed,0.019830493653263503,0.9801695063467365
3789,Left,0.7421694306658126,0.2578305693341874
63223,Stayed,0.49177690198803836,0.5082230980119616
28685,Stayed,0.37458756309942864,0.6254124369005714
43329,Left,0.5759666874447331,0.42403331255526683
2804,Stayed,0.32283512772719447,0.6771648722728055
26169,Stayed,0.21554344825251537,0.7844565517474846
45614,Left,0.8214632071738068,0.17853679282619314
32605,Stayed,0.17895887908799557,0.8210411209120044
74122,Stayed,0.3467367381369798,0.6532632618630202
30218,Left,0.7045124278323446,0.2954875721676554
30575,Left,0.7772567057335961,0.22274329426640396
9343,Stayed,0.21190170561776844,0.7880982943822316
46677,Stayed,0.17110514306167623,0.8288948569383238
52177,Left,0.7705762512623213,0.22942374873767868
34990,Stayed,0.015892105770861087,0.9841078942291389
3979,Left,0.7117786555387429,0.2882213444612572
42367,Left,0.6836414011982219,0.3163585988017781
22038,Stayed,0.49332412658368796,0.506675873416312
70439,Stayed,0.25849475224010576,0.7415052477598942
30343,Left,0.8185075462911551,0.18149245370884498
3936,Stayed,0.36621937804976024,0.6337806219502398
52227,Stayed,0.14974688801701364,0.8502531119829864
25830,Stayed,0.220927800009994,0.779072199990006
60415,Left,0.9194626207606543,0.0805373792393457
44720,Stayed,0.05930955277561334,0.9406904472243867
3855,Stayed,0.2089895722868066,0.7910104277131934
40949,Stayed,0.16684370094955203,0.833156299050448
14895,Left,0.9408809181386553,0.05911908186134472
64332,Stayed,0.16461898035529465,0.8353810196447053
71295,Left,0.5853676041853958,0.4146323958146042
57317,Stayed,0.23315288238382403,0.766847117616176
3415,Left,0.6965011624816181,0.3034988375183819
843,Stayed,0.005160110908356996,0.994839889091643
17412,Stayed,0.2115565562940569,0.7884434437059431
65965,Left,0.8060755172150391,0.1939244827849609
31274,Left,0.8166474034962146,0.18335259650378538
13702,Stayed,0.13480257581224575,0.8651974241877542
21843,Left,0.6011761650328156,0.3988238349671845
19305,Left,0.5366452751179686,0.46335472488203144
69948,Stayed,0.24956441513300787,0.7504355848669921
44034,Left,0.6875065892879806,0.31249341071201947
41258,Stayed,0.4617608834606881,0.5382391165393119
26814,Left,0.7860555294292625,0.21394447057073748
44341,Left,0.8553636360139453,0.1446363639860547
22787,Left,0.5961241347922769,0.4038758652077231
12185,Stayed,0.42376416289550345,0.5762358371044966
21899,Left,0.7549486184847413,0.24505138151525876
67177,Stayed,0.49820782987209433,0.5017921701279057
12752,Stayed,0.19674276557716086,0.8032572344228391
58130,Left,0.7014861715508354,0.2985138284491646
72065,Stayed,0.13422547478262958,0.8657745252173704
63024,Left,0.8990423256663389,0.10095767433366111
55114,Stayed,0.4240416155522727,0.5759583844477273
32947,Stayed,0.11523430702584037,0.8847656929741596
25311,Stayed,0.2311759285546715,0.7688240714453285
68123,Left,0.5871847714493117,0.4128152285506883
38022,Stayed,0.3446192842896001,0.6553807157103999
36786,Stayed,0.01045468420058071,0.9895453157994193
44686,Stayed,0.23388111939633294,0.7661188806036671
66142,Left,0.6363970508671275,0.3636029491328725
58821,Left,0.701373992859263,0.2986260071407369
19425,Left,0.7865803010650667,0.21341969893493326
66892,Left,0.6047840555364321,0.39521594446356784
64819,Stayed,0.14797977012080954,0.8520202298791905
22257,Left,0.5165843105185797,0.48341568948142033
49314,Stayed,0.3444332336534066,0.6555667663465934
31151,Stayed,0.19634996098472213,0.8036500390152779
674,Left,0.6961043530417479,0.30389564695825205
41662,Stayed,0.14355028766194766,0.8564497123380523
49534,Stayed,0.1420255157745145,0.8579744842254855
71218,Stayed,0.06474842318501628,0.9352515768149837
18094,Stayed,0.30481284207736115,0.6951871579226389
54758,Left,0.8878395429320032,0.11216045706799684
55061,Left,0.6392527792359183,0.3607472207640817
9468,Left,0.5581169875985355,0.4418830124014646
24391,Stayed,0.32087264697754636,0.6791273530224536
54198,Left,0.7233639933033077,0.2766360066966923
33164,Stayed,0.0384203698642952,0.9615796301357048
38147,Stayed,0.039682878948437694,0.9603171210515623
20904,Left,0.933868407028527,0.06613159297147303
45126,Left,0.7653273079455797,0.2346726920544203
18294,Stayed,0.357328376938876,0.642671623061124
48180,Stayed,0.3155932067371652,0.6844067932628348
50836,Left,0.8793541433201564,0.12064585667984358
3009,Stayed,0.06125115765846012,0.9387488423415399
21863,Left,0.976510673154598,0.02348932684540199
15014,Left,0.5652974802121475,0.43470251978785246
59377,Stayed,0.1611375105470706,0.8388624894529294
54566,Left,0.7500169481479424,0.24998305185205758
66460,Left,0.9453036384113249,0.054696361588675066
72404,Left,0.6406638739617705,0.35933612603822956
16107,Left,0.55759947526772,0.4424005247322799
2477,Left,0.9537159407095006,0.04628405929049934
73592,Left,0.7538214813108906,0.24617851868910942
65577,Stayed,0.474733308141985,0.525266691858015
36522,Left,0.5299845901584725,0.4700154098415274
36763,Left,0.7496365945295191,0.2503634054704808
46202,Left,0.664002496112897,0.3359975038871031
51981,Left,0.672930629195066,0.32706937080493403
52826,Stayed,0.4123304996103295,0.5876695003896705
56340,Left,0.6428483004634153,0.3571516995365847
3717,Stayed,0.3494247620326908,0.6505752379673092
39298,Left,0.5829221047733781,0.4170778952266218
5789,Stayed,0.11834575449977225,0.8816542455002278
70528,Stayed,0.05250535673676471,0.9474946432632353
23820,Stayed,0.18109901436183218,0.8189009856381678
31034,Stayed,0.47843040625797295,0.521569593742027
8312,Stayed,0.13593349288498435,0.8640665071150156
47066,Stayed,0.23010911836933057,0.7698908816306694
14464,Left,0.853215825019605,0.146784174980395
850,Left,0.5292012591525482,0.47079874084745177
50856,Stayed,0.04070279476027483,0.9592972052397252
63440,Left,0.7837597902384464,0.21624020976155356
65431,Left,0.7934432225607763,0.20655677743922374
17877,Left,0.7322545178218399,0.2677454821781601
21328,Stayed,0.27182249759319144,0.7281775024068086
6842,Left,0.6910722195730818,0.3089277804269181
6996,Left,0.5585375332414404,0.4414624667585596
62306,Left,0.9393477287351832,0.060652271264816704
63304,Left,0.6488104274159063,0.3511895725840937
44856,Stayed,0.32036493149922485,0.6796350685007752
55739,Left,0.8908062954016505,0.10919370459834951
41713,Stayed,0.13156732227313583,0.8684326777268642
72806,Stayed,0.06140780987578365,0.9385921901242164
44754,Stayed,0.44598219149037777,0.5540178085096222
50805,Left,0.8089713547822976,0.1910286452177023
52226,Stayed,0.44124678460497035,0.5587532153950296
10345,Stayed,0.23481418608829685,0.7651858139117031
22847,Left,0.5155633062089058,0.48443669379109416
56940,Stayed,0.17532677175613276,0.8246732282438672
37725,Left,0.5650812438078852,0.43491875619211484
8265,Stayed,0.2404674258696594,0.7595325741303406
60427,Stayed,0.20303227929356094,0.7969677207064391
33906,Stayed,0.22291821572962223,0.7770817842703778
66603,Left,0.9792358961642104,0.020764103835789666
32546,Stayed,0.16994069406871015,0.8300593059312898
11888,Left,0.8956150811034347,0.10438491889656537
37435,Stayed,0.11779869431379908,0.8822013056862009
2314,Left,0.8098248233215241,0.19017517667847592
43670,Stayed,0.1658419887142072,0.8341580112857928
29227,Stayed,0.23043707889561194,0.7695629211043881
73053,Stayed,0.17414956384283153,0.8258504361571685
54537,Stayed,0.012870894000709954,0.98712910599929
18023,Stayed,0.2610447337540699,0.7389552662459301
61545,Stayed,0.14847882738668794,0.8515211726133121
30408,Left,0.9300901759801146,0.06990982401988548
28101,Stayed,0.41961587542889867,0.5803841245711013
56914,Stayed,0.25772190782517024,0.7422780921748298
30293,Left,0.5361111568697778,0.46388884313022216
73880,Stayed,0.452216435702511,0.547783564297489
42994,Stayed,0.23787326355223115,0.7621267364477688
55404,Left,0.8395220625275674,0.16047793747243258
17517,Left,0.7398517752722398,0.2601482247277603
21995,Left,0.7998223995760865,0.2001776004239135
51284,Left,0.7222931686156625,0.2777068313843375
15747,Stayed,0.37410324128770966,0.6258967587122903
15040,Stayed,0.24683525793095829,0.7531647420690417
35792,Stayed,0.19961191229141984,0.8003880877085802
30748,Stayed,0.2603839734117259,0.7396160265882741
58728,Stayed,0.4342790086038102,0.5657209913961898
24852,Left,0.9322187283073271,0.06778127169267288
54815,Stayed,0.08196259915826432,0.9180374008417357
42699,Left,0.6805022302265371,0.3194977697734629
471,Stayed,0.32476175408891705,0.675238245911083
36388,Left,0.9216469004228055,0.07835309957719452
47095,Stayed,0.4525843247447354,0.5474156752552646
26830,Left,0.8824510540222867,0.11754894597771323
39834,Left,0.8384924744638933,0.16150752553610673
51222,Stayed,0.20652493854697385,0.7934750614530262
25000,Left,0.945606623380877,0.054393376619123
6035,Left,0.6700411774006978,0.32995882259930215
8257,Left,0.8208927513610775,0.17910724863892247
20541,Stayed,0.030310689450910644,0.9696893105490894
58513,Left,0.9825483691187787,0.017451630881221276
27440,Stayed,0.3614665574426106,0.6385334425573894
42242,Stayed,0.2977834807037415,0.7022165192962585
60065,Stayed,0.3576918188165765,0.6423081811834235
68275,Left,0.5830647386627912,0.4169352613372089
30318,Left,0.508180164144307,0.491819835855693
31733,Left,0.6488311598916053,0.35116884010839466
6146,Stayed,0.01029989021081168,0.9897001097891883
35300,Left,0.6519573477762373,0.34804265222376274
9521,Left,0.6423542387896303,0.35764576121036973
37429,Stayed,0.33430362930273927,0.6656963706972607
44177,Left,0.8768010604458831,0.12319893955411688
5370,Stayed,0.07077038173586492,0.9292296182641351
29891,Left,0.6725618683975152,0.32743813160248486
45352,Stayed,0.3595909746343846,0.6404090253656154
67968,Left,0.6498014945002737,0.35019850549972636
4558,Stayed,0.22551848911288241,0.7744815108871176
12729,Stayed,0.08207054211562526,0.9179294578843747
41482,Left,0.6381785421189221,0.3618214578810779
13601,Left,0.5133134889345576,0.4866865110654423
65595,Left,0.70188729013597,0.29811270986403005
20639,Left,0.8586599498783621,0.14134005012163783
24546,Stayed,0.04837533682430495,0.951624663175695
29711,Left,0.6722267778252001,0.32777322217479987
68353,Left,0.9793001214562227,0.020699878543777316
1600,Left,0.6374979067310836,0.36250209326891636
26390,Stayed,0.028392366855937268,0.9716076331440627
51247,Left,0.7159105506054124,0.2840894493945876
25439,Stayed,0.4752785777641695,0.5247214222358305
25027,Left,0.8212416414716691,0.17875835852833086
35146,Left,0.7257311395382087,0.27426886046179133
48131,Left,0.7533109106471253,0.24668908935287473
33947,Stayed,0.04509442266916941,0.9549055773308306
61659,Left,0.6458721718397133,0.3541278281602866
26307,Left,0.8903683358220938,0.10963166417790618
22307,Left,0.9035401676996878,0.0964598323003122
68825,Stayed,0.13668822084424181,0.8633117791557582
73142,Stayed,0.23650903731283734,0.7634909626871627
17386,Stayed,0.23372029343300882,0.7662797065669912
63347,Stayed,0.07126217959388603,0.928737820406114
4205,Stayed,0.34003301973199673,0.6599669802680033
30883,Left,0.8162763775947763,0.1837236224052236
45263,Left,0.8562610556702959,0.14373894432970416
32825,Stayed,0.33248413491499773,0.6675158650850023
71171,Stayed,0.30746523686005645,0.6925347631399436
60626,Left,0.8248677080708724,0.17513229192912766
60449,Stayed,0.24015452394460401,0.759845476055396
45572,Stayed,0.4743871053201357,0.5256128946798643
38431,Left,0.5261660560825419,0.4738339439174582
64740,Left,0.7252833221776194,0.2747166778223806
33983,Stayed,0.3859202189340173,0.6140797810659827
21437,Left,0.9244668928462808,0.07553310715371916
70409,Stayed,0.08170095130671085,0.9182990486932892
615,Left,0.7697413788351102,0.2302586211648898
27954,Stayed,0.06002945730885989,0.9399705426911401
4876,Left,0.6132306845122947,0.3867693154877053
49246,Stayed,0.41957402300340585,0.5804259769965942
96,Stayed,0.10216934848283199,0.897830651517168
17050,Stayed,0.38366411676513623,0.6163358832348638
51476,Stayed,0.03573921658910595,0.964260783410894
28812,Left,0.9215450139180509,0.07845498608194913
53348,Left,0.827007239810015,0.17299276018998497
9857,Left,0.514303543114702,0.4856964568852979
51394,Left,0.659581450148629,0.34041854985137104
45628,Stayed,0.2628039537817335,0.7371960462182665
13151,Stayed,0.4032503536975328,0.5967496463024672
2512,Left,0.5516776050503149,0.44832239494968507
25829,Stayed,0.41917492868099315,0.5808250713190068
21936,Stayed,0.4405541135783909,0.5594458864216091
19177,Left,0.6994045987288522,0.3005954012711478
56112,Left,0.71406794597731,0.2859320540226899
36033,Left,0.7475075326312374,0.25249246736876263
35769,Left,0.7800363640721665,0.2199636359278335
45357,Stayed,0.3595137089086582,0.6404862910913418
20223,Left,0.9349944568951036,0.0650055431048964
61722,Stayed,0.3271345186527377,0.6728654813472623
49668,Stayed,0.2794753201377199,0.7205246798622801
14500,Stayed,0.39666561163287817,0.6033343883671218
17818,Stayed,0.28930132735217506,0.7106986726478249
47041,Left,0.7273124102064363,0.2726875897935636
42614,Left,0.6663892323448484,0.3336107676551516
71133,Stayed,0.41021725239526297,0.589782747604737
31998,Stayed,0.00927683195305029,0.9907231680469497
66060,Stayed,0.41458037515922386,0.5854196248407761
40356,Stayed,0.47388602556233106,0.5261139744376689
73857,Left,0.8033030014695615,0.1966969985304385
281,Left,0.8032941319180906,0.19670586808190937
3788,Stayed,0.321841382363818,0.678158617636182
20136,Stayed,0.34572423329735047,0.6542757667026495
72840,Left,0.783016707503777,0.216983292496223
47122,Stayed,0.10209300073325067,0.8979069992667493
73423,Left,0.7547545992529443,0.24524540074705564
74446,Stayed,0.3934448015116635,0.6065551984883365
7878,Left,0.6684661310130933,0.3315338689869068
30617,Left,0.7901401736491444,0.20985982635085565
58703,Stayed,0.14198461236014126,0.8580153876398587
35616,Left,0.6020108921306631,0.3979891078693369
22975,Stayed,0.1308299221000404,0.8691700778999596
51328,Left,0.9729305266027671,0.027069473397232896
67896,Left,0.7435544973595103,0.2564455026404897
62951,Left,0.7489967806045503,0.2510032193954497
19650,Stayed,0.19582170232525176,0.8041782976747482
32019,Stayed,0.30566296955941163,0.6943370304405884
26069,Stayed,0.0729315451304412,0.9270684548695588
65578,Left,0.7683152069529688,0.23168479304703116
38706,Stayed,0.01364171066002029,0.9863582893399797
51176,Stayed,0.357877143040392,0.642122856959608
12552,Stayed,0.2951766785851252,0.7048233214148748
25097,Stayed,0.48210378732512893,0.5178962126748711
51346,Stayed,0.06128549943981165,0.9387145005601883
58489,Left,0.8173628150686862,0.1826371849313138
51345,Stayed,0.05779925675800923,0.9422007432419908
27287,Stayed,0.20736614680174814,0.7926338531982519
41022,Left,0.8344859397520079,0.16551406024799203
59518,Stayed,0.34077738628417864,0.6592226137158214
30306,Stayed,0.024869627139195605,0.9751303728608044
19162,Left,0.7751941584289228,0.22480584157107725
50168,Left,0.9211207174452121,0.07887928255478793
73670,Left,0.6806131670707496,0.31938683292925046
1593,Stayed,0.30525551448925914,0.6947444855107409
71697,Left,0.7656757537342936,0.23432424626570633
29044,Left,0.9344758157019465,0.0655241842980535
19682,Left,0.738492999419413,0.26150700058058696
55303,Stayed,0.14183434279374563,0.8581656572062544
65220,Left,0.5415558964049385,0.45844410359506144
29616,Left,0.6755684178191544,0.32443158218084556
9842,Left,0.932169699554226,0.06783030044577396
12490,Left,0.9416009149569541,0.05839908504304593
53110,Stayed,0.38935921919730665,0.6106407808026934
73324,Stayed,0.12897710665553308,0.8710228933444669
6844,Stayed,0.44009426384103334,0.5599057361589667
26792,Left,0.5406430317768114,0.45935696822318856
39482,Stayed,0.4845100268550888,0.5154899731449112
32347,Stayed,0.2704607411169403,0.7295392588830597
70452,Left,0.7404291439344535,0.2595708560655466
32433,Stayed,0.10507868387832053,0.8949213161216795
47699,Stayed,0.10542821562825666,0.8945717843717433
29369,Stayed,0.23757359844380999,0.76242640155619
60478,Stayed,0.045738408205792,0.954261591794208
38483,Left,0.6345522656918738,0.3654477343081261
27250,Stayed,0.02622857030576764,0.9737714296942324
967,Stayed,0.19496099307573278,0.8050390069242672
62265,Stayed,0.30572299212545695,0.694277007874543
34746,Stayed,0.17831827481282925,0.8216817251871708
17590,Stayed,0.23040072254804767,0.7695992774519523
65504,Left,0.9179684590125399,0.08203154098746011
21370,Left,0.7630771406570316,0.23692285934296844
48467,Left,0.6742395507518311,0.3257604492481689
39330,Left,0.5894878404235142,0.4105121595764858
23788,Stayed,0.17532448902790843,0.8246755109720916
48886,Left,0.5070301502790289,0.4929698497209712
35595,Left,0.9099960641673825,0.09000393583261743
11048,Left,0.8860362245308532,0.1139637754691468
53189,Left,0.9177815721775548,0.08221842782244518
21624,Left,0.6114005176729502,0.3885994823270497
55489,Stayed,0.022917786150037367,0.9770822138499626
61949,Stayed,0.12415413396874642,0.8758458660312536
68943,Left,0.7609028332087502,0.23909716679124976
31432,Stayed,0.3789765491805618,0.6210234508194382
37055,Stayed,0.38314312346410007,0.6168568765358999
20665,Stayed,0.4410581733997573,0.5589418266002427
9215,Stayed,0.039199567593883766,0.9608004324061162
31606,Left,0.6021637770717214,0.39783622292827864
5212,Left,0.9083335057773698,0.09166649422263017
13478,Stayed,0.2693918950371128,0.7306081049628872
7782,Left,0.8494034722928436,0.15059652770715642
8551,Stayed,0.2564951720355376,0.7435048279644624
2329,Left,0.5998664902370987,0.40013350976290135
19248,Stayed,0.2360588102222586,0.7639411897777414
4917,Left,0.7193831182164572,0.2806168817835428
12458,Stayed,0.10029355572593424,0.8997064442740658
51606,Stayed,0.25065107244973195,0.749348927550268
12061,Left,0.6262004724189787,0.37379952758102136
1296,Stayed,0.2715027008332024,0.7284972991667976
41104,Stayed,0.27038510537548555,0.7296148946245145
25502,Stayed,0.23942737677214943,0.7605726232278506
62836,Stayed,0.3699373878056108,0.6300626121943892
5626,Left,0.5879254003938335,0.41207459960616655
52932,Stayed,0.0188670319086488,0.9811329680913512
159,Left,0.768959635564137,0.2310403644358629
4626,Left,0.6230829997662335,0.37691700023376645
9739,Left,0.5672860494748302,0.4327139505251698
48248,Left,0.6300549929450208,0.3699450070549793
59350,Left,0.9198198402727543,0.08018015972724572
22884,Stayed,0.16262363721898776,0.8373763627810122
11142,Stayed,0.3401013112649591,0.6598986887350409
22542,Left,0.7306245380817862,0.2693754619182139
23336,Left,0.8031312136581079,0.1968687863418921
19558,Left,0.8972315523035254,0.10276844769647461
32187,Left,0.9544892695292513,0.045510730470748675
37790,Stayed,0.3700542921050659,0.6299457078949341
17347,Left,0.8049378420330915,0.19506215796690846
74164,Left,0.7076807455821069,0.2923192544178931
9890,Stayed,0.005579467054206422,0.9944205329457936
12410,Left,0.7305556223540366,0.26944437764596335
50061,Stayed,0.3425692218189986,0.6574307781810014
67572,Stayed,0.26241843514078733,0.7375815648592127
72307,Left,0.5411114629221347,0.45888853707786526
28609,Stayed,0.05872482521686473,0.9412751747831353
2744,Stayed,0.4340289621275344,0.5659710378724656
47083,Stayed,0.31479102766862355,0.6852089723313765
8373,Left,0.8948853521349708,0.10511464786502923
57962,Stayed,0.42656781551722633,0.5734321844827737
54865,Left,0.6597122829010343,0.34028771709896566
23160,Left,0.6888739678576137,0.31112603214238627
8833,Left,0.9455365581419395,0.05446344185806053
21887,Left,0.9072011860441336,0.09279881395586637
57161,Stayed,0.35016680279651513,0.6498331972034849
56990,Stayed,0.34322871526840404,0.656771284731596
26138,Left,0.8693113957644971,0.13068860423550283
23970,Stayed,0.3912987357392691,0.6087012642607309
52339,Left,0.7600824281487562,0.2399175718512439
65979,Stayed,0.48623103052578776,0.5137689694742122
26970,Stayed,0.49157245376997494,0.5084275462300251
63252,Left,0.7413866972188858,0.25861330278111416
57430,Stayed,0.34215711705945706,0.6578428829405429
36276,Stayed,0.4819232871311647,0.5180767128688353
13020,Stayed,0.4120730407427202,0.5879269592572798
57512,Stayed,0.3908125407508468,0.6091874592491532
17156,Stayed,0.45989650119430014,0.5401034988056999
9581,Stayed,0.05581891292174823,0.9441810870782518
23130,Left,0.8794016172507529,0.12059838274924707
23698,Left,0.966964645590082,0.033035354409918026
41853,Stayed,0.11340566316414746,0.8865943368358525
3860,Left,0.7270796182797651,0.2729203817202349
47044,Left,0.658560175255936,0.3414398247440639
69129,Stayed,0.4750252831100542,0.5249747168899458
73526,Stayed,0.46356496274670933,0.5364350372532907
31693,Stayed,0.12035298118627147,0.8796470188137285
1599,Stayed,0.40379866260738617,0.5962013373926138
73797,Left,0.6695180690688696,0.3304819309311304
27919,Left,0.7996546120015569,0.20034538799844312
5658,Stayed,0.11221309861556472,0.8877869013844353
64862,Stayed,0.1359285100559029,0.8640714899440971
5639,Left,0.6167068815217589,0.38329311847824116
17721,Left,0.9442939629000727,0.055706037099927316
16188,Stayed,0.2301432662852556,0.7698567337147444
53192,Stayed,0.05376822354255162,0.9462317764574484
51816,Left,0.720916114640628,0.27908388535937206
13823,Stayed,0.15697555038845867,0.8430244496115413
42152,Left,0.6293930436442431,0.3706069563557569
47800,Left,0.6163246254793755,0.38367537452062445
30292,Left,0.7531712467113919,0.24682875328860807
8589,Left,0.7562313917132217,0.24376860828677827
14577,Left,0.8032773076975878,0.19672269230241227
58833,Left,0.5246737964629868,0.47532620353701316
32452,Left,0.5026616965369499,0.49733830346305
18572,Left,0.7472236227911344,0.25277637720886553
39467,Left,0.5671394840372342,0.43286051596276576
33843,Left,0.8117011981797896,0.18829880182021044
33016,Left,0.53376537302613,0.4662346269738699
51867,Stayed,0.04288791987773344,0.9571120801222666
33464,Left,0.9559923909200791,0.044007609079920844
22933,Left,0.8582684936111069,0.14173150638889304
18859,Stayed,0.06903533307057175,0.9309646669294283
19954,Left,0.6765418407205074,0.3234581592794926
64344,Stayed,0.012323715528656853,0.9876762844713431
10352,Stayed,0.11474685028514375,0.8852531497148562
67019,Stayed,0.01189538295000192,0.9881046170499981
48122,Left,0.918817771131776,0.08118222886822399
27959,Stayed,0.26293485362670055,0.7370651463732995
21679,Stayed,0.4086664513291842,0.5913335486708158
69026,Left,0.9507175636934894,0.04928243630651062
13722,Stayed,0.08583247053157883,0.9141675294684212
12773,Left,0.7630619149777319,0.2369380850222681
33944,Stayed,0.4834277775461774,0.5165722224538226
71298,Left,0.5453575380995643,0.45464246190043567
65413,Left,0.8005936480490949,0.19940635195090511
53845,Left,0.839187198603609,0.160812801396391
8937,Stayed,0.13564075094130168,0.8643592490586983
60276,Stayed,0.483984771108645,0.516015228891355
3503,Stayed,0.2976717571660572,0.7023282428339428
60995,Left,0.7121197331056499,0.2878802668943501
58443,Stayed,0.2568786509058193,0.7431213490941807
15123,Stayed,0.41506988713229265,0.5849301128677074
50091,Stayed,0.09466445323467065,0.9053355467653293
63630,Left,0.6917014930246294,0.30829850697537065
4587,Left,0.9205849883745676,0.07941501162543241
74304,Left,0.7947142292136594,0.20528577078634055
67138,Left,0.8228769158576039,0.17712308414239603
54617,Left,0.8372423217547152,0.16275767824528473
4661,Left,0.5883763641252259,0.41162363587477413
38669,Left,0.786028260351899,0.21397173964810104
62380,Stayed,0.14229875219009458,0.8577012478099054
17893,Left,0.5306607957315838,0.46933920426841624
19847,Left,0.9379328066486133,0.06206719335138666
20348,Left,0.5298409643865349,0.47015903561346506
53504,Left,0.6669457378022651,0.33305426219773493
28954,Left,0.9375800611670826,0.06241993883291743
71097,Left,0.6398965036059177,0.36010349639408235
56474,Left,0.7072284411165151,0.292771558883485
48722,Left,0.8619557657416447,0.13804423425835535
50812,Left,0.8966180315517227,0.10338196844827727
70605,Left,0.6594761204330484,0.34052387956695157
48492,Left,0.5667370875430182,0.4332629124569818
56040,Left,0.5592223049870009,0.4407776950129992
39491,Left,0.8866876339279072,0.11331236607209286
52762,Stayed,0.16986708605477252,0.8301329139452275
13621,Left,0.5645924444860886,0.43540755551391136
8619,Left,0.7905581613432171,0.2094418386567829
13132,Left,0.8114085996929206,0.18859140030707944
63585,Left,0.5458448572574368,0.45415514274256313
19182,Stayed,0.24654274913448038,0.7534572508655196
16775,Stayed,0.12543182904778005,0.87456817095222
5477,Left,0.8386026926308642,0.16139730736913585
36711,Stayed,0.373314880652021,0.626685119347979
32943,Stayed,0.21642312894906957,0.7835768710509304
56722,Left,0.9554637460691595,0.04453625393084047
46491,Left,0.6405747467218549,0.3594252532781451
4725,Left,0.8021812767625085,0.19781872323749153
38578,Stayed,0.22525481044144458,0.7747451895585554
19720,Stayed,0.06931663592424353,0.9306833640757565
41260,Left,0.5173607899469432,0.4826392100530567
19186,Left,0.5077980152948369,0.49220198470516313
41087,Left,0.8179054386295252,0.1820945613704748
53822,Stayed,0.4597673184447586,0.5402326815552414
30310,Stayed,0.044665859288429255,0.9553341407115707
29339,Stayed,0.20898418750479342,0.7910158124952066
3646,Stayed,0.19544238762096666,0.8045576123790333
46379,Stayed,0.0041938773774912175,0.9958061226225088
17596,Left,0.6747551363317561,0.32524486366824396
21411,Stayed,0.061734794436505536,0.9382652055634945
1711,Left,0.7876917895175547,0.21230821048244528
57819,Left,0.5089183613966002,0.4910816386033999
24382,Stayed,0.05987383659155532,0.9401261634084447
67757,Stayed,0.4071325652652127,0.5928674347347873
26605,Left,0.6684051342951619,0.3315948657048381
11366,Left,0.8973103318798215,0.10268966812017856
43102,Stayed,0.49326058874692824,0.5067394112530718
4385,Left,0.5134893818411725,0.4865106181588275
31663,Stayed,0.38937789636914333,0.6106221036308567
26654,Stayed,0.23599141484353936,0.7640085851564606
51341,Left,0.8875761246662939,0.11242387533370612
26318,Left,0.5158199274090287,0.48418007259097123
65294,Left,0.6957129691730053,0.30428703082699465
65591,Left,0.584780158129359,0.4152198418706409
51697,Stayed,0.09237674671851326,0.9076232532814867
37606,Stayed,0.2717075631474093,0.7282924368525907
73504,Stayed,0.20690874426861106,0.7930912557313889
16852,Left,0.6484112992039137,0.3515887007960863
41899,Left,0.7896074296968396,0.21039257030316041
8366,Left,0.8298835999312822,0.17011640006871778
73363,Left,0.5495927175109713,0.4504072824890287
4421,Stayed,0.010216699171752941,0.9897833008282471
14304,Left,0.9322986640506193,0.0677013359493807
24809,Stayed,0.09603496415391166,0.9039650358460883
40539,Stayed,0.45625861923890954,0.5437413807610905
43333,Stayed,0.3144355289166991,0.6855644710833009
50588,Stayed,0.46141593104915013,0.5385840689508499
43878,Left,0.6017330872224944,0.39826691277750553
64109,Left,0.6643739133548381,0.33562608664516186
26344,Stayed,0.4676900182342755,0.5323099817657245
22495,Stayed,0.13646142375373804,0.863538576246262
63141,Stayed,0.18257825491398216,0.8174217450860178
70723,Left,0.8596876201900174,0.1403123798099826
34280,Left,0.546119423471795,0.45388057652820507
69476,Stayed,0.05275734226763851,0.9472426577323615
29915,Stayed,0.16199392313965277,0.8380060768603472
61231,Left,0.5388420401374354,0.4611579598625645
25820,Left,0.6240741636499563,0.3759258363500437
50264,Stayed,0.18141141623025137,0.8185885837697486
7985,Left,0.6259881679707159,0.3740118320292841
45066,Left,0.5139299577265182,0.4860700422734818
69733,Left,0.5996375609923605,0.40036243900763946
49548,Left,0.6555107115292028,0.3444892884707972
32016,Left,0.6968766995495583,0.3031233004504417
10035,Stayed,0.15739480234168035,0.8426051976583196
15348,Left,0.653810532522233,0.34618946747776697
52844,Stayed,0.2825899608301101,0.7174100391698899
47887,Stayed,0.0871639894480356,0.9128360105519644
21496,Stayed,0.13016374640565997,0.86983625359434
11988,Left,0.8879050816784492,0.11209491832155082
72000,Left,0.5512700734326406,0.4487299265673594
70062,Left,0.869330847570393,0.13066915242960697
37916,Stayed,0.45060914777302763,0.5493908522269724
15491,Stayed,0.017322798190559374,0.9826772018094406
27482,Stayed,0.3318533590952497,0.6681466409047503
64013,Left,0.7169049228101485,0.2830950771898515
15562,Stayed,0.2568097182346212,0.7431902817653788
20769,Left,0.9074527389397923,0.09254726106020768
61514,Left,0.7818807202625695,0.21811927973743053
36877,Left,0.7202626533945704,0.27973734660542954
13472,Stayed,0.23444223405904618,0.7655577659409538
19264,Stayed,0.4151654640471871,0.5848345359528129
50745,Stayed,0.17106224307548146,0.8289377569245185
63749,Left,0.8276629724155,0.17233702758449992
19512,Stayed,0.06040109248819259,0.9395989075118074
30941,Stayed,0.1467450734493314,0.8532549265506686
9233,Stayed,0.18739063916796106,0.8126093608320389
9061,Stayed,0.4797176162375355,0.5202823837624645
45206,Stayed,0.22772544805745498,0.772274551942545
54418,Stayed,0.3723998385192664,0.6276001614807336
64941,Left,0.6328417304996306,0.3671582695003694
50233,Left,0.7777232704842952,0.22227672951570474
41351,Stayed,0.06973973211516316,0.9302602678848368
59455,Stayed,0.4470233138110753,0.5529766861889247
71493,Left,0.6525934661361584,0.34740653386384157
73634,Stayed,0.1011034324129888,0.8988965675870112
22630,Left,0.8665148872176079,0.13348511278239203
11583,Stayed,0.37830568955163435,0.6216943104483657
10566,Stayed,0.05707519902072555,0.9429248009792744
40071,Stayed,0.02804553039387747,0.9719544696061225
52817,Left,0.8956947226719798,0.10430527732802024
42174,Left,0.5452314984197179,0.45476850158028215
72822,Left,0.8910055781342768,0.1089944218657232
3900,Left,0.896744592594192,0.10325540740580798
10049,Stayed,0.12860840487743608,0.8713915951225639
4720,Left,0.689823441939994,0.31017655806000605
43569,Left,0.6376448260684667,0.36235517393153327
69168,Left,0.7684938009609756,0.23150619903902436
7614,Stayed,0.1575970891434224,0.8424029108565776
13368,Left,0.7706726926567236,0.22932730734327644
25607,Stayed,0.10135142058608604,0.898648579413914
12112,Stayed,0.13628001140297774,0.8637199885970223
58181,Stayed,0.23423787327963763,0.7657621267203624
13624,Stayed,0.04757389106663368,0.9524261089333663
58288,Left,0.6875816953553683,0.3124183046446317
509,Stayed,0.002880499799502001,0.997119500200498
64241,Stayed,0.3467112179352435,0.6532887820647565
33245,Left,0.935246093131273,0.06475390686872692
18108,Stayed,0.19248308043048057,0.8075169195695194
47907,Left,0.8563794219643356,0.14362057803566441
6349,Left,0.9671081129536997,0.032891887046300354
50915,Stayed,0.2233726229344032,0.7766273770655968
52482,Left,0.5510654559743265,0.44893454402567345
49763,Left,0.8320469107313972,0.16795308926860272
71706,Stayed,0.2919039667108726,0.7080960332891274
36602,Left,0.7513098070610377,0.24869019293896233
41523,Left,0.9516986725975264,0.0483013274024736
36457,Stayed,0.20222872189304475,0.7977712781069553
29028,Stayed,0.26710525528784324,0.7328947447121568
70316,Stayed,0.40068054504823314,0.5993194549517669
2820,Stayed,0.3084124603022067,0.6915875396977933
4357,Left,0.8558077385572855,0.14419226144271446
27801,Stayed,0.4608777713181246,0.5391222286818754
73424,Left,0.884491143285117,0.11550885671488297
60735,Stayed,0.3352461377565037,0.6647538622434963
63744,Stayed,0.3032771395356967,0.6967228604643033
3990,Left,0.8847951575427686,0.11520484245723141
32950,Stayed,0.4348959110953218,0.5651040889046782
48312,Left,0.8419051465463452,0.15809485345365476
28680,Left,0.7201371484507586,0.27986285154924134
22723,Left,0.5688874897708259,0.4311125102291741
49755,Left,0.8037108548031282,0.19628914519687174
32606,Left,0.8774676148506733,0.12253238514932677
14882,Stayed,0.40760538345259945,0.5923946165474006
61059,Stayed,0.15291617577208183,0.8470838242279182
22478,Stayed,0.17166603481631648,0.8283339651836835
11130,Left,0.8740952488182112,0.12590475118178873
58673,Stayed,0.012380091764207846,0.9876199082357922
8479,Left,0.8700280990369647,0.1299719009630354
37301,Left,0.7122948174943557,0.2877051825056443
8933,Left,0.5874545389960633,0.41254546100393674
72512,Stayed,0.3725086930743645,0.6274913069256355
58863,Stayed,0.0850823814617625,0.9149176185382375
58781,Left,0.9035689007153219,0.09643109928467812
37804,Left,0.7239116245950379,0.27608837540496206
68756,Left,0.6343722704920872,0.3656277295079128
14793,Left,0.6815277141789864,0.3184722858210136
25165,Stayed,0.3066975859836749,0.6933024140163251
73563,Stayed,0.12096567168473749,0.8790343283152625
53386,Stayed,0.05619890671408412,0.9438010932859159
53666,Left,0.9584812479151055,0.041518752084894556
31303,Left,0.8277198052833455,0.17228019471665443
31581,Left,0.7351803087526153,0.2648196912473847
48026,Left,0.5558180878446094,0.4441819121553906
9352,Left,0.5091032147581347,0.49089678524186536
27318,Stayed,0.050496322355740864,0.9495036776442591
72042,Stayed,0.4888505741809167,0.5111494258190833
8908,Left,0.7847148483078772,0.21528515169212278
57920,Stayed,0.34830356806700524,0.6516964319329948
37751,Stayed,0.2980918499014823,0.7019081500985177
53154,Stayed,0.10368541619876703,0.896314583801233
66675,Stayed,0.2763216631769012,0.7236783368230988
58388,Left,0.5711852704801006,0.42881472951989935
68985,Left,0.6307196681667293,0.36928033183327075
68402,Stayed,0.2665940122339998,0.7334059877660002
52481,Stayed,0.32135916810284193,0.6786408318971581
11373,Left,0.6243633383974825,0.3756366616025175
55925,Left,0.7770971924485057,0.2229028075514943
7263,Stayed,0.3971129955610997,0.6028870044389003
13993,Stayed,0.25804256893858,0.74195743106142
27321,Left,0.6543118724774609,0.3456881275225391
2653,Stayed,0.3878283184078103,0.6121716815921897
66689,Stayed,0.11006589120717525,0.8899341087928248
47688,Left,0.7454010682673724,0.25459893173262754
12609,Stayed,0.18986665906822942,0.8101333409317706
11706,Left,0.9207291214061674,0.07927087859383268
33580,Stayed,0.3257669969805944,0.6742330030194056
67934,Stayed,0.2617842252398471,0.7382157747601529
43695,Left,0.9072079727062208,0.09279202729377926
39161,Left,0.9125846991476687,0.08741530085233132
41782,Stayed,0.18417965130810188,0.8158203486918981
64962,Left,0.9344526743978383,0.06554732560216164
43908,Stayed,0.32681917549133555,0.6731808245086645
74306,Stayed,0.21415398178777934,0.7858460182122207
46299,Stayed,0.19117082749814185,0.8088291725018582
44680,Left,0.5330071322299762,0.4669928677700238
47429,Stayed,0.12830455984238942,0.8716954401576106
23026,Stayed,0.3504404845662328,0.6495595154337672
5217,Stayed,0.29693069310221265,0.7030693068977873
63036,Stayed,0.16017646093418836,0.8398235390658116
57357,Left,0.501590892968064,0.49840910703193597
21504,Stayed,0.40851103466803174,0.5914889653319683
69282,Stayed,0.24564603594688517,0.7543539640531148
35673,Stayed,0.49956419607157854,0.5004358039284215
47318,Left,0.7326700584813965,0.26732994151860345
2550,Left,0.9428966411100813,0.05710335888991872
42759,Left,0.8539660120322519,0.1460339879677481
25613,Left,0.98316566418698,0.01683433581301998
38533,Stayed,0.19202130647061655,0.8079786935293835
37864,Left,0.7489250577755333,0.2510749422244667
12897,Stayed,0.09354051220227333,0.9064594877977267
68769,Left,0.5007128739254212,0.49928712607457887
67377,Stayed,0.1921537435802474,0.8078462564197526
18622,Left,0.5437308828099241,0.45626911719007585
830,Left,0.8290751118685561,0.17092488813144388
26772,Left,0.8737127023106426,0.12628729768935743
51286,Stayed,0.19450406011851606,0.8054959398814839
18179,Stayed,0.3364174074563896,0.6635825925436104
52625,Left,0.8453815016201247,0.15461849837987524
68558,Stayed,0.1416864444471646,0.8583135555528354
47899,Left,0.7772754314310183,0.22272456856898168
72330,Left,0.7584742918842227,0.2415257081157773
1945,Stayed,0.09732543498660373,0.9026745650133963
42452,Left,0.618026444668637,0.38197355533136296
52846,Stayed,0.12289557876830137,0.8771044212316986
10455,Stayed,0.43578609368807675,0.5642139063119233
54511,Left,0.8111479744555073,0.18885202554449268
6628,Stayed,0.061115045265647705,0.9388849547343523
41602,Stayed,0.18235538420417274,0.8176446157958273
61591,Stayed,0.08347598746882268,0.9165240125311773
55198,Stayed,0.1666286293116621,0.8333713706883379
13582,Left,0.921878858459704,0.07812114154029609
19462,Left,0.5994624924916927,0.40053750750830724
70887,Stayed,0.4816680169263359,0.5183319830736641
15268,Left,0.8840426499591773,0.11595735004082275
29054,Left,0.5387335344602434,0.4612664655397566
15756,Stayed,0.2721270116125817,0.7278729883874183
9068,Left,0.5037151079526846,0.4962848920473154
14970,Left,0.8369044179569316,0.16309558204306845
8882,Left,0.909990801724132,0.09000919827586798
52619,Stayed,0.0053091842470121,0.9946908157529879
42171,Stayed,0.3682284304750143,0.6317715695249857
61147,Left,0.9237960588381414,0.07620394116185855
61799,Left,0.7759395106550704,0.22406048934492967
42901,Stayed,0.20340242257997243,0.7965975774200276
30348,Stayed,0.15907403622654537,0.8409259637734546
41382,Stayed,0.45561504689824406,0.5443849531017559
7755,Stayed,0.41961587939326184,0.5803841206067382
73661,Stayed,0.49264352413883883,0.5073564758611612
4884,Left,0.9129514091254116,0.08704859087458838
35535,Stayed,0.049968594935723365,0.9500314050642766
8007,Stayed,0.1403385471015165,0.8596614528984835
61324,Stayed,0.4399738075181773,0.5600261924818227
9633,Stayed,0.17513323716212925,0.8248667628378707
26331,Stayed,0.348371039543634,0.651628960456366
594,Stayed,0.3711007374717985,0.6288992625282015
57055,Stayed,0.09197763505630374,0.9080223649436963
73811,Stayed,0.48872115734814003,0.51127884265186
42201,Left,0.9570259736054675,0.042974026394532495
62328,Stayed,0.18637483929251542,0.8136251607074846
27655,Left,0.945051563243656,0.054948436756344025
36333,Left,0.839861313178528,0.160138686821472
23379,Left,0.6608282798650182,0.3391717201349818
29222,Left,0.8448704409115699,0.15512955908843004
26219,Left,0.597042045056607,0.40295795494339304
4051,Left,0.8521885474525029,0.14781145254749709
27260,Stayed,0.4200307142738161,0.5799692857261839
24630,Left,0.5126508818476887,0.48734911815231136
18915,Stayed,0.27958039953393266,0.7204196004660673
52499,Left,0.5369351927614086,0.4630648072385914
17533,Left,0.9114473954091016,0.08855260459089846
20703,Stayed,0.2416613300784971,0.7583386699215029
22791,Stayed,0.280566524699405,0.719433475300595
342,Left,0.596725612104932,0.40327438789506803
67134,Stayed,0.04625610066287167,0.9537438993371283
69986,Left,0.5185216995389317,0.4814783004610684
4892,Stayed,0.4422982434010181,0.5577017565989819
7683,Stayed,0.3845976143437778,0.6154023856562222
23786,Left,0.632262950670436,0.367737049329564
43486,Stayed,0.2596994434292771,0.7403005565707229
1648,Stayed,0.49372609608358253,0.5062739039164175
2531,Stayed,0.11730686986866501,0.882693130131335
65917,Stayed,0.048019968078172104,0.9519800319218279
21996,Stayed,0.2287537218422182,0.7712462781577818
69361,Left,0.541957035013136,0.458042964986864
72709,Stayed,0.43725028924694775,0.5627497107530522
14968,Stayed,0.07847289313045125,0.9215271068695488
28511,Stayed,0.3072832379161301,0.6927167620838699
43317,Stayed,0.11547874045821271,0.8845212595417873
11068,Stayed,0.0463735159571973,0.9536264840428027
10193,Stayed,0.4157366818398345,0.5842633181601655
9268,Stayed,0.15843077142468154,0.8415692285753185
43036,Left,0.7796855643436813,0.22031443565631875
24706,Stayed,0.023699785570404197,0.9763002144295958
47153,Left,0.7790415086796455,0.22095849132035453
59500,Stayed,0.48158709987577275,0.5184129001242272
38795,Stayed,0.43141181904527515,0.5685881809547249
15280,Stayed,0.34642028646351286,0.6535797135364871
59410,Stayed,0.0865670785750593,0.9134329214249407
30475,Left,0.6789092374967168,0.32109076250328317
37786,Left,0.8207508060785645,0.17924919392143546
30709,Stayed,0.4010767088738716,0.5989232911261284
17759,Left,0.9052580678135708,0.09474193218642925
45471,Stayed,0.3302923338251499,0.6697076661748501
12657,Stayed,0.3323693350143144,0.6676306649856856
58581,Left,0.5828091231161363,0.41719087688386375
23823,Left,0.7875470028683504,0.21245299713164958
57294,Left,0.7454707381523658,0.25452926184763425
18177,Stayed,0.2199539338365073,0.7800460661634927
69728,Left,0.9024958622358128,0.09750413776418722
63695,Stayed,0.208827616982309,0.791172383017691
65089,Stayed,0.06450604976814012,0.9354939502318599
64390,Left,0.5745769765931515,0.42542302340684846
68579,Stayed,0.40137860046549456,0.5986213995345054
4998,Left,0.6501830733561222,0.3498169266438777
21339,Left,0.730408798952255,0.2695912010477451
26570,Stayed,0.43773462511100303,0.562265374888997
6205,Left,0.8149971486637235,0.18500285133627642
43354,Left,0.646294183413604,0.35370581658639605
54260,Stayed,0.25386587420731266,0.7461341257926873
10580,Left,0.926796981790675,0.07320301820932498
18594,Left,0.5743306397452483,0.42566936025475166
66431,Stayed,0.29940292863370876,0.7005970713662912
31508,Stayed,0.1688733612823886,0.8311266387176114
55199,Stayed,0.017605048352588915,0.9823949516474111
55463,Left,0.8060142267340276,0.1939857732659725
63722,Left,0.6519236990290157,0.3480763009709843
41055,Left,0.7879305163733086,0.21206948362669142
64395,Left,0.5530733931860045,0.44692660681399554
64697,Left,0.5196127309532569,0.4803872690467431
29499,Stayed,0.19119669524066252,0.8088033047593375
25863,Left,0.6931741237428933,0.30682587625710667
66873,Left,0.6454935846050484,0.35450641539495165
71341,Left,0.7169960761995124,0.28300392380048756
63680,Left,0.7616216639508522,0.2383783360491478
39895,Left,0.6997557933693563,0.30024420663064366
27716,Stayed,0.12560498351146576,0.8743950164885342
26413,Stayed,0.030242456862580425,0.9697575431374196
62342,Left,0.6117476983576962,0.38825230164230384
18912,Stayed,0.1633443815274087,0.8366556184725913
8290,Left,0.6623728926097949,0.33762710739020513
59891,Left,0.7540619868219105,0.24593801317808953
53836,Left,0.9245463743468324,0.07545362565316756
41380,Left,0.8674595933930951,0.1325404066069049
47174,Stayed,0.18750447483776378,0.8124955251622362
30005,Stayed,0.40294115672747,0.59705884327253
42513,Left,0.7533822507273809,0.2466177492726192
73546,Left,0.91700463962164,0.08299536037836003
16778,Stayed,0.23656646828722816,0.7634335317127718
44338,Left,0.8029142508801681,0.19708574911983193
1415,Left,0.5512345678447733,0.4487654321552267
14443,Left,0.5667618893321046,0.4332381106678954
38741,Stayed,0.2055729710361972,0.7944270289638028
27122,Stayed,0.1630048769512441,0.8369951230487559
34024,Stayed,0.21203112829164783,0.7879688717083522
3511,Stayed,0.449448280312725,0.550551719687275
47036,Stayed,0.3922027332151278,0.6077972667848722
20158,Stayed,0.1620739095719672,0.8379260904280328
39859,Stayed,0.07830923652216903,0.921690763477831
16385,Stayed,0.15063259577476096,0.849367404225239
72770,Left,0.5560648459868375,0.4439351540131625
43728,Stayed,0.028440187219006097,0.9715598127809939
9698,Stayed,0.20058311211626445,0.7994168878837355
31489,Left,0.9601139555078269,0.039886044492173096
69669,Stayed,0.09051462816764544,0.9094853718323546
59019,Stayed,0.019362445223079616,0.9806375547769204
55644,Stayed,0.1575132958922868,0.8424867041077132
68738,Left,0.5533934064587678,0.4466065935412322
38392,Stayed,0.33443419743214076,0.6655658025678592
29279,Left,0.8048883152220836,0.19511168477791643
29881,Left,0.589225992669103,0.4107740073308969
45153,Left,0.8358689336228761,0.1641310663771239
12144,Left,0.808509420191076,0.19149057980892406
10631,Left,0.9467135507271146,0.05328644927288544
55011,Stayed,0.1904756265611588,0.8095243734388412
27149,Stayed,0.1741082573743301,0.8258917426256699
46869,Stayed,0.18943125163045493,0.8105687483695451
6831,Stayed,0.3472047283676013,0.6527952716323987
20315,Stayed,0.3459745187572535,0.6540254812427465
69191,Stayed,0.22001613258174524,0.7799838674182548
44453,Stayed,0.073075855539668,0.926924144460332
73826,Stayed,0.0556403906149876,0.9443596093850124
27588,Stayed,0.4605260198824682,0.5394739801175318
50208,Left,0.8494914548339324,0.1505085451660676
37855,Stayed,0.03838119276535967,0.9616188072346403
55388,Left,0.9380346835569783,0.0619653164430217
36730,Stayed,0.3008227233356555,0.6991772766643445
41601,Stayed,0.4152192802931214,0.5847807197068786
28313,Left,0.7622672274423853,0.23773277255761469
27132,Left,0.8543039872164045,0.14569601278359542
64735,Left,0.613420140052155,0.38657985994784505
41237,Stayed,0.05417645059128395,0.945823549408716
14484,Stayed,0.36249532168275644,0.6375046783172436
13006,Stayed,0.44572921335202775,0.5542707866479722
14356,Stayed,0.4543156754470741,0.5456843245529259
37309,Left,0.724092738244303,0.275907261755697
17731,Stayed,0.10346719837214635,0.8965328016278536
32044,Stayed,0.155843321881608,0.844156678118392
55419,Stayed,0.20377554061248193,0.7962244593875181
49234,Stayed,0.13140956985983576,0.8685904301401642
32140,Stayed,0.2892214055263521,0.7107785944736479
36014,Left,0.8885350731418805,0.11146492685811948
57721,Left,0.572700438660503,0.42729956133949704
42024,Left,0.6532904640463473,0.34670953595365267
6569,Stayed,0.25880534797009036,0.7411946520299096
32639,Left,0.55505992851697,0.4449400714830301
52696,Stayed,0.24400799046611887,0.7559920095338811
9854,Stayed,0.26198488466248104,0.738015115337519
8459,Left,0.597856698040619,0.4021433019593809
33575,Left,0.6390732433269029,0.36092675667309715
9827,Left,0.8926963660710283,0.10730363392897173
47127,Stayed,0.22013828565072602,0.779861714349274
72810,Stayed,0.33547900236059613,0.6645209976394039
56877,Left,0.5682979989899946,0.43170200101000544
8655,Stayed,0.0362457873191101,0.9637542126808899
14122,Stayed,0.10891519114202375,0.8910848088579763
35627,Left,0.6380092704887126,0.36199072951128747
73107,Left,0.8815833975839276,0.1184166024160724
30877,Left,0.8473204084610906,0.15267959153890942
7038,Left,0.765544913335275,0.23445508666472506
63129,Stayed,0.11728510588031804,0.882714894119682
46460,Left,0.6032154645745742,0.39678453542542574
954,Stayed,0.494105631790817,0.505894368209183
70356,Stayed,0.10136790843407473,0.8986320915659253
35289,Left,0.9237424526506589,0.07625754734934112
35404,Left,0.5419115275403361,0.45808847245966394
40480,Stayed,0.167747908100075,0.832252091899925
47752,Stayed,0.272847406825127,0.727152593174873
25112,Stayed,0.19636789206358807,0.8036321079364119
39905,Left,0.9476467869374112,0.05235321306258883
43646,Stayed,0.13899565221683918,0.8610043477831608
56663,Stayed,0.3466612000812951,0.6533387999187049
66500,Left,0.5884989866370722,0.4115010133629277
36883,Left,0.9474211889647364,0.05257881103526361
2864,Left,0.8586483466788675,0.14135165332113253
19254,Left,0.8222053153022212,0.1777946846977788
8608,Left,0.7559431430063266,0.24405685699367347
26841,Stayed,0.2171371705486621,0.7828628294513379
1163,Stayed,0.1706932924300928,0.8293067075699072
64207,Left,0.5678486046749179,0.43215139532508207
56093,Stayed,0.10608146404951158,0.8939185359504884
2443,Left,0.9618342416009327,0.03816575839906738
23201,Left,0.7098966443998338,0.29010335560016615
70041,Stayed,0.10636576619805094,0.8936342338019491
66307,Left,0.8903374737036927,0.10966252629630736
25631,Left,0.9345624902299116,0.0654375097700884
14096,Stayed,0.45953728352560397,0.540462716474396
33165,Stayed,0.47596480154128507,0.5240351984587149
59237,Stayed,0.1408061553652108,0.8591938446347892
72865,Stayed,0.16232898076786906,0.8376710192321309
12359,Stayed,0.07817617283608336,0.9218238271639166
24580,Stayed,0.42412994186981356,0.5758700581301864
50507,Stayed,0.10992363301672159,0.8900763669832784
22878,Left,0.909477073286787,0.09052292671321302
19003,Left,0.8459417369401667,0.15405826305983328
48192,Stayed,0.27101231558952643,0.7289876844104736
62021,Left,0.7608410809332923,0.23915891906670772
57847,Stayed,0.11025624374018794,0.8897437562598121
48657,Left,0.8738266720572041,0.12617332794279595
27937,Stayed,0.2576000161499161,0.7423999838500839
25543,Left,0.6204233129742289,0.379576687025771
40086,Stayed,0.4595261271995327,0.5404738728004673
10320,Stayed,0.2854658104602391,0.7145341895397609
58000,Stayed,0.036637679233658904,0.9633623207663411
24657,Left,0.6556103867522756,0.3443896132477244
41781,Left,0.9387060428405114,0.06129395715948861
8116,Stayed,0.15238099118965454,0.8476190088103455
11251,Stayed,0.26295762373354015,0.7370423762664599
9490,Left,0.9199564774475196,0.08004352255248041
9732,Stayed,0.013683300447274616,0.9863166995527254
44821,Stayed,0.2452956810882022,0.7547043189117978
64438,Stayed,0.4809133798016907,0.5190866201983093
45219,Left,0.7942541795155245,0.2057458204844755
22058,Left,0.8823182787136161,0.1176817212863839
18428,Left,0.8795367042049209,0.12046329579507914
12496,Left,0.6814121569843526,0.31858784301564735
1792,Left,0.8368615931302397,0.16313840686976036
45525,Stayed,0.040341355475753904,0.9596586445242461
8640,Left,0.7744024874286461,0.2255975125713539
13324,Left,0.6260587580660211,0.373941241933979
7892,Stayed,0.3787761698498824,0.6212238301501176
21595,Left,0.7896132817444195,0.2103867182555805
42421,Stayed,0.0950793441933021,0.9049206558066979
22935,Stayed,0.03943822013410658,0.9605617798658934
25925,Left,0.7971590234050392,0.20284097659496078
17250,Left,0.7664870406850584,0.23351295931494168
54437,Left,0.6655449463669781,0.33445505363302186
52198,Stayed,0.025008202110036848,0.9749917978899632
10056,Left,0.812591990082706,0.18740800991729398
57644,Left,0.5148351698148921,0.48516483018510786
71714,Stayed,0.1888446505675202,0.8111553494324798
56967,Stayed,0.22077890388773946,0.7792210961122605
9723,Stayed,0.3355103128150482,0.6644896871849518
57537,Stayed,0.15368334573768982,0.8463166542623102
24685,Left,0.8264939972432273,0.17350600275677278
68407,Stayed,0.21920437454601938,0.7807956254539806
49645,Stayed,0.408028140449741,0.591971859550259
61676,Left,0.5518349581022094,0.4481650418977906
14545,Stayed,0.20179953539968176,0.7982004646003182
74345,Left,0.7722539684442644,0.22774603155573558
44643,Left,0.6101865648857381,0.38981343511426186
18959,Stayed,0.3949234632372419,0.6050765367627581
61001,Stayed,0.28088894537170805,0.719111054628292
13365,Stayed,0.4796295880327369,0.5203704119672631
19165,Left,0.5471851329964392,0.4528148670035608
48279,Stayed,0.14751258666451228,0.8524874133354877
67004,Stayed,0.3146558113780785,0.6853441886219215
29101,Left,0.5105930330219851,0.4894069669780149
31899,Stayed,0.3318856163455748,0.6681143836544252
30645,Left,0.8970611273918325,0.10293887260816753
56973,Left,0.629073763282279,0.37092623671772096
1748,Left,0.9068981275294647,0.09310187247053528
73828,Stayed,0.08687957422969994,0.9131204257703001
19555,Left,0.8899207237702166,0.11007927622978343
68531,Stayed,0.49193356872641747,0.5080664312735825
4089,Stayed,0.4484715083667913,0.5515284916332087
52274,Stayed,0.08937855224036573,0.9106214477596343
66192,Left,0.6552394639081836,0.3447605360918165
28297,Left,0.5055347724208872,0.4944652275791128
50505,Left,0.8956895844916596,0.1043104155083404
24339,Stayed,0.4717475472673833,0.5282524527326167
31727,Stayed,0.0579816956503173,0.9420183043496827
32619,Left,0.5302821927932908,0.4697178072067092
36046,Stayed,0.270658342936833,0.729341657063167
5673,Stayed,0.3862845568576687,0.6137154431423313
56336,Stayed,0.149297455541874,0.850702544458126
55475,Stayed,0.2336160752968578,0.7663839247031422
58692,Left,0.6887099247855879,0.31129007521441204
64811,Stayed,0.03281096462074817,0.9671890353792518
62899,Stayed,0.2821019425683906,0.7178980574316094
19839,Stayed,0.3174941041028533,0.6825058958971467
60075,Stayed,0.3730779068645912,0.6269220931354088
50788,Stayed,0.23805958434320007,0.7619404156567999
67792,Left,0.903481929291884,0.09651807070811606
62353,Left,0.8683974056774245,0.13160259432257546
1258,Stayed,0.06748106141895904,0.932518938581041
12043,Left,0.5215334662174265,0.47846653378257353
15321,Left,0.8305937946334849,0.16940620536651513
579,Left,0.5986951320474299,0.4013048679525702
46737,Stayed,0.033757718085703936,0.9662422819142961
24760,Stayed,0.24168422848947624,0.7583157715105238
56140,Left,0.7356992527637787,0.26430074723622127
2519,Left,0.9325029606957466,0.0674970393042534
68989,Left,0.8943231512197158,0.1056768487802842
65725,Stayed,0.3864086023551103,0.6135913976448897
21191,Stayed,0.46883661984366887,0.5311633801563311
50351,Left,0.8293954870073031,0.17060451299269688
36911,Stayed,0.3444871746416396,0.6555128253583604
66795,Left,0.6006891369629037,0.39931086303709623
44023,Left,0.5162541878254521,0.4837458121745479
34835,Left,0.947681967955087,0.05231803204491302
22209,Stayed,0.31349758952198137,0.6865024104780186
66610,Stayed,0.16708162991077768,0.8329183700892223
5971,Stayed,0.4174043418236598,0.5825956581763402
52896,Stayed,0.3411005835683666,0.6588994164316334
1257,Left,0.9466302547693071,0.05336974523069298
24495,Stayed,0.4977085596810408,0.5022914403189592
4029,Left,0.7466062566811336,0.25339374331886644
45515,Left,0.5491343412706449,0.45086565872935513
23865,Stayed,0.14185418473982503,0.858145815260175
32532,Stayed,0.18509410231820111,0.8149058976817989
47365,Left,0.7369586796611485,0.2630413203388516
37682,Stayed,0.40760272049531243,0.5923972795046876
29722,Left,0.7260890358425749,0.27391096415742505
22261,Stayed,0.11726580722172064,0.8827341927782794
25754,Left,0.9431186769280253,0.05688132307197464
25808,Stayed,0.41982189289858973,0.5801781071014103
19081,Left,0.67440338588257,0.32559661411742996
2928,Stayed,0.44556185487607436,0.5544381451239256
38512,Left,0.9600590518389136,0.03994094816108637
26542,Stayed,0.384795650144636,0.615204349855364
7479,Stayed,0.3090652289336997,0.6909347710663003
55128,Left,0.8761924662984635,0.12380753370153658
32235,Stayed,0.43861611596013306,0.5613838840398669
9646,Left,0.9512880672207912,0.04871193277920878
9386,Stayed,0.0681357534767596,0.9318642465232404
52126,Left,0.7530690344555169,0.2469309655444831
59127,Stayed,0.36575065927799155,0.6342493407220084
43851,Left,0.719969490194198,0.28003050980580196
20921,Left,0.9151516940066226,0.08484830599337749
39751,Left,0.6848331468975452,0.31516685310245485
59187,Stayed,0.3908702227664983,0.6091297772335017
40549,Stayed,0.10214658711582358,0.8978534128841764
15166,Left,0.5485377950910673,0.4514622049089328
29687,Left,0.9719017121135999,0.028098287886400165
73656,Left,0.7177438840949788,0.2822561159050212
53738,Left,0.692218841073955,0.30778115892604496
46528,Left,0.6136285643204318,0.3863714356795683
28633,Stayed,0.23160453130070402,0.768395468699296
48769,Left,0.9687474973911943,0.031252502608805716
31472,Left,0.7149212489747968,0.2850787510252032
69902,Stayed,0.36142056891135776,0.6385794310886422
2509,Stayed,0.4046146368223684,0.5953853631776316
3796,Left,0.783717375063001,0.21628262493699899
47055,Stayed,0.38627258837922585,0.6137274116207742
4574,Stayed,0.3512855179673757,0.6487144820326243
14753,Stayed,0.21679451331557598,0.783205486684424
15392,Left,0.8588295878750618,0.14117041212493822
20249,Left,0.9530577713671061,0.04694222863289385
42315,Left,0.8074381497993928,0.1925618502006073
30015,Left,0.9423091272696211,0.05769087273037884
17463,Left,0.722346802204645,0.277653197795355
51015,Stayed,0.18771287927047176,0.8122871207295282
51485,Left,0.5966390196755977,0.4033609803244022
12546,Left,0.7231018369685724,0.27689816303142756
22476,Stayed,0.051420174487472825,0.9485798255125272
57830,Stayed,0.1359700900149119,0.8640299099850881
21048,Left,0.8758196971639246,0.12418030283607542
28585,Stayed,0.1384364709058865,0.8615635290941135
9136,Left,0.5641399168170864,0.4358600831829135
14155,Left,0.8591124905156712,0.1408875094843288
16717,Left,0.8634441904326865,0.1365558095673135
66095,Stayed,0.236998194211827,0.763001805788173
46047,Left,0.7745076321514728,0.22549236784852728
37009,Stayed,0.24014508392339629,0.7598549160766037
21600,Left,0.8505234006144264,0.14947659938557353
42303,Left,0.7633600843429535,0.23663991565704648
16153,Stayed,0.35644678055069245,0.6435532194493075
52277,Stayed,0.0907704948912651,0.9092295051087349
49316,Stayed,0.4549800723620028,0.5450199276379972
55830,Left,0.5915202219714929,0.4084797780285071
27402,Left,0.9322274211232865,0.06777257887671355
19615,Stayed,0.2683836854982309,0.7316163145017691
15177,Left,0.7198494070000542,0.2801505929999458
15710,Stayed,0.40549564808870864,0.5945043519112914
54560,Stayed,0.06524675740788732,0.9347532425921127
48707,Stayed,0.3785473495466505,0.6214526504533495
28522,Stayed,0.21720897454780141,0.7827910254521986
37784,Stayed,0.17637688147082387,0.8236231185291761
29538,Stayed,0.3294949203449403,0.6705050796550597
1577,Left,0.5912171392703058,0.40878286072969416
6514,Stayed,0.11856258919246165,0.8814374108075383
68582,Left,0.6900352920289134,0.30996470797108655
11276,Stayed,0.17201158738063727,0.8279884126193627
14927,Left,0.688658255982538,0.3113417440174619
38376,Left,0.8091693812228403,0.1908306187771597
14958,Left,0.7546401719907176,0.2453598280092823
62513,Left,0.9332879134556353,0.06671208654436471
37462,Stayed,0.2769279983873424,0.7230720016126576
13380,Stayed,0.18778865338402495,0.812211346615975
36715,Left,0.520617319855165,0.479382680144835
45553,Left,0.7741557808994775,0.22584421910052258
23049,Left,0.5957166331296806,0.40428336687031935
72871,Stayed,0.4727827348098409,0.5272172651901591
38113,Left,0.669829601576478,0.33017039842352197
912,Left,0.9078345443035232,0.09216545569647688
12432,Stayed,0.10874245985172781,0.8912575401482722
17361,Stayed,0.40289162338164763,0.5971083766183524
37612,Stayed,0.30552288823507256,0.6944771117649274
10689,Left,0.6140366600532299,0.3859633399467701
71762,Left,0.6363258881500604,0.36367411184993964
33030,Left,0.9816390526587149,0.018360947341285114
31464,Stayed,0.07994008323240409,0.9200599167675959
46769,Stayed,0.356859695097977,0.643140304902023
28407,Stayed,0.09454293858849028,0.9054570614115097
61619,Left,0.7132318669888972,0.2867681330111028
60194,Stayed,0.36051408692311004,0.63948591307689
70465,Stayed,0.4065341313165741,0.5934658686834259
3301,Left,0.6422179816010372,0.35778201839896284
12640,Left,0.7505196862565903,0.2494803137434097
41490,Stayed,0.3606436400007752,0.6393563599992248
63174,Left,0.6720261649399566,0.32797383506004346
27320,Left,0.9775802727338566,0.02241972726614339
7913,Stayed,0.08046226951066415,0.9195377304893358
33257,Left,0.9467890523571892,0.05321094764281074
39741,Left,0.6093854259672398,0.3906145740327603
6936,Left,0.8212663248529009,0.17873367514709917
9982,Left,0.9665816643611901,0.03341833563880991
44849,Stayed,0.4036668900007966,0.5963331099992034
12815,Left,0.8854151686347689,0.1145848313652311
45758,Stayed,0.29203515699500115,0.7079648430049988
33248,Left,0.5979377248853907,0.40206227511460935
73003,Left,0.654258425932017,0.345741574067983
57503,Left,0.6575706108542585,0.34242938914574145
67298,Left,0.8494285786997449,0.15057142130025508
42671,Left,0.5235004657352755,0.4764995342647244
25414,Stayed,0.43315900828704335,0.5668409917129567
16306,Left,0.5510945795491895,0.44890542045081055
63479,Stayed,0.29275761834464753,0.7072423816553525
25292,Left,0.8490344055505797,0.15096559444942023
39369,Left,0.7888444176483735,0.21115558235162643
44695,Stayed,0.4004663463797816,0.5995336536202184
57262,Stayed,0.029900734213098135,0.9700992657869019
70679,Stayed,0.48923293571864535,0.5107670642813547
39821,Stayed,0.08122379888369158,0.9187762011163084
6311,Left,0.9241253177134963,0.07587468228650371
11840,Stayed,0.15879817988966505,0.841201820110335
27557,Left,0.6249851210107396,0.3750148789892604
61027,Left,0.5320013829008956,0.4679986170991044
30322,Stayed,0.029469736463587082,0.9705302635364129
13353,Left,0.8102982407872489,0.1897017592127511
62195,Stayed,0.23129092387105932,0.7687090761289407
51127,Stayed,0.04493141974507264,0.9550685802549274
57736,Left,0.885012435200592,0.11498756479940797
18713,Left,0.6539315752878754,0.3460684247121246
60004,Stayed,0.42380434703306336,0.5761956529669366
13487,Stayed,0.09394845720512612,0.9060515427948739
44613,Left,0.8699896427162892,0.1300103572837108
543,Left,0.6375828369015031,0.36241716309849686
34597,Stayed,0.11371875680083787,0.8862812431991621
40647,Stayed,0.21893160747314966,0.7810683925268503
45320,Left,0.8707392831468461,0.12926071685315388
64639,Left,0.8350444255144807,0.16495557448551937
68998,Stayed,0.119614522412272,0.880385477587728
3190,Left,0.6446036774681236,0.3553963225318764
3171,Stayed,0.06014621561737388,0.9398537843826261
68189,Stayed,0.05572678571758727,0.9442732142824127
26566,Left,0.6236106275236419,0.376389372476358
49363,Stayed,0.22833162063674028,0.7716683793632597
50964,Stayed,0.0647624211306791,0.9352375788693209
41938,Stayed,0.1345184001906241,0.8654815998093759
61030,Stayed,0.058612049046857684,0.9413879509531423
59707,Stayed,0.019006977066157504,0.9809930229338425
11600,Left,0.5026891062561649,0.4973108937438351
15160,Left,0.622126459888991,0.37787354011100904
40177,Stayed,0.3696759865153588,0.6303240134846412
19342,Stayed,0.36047088288659035,0.6395291171134097
19369,Stayed,0.3373288903311953,0.6626711096688047
44993,Stayed,0.3020110916951467,0.6979889083048533
59545,Stayed,0.09331588059720819,0.9066841194027918
12493,Left,0.5649349482543995,0.43506505174560045
32778,Stayed,0.017986446722426774,0.9820135532775732
24962,Stayed,0.2260858349501137,0.7739141650498863
5836,Left,0.7202012684807233,0.27979873151927676
59034,Stayed,0.012192532332730655,0.9878074676672693
69500,Left,0.9774868953615425,0.022513104638457463
28463,Stayed,0.321214165879956,0.678785834120044
30458,Left,0.9404370546428739,0.0595629453571261
61150,Stayed,0.07992173216295817,0.9200782678370418
53995,Stayed,0.4843760580977018,0.5156239419022982
33869,Stayed,0.06757321992592635,0.9324267800740736
5788,Left,0.6716354448831134,0.32836455511688656
66851,Stayed,0.39471633773593906,0.6052836622640609
37599,Left,0.5096788530475671,0.49032114695243284
65668,Left,0.6264622778677069,0.3735377221322931
29260,Stayed,0.042048540390821065,0.9579514596091789
22271,Left,0.92850408990674,0.07149591009325994
68140,Left,0.5897954275792641,0.41020457242073594
10029,Stayed,0.4075420073239089,0.5924579926760911
41923,Left,0.8667451411393994,0.1332548588606006
37273,Stayed,0.3944721454622696,0.6055278545377304
24670,Stayed,0.0487520282153614,0.9512479717846386
46702,Stayed,0.3147304568736822,0.6852695431263178
67300,Stayed,0.36138049841522946,0.6386195015847705
7476,Left,0.9388226171597098,0.061177382840290166
66701,Left,0.9662631592617765,0.03373684073822343
60146,Left,0.6973111528820188,0.30268884711798116
64984,Stayed,0.269449233229742,0.730550766770258
48310,Stayed,0.09764038674010533,0.9023596132598947
40814,Stayed,0.21631543710144296,0.783684562898557
40175,Left,0.936656042802668,0.06334395719733193
69512,Left,0.8126517063635532,0.18734829363644678
71143,Left,0.6874902078204028,0.3125097921795972
55037,Left,0.5984841934517666,0.4015158065482333
13216,Left,0.7925006131132459,0.20749938688675404
5663,Left,0.5910649099355043,0.40893509006449574
13321,Left,0.5265818498475737,0.4734181501524263
28157,Stayed,0.3673971934795084,0.6326028065204916
57628,Left,0.9463953414620321,0.053604658537967864
23496,Left,0.8175040321983282,0.18249596780167174
21461,Left,0.723181794945335,0.276818205054665
65110,Left,0.8337729700996686,0.1662270299003315
51428,Stayed,0.26238590878726775,0.7376140912127322
14832,Stayed,0.22835731527698933,0.7716426847230107
38801,Stayed,0.09468686546399818,0.9053131345360018
70367,Left,0.7873375365099711,0.21266246349002887
16459,Left,0.6160457999274395,0.38395420007256054
5282,Stayed,0.10850131826889953,0.8914986817311005
13815,Left,0.6990877325896949,0.300912267410305
22397,Stayed,0.14501081093246604,0.854989189067534
53288,Stayed,0.37924837932466426,0.6207516206753357
51191,Left,0.9591582062780272,0.040841793721972844
65446,Stayed,0.1644762065549764,0.8355237934450236
30862,Stayed,0.4096019959356325,0.5903980040643675
39152,Stayed,0.36707535659572876,0.6329246434042712
25953,Left,0.7443775906144279,0.25562240938557207
18939,Stayed,0.4148956482553219,0.5851043517446781
32234,Stayed,0.16068040953033602,0.839319590469664
18620,Stayed,0.13343065382661634,0.8665693461733837
60952,Stayed,0.20912521527087113,0.7908747847291289
37521,Left,0.9147218493769802,0.08527815062301974
34549,Left,0.9496361882878972,0.050363811712102795
15807,Left,0.9500444079069568,0.04995559209304324
38572,Left,0.6328456556077964,0.36715434439220357
68521,Left,0.638793106026943,0.36120689397305705
6063,Stayed,0.3392892417671538,0.6607107582328462
8491,Left,0.8994340202126236,0.10056597978737639
70783,Left,0.8670003129758389,0.13299968702416112
20022,Left,0.5097566907670912,0.49024330923290876
46748,Left,0.5792153196858847,0.4207846803141153
39011,Stayed,0.060820575507956276,0.9391794244920437
2066,Stayed,0.06555560451758613,0.9344443954824139
24636,Stayed,0.05091289800895127,0.9490871019910487
226,Stayed,0.05585522958579725,0.9441447704142027
54996,Stayed,0.21351535989940673,0.7864846401005933
14917,Left,0.5192871038498315,0.4807128961501685
70594,Left,0.7222898714974815,0.27771012850251847
34318,Left,0.6081820043971446,0.3918179956028554
11182,Stayed,0.13788439215077852,0.8621156078492215
43007,Left,0.7010726621103649,0.29892733788963516
47304,Stayed,0.3157542800131736,0.6842457199868264
691,Stayed,0.04662946612117724,0.9533705338788228
67247,Left,0.6415151717917056,0.3584848282082944
43914,Stayed,0.30895852171496974,0.6910414782850303
34474,Stayed,0.4205429243167359,0.5794570756832641
61513,Stayed,0.04146699545168464,0.9585330045483154
24868,Left,0.702590582362352,0.29740941763764805
36053,Left,0.5063073239492635,0.4936926760507365
12761,Left,0.899424425890144,0.10057557410985593
53513,Stayed,0.11918563110304081,0.8808143688969592
33019,Stayed,0.04025377067887226,0.9597462293211277
47424,Stayed,0.20019924527914557,0.7998007547208544
58752,Left,0.7596253077073714,0.2403746922926286
45569,Stayed,0.38638139733428545,0.6136186026657146
4679,Stayed,0.290156277488824,0.709843722511176
62506,Left,0.7279474637251233,0.2720525362748767
40501,Left,0.5790993326183786,0.42090066738162135
20536,Left,0.9232606301303721,0.07673936986962793
34491,Stayed,0.3966096549208278,0.6033903450791722
19927,Stayed,0.13102247303092862,0.8689775269690714
24949,Left,0.6058759439690888,0.3941240560309111
48241,Left,0.5344753261738815,0.46552467382611845
4885,Left,0.8684924260655694,0.13150757393443055
19922,Stayed,0.19067169838664155,0.8093283016133584
31389,Left,0.808824793577868,0.191175206422132
72063,Left,0.6138330842557309,0.3861669157442691
17832,Left,0.8039631794600949,0.1960368205399051
14109,Left,0.7446053158807027,0.2553946841192974
70909,Stayed,0.2180047272034954,0.7819952727965046
56006,Stayed,0.33107191091363386,0.6689280890863661
21288,Stayed,0.2392689949774356,0.7607310050225644
20620,Stayed,0.3150746240516642,0.6849253759483358
28655,Left,0.9558158518996146,0.04418414810038537
43003,Stayed,0.48032041729396546,0.5196795827060345
23833,Left,0.6309418728115035,0.36905812718849657
27754,Stayed,0.07676801146561896,0.923231988534381
9273,Stayed,0.05893827348988767,0.9410617265101123
8075,Left,0.57379812514682,0.42620187485317995
17854,Left,0.9256521930917433,0.07434780690825668
39484,Left,0.8672809727651005,0.1327190272348995
69879,Stayed,0.37732875853124803,0.622671241468752
20965,Stayed,0.12286390038306927,0.8771360996169307
65513,Left,0.9447171492862558,0.05528285071374416
56349,Left,0.9382290824821957,0.06177091751780431
72094,Left,0.5658000741367969,0.4341999258632031
68507,Left,0.7945127487948985,0.2054872512051015
22385,Stayed,0.4675019193999883,0.5324980806000117
14945,Left,0.5775863837907718,0.42241361620922824
25496,Left,0.7884329121321798,0.21156708786782014
38580,Left,0.7384150327277661,0.26158496727223385
1967,Left,0.6778240065531804,0.32217599344681963
2362,Left,0.9363886517438428,0.06361134825615722
51653,Stayed,0.06559990935939874,0.9344000906406013
24305,Left,0.6828205319746394,0.3171794680253605
70222,Left,0.5133895613296147,0.4866104386703854
72778,Left,0.873835415078995,0.12616458492100502
51061,Stayed,0.4668840524128014,0.5331159475871986
63730,Stayed,0.06681841398453547,0.9331815860154645
19712,Left,0.7879281259344646,0.21207187406553535
38616,Stayed,0.1215036437919308,0.8784963562080692
31523,Stayed,0.22916770744719117,0.7708322925528088
27668,Stayed,0.07594185937887521,0.9240581406211248
4681,Stayed,0.25681951834418293,0.7431804816558171
71420,Left,0.6957328038991396,0.3042671961008604
45731,Left,0.8987641159186257,0.10123588408137431
61739,Left,0.8058470910169448,0.19415290898305512
55601,Stayed,0.3202936814051064,0.6797063185948936
10124,Left,0.6140574896277334,0.38594251037226657
65209,Left,0.9135567652612397,0.08644323473876021
69063,Left,0.6116882044704639,0.3883117955295361
8781,Stayed,0.2566372497579211,0.7433627502420789
44425,Stayed,0.05422090020759451,0.9457790997924055
32699,Stayed,0.08435743884243774,0.9156425611575623
26214,Left,0.6786251529146854,0.3213748470853146
10816,Stayed,0.18389037010782028,0.8161096298921797
49505,Left,0.7098546382259124,0.29014536177408756
28908,Stayed,0.36454942219420683,0.6354505778057932
40859,Stayed,0.30064239891027644,0.6993576010897236
1079,Stayed,0.25246440320206975,0.7475355967979302
73961,Stayed,0.09880344964639887,0.9011965503536011
39998,Stayed,0.4078359344697071,0.5921640655302929
58015,Stayed,0.29432493050539676,0.7056750694946032
56273,Left,0.9086441178035587,0.09135588219644135
6101,Stayed,0.41618013296240075,0.5838198670375992
22148,Left,0.7994133322116891,0.2005866677883109
49795,Left,0.9219781866227595,0.07802181337724044
4680,Stayed,0.08574402673644066,0.9142559732635593
10673,Stayed,0.3172289753923102,0.6827710246076898
60565,Left,0.5633329221036913,0.43666707789630865
40821,Left,0.6967033274830648,0.30329667251693515
7060,Left,0.8144631391911222,0.18553686080887774
68661,Stayed,0.38671383507003565,0.6132861649299644
48758,Left,0.7409352050436298,0.25906479495637025
60515,Left,0.8493442744993707,0.15065572550062928
20278,Stayed,0.1917679527672953,0.8082320472327047
5518,Left,0.5102234362099085,0.48977656379009143
25149,Left,0.7608284356081995,0.23917156439180057
59562,Stayed,0.46495590144534116,0.5350440985546588
6905,Left,0.7277269579844429,0.27227304201555713
21803,Stayed,0.09490615309240757,0.9050938469075924
25687,Left,0.9063218056993225,0.0936781943006775
12663,Left,0.5485518987044247,0.45144810129557533
1860,Left,0.6740542154188583,0.32594578458114165
16766,Stayed,0.2442728933337145,0.7557271066662855
68734,Left,0.9302876973042001,0.06971230269579984
40313,Left,0.7543234764538129,0.2456765235461871
48584,Stayed,0.149195689573,0.850804310427
41961,Left,0.8069520808824819,0.19304791911751804
18763,Left,0.670592318010224,0.32940768198977605
9756,Stayed,0.07488631067771667,0.9251136893222833
44422,Left,0.581232081234121,0.4187679187658791
10539,Left,0.9120641398915528,0.08793586010844721
73173,Stayed,0.07769357921038722,0.9223064207896128
3618,Stayed,0.497383828299112,0.502616171700888
42694,Left,0.6678624778475863,0.3321375221524137
47395,Left,0.5062998174105113,0.49370018258948867
18024,Stayed,0.17126592274788643,0.8287340772521136
16682,Left,0.7836358883726745,0.21636411162732552
20061,Left,0.8808140168939237,0.11918598310607628
35020,Left,0.5941859491659341,0.40581405083406585
13088,Left,0.6782846151411686,0.3217153848588314
11116,Left,0.787001773658766,0.21299822634123403
15034,Stayed,0.3216057425145228,0.6783942574854772
2852,Stayed,0.11981221667795339,0.8801877833220466
15487,Stayed,0.32039993503416797,0.679600064965832
60479,Left,0.8366902154649656,0.16330978453503436
34577,Left,0.587755678781851,0.41224432121814897
28919,Left,0.595299468680875,0.404700531319125
43143,Stayed,0.02927087514331761,0.9707291248566824
36248,Stayed,0.19050751694504342,0.8094924830549566
68438,Left,0.6237130106838846,0.3762869893161154
35045,Left,0.8721513656793712,0.12784863432062876
8009,Stayed,0.3316894314992076,0.6683105685007924
28933,Left,0.9668118457678174,0.03318815423218257
9700,Stayed,0.3648041108954714,0.6351958891045286
41443,Stayed,0.38075858245406535,0.6192414175459346
58089,Stayed,0.21022883457102004,0.78977116542898
43326,Left,0.5257766501660539,0.47422334983394615
31739,Stayed,0.36271303547735767,0.6372869645226423
21957,Stayed,0.14289327842327948,0.8571067215767205
22514,Left,0.7249464927024618,0.2750535072975382
20347,Left,0.9236283693820517,0.07637163061794822
44921,Left,0.8255474286553698,0.17445257134463021
12635,Stayed,0.01973360615448927,0.9802663938455107
71398,Stayed,0.11421335831621005,0.88578664168379
3118,Stayed,0.3196107042839763,0.6803892957160237
73210,Stayed,0.3942322929446427,0.6057677070553573
11418,Stayed,0.48101267952296045,0.5189873204770395
27773,Stayed,0.04905908129614733,0.9509409187038527
2153,Left,0.5425179123371225,0.45748208766287746
12311,Left,0.6816218700836649,0.31837812991633513
7933,Left,0.552154745842174,0.44784525415782594
6976,Stayed,0.40797701318342783,0.5920229868165722
49186,Left,0.8578628285101066,0.14213717148989333
73357,Left,0.8582166918541552,0.14178330814584486
61889,Left,0.9081623252553429,0.09183767474465712
17296,Left,0.7797700500135163,0.22022994998648374
52688,Stayed,0.31840889445188214,0.6815911055481179
53699,Stayed,0.47478729459025437,0.5252127054097456
5315,Left,0.9343741434850887,0.06562585651491126
65733,Stayed,0.4764507102513581,0.5235492897486419
57322,Left,0.7944058308211972,0.20559416917880277
58363,Left,0.6538896697575729,0.34611033024242704
15180,Stayed,0.22792355096023942,0.7720764490397606
70864,Left,0.830604588976317,0.16939541102368308
9088,Stayed,0.11131854151665654,0.8886814584833435
60853,Left,0.7485540853209864,0.25144591467901356
55260,Left,0.6122555069628091,0.3877444930371909
11904,Stayed,0.11098716216028282,0.8890128378397172
74006,Left,0.8248863619145316,0.17511363808546845
8875,Left,0.5829401891001554,0.41705981089984456
8935,Left,0.8345762046787744,0.1654237953212257
66711,Stayed,0.30790654797177597,0.692093452028224
34419,Stayed,0.4779258328274656,0.5220741671725344
15148,Left,0.5375373289662253,0.46246267103377464
54014,Stayed,0.21561620351058874,0.7843837964894113
37267,Left,0.6143013340463852,0.3856986659536148
30850,Left,0.8523567953054422,0.14764320469455786
69861,Left,0.9481213731882926,0.051878626811707386
7617,Stayed,0.051591023258527824,0.9484089767414722
12346,Left,0.8504680385120684,0.14953196148793152
27050,Stayed,0.28005708546701824,0.7199429145329818
57859,Stayed,0.4852487204488173,0.5147512795511827
6185,Left,0.8679843113685047,0.1320156886314953
14284,Stayed,0.4130352083294583,0.5869647916705417
20794,Left,0.9408473228919683,0.059152677108031744
64748,Left,0.9304068995655664,0.0695931004344336
17519,Stayed,0.41153116678458423,0.5884688332154158
63119,Stayed,0.1896598054829799,0.8103401945170201
62800,Stayed,0.4995153686641539,0.5004846313358461
36417,Stayed,0.3063493174197296,0.6936506825802704
20256,Left,0.8057092662299016,0.19429073377009845
10875,Left,0.8632320032761986,0.13676799672380133
21418,Stayed,0.2268803596577511,0.7731196403422489
73585,Left,0.5951122355038763,0.4048877644961237
72001,Stayed,0.19805239610900383,0.8019476038909962
65230,Stayed,0.1350641815696323,0.8649358184303677
51772,Stayed,0.31005902152856846,0.6899409784714315
74106,Stayed,0.497722546656593,0.502277453343407
36386,Stayed,0.014407710509463656,0.9855922894905363
35612,Left,0.7638746920296159,0.23612530797038414
23194,Stayed,0.17837885163137646,0.8216211483686235
4094,Left,0.8244733904803596,0.17552660951964033
27099,Left,0.5044184804487616,0.4955815195512384
48042,Left,0.6035967254345849,0.3964032745654152
20833,Stayed,0.22025246567730494,0.7797475343226951
6516,Stayed,0.322429002325649,0.677570997674351
4690,Left,0.5500404553770514,0.4499595446229486
47166,Left,0.8223131975033353,0.17768680249666471
36319,Left,0.8254351579654531,0.17456484203454695
7011,Stayed,0.2164224611635014,0.7835775388364986
70819,Stayed,0.14130161655644158,0.8586983834435584
48105,Left,0.5372337843981685,0.46276621560183157
5764,Left,0.903569543169677,0.09643045683032299
6214,Stayed,0.07980154081658364,0.9201984591834164
59371,Stayed,0.1861912282234608,0.8138087717765392
2516,Left,0.8326374222344972,0.1673625777655028
58947,Left,0.596192796767954,0.403807203232046
50636,Stayed,0.1441785748168125,0.8558214251831875
9936,Stayed,0.25248786390647837,0.7475121360935216
50247,Stayed,0.3660261402903324,0.6339738597096676
16246,Stayed,0.36412146327492445,0.6358785367250755
63214,Stayed,0.03088949193664081,0.9691105080633592
4245,Left,0.7946094314186454,0.20539056858135468
28012,Left,0.6596435434219199,0.34035645657808006
51330,Stayed,0.12107943668218113,0.8789205633178189
53641,Left,0.8771112985751225,0.12288870142487747
7319,Left,0.9487408613875271,0.05125913861247289
9397,Stayed,0.29857581575403513,0.7014241842459649
54336,Stayed,0.2569842438264499,0.7430157561735501
6651,Left,0.5668969674567543,0.4331030325432456
5599,Stayed,0.23661183037707012,0.7633881696229299
11868,Stayed,0.24450718709753605,0.755492812902464
24427,Left,0.7861361428704057,0.2138638571295943
25717,Left,0.5053885376190286,0.49461146238097137
12482,Stayed,0.3591023840917198,0.6408976159082802
3864,Left,0.6719114135297201,0.32808858647027994
62019,Stayed,0.03551832796234422,0.9644816720376558
20005,Left,0.784620192272133,0.215379807727867
53171,Left,0.7169493994887326,0.2830506005112674
74049,Stayed,0.14320363666918334,0.8567963633308167
1299,Stayed,0.1999072342543926,0.8000927657456074
54207,Stayed,0.03551812599497506,0.9644818740050249
8783,Stayed,0.2851925424587235,0.7148074575412765
16074,Left,0.8661973983650081,0.13380260163499189
38851,Left,0.9437185117708393,0.05628148822916064
48478,Stayed,0.29866932661166834,0.7013306733883317
3929,Left,0.8171852735050753,0.18281472649492464
70690,Stayed,0.2942719480885727,0.7057280519114273
42715,Left,0.694652629631151,0.305347370368849
32566,Stayed,0.35981038252334663,0.6401896174766534
47696,Left,0.5114003712500903,0.4885996287499097
29090,Left,0.5675050236994692,0.43249497630053085
65239,Stayed,0.48559321005833633,0.5144067899416637
47238,Left,0.8945723373251154,0.10542766267488453
21373,Stayed,0.24342186541983568,0.7565781345801643
13326,Left,0.5793102957894383,0.4206897042105618
66539,Stayed,0.34325809249157646,0.6567419075084235
40412,Stayed,0.21789390280465692,0.7821060971953431
39112,Stayed,0.49955707587191767,0.5004429241280823
24958,Stayed,0.2530225459214531,0.7469774540785469
3931,Stayed,0.34372366659528597,0.656276333404714
27721,Stayed,0.08187200569797459,0.9181279943020254
23208,Left,0.9111063342090194,0.0888936657909806
11747,Left,0.5454907538001106,0.4545092461998894
22042,Stayed,0.38282290619647874,0.6171770938035213
47910,Stayed,0.22928670021838682,0.7707132997816132
7515,Left,0.6748843549262671,0.325115645073733
58829,Stayed,0.28760315088703436,0.7123968491129656
7183,Stayed,0.07950449497007828,0.9204955050299217
57972,Left,0.6456269124548604,0.3543730875451397
15256,Left,0.8907336933156214,0.10926630668437869
38051,Stayed,0.4315964004649435,0.5684035995350565
23723,Stayed,0.018148322148285545,0.9818516778517145
41701,Left,0.8585112735201547,0.14148872647984534
12960,Left,0.6232565441270377,0.3767434558729624
45288,Stayed,0.12171386992259403,0.878286130077406
61960,Stayed,0.24492275020337284,0.7550772497966272
67341,Left,0.8650360883982353,0.1349639116017647
42696,Stayed,0.46526628834806316,0.5347337116519368
8743,Left,0.9300893151761351,0.0699106848238649
74375,Left,0.6131410006841798,0.3868589993158203
9223,Stayed,0.4733937759684429,0.5266062240315571
53123,Left,0.6487799615152587,0.35122003848474126
39996,Stayed,0.46881221699793585,0.5311877830020642
64449,Left,0.6111218520113915,0.3888781479886086
43300,Left,0.8180204093440582,0.18197959065594183
24281,Left,0.9053331398957098,0.09466686010429019
3995,Stayed,0.3913606784912995,0.6086393215087005
6475,Left,0.7225156555423587,0.27748434445764125
13427,Left,0.7092525669958926,0.29074743300410744
12523,Left,0.6449721673934705,0.3550278326065295
69695,Stayed,0.14188631217722636,0.8581136878227736
19771,Left,0.568611611607301,0.431388388392699
72377,Stayed,0.10551083395764382,0.8944891660423562
25847,Left,0.7901231468069195,0.2098768531930805
49944,Stayed,0.04802656907555458,0.9519734309244454
53990,Stayed,0.0978949570213965,0.9021050429786035
5716,Stayed,0.4904751678263085,0.5095248321736915
16230,Left,0.5930836486309445,0.4069163513690555
5171,Stayed,0.47969976568254735,0.5203002343174526
35994,Stayed,0.2992335701636246,0.7007664298363754
16527,Stayed,0.47176876434404535,0.5282312356559546
1442,Stayed,0.32458017159603514,0.6754198284039649
66966,Left,0.7092679976967189,0.2907320023032811
64128,Stayed,0.3645222621455151,0.6354777378544849
5533,Stayed,0.1693944173686469,0.8306055826313531
44316,Stayed,0.4569969698023707,0.5430030301976293
18944,Stayed,0.3011197020753882,0.6988802979246118
7787,Stayed,0.3851149092553344,0.6148850907446656
14497,Stayed,0.2259185514475881,0.7740814485524119
71526,Stayed,0.4610161415901125,0.5389838584098875
63042,Left,0.5604315512468809,0.439568448753119
1349,Left,0.697385287227059,0.302614712772941
57421,Stayed,0.29027236838916437,0.7097276316108356
6861,Left,0.904406811724686,0.09559318827531403
11703,Stayed,0.26759675714443,0.73240324285557
62992,Left,0.9426745139281925,0.05732548607180749
73446,Stayed,0.4379643172779205,0.5620356827220795
20623,Left,0.8850609258477575,0.11493907415224247
50675,Left,0.5264289887758719,0.47357101122412815
9913,Stayed,0.16354141185779558,0.8364585881422044
49533,Stayed,0.4097419353379824,0.5902580646620176
59444,Left,0.7283666471261939,0.2716333528738061
6049,Left,0.815599912646547,0.18440008735345303
43746,Stayed,0.4175589481934483,0.5824410518065517
17237,Left,0.5091836150293935,0.49081638497060653
62572,Stayed,0.17735490298965495,0.822645097010345
43534,Stayed,0.16394755344380196,0.836052446556198
20197,Left,0.7974997755869688,0.20250022441303117
22312,Left,0.8966865241518012,0.10331347584819889
63864,Left,0.6724792513963596,0.3275207486036404
13095,Stayed,0.3266867105135899,0.6733132894864101
52032,Stayed,0.12066059915029936,0.8793394008497006
69032,Stayed,0.14463708851827672,0.8553629114817233
37552,Left,0.8365470534466377,0.1634529465533623
5772,Left,0.9233339751653395,0.0766660248346604
15704,Left,0.8795312791369653,0.12046872086303476
32704,Left,0.7119870962504529,0.28801290374954713
6232,Left,0.6936138387962744,0.30638616120372564
11402,Stayed,0.3414295245892688,0.6585704754107312
11755,Left,0.5183212769826402,0.48167872301735987
4109,Stayed,0.4847703747572507,0.5152296252427493
61842,Left,0.7717602587081264,0.22823974129187366
27091,Left,0.6601488807354169,0.3398511192645831
41452,Left,0.6016129119166496,0.3983870880833504
27328,Stayed,0.4198501005410892,0.5801498994589108
36756,Left,0.9335309226636092,0.06646907733639083
66951,Left,0.913750855565632,0.08624914443436806
9818,Left,0.939680085025116,0.06031991497488393
30517,Left,0.8146044185196682,0.18539558148033175
21780,Left,0.9603931108259592,0.03960688917404073
39234,Left,0.5181782787211859,0.48182172127881406
45317,Stayed,0.4242584585287523,0.5757415414712477
9671,Left,0.5287090483935022,0.47129095160649775
44782,Stayed,0.2793551053264869,0.7206448946735131
1589,Stayed,0.40399775839832386,0.5960022416016761
31573,Stayed,0.3678810020670573,0.6321189979329427
33241,Left,0.6473983510909818,0.3526016489090182
22611,Left,0.7703296282078805,0.22967037179211947
36027,Stayed,0.4408396312006544,0.5591603687993456
26862,Stayed,0.48398269867473453,0.5160173013252655
9288,Left,0.9267550956967731,0.07324490430322693
16003,Stayed,0.3722706770022106,0.6277293229977894
57834,Left,0.862876195043836,0.1371238049561641
16337,Left,0.7426702672759911,0.2573297327240089
51461,Left,0.9141986875334258,0.08580131246657413
49489,Left,0.8954444498553567,0.1045555501446433
7724,Left,0.5436670934107246,0.4563329065892754
49032,Left,0.8363077361649265,0.16369226383507354
14006,Stayed,0.14094206577365043,0.8590579342263496
74228,Stayed,0.4536822272349945,0.5463177727650055
53882,Left,0.7101600682525092,0.2898399317474908
70491,Stayed,0.18655383722880492,0.8134461627711951
12540,Stayed,0.4501077096874181,0.5498922903125819
2491,Left,0.8837739883038239,0.11622601169617608
56403,Stayed,0.29238508646325123,0.7076149135367488
5015,Left,0.5159422437340396,0.48405775626596037
33146,Stayed,0.28169349621203643,0.7183065037879636
68819,Left,0.9375371874163279,0.06246281258367217
17346,Left,0.9114217634453825,0.08857823655461747
72127,Stayed,0.4315875683638464,0.5684124316361536
60492,Stayed,0.14248995655619712,0.8575100434438029
70624,Left,0.9391714769906858,0.06082852300931422
65801,Left,0.8234858830763978,0.17651411692360214
32373,Left,0.5634847818133115,0.4365152181866885
71367,Stayed,0.3147827641493707,0.6852172358506293
12075,Left,0.8061985502578125,0.1938014497421875
44385,Left,0.87979830972042,0.12020169027958001
25332,Stayed,0.07363534108097214,0.9263646589190279
24255,Stayed,0.19015384504250255,0.8098461549574975
43896,Left,0.9041053778681092,0.09589462213189087
60731,Stayed,0.46001768481575855,0.5399823151842414
58783,Left,0.5122969286063503,0.48770307139364966
57763,Stayed,0.04759120678127626,0.9524087932187237
27369,Stayed,0.39107558837249357,0.6089244116275064
64322,Left,0.9292983871078936,0.07070161289210641
64144,Stayed,0.22850905790310294,0.7714909420968971
10685,Stayed,0.4726524092554817,0.5273475907445183
2747,Stayed,0.4381376868083289,0.5618623131916711
24458,Stayed,0.06677460062876561,0.9332253993712344
33931,Stayed,0.38905144874567454,0.6109485512543255
71168,Stayed,0.03862383360953037,0.9613761663904696
28111,Left,0.5812855868609239,0.41871441313907615
35446,Stayed,0.43432622896535533,0.5656737710346447
68198,Stayed,0.037330133800795195,0.9626698661992048
35040,Stayed,0.0061637417671353,0.9938362582328647
13439,Stayed,0.1934936167745409,0.8065063832254591
61330,Left,0.8227542983271039,0.17724570167289608
42539,Stayed,0.07685980761266853,0.9231401923873315
7570,Stayed,0.13992009270138306,0.8600799072986169
14615,Left,0.9093296725026617,0.09067032749733832
14459,Stayed,0.029207632792859983,0.97079236720714
23995,Left,0.7251031287202503,0.27489687127974965
53801,Left,0.797116168916237,0.20288383108376293
60418,Stayed,0.47315608929550246,0.5268439107044975
73224,Left,0.9228683733585414,0.0771316266414586
66510,Left,0.845845343584969,0.15415465641503104
47498,Left,0.8741007430332547,0.12589925696674534
22658,Stayed,0.46259227750578313,0.5374077224942169
27722,Left,0.8516215360417522,0.14837846395824783
11620,Left,0.8000646029445619,0.19993539705543809
18938,Stayed,0.4318431555280118,0.5681568444719882
46039,Left,0.6477890955502354,0.3522109044497645
55564,Left,0.690782320335275,0.3092176796647251
46507,Stayed,0.4878368131786519,0.5121631868213481
5891,Left,0.7677551364178484,0.23224486358215157
33418,Left,0.5552954532125643,0.44470454678743565
71245,Stayed,0.2717852257639697,0.7282147742360303
32164,Left,0.7688061093761509,0.23119389062384904
42573,Stayed,0.22635859756331222,0.7736414024366878
55353,Stayed,0.4649355076213031,0.5350644923786969
25141,Stayed,0.2848043550740754,0.7151956449259246
30716,Left,0.7483215679700275,0.25167843202997253
26822,Left,0.9631827954709915,0.03681720452900851
56410,Stayed,0.026569425242631728,0.9734305747573683
66029,Stayed,0.0379586793626544,0.9620413206373456
62744,Left,0.8397416549376686,0.16025834506233144
35719,Left,0.5888699793605321,0.41113002063946796
73026,Left,0.9769602830837303,0.023039716916269767
59066,Left,0.6908431698813298,0.3091568301186703
44800,Left,0.8900760698648971,0.10992393013510293
22622,Left,0.7026847979777493,0.2973152020222507
5712,Stayed,0.013256963723774495,0.9867430362762255
23091,Stayed,0.38160096158967427,0.6183990384103257
43922,Left,0.7690997861664967,0.23090021383350334
2814,Left,0.6549939505429653,0.3450060494570347
18727,Left,0.5207771943557832,0.4792228056442168
42007,Stayed,0.27680827828777677,0.7231917217122232
32595,Stayed,0.2109852897070128,0.7890147102929872
39778,Stayed,0.2205068174592174,0.7794931825407826
43621,Left,0.6816593316585637,0.3183406683414363
7271,Stayed,0.30603060098864965,0.6939693990113504
62607,Left,0.8180796102985262,0.1819203897014738
52866,Stayed,0.364385654625208,0.635614345374792
46787,Left,0.9552317196830762,0.044768280316923766
37352,Left,0.9212193044878547,0.07878069551214528
54128,Stayed,0.20363338548265808,0.7963666145173419
22194,Stayed,0.22274690626190685,0.7772530937380931
14529,Stayed,0.08372449255857506,0.9162755074414249
72539,Stayed,0.2715080187316563,0.7284919812683437
59414,Left,0.5343706125996588,0.4656293874003412
68538,Stayed,0.4226220728397172,0.5773779271602828
43378,Left,0.6570279508129849,0.34297204918701507
4283,Left,0.8316962381176047,0.16830376188239532
55465,Left,0.6803439075509359,0.3196560924490642
17211,Stayed,0.3189317331431152,0.6810682668568848
69254,Stayed,0.17953266656069056,0.8204673334393094
70181,Left,0.7417452218087899,0.25825477819121007
2906,Left,0.5433637867883111,0.4566362132116889
28533,Left,0.7488669342342776,0.25113306576572236
23847,Stayed,0.42435394792840486,0.5756460520715951
45787,Left,0.7668761572366627,0.23312384276333736
45400,Stayed,0.16953850618838207,0.8304614938116179
6555,Stayed,0.11884123893734222,0.8811587610626578
8926,Left,0.8331903941509187,0.16680960584908136
52360,Stayed,0.3506896397007824,0.6493103602992176
13811,Stayed,0.25084288613120476,0.7491571138687952
46658,Stayed,0.23222475340170912,0.7677752465982909
8942,Left,0.9830804871349166,0.016919512865083475
69140,Left,0.8021040763974661,0.19789592360253389
35509,Stayed,0.4545051419700662,0.5454948580299338
36010,Left,0.6195905332417757,0.3804094667582243
35150,Stayed,0.25140838344138083,0.7485916165586192
24445,Stayed,0.24606576987457485,0.7539342301254252
18700,Stayed,0.40812596242998234,0.5918740375700177
44286,Stayed,0.13489782665163041,0.8651021733483696
36879,Left,0.5755423271539379,0.424457672846062
12515,Left,0.517713577575801,0.482286422424199
2559,Left,0.951777629688145,0.04822237031185498
47933,Left,0.5374498191408283,0.46255018085917166
4457,Stayed,0.29263495007329376,0.7073650499267062
56652,Left,0.6030030796698655,0.3969969203301344
62684,Left,0.9282852828560724,0.07171471714392763
59778,Stayed,0.3438126025378967,0.6561873974621033
9062,Stayed,0.2255504885957499,0.7744495114042501
2241,Left,0.9343370917548477,0.06566290824515225
21975,Stayed,0.34504456684955365,0.6549554331504464
30082,Stayed,0.45614370190192477,0.5438562980980752
47384,Left,0.7508963783698649,0.24910362163013514
14922,Left,0.8971582621838953,0.1028417378161047
34888,Left,0.5101389656591062,0.48986103434089384
58841,Left,0.7398094479910864,0.2601905520089136
33114,Left,0.8034769515487498,0.19652304845125024
25254,Stayed,0.41225412974739906,0.5877458702526009
6085,Left,0.7034602565712704,0.2965397434287295
40580,Left,0.6350361115707784,0.36496388842922156
18857,Left,0.8503116265776827,0.14968837342231736
56469,Stayed,0.4224487586235771,0.5775512413764229
24165,Stayed,0.3303751700593166,0.6696248299406834
10905,Stayed,0.2746821230583205,0.7253178769416795
1898,Stayed,0.26210220139436613,0.7378977986056339
29011,Stayed,0.28823422627457196,0.711765773725428
64572,Left,0.9041578147030612,0.09584218529693875
73801,Stayed,0.03918491220932285,0.9608150877906771
18564,Stayed,0.22183214266179285,0.7781678573382071
36250,Left,0.5714264942678778,0.42857350573212216
40208,Left,0.5520018256364713,0.44799817436352873
60226,Stayed,0.07922241523824702,0.920777584761753
38662,Stayed,0.05702635182340687,0.9429736481765931
61683,Left,0.7698443952498475,0.23015560475015254
42348,Left,0.749469043101552,0.250530956898448
35039,Left,0.6238171125346355,0.3761828874653645
39437,Stayed,0.32360891157306726,0.6763910884269327
11078,Stayed,0.17715001664306917,0.8228499833569308
47785,Stayed,0.10005890149570051,0.8999410985042995
22368,Stayed,0.1984049536900765,0.8015950463099235
31455,Left,0.7304067535181822,0.2695932464818178
50955,Stayed,0.048125512516901336,0.9518744874830987
43750,Stayed,0.12288175747512564,0.8771182425248744
23593,Stayed,0.12556630642378497,0.874433693576215
22002,Left,0.6183291198355213,0.3816708801644787
42527,Stayed,0.37840142120823417,0.6215985787917658
56692,Left,0.583585786481271,0.41641421351872904
1323,Left,0.5133797678657123,0.48662023213428773
34859,Stayed,0.15582362113761472,0.8441763788623853
19768,Stayed,0.25743745048944633,0.7425625495105537
9992,Left,0.6933927268152277,0.3066072731847723
13111,Stayed,0.10262789655923221,0.8973721034407678
29009,Left,0.778622006272271,0.22137799372772907
29285,Stayed,0.1945793774708,0.8054206225292
43854,Stayed,0.2576848186202586,0.7423151813797414
35131,Left,0.7132456733269577,0.2867543266730423
66957,Left,0.5617877145559944,0.43821228544400553
58767,Stayed,0.2315545529978834,0.7684454470021166
5999,Stayed,0.14326105763546204,0.856738942364538
3219,Left,0.9779064248640541,0.02209357513594591
57369,Left,0.8825023205885626,0.11749767941143743
70781,Left,0.5479805447905166,0.4520194552094834
33138,Stayed,0.37272137970237784,0.6272786202976222
69421,Stayed,0.15850206771785857,0.8414979322821414
34638,Stayed,0.05408172655782817,0.9459182734421718
24970,Left,0.7372025279384458,0.2627974720615542
7516,Stayed,0.15820434479829282,0.8417956552017072
63901,Left,0.8779455383902776,0.12205446160972243
39261,Left,0.8963712378859899,0.10362876211401008
35120,Left,0.5988612180108157,0.40113878198918423
35090,Left,0.7995558882098193,0.2004441117901807
58636,Left,0.677812436435921,0.32218756356407896
54662,Stayed,0.11264891993941939,0.8873510800605806
11500,Stayed,0.10859773492009972,0.8914022650799003
66695,Left,0.7058797039009418,0.2941202960990582
74324,Left,0.5163594035612229,0.48364059643877716
18110,Left,0.6580788734299399,0.34192112657006013
27846,Stayed,0.43348434230999067,0.5665156576900093
13564,Left,0.8025217557895039,0.1974782442104961
60716,Left,0.9565163714735223,0.04348362852647774
49276,Stayed,0.08956141637776605,0.910438583622234
9195,Left,0.939047272669042,0.06095272733095799
38883,Left,0.8899485197975666,0.1100514802024334
61776,Left,0.5259901156070917,0.47400988439290825
9255,Stayed,0.27977748897667065,0.7202225110233293
31562,Stayed,0.4333740080293609,0.5666259919706391
56604,Left,0.6809855903162096,0.31901440968379036
57128,Left,0.9599455401895559,0.04005445981044413
43967,Left,0.755817970156602,0.24418202984339799
15813,Stayed,0.19390856024060754,0.8060914397593925
68714,Left,0.5612599903720714,0.4387400096279286
69850,Left,0.9158293851457697,0.08417061485423026
27712,Stayed,0.4710924446935514,0.5289075553064486
38448,Left,0.8588406807353192,0.14115931926468084
13717,Left,0.8213767939287908,0.17862320607120913
17618,Left,0.9473187725902533,0.05268122740974672
53502,Left,0.7259597412925732,0.27404025870742676
35850,Stayed,0.2461664440130229,0.7538335559869771
8229,Left,0.7732107577676554,0.22678924223234462
62928,Left,0.6930904571471465,0.30690954285285355
52828,Left,0.5050373674691807,0.4949626325308193
28625,Left,0.514798792997182,0.48520120700281805
59641,Left,0.5590093949166537,0.44099060508334637
43366,Left,0.5497265594635751,0.45027344053642493
22601,Stayed,0.06488317856403858,0.9351168214359614
48817,Stayed,0.36509911438359544,0.6349008856164046
68868,Stayed,0.08928945393713994,0.9107105460628601
18904,Left,0.8644380250110861,0.1355619749889138
49015,Stayed,0.371373063304981,0.628626936695019
53868,Stayed,0.2031831196104582,0.7968168803895418
41945,Stayed,0.40210822989392336,0.5978917701060766
63959,Left,0.8629048318982989,0.13709516810170105
65980,Stayed,0.1360147384469087,0.8639852615530913
64456,Stayed,0.2877285362063353,0.7122714637936647
26116,Stayed,0.09742167229562726,0.9025783277043727
2056,Stayed,0.23825483317786855,0.7617451668221314
36530,Left,0.7297941240814838,0.2702058759185162
9819,Left,0.5625315194007705,0.43746848059922944
45474,Stayed,0.015600093702121343,0.9843999062978787
71204,Left,0.6122963022457638,0.3877036977542362
31092,Stayed,0.07144312250677542,0.9285568774932246
6940,Stayed,0.48128019110798614,0.5187198088920139
67131,Left,0.5143081055374576,0.48569189446254235
43056,Stayed,0.030436198298578354,0.9695638017014216
44933,Left,0.794584170286255,0.2054158297137449
58634,Stayed,0.3960993499339899,0.6039006500660101
38528,Left,0.6147918095840088,0.38520819041599125
9101,Stayed,0.12414820659563142,0.8758517934043686
50271,Left,0.6700469391777164,0.32995306082228365
64038,Left,0.5162223205079401,0.4837776794920599
45904,Left,0.6115031577571364,0.3884968422428637
2182,Stayed,0.12319427061344701,0.876805729386553
67609,Left,0.9502450533759823,0.04975494662401769
73371,Stayed,0.4711444994617995,0.5288555005382005
23882,Left,0.913604437084988,0.086395562915012
66782,Stayed,0.25791355351388257,0.7420864464861174
70689,Stayed,0.2352089237642726,0.7647910762357274
44219,Left,0.7834245375125557,0.21657546248744436
73291,Stayed,0.08974631421307544,0.9102536857869246
1812,Stayed,0.253626526542602,0.746373473457398
54256,Stayed,0.11857753040070007,0.8814224695992999
24739,Stayed,0.20484937657874203,0.795150623421258
50749,Left,0.5787289820310905,0.42127101796890953
19367,Stayed,0.03387647028016727,0.9661235297198327
49807,Left,0.7933409009686281,0.20665909903137195
71647,Stayed,0.15513757842754405,0.844862421572456
71,Left,0.6576087056032338,0.3423912943967662
16936,Left,0.5964571013366129,0.40354289866338705
26785,Stayed,0.4003258675018172,0.5996741324981828
74081,Stayed,0.17886429661087022,0.8211357033891298
64770,Stayed,0.3496517106585034,0.6503482893414966
3733,Stayed,0.2631137854260338,0.7368862145739662
11388,Stayed,0.1370775555246918,0.8629224444753082
45869,Left,0.9304539369543352,0.06954606304566477
9939,Stayed,0.37029491976080176,0.6297050802391982
53577,Stayed,0.2692061423365327,0.7307938576634673
33473,Stayed,0.19352708107032546,0.8064729189296745
41083,Stayed,0.4359976605819875,0.5640023394180125
20771,Left,0.8207126963827059,0.17928730361729406
18458,Left,0.7989756868653645,0.2010243131346355
55274,Left,0.5833113130378844,0.4166886869621156
22021,Stayed,0.3250557804798111,0.6749442195201889
26625,Stayed,0.1904266341480092,0.8095733658519908
72226,Stayed,0.4392502897773358,0.5607497102226642
9754,Left,0.8770096310709184,0.12299036892908151
69490,Left,0.8665032234650749,0.13349677653492512
44735,Left,0.7788657322934504,0.22113426770654965
19803,Left,0.5367612647928042,0.4632387352071959
50738,Stayed,0.3028951357135018,0.6971048642864982
59314,Left,0.7763130554248068,0.22368694457519317
32103,Stayed,0.22497528691746338,0.7750247130825366
564,Stayed,0.12570966680449014,0.8742903331955099
52373,Stayed,0.4431392409172672,0.5568607590827328
29824,Left,0.9016506086482441,0.09834939135175595
63432,Stayed,0.2002699724375261,0.7997300275624739
39691,Stayed,0.32025420334745713,0.6797457966525429
5529,Stayed,0.06668695288653026,0.9333130471134697
64295,Left,0.8300607173742512,0.16993928262574876
66412,Left,0.6505015876564307,0.34949841234356926
3176,Stayed,0.1285573828439719,0.8714426171560281
56512,Stayed,0.06300609662979739,0.9369939033702026
58971,Stayed,0.4103374760545261,0.5896625239454739
35701,Left,0.7227562661016342,0.2772437338983657
71573,Stayed,0.40265555223272387,0.5973444477672761
49292,Stayed,0.07726837958481425,0.9227316204151857
66608,Left,0.7066802788379201,0.29331972116207994
26003,Left,0.5759788967249864,0.4240211032750136
16410,Left,0.792983892536835,0.207016107463165
57810,Stayed,0.273915437584351,0.726084562415649
15533,Left,0.619440997790362,0.380559002209638
32631,Stayed,0.30811703865967266,0.6918829613403273
43874,Stayed,0.3591025837710904,0.6408974162289096
72054,Left,0.5397873129984643,0.4602126870015357
22411,Stayed,0.0831998232352068,0.9168001767647932
5163,Left,0.889637517352531,0.11036248264746897
18521,Left,0.857800546534797,0.14219945346520302
48843,Left,0.8185203872260314,0.18147961277396862
66638,Stayed,0.1840689999678169,0.8159310000321831
16267,Stayed,0.37013642613089015,0.6298635738691098
10571,Left,0.9115093116108492,0.08849068838915078
18634,Stayed,0.2261664038592186,0.7738335961407814
52123,Left,0.6636315577033063,0.3363684422966937
60269,Left,0.5994813783686535,0.4005186216313466
46394,Left,0.6622043807969459,0.3377956192030541
20280,Left,0.7640601146024457,0.23593988539755434
63976,Stayed,0.1275128645746193,0.8724871354253807
67639,Left,0.9095380725144783,0.09046192748552175
12242,Stayed,0.3686865402187802,0.6313134597812198
2332,Stayed,0.18821272536670608,0.8117872746332939
68980,Left,0.9005776711165494,0.09942232888345054
24493,Stayed,0.43939561888141554,0.5606043811185845
53293,Stayed,0.17286048868657566,0.8271395113134243
25012,Stayed,0.1707655975858675,0.8292344024141325
53402,Left,0.7010240959533915,0.29897590404660845
17404,Left,0.7366189872927313,0.2633810127072686
16277,Left,0.5375720490751659,0.4624279509248341
46509,Left,0.5230444098920608,0.47695559010793914
7316,Left,0.8219366764732785,0.17806332352672152
53505,Left,0.5115241981349402,0.4884758018650598
30426,Left,0.8685330264901627,0.1314669735098373
64813,Stayed,0.41655420367129725,0.5834457963287027
65563,Stayed,0.4645085644137015,0.5354914355862985
33188,Stayed,0.3154646002506639,0.6845353997493361
15890,Left,0.7596093312780046,0.24039066872199538
10033,Stayed,0.12529983429247327,0.8747001657075267
56730,Stayed,0.04781774344950129,0.9521822565504987
29652,Left,0.5115631527273914,0.48843684727260867
17653,Left,0.8418251470930405,0.1581748529069596
69126,Stayed,0.41192824865835764,0.5880717513416424
4570,Left,0.7545536700291217,0.2454463299708783
33262,Stayed,0.030321703887200124,0.9696782961127999
2617,Left,0.8324081306155634,0.16759186938443657
25926,Stayed,0.010411695620260342,0.9895883043797397
7412,Left,0.7606608736621876,0.23933912633781235
31406,Left,0.6038386386130614,0.39616136138693864
12204,Left,0.8594006857566103,0.14059931424338967
20454,Stayed,0.09571297075927931,0.9042870292407207
44818,Stayed,0.11808290066418736,0.8819170993358126
42205,Left,0.7463478686917182,0.25365213130828174
16802,Left,0.6787839984795625,0.32121600152043756
22550,Stayed,0.02371474311340116,0.9762852568865988
42516,Left,0.5802572844554544,0.41974271554454556
22009,Left,0.5695821284559708,0.4304178715440293
51032,Stayed,0.304959628529232,0.695040371470768
20083,Stayed,0.176016969294573,0.823983030705427
41893,Left,0.6079450927195408,0.3920549072804592
1690,Stayed,0.2902842737977137,0.7097157262022863
56186,Left,0.8802872598272684,0.11971274017273154
17234,Stayed,0.4261326872359249,0.5738673127640751
4819,Left,0.5709387500925673,0.4290612499074327
6676,Stayed,0.03622562631668447,0.9637743736833155
8726,Stayed,0.41558356749592973,0.5844164325040703
73372,Stayed,0.24591807392963283,0.7540819260703672
44147,Stayed,0.31116035371447903,0.688839646285521
11308,Left,0.5988905262401387,0.4011094737598613
63558,Stayed,0.006879102348518407,0.9931208976514816
5173,Left,0.5988785381429985,0.4011214618570015
26480,Left,0.5073847510412752,0.4926152489587248
23211,Left,0.5633673217193942,0.43663267828060576
63554,Stayed,0.23492874910522,0.76507125089478
41585,Stayed,0.3368195686344241,0.6631804313655759
45147,Left,0.6727430349648247,0.32725696503517526
43139,Stayed,0.06250518280571493,0.9374948171942851
22041,Stayed,0.11148932382171606,0.8885106761782839
25968,Stayed,0.1466837570450964,0.8533162429549036
4529,Stayed,0.35972491838816034,0.6402750816118397
30579,Stayed,0.3473220815156308,0.6526779184843692
67776,Left,0.6152752979665199,0.3847247020334801
39950,Stayed,0.32305863678141233,0.6769413632185877
43582,Left,0.9787394998687183,0.021260500131281626
61028,Stayed,0.264191836058533,0.735808163941467
31598,Stayed,0.14027744895132854,0.8597225510486715
68906,Left,0.848145145991314,0.15185485400868604
67779,Stayed,0.05951645141874651,0.9404835485812535
36083,Stayed,0.26171320033873235,0.7382867996612676
39749,Stayed,0.05699460171223414,0.9430053982877659
58624,Left,0.9755943664578886,0.024405633542111487
586,Left,0.6374330834199888,0.3625669165800112
62804,Left,0.7084431364667891,0.2915568635332108
25984,Stayed,0.18967813061860983,0.8103218693813902
8531,Left,0.7915179864362167,0.20848201356378324
37091,Left,0.6465031826767533,0.35349681732324667
39513,Stayed,0.09881367952077624,0.9011863204792238
64706,Stayed,0.18650847244926583,0.8134915275507342
54114,Left,0.7416743708789175,0.25832562912108253
19731,Stayed,0.22009335019640286,0.7799066498035971
22040,Left,0.5508288165794183,0.4491711834205817
4040,Stayed,0.05773697663692079,0.9422630233630792
28316,Left,0.6274117051317472,0.37258829486825285
995,Stayed,0.4607687654898249,0.5392312345101751
64142,Stayed,0.08838894116076723,0.9116110588392328
65173,Stayed,0.40956114155357637,0.5904388584464236
51352,Left,0.6051430803005915,0.39485691969940845
53691,Left,0.9649810013523827,0.0350189986476173
34779,Left,0.6603047571896412,0.33969524281035873
45401,Left,0.8250849035624339,0.1749150964375661
35190,Left,0.9477646197656482,0.052235380234351834
7564,Left,0.8261184805229973,0.17388151947700264
25544,Stayed,0.16199079976432884,0.8380092002356712
29069,Stayed,0.4216369527872512,0.5783630472127488
1190,Stayed,0.2880926994439613,0.7119073005560387
12692,Stayed,0.48483730039422024,0.5151626996057798
1194,Left,0.5745140890003555,0.4254859109996445
66348,Left,0.860194627852603,0.139805372147397
21634,Left,0.7786321852658916,0.22136781473410838
25784,Stayed,0.4380460635456235,0.5619539364543765
49235,Left,0.7730934828173077,0.22690651718269222
63114,Left,0.8659318783874141,0.13406812161258583
2266,Stayed,0.11462971786543286,0.8853702821345671
52603,Stayed,0.43775507325653995,0.56224492674346
48272,Stayed,0.30226816794182687,0.6977318320581731
73296,Stayed,0.07788667552946327,0.9221133244705367
15244,Stayed,0.03358047116371077,0.9664195288362892
56627,Left,0.7444362592455146,0.2555637407544854
56330,Left,0.5093639469116633,0.4906360530883367
29183,Left,0.8421067363947432,0.15789326360525677
28362,Left,0.6910128004242984,0.3089871995757016
73093,Stayed,0.06369536783648921,0.9363046321635108
36272,Stayed,0.4517886947047096,0.5482113052952904
37736,Left,0.7793657612044984,0.22063423879550156
28786,Left,0.8003273408113516,0.19967265918864838
20893,Stayed,0.30470186814352096,0.695298131856479
9978,Stayed,0.20895255988236427,0.7910474401176357
6273,Left,0.9230387475222428,0.07696125247775724
56955,Left,0.5773964515395831,0.422603548460417
68731,Left,0.5983416690085159,0.40165833099148407
67733,Stayed,0.39301449081171225,0.6069855091882878
49556,Left,0.8767644457630748,0.12323555423692528
72639,Left,0.5525546186723694,0.44744538132763056
35073,Left,0.8568554384806095,0.14314456151939045
23767,Stayed,0.3573594887899708,0.6426405112100292
51228,Left,0.6530050102570011,0.3469949897429989
3947,Left,0.8626451552545267,0.13735484474547338
38341,Stayed,0.0901152481130163,0.9098847518869837
9448,Stayed,0.0584895627161105,0.9415104372838895
379,Stayed,0.03300514410331301,0.966994855896687
44579,Stayed,0.3074414079615452,0.6925585920384548
72845,Left,0.8387311844198273,0.1612688155801727
43648,Stayed,0.05390808838635808,0.9460919116136419
16823,Stayed,0.4178348077710453,0.5821651922289547
9332,Stayed,0.027810838173428998,0.972189161826571
1624,Left,0.884929791330078,0.11507020866992207
18780,Left,0.5385130328802272,0.46148696711977283
53963,Stayed,0.30512733430635886,0.6948726656936411
18011,Stayed,0.300725880118886,0.699274119881114
43295,Stayed,0.44599340868280024,0.5540065913171998
39355,Left,0.7798570707478991,0.22014292925210086
28159,Stayed,0.11591624113294963,0.8840837588670504
32128,Left,0.9705353635761627,0.029464636423837398
26097,Left,0.8130703850704468,0.1869296149295532
42004,Left,0.9021374452477056,0.09786255475229438
57211,Left,0.5649003531211576,0.43509964687884234
50693,Stayed,0.3766282275632745,0.6233717724367255
72772,Stayed,0.09769476606656013,0.9023052339334399
46870,Stayed,0.046022030360620914,0.9539779696393791
53160,Left,0.5701494525110627,0.42985054748893725
37371,Left,0.8028303971528037,0.19716960284719628
19439,Left,0.7743073327468637,0.22569266725313628
67538,Left,0.701130372557097,0.298869627442903
25772,Left,0.5159084492546075,0.4840915507453925
48831,Stayed,0.14477277523535592,0.8552272247646441
57556,Stayed,0.4598585116731322,0.5401414883268678
48452,Stayed,0.4637906887736598,0.5362093112263402
19989,Stayed,0.17961262166113778,0.8203873783388622
39350,Left,0.7313822426409022,0.2686177573590977
47557,Stayed,0.3857076945976313,0.6142923054023687
52448,Stayed,0.048663158204065526,0.9513368417959345
39371,Stayed,0.3678691204153939,0.6321308795846061
3941,Stayed,0.29532343920834103,0.704676560791659
55003,Left,0.9493725078777429,0.050627492122257166
33178,Left,0.9295992742543475,0.0704007257456525
16345,Stayed,0.49206705486590774,0.5079329451340923
36210,Stayed,0.1286834253097583,0.8713165746902417
53653,Stayed,0.20029276954263886,0.7997072304573611
8711,Left,0.7856247446409059,0.21437525535909402
29842,Left,0.9264724803623763,0.07352751963762377
29628,Left,0.8653512664318825,0.1346487335681175
39276,Left,0.5338160529618847,0.4661839470381152
37484,Stayed,0.09515125173392702,0.904848748266073
25261,Left,0.7594522943537252,0.24054770564627487
70303,Left,0.7421933277908052,0.25780667220919484
21383,Left,0.5309971320859748,0.4690028679140253
42290,Left,0.9577532484963702,0.042246751503629804
24984,Left,0.5867430951408487,0.41325690485915134
55701,Left,0.7383402177018775,0.2616597822981225
55145,Left,0.8923216453961437,0.10767835460385637
1122,Left,0.6940022107590614,0.30599778924093857
32124,Stayed,0.16260741596183603,0.837392584038164
4197,Left,0.5285256294569391,0.4714743705430609
53849,Left,0.6328189716144711,0.3671810283855289
26865,Stayed,0.07402135732268833,0.9259786426773117
65900,Left,0.6723293834638013,0.32767061653619867
32462,Stayed,0.22969558217689223,0.7703044178231078
65105,Left,0.6084782309121533,0.3915217690878468
42878,Stayed,0.3197828896508723,0.6802171103491277
72753,Left,0.5916187346413757,0.40838126535862435
36025,Left,0.9546217341481567,0.04537826585184331
1001,Left,0.6264349666082967,0.3735650333917034
60538,Stayed,0.33905392896280506,0.6609460710371949
36826,Stayed,0.025564833958442,0.974435166041558
42031,Left,0.7042080916029665,0.29579190839703356
34686,Stayed,0.41786205325204007,0.5821379467479599
63291,Left,0.5614432434788039,0.43855675652119613
57312,Stayed,0.21542517703371644,0.7845748229662836
41590,Left,0.5328623991771119,0.46713760082288813
62367,Left,0.7385342148384827,0.2614657851615173
55222,Stayed,0.4378196926144139,0.5621803073855861
20819,Left,0.93976454571433,0.06023545428566998
42450,Stayed,0.04521046616222191,0.9547895338377781
50466,Left,0.6489642319760514,0.3510357680239487
65693,Stayed,0.46334742435343323,0.5366525756465668
67057,Left,0.5612451863955239,0.43875481360447616
47586,Left,0.7256754343538024,0.27432456564619756
48728,Left,0.6890778489613664,0.31092215103863363
51649,Stayed,0.22697219530185708,0.7730278046981429
48410,Left,0.7263394905824009,0.2736605094175991
65825,Stayed,0.4957444940633543,0.5042555059366457
69976,Stayed,0.36148900828066055,0.6385109917193394
41117,Stayed,0.07454659803479224,0.9254534019652078
43283,Stayed,0.42511631177308284,0.5748836882269172
67869,Stayed,0.4608394117889011,0.5391605882110989
59466,Left,0.664679359994566,0.33532064000543405
13421,Left,0.6692415490511128,0.33075845094888723
62398,Left,0.6184109993610347,0.38158900063896534
4531,Left,0.7923298696004815,0.20767013039951848
72209,Left,0.9587412315736255,0.0412587684263745
41016,Left,0.6946070548230987,0.30539294517690124
781,Stayed,0.36375148403825885,0.6362485159617411
69647,Stayed,0.2730739418196825,0.7269260581803175
43930,Stayed,0.49286920799489353,0.5071307920051065
17861,Left,0.6988505301170969,0.30114946988290314
53994,Stayed,0.042331069066910865,0.9576689309330891
49744,Stayed,0.30358394735606375,0.6964160526439362
52904,Stayed,0.24625240539731297,0.753747594602687
22529,Left,0.8065242266208873,0.1934757733791127
16358,Stayed,0.11912700182084712,0.8808729981791529
4365,Left,0.9669497964255697,0.033050203574430316
55034,Left,0.9354325851146527,0.06456741488534735
32666,Left,0.9244136392857862,0.07558636071421374
64444,Left,0.5947989324250943,0.4052010675749057
74441,Left,0.7115325796028921,0.28846742039710793
681,Stayed,0.10410333956368878,0.8958966604363112
10895,Stayed,0.059352513800147944,0.9406474861998521
9502,Stayed,0.33693042152138286,0.6630695784786171
48350,Stayed,0.14222330833256358,0.8577766916674364
67954,Stayed,0.20052001913805273,0.7994799808619473
12065,Stayed,0.13394829773890726,0.8660517022610927
36616,Stayed,0.43288055335287656,0.5671194466471234
33963,Left,0.8144727024662717,0.1855272975337283
74021,Left,0.8971254928601546,0.1028745071398454
45990,Stayed,0.19103046299734372,0.8089695370026563
5733,Stayed,0.35160155754265243,0.6483984424573476
24746,Left,0.7762820748440142,0.2237179251559857
30595,Left,0.6022511282257369,0.3977488717742631
3221,Left,0.5594826686887076,0.44051733131129245
34442,Stayed,0.1443977904516074,0.8556022095483926
7484,Left,0.6671767328685971,0.3328232671314028
15645,Left,0.5618585605928947,0.43814143940710526
46591,Left,0.670696152841278,0.329303847158722
35967,Left,0.8352626504152498,0.16473734958475017
51930,Stayed,0.06436339441603545,0.9356366055839646
21162,Stayed,0.46967071521798454,0.5303292847820155
64749,Stayed,0.0860347133104532,0.9139652866895468
10362,Left,0.7360357562295131,0.2639642437704869
6673,Stayed,0.04648874356447252,0.9535112564355275
11307,Left,0.5862936430859994,0.4137063569140006
51939,Stayed,0.07039035499557145,0.9296096450044286
25034,Left,0.9716995435197749,0.028300456480225028
29647,Left,0.7144887107589084,0.2855112892410916
60474,Left,0.7197013583617087,0.28029864163829127
52864,Stayed,0.29972294841683667,0.7002770515831633
71005,Left,0.530889791394186,0.469110208605814
28922,Stayed,0.01104460434726251,0.9889553956527375
34105,Left,0.8612392322937807,0.13876076770621928
8936,Left,0.6479350332018752,0.3520649667981249
25690,Left,0.5841456805090606,0.4158543194909394
37795,Stayed,0.14471063705140186,0.8552893629485981
48334,Stayed,0.09799819431635093,0.9020018056836491
34420,Left,0.8566871851090874,0.14331281489091258
35684,Left,0.9498709969880386,0.05012900301196144
2142,Stayed,0.2645748096702538,0.7354251903297462
26608,Left,0.6577091411089033,0.34229085889109667
39321,Left,0.7294100814600435,0.27058991853995645
13926,Left,0.6349922646585202,0.3650077353414798
24440,Left,0.8237042030175055,0.1762957969824946
45793,Left,0.6555217935813804,0.3444782064186196
35251,Left,0.9384049204500102,0.06159507954998975
31198,Left,0.9522839401576971,0.04771605984230282
20757,Left,0.7140562347455771,0.2859437652544229
67203,Stayed,0.27218369273612697,0.727816307263873
35347,Left,0.6156047514579197,0.38439524854208024
22754,Left,0.7543943042801199,0.24560569571988014
67219,Stayed,0.06987187193736144,0.9301281280626386
21766,Stayed,0.3268561732744395,0.6731438267255605
56609,Stayed,0.25228423639266784,0.7477157636073322
45911,Left,0.5031668589314495,0.4968331410685504
22497,Stayed,0.31751102660984365,0.6824889733901564
12725,Left,0.7471499685285172,0.2528500314714828
72849,Left,0.953448723738168,0.04655127626183199
66427,Stayed,0.18104736493095297,0.818952635069047
2955,Left,0.8620974780707025,0.1379025219292975
73238,Left,0.714611796749113,0.285388203250887
71088,Stayed,0.37084216510027423,0.6291578348997258
14476,Stayed,0.1993408432545254,0.8006591567454746
69387,Left,0.9492518796667324,0.05074812033326764
3054,Stayed,0.41278322202713236,0.5872167779728676
69047,Stayed,0.3914980198807071,0.6085019801192929
27171,Left,0.5246920512313729,0.4753079487686271
7292,Stayed,0.15125680266326758,0.8487431973367324
7210,Stayed,0.1153343371468405,0.8846656628531595
72175,Stayed,0.13104141520660129,0.8689585847933987
24783,Left,0.6562933449017656,0.34370665509823434
25653,Stayed,0.35804788530295073,0.6419521146970493
40565,Left,0.8173871853415764,0.18261281465842355
34101,Left,0.7656087579974367,0.23439124200256334
42547,Left,0.8948261421021599,0.10517385789784012
30457,Stayed,0.2510086798339146,0.7489913201660854
42393,Stayed,0.3407590490567719,0.6592409509432281
24369,Stayed,0.39151104866813113,0.6084889513318689
9460,Stayed,0.4940417144576418,0.5059582855423582
13152,Stayed,0.41617662267350086,0.5838233773264991
53542,Stayed,0.39330504780239517,0.6066949521976048
56260,Left,0.8045724962939809,0.1954275037060192
63655,Stayed,0.3292574214474745,0.6707425785525255
28763,Left,0.6965103137927757,0.3034896862072243
67047,Left,0.8659436241181874,0.1340563758818126
66411,Stayed,0.48911123907002907,0.5108887609299709
40535,Left,0.8344282650513192,0.1655717349486808
66309,Left,0.5747045145155822,0.4252954854844178
23263,Stayed,0.02538435331799649,0.9746156466820035
36074,Stayed,0.3349886866826802,0.6650113133173198
56882,Stayed,0.36267114498455166,0.6373288550154483
14453,Left,0.5400301209254661,0.4599698790745339
72386,Left,0.8530412359835635,0.14695876401643654
62329,Stayed,0.04972243331095727,0.9502775666890427
42059,Left,0.6626299180891417,0.33737008191085827
12958,Stayed,0.144449010483362,0.855550989516638
22499,Left,0.7330404361575154,0.2669595638424847
33588,Stayed,0.02677737106864231,0.9732226289313577
33233,Stayed,0.42153815993828236,0.5784618400617176
5289,Left,0.9746700801374625,0.025329919862537475
41825,Left,0.7693504963760758,0.23064950362392422
18787,Stayed,0.3267276934325454,0.6732723065674546
931,Stayed,0.019156718207751333,0.9808432817922487
17690,Stayed,0.45356704610201415,0.5464329538979859
36606,Stayed,0.058483738314972444,0.9415162616850276
1228,Left,0.8647866745115061,0.13521332548849385
58637,Left,0.9739480279741034,0.026051972025896555
16327,Left,0.898323746442661,0.10167625355733896
3402,Stayed,0.08494393487439622,0.9150560651256038
57163,Stayed,0.33503564933213204,0.664964350667868
28663,Stayed,0.3904288310242411,0.6095711689757589
18358,Stayed,0.13825139054058322,0.8617486094594168
49264,Left,0.6405319266450495,0.3594680733549504
71873,Left,0.5968989131846185,0.40310108681538154
14999,Stayed,0.15572029863124026,0.8442797013687597
64627,Stayed,0.4348561939117601,0.5651438060882399
49023,Stayed,0.17247057727397752,0.8275294227260225
73109,Left,0.8110483905884509,0.18895160941154915
38142,Stayed,0.40899954887411794,0.5910004511258821
59364,Stayed,0.1873778839534348,0.8126221160465652
12107,Stayed,0.4048060058629275,0.5951939941370725
60603,Stayed,0.33246288904072396,0.667537110959276
32383,Stayed,0.32405826725391296,0.675941732746087
66280,Stayed,0.02695930946176095,0.973040690538239
17639,Left,0.7941177281163772,0.2058822718836228
12342,Left,0.7470779558563596,0.25292204414364045
43841,Stayed,0.42419285247764127,0.5758071475223587
65048,Stayed,0.48427222078025145,0.5157277792197485
73436,Stayed,0.15966961172677308,0.8403303882732269
59236,Left,0.941724503725798,0.058275496274202025
62276,Stayed,0.02031481827718673,0.9796851817228133
67735,Left,0.883125154836316,0.11687484516368396
60710,Stayed,0.2579796505132689,0.7420203494867311
35005,Stayed,0.2591532330014624,0.7408467669985376
31902,Stayed,0.3499436170338639,0.6500563829661361
61771,Left,0.9337984612983277,0.0662015387016723
46813,Left,0.8753840180573558,0.12461598194264427
12401,Left,0.7222778245738722,0.27772217542612776
56220,Stayed,0.1696256369386594,0.8303743630613406
50616,Left,0.8317226174395274,0.16827738256047264
37493,Stayed,0.09610150903899384,0.9038984909610062
20168,Left,0.629621715260987,0.370378284739013
12201,Stayed,0.43746892481247035,0.5625310751875296
55571,Left,0.7115000226784329,0.28849997732156707
57289,Stayed,0.483516969215138,0.516483030784862
32649,Stayed,0.22036067053068975,0.7796393294693102
6479,Stayed,0.4272857563896342,0.5727142436103658
1310,Stayed,0.45661994090301383,0.5433800590969862
63623,Left,0.9593088926329187,0.0406911073670812
25088,Stayed,0.4758155168178103,0.5241844831821897
2288,Stayed,0.4047494127185757,0.5952505872814243
18397,Stayed,0.47121714357364186,0.5287828564263581
55149,Stayed,0.24316523007141466,0.7568347699285853
40469,Left,0.6816290766545,0.3183709233455
71017,Left,0.7116067527931418,0.28839324720685816
64474,Left,0.9042430184267015,0.09575698157329844
30020,Left,0.6073917125274393,0.39260828747256077
50937,Left,0.7841999336906323,0.21580006630936768
40715,Stayed,0.1672877338835712,0.8327122661164288
52768,Stayed,0.2603892891367352,0.7396107108632648
16355,Left,0.7242839857577337,0.2757160142422663
38130,Left,0.6740734076809861,0.3259265923190139
61091,Left,0.862319178715894,0.13768082128410597
69428,Stayed,0.49966644412921646,0.5003335558707835
47710,Stayed,0.23182941460788808,0.7681705853921119
33868,Stayed,0.49227058899327913,0.5077294110067209
58369,Left,0.6721388594807565,0.32786114051924353
32942,Left,0.6511086928192666,0.3488913071807333
42545,Left,0.8496547657060387,0.15034523429396135
73728,Left,0.7559233123771646,0.24407668762283544
32297,Left,0.9616061013553786,0.038393898644621345
48302,Left,0.6780180832403094,0.32198191675969057
56438,Stayed,0.2350830931450525,0.7649169068549475
67428,Left,0.8332163799124112,0.16678362008758882
40817,Left,0.616312341698863,0.3836876583011371
64593,Stayed,0.06815289401237001,0.93184710598763
17081,Left,0.6641135019230213,0.3358864980769787
18254,Left,0.7673191821016115,0.23268081789838843
66555,Stayed,0.11426076465886659,0.8857392353411334
13023,Stayed,0.02157099284539432,0.9784290071546057
40035,Left,0.8308067407245731,0.16919325927542697
56859,Left,0.7282473576988735,0.2717526423011265
59213,Stayed,0.238756763056441,0.761243236943559
51636,Stayed,0.4108809335744803,0.5891190664255197
17713,Left,0.8418096047376917,0.15819039526230824
66304,Stayed,0.4536641917066694,0.5463358082933306
54279,Stayed,0.006385744400315807,0.9936142555996842
43385,Left,0.7412860729836368,0.25871392701636325
32821,Left,0.6566655802690752,0.3433344197309248
23518,Stayed,0.182167496692336,0.817832503307664
42210,Stayed,0.3307892089964585,0.6692107910035415
13077,Left,0.8667400055328298,0.1332599944671702
54141,Stayed,0.3778922805896885,0.6221077194103115
67178,Left,0.5821020772339127,0.4178979227660872
70254,Left,0.9012261159080336,0.09877388409196637
73455,Stayed,0.4530116049876549,0.5469883950123451
25200,Left,0.7463282102620509,0.2536717897379491
29793,Stayed,0.09404714017789229,0.9059528598221077
2542,Left,0.5191940266178581,0.4808059733821419
19843,Left,0.7651640189510559,0.23483598104894407
20901,Left,0.7226160304681019,0.27738396953189814
34215,Left,0.8181336795615191,0.1818663204384809
24749,Stayed,0.18409904643548003,0.81590095356452
58251,Left,0.522003621623413,0.477996378376587
10971,Left,0.6530925931368947,0.3469074068631052
41862,Stayed,0.4061624421954477,0.5938375578045523
7885,Left,0.8120615653655097,0.1879384346344903
47485,Left,0.7986763319746397,0.20132366802536034
1167,Left,0.7370221638714287,0.2629778361285713
62477,Stayed,0.041596574215061244,0.9584034257849388
14219,Left,0.9313920514891576,0.06860794851084234
34688,Stayed,0.2975240560116913,0.7024759439883087
16432,Left,0.6584346398666443,0.34156536013335564
33000,Left,0.7756281374953645,0.22437186250463548
59153,Stayed,0.1767038607406738,0.8232961392593262
23323,Left,0.9023164766360435,0.0976835233639565
26107,Left,0.8488421974191609,0.15115780258083908
16791,Left,0.5582366158387206,0.4417633841612794
47182,Stayed,0.3598213172407936,0.6401786827592064
73038,Stayed,0.19724474677139914,0.8027552532286009
3566,Left,0.7066122656975782,0.29338773430242177
5186,Left,0.7943179139125985,0.20568208608740146
42257,Stayed,0.12838299156396704,0.871617008436033
6537,Left,0.8256395733286057,0.17436042667139434
25841,Stayed,0.47925698181173726,0.5207430181882627
3172,Stayed,0.19421583374346962,0.8057841662565304
1165,Stayed,0.49693493140958467,0.5030650685904153
19146,Left,0.6811710702101776,0.31882892978982236
278,Stayed,0.35935071506520033,0.6406492849347997
5511,Left,0.7200006220389188,0.2799993779610812
5741,Left,0.6323687584935107,0.36763124150648924
43243,Left,0.5470145525203904,0.4529854474796095
2114,Left,0.8427011247179454,0.15729887528205455
44199,Stayed,0.26417809370211753,0.7358219062978825
51998,Stayed,0.32459817158601045,0.6754018284139895
13970,Left,0.8521327631539455,0.14786723684605446
8816,Stayed,0.3228585214035432,0.6771414785964568
39705,Stayed,0.34520826032834107,0.6547917396716589
2910,Stayed,0.22547667880050537,0.7745233211994946
51958,Stayed,0.4756737973857018,0.5243262026142982
50031,Stayed,0.033707590060373605,0.9662924099396264
43766,Left,0.8834220818255684,0.11657791817443165
30143,Stayed,0.3108253041693524,0.6891746958306476
20945,Left,0.5609551585436454,0.43904484145635453
17747,Left,0.9484770360687966,0.051522963931203425
71130,Left,0.6427874143539327,0.3572125856460672
18591,Stayed,0.20900765169122937,0.7909923483087706
61966,Left,0.5246619593438921,0.47533804065610785
32181,Stayed,0.11729030333848445,0.8827096966615156
37554,Left,0.5493091119879652,0.4506908880120349
24541,Left,0.7598974921564657,0.2401025078435343
15445,Left,0.5746587932455398,0.4253412067544602
34882,Stayed,0.15670815146331896,0.843291848536681
34439,Stayed,0.23316188556736195,0.766838114432638
3417,Left,0.654299919715098,0.34570008028490196
33503,Stayed,0.1872684666774268,0.8127315333225732
67338,Left,0.7087020273185962,0.29129797268140384
40815,Left,0.9199354218168357,0.08006457818316426
21983,Left,0.8058531048423616,0.19414689515763836
698,Stayed,0.4347782877523422,0.5652217122476578
70846,Left,0.6674639718811757,0.33253602811882427
51471,Stayed,0.15699825231086995,0.84300174768913
51764,Stayed,0.20392253256966486,0.7960774674303351
15882,Left,0.558028925270674,0.44197107472932595
1291,Stayed,0.24617981340799844,0.7538201865920016
59580,Stayed,0.2711198005273697,0.7288801994726303
63409,Stayed,0.27463953204466995,0.72536046795533
24379,Stayed,0.10969314133466024,0.8903068586653398
55619,Left,0.9549745262576879,0.045025473742312146
1609,Left,0.791049472087191,0.20895052791280902
50403,Left,0.9066594995846629,0.0933405004153372
14624,Stayed,0.3613228765428852,0.6386771234571148
40880,Stayed,0.30262975878926324,0.6973702412107368
42663,Stayed,0.2752876850106236,0.7247123149893764
58732,Left,0.6883520517028929,0.311647948297107
30345,Stayed,0.017428075633169504,0.9825719243668305
68733,Stayed,0.17424115414813013,0.8257588458518699
73024,Stayed,0.10711003062800106,0.8928899693719989
53233,Left,0.6533860992091166,0.3466139007908834
3154,Left,0.6502168287693639,0.34978317123063607
24829,Stayed,0.25370165062365146,0.7462983493763485
16701,Left,0.8486414460706406,0.1513585539293594
32771,Stayed,0.1468390252456483,0.8531609747543517
49564,Stayed,0.21782306544838326,0.7821769345516167
64935,Left,0.9490166184532394,0.05098338154676066
17809,Stayed,0.04591991013416108,0.9540800898658389
17556,Stayed,0.13042938756111977,0.8695706124388802
33151,Left,0.8592799229938178,0.1407200770061822
47356,Left,0.9006351616969168,0.09936483830308317
56127,Left,0.9312035987405232,0.06879640125947678
38612,Stayed,0.10208211871062312,0.8979178812893769
35408,Left,0.5652644089833803,0.4347355910166197
31435,Stayed,0.4970605653608813,0.5029394346391187
42406,Left,0.9442040103619713,0.05579598963802868
67725,Stayed,0.0326010487403936,0.9673989512596064
68642,Stayed,0.3709200126210127,0.6290799873789873
27534,Left,0.5165489465442644,0.4834510534557356
45489,Left,0.5145265302041334,0.4854734697958666
10173,Left,0.7236489243901664,0.27635107560983363
50758,Left,0.9473084944603942,0.05269150553960573
70375,Stayed,0.14226481400624125,0.8577351859937588
68543,Left,0.7650447268124447,0.23495527318755527
67146,Stayed,0.07820921121513258,0.9217907887848674
29315,Stayed,0.31124687547601204,0.688753124523988
7360,Stayed,0.14522764034724434,0.8547723596527557
33722,Stayed,0.30266978186259885,0.6973302181374011
27297,Stayed,0.14954585618854177,0.8504541438114582
19322,Stayed,0.2887324007881479,0.7112675992118521
54096,Left,0.6223988558730557,0.37760114412694434
19485,Stayed,0.3148488992219012,0.6851511007780988
62600,Left,0.637969826084275,0.36203017391572506
45906,Stayed,0.4788148076112341,0.5211851923887659
5563,Stayed,0.3355477894531085,0.6644522105468915
37593,Left,0.8889775774332155,0.11102242256678449
56024,Stayed,0.1266731174299046,0.8733268825700954
34546,Left,0.8300826712287609,0.1699173287712391
32573,Left,0.7046639630153875,0.2953360369846126
32558,Stayed,0.41246765752900827,0.5875323424709917
65003,Left,0.5526849886332359,0.44731501136676405
68296,Left,0.6984322616557861,0.30156773834421396
68351,Left,0.7291886915968766,0.27081130840312345
9200,Stayed,0.04349565846514469,0.9565043415348553
62350,Stayed,0.3369237361348001,0.6630762638651999
56779,Stayed,0.2730764907084513,0.7269235092915487
32029,Stayed,0.026048020298402474,0.9739519797015975
1902,Stayed,0.3409545476329868,0.6590454523670132
26793,Left,0.9265920058178514,0.07340799418214858
32723,Left,0.782439987950004,0.21756001204999598
67829,Left,0.8115794972854425,0.18842050271455743
17540,Left,0.7843785192361625,0.21562148076383747
4624,Left,0.6610370949028153,0.3389629050971847
67966,Stayed,0.29669226723715214,0.7033077327628479
67081,Left,0.7914904317035936,0.2085095682964064
54280,Left,0.9449060606929143,0.05509393930708578
54614,Left,0.8719052274703156,0.1280947725296844
28138,Left,0.5860031023983585,0.41399689760164143
44984,Left,0.557875850561685,0.4421241494383151
4595,Left,0.8292428265642637,0.17075717343573624
63269,Left,0.7051847976858596,0.2948152023141403
70627,Stayed,0.07163777830587414,0.9283622216941259
773,Stayed,0.14914622953211454,0.8508537704678855
21812,Left,0.8868633254428938,0.11313667455710616
10818,Left,0.949998887131059,0.05000111286894099
34151,Left,0.9327408539382135,0.06725914606178647
30358,Stayed,0.06141993151499714,0.9385800684850029
40796,Stayed,0.042939783451133695,0.9570602165488663
49313,Left,0.7247505492113955,0.2752494507886046
48132,Stayed,0.25120097155266397,0.748799028447336
55706,Left,0.7671297679666302,0.2328702320333697
14505,Left,0.94441822295488,0.05558177704512
62840,Left,0.582814995309213,0.417185004690787
74243,Stayed,0.3105289369557488,0.6894710630442512
37602,Stayed,0.3345875889850176,0.6654124110149824
2779,Stayed,0.4011198013563718,0.5988801986436282
50684,Stayed,0.026364403194357844,0.9736355968056422
36179,Left,0.5385253642006109,0.4614746357993891
74362,Stayed,0.29366061453163506,0.7063393854683649
10994,Left,0.8588751331053177,0.14112486689468234
17782,Left,0.8170010983487058,0.1829989016512942
22434,Left,0.5444834589758246,0.4555165410241754
65841,Stayed,0.2719979029365661,0.7280020970634339
20702,Left,0.6806513861965313,0.3193486138034687
15728,Stayed,0.4029378245797599,0.5970621754202401
27326,Left,0.8035666690615888,0.19643333093841114
50224,Stayed,0.18151336635545046,0.8184866336445495
20633,Left,0.5990134878362947,0.4009865121637053
34454,Stayed,0.08555849110754621,0.9144415088924538
67103,Stayed,0.2781354598729675,0.7218645401270325
4266,Stayed,0.45539495570586896,0.544605044294131
28967,Stayed,0.3907919110453755,0.6092080889546245
42107,Left,0.7357318844275598,0.2642681155724403
19445,Left,0.8885735704018647,0.11142642959813527
5564,Stayed,0.3254944936002033,0.6745055063997967
50491,Stayed,0.30531534397137394,0.6946846560286261
36574,Stayed,0.0914167260777552,0.9085832739222448
57827,Stayed,0.13580450908717623,0.8641954909128238
27643,Left,0.5905152912637457,0.40948470873625437
49073,Left,0.575542562425281,0.42445743757471904
2751,Left,0.7891654167504634,0.2108345832495367
899,Stayed,0.2027780525259979,0.7972219474740021
56350,Left,0.7094903661065562,0.29050963389344375
366,Stayed,0.24810136490298862,0.7518986350970114
47870,Left,0.8462501251548253,0.1537498748451746
27696,Left,0.5508680958343014,0.4491319041656986
63007,Left,0.7057979123510771,0.2942020876489229
74325,Left,0.9891615722061672,0.010838427793832811
36486,Left,0.5729122381236008,0.4270877618763992
20973,Left,0.8317732440034188,0.16822675599658118
72781,Stayed,0.050583513824707715,0.9494164861752923
23353,Stayed,0.05428037884743819,0.9457196211525618
7641,Stayed,0.18257111605678977,0.8174288839432102
16409,Left,0.5611113249666391,0.43888867503336093
69734,Left,0.5297942726824703,0.47020572731752974
67800,Stayed,0.11250911198218083,0.8874908880178192
13144,Stayed,0.4160142664746116,0.5839857335253884
3701,Stayed,0.3387895686059965,0.6612104313940035
30209,Left,0.8336305521506545,0.1663694478493455
33602,Stayed,0.48790500822883487,0.5120949917711651
66045,Stayed,0.3276949891172828,0.6723050108827172
55407,Stayed,0.4936376931390055,0.5063623068609945
20566,Left,0.6762633215794296,0.3237366784205704
42938,Left,0.721823278964297,0.278176721035703
13268,Stayed,0.06160064691451217,0.9383993530854878
20890,Stayed,0.46631001559794205,0.533689984402058
43767,Stayed,0.36546050016421094,0.6345394998357891
66826,Left,0.9696895474420613,0.030310452557938697
69650,Left,0.5466952624939008,0.4533047375060993
63593,Left,0.5977848978980455,0.40221510210195455
36178,Stayed,0.009062392703375277,0.9909376072966247
50726,Stayed,0.41459020933621227,0.5854097906637877
18545,Left,0.912268737680223,0.08773126231977696
34804,Stayed,0.35694490430759374,0.6430550956924063
26102,Stayed,0.10421094136005982,0.8957890586399402
45847,Left,0.8473743192438097,0.1526256807561903
30056,Left,0.5638038482518242,0.4361961517481758
20187,Stayed,0.3302987737506604,0.6697012262493396
84,Stayed,0.29787938171600625,0.7021206182839937
21591,Stayed,0.12920728812190785,0.8707927118780922
72440,Stayed,0.3545636743194238,0.6454363256805762
6666,Stayed,0.08682940745599654,0.9131705925440035
62192,Stayed,0.11359740495579973,0.8864025950442003
63496,Left,0.7615030523215676,0.2384969476784324
28121,Stayed,0.1512625659798834,0.8487374340201166
2902,Left,0.7822538908569386,0.21774610914306136
11437,Stayed,0.23003424027320674,0.7699657597267933
60483,Stayed,0.2322672729814269,0.7677327270185731
69511,Left,0.7874668031829906,0.21253319681700947
50455,Stayed,0.14724667493418842,0.8527533250658116
59894,Left,0.6896427805345149,0.3103572194654851
64413,Left,0.7648747264988728,0.23512527350112725
33483,Left,0.9561426747651562,0.04385732523484375
59516,Stayed,0.3862171825490217,0.6137828174509783
5269,Left,0.7824915103935561,0.2175084896064438
67819,Stayed,0.3757323608304094,0.6242676391695906
37909,Left,0.8293063809645316,0.17069361903546842
2442,Stayed,0.4247957202411885,0.5752042797588115
27986,Left,0.5360467797729317,0.4639532202270683
24317,Left,0.8342149294717017,0.16578507052829827
4042,Left,0.8643684036075465,0.13563159639245345
9888,Stayed,0.13526395767093835,0.8647360423290616
35468,Stayed,0.4523571549257941,0.5476428450742059
32731,Stayed,0.4814071128083579,0.5185928871916421
36900,Left,0.8598830026796461,0.1401169973203539
39088,Left,0.8772573281049058,0.12274267189509425
66906,Left,0.6764868357682066,0.3235131642317934
50707,Left,0.8322756505071418,0.1677243494928582
13739,Left,0.8022942224202931,0.19770577757970692
18839,Stayed,0.05223889483297284,0.9477611051670272
22776,Left,0.861597984331888,0.138402015668112
61655,Stayed,0.32678726292043614,0.6732127370795639
62360,Left,0.6578960745202149,0.3421039254797851
35296,Left,0.7766331908878092,0.2233668091121907
34560,Stayed,0.03616916267968806,0.9638308373203119
68188,Left,0.6796732524997888,0.3203267475002112
42302,Stayed,0.17436487993724137,0.8256351200627586
22398,Left,0.5198896358528045,0.4801103641471955
23433,Left,0.6440350431775068,0.35596495682249324
73849,Left,0.5017808068279652,0.4982191931720348
40110,Stayed,0.25445957841833877,0.7455404215816612
15109,Left,0.6892976755215856,0.31070232447841434
45256,Stayed,0.49689364798634417,0.5031063520136558
38648,Left,0.5718095563567374,0.4281904436432626
196,Stayed,0.2787860994977688,0.7212139005022312
37984,Stayed,0.21801037691395286,0.7819896230860471
57647,Stayed,0.12958894232925022,0.8704110576707498
3271,Stayed,0.3156205256045913,0.6843794743954087
56098,Stayed,0.11798781469909947,0.8820121853009005
58762,Left,0.560157116728647,0.439842883271353
4464,Left,0.6865209478545926,0.31347905214540733
27450,Left,0.9747641190774785,0.025235880922521443
16756,Stayed,0.08100862764569583,0.9189913723543042
19019,Left,0.5989779506773945,0.40102204932260554
15673,Left,0.9421957012710906,0.05780429872890933
5534,Left,0.9191082605768311,0.08089173942316884
34490,Stayed,0.3626371481084002,0.6373628518915998
16403,Stayed,0.4518026579556079,0.5481973420443921
29850,Left,0.8473392514502001,0.1526607485498
315,Left,0.9041162366720794,0.0958837633279206
63765,Stayed,0.46954412947987556,0.5304558705201244
73071,Stayed,0.4089024028332271,0.5910975971667729
29218,Left,0.6926931681405504,0.3073068318594496
8915,Stayed,0.34601419582619675,0.6539858041738033
17743,Left,0.9101845861070882,0.08981541389291184
49796,Stayed,0.39104786280945514,0.6089521371905449
73884,Left,0.8005126927268189,0.19948730727318104
22557,Stayed,0.37097428056087545,0.6290257194391246
38075,Stayed,0.4937392501867035,0.5062607498132965
32447,Stayed,0.38230089704475945,0.6176991029552406
3029,Left,0.533959401665844,0.466040598334156
52167,Left,0.778293478523736,0.22170652147626402
19381,Stayed,0.1362816093457052,0.8637183906542948
37888,Stayed,0.09838506404144576,0.9016149359585542
59491,Stayed,0.08867627515215581,0.9113237248478442
7581,Left,0.8667575614538504,0.13324243854614956
3556,Stayed,0.2797493047898799,0.7202506952101201
64653,Left,0.884332686378954,0.11566731362104593
42689,Left,0.6327710322171581,0.36722896778284186
4594,Stayed,0.2248287989190434,0.7751712010809566
13204,Stayed,0.4388670333986755,0.5611329666013245
2816,Stayed,0.039865206663157404,0.9601347933368426
50367,Left,0.8758920599348471,0.12410794006515294
35117,Stayed,0.42895268225016614,0.5710473177498339
65455,Stayed,0.0675759730978508,0.9324240269021492
56611,Stayed,0.47152575675524044,0.5284742432447596
36784,Stayed,0.3285327376318322,0.6714672623681678
71830,Stayed,0.13619221522685698,0.863807784773143
20778,Left,0.6065183172103852,0.3934816827896149
21635,Stayed,0.08968822066502469,0.9103117793349753
27594,Left,0.5004863015126317,0.49951369848736826
1813,Left,0.8791322391254826,0.12086776087451741
40761,Stayed,0.14405737288034992,0.8559426271196501
1481,Left,0.9597944925689192,0.04020550743108079
27458,Left,0.8861622377658789,0.11383776223412116
45873,Stayed,0.47710460765421403,0.522895392345786
43321,Left,0.7329033621224899,0.2670966378775101
1478,Stayed,0.31832688341677184,0.6816731165832282
64166,Left,0.8210371641048533,0.17896283589514672
16383,Left,0.7492449835318047,0.2507550164681953
13049,Stayed,0.3699661110644996,0.6300338889355004
71641,Stayed,0.11147622766610454,0.8885237723338955
65147,Stayed,0.04042546802506741,0.9595745319749326
16815,Stayed,0.1022138153242177,0.8977861846757823
72766,Left,0.6292468222460346,0.3707531777539654
10256,Left,0.7611716053160714,0.2388283946839286
64087,Stayed,0.39881624895924184,0.6011837510407582
16300,Stayed,0.16501840855957783,0.8349815914404222
5502,Stayed,0.431305460442864,0.568694539557136
61191,Stayed,0.055164384579054815,0.9448356154209452
68382,Stayed,0.49427121704268795,0.505728782957312
42519,Left,0.969708234770855,0.03029176522914504
64532,Stayed,0.1153011695862608,0.8846988304137392
29184,Stayed,0.09671412316963635,0.9032858768303637
35333,Stayed,0.4246605041454715,0.5753394958545285
56502,Left,0.840887860670327,0.15911213932967305
38123,Left,0.5210049759140853,0.47899502408591466
12451,Stayed,0.15318154705840514,0.8468184529415949
55307,Stayed,0.313720339114295,0.686279660885705
43570,Stayed,0.32102626192120465,0.6789737380787954
70067,Stayed,0.09628716498910705,0.903712835010893
40823,Left,0.8410127539327968,0.15898724606720313
42111,Stayed,0.2623810824217091,0.7376189175782909
35041,Left,0.8494549979929609,0.15054500200703913
10425,Left,0.9483048620858174,0.05169513791418257
4572,Stayed,0.3397829283385464,0.6602170716614536
33670,Stayed,0.3595011828171941,0.6404988171828059
73648,Left,0.567921665181986,0.43207833481801405
73582,Left,0.507665694230083,0.492334305769917
56954,Left,0.5790296931326044,0.4209703068673956
44451,Stayed,0.13313349369790395,0.866866506302096
58879,Stayed,0.2133921001956557,0.7866078998043443
34227,Left,0.7710260592412259,0.22897394075877409
49404,Stayed,0.3802290955294262,0.6197709044705738
13250,Left,0.7346678150217416,0.26533218497825845
26707,Left,0.588910261430309,0.41108973856969105
28397,Left,0.9316207164247223,0.06837928357527762
17514,Stayed,0.4552599226386349,0.5447400773613651
39509,Stayed,0.13720287816565857,0.8627971218343414
18276,Left,0.8581860797350533,0.14181392026494669
59963,Stayed,0.13980025988665123,0.8601997401133488
49366,Left,0.6309243992538394,0.36907560074616064
22461,Left,0.9353251203126166,0.06467487968738343
50965,Stayed,0.16520896719035438,0.8347910328096456
58277,Stayed,0.2500627901780278,0.7499372098219722
45282,Left,0.84133488241149,0.15866511758850999
46804,Left,0.5194537229102403,0.48054627708975967
23888,Stayed,0.09417315157115624,0.9058268484288438
14601,Stayed,0.44162043431017184,0.5583795656898282
27979,Stayed,0.36927148193205783,0.6307285180679422
198,Stayed,0.4637948766872293,0.5362051233127707
26309,Left,0.6625353714845472,0.3374646285154527
54157,Left,0.7304118854207949,0.26958811457920506
57649,Left,0.6394041570261568,0.3605958429738431
10440,Stayed,0.2988440529329779,0.7011559470670221
16801,Stayed,0.04228560102212309,0.9577143989778769
48324,Stayed,0.2525468713093856,0.7474531286906144
2575,Stayed,0.3171442320026501,0.6828557679973499
53572,Left,0.6926283942523672,0.30737160574763284
3576,Stayed,0.47000536955022265,0.5299946304497773
68732,Stayed,0.14628743054218296,0.853712569457817
22125,Left,0.8781729032421537,0.12182709675784634
7950,Left,0.8036053934350119,0.1963946065649881
73940,Stayed,0.2177461593644603,0.7822538406355397
55940,Left,0.7470547197342137,0.25294528026578633
25032,Left,0.8793391913163505,0.1206608086836495
69005,Left,0.7009893085318804,0.2990106914681197
28629,Stayed,0.14234405952669815,0.8576559404733018
1571,Stayed,0.2708124102826318,0.7291875897173682
69644,Left,0.5208003503421261,0.4791996496578738
2808,Left,0.8591583570941801,0.14084164290581996
47155,Stayed,0.4052894475689328,0.5947105524310672
28975,Stayed,0.4207944747849496,0.5792055252150504
42940,Stayed,0.022124581355246975,0.977875418644753
43702,Stayed,0.10612199071743322,0.8938780092825668
30261,Stayed,0.4712545173281072,0.5287454826718928
64597,Stayed,0.4974405804846246,0.5025594195153754
1830,Stayed,0.38106290576006263,0.6189370942399374
18846,Left,0.637492045851214,0.362507954148786
60254,Left,0.7637842777015322,0.23621572229846774
11360,Left,0.6597462491186152,0.34025375088138476
33408,Stayed,0.008729501454543431,0.9912704985454566
28069,Stayed,0.10157073709296394,0.8984292629070361
58682,Left,0.739176412082629,0.26082358791737104
62429,Stayed,0.2819282669846268,0.7180717330153732
15808,Left,0.684341750197866,0.31565824980213397
69911,Stayed,0.011086185325397624,0.9889138146746024
59550,Left,0.6025441465584586,0.39745585344154144
37869,Stayed,0.11791259295771894,0.8820874070422811
26558,Stayed,0.2256806064147241,0.7743193935852759
25708,Left,0.9558588661209803,0.044141133879019724
72105,Stayed,0.23578200617346912,0.7642179938265309
58384,Left,0.829489040574592,0.17051095942540792
27444,Left,0.8034352784234712,0.1965647215765288
11151,Left,0.614966869589082,0.3850331304109181
40770,Stayed,0.4187693959705322,0.5812306040294678
53686,Left,0.8730603097192291,0.12693969028077087
37577,Stayed,0.46487237433748496,0.535127625662515
36848,Left,0.8655733338909692,0.13442666610903073
30038,Left,0.6738494634049503,0.3261505365950496
384,Stayed,0.13491747056439563,0.8650825294356044
2350,Stayed,0.030847513183893227,0.9691524868161068
50926,Stayed,0.2781952416206458,0.7218047583793542
10207,Stayed,0.4174588795026426,0.5825411204973574
17447,Left,0.6488634471713162,0.3511365528286839
68052,Left,0.7384866064965286,0.26151339350347136
29526,Stayed,0.2665315965451853,0.7334684034548147
65526,Stayed,0.34787458322390474,0.6521254167760953
2098,Left,0.85818785390421,0.14181214609579
33085,Left,0.6925765116033665,0.30742348839663347
39426,Left,0.8782650502199683,0.1217349497800317
69011,Stayed,0.298769128080129,0.701230871919871
33240,Stayed,0.4806553068396837,0.5193446931603163
12884,Left,0.5202803456718255,0.4797196543281745
14524,Stayed,0.23618911593146374,0.7638108840685363
49220,Left,0.8096137205570786,0.19038627944292139
20284,Left,0.5799974617208103,0.42000253827918965
3383,Stayed,0.1405858487546715,0.8594141512453285
57997,Left,0.5439468361907089,0.45605316380929106
42247,Stayed,0.07826355572538224,0.9217364442746178
24961,Left,0.6660140433852645,0.3339859566147355
5672,Stayed,0.10589167674006295,0.894108323259937
69024,Left,0.5704271582395979,0.4295728417604021
19620,Left,0.7907297670009317,0.20927023299906833
54659,Stayed,0.007633377860424506,0.9923666221395755
48631,Left,0.5217370791413617,0.4782629208586383
21430,Left,0.9371865938364878,0.06281340616351215
55223,Stayed,0.448665876043826,0.551334123956174
41046,Left,0.5154726645530643,0.48452733544693577
45128,Stayed,0.3287460406744278,0.6712539593255722
6780,Stayed,0.1847872500161939,0.8152127499838061
53925,Stayed,0.3913302580407162,0.6086697419592838
26576,Left,0.7279892542227766,0.2720107457772234
53296,Left,0.5353026288984569,0.4646973711015431
31521,Stayed,0.225667025424094,0.774332974575906
25566,Left,0.9375718353247753,0.0624281646752247
47571,Left,0.6716459591396409,0.3283540408603591
55881,Left,0.6623160693297141,0.33768393067028585
41146,Stayed,0.4624571959965478,0.5375428040034522
25570,Left,0.5713494719531783,0.4286505280468217
605,Stayed,0.20232750374679165,0.7976724962532084
5271,Stayed,0.38577795134657,0.61422204865343
16932,Stayed,0.1392968899702457,0.8607031100297543
27055,Stayed,0.2926159083556942,0.7073840916443058
4348,Stayed,0.30283387733866785,0.6971661226613322
65376,Left,0.7694565364249469,0.23054346357505304
28218,Left,0.948715521256671,0.05128447874332894
63317,Left,0.8082567656325247,0.19174323436747534
66252,Left,0.6858590816439304,0.3141409183560696
60087,Stayed,0.20209378914514964,0.7979062108548504
17096,Left,0.9006983559286251,0.09930164407137483
62023,Left,0.6031027859418234,0.3968972140581765
30603,Stayed,0.3066510544248856,0.6933489455751144
21509,Left,0.9231311919567381,0.07686880804326193
46086,Left,0.8137575749389611,0.1862424250610389
27065,Stayed,0.328304286965579,0.671695713034421
60287,Left,0.8559976967683498,0.14400230323165014
53722,Stayed,0.3492254406716998,0.6507745593283002
43501,Stayed,0.07081443626545214,0.9291855637345479
8892,Left,0.9048465541624672,0.09515344583753284
6331,Stayed,0.07439063349223374,0.9256093665077663
73969,Left,0.8658054298639856,0.13419457013601446
50398,Left,0.5541265458741077,0.4458734541258923
6708,Left,0.9789841596290771,0.02101584037092282
69556,Stayed,0.4773237330573573,0.5226762669426427
39684,Stayed,0.21258060193153483,0.7874193980684652
34674,Stayed,0.36408011121762984,0.6359198887823702
18821,Stayed,0.05075611587252149,0.9492438841274785
69553,Stayed,0.03886155421465032,0.9611384457853497
4349,Stayed,0.40111408790640013,0.5988859120935999
4145,Left,0.8881733245433684,0.11182667545663165
52221,Left,0.8696962622019129,0.13030373779808715
71817,Left,0.9358498272531123,0.06415017274688774
62228,Left,0.6294368659614561,0.3705631340385439
34545,Stayed,0.3977764162461921,0.6022235837538079
35699,Stayed,0.2907543361166751,0.7092456638833249
21940,Left,0.8199763826893693,0.18002361731063066
7410,Stayed,0.4758229939728845,0.5241770060271155
5116,Left,0.9565812250091962,0.04341877499080383
5465,Left,0.9481654210227617,0.05183457897723832
11513,Stayed,0.28338609146347826,0.7166139085365217
52935,Stayed,0.4178078725069152,0.5821921274930848
14683,Left,0.5724456997001822,0.4275543002998178
9577,Left,0.8787575738546207,0.12124242614537933
48731,Stayed,0.3956156164242346,0.6043843835757654
57831,Stayed,0.35064997333327286,0.6493500266667271
72077,Left,0.5813915500010038,0.4186084499989961
57423,Stayed,0.3246350465612663,0.6753649534387337
686,Stayed,0.21673596097434145,0.7832640390256586
71115,Left,0.8632816983829259,0.13671830161707413
6430,Stayed,0.3839562326211734,0.6160437673788266
39337,Left,0.6441632889246675,0.35583671107533255
4110,Stayed,0.3604563148785187,0.6395436851214813
18392,Stayed,0.3241521303822599,0.6758478696177401
13073,Stayed,0.04251583498350231,0.9574841650164977
31022,Stayed,0.36963372963744145,0.6303662703625585
7259,Stayed,0.2781920458959719,0.7218079541040281
49143,Stayed,0.2966441613333909,0.7033558386666091
29879,Stayed,0.1864307738345764,0.8135692261654236
13359,Stayed,0.23852242410001456,0.7614775758999854
40020,Stayed,0.028726227145948968,0.971273772854051
67974,Left,0.5487898663136522,0.45121013368634777
74285,Stayed,0.07532320100423973,0.9246767989957603
50302,Left,0.9312360000173809,0.06876399998261906
21725,Left,0.5884874257545645,0.41151257424543547
3364,Left,0.6853260647703252,0.3146739352296748
60662,Left,0.5264602476539656,0.4735397523460344
65195,Stayed,0.2743333503098636,0.7256666496901364
49129,Left,0.7779451675962028,0.22205483240379717
2126,Stayed,0.2705688254687686,0.7294311745312314
34740,Stayed,0.19306659247182567,0.8069334075281743
50895,Left,0.5712987353536596,0.42870126464634045
60781,Left,0.5324647048019948,0.46753529519800513
7147,Stayed,0.44933394866355014,0.5506660513364499
58701,Left,0.7397658691105816,0.2602341308894184
15357,Left,0.7436719067059046,0.2563280932940955
23735,Left,0.9288879191282347,0.07111208087176536
12089,Left,0.904122509990538,0.09587749000946204
7120,Left,0.5124759401626651,0.487524059837335
43856,Left,0.679625364575464,0.3203746354245361
3125,Left,0.57024615569612,0.4297538443038799
73874,Stayed,0.3959991891803658,0.6040008108196342
33884,Stayed,0.14559512430502475,0.8544048756949753
52815,Stayed,0.0137680811025509,0.9862319188974491
47882,Stayed,0.2791125851229246,0.7208874148770754
41216,Stayed,0.2276549309801612,0.7723450690198388
7134,Stayed,0.14713320017515275,0.8528667998248473
25750,Stayed,0.21994938203451897,0.780050617965481
65874,Left,0.8191228577335444,0.18087714226645557
21849,Left,0.9544475880064326,0.045552411993567424
195,Stayed,0.02668674469213317,0.9733132553078668
26080,Left,0.6313540203402481,0.3686459796597518
24485,Left,0.7927204490162525,0.2072795509837475
34712,Stayed,0.23019710057022602,0.769802899429774
52789,Stayed,0.09413379220510965,0.9058662077948904
32979,Stayed,0.212850776589267,0.787149223410733
46286,Stayed,0.04474760078171669,0.9552523992182833
69313,Stayed,0.2546857713089159,0.7453142286910841
18996,Left,0.7859037480464668,0.21409625195353318
41656,Stayed,0.22581670512785734,0.7741832948721427
73231,Stayed,0.4168438829949891,0.5831561170050109
17628,Stayed,0.06358339336095808,0.9364166066390419
42032,Left,0.6357530605784307,0.3642469394215693
13971,Stayed,0.054729793719934916,0.9452702062800651
17538,Left,0.935241660050941,0.064758339949059
33712,Left,0.5246725998148389,0.47532740018516106
10657,Stayed,0.4643139882704955,0.5356860117295045
17769,Stayed,0.17384296063430604,0.826157039365694
13841,Left,0.5402937570353576,0.4597062429646424
69469,Left,0.5781730261660987,0.42182697383390133
18827,Left,0.6677338538852207,0.33226614611477934
65133,Stayed,0.20575133041779192,0.7942486695822081
24717,Left,0.670416376447743,0.329583623552257
62032,Left,0.5226157579149733,0.47738424208502667
41790,Stayed,0.4909028066250054,0.5090971933749946
72630,Stayed,0.491778868344278,0.508221131655722
38172,Stayed,0.07635394297064935,0.9236460570293507
49793,Left,0.8499859700942619,0.15001402990573806
39403,Left,0.6977261198688987,0.30227388013110135
1044,Left,0.6521582873964269,0.34784171260357316
70752,Stayed,0.46016109217120404,0.539838907828796
36271,Left,0.961356985631657,0.038643014368343054
65069,Left,0.9699057213055274,0.03009427869447259
35240,Stayed,0.13200836334479327,0.8679916366552067
23370,Stayed,0.17356890085559418,0.8264310991444058
39888,Left,0.6524378329314258,0.3475621670685742
37538,Left,0.5903676687304843,0.4096323312695157
56262,Stayed,0.2239054039143623,0.7760945960856377
36450,Left,0.5305078853673524,0.4694921146326477
32465,Left,0.6635181624242161,0.3364818375757838
13977,Stayed,0.006863543091684243,0.9931364569083158
60392,Stayed,0.0949485946581976,0.9050514053418024
58461,Stayed,0.06312058607344306,0.9368794139265569
49500,Stayed,0.05187929774094602,0.948120702259054
582,Left,0.5968062689825527,0.40319373101744727
23375,Stayed,0.4356011805373632,0.5643988194626368
34259,Stayed,0.24434055620296646,0.7556594437970335
64666,Stayed,0.13138628709985956,0.8686137129001404
43405,Left,0.5369795411263295,0.4630204588736705
30116,Stayed,0.04441427612628723,0.9555857238737128
35924,Stayed,0.22040241573435027,0.7795975842656497
45750,Stayed,0.1985957921781466,0.8014042078218534
8621,Stayed,0.28086375661256013,0.7191362433874399
70858,Left,0.8227035445254248,0.1772964554745752
14778,Stayed,0.11880812780424133,0.8811918721957587
42631,Left,0.7394810157875202,0.2605189842124797
38144,Stayed,0.24011368377624376,0.7598863162237562
12585,Stayed,0.20137957755574987,0.7986204224442501
70112,Stayed,0.253994564284743,0.746005435715257
11799,Stayed,0.04960529509867839,0.9503947049013216
65833,Stayed,0.10466692277077772,0.8953330772292223
25577,Left,0.8270348618859469,0.17296513811405312
51054,Left,0.5108299655527417,0.48917003444725826
43718,Stayed,0.44464427849580335,0.5553557215041967
31401,Left,0.9351997251593834,0.0648002748406166
46698,Left,0.8143697136143266,0.1856302863856734
8426,Stayed,0.22517803815125204,0.774821961848748
59851,Stayed,0.1347352281048313,0.8652647718951687
46277,Left,0.6570819087516194,0.3429180912483806
72938,Left,0.5841536941895284,0.4158463058104716
64610,Stayed,0.1561016717256123,0.8438983282743877
1031,Stayed,0.2053474915292478,0.7946525084707522
34035,Stayed,0.11213075610586087,0.8878692438941391
52368,Stayed,0.47139268027565306,0.5286073197243469
6066,Stayed,0.08294494199102409,0.9170550580089759
13794,Stayed,0.4361634505469566,0.5638365494530434
43073,Stayed,0.40893435192156036,0.5910656480784396
74157,Stayed,0.38525654133584,0.61474345866416
30778,Stayed,0.3319373734206119,0.6680626265793881
46654,Left,0.5492424648249431,0.4507575351750569
40151,Left,0.8797122832640256,0.12028771673597442
38990,Left,0.6200000200944566,0.3799999799055434
8684,Stayed,0.046189203425058056,0.9538107965749419
34568,Stayed,0.05786915952627747,0.9421308404737225
74063,Stayed,0.41243998294112305,0.587560017058877
25241,Stayed,0.014212028653895925,0.9857879713461041
36805,Stayed,0.3429571257474864,0.6570428742525136
19977,Stayed,0.2657384805397852,0.7342615194602148
4872,Stayed,0.19900267087685852,0.8009973291231415
62775,Left,0.642305350249,0.35769464975099996
12164,Left,0.5241166944533103,0.47588330554668967
34164,Left,0.7263004082873932,0.2736995917126069
25239,Left,0.9469553708471696,0.05304462915283035
43566,Stayed,0.25056609571183763,0.7494339042881624
30910,Left,0.9261780030267541,0.07382199697324582
17715,Stayed,0.45897441683608464,0.5410255831639154
7768,Stayed,0.41910597557399576,0.5808940244260042
61760,Stayed,0.031611292969664584,0.9683887070303354
61354,Left,0.7499044948972133,0.25009550510278666
30511,Stayed,0.111031559395673,0.888968440604327
65934,Stayed,0.08766329523132954,0.9123367047686705
25360,Left,0.704802150915389,0.29519784908461105
26154,Stayed,0.09366225904495551,0.9063377409550445
28610,Stayed,0.08636121724334334,0.9136387827566567
3886,Left,0.5505393277409822,0.44946067225901776
12798,Stayed,0.49936100991011945,0.5006389900898806
38273,Left,0.9838789438817306,0.016121056118269413
40493,Left,0.7867071651453207,0.21329283485467934
26451,Left,0.8876230188771679,0.11237698112283206
29572,Stayed,0.31322228813022446,0.6867777118697755
12497,Stayed,0.36702544077180177,0.6329745592281982
65677,Left,0.7680935282981987,0.23190647170180131
26384,Stayed,0.1740960242682955,0.8259039757317045
36962,Stayed,0.12096445903660213,0.8790355409633979
12744,Stayed,0.13206255868078565,0.8679374413192144
10075,Stayed,0.10053879767955154,0.8994612023204485
73348,Left,0.8598644406868842,0.1401355593131158
60892,Stayed,0.2587506159706596,0.7412493840293404
73197,Stayed,0.03881426780812669,0.9611857321918733
47914,Left,0.949702216375728,0.050297783624271994
65503,Left,0.9065661171515104,0.09343388284848965
57435,Left,0.6823763180441254,0.3176236819558746
40056,Stayed,0.07830442848791486,0.9216955715120851
62983,Left,0.5442438657118414,0.4557561342881586
59039,Stayed,0.4122118617492917,0.5877881382507083
62834,Stayed,0.40228935917696007,0.5977106408230399
58429,Stayed,0.12015004562334608,0.8798499543766539
3512,Stayed,0.4308609380214299,0.5691390619785701
28729,Left,0.7591942527504041,0.24080574724959591
9695,Left,0.6654216342815836,0.33457836571841637
23768,Stayed,0.4173065287579355,0.5826934712420645
29575,Stayed,0.27240716145447874,0.7275928385455213
58360,Left,0.7207959254430334,0.27920407455696655
10578,Stayed,0.07317717922009659,0.9268228207799034
60471,Left,0.5658519525583015,0.4341480474416986
52835,Stayed,0.48479973039617497,0.515200269603825
62449,Stayed,0.2636856784313968,0.7363143215686032
7580,Stayed,0.2903409270009475,0.7096590729990525
13499,Stayed,0.49116269981870087,0.5088373001812991
47721,Left,0.9110407777347986,0.08895922226520135
13561,Left,0.6265191306348172,0.37348086936518277
36759,Left,0.9159799219812256,0.08402007801877444
29548,Left,0.7172039794837313,0.2827960205162687
38557,Left,0.6804348579798664,0.31956514202013364
52893,Left,0.6951153696840621,0.30488463031593793
40685,Stayed,0.4346771896732451,0.5653228103267549
70353,Left,0.7639364330958724,0.2360635669041276
55081,Stayed,0.22776762815063578,0.7722323718493642
55636,Stayed,0.41187006959000005,0.58812993041
20728,Stayed,0.23005576923609583,0.7699442307639042
25732,Left,0.7274197984201483,0.2725802015798517
57054,Stayed,0.20442411740754673,0.7955758825924533
58214,Stayed,0.04603427091621182,0.9539657290837882
41803,Stayed,0.17622418303358467,0.8237758169664153
45624,Left,0.7465411346538717,0.2534588653461283
59085,Left,0.5506443877532744,0.4493556122467256
37073,Left,0.8561327808456203,0.14386721915437967
336,Stayed,0.06981123908218856,0.9301887609178114
28409,Stayed,0.47701662640885734,0.5229833735911427
57341,Left,0.694899098359171,0.305100901640829
41089,Stayed,0.38960191038314873,0.6103980896168513
30641,Left,0.5458044417358647,0.4541955582641352
56991,Stayed,0.01607180113146911,0.9839281988685309
8495,Left,0.6035772555651591,0.39642274443484093
59777,Left,0.618664507447688,0.3813354925523121
69838,Left,0.5352308002531609,0.4647691997468391
48789,Stayed,0.15671197605530995,0.84328802394469
3845,Stayed,0.07067644704591514,0.9293235529540849
8837,Stayed,0.16617876497929807,0.8338212350207019
14870,Left,0.9126149842796053,0.08738501572039471
69893,Left,0.7978043719347494,0.20219562806525057
48463,Left,0.7759522188873489,0.22404778111265117
48499,Left,0.5821346248821242,0.41786537511787586
6556,Left,0.7295435522060552,0.2704564477939448
45124,Stayed,0.3368969991309093,0.6631030008690907
70745,Left,0.5156888702782606,0.4843111297217394
69178,Left,0.7087099339891313,0.2912900660108687
35870,Left,0.8629346346688489,0.13706536533115107
60602,Stayed,0.06584269197663017,0.9341573080233698
70071,Stayed,0.4874701566717209,0.5125298433282791
322,Left,0.8112687172605373,0.18873128273946274
5568,Stayed,0.21052076174833567,0.7894792382516643
53790,Left,0.6967837921284417,0.3032162078715583
21044,Left,0.8631849128054462,0.13681508719455382
69030,Stayed,0.04788661125151994,0.9521133887484801
14830,Stayed,0.03319601328735977,0.9668039867126402
58085,Stayed,0.37125430891136924,0.6287456910886308
51263,Stayed,0.3330461450881971,0.6669538549118029
16031,Stayed,0.41879183803192277,0.5812081619680772
40918,Stayed,0.2790806514285016,0.7209193485714984
33377,Left,0.5495862164887035,0.4504137835112964
14226,Stayed,0.0711527484161113,0.9288472515838887
37733,Left,0.9086768489317459,0.09132315106825405
21806,Stayed,0.4292909196546123,0.5707090803453877
8666,Stayed,0.3031868833745164,0.6968131166254836
27206,Stayed,0.17647184455201703,0.823528155447983
28657,Stayed,0.3887626713029939,0.6112373286970061
34885,Left,0.7231600890137112,0.2768399109862888
39435,Left,0.8857978264152301,0.11420217358476994
44711,Left,0.5755926542085605,0.42440734579143946
67977,Stayed,0.37469047827896507,0.6253095217210349
1986,Stayed,0.3645721151536231,0.6354278848463769
17531,Left,0.5511624868910387,0.44883751310896125
19152,Stayed,0.4648303921405327,0.5351696078594673
6419,Left,0.7625988322666122,0.23740116773338785
13535,Left,0.5155101252837195,0.4844898747162805
23349,Left,0.50199910515172,0.49800089484828003
50426,Stayed,0.43978839777497003,0.56021160222503
27637,Left,0.627510166314069,0.3724898336859311
43988,Left,0.8863248723781522,0.11367512762184782
46071,Left,0.703431841606205,0.296568158393795
11623,Stayed,0.1699039235276757,0.8300960764723243
15135,Left,0.8671768967048248,0.13282310329517516
19176,Left,0.5354255790257689,0.464574420974231
33708,Stayed,0.09076651839360694,0.9092334816063931
1419,Stayed,0.41145540454240337,0.5885445954575966
9282,Stayed,0.171548872595488,0.828451127404512
34613,Left,0.5874609817426772,0.4125390182573227
68591,Left,0.8534413217147698,0.14655867828523014
32945,Stayed,0.14449278100586793,0.8555072189941321
50405,Stayed,0.49275591029846266,0.5072440897015373
43588,Stayed,0.15782440331796999,0.84217559668203
39665,Stayed,0.18971143493782627,0.8102885650621737
7097,Stayed,0.09424178285785512,0.9057582171421449
36955,Left,0.7833670405534636,0.21663295944653638
61373,Stayed,0.37823314499304506,0.6217668550069549
42064,Stayed,0.0647838746827516,0.9352161253172484
6913,Stayed,0.42770410914294577,0.5722958908570542
29835,Stayed,0.07773835616298641,0.9222616438370136
10277,Stayed,0.38693848991860924,0.6130615100813908
63260,Left,0.5020186120780576,0.4979813879219424
14495,Stayed,0.4804613299699215,0.5195386700300785
44959,Left,0.666047927383408,0.333952072616592
70261,Stayed,0.12150556662777712,0.8784944333722229
31356,Left,0.5733305500863378,0.4266694499136622
63644,Stayed,0.47728378650803904,0.522716213491961
11057,Left,0.6766117592630793,0.32338824073692074
70497,Left,0.7511604601448177,0.24883953985518223
4337,Stayed,0.42978890661929425,0.5702110933807057
48891,Left,0.7205752568222386,0.2794247431777614
17472,Stayed,0.46004865993388055,0.5399513400661194
42765,Stayed,0.30410162928990314,0.6958983707100969
55424,Left,0.5860071856633987,0.4139928143366013
5228,Left,0.8768341069598392,0.1231658930401608
49353,Stayed,0.19402018078531946,0.8059798192146805
32378,Stayed,0.12667450916646983,0.8733254908335302
3649,Stayed,0.27620885482612056,0.7237911451738794
7655,Left,0.6928978445623811,0.3071021554376189
61907,Left,0.9552223644733367,0.0447776355266633
34880,Stayed,0.28689423701616723,0.7131057629838328
40366,Stayed,0.05447010567333832,0.9455298943266617
26633,Stayed,0.10016887384306838,0.8998311261569316
23352,Stayed,0.11228293371577058,0.8877170662842294
71799,Stayed,0.24107543627046213,0.7589245637295379
14862,Left,0.8768232484225175,0.12317675157748254
41343,Stayed,0.18631902953017765,0.8136809704698224
15945,Left,0.5827822440858446,0.4172177559141554
62169,Stayed,0.48518153297778477,0.5148184670222152
66936,Left,0.8011590971979351,0.1988409028020649
40367,Left,0.8714918134258267,0.12850818657417334
28889,Stayed,0.022947209183998063,0.9770527908160019
54289,Stayed,0.2972369948029405,0.7027630051970595
4037,Left,0.5315810733449076,0.46841892665509244
48146,Stayed,0.3624625415441116,0.6375374584558884
41163,Left,0.6957234146628625,0.30427658533713753
37251,Stayed,0.4300719815305949,0.5699280184694051
23614,Left,0.8191548553434994,0.18084514465650062
1318,Left,0.9306908484132912,0.06930915158670886
36223,Left,0.9880802848123568,0.011919715187643188
34201,Left,0.7734074074760138,0.22659259252398622
53042,Left,0.6568774912074044,0.34312250879259565
15938,Stayed,0.2562038200754083,0.7437961799245917
67079,Stayed,0.19777431826999858,0.8022256817300014
42831,Left,0.8894503369914861,0.1105496630085139
25431,Stayed,0.16876403212750957,0.8312359678724904
54352,Stayed,0.3100858173649387,0.6899141826350613
19111,Left,0.9619610536093716,0.03803894639062846
25341,Left,0.742185151874706,0.257814848125294
9085,Stayed,0.08380794395277624,0.9161920560472238
55347,Stayed,0.4313950305218647,0.5686049694781353
36554,Stayed,0.027716616189269683,0.9722833838107303
28233,Left,0.9426424662772733,0.05735753372272665
65039,Stayed,0.3569936950689361,0.6430063049310639
12433,Left,0.9040840739466116,0.09591592605338836
38365,Left,0.6022684159453946,0.3977315840546054
65231,Stayed,0.3951714753253379,0.6048285246746621
46424,Stayed,0.4111963323096969,0.5888036676903031
30765,Stayed,0.34511365219530776,0.6548863478046922
27417,Stayed,0.25767285405029483,0.7423271459497052
9901,Stayed,0.1909178854359157,0.8090821145640843
13819,Left,0.9477948042442421,0.0522051957557579
72343,Left,0.8115574393905687,0.18844256060943126
29643,Stayed,0.010355731190880624,0.9896442688091194
31647,Stayed,0.1266137014793477,0.8733862985206523
44229,Left,0.7726858313833416,0.22731416861665843
36712,Left,0.7990581607962681,0.20094183920373193
13745,Left,0.5436259673258799,0.45637403267412013
20658,Left,0.7998738319698414,0.20012616803015856
31122,Left,0.6791568456796832,0.32084315432031685
36197,Stayed,0.31549591465515314,0.6845040853448469
31884,Stayed,0.2853074129849932,0.7146925870150068
61431,Stayed,0.0672228015090428,0.9327771984909572
23866,Left,0.5266668174836786,0.47333318251632134
60116,Left,0.940582334801544,0.05941766519845606
69382,Left,0.5919335319160477,0.40806646808395236
13898,Left,0.5543150182407284,0.44568498175927157
8036,Stayed,0.4612224540336608,0.5387775459663392
41256,Left,0.7019566120745258,0.2980433879254743
17905,Left,0.6694801998805117,0.33051980011948834
2892,Stayed,0.48387982703075005,0.51612017296925
70744,Stayed,0.3990381924384162,0.6009618075615838
23776,Stayed,0.2567784020888064,0.7432215979111936
32429,Left,0.8154763808700753,0.18452361912992465
50037,Left,0.7403761086390848,0.25962389136091524
29890,Stayed,0.38250622513965504,0.617493774860345
48425,Stayed,0.3462947673390613,0.6537052326609387
59907,Left,0.7563704135335982,0.24362958646640182
35024,Left,0.9714906452259979,0.02850935477400208
29597,Stayed,0.40460422946927177,0.5953957705307282
35268,Stayed,0.185874549017627,0.814125450982373
37809,Stayed,0.27720223831845836,0.7227977616815416
10478,Stayed,0.14209098739090897,0.857909012609091
3279,Stayed,0.2966325213641696,0.7033674786358304
57256,Stayed,0.45992897004417943,0.5400710299558206
52520,Stayed,0.23269034313235393,0.7673096568676461
5881,Left,0.9629476773996262,0.03705232260037378
72089,Left,0.6796010348733317,0.3203989651266684
41512,Stayed,0.14152500881019558,0.8584749911898044
4395,Stayed,0.1986060447360134,0.8013939552639866
26347,Left,0.7359265933164065,0.26407340668359347
18387,Left,0.952347295882076,0.04765270411792403
53320,Left,0.5478390417854113,0.4521609582145886
45536,Stayed,0.02839397211236172,0.9716060278876383
44006,Stayed,0.1712919094104901,0.8287080905895099
67364,Stayed,0.3275057009749702,0.6724942990250298
15005,Stayed,0.4014830674958392,0.5985169325041608
49975,Stayed,0.4406681970414721,0.5593318029585279
43150,Left,0.6832154924821634,0.31678450751783654
4393,Left,0.8390549724138452,0.16094502758615478
66552,Left,0.9648063642588312,0.03519363574116885
48530,Left,0.8998724169517898,0.10012758304821022
7628,Left,0.6501345139842551,0.34986548601574485
38097,Left,0.7483218825964904,0.25167811740350965
27972,Left,0.92257432639679,0.07742567360320998
42251,Left,0.9229711423938524,0.07702885760614765
35587,Left,0.7332810657755742,0.2667189342244258
62915,Left,0.5854050217872087,0.4145949782127914
66902,Left,0.9015980692203125,0.09840193077968748
23680,Stayed,0.4454265035979268,0.5545734964020732
38028,Stayed,0.37801158945028324,0.6219884105497168
17680,Stayed,0.024004139453229767,0.9759958605467702
16522,Stayed,0.36008702487917277,0.6399129751208272
56270,Left,0.5740901031268186,0.42590989687318137
60430,Stayed,0.15486926027212355,0.8451307397278764
24774,Left,0.8064402564421704,0.1935597435578296
34241,Left,0.9166540882212999,0.08334591177870004
21070,Left,0.5142256133292895,0.48577438667071055
73160,Stayed,0.4704812830037931,0.5295187169962069
52850,Left,0.6831549904261252,0.3168450095738749
42278,Left,0.9308439962611239,0.06915600373887608
59709,Left,0.91402537267302,0.08597462732698002
57484,Stayed,0.049139429808548796,0.9508605701914512
1942,Stayed,0.09399762551711444,0.9060023744828856
29164,Stayed,0.4847698171752801,0.5152301828247199
57080,Stayed,0.41172065275597913,0.5882793472440209
42923,Left,0.8597406630940831,0.14025933690591688
35636,Left,0.5755955691302244,0.42440443086977564
28658,Stayed,0.38769302571314734,0.6123069742868527
53037,Stayed,0.05785028641457868,0.9421497135854213
58876,Stayed,0.2911281165083872,0.7088718834916128
72780,Left,0.9379350707016145,0.06206492929838547
24782,Stayed,0.3699379022348799,0.6300620977651201
43713,Left,0.5276979953371025,0.4723020046628975
20145,Left,0.7386008600312022,0.2613991399687979
58206,Left,0.9640036158297509,0.035996384170249085
58328,Left,0.557727172804863,0.4422728271951371
57233,Stayed,0.06773456458548865,0.9322654354145113
67575,Left,0.6142912097904298,0.38570879020957016
37002,Left,0.63831229437798,0.3616877056220201
9952,Left,0.7608141781527391,0.23918582184726095
18371,Stayed,0.18990317093517672,0.8100968290648233
73773,Left,0.5610903970334262,0.4389096029665738
19926,Left,0.7204772446722794,0.2795227553277207
2248,Stayed,0.2883917899524445,0.7116082100475555
6634,Stayed,0.34892910967903346,0.6510708903209665
44796,Stayed,0.4848856350787957,0.5151143649212043
2377,Stayed,0.40491069056451445,0.5950893094354855
36329,Left,0.8663970456424084,0.13360295435759167
23128,Stayed,0.2898478246562951,0.7101521753437049
13656,Stayed,0.42214357892176224,0.5778564210782378
46683,Stayed,0.3594733766297423,0.6405266233702577
48915,Stayed,0.49595467786982184,0.5040453221301782
10630,Left,0.8844280756354264,0.1155719243645737
74048,Stayed,0.23685753160255307,0.7631424683974469
49453,Stayed,0.40483707170849315,0.5951629282915069
38444,Left,0.5504048632114307,0.4495951367885694
17248,Left,0.5617881562227018,0.4382118437772981
68307,Stayed,0.11662243408446715,0.8833775659155328
6082,Stayed,0.2784869044988276,0.7215130955011724
45376,Left,0.8237031476222799,0.17629685237772008
65609,Stayed,0.06639553267495357,0.9336044673250464
72025,Left,0.8741916922279948,0.12580830777200525
65941,Stayed,0.34953111425859384,0.6504688857414062
2232,Stayed,0.06667654220639763,0.9333234577936024
6840,Left,0.5817335405736972,0.4182664594263028
41141,Left,0.5948633833890631,0.40513661661093686
59869,Stayed,0.29302966305674516,0.7069703369432548
46133,Left,0.6634546624454254,0.33654533755457455
47172,Left,0.8805388900190948,0.11946110998090523
25418,Stayed,0.3651584880648532,0.6348415119351468
60219,Stayed,0.41118093936734024,0.5888190606326598
1271,Left,0.6768582942665975,0.32314170573340256
55559,Left,0.5378559905438909,0.4621440094561092
34432,Left,0.8340856701597641,0.16591432984023596
4673,Left,0.7880884093274181,0.21191159067258195
44446,Left,0.5705099633473708,0.4294900366526292
36679,Left,0.579662568766397,0.420337431233603
16400,Stayed,0.3566531827203292,0.6433468172796708
27002,Stayed,0.3311164047094416,0.6688835952905584
8454,Left,0.5091853321635431,0.49081466783645694
38818,Stayed,0.38782249503582145,0.6121775049641786
31893,Stayed,0.12213655072420415,0.8778634492757958
56028,Stayed,0.03751649054161643,0.9624835094583836
59375,Left,0.5912850935449354,0.40871490645506464
69119,Left,0.5994857040887636,0.4005142959112365
20328,Left,0.7415079618418206,0.2584920381581794
32042,Left,0.6558552057183524,0.3441447942816475
9846,Stayed,0.26045626506171593,0.7395437349382841
44009,Stayed,0.40729469171605603,0.592705308283944
29079,Stayed,0.36257689993295406,0.637423100067046
66756,Stayed,0.09688284466320818,0.9031171553367918
7639,Left,0.6869722557810507,0.31302774421894936
4375,Stayed,0.2787717442383587,0.7212282557616413
40415,Left,0.7746752384846828,0.22532476151531725
52760,Stayed,0.34483104330941017,0.6551689566905898
66300,Left,0.5244324748665675,0.4755675251334325
53898,Left,0.8967551180352031,0.10324488196479681
55028,Stayed,0.03528244113657486,0.9647175588634251
68085,Stayed,0.10121068009842038,0.8987893199015796
20161,Left,0.678543980115508,0.32145601988449196
52960,Left,0.9231552887631396,0.07684471123686044
41209,Stayed,0.34889531620719827,0.6511046837928017
56498,Left,0.5010324872702829,0.49896751272971707
60372,Stayed,0.22998183780705106,0.7700181621929489
42718,Left,0.5398880144963576,0.46011198550364235
30251,Left,0.606813702077146,0.3931862979228539
9987,Stayed,0.03314800732967804,0.966851992670322
64728,Left,0.7204176537262611,0.2795823462737389
72018,Stayed,0.33769657142271126,0.6623034285772887
49895,Stayed,0.08699723879111398,0.913002761208886
66834,Left,0.9108612945967126,0.08913870540328743
16056,Stayed,0.1310807899116435,0.8689192100883565
3736,Stayed,0.36502899701097036,0.6349710029890296
7608,Stayed,0.11316572078994713,0.8868342792100529
1487,Left,0.9087146424264786,0.09128535757352141
62571,Left,0.6264826048566676,0.3735173951433323
71574,Stayed,0.26614866449287156,0.7338513355071284
61106,Stayed,0.11003552354021062,0.8899644764597894
9686,Stayed,0.026321840733214308,0.9736781592667857
53842,Left,0.9422247323032281,0.05777526769677187
4878,Stayed,0.05911891881896225,0.9408810811810377
58963,Left,0.7069733634951325,0.29302663650486743
53294,Left,0.9746845213745685,0.025315478625431466
63654,Left,0.765153952542839,0.23484604745716092
354,Left,0.5289622262682021,0.47103777373179784
8035,Stayed,0.15794239864867987,0.8420576013513201
71331,Left,0.7052067791841333,0.2947932208158667
54441,Left,0.6605497762182206,0.33945022378177936
58213,Stayed,0.11694718846351893,0.8830528115364811
15058,Stayed,0.41668962623404426,0.5833103737659557
72701,Left,0.7798858398275517,0.22011416017244828
58569,Stayed,0.4569975144582541,0.5430024855417459
72184,Left,0.7022302070233644,0.2977697929766357
24471,Stayed,0.24287026503862696,0.757129734961373
70520,Left,0.9417946226922557,0.05820537730774431
48833,Left,0.8218370480290489,0.17816295197095108
43001,Left,0.5509396851100052,0.4490603148899948
57495,Stayed,0.2042642967626721,0.7957357032373279
63477,Stayed,0.45071926251749783,0.5492807374825022
58587,Left,0.572273774894912,0.427726225105088
71766,Stayed,0.23056940432661555,0.7694305956733845
31792,Left,0.738092557015434,0.26190744298456603
66074,Left,0.7365718958510588,0.26342810414894124
52714,Left,0.9032002039123332,0.09679979608766671
15421,Stayed,0.4445171078043544,0.5554828921956456
67921,Left,0.6576224356950189,0.34237756430498106
45337,Stayed,0.41544408176923575,0.5845559182307642
73005,Left,0.9119731895729785,0.08802681042702155
14625,Left,0.9382029230195292,0.06179707698047081
40689,Stayed,0.15792355168173133,0.8420764483182687
50927,Stayed,0.18385419601911823,0.8161458039808818
70818,Left,0.742708594637577,0.257291405362423
63615,Stayed,0.24412846903137897,0.755871530968621
47332,Left,0.7203776273822962,0.2796223726177038
1401,Left,0.7698941653999747,0.23010583460002526
29129,Stayed,0.34567851084143597,0.654321489158564
59943,Stayed,0.3252116046697725,0.6747883953302275
13880,Stayed,0.25601561114860816,0.7439843888513918
17042,Left,0.8905937557543755,0.10940624424562446
5094,Stayed,0.2929106610590133,0.7070893389409867
38002,Stayed,0.4660253728065308,0.5339746271934692
33500,Stayed,0.2131660974950217,0.7868339025049783
12563,Stayed,0.476134511047545,0.523865488952455
33907,Stayed,0.1152091955626765,0.8847908044373235
24262,Stayed,0.3190450871578002,0.6809549128421998
20630,Stayed,0.3874753648363345,0.6125246351636655
68440,Stayed,0.21071295245715294,0.7892870475428471
31543,Stayed,0.19634654689752473,0.8036534531024753
52061,Left,0.7867962253757215,0.21320377462427859
28170,Stayed,0.07511714041576578,0.9248828595842342
37240,Stayed,0.42492432516634926,0.5750756748336507
63629,Stayed,0.10833921987518436,0.8916607801248156
55288,Stayed,0.3794270586325358,0.6205729413674642
59014,Left,0.8992417956358709,0.10075820436412909
6436,Left,0.8116033876086611,0.18839661239133887
67098,Stayed,0.18496369192654916,0.8150363080734508
69643,Stayed,0.4660312991587706,0.5339687008412294
13955,Left,0.9563797448486009,0.0436202551513991
32724,Stayed,0.07351352832806923,0.9264864716719308
17903,Left,0.6127245016015861,0.38727549839841385
39137,Left,0.6129383325927593,0.38706166740724074
26669,Left,0.8021300673189862,0.19786993268101385
72230,Stayed,0.49215799149295325,0.5078420085070467
7672,Stayed,0.35878031802256005,0.64121968197744
7674,Left,0.5182864034221983,0.4817135965778017
57600,Left,0.9187285424192353,0.08127145758076473
55733,Stayed,0.49550444796363347,0.5044955520363665
45974,Stayed,0.29883277478737547,0.7011672252126245
64872,Left,0.9284826882949087,0.07151731170509129
50903,Left,0.6165778496706172,0.38342215032938276
60734,Stayed,0.2801318252810897,0.7198681747189103
60627,Left,0.6721515439634145,0.3278484560365856
40093,Left,0.9368969859339663,0.06310301406603368
46389,Stayed,0.21138061556751986,0.7886193844324801
60162,Stayed,0.22988333607779476,0.7701166639222052
1976,Left,0.7950792856047153,0.20492071439528467
36970,Left,0.6262233348965835,0.3737766651034165
69271,Left,0.7568736975273642,0.24312630247263584
51980,Stayed,0.16109610101638416,0.8389038989836158
30560,Stayed,0.49964889924707545,0.5003511007529245
55370,Stayed,0.3496766017029249,0.6503233982970751
66684,Stayed,0.43977250582492966,0.5602274941750703
50456,Left,0.601533197886698,0.39846680211330193
60779,Stayed,0.035639031311912706,0.9643609686880873
31399,Stayed,0.30030007354741295,0.699699926452587
26846,Stayed,0.46521514257143026,0.5347848574285697
14511,Left,0.5083475942955447,0.4916524057044554
71258,Left,0.8375583600363009,0.16244163996369912
17293,Left,0.5082344550221564,0.49176554497784364
72544,Left,0.5247709665844809,0.4752290334155192
54130,Left,0.9149772944751382,0.08502270552486178
32435,Left,0.928308795476611,0.07169120452338894
30823,Left,0.8330642895175484,0.16693571048245154
14175,Stayed,0.3904065453294867,0.6095934546705133
13543,Stayed,0.26120242466884336,0.7387975753311566
45120,Left,0.6797804676884486,0.3202195323115514
9119,Stayed,0.37221179775591406,0.6277882022440859
38959,Stayed,0.16500806603052964,0.8349919339694704
32554,Left,0.964314675414372,0.03568532458562798
65816,Left,0.5796251400080243,0.4203748599919757
69319,Left,0.9593991088073631,0.04060089119263684
57307,Stayed,0.3074108053686566,0.6925891946313434
24097,Stayed,0.22226621962955884,0.7777337803704412
23681,Stayed,0.4730668871525787,0.5269331128474213
28666,Stayed,0.09294302340817795,0.907056976591822
20869,Left,0.6016114757200246,0.3983885242799754
8012,Stayed,0.03935317826689211,0.9606468217331079
30377,Stayed,0.40448212694796315,0.5955178730520369
2433,Left,0.7847335065766436,0.21526649342335635
12137,Stayed,0.09777694781318191,0.9022230521868181
3273,Stayed,0.16387681921568598,0.836123180784314
42729,Left,0.6289175063412236,0.3710824936587765
64636,Stayed,0.18802218365976198,0.811977816340238
43641,Left,0.8538331827900534,0.14616681720994665
1155,Stayed,0.051938695705588955,0.948061304294411
12801,Stayed,0.3017195459748996,0.6982804540251004
45817,Left,0.7337858893009057,0.26621411069909423
44206,Stayed,0.21791610959270225,0.7820838904072978
48228,Stayed,0.11762364130118197,0.882376358698818
39068,Left,0.7707863882118451,0.22921361178815491
40827,Stayed,0.04849029756424361,0.9515097024357564
18586,Stayed,0.11120533064617955,0.8887946693538205
13912,Stayed,0.11890443993631605,0.881095560063684
61301,Left,0.7274741615345759,0.2725258384654241
59274,Left,0.7135936324079382,0.28640636759206184
48904,Stayed,0.3369904212951679,0.6630095787048321
16235,Stayed,0.3359447237886437,0.6640552762113563
8884,Stayed,0.3267564357118258,0.6732435642881742
60935,Stayed,0.12421221228011348,0.8757877877198865
2579,Left,0.5404751724554142,0.4595248275445858
23673,Stayed,0.26633769641537974,0.7336623035846203
63662,Stayed,0.3380734002008762,0.6619265997991238
53680,Left,0.9751379022568669,0.024862097743133124
22193,Stayed,0.06593398642642845,0.9340660135735716
70224,Left,0.7530590038111853,0.24694099618881477
28749,Stayed,0.08849762104059822,0.9115023789594018
53903,Left,0.8234762810759048,0.17652371892409524
67985,Stayed,0.09953204159519191,0.9004679584048081
47748,Stayed,0.41611697669955305,0.583883023300447
27987,Left,0.8066887961915322,0.19331120380846778
5967,Left,0.9639190287129266,0.03608097128707345
70809,Left,0.5743610491230315,0.4256389508769684
43937,Stayed,0.09331530312420344,0.9066846968757966
9451,Stayed,0.4891778955552768,0.5108221044447232
39687,Stayed,0.27504225804759874,0.7249577419524013
13727,Left,0.6643377333380215,0.3356622666619785
32473,Stayed,0.17034673239484321,0.8296532676051568
63390,Stayed,0.378737764841211,0.621262235158789
4066,Stayed,0.10362822634374047,0.8963717736562595
30623,Stayed,0.282272319927102,0.717727680072898
60752,Left,0.7079690229420186,0.2920309770579815
42362,Left,0.6399483542904796,0.3600516457095204
5740,Left,0.6265690531706081,0.37343094682939193
11924,Left,0.779837568286684,0.2201624317133159
20199,Stayed,0.3513258404675009,0.6486741595324991
25386,Stayed,0.08214132859422474,0.9178586714057753
11862,Stayed,0.4400686783570349,0.5599313216429651
47179,Left,0.5588772557229904,0.44112274427700965
30596,Stayed,0.37040289991301356,0.6295971000869864
28415,Left,0.8950555992251998,0.1049444007748002
5820,Stayed,0.030907362857783283,0.9690926371422167
6499,Left,0.8457684615043276,0.1542315384956724
67370,Stayed,0.03357378282611523,0.9664262171738848
33567,Left,0.8506758447891881,0.1493241552108119
4140,Stayed,0.3816635973970589,0.6183364026029411
32766,Left,0.7967278699274918,0.2032721300725082
56477,Stayed,0.13722505142917174,0.8627749485708283
65001,Left,0.6293367119464288,0.3706632880535711
39054,Left,0.5350639535552537,0.46493604644474634
49025,Left,0.7105388647423956,0.28946113525760436
32708,Left,0.5095167800206235,0.4904832199793765
9761,Left,0.6947002582370149,0.30529974176298513
24529,Stayed,0.06380181887143666,0.9361981811285633
32919,Stayed,0.4869241020527987,0.5130758979472013
21697,Left,0.9834229602996333,0.016577039700366735
9208,Left,0.9413957906136401,0.05860420938635988
19355,Stayed,0.11489724462374284,0.8851027553762572
49135,Left,0.7245078089907155,0.2754921910092844
54570,Stayed,0.23285765100565037,0.7671423489943496
16294,Stayed,0.408892819627408,0.591107180372592
14113,Left,0.8613009955485108,0.1386990044514892
65524,Stayed,0.23023085064545123,0.7697691493545488
64021,Left,0.5233483663801313,0.47665163361986873
37074,Left,0.6921794106652028,0.30782058933479717
46281,Stayed,0.09331448557972188,0.9066855144202781
15231,Stayed,0.07160646028989892,0.9283935397101011
58001,Left,0.5783174811620861,0.4216825188379138
69017,Stayed,0.09220936328907392,0.9077906367109261
17263,Left,0.5207918764364661,0.47920812356353387
12352,Left,0.7275867851258082,0.27241321487419173
28424,Left,0.8333590079591077,0.1666409920408923
27396,Left,0.9601621643289935,0.03983783567100655
58679,Left,0.563750319304062,0.4362496806959379
9196,Left,0.933389665908698,0.06661033409130199
22315,Left,0.9583035415546567,0.04169645844534331
451,Stayed,0.18431717253911772,0.8156828274608823
68169,Stayed,0.0555374687897382,0.9444625312102618
27523,Left,0.9117416651919343,0.08825833480806561
25143,Stayed,0.2375442045933549,0.7624557954066451
8335,Stayed,0.4000443616218998,0.5999556383781002
72469,Left,0.7133875711137097,0.2866124288862904
44382,Left,0.7438283496281923,0.25617165037180767
54055,Stayed,0.24397439626598305,0.756025603734017
70087,Stayed,0.23890073716132443,0.7610992628386756
72946,Stayed,0.2502845614509135,0.7497154385490865
42068,Left,0.9241521355202815,0.07584786447971843
63373,Left,0.5319734113382755,0.4680265886617245
23114,Left,0.8520164039192653,0.1479835960807347
20628,Stayed,0.06366838825867005,0.93633161174133
31907,Left,0.7836965033987194,0.21630349660128054
8683,Left,0.636028927247099,0.36397107275290097
39677,Left,0.6852776138546255,0.31472238614537446
15518,Left,0.5634688112491754,0.43653118875082464
17974,Stayed,0.11868281339448594,0.8813171866055141
53397,Stayed,0.14866907903431015,0.8513309209656899
25485,Left,0.902073616886529,0.097926383113471
50202,Left,0.7728378472198956,0.2271621527801045
28367,Left,0.852474579569092,0.14752542043090797
66193,Left,0.8358062501075256,0.16419374989247437
18553,Left,0.8050183835645021,0.1949816164354979
28336,Left,0.6368329722612633,0.36316702773873666
25503,Stayed,0.26922989445864176,0.7307701055413582
1865,Left,0.5263717589600057,0.47362824103999435
38176,Stayed,0.13652944993286875,0.8634705500671312
8237,Left,0.6733536788644837,0.3266463211355163
32833,Stayed,0.4096338487109179,0.5903661512890821
50166,Left,0.7253883684759572,0.27461163152404283
24146,Left,0.5931619453026915,0.4068380546973085
16571,Stayed,0.15141544629567893,0.8485845537043211
42089,Left,0.8335831978315056,0.1664168021684944
8588,Stayed,0.37439226777688606,0.6256077322231139
6965,Stayed,0.2223582918245608,0.7776417081754392
54791,Left,0.5290224769980049,0.47097752300199514
2684,Stayed,0.38816863380688893,0.6118313661931111
41918,Left,0.960052625567048,0.039947374432951994
4640,Left,0.7960380003314605,0.20396199966853948
37789,Left,0.6996111205008906,0.30038887949910936
38762,Stayed,0.41039252436385387,0.5896074756361461
50760,Left,0.9219052470875044,0.07809475291249555
15718,Left,0.6616435761037929,0.33835642389620707
72420,Left,0.5641906230660743,0.43580937693392574
33517,Stayed,0.45228422653636957,0.5477157734636304
18003,Left,0.5225036074200105,0.4774963925799896
45667,Left,0.5909030671343853,0.4090969328656146
40905,Left,0.5706683812476181,0.42933161875238196
58090,Left,0.5598342274714923,0.44016577252850775
40045,Stayed,0.12151181944706047,0.8784881805529395
26517,Left,0.6456549787064199,0.3543450212935801
37918,Left,0.5793759859375112,0.4206240140624888
68489,Stayed,0.3058002100610605,0.6941997899389395
54125,Left,0.5311440032429527,0.46885599675704726
28994,Left,0.7304605515952536,0.2695394484047465
3716,Left,0.6298566311088427,0.3701433688911573
26986,Left,0.6174031574877373,0.38259684251226267
32249,Stayed,0.3031236094429819,0.6968763905570181
14876,Stayed,0.3526111295858979,0.6473888704141021
35916,Left,0.8505572071895563,0.14944279281044368
70632,Left,0.8288025717576653,0.17119742824233472
21930,Stayed,0.1297676536495005,0.8702323463504995
29103,Stayed,0.11972860932074603,0.880271390679254
66754,Stayed,0.1704953862775772,0.8295046137224228
57083,Stayed,0.21465727781259203,0.785342722187408
30447,Left,0.8233152511038275,0.17668474889617242
27353,Stayed,0.37889251064258367,0.6211074893574163
27853,Stayed,0.36204820941940663,0.6379517905805934
67534,Left,0.7945801604378665,0.2054198395621335
43614,Stayed,0.38241101150093515,0.6175889884990649
41964,Stayed,0.23434301900275933,0.7656569809972407
6457,Stayed,0.3240175949273464,0.6759824050726536
58797,Left,0.9329081062560037,0.06709189374399623
25293,Stayed,0.45640824195735885,0.5435917580426411
41051,Stayed,0.3216791105065411,0.6783208894934589
56343,Left,0.5543817967895943,0.4456182032104057
68210,Stayed,0.3325695364516208,0.6674304635483792
68920,Stayed,0.12051739100617154,0.8794826089938285
9929,Stayed,0.28702425239672036,0.7129757476032796
45363,Left,0.7107135009363398,0.2892864990636602
72614,Stayed,0.480479304778344,0.519520695221656
37185,Stayed,0.03603172900219165,0.9639682709978084
3661,Left,0.8349292808838898,0.16507071911611013
74450,Stayed,0.04207696346840217,0.9579230365315978
7302,Stayed,0.06175723597699312,0.9382427640230069
58264,Stayed,0.49262239569785093,0.5073776043021491
47399,Stayed,0.22320232816746,0.77679767183254
37111,Left,0.9336448564121572,0.06635514358784278
70966,Stayed,0.021563726496804603,0.9784362735031954
3078,Stayed,0.48497141941849875,0.5150285805815012
28106,Left,0.9206587148165493,0.07934128518345078
48613,Stayed,0.2871065960525442,0.7128934039474558
61724,Left,0.6347586928340643,0.36524130716593567
68346,Left,0.6418222088348895,0.35817779116511045
60630,Left,0.5811889141281377,0.41881108587186233
52431,Stayed,0.35029733143348163,0.6497026685665184
28241,Stayed,0.24663011691347114,0.7533698830865289
29893,Left,0.6396146124005246,0.3603853875994753
21045,Stayed,0.1266757381019853,0.8733242618980147
8787,Stayed,0.31150820313800887,0.6884917968619911
10239,Stayed,0.245353289303756,0.754646710696244
51425,Left,0.9456134954097485,0.054386504590251565
16420,Stayed,0.27872104572719714,0.7212789542728029
8614,Stayed,0.1197074713834676,0.8802925286165324
69470,Left,0.5512567086168321,0.44874329138316793
7556,Stayed,0.08076979996199773,0.9192302000380023
26336,Stayed,0.4034807707150516,0.5965192292849484
73275,Left,0.896676127562688,0.10332387243731199
33191,Stayed,0.29541054339438133,0.7045894566056187
26834,Stayed,0.4294737301338981,0.5705262698661019
46744,Stayed,0.4320715882432018,0.5679284117567982
56068,Stayed,0.3806921383466366,0.6193078616533634
36262,Stayed,0.126563747556811,0.873436252443189
60652,Left,0.7539200940528089,0.24607990594719112
34096,Left,0.6388796188878066,0.36112038111219336
68599,Stayed,0.25035426459119414,0.7496457354088059
32527,Stayed,0.2805795800019312,0.7194204199980688
60792,Stayed,0.3749759653993171,0.6250240346006829
27681,Left,0.8304789996354861,0.1695210003645139
22402,Stayed,0.25536089348379487,0.7446391065162051
56946,Stayed,0.3611249295645277,0.6388750704354723
48173,Stayed,0.10091810541960244,0.8990818945803976
11349,Left,0.7471426355458386,0.2528573644541614
7749,Left,0.8519945892105051,0.14800541078949492
35189,Left,0.5883634735743618,0.4116365264256382
64466,Left,0.8269993523662108,0.17300064763378917
52125,Stayed,0.07909243006851563,0.9209075699314844
51464,Stayed,0.3126493881876108,0.6873506118123892
64651,Stayed,0.11679328052830185,0.8832067194716982
18597,Left,0.8359161192741114,0.1640838807258887
23821,Stayed,0.11440332824608646,0.8855966717539135
72429,Left,0.8888189075109253,0.11118109248907475
38461,Left,0.7653489408857483,0.2346510591142516
50379,Stayed,0.21701233451125035,0.7829876654887497
59243,Left,0.5651260224413248,0.43487397755867513
73262,Left,0.59816397925031,0.40183602074969
33545,Stayed,0.04532338272620895,0.954676617273791
7321,Left,0.7037824016237904,0.29621759837620965
5670,Left,0.7444410263893974,0.25555897361060265
31371,Stayed,0.44313671275662636,0.5568632872433736
13371,Stayed,0.02836016310853362,0.9716398368914664
8954,Stayed,0.08516730069606415,0.9148326993039358
23499,Stayed,0.1498398850618412,0.8501601149381588
34705,Stayed,0.10533774283729158,0.8946622571627084
3121,Stayed,0.16615818913505875,0.8338418108649412
23240,Stayed,0.32308984386098305,0.676910156139017
28096,Stayed,0.38200883451292666,0.6179911654870733
51647,Stayed,0.05977741995168806,0.9402225800483119
20526,Stayed,0.051454567894135717,0.9485454321058643
11539,Stayed,0.16993432108582307,0.8300656789141769
51403,Stayed,0.09517078793436207,0.9048292120656379
20951,Left,0.6969949296351435,0.30300507036485647
56939,Stayed,0.28491882503779153,0.7150811749622085
24482,Stayed,0.2848687605792881,0.7151312394207119
33076,Left,0.6165901592816918,0.3834098407183082
29276,Left,0.8330609016251667,0.1669390983748333
63360,Stayed,0.13376889465767539,0.8662311053423246
67849,Stayed,0.10484866709768781,0.8951513329023122
29995,Left,0.9243004043989591,0.07569959560104092
43915,Left,0.5835082385896269,0.41649176141037314
6574,Stayed,0.4169206464453187,0.5830793535546813
16172,Stayed,0.08912376304992953,0.9108762369500705
9759,Stayed,0.417222053059356,0.582777946940644
2792,Left,0.7017696521884738,0.2982303478115262
8310,Left,0.6233606398517919,0.37663936014820804
29167,Stayed,0.380219660160554,0.619780339839446
5,Left,0.7646212441548343,0.2353787558451657
7859,Stayed,0.46125339960483003,0.53874660039517
42374,Stayed,0.32061836150254464,0.6793816384974554
73360,Stayed,0.4249936381067625,0.5750063618932375
57842,Stayed,0.4128238419732795,0.5871761580267205
39373,Left,0.8767253324530293,0.12327466754697064
47301,Stayed,0.07895225469672129,0.9210477453032787
36733,Stayed,0.20230746983559267,0.7976925301644073
53304,Stayed,0.15007392084043147,0.8499260791595685
38772,Left,0.942190569038216,0.057809430961783995
55852,Left,0.8506319897078493,0.14936801029215074
67401,Left,0.8608560233527455,0.1391439766472545
26203,Stayed,0.09212169996546449,0.9078783000345355
22305,Stayed,0.3864040748227354,0.6135959251772646
54138,Left,0.9375978537487101,0.062402146251289925
69018,Stayed,0.037190989756662796,0.9628090102433372
16797,Stayed,0.22079605833311844,0.7792039416668816
52487,Left,0.9432789219686682,0.05672107803133173
45101,Left,0.9183837894509692,0.08161621054903082
20777,Left,0.5224545121033907,0.47754548789660933
18818,Left,0.5255111706620182,0.47448882933798175
29271,Stayed,0.2705452323729032,0.7294547676270968
10613,Left,0.8068902892145007,0.19310971078549935
47793,Stayed,0.32545068626871065,0.6745493137312893
26398,Left,0.8442396597274703,0.15576034027252972
71992,Stayed,0.4244301921122472,0.5755698078877528
57566,Stayed,0.11834319940066629,0.8816568005993337
66846,Left,0.7343105015898284,0.2656894984101716
45971,Left,0.9628390508944034,0.03716094910559666
41823,Left,0.8673488164896384,0.13265118351036162
45732,Left,0.8439813422585171,0.1560186577414829
24386,Left,0.9648613931327377,0.035138606867262355
4035,Left,0.6250164634567674,0.3749835365432325
10918,Left,0.7181327441400296,0.28186725585997047
70582,Stayed,0.39072683497767946,0.6092731650223205
10948,Stayed,0.15661013278423463,0.8433898672157654
11780,Stayed,0.17962431787430289,0.8203756821256971
40237,Left,0.5168558759932467,0.4831441240067534
13142,Stayed,0.0162853885734634,0.9837146114265366
47769,Left,0.7277453245558103,0.27225467544418974
45087,Stayed,0.12670518685835752,0.8732948131416425
22052,Left,0.5151090595498015,0.48489094045019854
68938,Left,0.6178403020816241,0.38215969791837595
43594,Left,0.6994313162640411,0.30056868373595885
68891,Stayed,0.28868645478836963,0.7113135452116304
7791,Stayed,0.47496769308500164,0.5250323069149984
63157,Left,0.6974846266658132,0.3025153733341867
25146,Left,0.5569588370129404,0.44304116298705964
62907,Left,0.6129473671581378,0.38705263284186214
71819,Left,0.6360629484020857,0.36393705159791434
61169,Stayed,0.030663762316334053,0.969336237683666
33061,Left,0.6026423277288413,0.39735767227115865
57104,Stayed,0.13341632271126502,0.866583677288735
43513,Stayed,0.3036513959837104,0.6963486040162896
32418,Stayed,0.30113515783303846,0.6988648421669615
35974,Left,0.9851706707924179,0.014829329207582108
48104,Stayed,0.2389623695755302,0.7610376304244698
17993,Stayed,0.4943241794888287,0.5056758205111713
70914,Stayed,0.08969864840803832,0.9103013515919617
20583,Left,0.7569251486018582,0.2430748513981418
11547,Stayed,0.3054418620840864,0.6945581379159136
57727,Left,0.7981989330613186,0.2018010669386814
7603,Stayed,0.046671466448873655,0.9533285335511263
14141,Stayed,0.26714876886404204,0.732851231135958
69551,Stayed,0.312192799500565,0.687807200499435
51478,Stayed,0.03399079633942581,0.9660092036605742
27068,Left,0.7464741688132368,0.25352583118676325
69101,Left,0.6501323978223248,0.34986760217767526
19453,Stayed,0.3402299997897822,0.6597700002102178
37802,Stayed,0.20540815033839321,0.7945918496616068
11690,Left,0.9811054448254715,0.018894555174528576
37184,Stayed,0.4163058079324088,0.5836941920675912
35716,Left,0.7931772889602446,0.20682271103975536
14378,Stayed,0.133907333629957,0.866092666370043
63267,Left,0.8870520671057535,0.11294793289424654
62020,Left,0.8610862918811745,0.13891370811882556
61614,Stayed,0.0559957538219088,0.9440042461780912
26741,Left,0.977501670351056,0.022498329648944007
60760,Left,0.901224686868601,0.09877531313139896
61877,Left,0.7740907157143458,0.22590928428565415
21871,Stayed,0.4122330554305631,0.5877669445694369
20788,Stayed,0.11619898016758423,0.8838010198324158
42365,Stayed,0.41935859192179414,0.5806414080782059
19161,Left,0.8280192443662647,0.17198075563373524
28764,Left,0.8808306258624584,0.11916937413754157
56938,Left,0.7247574371523167,0.2752425628476834
16270,Stayed,0.40143691169587115,0.5985630883041289
27948,Left,0.706110711442411,0.29388928855758906
34793,Stayed,0.3992261983557448,0.6007738016442552
17783,Stayed,0.4141666838555049,0.5858333161444951
29904,Stayed,0.15690531291357812,0.8430946870864219
60900,Left,0.5634148594743082,0.43658514052569175
19242,Stayed,0.14089584190339055,0.8591041580966094
8902,Left,0.816783496897512,0.18321650310248808
2837,Stayed,0.4507519336484367,0.5492480663515633
17479,Stayed,0.05069901507577701,0.949300984924223
69048,Left,0.9258425423892116,0.07415745761078835
32065,Left,0.8329686869185571,0.1670313130814429
44539,Left,0.649622651534341,0.35037734846565904
70040,Stayed,0.03814694299416743,0.9618530570058326
43520,Stayed,0.22265879900937235,0.7773412009906276
33808,Left,0.5598628359583512,0.4401371640416488
9209,Left,0.7034330501459972,0.2965669498540028
1289,Left,0.6670506619639558,0.33294933803604426
9955,Left,0.6193879260955532,0.38061207390444685
34258,Left,0.642923478270226,0.357076521729774
30316,Left,0.7005965602035655,0.2994034397964344
55846,Left,0.6363635807295345,0.3636364192704656
35122,Left,0.6366157939304739,0.36338420606952615
14088,Stayed,0.09331435971943214,0.9066856402805679
12274,Left,0.7551552078596717,0.24484479214032834
35544,Left,0.6515674575444688,0.3484325424555312
50508,Left,0.9354411387238264,0.06455886127617359
7025,Stayed,0.018369931087954483,0.9816300689120455
72035,Stayed,0.3924874810173239,0.6075125189826761
48951,Stayed,0.2746879910439809,0.7253120089560191
53904,Stayed,0.1773917829614552,0.8226082170385448
66917,Left,0.5100182487301832,0.48998175126981686
11083,Stayed,0.36561214129897335,0.6343878587010267
59483,Stayed,0.3948682203001256,0.6051317796998744
58476,Stayed,0.07596863333811354,0.9240313666618865
15436,Stayed,0.34171569803866075,0.6582843019613392
31731,Left,0.7737901892155953,0.22620981078440472
42243,Left,0.7209447095015674,0.2790552904984326
45881,Left,0.5628911804806583,0.43710881951934166
34533,Left,0.685730601302867,0.31426939869713305
69079,Left,0.5578140476254949,0.4421859523745051
54553,Stayed,0.21845487855664047,0.7815451214433595
66958,Left,0.5698879704428945,0.4301120295571054
3419,Stayed,0.14947090664579488,0.8505290933542051
24987,Left,0.6355358769882143,0.36446412301178566
24025,Stayed,0.4678886609345685,0.5321113390654315
24177,Stayed,0.42025195187884556,0.5797480481211544
54965,Left,0.941460957939093,0.05853904206090701
13251,Stayed,0.07007236606010558,0.9299276339398944
2194,Stayed,0.1099534036593508,0.8900465963406492
30282,Stayed,0.2707251466792183,0.7292748533207817
46802,Stayed,0.4275212527244694,0.5724787472755306
63277,Stayed,0.11463735634618,0.88536264365382
66081,Left,0.8768487939868077,0.12315120601319235
10343,Stayed,0.2780367109073626,0.7219632890926374
65746,Stayed,0.3785147605707926,0.6214852394292074
59756,Left,0.5201113235881525,0.47988867641184746
31719,Left,0.8926140456051354,0.10738595439486469
21648,Stayed,0.09425484017470132,0.9057451598252987
15292,Left,0.8174532786683306,0.18254672133166935
9056,Left,0.5733089888416114,0.42669101115838853
11467,Left,0.5035829536569985,0.4964170463430015
15695,Stayed,0.1088416842808112,0.8911583157191888
56771,Stayed,0.0985421844425658,0.9014578155574342
68060,Stayed,0.49289692619393477,0.5071030738060652
41885,Left,0.5111347489942955,0.4888652510057045
32952,Left,0.9290681315920297,0.07093186840797028
1585,Stayed,0.069283340444935,0.930716659555065
37174,Stayed,0.007975603016754707,0.9920243969832453
31838,Stayed,0.08433305374036515,0.9156669462596349
35581,Left,0.5660746715952569,0.433925328404743
1484,Stayed,0.08533943604494998,0.91466056395505
58362,Stayed,0.020289192750559182,0.9797108072494408
5976,Stayed,0.3617038190601668,0.6382961809398332
56513,Left,0.7967293366461634,0.20327066335383656
62090,Stayed,0.43980431428350397,0.560195685716496
31149,Left,0.6405687593850786,0.3594312406149213
20693,Left,0.7674921434626891,0.23250785653731088
8601,Stayed,0.3751812414513598,0.6248187585486402
61723,Stayed,0.38027185718945977,0.6197281428105402
70657,Stayed,0.03043767028232769,0.9695623297176723
44848,Left,0.8121047382537048,0.18789526174629517
65613,Stayed,0.2977057372198657,0.7022942627801343
59807,Stayed,0.20351002761234105,0.796489972387659
30665,Stayed,0.4458994506756151,0.5541005493243849
54920,Left,0.5373473963399845,0.4626526036600155
48113,Left,0.9302982240160631,0.0697017759839369
3602,Stayed,0.22461423640349465,0.7753857635965054
28911,Left,0.56761893943131,0.4323810605686899
70154,Stayed,0.2436900368135292,0.7563099631864708
61989,Stayed,0.3253210347274539,0.6746789652725461
61880,Left,0.6502303888622276,0.34976961113777233
22664,Stayed,0.06970415844900735,0.9302958415509927
64121,Stayed,0.3488096768948764,0.6511903231051236
54210,Stayed,0.3060055277121134,0.6939944722878866
16444,Stayed,0.303700875284862,0.696299124715138
23944,Left,0.5232158255147424,0.47678417448525756
52051,Left,0.7067545304333575,0.29324546956664255
44582,Left,0.9401783734193755,0.05982162658062453
31305,Left,0.5699657510909917,0.4300342489090083
16324,Stayed,0.4529109954428008,0.5470890045571992
39796,Stayed,0.46996638117112677,0.5300336188288732
74268,Left,0.563585192474492,0.436414807525508
36118,Left,0.8828567491015543,0.11714325089844567
26847,Stayed,0.09953076659732207,0.9004692334026779
71062,Stayed,0.4744821563499608,0.5255178436500392
12419,Stayed,0.43837654478357857,0.5616234552164214
1524,Left,0.7302559944670837,0.26974400553291633
54915,Left,0.7966634868431737,0.20333651315682633
14635,Left,0.7201367912806478,0.2798632087193523
60533,Stayed,0.1798157645861923,0.8201842354138077
6743,Left,0.8371627598495411,0.16283724015045883
12358,Stayed,0.25901840109457386,0.7409815989054261
58376,Left,0.7248195549284879,0.27518044507151207
17699,Left,0.8403690829625745,0.1596309170374255
52172,Stayed,0.41790830350776087,0.5820916964922391
20173,Left,0.5928217782732018,0.4071782217267982
9622,Left,0.5296525318866558,0.47034746811334416
3345,Stayed,0.1399582172505368,0.8600417827494632
13362,Stayed,0.29232320356793906,0.7076767964320609
14042,Left,0.5948296236220302,0.4051703763779698
2681,Stayed,0.27195272423125627,0.7280472757687437
64823,Stayed,0.34753195125560477,0.6524680487443952
15714,Left,0.7022021832042196,0.2977978167957804
6269,Stayed,0.02947304302027476,0.9705269569797252
67972,Left,0.8253767625183508,0.17462323748164926
58191,Left,0.7898717610399185,0.21012823896008145
60310,Left,0.7533739631873129,0.2466260368126871
57019,Stayed,0.26800941310448134,0.7319905868955187
19294,Stayed,0.4743251181672916,0.5256748818327084
57606,Left,0.723320160976533,0.27667983902346704
74471,Left,0.7976190810795335,0.2023809189204665
28084,Left,0.8739549120678788,0.12604508793212119
4022,Left,0.9448728585604317,0.05512714143956835
58143,Left,0.913481776694171,0.08651822330582903
39013,Left,0.6272021533094774,0.3727978466905227
6632,Left,0.5600876265605366,0.4399123734394634
65183,Left,0.7434979889219473,0.25650201107805276
65284,Stayed,0.13577166846996247,0.8642283315300375
4209,Stayed,0.20442044280394844,0.7955795571960516
40389,Left,0.6730322700849505,0.32696772991504947
1175,Stayed,0.040155996119998316,0.9598440038800017
4901,Stayed,0.01366176235966765,0.9863382376403323
31186,Stayed,0.253366088161178,0.746633911838822
1174,Left,0.7390657008125159,0.2609342991874842
23317,Left,0.6501420429729041,0.34985795702709593
8364,Stayed,0.25834251191301794,0.7416574880869821
28219,Stayed,0.05138131133839707,0.9486186886616029
70898,Left,0.5442962439728148,0.45570375602718516
63946,Stayed,0.4827377678772109,0.5172622321227891
73442,Left,0.6603866712864943,0.33961332871350564
68940,Left,0.8452190601992579,0.15478093980074217
73117,Stayed,0.122203213167841,0.877796786832159
67726,Left,0.9121622991222798,0.08783770087772023
6526,Stayed,0.22173890006367603,0.778261099936324
37025,Left,0.8575229033265787,0.14247709667342134
17965,Left,0.5748479139125423,0.4251520860874577
25594,Stayed,0.32291221254756763,0.6770877874524324
50084,Stayed,0.44373612937513507,0.5562638706248649
49782,Left,0.5957491889688922,0.4042508110311078
58355,Left,0.517518945451318,0.482481054548682
72621,Stayed,0.0608180733980731,0.9391819266019269
20852,Stayed,0.3832567320454381,0.6167432679545619
65137,Stayed,0.31415692426535313,0.6858430757346469
29839,Stayed,0.3762475325659438,0.6237524674340562
57777,Stayed,0.3072943812695662,0.6927056187304338
22676,Stayed,0.165709483928833,0.834290516071167
48089,Left,0.5886116871590363,0.4113883128409636
35966,Stayed,0.4431524371559634,0.5568475628440366
16871,Stayed,0.012410659920461642,0.9875893400795384
27393,Left,0.6463102000496729,0.3536897999503271
37543,Stayed,0.2564958007027043,0.7435041992972957
27657,Stayed,0.4930023915265249,0.5069976084734751
49794,Stayed,0.0933616179043869,0.9066383820956131
27480,Left,0.7470320305213425,0.25296796947865746
41729,Left,0.9349508918225998,0.06504910817740021
15515,Left,0.647134355376404,0.35286564462359604
41378,Left,0.9555034052023065,0.044496594797693564
3011,Left,0.7453034841734643,0.2546965158265358
36478,Stayed,0.3124070671232947,0.6875929328767053
60024,Left,0.5011841829831098,0.49881581701689015
36205,Stayed,0.009657492457206818,0.9903425075427932
21074,Left,0.7004111757010615,0.2995888242989385
50568,Stayed,0.4218371470730322,0.5781628529269678
4246,Stayed,0.17186765990911024,0.8281323400908898
64296,Stayed,0.1326488410965534,0.8673511589034466
53668,Left,0.618914582157813,0.38108541784218697
27563,Stayed,0.3654492802093169,0.6345507197906831
27071,Stayed,0.14219603936764025,0.8578039606323598
64734,Stayed,0.40242760689884804,0.597572393101152
48840,Left,0.7567064266231469,0.24329357337685306
51146,Stayed,0.29066879493926945,0.7093312050607306
54066,Left,0.5178490254478008,0.4821509745521992
73944,Stayed,0.4130545130632718,0.5869454869367282
16696,Stayed,0.38794527675830826,0.6120547232416917
15183,Left,0.7540789821924909,0.24592101780750913
44284,Left,0.6337507652741651,0.3662492347258349
64065,Stayed,0.24231354662554638,0.7576864533744536
74463,Left,0.6246798941692947,0.3753201058307053
7707,Stayed,0.4932266807234361,0.5067733192765639
14965,Stayed,0.1141204784149672,0.8858795215850328
54652,Left,0.7142008962511872,0.28579910374881273
51082,Left,0.9257122923717612,0.07428770762823875
41293,Stayed,0.438338983819921,0.561661016180079
65655,Stayed,0.36404564906124326,0.6359543509387567
58674,Left,0.7562537506438524,0.24374624935614767
43790,Left,0.8076299588916038,0.19237004110839614
63900,Left,0.6431231500414801,0.35687684995851987
12284,Stayed,0.25419779775502127,0.7458022022449787
20207,Left,0.6461638377074459,0.35383616229255405
1060,Stayed,0.26415041394522387,0.7358495860547761
59666,Left,0.8018805293076067,0.1981194706923933
63068,Stayed,0.43220315022470224,0.5677968497752978
6897,Left,0.7602506465098378,0.23974935349016221
32837,Left,0.6449574355792665,0.35504256442073345
71968,Stayed,0.05305299604481195,0.946947003955188
48420,Left,0.7374303502746102,0.2625696497253897
23717,Left,0.5938832448224234,0.40611675517757656
40873,Left,0.971498095959444,0.028501904040555998
66188,Left,0.6944453524199559,0.3055546475800441
4654,Left,0.8199407136494005,0.18005928635059953
29727,Left,0.810133027607242,0.18986697239275802
39251,Left,0.913972042148585,0.08602795785141508
71730,Left,0.7719556121509004,0.22804438784909967
8880,Left,0.6241600246053812,0.3758399753946188
36005,Stayed,0.07944821453919815,0.9205517854608019
20500,Left,0.7122437142838243,0.28775628571617573
56790,Stayed,0.26168260294497125,0.7383173970550287
30830,Left,0.8368978838119535,0.16310211618804646
52304,Left,0.7430879813275771,0.25691201867242286
40705,Stayed,0.12620206468634598,0.873797935313654
24238,Left,0.5796047878198872,0.4203952121801128
38481,Stayed,0.35566551124131385,0.6443344887586862
32393,Stayed,0.4910876448725048,0.5089123551274952
52940,Stayed,0.09084445036087296,0.909155549639127
10281,Left,0.8179105985838846,0.18208940141611535
6530,Stayed,0.20064238907812215,0.7993576109218778
72975,Left,0.5292575719099278,0.47074242809007216
17123,Left,0.6979349925608509,0.30206500743914905
42185,Left,0.8489936369894819,0.15100636301051806
43191,Stayed,0.03662823035626217,0.9633717696437378
72864,Left,0.7967572285288204,0.2032427714711796
56519,Left,0.886923967240494,0.11307603275950591
17644,Stayed,0.25054095068800786,0.7494590493119921
11332,Left,0.7749426752769725,0.22505732472302756
45276,Stayed,0.11375894959214927,0.8862410504078507
73297,Stayed,0.23904208013193118,0.7609579198680688
66566,Left,0.8203834342392295,0.17961656576077045
53199,Stayed,0.31392812186255203,0.686071878137448
36217,Left,0.617840512747292,0.382159487252708
11097,Left,0.61270122892923,0.38729877107077004
24371,Left,0.9744177360614747,0.025582263938525293
23086,Stayed,0.037560196121282474,0.9624398038787175
7468,Left,0.7589650251940943,0.2410349748059058
6759,Left,0.7123834923269745,0.28761650767302543
24136,Left,0.7866307720605796,0.2133692279394204
65489,Left,0.7884146624786013,0.2115853375213988
72096,Stayed,0.08847709845343044,0.9115229015465696
28323,Left,0.6124722709816102,0.3875277290183898
60363,Stayed,0.1582199455267861,0.8417800544732139
35460,Stayed,0.08709151059052167,0.9129084894094783
7822,Stayed,0.3721815217863368,0.6278184782136632
6484,Left,0.6984059401765224,0.3015940598234777
68654,Left,0.6669626631799287,0.3330373368200713
57112,Stayed,0.0810821015250911,0.9189178984749089
38875,Stayed,0.48563690867472664,0.5143630913252734
49821,Left,0.903946457905413,0.09605354209458702
20042,Left,0.6206831259168499,0.3793168740831501
52181,Stayed,0.48131564455076026,0.5186843554492397
18934,Stayed,0.2964722071715531,0.7035277928284469
12103,Stayed,0.3867396285693214,0.6132603714306786
14077,Left,0.6642913681063174,0.3357086318936826
65873,Stayed,0.22593888364916004,0.77406111635084
13996,Stayed,0.05968019039887573,0.9403198096011243
9923,Left,0.8762280359052962,0.12377196409470385
64940,Stayed,0.1942975324690671,0.8057024675309329
48632,Stayed,0.3863259490056612,0.6136740509943388
41730,Left,0.6034428948914512,0.3965571051085488
12066,Left,0.734144893060354,0.26585510693964604
44051,Left,0.8993068109897046,0.10069318901029548
2323,Left,0.826120546106396,0.17387945389360404
375,Left,0.7670125086640591,0.2329874913359409
57632,Left,0.9324633942328114,0.06753660576718858
21765,Left,0.9453147305741632,0.05468526942583679
51734,Left,0.902283613129351,0.09771638687064894
35857,Stayed,0.24113593089437324,0.7588640691056268
33331,Stayed,0.010452780540796791,0.9895472194592032
20756,Stayed,0.38522538888624613,0.6147746111137539
60559,Stayed,0.4101694553339975,0.5898305446660025
65397,Left,0.6429398948931067,0.3570601051068933
73198,Stayed,0.34162671792604926,0.6583732820739507
13632,Stayed,0.21690975662234668,0.7830902433776533
17031,Left,0.9245538533517473,0.07544614664825262
31643,Stayed,0.3667129568899421,0.6332870431100579
31299,Stayed,0.13424764659512545,0.8657523534048746
71616,Stayed,0.2504127954235399,0.7495872045764601
66589,Left,0.7150449841732744,0.2849550158267256
25286,Left,0.8330377820044523,0.16696221799554767
20469,Stayed,0.1714430782919516,0.8285569217080484
11853,Stayed,0.32493721065171155,0.6750627893482885
24522,Stayed,0.2860262641483846,0.7139737358516154
44241,Left,0.6303824108227041,0.369617589177296
19133,Stayed,0.19990474578408257,0.8000952542159174
65532,Left,0.5582403135478755,0.4417596864521245
47211,Left,0.5546906491478194,0.4453093508521806
54030,Stayed,0.4380679181797701,0.5619320818202299
24014,Left,0.9225470105458232,0.0774529894541768
12558,Left,0.6216010458005704,0.3783989541994296
70512,Stayed,0.354452637764052,0.645547362235948
22378,Left,0.9199333684853138,0.08006663151468614
64873,Stayed,0.35445135875196043,0.6455486412480396
58886,Stayed,0.3677483492959994,0.6322516507040006
60176,Stayed,0.23216656451548123,0.7678334354845188
73769,Left,0.7178614366025278,0.28213856339747223
4417,Left,0.9014652410365203,0.09853475896347973
9843,Stayed,0.18951125599626528,0.8104887440037347
16394,Stayed,0.23239571807922166,0.7676042819207783
59972,Stayed,0.48148496216002756,0.5185150378399724
11543,Left,0.7738568118550808,0.22614318814491918
21596,Left,0.5294386486466324,0.47056135135336763
11941,Stayed,0.12304066162092397,0.876959338379076
3714,Left,0.5693198127949768,0.43068018720502327
52761,Stayed,0.31604130657802165,0.6839586934219783
11567,Left,0.9106839417032329,0.08931605829676714
73557,Left,0.8288746529256462,0.17112534707435378
46819,Stayed,0.3253485651806889,0.6746514348193111
69944,Left,0.9172148120066572,0.08278518799334282
39229,Stayed,0.3538169884698137,0.6461830115301863
61634,Stayed,0.4681810163162108,0.5318189836837892
4919,Stayed,0.26432292580966565,0.7356770741903343
54980,Stayed,0.041581483494975036,0.958418516505025
74015,Stayed,0.3038912676400768,0.6961087323599232
44719,Stayed,0.4857938292162819,0.5142061707837181
59476,Stayed,0.18210456175675382,0.8178954382432462
55687,Left,0.8627512902305049,0.1372487097694951
15200,Stayed,0.013609272415079698,0.9863907275849203
70871,Left,0.5403533063142483,0.4596466936857518
26773,Left,0.8670006628872962,0.13299933711270387
45176,Stayed,0.22049400240805617,0.7795059975919438
50262,Stayed,0.03023379933741277,0.9697662006625872
20209,Stayed,0.4216715478934552,0.5783284521065448
62862,Left,0.9055799345861127,0.09442006541388724
48021,Left,0.525202305263184,0.47479769473681593
65850,Left,0.517467740929795,0.48253225907020497
7965,Left,0.5680408444264236,0.43195915557357645
12521,Left,0.7814844386133377,0.21851556138666234
34396,Stayed,0.123194148246494,0.876805851753506
44358,Stayed,0.44923284411441733,0.5507671558855827
67644,Left,0.7009586893467936,0.2990413106532063
13932,Left,0.7446143251659016,0.25538567483409835
22945,Stayed,0.44805013576659125,0.5519498642334087
43091,Stayed,0.40668428192708894,0.5933157180729111
34296,Left,0.8826916552817188,0.11730834471828121
5947,Left,0.9066904834773757,0.09330951652262427
70281,Left,0.9144328885455756,0.08556711145442443
73640,Stayed,0.26821658484519717,0.7317834151548028
32929,Left,0.5314517381789887,0.4685482618210112
59831,Stayed,0.1394558460965979,0.8605441539034021
59330,Left,0.7699984586066958,0.2300015413933042
15208,Stayed,0.23977118316405455,0.7602288168359455
12784,Left,0.7603484193445685,0.23965158065543146
52900,Stayed,0.39296669114563876,0.6070333088543612
16822,Stayed,0.06333570692163948,0.9366642930783605
73217,Left,0.5009821045424354,0.49901789545756453
32756,Left,0.8569798888263456,0.14302011117365443
50056,Stayed,0.08703586110636252,0.9129641388936375
50765,Left,0.7157765266933022,0.28422347330669784
730,Stayed,0.035978579496287355,0.9640214205037126
62979,Stayed,0.4640181706977089,0.5359818293022911
44518,Stayed,0.20032419658496725,0.7996758034150327
15394,Stayed,0.3597500200202849,0.6402499799797151
70176,Left,0.5545434747658228,0.4454565252341772
16707,Stayed,0.382484816437318,0.617515183562682
41889,Left,0.5600727036498403,0.43992729635015976
70431,Left,0.6638672961675467,0.33613270383245336
30013,Stayed,0.47872490604460793,0.5212750939553921
8642,Left,0.9037561603738598,0.09624383962614026
36035,Left,0.5129159606453721,0.4870840393546279
81,Left,0.7726308629226566,0.22736913707734338
27090,Left,0.8105604989059105,0.1894395010940895
62757,Stayed,0.015724891732950774,0.9842751082670492
630,Left,0.7152911591557181,0.2847088408442819
56436,Left,0.7523710820243992,0.24762891797560088
21446,Stayed,0.1937177487846531,0.8062822512153469
61116,Stayed,0.11745028142425273,0.8825497185757473
875,Stayed,0.12813234762469805,0.871867652375302
7107,Left,0.8352603831082921,0.16473961689170788
12821,Left,0.7506042570776803,0.24939574292231972
6544,Stayed,0.30039712738794944,0.6996028726120506
73636,Left,0.6164440108412846,0.38355598915871536
42664,Left,0.8455849867026287,0.15441501329737128
2219,Left,0.6467215559211643,0.35327844407883574
47104,Stayed,0.33443319177461805,0.665566808225382
4752,Stayed,0.3702396724086384,0.6297603275913616
27368,Left,0.5906542486912727,0.40934575130872725
55591,Left,0.7419060509295565,0.2580939490704435
16903,Left,0.5509695471498605,0.44903045285013954
66165,Stayed,0.4037120094672163,0.5962879905327837
56371,Stayed,0.04400169624880701,0.955998303751193
24656,Left,0.6376204968429495,0.3623795031570504
57464,Stayed,0.11781340698550835,0.8821865930144916
31204,Stayed,0.343967750148487,0.656032249851513
66611,Stayed,0.4650661562864472,0.5349338437135528
6166,Stayed,0.1152444557969049,0.8847555442030951
73062,Left,0.6945836834046707,0.3054163165953293
59880,Stayed,0.4102716258326975,0.5897283741673025
64258,Left,0.7233452511709638,0.2766547488290362
70609,Stayed,0.47175083759487335,0.5282491624051266
64217,Left,0.794836478318344,0.20516352168165597
16132,Stayed,0.08708964558152155,0.9129103544184785
12068,Left,0.8742136713493633,0.12578632865063671
12291,Stayed,0.21693002055516297,0.783069979444837
54924,Left,0.5550816874051623,0.4449183125948377
35445,Left,0.6085433890258618,0.3914566109741382
13859,Stayed,0.13154356429201475,0.8684564357079853
55430,Stayed,0.26529226800445815,0.7347077319955418
34356,Left,0.7247763277561001,0.27522367224389993
58207,Left,0.5655254617564272,0.4344745382435729
63358,Stayed,0.05595463730541106,0.9440453626945889
46335,Stayed,0.18402682944624515,0.8159731705537548
54596,Stayed,0.19227642039292414,0.8077235796070759
18845,Left,0.9582536268246452,0.04174637317535477
25616,Stayed,0.2536299335630299,0.7463700664369701
21112,Left,0.8932552003569136,0.10674479964308632
30381,Stayed,0.45708964540934816,0.5429103545906518
52217,Stayed,0.36258861283606125,0.6374113871639387
53384,Left,0.7068658828445746,0.2931341171554254
14370,Left,0.7888574350794367,0.21114256492056327
22810,Stayed,0.4550379791419883,0.5449620208580117
71251,Stayed,0.04477432486676891,0.9552256751332311
21921,Left,0.8049951269379313,0.19500487306206868
40486,Left,0.6191425856089332,0.38085741439106685
51748,Stayed,0.3431058279512158,0.6568941720487842
58520,Stayed,0.4686706830893389,0.5313293169106611
67872,Stayed,0.10305626851000138,0.8969437314899986
68388,Left,0.8084935816378797,0.19150641836212032
51170,Stayed,0.4127233966091286,0.5872766033908714
47434,Left,0.8241812767038217,0.17581872329617837
1514,Left,0.7703331339973292,0.2296668660026708
58394,Stayed,0.19690128064169987,0.8030987193583001
72668,Left,0.9640741002427748,0.03592589975722513
57897,Left,0.9317748374527762,0.06822516254722377
3952,Stayed,0.4727438814879724,0.5272561185120276
51104,Stayed,0.2164880529841151,0.7835119470158849
40926,Stayed,0.18386047427938756,0.8161395257206124
42,Stayed,0.06470680088095082,0.9352931991190492
21476,Left,0.9323264771062387,0.06767352289376122
1645,Left,0.5921163125383522,0.40788368746164777
66887,Stayed,0.2578657965114114,0.7421342034885886
19717,Stayed,0.04269529480033962,0.9573047051996604
30919,Left,0.7052964807308423,0.2947035192691577
65561,Left,0.8390492906740852,0.16095070932591476
44458,Stayed,0.4913935829374556,0.5086064170625444
32842,Stayed,0.43607098141870193,0.5639290185812981
8050,Stayed,0.2749199544423665,0.7250800455576335
34082,Left,0.5252811017777371,0.4747188982222629
18238,Left,0.7549960410855918,0.24500395891440818
2518,Left,0.6816074552034497,0.31839254479655027
32396,Left,0.5560646096063877,0.44393539039361224
1292,Stayed,0.3854227363687731,0.6145772636312269
56223,Left,0.6852278284455031,0.31477217155449694
14702,Stayed,0.3241687039382166,0.6758312960617834
22709,Stayed,0.0367264807258737,0.9632735192741263
23973,Stayed,0.38916317442887516,0.6108368255711248
58129,Left,0.7712344848336203,0.22876551516637963
28389,Left,0.5795357187129205,0.42046428128707947
51890,Left,0.7636317751259967,0.23636822487400333
68590,Left,0.8222185944789793,0.17778140552102079
17191,Left,0.6198563916376483,0.38014360836235167
41503,Stayed,0.2724476116009512,0.7275523883990488
31564,Stayed,0.11201684112293697,0.887983158877063
57489,Stayed,0.023664697387144606,0.9763353026128554
24995,Stayed,0.019326174675376118,0.9806738253246239
52658,Stayed,0.2850292955540181,0.7149707044459819
15923,Left,0.653564235059864,0.34643576494013595
48406,Stayed,0.319626595498431,0.680373404501569
25947,Stayed,0.02892767161357157,0.9710723283864284
51147,Stayed,0.2582549432226662,0.7417450567773338
11584,Stayed,0.304183159897665,0.695816840102335
30232,Left,0.5671436532622178,0.43285634673778217
20459,Left,0.7226597312515128,0.2773402687484872
1290,Left,0.9230444428832545,0.07695555711674548
56075,Left,0.5188123599520369,0.4811876400479631
57320,Left,0.7832506106764326,0.21674938932356738
63052,Left,0.530679353886001,0.46932064611399904
49126,Left,0.5998525873557257,0.40014741264427434
10466,Left,0.8754147029130007,0.12458529708699925
68158,Stayed,0.2289359115880618,0.7710640884119382
17354,Left,0.5364954431018095,0.4635045568981905
829,Stayed,0.43391111288941164,0.5660888871105884
70190,Stayed,0.4288412109564582,0.5711587890435418
17874,Left,0.8237053506531209,0.17629464934687905
48838,Stayed,0.4956704153518259,0.5043295846481741
20226,Left,0.6337078833344798,0.36629211666552025
20483,Left,0.9205791047872166,0.07942089521278344
21739,Stayed,0.35146437133585506,0.6485356286641449
50565,Stayed,0.19199622395840665,0.8080037760415933
50615,Stayed,0.15945725685899792,0.8405427431410021
38622,Left,0.9356361529023733,0.06436384709762664
47270,Left,0.9373759730003525,0.06262402699964757
22867,Left,0.5044166103716696,0.4955833896283303
32028,Left,0.702938884970155,0.297061115029845
37558,Stayed,0.09337916317142347,0.9066208368285765
42939,Stayed,0.2528842706512453,0.7471157293487547
56080,Left,0.8238981716232237,0.1761018283767763
37379,Stayed,0.04095806240235911,0.9590419375976409
67781,Stayed,0.1632256471763015,0.8367743528236985
48213,Stayed,0.07330928937815695,0.926690710621843
60598,Left,0.847032027515586,0.1529679724844139
68603,Left,0.9457529415268466,0.05424705847315334
26450,Left,0.7216717955162959,0.27832820448370404
63420,Stayed,0.11867215300314937,0.8813278469968506
18851,Stayed,0.06440138992992195,0.935598610070078
36897,Left,0.5614350007148781,0.43856499928512194
59513,Stayed,0.23910630361509722,0.7608936963849028
38269,Stayed,0.09995183920597339,0.9000481607940266
3428,Left,0.705665999080161,0.29433400091983897
9299,Stayed,0.4767532929206344,0.5232467070793656
19520,Left,0.7205809320824834,0.2794190679175166
40828,Stayed,0.04419862463771074,0.9558013753622893
46289,Stayed,0.12634666073584921,0.8736533392641508
3283,Stayed,0.30876824033028416,0.6912317596697158
28102,Left,0.852843111697215,0.14715688830278495
70704,Left,0.6097529325561608,0.39024706744383925
68958,Left,0.8891307740736417,0.11086922592635824
1995,Stayed,0.2201384911211215,0.7798615088788785
36230,Stayed,0.44171544581836375,0.5582845541816363
8232,Left,0.672334806195349,0.327665193804651
34972,Stayed,0.11325418643605056,0.8867458135639494
61947,Left,0.9562980077353758,0.04370199226462421
73273,Stayed,0.19735831772510204,0.802641682274898
59971,Stayed,0.22108776309415812,0.7789122369058419
72003,Left,0.901891203775708,0.09810879622429199
35583,Left,0.8251140781387493,0.1748859218612507
29882,Left,0.717941316326125,0.28205868367387493
49603,Stayed,0.31295354202734427,0.6870464579726557
3119,Stayed,0.04749943678073487,0.9525005632192651
64089,Stayed,0.21384751432162208,0.7861524856783779
73080,Left,0.7477479978661495,0.25225200213385046
66127,Stayed,0.3567241159759309,0.6432758840240691
38297,Left,0.8348583651068691,0.1651416348931309
25019,Left,0.7580360628919205,0.2419639371080795
24621,Stayed,0.2643914592062565,0.7356085407937435
73856,Stayed,0.25720305057160897,0.742796949428391
33991,Left,0.8959839702839083,0.1040160297160917
33204,Stayed,0.2523405892093612,0.7476594107906388
46313,Left,0.5304334301092049,0.46956656989079515
41036,Left,0.9399164163330376,0.06008358366696243
14166,Stayed,0.3045207727342424,0.6954792272657576
60227,Left,0.5178771322855069,0.4821228677144931
42492,Stayed,0.050487299526006946,0.949512700473993
25914,Left,0.6696944313118125,0.3303055686881875
37239,Stayed,0.24290384967068612,0.7570961503293139
61898,Stayed,0.3068606678527097,0.6931393321472903
71525,Stayed,0.4002789910647442,0.5997210089352558
50035,Left,0.7573268084358407,0.2426731915641593
64458,Left,0.6527611800367661,0.3472388199632339
14132,Stayed,0.2137555694474761,0.7862444305525239
26900,Left,0.6853899381769291,0.3146100618230709
15023,Left,0.9221728587401159,0.07782714125988414
25487,Stayed,0.05327407033388998,0.94672592966611
11120,Stayed,0.48295040428843705,0.517049595711563
37928,Stayed,0.4371283687017695,0.5628716312982305
33457,Left,0.8560364419277995,0.14396355807220051
37986,Left,0.6659790310012359,0.3340209689987641
40396,Stayed,0.21301164318665722,0.7869883568133428
70807,Stayed,0.3948715804190107,0.6051284195809893
8365,Left,0.8854152865987235,0.11458471340127653
11114,Stayed,0.15584034669686797,0.844159653303132
41118,Stayed,0.18252024918691234,0.8174797508130877
22653,Left,0.7272335189204926,0.2727664810795074
33254,Left,0.7600755863652532,0.23992441363474684
52076,Left,0.6803373516352691,0.31966264836473096
12800,Left,0.8624605230017368,0.13753947699826322
71250,Left,0.6767059341798671,0.32329406582013287
40522,Stayed,0.4032955252408572,0.5967044747591428
67325,Left,0.517741453385719,0.482258546614281
22326,Stayed,0.0783921025455181,0.9216078974544819
39037,Left,0.8959762482270958,0.10402375177290428
24696,Left,0.6620455637118943,0.33795443628810573
3934,Left,0.5138718372979019,0.4861281627020982
50319,Left,0.5445143616945248,0.45548563830547517
66138,Left,0.800684056458,0.19931594354200002
12619,Stayed,0.06904032327069276,0.9309596767293072
49375,Stayed,0.04105942155728237,0.9589405784427176
35493,Stayed,0.3805135634655825,0.6194864365344175
68374,Left,0.6576930881749763,0.34230691182502365
2211,Stayed,0.1795003802429309,0.8204996197570691
73380,Left,0.8747244750276019,0.12527552497239816
57290,Left,0.7849597534761434,0.2150402465238565
48185,Stayed,0.30748791919633967,0.6925120808036603
58495,Stayed,0.23307135830152048,0.7669286416984795
14318,Left,0.8047816685415257,0.1952183314584744
20624,Stayed,0.3001085472546252,0.6998914527453748
54563,Stayed,0.050383966188845,0.949616033811155
56137,Left,0.8669538285272778,0.13304617147272219
16759,Stayed,0.23335005362778272,0.7666499463722173
7687,Left,0.5628371561115414,0.4371628438884586
43855,Left,0.9554071734811094,0.04459282651889057
67711,Left,0.7877333154315933,0.21226668456840672
41310,Left,0.7981415345617093,0.20185846543829072
35744,Stayed,0.04309187087616251,0.9569081291238375
17806,Left,0.9557198420305693,0.044280157969430786
13541,Left,0.7881855680608407,0.21181443193915928
41903,Stayed,0.03166317071291225,0.9683368292870878
34243,Stayed,0.04416124736216376,0.9558387526378362
48177,Left,0.601489371306573,0.39851062869342696
45975,Stayed,0.42235859660916464,0.5776414033908354
6096,Stayed,0.32102227722984966,0.6789777227701503
41028,Stayed,0.21222372036003478,0.7877762796399652
44032,Left,0.839104366059494,0.16089563394050602
73631,Stayed,0.20010123287789083,0.7998987671221092
32439,Stayed,0.36733521227781885,0.6326647877221812
15510,Left,0.9378148996676761,0.062185100332323884
34409,Stayed,0.4165313030574066,0.5834686969425934
68030,Left,0.6880703705786204,0.3119296294213796
35749,Left,0.7237931180561364,0.27620688194386356
32722,Stayed,0.4816273635382511,0.5183726364617489
72152,Stayed,0.15670738706407739,0.8432926129359226
15579,Left,0.940960641977351,0.059039358022648994
50039,Left,0.5837129921402984,0.4162870078597016
42683,Left,0.9689251578325162,0.031074842167483838
13536,Left,0.6840588121618306,0.3159411878381694
19498,Stayed,0.054137062664204705,0.9458629373357953
45006,Left,0.9468332241314062,0.05316677586859374
60206,Stayed,0.032926406493970384,0.9670735935060296
73235,Stayed,0.0835446228610579,0.9164553771389421
31574,Stayed,0.4391928537643719,0.5608071462356281
48468,Stayed,0.04270596231301571,0.9572940376869843
38379,Left,0.6858838229737279,0.3141161770262722
25161,Stayed,0.39731354484341497,0.602686455156585
4173,Left,0.6762732101130139,0.3237267898869861
54998,Left,0.907560397314674,0.09243960268532601
7244,Stayed,0.4430225269903644,0.5569774730096356
41220,Left,0.5245716692706996,0.4754283307293004
42847,Stayed,0.058293412414254675,0.9417065875857453
69557,Left,0.8029100796255053,0.1970899203744947
71020,Stayed,0.17169938342709012,0.8283006165729099
34540,Stayed,0.2559328942412614,0.7440671057587386
31730,Left,0.8656669989842107,0.13433300101578924
61954,Stayed,0.1560191084512197,0.8439808915487803
73854,Left,0.6290734399344158,0.3709265600655843
46067,Left,0.7703764052089488,0.22962359479105116
22966,Stayed,0.08101372208450475,0.9189862779154953
44626,Left,0.7450508703497714,0.25494912965022865
43296,Left,0.5160080472137337,0.4839919527862663
59262,Stayed,0.19146457014138696,0.808535429858613
61678,Stayed,0.29250761014570803,0.707492389854292
29700,Left,0.9441143848533907,0.05588561514660925
44781,Left,0.8497364516290542,0.15026354837094583
64035,Stayed,0.4060306440727044,0.5939693559272956
6200,Stayed,0.05818060040933859,0.9418193995906614
61020,Stayed,0.4673733024814496,0.5326266975185504
63934,Stayed,0.35339987113761917,0.6466001288623808
4254,Left,0.7958014453038396,0.2041985546961604
48103,Stayed,0.0489989517858207,0.9510010482141793
74109,Left,0.8068638711072176,0.1931361288927824
46553,Stayed,0.1859664899407063,0.8140335100592937
35613,Left,0.7921715904921572,0.20782840950784273
36639,Left,0.552977386651933,0.447022613348067
15253,Stayed,0.019224428590775555,0.9807755714092244
26052,Left,0.9040570513947522,0.09594294860524775
14349,Left,0.7189607797767723,0.28103922022322775
24421,Left,0.9677571881499352,0.03224281185006482
13,Stayed,0.08174904653883053,0.9182509534611695
42364,Stayed,0.2471213496918122,0.7528786503081878
33988,Left,0.8514265724445343,0.14857342755546568
1530,Left,0.8960707657323426,0.10392923426765745
21462,Left,0.9210321264603445,0.07896787353965555
40308,Left,0.9155077872515202,0.08449221274847983
18989,Stayed,0.08019130622307802,0.919808693776922
14216,Stayed,0.14119332293942566,0.8588066770605743
21271,Left,0.8544712084157214,0.14552879158427853
38901,Left,0.5600753099479767,0.4399246900520233
5956,Left,0.5039738434697149,0.49602615653028514
40065,Left,0.6205199912541929,0.3794800087458071
16265,Left,0.5846244926051145,0.41537550739488555
14277,Left,0.5420999595248528,0.4579000404751472
62011,Left,0.6018173609842794,0.39818263901572054
53100,Stayed,0.45015115637238745,0.5498488436276125
36051,Left,0.7323271184584027,0.2676728815415973
22087,Left,0.9758667083830977,0.024133291616902218
55728,Stayed,0.20509588564598513,0.7949041143540149
72337,Left,0.6468542793145519,0.35314572068544814
54386,Left,0.7970842891864096,0.20291571081359033
16905,Stayed,0.20928452298417688,0.7907154770158231
21004,Stayed,0.19488394300438683,0.8051160569956132
21809,Left,0.5204842633880231,0.47951573661197694
45943,Left,0.891289578676281,0.10871042132371901
48673,Stayed,0.08175174860715972,0.9182482513928403
19502,Left,0.7942852981124894,0.2057147018875106
42072,Left,0.7614624045668467,0.2385375954331533
73794,Stayed,0.23865753439662218,0.7613424656033778
22998,Stayed,0.4810188764189468,0.5189811235810532
57608,Left,0.7441704556390035,0.2558295443609965
2972,Left,0.8766449202101014,0.1233550797898986
31212,Left,0.6910839871947446,0.3089160128052554
12946,Stayed,0.0244860180973705,0.9755139819026295
31210,Stayed,0.47510339033028226,0.5248966096697177
7699,Left,0.8005716564180346,0.1994283435819654
58639,Stayed,0.24318956725524443,0.7568104327447556
21239,Left,0.8731757429318294,0.12682425706817055
53583,Left,0.901586191512932,0.09841380848706802
64650,Stayed,0.06352154919911157,0.9364784508008884
9265,Left,0.50369332692277,0.49630667307723
20316,Stayed,0.16516540812915248,0.8348345918708475
12163,Left,0.7904786151849507,0.20952138481504937
41570,Stayed,0.16885204992735314,0.8311479500726469
67794,Left,0.9697779118767359,0.030222088123264067
72785,Stayed,0.14491560761912514,0.8550843923808749
43365,Stayed,0.2715004423532189,0.7284995576467811
63555,Stayed,0.10303256351990553,0.8969674364800945
38202,Stayed,0.016282518318518124,0.9837174816814819
2096,Left,0.6589753467756811,0.3410246532243188
35029,Stayed,0.4569201913362385,0.5430798086637615
5928,Left,0.918681318016574,0.08131868198342598
58431,Left,0.6381352644233078,0.36186473557669213
38952,Left,0.6008109624441194,0.39918903755588064
32141,Left,0.6260650442225707,0.3739349557774293
65701,Left,0.5239591766500593,0.47604082334994074
1867,Stayed,0.3712549676008121,0.6287450323991879
35647,Left,0.783950966995518,0.21604903300448192
41480,Stayed,0.12470246591421652,0.8752975340857835
51648,Stayed,0.08083552992082621,0.9191644700791738
6977,Left,0.6698611706774917,0.33013882932250826
30367,Left,0.7708789216328548,0.2291210783671452
35620,Stayed,0.390774968315334,0.609225031684666
15276,Left,0.9631763740110719,0.036823625988928035
11804,Left,0.6208910258167604,0.3791089741832397
26909,Left,0.7187370047707169,0.2812629952292831
38071,Stayed,0.397262390640459,0.602737609359541
51309,Stayed,0.12418251287542248,0.8758174871245775
25245,Stayed,0.3936000843034645,0.6063999156965355
58965,Stayed,0.3026603085692996,0.6973396914307004
15855,Left,0.5106363394672877,0.48936366053271235
39801,Stayed,0.34971777417134475,0.6502822258286552
3432,Left,0.94621993380225,0.05378006619774999
18237,Left,0.8292532546107815,0.17074674538921855
60937,Left,0.9116967388295815,0.08830326117041852
47956,Stayed,0.2933834121977238,0.7066165878022762
20580,Stayed,0.2678006789378107,0.7321993210621893
10470,Left,0.6607538911791582,0.3392461088208418
14730,Left,0.8071814266176865,0.19281857338231345
62968,Left,0.6216865409448713,0.37831345905512875
20899,Stayed,0.01329156858684133,0.9867084314131587
32867,Left,0.8871595983126094,0.11284040168739065
25253,Stayed,0.47924150982286984,0.5207584901771302
61429,Stayed,0.042757695428851106,0.9572423045711489
63278,Left,0.608300480489331,0.3916995195106689
53549,Left,0.6457161374425852,0.35428386255741484
72317,Left,0.552451605687232,0.4475483943127681
27268,Left,0.6819318495674139,0.31806815043258607
71480,Stayed,0.2542158785480141,0.7457841214519859
1603,Stayed,0.4696135451502701,0.5303864548497299
60447,Left,0.806952666239868,0.193047333760132
65785,Stayed,0.46258142297446514,0.5374185770255349
35065,Stayed,0.4037414992193764,0.5962585007806236
48511,Stayed,0.46631679808873494,0.5336832019112651
48871,Left,0.762056978409431,0.23794302159056901
20263,Stayed,0.48184049711272736,0.5181595028872726
46501,Stayed,0.16766506010647442,0.8323349398935256
42600,Stayed,0.1959103869941281,0.8040896130058719
55218,Stayed,0.0479215552266693,0.9520784447733307
61782,Stayed,0.45518333415944534,0.5448166658405547
19864,Left,0.6423909201429001,0.3576090798570999
30915,Stayed,0.1094621805189564,0.8905378194810436
39573,Left,0.7809979568272308,0.21900204317276914
16810,Stayed,0.24548797856021332,0.7545120214397867
71169,Left,0.6928164657672604,0.30718353423273964
32498,Left,0.9445621675040405,0.055437832495959447
59234,Stayed,0.3087299122607047,0.6912700877392953
71608,Left,0.6042053731694818,0.39579462683051825
51396,Left,0.6685809209591649,0.3314190790408351
21689,Left,0.6952021667007677,0.3047978332992322
19834,Left,0.6380936544777621,0.3619063455222379
39661,Left,0.591442307470319,0.408557692529681
28664,Stayed,0.2633359250349,0.7366640749651
58060,Left,0.8112286368481554,0.18877136315184465
20480,Left,0.7576230039146019,0.24237699608539814
4096,Stayed,0.323632675790653,0.676367324209347
25127,Stayed,0.24918039244112022,0.7508196075588798
17396,Left,0.6087969000115191,0.3912030999884809
55602,Stayed,0.13853891317607636,0.8614610868239236
32466,Left,0.683504405424459,0.31649559457554094
314,Stayed,0.4963133019404221,0.5036866980595779
41217,Stayed,0.09225695954224755,0.9077430404577524
29646,Left,0.602883334980501,0.397116665019499
47521,Stayed,0.19716958475616697,0.802830415243833
40528,Stayed,0.18238436559389315,0.8176156344061069
50295,Stayed,0.4589094023360536,0.5410905976639464
16054,Left,0.5681052953667906,0.43189470463320945
31273,Left,0.6598499261995208,0.3401500738004793
45963,Left,0.9210191017929923,0.0789808982070077
42645,Left,0.7562084495668939,0.24379155043310613
52311,Stayed,0.20276471708634936,0.7972352829136506
48967,Left,0.8572059749344154,0.1427940250655846
18315,Left,0.8620199605727634,0.13798003942723658
60399,Left,0.6389909255866144,0.36100907441338553
14535,Left,0.968061506950521,0.03193849304947902
39746,Left,0.5354077533170056,0.4645922466829944
67384,Stayed,0.23874241223420745,0.7612575877657926
2785,Left,0.7118541821762898,0.28814581782371024
54989,Left,0.5706895227563783,0.4293104772436217
29583,Stayed,0.3958447611218724,0.6041552388781276
1752,Stayed,0.02332754002454307,0.9766724599754569
45983,Stayed,0.4781693892566137,0.5218306107433863
49187,Left,0.5131417005930593,0.4868582994069407
54586,Stayed,0.45429897775358297,0.545701022246417
62976,Stayed,0.28762889747106957,0.7123711025289304
48548,Left,0.7318684609176731,0.26813153908232695
67044,Stayed,0.04892843670493563,0.9510715632950644
33383,Left,0.9369184067594218,0.0630815932405782
46189,Stayed,0.15202115177914066,0.8479788482208593
52184,Left,0.7917442196400191,0.20825578035998094
23152,Left,0.8320189476047697,0.16798105239523028
440,Stayed,0.21996356688401675,0.7800364331159833
54683,Left,0.7566380556921085,0.2433619443078915
46568,Stayed,0.4961964808361592,0.5038035191638408
63661,Left,0.7938774877924769,0.20612251220752306
11235,Stayed,0.4459488991439303,0.5540511008560697
61932,Stayed,0.4836322361003367,0.5163677638996633
59114,Left,0.7140343499695937,0.2859656500304063
51915,Stayed,0.24275881597871152,0.7572411840212885
19812,Stayed,0.4673701101886203,0.5326298898113797
34927,Left,0.638858547527365,0.36114145247263496
66965,Left,0.5383934097977814,0.46160659020221856
69589,Left,0.8277516206418669,0.17224837935813314
71903,Left,0.7934122532798946,0.20658774672010535
37734,Stayed,0.2998387004446804,0.7001612995553196
14595,Stayed,0.40669616089467,0.59330383910533
28046,Left,0.7695727767835387,0.23042722321646122
67244,Stayed,0.39773538314886137,0.6022646168511386
30718,Left,0.7982295433305928,0.20177045666940716
14279,Stayed,0.022034856972163785,0.9779651430278362
68194,Stayed,0.1047947785375285,0.8952052214624715
10521,Stayed,0.28323913327367567,0.7167608667263243
49464,Left,0.703060766655904,0.296939233344096
59282,Stayed,0.16060675831088067,0.8393932416891193
57275,Left,0.86023423858766,0.13976576141233993
53761,Left,0.7542479392517635,0.24575206074823652
58552,Stayed,0.010194793112177303,0.9898052068878227
6520,Stayed,0.08176247978465401,0.918237520215346
48008,Left,0.7236473381951661,0.27635266180483387
29525,Left,0.8046579594401477,0.19534204055985227
13048,Left,0.8165191754403212,0.1834808245596789
11311,Left,0.7030399553220243,0.2969600446779756
63072,Left,0.6821095352282792,0.3178904647717208
61219,Stayed,0.03493378560603999,0.96506621439396
37774,Stayed,0.1354577036214727,0.8645422963785273
42228,Stayed,0.1590312676641854,0.8409687323358146
16874,Stayed,0.24822641639186982,0.7517735836081302
66365,Left,0.9768540627590638,0.02314593724093614
31699,Stayed,0.37779632583220457,0.6222036741677954
26455,Left,0.6898266869167667,0.31017331308323326
51522,Stayed,0.07002781597280716,0.9299721840271928
67441,Stayed,0.17678848221866494,0.8232115177813351
71401,Left,0.8722365506361998,0.12776344936380024
29506,Left,0.6146227192057483,0.38537728079425176
53955,Stayed,0.06427809337805968,0.9357219066219403
17381,Stayed,0.4164556412914868,0.5835443587085132
40370,Stayed,0.26628399848896345,0.7337160015110366
37183,Stayed,0.28432652534285086,0.7156734746571491
13374,Left,0.8084031718038278,0.19159682819617213
52661,Stayed,0.08674662352176876,0.9132533764782312
6145,Stayed,0.37226326092150486,0.6277367390784951
22600,Left,0.9216781926960683,0.07832180730393164
70953,Stayed,0.11397174825460998,0.88602825174539
7423,Left,0.7607009049541519,0.23929909504584815
68329,Stayed,0.28680608258185136,0.7131939174181486
30036,Left,0.8304613781844957,0.16953862181550425
12595,Stayed,0.3977463001091741,0.6022536998908259
46631,Left,0.8896570721576739,0.11034292784232616
63874,Left,0.6766174421310583,0.32338255786894166
429,Stayed,0.3269954741818777,0.6730045258181223
15521,Stayed,0.08935621505483693,0.9106437849451631
67587,Left,0.9064485381385591,0.09355146186144096
29858,Stayed,0.09950533505128278,0.9004946649487172
50075,Stayed,0.06907081588014774,0.9309291841198523
51470,Left,0.7532950681212747,0.24670493187872528
68024,Left,0.5569012588076101,0.44309874119238996
71013,Stayed,0.17020871523571313,0.8297912847642869
25771,Stayed,0.26260978355956155,0.7373902164404385
32387,Stayed,0.062346396355195455,0.9376536036448045
66425,Stayed,0.1312709911854658,0.8687290088145342
52392,Left,0.9485937565005917,0.051406243499408304
45880,Left,0.8626340290613447,0.13736597093865532
30618,Stayed,0.2760270956992744,0.7239729043007256
53841,Left,0.6929137855790019,0.30708621442099815
4670,Stayed,0.1097977728042252,0.8902022271957748
15865,Stayed,0.1546188746740883,0.8453811253259117
70228,Stayed,0.2830744800491666,0.7169255199508334
53724,Stayed,0.4928937526702898,0.5071062473297102
4108,Left,0.6869185395281486,0.31308146047185137
14209,Stayed,0.17155100221430253,0.8284489977856975
36141,Stayed,0.36620210504079853,0.6337978949592015
34750,Left,0.5970594199153637,0.4029405800846363
48423,Left,0.6766708970406801,0.32332910295932
26515,Stayed,0.4423756786303389,0.5576243213696611
46522,Stayed,0.2935147542568881,0.7064852457431119
36690,Stayed,0.0600953890483531,0.9399046109516469
29569,Stayed,0.37285489760828894,0.6271451023917111
31905,Left,0.8826622938536421,0.1173377061463579
61718,Stayed,0.06639202109670239,0.9336079789032976
66597,Left,0.513875555017292,0.48612444498270796
28930,Stayed,0.041480439755455234,0.9585195602445448
50171,Stayed,0.4582378198992435,0.5417621801007565
48500,Stayed,0.4364511757517484,0.5635488242482516
35807,Left,0.8283568968561792,0.17164310314382075
28825,Left,0.8858494340653161,0.1141505659346839
18665,Stayed,0.28214437847937157,0.7178556215206284
3830,Stayed,0.4773955143660096,0.5226044856339904
22222,Left,0.6464935051570803,0.35350649484291974
19710,Left,0.6615888140910995,0.33841118590890046
72263,Left,0.6555773136500267,0.3444226863499733
73209,Stayed,0.1854466541457015,0.8145533458542985
4787,Left,0.7399394965574128,0.26006050344258724
38409,Stayed,0.10562707450895648,0.8943729254910435
36059,Left,0.6612450136535,0.3387549863465
15398,Stayed,0.3276610065709936,0.6723389934290064
60870,Left,0.773313057073665,0.22668694292633498
30011,Left,0.926335705904373,0.07366429409562701
48029,Stayed,0.36543340197708896,0.634566598022911
49277,Stayed,0.2609783968888215,0.7390216031111785
72227,Stayed,0.22356366577617615,0.7764363342238239
73575,Left,0.6841009988949673,0.31589900110503266
59129,Left,0.9284377579186588,0.07156224208134124
13576,Stayed,0.3096297985825852,0.6903702014174148
59484,Left,0.8881720614151628,0.11182793858483715
69448,Left,0.9068149700526096,0.09318502994739042
38217,Left,0.8973442136808218,0.10265578631917811
13981,Stayed,0.06464445453185663,0.9353555454681434
72318,Left,0.5605608804008015,0.43943911959919846
22520,Stayed,0.18986605918744104,0.810133940812559
9159,Left,0.8789960060842972,0.12100399391570281
41854,Left,0.8920453962968233,0.10795460370317672
62493,Left,0.6912594434713716,0.3087405565286284
49237,Left,0.5556621038211523,0.44433789617884767
13123,Left,0.5933365159533828,0.4066634840466173
43339,Stayed,0.21563416192069595,0.784365838079304
68257,Stayed,0.46225360508688207,0.5377463949131179
50859,Stayed,0.39347718167340273,0.6065228183265973
16197,Stayed,0.06501215829513218,0.9349878417048678
66038,Left,0.5526527956127137,0.44734720438728626
61962,Stayed,0.3347418391245798,0.6652581608754202
35697,Stayed,0.4949243231496212,0.5050756768503788
18653,Stayed,0.3377203000526753,0.6622796999473247
874,Stayed,0.26271506061215955,0.7372849393878405
17253,Stayed,0.17701439813698638,0.8229856018630136
27486,Stayed,0.1501691495869686,0.8498308504130314
16671,Left,0.8121811232722278,0.18781887672777225
72196,Left,0.788700877353022,0.21129912264697806
65329,Stayed,0.11007614626669493,0.8899238537333051
56995,Stayed,0.33554294287622755,0.6644570571237725
50634,Left,0.6888210658056955,0.3111789341943045
25448,Left,0.9044058824645399,0.09559411753546014
65300,Left,0.5926188715587465,0.4073811284412535
38225,Stayed,0.34624418840438176,0.6537558115956182
51849,Stayed,0.343165481783792,0.656834518216208
4982,Stayed,0.20851534378448455,0.7914846562155154
20697,Left,0.8528467678732272,0.14715323212677275
7326,Stayed,0.46783298663378947,0.5321670133662105
74086,Stayed,0.030052502114634283,0.9699474978853657
55545,Stayed,0.3995731580239932,0.6004268419760068
44394,Left,0.6665073760984606,0.33349262390153944
6391,Left,0.7355925949723048,0.26440740502769516
34293,Left,0.9364581819902444,0.06354181800975554
3977,Left,0.7273762596098657,0.27262374039013426
57815,Left,0.5136348271521651,0.4863651728478348
3117,Left,0.6551735191414075,0.34482648085859247
32509,Left,0.7829826948556458,0.21701730514435422
22625,Left,0.8710718767303647,0.12892812326963532
42375,Stayed,0.1026235882552885,0.8973764117447115
18426,Stayed,0.31407658750199874,0.6859234124980013
17181,Left,0.6391379869367448,0.36086201306325516
35281,Left,0.6340082870232864,0.36599171297671357
14935,Stayed,0.14025795688188591,0.8597420431181141
19154,Left,0.5825941020134657,0.4174058979865343
14024,Stayed,0.11571970621617655,0.8842802937838234
61282,Stayed,0.4456068270383323,0.5543931729616677
73529,Stayed,0.18532458373389604,0.814675416266104
23894,Left,0.832087743540065,0.167912256459935
13558,Left,0.5944508008282087,0.40554919917179133
23544,Stayed,0.10499813871574926,0.8950018612842507
4830,Stayed,0.03820908236276255,0.9617909176372375
69141,Left,0.6920097965041395,0.3079902034958605
63559,Stayed,0.3383549390523365,0.6616450609476635
38275,Stayed,0.2081467266552145,0.7918532733447855
44432,Stayed,0.009542988482448278,0.9904570115175517
31570,Stayed,0.367960206592694,0.632039793407306
61820,Left,0.5297876569476294,0.4702123430523706
32944,Stayed,0.16290510738113861,0.8370948926188614
33568,Left,0.6673024091255144,0.33269759087448564
6498,Left,0.5691578506149719,0.43084214938502813
60712,Left,0.7962015286284292,0.20379847137157076
41890,Stayed,0.06541972305204413,0.9345802769479559
64583,Stayed,0.16267627021147302,0.837323729788527
33112,Stayed,0.2496997958460616,0.7503002041539384
18251,Stayed,0.06821042534449095,0.931789574655509
17368,Stayed,0.06765547743888711,0.9323445225611129
35888,Left,0.9666990124756298,0.03330098752437019
39295,Stayed,0.19626045823939142,0.8037395417606086
20569,Left,0.9690396851968278,0.030960314803172215
11462,Stayed,0.40860634889595904,0.591393651104041
37955,Left,0.7722749856823614,0.22772501431763864
34801,Left,0.5389659597154249,0.46103404028457506
36816,Stayed,0.18532231496852036,0.8146776850314796
61363,Stayed,0.08228698401809875,0.9177130159819012
2868,Left,0.5464155295015748,0.4535844704984252
15277,Stayed,0.12115725661825327,0.8788427433817467
6298,Left,0.9591129887949474,0.04088701120505251
53031,Stayed,0.3566964979741205,0.6433035020258795
30664,Stayed,0.08369173516499728,0.9163082648350027
55567,Left,0.5584979476862855,0.4415020523137146
31904,Left,0.7886532614379724,0.2113467385620276
42921,Stayed,0.19310995927416952,0.8068900407258305
45011,Stayed,0.11200474147918749,0.8879952585208125
20507,Left,0.7748479318622867,0.22515206813771324
58846,Stayed,0.2993540464229256,0.7006459535770744
29507,Left,0.8012940421892353,0.19870595781076472
66328,Left,0.8435907231289898,0.15640927687101028
24914,Stayed,0.47637457904792446,0.5236254209520755
44275,Stayed,0.024321214733917018,0.975678785266083
21233,Left,0.857071083369084,0.14292891663091603
3180,Left,0.5251496928101789,0.4748503071898211
62132,Left,0.9731668588521629,0.026833141147837126
42296,Stayed,0.43625470426094215,0.5637452957390579
57309,Stayed,0.12648032198899473,0.8735196780110053
3914,Left,0.7080580651698749,0.29194193483012515
26232,Stayed,0.15628539292138988,0.8437146070786101
20276,Left,0.653098852188819,0.346901147811181
10242,Left,0.9580353766117775,0.04196462338822254
966,Stayed,0.181140400180401,0.818859599819599
45513,Left,0.6947844635669893,0.3052155364330107
41916,Left,0.6104987199130496,0.38950128008695034
13460,Stayed,0.361282743538453,0.638717256461547
35480,Left,0.8662649263218172,0.1337350736781828
60953,Left,0.8398637564220269,0.16013624357797307
25066,Stayed,0.13623673155510085,0.8637632684448991
60880,Stayed,0.4799331513107471,0.5200668486892529
62842,Stayed,0.4190256547682505,0.5809743452317495
927,Stayed,0.17577847941229285,0.8242215205877071
69228,Stayed,0.016861168796431958,0.983138831203568
2642,Left,0.7185910360358734,0.2814089639641266
24951,Stayed,0.24987957972564667,0.7501204202743533
36767,Left,0.9525285041712335,0.047471495828766565
29567,Left,0.8445299321882113,0.15547006781178876
69189,Left,0.8621995064523136,0.1378004935476864
9583,Left,0.9047177634715462,0.09528223652845379
7396,Stayed,0.10692802929931766,0.8930719707006823
61455,Left,0.8123138157367333,0.18768618426326664
3474,Left,0.7759849145266768,0.22401508547332313
32190,Left,0.93083384385092,0.06916615614907999
15767,Left,0.81451386395439,0.18548613604561004
11836,Stayed,0.2643349164217351,0.7356650835782649
11944,Stayed,0.12379814064384698,0.876201859356153
41688,Left,0.6765231748923006,0.3234768251076993
28090,Left,0.8033948884398374,0.19660511156016253
48305,Stayed,0.03686729500167818,0.9631327049983218
11981,Left,0.9476561626535738,0.05234383734642619
47829,Left,0.8476567208961623,0.15234327910383774
33487,Stayed,0.42897350548608393,0.5710264945139161
955,Stayed,0.41014351180803943,0.5898564881919606
41203,Stayed,0.1876700982063111,0.8123299017936889
6920,Stayed,0.005525887304180466,0.9944741126958195
35107,Left,0.8180578669939755,0.18194213300602452
6873,Left,0.7587728824503522,0.24122711754964776
54988,Left,0.881587527334529,0.11841247266547092
47726,Left,0.7689026261525174,0.2310973738474826
73645,Stayed,0.08007030714131991,0.9199296928586801
71019,Stayed,0.014428243211716207,0.9855717567882838
53966,Stayed,0.42903186934977067,0.5709681306502293
30300,Stayed,0.15966547645154505,0.840334523548455
61433,Stayed,0.366951036101027,0.633048963898973
70523,Left,0.9453471615071043,0.05465283849289573
70574,Stayed,0.03832635036820631,0.9616736496317937
38146,Stayed,0.17956005164864475,0.8204399483513553
50653,Stayed,0.08706923096449404,0.912930769035506
21770,Left,0.6083995050653799,0.3916004949346201
45556,Stayed,0.22229353122722884,0.7777064687727712
44715,Left,0.6335468626209805,0.3664531373790195
70220,Stayed,0.23434259318355632,0.7656574068164437
68199,Left,0.6111804824706948,0.38881951752930516
70922,Left,0.5963981237000842,0.4036018762999159
6071,Stayed,0.2782219442830789,0.7217780557169211
36360,Stayed,0.20384978078518246,0.7961502192148175
35477,Left,0.7737913629357976,0.22620863706420236
9872,Stayed,0.431902551853767,0.568097448146233
38961,Stayed,0.49676018500972874,0.5032398149902713
29625,Stayed,0.08232540393571597,0.917674596064284
19784,Stayed,0.08791694655895499,0.912083053441045
23586,Left,0.6252149843503797,0.3747850156496203
74245,Stayed,0.22255413160149917,0.7774458683985008
54126,Stayed,0.49098956303623453,0.5090104369637655
12336,Stayed,0.31776678762018096,0.682233212379819
54247,Stayed,0.21135273557203704,0.788647264427963
32198,Stayed,0.21061115637263128,0.7893888436273687
46917,Stayed,0.2486863586729967,0.7513136413270033
64853,Stayed,0.03135083342296474,0.9686491665770353
63132,Stayed,0.2588653953117047,0.7411346046882953
26333,Stayed,0.4028438718466911,0.5971561281533089
10577,Stayed,0.4446539399964955,0.5553460600035045
46885,Left,0.8946462134345463,0.10535378656545373
7616,Stayed,0.31726698857454416,0.6827330114254558
49619,Stayed,0.15505634620080178,0.8449436537991982
40927,Left,0.7317456828111417,0.26825431718885834
7391,Left,0.530254615585855,0.46974538441414504
53264,Left,0.6415375342225303,0.35846246577746965
15484,Stayed,0.16543751166547804,0.834562488334522
11646,Stayed,0.27638453145069386,0.7236154685493061
67863,Left,0.9062589579291547,0.09374104207084531
28746,Stayed,0.1401182643131601,0.8598817356868399
52047,Stayed,0.09422768090420974,0.9057723190957903
14001,Stayed,0.07455155663750446,0.9254484433624955
64470,Left,0.6119196404126359,0.38808035958736414
6598,Stayed,0.1740551432673728,0.8259448567326272
53339,Left,0.6445481121763216,0.3554518878236784
35155,Stayed,0.46404223752899076,0.5359577624710092
9794,Stayed,0.11357423927221888,0.8864257607277811
17038,Left,0.6014281384504221,0.39857186154957797
15715,Left,0.5920029526888696,0.4079970473111304
23812,Stayed,0.49015587328085775,0.5098441267191423
9385,Left,0.7190403433034338,0.28095965669656625
44861,Left,0.8466727611722001,0.1533272388277999
42117,Left,0.5664788685515745,0.43352113144842547
10128,Left,0.6546019802927056,0.34539801970729445
28827,Stayed,0.43495453025058717,0.5650454697494128
47640,Left,0.9276955527413939,0.07230444725860606
6552,Stayed,0.43845708570137565,0.5615429142986244
22200,Left,0.536777887509853,0.46322211249014705
31373,Stayed,0.3800776093297954,0.6199223906702046
49067,Left,0.9244520986528764,0.07554790134712361
33930,Stayed,0.1790116027114177,0.8209883972885823
32799,Stayed,0.1475728938598222,0.8524271061401778
16413,Stayed,0.06004598089022295,0.939954019109777
12509,Left,0.9562525008650802,0.04374749913491984
55899,Stayed,0.09743229052198166,0.9025677094780183
30469,Stayed,0.10782703830529017,0.8921729616947098
45360,Stayed,0.3467057419513391,0.6532942580486609
60623,Stayed,0.06714941807901909,0.9328505819209809
43514,Stayed,0.3901532419485646,0.6098467580514354
18603,Stayed,0.026272508864505273,0.9737274911354947
5780,Stayed,0.04150486466581493,0.9584951353341851
66409,Stayed,0.4668774037450416,0.5331225962549584
56256,Stayed,0.10160541587957861,0.8983945841204214
36067,Left,0.8785566455685061,0.12144335443149396
10409,Stayed,0.11728438846185563,0.8827156115381444
21851,Left,0.9201921866523175,0.07980781334768253
21082,Stayed,0.07157090894318974,0.9284290910568103
73646,Left,0.7004251856006822,0.2995748143993177
51110,Stayed,0.3376148719742217,0.6623851280257783
64459,Left,0.5247016621312728,0.4752983378687272
20062,Left,0.5852659918247252,0.4147340081752749
32839,Stayed,0.16168503544525958,0.8383149645547404
27226,Left,0.9317236520228279,0.06827634797717204
43888,Left,0.7144306598642265,0.2855693401357735
70207,Stayed,0.34892882724286445,0.6510711727571356
62130,Stayed,0.009442274179465082,0.9905577258205349
33852,Stayed,0.11307083918136973,0.8869291608186303
46343,Stayed,0.2707842544517719,0.7292157455482281
40989,Left,0.9465923868133076,0.05340761318669239
59948,Stayed,0.06870735774907932,0.9312926422509207
47713,Left,0.7844776812327698,0.2155223187672301
71640,Stayed,0.12817675356090386,0.8718232464390961
29314,Left,0.6938848647492448,0.3061151352507552
27301,Left,0.6230049123623084,0.37699508763769163
69887,Stayed,0.47358848194738046,0.5264115180526195
37798,Stayed,0.3842424494118907,0.6157575505881093
32245,Left,0.8936023303742058,0.1063976696257942
14609,Stayed,0.26461406392929343,0.7353859360707066
53055,Stayed,0.48901155238573313,0.5109884476142669
48503,Stayed,0.05528590179585202,0.944714098204148
71468,Stayed,0.42343620294491346,0.5765637970550865
55054,Stayed,0.19653253463106668,0.8034674653689333
22022,Stayed,0.20093875167181807,0.7990612483281819
51652,Stayed,0.475883711390504,0.524116288609496
47080,Left,0.7557925113478605,0.2442074886521395
39304,Stayed,0.25275781835719824,0.7472421816428018
4781,Left,0.8175822232759026,0.18241777672409745
7340,Left,0.5280322809341773,0.4719677190658227
48611,Left,0.8793095856578698,0.1206904143421302
18029,Left,0.6088757345328122,0.3911242654671878
1411,Stayed,0.1259082564945907,0.8740917435054093
10987,Stayed,0.2984468194263725,0.7015531805736275
68408,Left,0.5720489241211693,0.4279510758788307
4188,Left,0.5148467314799121,0.4851532685200879
37029,Stayed,0.4548256466015468,0.5451743533984532
33017,Stayed,0.36838238379078636,0.6316176162092136
7983,Stayed,0.1534288893917658,0.8465711106082342
63247,Left,0.9956856979787757,0.004314302021224345
13944,Left,0.9427549337597406,0.05724506624025933
46597,Stayed,0.06220313850911874,0.9377968614908813
29511,Stayed,0.41544410442335167,0.5845558955766483
60299,Left,0.9059469294322084,0.09405307056779158
64193,Left,0.5349823797782094,0.46501762022179066
38404,Left,0.8935366499084461,0.10646335009155393
38804,Stayed,0.28288720403521017,0.7171127959647898
27631,Stayed,0.1338472214453328,0.8661527785546672
41467,Left,0.9554906590524923,0.044509340947507664
57148,Left,0.9349276265682754,0.06507237343172458
48596,Left,0.7748571921932882,0.22514280780671184
70238,Left,0.6443337109588365,0.3556662890411635
23620,Stayed,0.07124745509196395,0.928752544908036
4049,Stayed,0.10538550569685223,0.8946144943031478
10304,Stayed,0.18277590104778607,0.8172240989522139
26133,Left,0.8359802098707007,0.16401979012929938
25972,Stayed,0.34977488349138364,0.6502251165086164
33535,Left,0.7866096636110798,0.21339033638892024
15976,Left,0.8790623686993141,0.12093763130068588
31266,Left,0.9323559710971838,0.06764402890281614
21724,Left,0.5618158667101871,0.4381841332898129
19640,Stayed,0.07361940426640867,0.9263805957335913
34565,Left,0.6523646548068887,0.34763534519311134
12234,Stayed,0.04290215537207265,0.9570978446279274
10574,Left,0.6238302223503809,0.37616977764961906
25710,Stayed,0.2094200296084977,0.7905799703915023
34464,Stayed,0.12876630249279342,0.8712336975072066
39807,Stayed,0.1419750008397469,0.8580249991602531
27233,Stayed,0.15120083538452345,0.8487991646154766
26020,Stayed,0.10828801390266507,0.8917119860973349
14305,Left,0.9224044362806288,0.0775955637193712
57236,Left,0.73383887330311,0.26616112669689
52296,Left,0.55362921900606,0.44637078099394
61651,Left,0.7598975947726027,0.24010240522739734
29790,Stayed,0.47602896923199656,0.5239710307680034
72076,Stayed,0.4283536738738374,0.5716463261261626
40547,Stayed,0.07341381394675384,0.9265861860532462
932,Stayed,0.03924767861621692,0.9607523213837831
31181,Stayed,0.42616805548868786,0.5738319445113121
29065,Left,0.7388103483208431,0.26118965167915686
13672,Left,0.5353961882691701,0.4646038117308299
28906,Left,0.8730893542519387,0.1269106457480613
62096,Stayed,0.037531710256359596,0.9624682897436404
19275,Left,0.5952165630287134,0.40478343697128666
53763,Stayed,0.44707047573397385,0.5529295242660262
66511,Left,0.8264675510093408,0.17353244899065925
34938,Left,0.7468779386718896,0.25312206132811044
46297,Left,0.8480999789485459,0.151900021051454
34650,Left,0.7924747262287449,0.20752527377125507
51363,Stayed,0.22025080675480957,0.7797491932451904
71009,Stayed,0.4665657318038706,0.5334342681961294
32410,Left,0.5905255309702084,0.4094744690297915
35497,Stayed,0.04913572229033958,0.9508642777096604
55296,Left,0.7422036322619397,0.25779636773806025
32630,Stayed,0.4878528923287012,0.5121471076712988
67756,Stayed,0.33285637573661286,0.6671436242633871
17527,Stayed,0.42441345105522643,0.5755865489447736
23434,Stayed,0.160482247351738,0.839517752648262
2606,Left,0.6421062276803506,0.3578937723196493
28446,Left,0.7027303721705462,0.2972696278294538
54095,Left,0.8765499546425674,0.12345004535743269
68356,Stayed,0.11666659615047548,0.8833334038495245
49111,Stayed,0.46315263636919934,0.5368473636308007
63855,Stayed,0.43173467945652433,0.5682653205434757
4501,Left,0.541926246185658,0.458073753814342
51257,Left,0.8967396963404861,0.10326030365951394
5368,Left,0.594189465845734,0.40581053415426604
71287,Left,0.6348783848966861,0.36512161510331387
72190,Left,0.7935374023239361,0.20646259767606387
60212,Left,0.5474162128098068,0.45258378719019327
38081,Left,0.928505098780324,0.07149490121967605
59751,Left,0.9058282978602922,0.09417170213970782
9790,Stayed,0.3615026870912814,0.6384973129087186
22109,Left,0.8418587172490344,0.15814128275096564
15119,Left,0.7118233133198402,0.28817668668015983
53675,Stayed,0.3455254855953198,0.6544745144046802
52609,Left,0.8884832743548393,0.11151672564516066
25416,Left,0.9643859581277268,0.03561404187227319
68645,Left,0.5230102006439195,0.47698979935608055
27292,Left,0.8979660733140387,0.10203392668596128
55452,Stayed,0.24773247928536535,0.7522675207146347
46195,Left,0.5222605870106708,0.4777394129893292
34260,Stayed,0.2810584784478305,0.7189415215521695
31333,Stayed,0.14651174316519489,0.8534882568348051
59848,Left,0.5339305670095683,0.4660694329904317
19219,Stayed,0.4336735201962477,0.5663264798037523
58768,Left,0.6752294218967021,0.32477057810329785
2146,Stayed,0.15791953646283474,0.8420804635371653
18480,Left,0.8709690818169775,0.12903091818302248
13946,Stayed,0.13496096588748618,0.8650390341125138
40320,Left,0.6070028930056897,0.3929971069943103
21852,Stayed,0.3569990750637686,0.6430009249362314
41437,Left,0.8099789571456467,0.19002104285435328
25125,Left,0.897710592428779,0.10228940757122096
11717,Stayed,0.35022524310752023,0.6497747568924798
23270,Left,0.5687688992234222,0.4312311007765778
60678,Stayed,0.017847806835140423,0.9821521931648596
49419,Stayed,0.22810919286998643,0.7718908071300136
42122,Stayed,0.1393736983808862,0.8606263016191138
2315,Left,0.7439996612791508,0.25600033872084915
44762,Stayed,0.07023775000787169,0.9297622499921283
72604,Left,0.9018154205731455,0.0981845794268546
19664,Left,0.7854222792227524,0.21457772077724754
13864,Stayed,0.07517644693728898,0.924823553062711
4169,Left,0.7186095504025662,0.28139044959743376
63517,Left,0.7050558446286289,0.2949441553713711
43876,Stayed,0.46132783413416445,0.5386721658658356
9977,Left,0.9622984810255434,0.0377015189744566
2234,Left,0.9451649756733832,0.05483502432661676
21791,Left,0.5701284913596604,0.42987150864033963
29510,Left,0.9384735498601523,0.061526450139847665
64253,Left,0.6841434635762391,0.31585653642376094
33682,Left,0.8007077583776008,0.19929224162239917
31199,Stayed,0.0653959349393265,0.9346040650606735
25768,Stayed,0.11578066931615516,0.8842193306838448
33049,Left,0.650636245910393,0.34936375408960696
65967,Stayed,0.11380254149806279,0.8861974585019372
65037,Left,0.9406427743324448,0.05935722566755523
3084,Left,0.7513286563212033,0.2486713436787967
73242,Left,0.9108165263144796,0.08918347368552043
71828,Left,0.5166272966652236,0.48337270333477644
50739,Stayed,0.19005909885080707,0.8099409011491929
55705,Stayed,0.4070116445932761,0.5929883554067239
68192,Left,0.7929778001634636,0.20702219983653633
41583,Left,0.640060999532819,0.3599390004671809
57417,Stayed,0.12322732069445752,0.8767726793055425
21213,Left,0.8525093991184248,0.14749060088157515
53881,Left,0.9664492488055134,0.033550751194486604
72891,Stayed,0.25161207652371065,0.7483879234762894
59061,Stayed,0.014868725672093186,0.9851312743279068
67539,Left,0.8167476369581299,0.1832523630418701
22827,Stayed,0.2496376627686976,0.7503623372313024
51472,Stayed,0.40067168892317107,0.5993283110768289
68022,Stayed,0.08959591031782921,0.9104040896821708
24041,Left,0.9165522235930734,0.0834477764069266
68494,Stayed,0.35688278929764716,0.6431172107023528
73962,Stayed,0.11856304200631773,0.8814369579936823
53843,Left,0.9106795383289538,0.08932046167104625
32132,Stayed,0.12574580411321923,0.8742541958867808
69006,Stayed,0.20140721747011348,0.7985927825298865
21026,Stayed,0.10351332626775522,0.8964866737322448
67720,Left,0.9215600048873099,0.0784399951126901
61979,Left,0.5723390904935024,0.4276609095064976
17137,Left,0.9012898137650855,0.09871018623491448
29887,Left,0.6259895577326453,0.37401044226735475
31081,Left,0.770624769956048,0.22937523004395194
34948,Stayed,0.3367614724747029,0.6632385275252971
69445,Left,0.7422213237440807,0.25777867625591927
30813,Left,0.9057452226261331,0.0942547773738669
67577,Stayed,0.13827263805240286,0.8617273619475971
110,Left,0.8013745526306119,0.19862544736938811
61187,Left,0.9447897902412604,0.055210209758739595
22039,Stayed,0.1617875421940338,0.8382124578059662
42182,Left,0.9199941391289548,0.08000586087104516
6992,Left,0.8447400377269002,0.15525996227309977
28525,Stayed,0.10643764627802199,0.893562353721978
60070,Stayed,0.29932209461294823,0.7006779053870518
68882,Stayed,0.28389286414126,0.71610713585874
32274,Left,0.906275565514142,0.09372443448585799
43712,Left,0.8881700247413988,0.11182997525860118
63652,Left,0.6478843592586025,0.3521156407413974
55024,Left,0.9457017038122233,0.054298296187776755
52316,Stayed,0.34812363018845704,0.651876369811543
6991,Left,0.9151888174313729,0.08481118256862706
60800,Left,0.8623837550804161,0.13761624491958385
70399,Stayed,0.22612855289031042,0.7738714471096896
1297,Left,0.5456718228475446,0.4543281771524554
71240,Stayed,0.3169248950344815,0.6830751049655185
30259,Left,0.705779249266991,0.29422075073300896
64000,Stayed,0.17527332370924487,0.8247266762907551
12631,Left,0.8162327997280023,0.18376720027199772
41500,Stayed,0.06690577274242526,0.9330942272575747
58080,Left,0.7342004633481123,0.2657995366518877
40723,Stayed,0.21429878075531383,0.7857012192446862
72174,Left,0.6920382884082722,0.3079617115917278
62357,Stayed,0.38522648795549286,0.6147735120445071
59160,Stayed,0.14202097413939918,0.8579790258606008
222,Stayed,0.1114014098465197,0.8885985901534803
72873,Left,0.8529517280990816,0.14704827190091843
42350,Stayed,0.11616037300066073,0.8838396269993393
55200,Left,0.9041530986581835,0.09584690134181648
4581,Left,0.9217008961769751,0.07829910382302485
32412,Left,0.9079895402070054,0.0920104597929946
57334,Left,0.5956600072534213,0.4043399927465788
65858,Left,0.5734504207666847,0.42654957923331527
64933,Stayed,0.49445339731839,0.50554660268161
65633,Stayed,0.06962283210801645,0.9303771678919835
35382,Left,0.8508316944499529,0.14916830555004712
42094,Stayed,0.2976421409394576,0.7023578590605424
16813,Stayed,0.33284412910759476,0.6671558708924052
71234,Stayed,0.042847423923465855,0.9571525760765341
7202,Left,0.6043777002411895,0.39562229975881047
34139,Stayed,0.3760550960784854,0.6239449039215146
67336,Stayed,0.17274292509238953,0.8272570749076105
40590,Stayed,0.23346993020418694,0.7665300697958131
68246,Left,0.7923767156590245,0.20762328434097554
67311,Left,0.8388052431667746,0.16119475683322534
56317,Left,0.8251515838927905,0.17484841610720953
62190,Left,0.5366149302527049,0.4633850697472951
73673,Left,0.6157024451793249,0.384297554820675
13936,Left,0.9643767858969148,0.03562321410308526
50250,Left,0.6012367918604966,0.3987632081395034
70432,Stayed,0.07949871077904924,0.9205012892209508
12534,Stayed,0.4558343763778906,0.5441656236221094
19270,Stayed,0.4867713298245875,0.5132286701754125
53065,Left,0.9095570049750789,0.09044299502492113
26689,Left,0.6116575118512927,0.3883424881487073
59674,Stayed,0.2775559610524363,0.7224440389475637
28465,Stayed,0.030362198596961543,0.9696378014030385
65805,Left,0.7235335777233907,0.2764664222766094
2073,Stayed,0.4865617536195421,0.5134382463804579
37408,Stayed,0.2836057415926485,0.7163942584073515
1957,Stayed,0.13144590249829424,0.8685540975017058
13652,Stayed,0.2875795606925532,0.7124204393074468
18388,Stayed,0.37790545292017363,0.6220945470798264
57957,Left,0.9790014019999991,0.020998598000000906
21134,Left,0.6731914742942307,0.3268085257057694
2916,Stayed,0.46401885277691923,0.5359811472230808
30164,Left,0.636524816637991,0.363475183362009
19856,Stayed,0.379646064681901,0.620353935318099
53191,Left,0.7927706182603659,0.20722938173963415
47601,Stayed,0.4826934096252137,0.5173065903747863
58057,Stayed,0.20118275628632676,0.7988172437136732
48100,Stayed,0.25804440132535866,0.7419555986746413
59542,Left,0.9095271670215248,0.09047283297847523
57870,Stayed,0.20126697841711771,0.7987330215828823
45305,Left,0.8301434037580518,0.16985659624194818
51385,Left,0.7331874186290619,0.26681258137093805
57315,Stayed,0.29811982633420797,0.701880173665792
22802,Stayed,0.481535666755572,0.518464333244428
43577,Stayed,0.3716046458747576,0.6283953541252424
49799,Stayed,0.3249536132230699,0.6750463867769301
52192,Left,0.5423757858453384,0.45762421415466165
35943,Stayed,0.42151149301704627,0.5784885069829537
69955,Stayed,0.21606231809566323,0.7839376819043368
38825,Left,0.6984798200437694,0.30152017995623054
34719,Left,0.87865281791507,0.12134718208493003
72599,Stayed,0.2871089096500983,0.7128910903499017
26117,Left,0.8339106375392527,0.16608936246074732
30547,Stayed,0.3918932593781568,0.6081067406218432
62473,Left,0.7558123442131102,0.24418765578688986
52241,Stayed,0.15016902781714792,0.8498309721828521
38466,Stayed,0.3749686927006075,0.6250313072993925
50942,Left,0.9305023572133249,0.06949764278667518
28853,Left,0.5557461767963291,0.4442538232036709
34587,Stayed,0.1162987634032705,0.8837012365967295
70955,Stayed,0.0444458572802503,0.9555541427197497
16090,Stayed,0.22601376801254924,0.7739862319874508
59342,Left,0.6169875106933788,0.38301248930662124
61811,Stayed,0.13886958606133637,0.8611304139386636
43707,Left,0.8911676342246483,0.10883236577535173
69344,Stayed,0.3211215132232308,0.6788784867767692
70536,Left,0.7569763544481043,0.24302364555189565
26819,Left,0.8055432571499728,0.1944567428500272
10603,Stayed,0.06173961044269827,0.9382603895573017
3429,Stayed,0.4898075240809526,0.5101924759190474
28752,Left,0.6060522906002602,0.3939477093997398
67697,Stayed,0.3470415861129694,0.6529584138870306
58564,Left,0.8675773009424781,0.13242269905752188
23304,Left,0.7153887056823329,0.284611294317667
17390,Stayed,0.40446291480707497,0.595537085192925
39815,Stayed,0.18420870119603372,0.8157912988039663
67530,Left,0.6120690747162993,0.38793092528370066
13973,Left,0.7778710435504876,0.22212895644951233
64136,Stayed,0.10743770901820471,0.8925622909817953
55551,Stayed,0.0677732951495279,0.9322267048504721
41609,Left,0.8935841352473809,0.10641586475261909
4978,Left,0.9495798819035148,0.05042011809648514
38877,Stayed,0.09838308027324238,0.9016169197267576
21001,Stayed,0.3070450034032135,0.6929549965967865
67194,Left,0.5832791452170971,0.4167208547829028
40481,Left,0.9008937775448882,0.09910622245511186
67256,Left,0.7419936611794529,0.2580063388205471
4520,Stayed,0.28207075663682923,0.7179292433631708
8248,Left,0.9594046683475665,0.0405953316524335
63775,Left,0.7671675736280192,0.23283242637198076
63497,Stayed,0.11004171500981696,0.889958284990183
62209,Left,0.8775866537796192,0.12241334622038083
19247,Left,0.8244184819549423,0.1755815180450577
7206,Stayed,0.13060425925901242,0.8693957407409876
4880,Stayed,0.3611346410993911,0.6388653589006089
30513,Stayed,0.11117777500644066,0.8888222249935593
28166,Stayed,0.4052320630988999,0.5947679369011001
65214,Left,0.6072494888891522,0.39275051111084774
63592,Stayed,0.2877167476136655,0.7122832523863345
17150,Stayed,0.1597245743232757,0.8402754256767243
4052,Stayed,0.2255260445919698,0.7744739554080302
11257,Stayed,0.33804303708951755,0.6619569629104824
60672,Stayed,0.14654429328428742,0.8534557067157126
31027,Stayed,0.28088644073109514,0.7191135592689049
13813,Left,0.5993321330986164,0.40066786690138356
71566,Stayed,0.48163493136618196,0.518365068633818
9204,Left,0.790007329773257,0.209992670226743
61260,Stayed,0.26904214893388245,0.7309578510661175
37036,Stayed,0.0995957346950419,0.9004042653049581
2900,Stayed,0.08336346720073795,0.916636532799262
15664,Stayed,0.3178885406761067,0.6821114593238933
69136,Left,0.6967806341310498,0.30321936586895015
5229,Left,0.7976913640341843,0.2023086359658157
50557,Stayed,0.3671333001110114,0.6328666998889886
54953,Stayed,0.08607139213694337,0.9139286078630566
28617,Left,0.5926023135974802,0.40739768640251983
40406,Stayed,0.02520688517438352,0.9747931148256165
45632,Stayed,0.15648783287950951,0.8435121671204905
44082,Stayed,0.2198641434242763,0.7801358565757237
27784,Left,0.959465344970334,0.040534655029666
44326,Left,0.790101667294819,0.20989833270518096
45281,Stayed,0.3367569248058706,0.6632430751941294
30187,Stayed,0.45956178997458297,0.540438210025417
68201,Stayed,0.2784226274084931,0.7215773725915069
68371,Left,0.7759836294384607,0.22401637056153934
61909,Stayed,0.21205409392757157,0.7879459060724284
51000,Left,0.840726038131774,0.15927396186822598
30390,Stayed,0.4510761514504308,0.5489238485495692
32788,Stayed,0.32912581588276124,0.6708741841172388
62546,Left,0.9727311808076912,0.027268819192308807
60910,Stayed,0.30590816594239034,0.6940918340576097
59579,Stayed,0.47250610821017003,0.52749389178983
63022,Left,0.8265213357588301,0.17347866424116992
27271,Left,0.5878071581686524,0.41219284183134763
44727,Stayed,0.039350677207792284,0.9606493227922077
69824,Left,0.6471191581393014,0.35288084186069857
55945,Stayed,0.3910019871252879,0.6089980128747121
40818,Left,0.7592824986823594,0.2407175013176406
46358,Stayed,0.07959509717837554,0.9204049028216245
22202,Stayed,0.15790367905843194,0.842096320941568
52474,Stayed,0.13774731311595245,0.8622526868840475
3571,Left,0.8090848351334791,0.19091516486652096
58555,Stayed,0.2804992003204029,0.7195007996795971
38874,Stayed,0.32917123400569737,0.6708287659943026
2956,Left,0.8472240648139988,0.1527759351860012
55336,Stayed,0.05585375875245102,0.944146241247549
42335,Stayed,0.4189726370473821,0.5810273629526179
8122,Stayed,0.15458612488490908,0.8454138751150909
16112,Left,0.8908267194599649,0.1091732805400351
69560,Left,0.8634100258765659,0.13658997412343407
43116,Stayed,0.05802059039356244,0.9419794096064376
23390,Stayed,0.1785052371339213,0.8214947628660787
29208,Stayed,0.04259938173304245,0.9574006182669575
9595,Left,0.6319891943595716,0.36801080564042843
68983,Stayed,0.4415454692755769,0.5584545307244231
17835,Left,0.5956338028808954,0.4043661971191046
58375,Left,0.9596160583970695,0.04038394160293045
32343,Stayed,0.46620045351422224,0.5337995464857778
72694,Left,0.6207462913888342,0.37925370861116575
61165,Stayed,0.3877416061328861,0.6122583938671139
18819,Left,0.9595129770530008,0.04048702294699922
24474,Stayed,0.09138958558111332,0.9086104144188867
28593,Stayed,0.07297969382812208,0.9270203061718779
71538,Stayed,0.2893834464961548,0.7106165535038452
63275,Stayed,0.39946493544410233,0.6005350645558977
41868,Left,0.7276348788558047,0.27236512114419537
17090,Stayed,0.12758199461664932,0.8724180053833507
51976,Left,0.7246061817150354,0.27539381828496456
70434,Stayed,0.4442922808700618,0.5557077191299382
54403,Stayed,0.39182771881950806,0.6081722811804919
69744,Stayed,0.19830967475463035,0.8016903252453697
59337,Left,0.9309301712830627,0.06906982871693736
44763,Stayed,0.26649965546654697,0.733500344533453
28840,Left,0.7617854867321255,0.2382145132678745
50821,Left,0.7667861952355027,0.23321380476449724
46887,Left,0.7789248801757874,0.22107511982421257
42888,Stayed,0.1645643528865015,0.8354356471134985
10181,Stayed,0.27151766857087667,0.7284823314291233
5659,Left,0.8242180000515537,0.17578199994844634
47312,Stayed,0.4444721746502621,0.5555278253497379
25997,Left,0.6995894218941637,0.30041057810583627
8515,Left,0.7891927617979029,0.2108072382020971
33079,Left,0.9635271040472755,0.03647289595272449
453,Left,0.8653300770016512,0.13466992299834882
43038,Stayed,0.15619265615833788,0.8438073438416621
10841,Stayed,0.1073078362450044,0.8926921637549956
63968,Left,0.7130813183558584,0.28691868164414164
53716,Left,0.5508363508396876,0.4491636491603124
57863,Left,0.9688136278900432,0.031186372109956836
36922,Stayed,0.464818476171996,0.535181523828004
66222,Left,0.5412273412698678,0.4587726587301321
58025,Stayed,0.4380016974346447,0.5619983025653553
33665,Left,0.7797925366474607,0.22020746335253927
431,Left,0.5821844711249934,0.4178155288750066
28579,Left,0.9522492175513426,0.047750782448657415
22783,Stayed,0.3528766693291757,0.6471233306708243
57361,Stayed,0.23916347069077926,0.7608365293092207
8197,Stayed,0.39164722104844185,0.6083527789515581
9995,Left,0.7641034735297177,0.23589652647028223
49783,Left,0.6366039150021959,0.36339608499780407
9795,Left,0.8384252964897595,0.16157470351024047
29801,Stayed,0.11953580449625778,0.8804641955037422
40261,Left,0.693508579885928,0.3064914201140721
31815,Stayed,0.120462810117142,0.879537189882858
13725,Left,0.6510993691519682,0.34890063084803186
11266,Left,0.5972575891243439,0.40274241087565604
69996,Left,0.8079988166918053,0.19200118330819477
63348,Left,0.5967445489163967,0.4032554510836032
40266,Left,0.9220161773996866,0.07798382260031346
34576,Left,0.8149954012152623,0.18500459878473777
53695,Left,0.6208301094989839,0.37916989050101607
42816,Stayed,0.11499428083522523,0.8850057191647748
37308,Left,0.5519656359893718,0.44803436401062824
269,Stayed,0.01718166752943051,0.9828183324705695
9481,Left,0.6384004760214443,0.3615995239785556
49911,Left,0.6588699080636606,0.34113009193633936
45325,Left,0.6131504540039732,0.3868495459960269
63158,Stayed,0.3375066072643428,0.6624933927356572
40969,Stayed,0.4946048465447642,0.5053951534552358
5195,Left,0.5780940884031804,0.4219059115968195
13469,Stayed,0.034065588286778636,0.9659344117132214
43128,Left,0.9424425859255171,0.05755741407448294
9511,Stayed,0.13100512843338286,0.8689948715666171
47494,Stayed,0.28342269725324465,0.7165773027467554
23210,Left,0.8587431506298951,0.14125684937010483
8669,Left,0.6927901970372705,0.3072098029627295
60770,Left,0.9892884212105262,0.0107115787894738
4449,Stayed,0.3012955524037938,0.6987044475962062
65906,Left,0.8558136615046876,0.14418633849531232
33795,Left,0.6740916053650197,0.3259083946349804
69009,Stayed,0.47112301001233037,0.5288769899876696
61367,Stayed,0.36949014242322076,0.6305098575767792
69568,Left,0.8349756599565642,0.16502434004343577
21946,Left,0.8002720936362436,0.19972790636375637
54871,Stayed,0.30654773861732865,0.6934522613826714
30439,Left,0.5798560065731058,0.42014399342689424
9632,Left,0.5023200595244357,0.4976799404755643
34984,Left,0.9072080779758299,0.09279192202417007
66612,Stayed,0.08480941607443349,0.9151905839255665
64235,Stayed,0.4491001025310777,0.5508998974689223
38168,Left,0.7530726496771376,0.24692735032286234
29562,Stayed,0.28280027960104015,0.7171997203989599
9627,Left,0.6227928474258893,0.3772071525741107
25816,Left,0.8503230445638198,0.14967695543618023
20475,Left,0.6097803155344685,0.3902196844655314
60650,Stayed,0.32110429537756346,0.6788957046224365
39203,Stayed,0.22750357005921162,0.7724964299407884
39775,Stayed,0.3728997861185315,0.6271002138814685
42261,Left,0.7257112990547141,0.2742887009452859
35232,Left,0.8678117837927792,0.13218821620722077
72316,Left,0.641860472817845,0.35813952718215497
24036,Left,0.8814514361513082,0.11854856384869178
53697,Left,0.8385447232947036,0.16145527670529639
42164,Stayed,0.36104093899452305,0.638959061005477
10431,Stayed,0.31760817974359956,0.6823918202564004
44874,Left,0.877024854258775,0.12297514574122499
4087,Left,0.9022859239104273,0.09771407608957267
33494,Left,0.8640871264747163,0.1359128735252837
20067,Left,0.5466220960931233,0.4533779039068767
74260,Stayed,0.2709995544740357,0.7290004455259643
70297,Stayed,0.20703792607463445,0.7929620739253656
62704,Stayed,0.26064687211942983,0.7393531278805702
59215,Left,0.8646868877466672,0.13531311225333276
48987,Stayed,0.2750766715023397,0.7249233284976603
4005,Left,0.8863949757844382,0.11360502421556185
35923,Left,0.9477173990049937,0.052282600995006256
2508,Left,0.8369989847924036,0.16300101520759638
71891,Stayed,0.17017960729123616,0.8298203927087638
28620,Stayed,0.28183603071629804,0.718163969283702
19829,Stayed,0.4394580781620643,0.5605419218379357
32031,Left,0.8511961610623794,0.1488038389376206
37087,Left,0.853546098864729,0.14645390113527107
31518,Left,0.6941078953305682,0.3058921046694319
10928,Left,0.8760156649578588,0.1239843350421412
44665,Left,0.5769498089067451,0.4230501910932549
24264,Stayed,0.26010043782771286,0.7398995621722871
40863,Stayed,0.3588216698811716,0.6411783301188284
64991,Stayed,0.20751185011245066,0.7924881498875493
65224,Stayed,0.04438967153102924,0.9556103284689708
1046,Left,0.9090930299529413,0.09090697004705868
12457,Left,0.914115200723533,0.08588479927646693
38538,Stayed,0.09822672302022784,0.9017732769797722
51625,Left,0.864504331439998,0.13549566856000192
48854,Stayed,0.32304717153787676,0.6769528284621232
65318,Stayed,0.3948523608079325,0.6051476391920675
13663,Stayed,0.0889446395789858,0.9110553604210142
11734,Stayed,0.16443400983606693,0.8355659901639331
30815,Left,0.7160317645977248,0.28396823540227517
3836,Left,0.912877894648136,0.08712210535186404
61576,Stayed,0.41890924410576535,0.5810907558942346
9958,Stayed,0.22361549441352369,0.7763845055864763
68887,Stayed,0.4411887461868055,0.5588112538131945
28333,Stayed,0.4657957154259762,0.5342042845740238
53938,Stayed,0.24518341170081437,0.7548165882991856
61592,Stayed,0.449630600627111,0.550369399372889
34837,Left,0.8583991396762747,0.1416008603237253
1622,Stayed,0.2938598889286679,0.7061401110713321
20907,Stayed,0.17161699839797884,0.8283830016020212
9607,Stayed,0.1611364503140411,0.8388635496859589
17445,Stayed,0.17218827395918468,0.8278117260408153
6528,Left,0.9273418322850967,0.07265816771490326
12869,Stayed,0.09664580330420991,0.9033541966957901
24258,Left,0.7319813650785381,0.26801863492146194
25071,Left,0.6736530746007996,0.3263469253992004
20407,Left,0.9810868100358504,0.018913189964149563
56751,Stayed,0.3513324001517877,0.6486675998482123
31379,Stayed,0.3861275876013216,0.6138724123986784
51663,Stayed,0.3224832837800682,0.6775167162199318
17555,Stayed,0.3145038992973641,0.6854961007026359
19239,Left,0.744450873857476,0.255549126142524
64220,Left,0.7013108346413408,0.29868916535865925
27581,Stayed,0.25247494625921607,0.7475250537407839
50579,Stayed,0.08926073557382053,0.9107392644261795
19195,Stayed,0.26714353772083266,0.7328564622791673
343,Left,0.803337060435933,0.19666293956406697
37988,Left,0.7311754624335677,0.2688245375664323
65255,Stayed,0.21751258481074265,0.7824874151892574
941,Left,0.6653876978887563,0.33461230211124365
58765,Stayed,0.09750026834462933,0.9024997316553707
69646,Stayed,0.14209469176246092,0.8579053082375391
22962,Stayed,0.19193062895495094,0.8080693710450491
4615,Left,0.5007151005725781,0.499284899427422
57192,Stayed,0.21056347226475292,0.7894365277352471
3874,Stayed,0.13693312363165921,0.8630668763683408
2089,Stayed,0.4769219807736468,0.5230780192263532
71563,Stayed,0.1967869252212845,0.8032130747787155
617,Left,0.727372525626069,0.2726274743739309
70412,Stayed,0.07921885627654501,0.920781143723455
71803,Stayed,0.05396826570444435,0.9460317342955556
61060,Left,0.9253491915823204,0.07465080841767957
16064,Left,0.754081467451456,0.245918532548544
4310,Left,0.6819791871950951,0.31802081280490485
72137,Left,0.5722128133678845,0.42778718663211546
41545,Stayed,0.4063330215440718,0.5936669784559282
4013,Left,0.8784009773914802,0.12159902260851982
47009,Stayed,0.39462735493968926,0.6053726450603107
21212,Left,0.7036501733771399,0.2963498266228602
66634,Left,0.5715128429901277,0.4284871570098722
32341,Stayed,0.41266024758148456,0.5873397524185154
47386,Left,0.8562467551784212,0.14375324482157875
51578,Left,0.982401326907774,0.01759867309222601
23530,Stayed,0.4166065046946976,0.5833934953053024
7738,Stayed,0.19993707243147807,0.8000629275685219
23000,Left,0.8148929280970969,0.1851070719029031
64260,Stayed,0.40921842397404584,0.5907815760259542
40941,Left,0.9012561627395813,0.09874383726041872
23972,Stayed,0.3792836445031752,0.6207163554968248
11573,Left,0.8382840951360121,0.1617159048639879
33174,Left,0.54437112372329,0.45562887627671
23892,Stayed,0.17336223963628516,0.8266377603637148
46583,Left,0.9252655233009478,0.07473447669905223
10330,Left,0.6052939636433181,0.39470603635668194
62689,Left,0.6653219474224885,0.33467805257751143
52705,Left,0.9766908156693335,0.02330918433066649
5347,Stayed,0.2517758381330447,0.7482241618669553
13180,Left,0.5060454026951309,0.4939545973048691
54522,Left,0.7677036901523048,0.23229630984769523
40257,Left,0.6300857494485166,0.3699142505514834
52824,Left,0.5694003357770479,0.4305996642229522
37541,Left,0.6943758147001038,0.30562418529989627
31063,Stayed,0.1999005424517828,0.8000994575482172
67993,Left,0.8120713200354923,0.1879286799645077
73565,Stayed,0.4619403660248611,0.5380596339751389
15884,Left,0.5138400020241018,0.4861599979758982
30410,Stayed,0.3809611197318028,0.6190388802681972
29111,Left,0.9041729470891351,0.09582705291086493
40073,Left,0.5618986235979408,0.4381013764020592
21350,Stayed,0.39683857342030215,0.6031614265796978
11497,Stayed,0.01373197967867179,0.9862680203213282
56358,Stayed,0.3581598898491878,0.6418401101508122
58075,Left,0.52693235972354,0.4730676402764599
21274,Stayed,0.2638780604175768,0.7361219395824232
57336,Left,0.8938264618130621,0.10617353818693785
15498,Stayed,0.14199649296235195,0.858003507037648
73410,Left,0.6169769810298782,0.38302301897012175
42944,Left,0.5828183205174207,0.4171816794825794
49559,Stayed,0.08456035355111391,0.9154396464488861
14460,Stayed,0.42473811624278845,0.5752618837572115
15113,Stayed,0.31882687633601237,0.6811731236639876
5946,Left,0.9651867620743099,0.034813237925690174
31976,Stayed,0.40959084730450657,0.5904091526954934
69969,Left,0.7541282587765644,0.24587174122343558
52915,Left,0.899351350806039,0.10064864919396103
58135,Stayed,0.38589290288752853,0.6141070971124715
52065,Stayed,0.14286345998339112,0.8571365400166089
61183,Left,0.9305265581623625,0.06947344183763751
69950,Left,0.6651615291515767,0.3348384708484233
13840,Stayed,0.3071195508576211,0.6928804491423789
15819,Stayed,0.25526344363077047,0.7447365563692295
54430,Left,0.8015024882512152,0.19849751174878483
12581,Left,0.8360068749992222,0.16399312500077773
59703,Stayed,0.48151392379771507,0.5184860762022849
12620,Left,0.7807758311991482,0.2192241688008518
12826,Left,0.7601967853340588,0.23980321466594118
24965,Stayed,0.42669023379038207,0.5733097662096179
67175,Stayed,0.18059374522198535,0.8194062547780147
40982,Stayed,0.377903364462443,0.622096635537557
43236,Left,0.6233235940339432,0.37667640596605684
41313,Stayed,0.4629210630152084,0.5370789369847916
23018,Stayed,0.42075540972623027,0.5792445902737697
17688,Stayed,0.39024517774570044,0.6097548222542996
48837,Stayed,0.38698326204866806,0.6130167379513319
23918,Stayed,0.2565570643487779,0.7434429356512221
38771,Left,0.7261876550206932,0.27381234497930684
23962,Left,0.8735488815963495,0.12645111840365048
56621,Stayed,0.12707066579680693,0.8729293342031931
15285,Stayed,0.3719046789292705,0.6280953210707295
72161,Stayed,0.39624406416145097,0.603755935838549
43504,Left,0.5469733268470862,0.4530266731529138
46188,Stayed,0.02466882951021543,0.9753311704897846
68832,Left,0.7785618392608091,0.22143816073919093
1171,Stayed,0.4483663631637138,0.5516336368362862
30114,Stayed,0.3898426930935601,0.6101573069064399
35149,Stayed,0.2072794067786583,0.7927205932213417
7882,Stayed,0.49525078454130866,0.5047492154586913
71724,Stayed,0.031887617531542456,0.9681123824684575
4045,Left,0.8703043189651297,0.1296956810348703
16702,Stayed,0.38010749621277473,0.6198925037872253
73555,Stayed,0.17345548434109015,0.8265445156589099
65565,Stayed,0.09404237528039738,0.9059576247196026
9052,Stayed,0.03638818611437178,0.9636118138856282
22533,Stayed,0.17327861712914017,0.8267213828708598
53506,Left,0.8787372411780764,0.12126275882192362
30844,Stayed,0.4912365977815819,0.5087634022184181
56538,Left,0.5617444447797313,0.4382555552202687
28564,Left,0.6960518992090652,0.3039481007909348
64349,Left,0.539908910839439,0.46009108916056096
29253,Left,0.9145255634920341,0.0854744365079659
11242,Stayed,0.07287332959724124,0.9271266704027588
70346,Left,0.5966066719633444,0.4033933280366556
3130,Left,0.8972491209755331,0.10275087902446693
25182,Left,0.5239884504055328,0.4760115495944672
39678,Left,0.615357743460923,0.38464225653907697
20219,Stayed,0.17095854936072052,0.8290414506392795
32761,Left,0.6609680357943998,0.3390319642056002
40842,Left,0.7016136869106565,0.2983863130893435
20339,Stayed,0.2564208354169635,0.7435791645830365
16281,Left,0.931171927571247,0.06882807242875301
20976,Left,0.5334117636037674,0.46658823639623254
66186,Left,0.5831372886361339,0.4168627113638661
19541,Stayed,0.010848830225564043,0.989151169774436
23167,Stayed,0.3747720881250439,0.6252279118749561
20017,Stayed,0.0711713031908312,0.9288286968091688
56424,Left,0.7005201586067967,0.29947984139320327
37557,Stayed,0.04953412109424937,0.9504658789057506
30556,Left,0.763844787348003,0.23615521265199704
70063,Left,0.6232414803135835,0.37675851968641655
35270,Left,0.7446916423317798,0.25530835766822024
16342,Stayed,0.3833190346104195,0.6166809653895805
44751,Left,0.8466618846225875,0.15333811537741251
10838,Stayed,0.1811246500681183,0.8188753499318817
55702,Stayed,0.15571545128155628,0.8442845487184437
24527,Left,0.9228609935176324,0.07713900648236759
7356,Stayed,0.39646307344438414,0.6035369265556159
41017,Left,0.6410819035900055,0.35891809640999456
73398,Left,0.6677133193451203,0.3322866806548797
22942,Left,0.7160022249106174,0.2839977750893826
9785,Stayed,0.12648969274929134,0.8735103072507087
24778,Left,0.6925592123283106,0.30744078767168936
41440,Stayed,0.4205318032037947,0.5794681967962053
8362,Left,0.7566398764331008,0.24336012356689912
14449,Stayed,0.46781839812956116,0.5321816018704388
30729,Stayed,0.2726471218771255,0.7273528781228745
24934,Left,0.9212307773695759,0.07876922263042406
26062,Left,0.8547817705184007,0.1452182294815994
23756,Stayed,0.019124698629608194,0.9808753013703918
60592,Stayed,0.29162964357064003,0.70837035642936
67481,Left,0.858089086192243,0.14191091380775697
48691,Stayed,0.3554666171428248,0.6445333828571752
59496,Left,0.6871270270885025,0.3128729729114975
40588,Left,0.8897870064754295,0.1102129935245705
19838,Stayed,0.00923383548894452,0.9907661645110555
24578,Stayed,0.16227187541093424,0.8377281245890658
24955,Left,0.5202177823887812,0.4797822176112188
57449,Stayed,0.31421636590483815,0.6857836340951619
45468,Left,0.5457709733032501,0.4542290266967499
3739,Stayed,0.3471648247741107,0.6528351752258893
67920,Left,0.5659832102996847,0.43401678970031526
35603,Stayed,0.37859786747633684,0.6214021325236632
37663,Left,0.5540323363783334,0.4459676636216666
39341,Stayed,0.31252555769814006,0.68747444230186
66474,Stayed,0.13728298031125763,0.8627170196887424
6313,Stayed,0.47259344539681925,0.5274065546031808
1058,Stayed,0.4652262533326944,0.5347737466673056
21057,Left,0.6893745697262987,0.3106254302737012
4403,Stayed,0.4735422586147955,0.5264577413852045
53972,Left,0.6530806808691898,0.34691931913081026
49874,Left,0.653648460541119,0.34635153945888103
61618,Left,0.7623754091176963,0.2376245908823037
45173,Left,0.5285183697350029,0.4714816302649972
53592,Stayed,0.07991194370332422,0.9200880562966758
48800,Left,0.7108466360089853,0.2891533639910146
66967,Stayed,0.36533912978383665,0.6346608702161634
52822,Left,0.5167215756672361,0.48327842433276397
28242,Stayed,0.022743338014878378,0.9772566619851216
26165,Left,0.5444836176957344,0.4555163823042656
9142,Stayed,0.1312622648184677,0.8687377351815323
41593,Stayed,0.10835965554185978,0.8916403444581402
1499,Stayed,0.05181760299970373,0.9481823970002963
73785,Left,0.7671566638004046,0.23284333619959538
24524,Stayed,0.29950019924413507,0.7004998007558649
64454,Left,0.7871126279191911,0.21288737208080893
44317,Left,0.5848719173656934,0.41512808263430656
29013,Left,0.5990027881419013,0.4009972118580986
30296,Stayed,0.41019188464480183,0.5898081153551982
5796,Stayed,0.1895936561331013,0.8104063438668987
59816,Left,0.8886284150911292,0.11137158490887084
55770,Left,0.9452730043318986,0.05472699566810134
58881,Left,0.5948193228324425,0.40518067716755746
14883,Left,0.9097972061393027,0.09020279386069731
67421,Stayed,0.3987633233866479,0.6012366766133521
58794,Stayed,0.15639259762418445,0.8436074023758156
32033,Left,0.7929354444989549,0.20706455550104502
65380,Left,0.978004922833775,0.02199507716622492
9247,Stayed,0.07139756250263196,0.928602437497368
17955,Left,0.790609260568057,0.20939073943194297
30960,Stayed,0.4056202169220331,0.5943797830779669
42048,Stayed,0.18747530263565215,0.8125246973643478
2500,Left,0.5665608962662332,0.43343910373376676
43144,Stayed,0.37626627537730584,0.6237337246226942
5993,Stayed,0.23086867649566145,0.7691313235043385
66051,Left,0.5733138178265256,0.4266861821734745
20413,Stayed,0.05242338965546478,0.9475766103445352
44994,Left,0.6028059942706737,0.3971940057293263
40491,Left,0.6616756537271329,0.3383243462728671
12312,Left,0.8840207513808109,0.11597924861918907
52754,Left,0.8642051268111844,0.13579487318881553
60616,Stayed,0.35736139986875404,0.642638600131246
22782,Stayed,0.18450549354016277,0.8154945064598372
66881,Left,0.7718494434416532,0.22815055655834685
18489,Left,0.6377525651683997,0.3622474348316002
63985,Left,0.7623863128023881,0.23761368719761186
28137,Stayed,0.4910439361071346,0.5089560638928654
69438,Stayed,0.1730886108722144,0.8269113891277856
48519,Stayed,0.16993850524689502,0.830061494753105
67546,Left,0.6336360189954855,0.36636398100451456
44246,Stayed,0.20990904485927608,0.7900909551407239
69842,Left,0.7058675875800393,0.29413241241996074
20217,Stayed,0.26987774655595953,0.7301222534440405
72053,Stayed,0.12341510344514772,0.8765848965548523
53255,Stayed,0.3589775358687278,0.6410224641312722
14604,Left,0.568809927168944,0.4311900728310561
47451,Stayed,0.4965722485815014,0.5034277514184986
55744,Stayed,0.39903598090414494,0.6009640190958551
16223,Stayed,0.2145059375142685,0.7854940624857315
53983,Left,0.8233163820409996,0.17668361795900042
4432,Stayed,0.026452091294077995,0.973547908705922
48646,Left,0.5990217430494098,0.40097825695059025
61281,Left,0.7268845109425752,0.2731154890574247
25798,Left,0.9008272724580739,0.09917272754192605
39364,Left,0.7361416315402742,0.26385836845972577
36890,Left,0.5554195959731728,0.4445804040268272
62106,Left,0.704114587712364,0.29588541228763593
14580,Left,0.6371215973705099,0.3628784026294901
28581,Left,0.8977225862780301,0.1022774137219699
6546,Stayed,0.09569630299047982,0.9043036970095202
28154,Left,0.6372341223170884,0.3627658776829116
70530,Stayed,0.3429860760615957,0.6570139239384043
20939,Stayed,0.0686354736532877,0.9313645263467123
37317,Left,0.5359742005665353,0.4640257994334647
50594,Left,0.7056883541069882,0.29431164589301184
12005,Stayed,0.07065520322266872,0.9293447967773313
37979,Stayed,0.1539668064857066,0.8460331935142934
70450,Stayed,0.3743067057144699,0.6256932942855301
66123,Stayed,0.46632765377857266,0.5336723462214273
67080,Stayed,0.4932020932019493,0.5067979067980507
25225,Stayed,0.11504684529289588,0.8849531547071041
44669,Left,0.6566050906472822,0.3433949093527177
59909,Stayed,0.3459046257042706,0.6540953742957294
25183,Stayed,0.24583401753872458,0.7541659824612754
73,Left,0.610903946884817,0.38909605311518297
23910,Stayed,0.18417843874547313,0.8158215612545269
38915,Left,0.5413573885583678,0.45864261144163226
13775,Stayed,0.005950873124732525,0.9940491268752675
9737,Left,0.906041711539419,0.093958288460581
22409,Stayed,0.47777920872748925,0.5222207912725108
53262,Left,0.7755305405119371,0.22446945948806288
40561,Stayed,0.149258249184688,0.850741750815312
61587,Left,0.6247320754211168,0.3752679245788833
18955,Stayed,0.4122245867071598,0.5877754132928402
55657,Left,0.7544988417442259,0.24550115825577412
64031,Left,0.7037415591924128,0.2962584408075873
35919,Stayed,0.025841884546142446,0.9741581154538576
73669,Stayed,0.26817116464031043,0.7318288353596896
19793,Stayed,0.3881632035193643,0.6118367964806357
31267,Stayed,0.3523120010273538,0.6476879989726462
12104,Left,0.6636755520567859,0.33632444794321414
7413,Stayed,0.4399691746990806,0.5600308253009194
49595,Left,0.6702209111612089,0.32977908883879115
72395,Left,0.8677052400869815,0.13229475991301856
52326,Stayed,0.2501957930977793,0.7498042069022207
55,Stayed,0.03780122726491986,0.9621987727350801
53714,Stayed,0.19734703973216128,0.8026529602678387
51137,Left,0.506932844553911,0.4930671554460891
59108,Stayed,0.2793673641542995,0.7206326358457005
50020,Stayed,0.48933860638263105,0.510661393617369
20189,Left,0.6565671818874905,0.34343281811250953
1039,Stayed,0.4366473465705223,0.5633526534294777
29978,Left,0.9220720351091675,0.07792796489083258
64579,Left,0.9078528195188251,0.09214718048117486
28202,Left,0.8614133107837395,0.1385866892162605
61316,Stayed,0.24783364026273502,0.752166359737265
50212,Stayed,0.4681395700899442,0.5318604299100558
57876,Stayed,0.30612805676205823,0.6938719432379418
30070,Left,0.8541795614068683,0.14582043859313165
60150,Stayed,0.13102625499409093,0.8689737450059091
2915,Left,0.8926957083587026,0.10730429164129741
8663,Left,0.5530855033918309,0.4469144966081691
58108,Stayed,0.05926654194057568,0.9407334580594243
6690,Left,0.8671199443672192,0.1328800556327808
41956,Left,0.5373479376054617,0.4626520623945382
58146,Left,0.6124373407168776,0.3875626592831224
15603,Left,0.5105093017448338,0.4894906982551662
24459,Stayed,0.3613849243159246,0.6386150756840754
61605,Left,0.753858077651692,0.246141922348308
1054,Left,0.9652804361528659,0.03471956384713419
67105,Stayed,0.21738737527308183,0.7826126247269182
37799,Stayed,0.16460958773977008,0.8353904122602299
6927,Stayed,0.05837571773594241,0.9416242822640576
59090,Stayed,0.46154616533457227,0.5384538346654277
43663,Left,0.5347308870883186,0.4652691129116814
71113,Left,0.5764013660650494,0.42359863393495056
70180,Left,0.8862276539481809,0.11377234605181909
15843,Stayed,0.4729876924471669,0.5270123075528331
16934,Stayed,0.0886955917929314,0.9113044082070686
286,Left,0.5046537649980195,0.4953462350019805
54215,Left,0.9292597506625351,0.07074024933746494
58483,Left,0.5810870656496346,0.41891293435036536
49847,Stayed,0.3635021721751658,0.6364978278248342
43798,Stayed,0.0935381951421882,0.9064618048578118
51301,Stayed,0.46825213135389765,0.5317478686461024
20692,Left,0.6946165802772064,0.3053834197227936
51259,Stayed,0.0720615101939428,0.9279384898060572
540,Left,0.8960650805718452,0.10393491942815478
18648,Stayed,0.3858489617652673,0.6141510382347327
59323,Left,0.9096541593186742,0.09034584068132576
32425,Stayed,0.47182938224273996,0.52817061775726
58441,Stayed,0.10225243616095425,0.8977475638390457
6149,Left,0.7625277818751541,0.2374722181248458
72445,Stayed,0.039403296023030276,0.9605967039769697
22224,Stayed,0.18759656300412253,0.8124034369958775
24976,Left,0.9216354629708885,0.07836453702911145
14171,Left,0.6249393067572451,0.3750606932427549
62718,Stayed,0.21582090431063594,0.7841790956893641
19035,Stayed,0.10443092075015425,0.8955690792498457
52865,Stayed,0.15467068330743639,0.8453293166925636
35527,Stayed,0.40737520539322025,0.5926247946067797
19137,Left,0.5320370802813668,0.4679629197186333
14812,Left,0.9190143936860876,0.08098560631391234
51655,Left,0.726644621971082,0.27335537802891796
12145,Stayed,0.14033390258753298,0.859666097412467
36605,Left,0.8933304671530746,0.10666953284692539
19437,Stayed,0.4490980042326693,0.5509019957673307
17821,Left,0.6091070202371154,0.3908929797628846
29695,Left,0.7067167781347535,0.29328322186524647
40067,Stayed,0.16379765475297114,0.8362023452470289
37921,Stayed,0.02524263235410895,0.974757367645891
24099,Left,0.9402615037557344,0.059738496244265624
48606,Left,0.5381896879308755,0.4618103120691245
67161,Left,0.6268480333414909,0.37315196665850914
64746,Left,0.6239828395829021,0.3760171604170978
38525,Stayed,0.2571510656967074,0.7428489343032926
688,Left,0.9024036700507693,0.09759632994923076
56301,Stayed,0.3209430452874755,0.6790569547125245
74255,Stayed,0.48403170086393854,0.5159682991360615
44142,Left,0.9664822620133096,0.03351773798669042
3816,Stayed,0.4844185410744094,0.5155814589255906
48262,Stayed,0.23136273666381635,0.7686372633361837
38720,Left,0.5259755619061135,0.47402443809388656
19549,Left,0.5727949985170018,0.42720500148299817
15364,Stayed,0.14124510071664964,0.8587548992833504
58122,Stayed,0.1175470901116078,0.8824529098883922
1201,Left,0.7032148378816521,0.296785162118348
14489,Left,0.6084283462856679,0.3915716537143321
11519,Left,0.7356289101269271,0.26437108987307284
71815,Stayed,0.2365126564849802,0.7634873435150198
57640,Stayed,0.18221745240298726,0.8177825475970127
30048,Left,0.6273596379976285,0.37264036200237155
5668,Left,0.9070423867725699,0.09295761322743015
36471,Stayed,0.1782820601843792,0.8217179398156208
23606,Left,0.7966537080237485,0.20334629197625156
38124,Stayed,0.36561525609485823,0.6343847439051418
37129,Stayed,0.21496045878133307,0.7850395412186669
57588,Stayed,0.18681602076641213,0.8131839792335879
34777,Left,0.6855017942322748,0.3144982057677252
45389,Left,0.7060401148281755,0.2939598851718245
49764,Left,0.6729285794937938,0.3270714205062062
51491,Left,0.885461157496112,0.11453884250388799
44851,Left,0.5796849419319641,0.420315058068036
12995,Stayed,0.00841497573202954,0.9915850242679705
71328,Stayed,0.04925028226813133,0.9507497177318687
26555,Left,0.5240051666156813,0.47599483338431864
43138,Left,0.90019749155943,0.09980250844057008
52939,Stayed,0.2789905286793267,0.7210094713206733
65258,Left,0.7711206287980014,0.22887937120199864
64337,Left,0.5140758963586893,0.48592410364131067
10280,Stayed,0.18718539604238704,0.812814603957613
42202,Stayed,0.09506645912156186,0.9049335408784381
47840,Left,0.8872047349149954,0.11279526508500465
61987,Left,0.646853614529223,0.3531463854707771
23279,Stayed,0.317200959427578,0.682799040572422
47054,Left,0.6908033049724436,0.30919669502755637
30990,Left,0.7752973703207655,0.22470262967923443
23221,Left,0.7766008478312918,0.22339915216870818
68532,Left,0.7537595186518877,0.24624048134811227
73073,Left,0.7881648426657512,0.21183515733424885
63391,Left,0.8431098801276814,0.15689011987231857
53260,Stayed,0.2717522320568445,0.7282477679431555
41957,Left,0.8120651543182688,0.18793484568173124
49459,Stayed,0.08375706208489364,0.9162429379151064
34997,Left,0.965781574661961,0.03421842533803896
51641,Left,0.8126169122204188,0.1873830877795812
53257,Left,0.9490768718253114,0.05092312817468859
65859,Left,0.6100506423917027,0.3899493576082973
30631,Stayed,0.10515933127240362,0.8948406687275964
72801,Left,0.8481915795116335,0.15180842048836649
7891,Stayed,0.1583639916519617,0.8416360083480383
52890,Stayed,0.21172774765921532,0.7882722523407847
24016,Left,0.9251440054274915,0.07485599457250844
68495,Left,0.6669839178001788,0.33301608219982115
64389,Left,0.6361382601999217,0.3638617398000783
32521,Stayed,0.155241075658632,0.844758924341368
66338,Stayed,0.3809519479906166,0.6190480520093834
50781,Stayed,0.4440967404775308,0.5559032595224692
70839,Left,0.8618320108651394,0.13816798913486059
72765,Left,0.9738119620028268,0.026188037997173227
53520,Left,0.9064195622923849,0.09358043770761518
5300,Left,0.6229240329342751,0.37707596706572494
72466,Left,0.5931442109851826,0.4068557890148174
62355,Left,0.9169973743513566,0.0830026256486434
13803,Stayed,0.4066264915602621,0.5933735084397379
46753,Left,0.543866765973072,0.4561332340269279
62318,Left,0.5646175656001776,0.4353824343998224
4149,Stayed,0.22627511462866545,0.7737248853713345
52957,Left,0.5598809038930683,0.4401190961069317
46743,Left,0.5545546510574992,0.44544534894250076
73954,Left,0.8778824017900717,0.12211759820992828
54955,Stayed,0.07611375038601553,0.9238862496139845
3434,Stayed,0.2634606727815484,0.7365393272184516
42909,Stayed,0.17000163298486914,0.8299983670151309
54346,Left,0.9091305739396798,0.09086942606032027
38253,Stayed,0.007582035395894859,0.9924179646041051
28623,Stayed,0.2684005801269609,0.7315994198730391
3907,Stayed,0.18990114872057917,0.8100988512794208
25777,Left,0.8040854165063146,0.19591458349368543
47040,Left,0.9216835646871616,0.07831643531283843
23629,Left,0.7881580729642312,0.2118419270357688
15542,Stayed,0.09996698008489013,0.9000330199151099
29262,Left,0.6406101298343806,0.3593898701656194
37807,Stayed,0.0749795493911497,0.9250204506088503
24628,Stayed,0.17696825442192943,0.8230317455780706
25849,Stayed,0.14141356497618862,0.8585864350238114
70590,Stayed,0.3491123887373234,0.6508876112626766
17122,Left,0.9271646842751835,0.07283531572481647
7209,Stayed,0.3562599567221778,0.6437400432778222
2306,Left,0.7376253010037341,0.26237469899626586
38433,Stayed,0.43943866352257044,0.5605613364774296
36583,Stayed,0.06425896445306944,0.9357410355469306
18687,Stayed,0.3731596445229616,0.6268403554770384
12634,Stayed,0.20295305141897335,0.7970469485810266
2139,Left,0.6978765963706426,0.30212340362935747
31545,Left,0.5931221846188321,0.4068778153811679
70354,Left,0.5065141105166246,0.4934858894833754
16994,Left,0.564562279003259,0.4354377209967411
39416,Stayed,0.20115831615568036,0.7988416838443196
68260,Left,0.5962177105943041,0.40378228940569594
66745,Left,0.5528942661010241,0.44710573389897595
1521,Left,0.5871944771320305,0.4128055228679695
70981,Stayed,0.3393200746010965,0.6606799253989035
73639,Stayed,0.17852647525073861,0.8214735247492614
61679,Left,0.5396088742622318,0.46039112573776825
812,Left,0.7905777835769678,0.20942221642303216
42238,Left,0.7634100208238479,0.2365899791761521
68951,Stayed,0.4706850795258506,0.5293149204741494
57338,Left,0.8795059195264948,0.12049408047350518
4290,Left,0.6723627819760283,0.32763721802397167
39084,Stayed,0.2674523332545037,0.7325476667454963
26061,Stayed,0.07457496047553702,0.925425039524463
30818,Left,0.9067330984555215,0.09326690154447845
18054,Left,0.751070270443699,0.248929729556301
46318,Left,0.5055116400005517,0.49448835999944823
33977,Stayed,0.08198276962021589,0.9180172303797841
21841,Left,0.7530770914334002,0.24692290856659985
8286,Left,0.5268438723480222,0.4731561276519778
12279,Left,0.7478146423401142,0.2521853576598858
21627,Stayed,0.12725723403650924,0.8727427659634908
21795,Stayed,0.2787435702947275,0.7212564297052725
958,Left,0.5695474399542871,0.43045256004571286
64439,Left,0.764093180020223,0.23590681997977705
43905,Stayed,0.04385297290601309,0.9561470270939869
7361,Left,0.9439603381428923,0.056039661857107737
52342,Stayed,0.36231833548140213,0.6376816645185979
46207,Left,0.7576197063246108,0.2423802936753891
9289,Stayed,0.04372907068242049,0.9562709293175795
74112,Stayed,0.07392725722406157,0.9260727427759384
67326,Left,0.5369638608070476,0.4630361391929524
29965,Left,0.6392253753743882,0.3607746246256118
35862,Stayed,0.2591542089536514,0.7408457910463486
56131,Left,0.8352606267485337,0.16473937325146623
2373,Stayed,0.2658816657012941,0.7341183342987059
64606,Left,0.5563942881814217,0.44360571181857833
48139,Left,0.7727501708419761,0.22724982915802397
66783,Stayed,0.3498965297527028,0.6501034702472972
11271,Stayed,0.49452899361906755,0.5054710063809325
4092,Stayed,0.2601035699459684,0.7398964300540316
65152,Stayed,0.3887210325548429,0.6112789674451571
61104,Stayed,0.21150563336227013,0.7884943666377299
28706,Left,0.728396563826057,0.27160343617394295
64469,Stayed,0.03099950720301403,0.969000492796986
57877,Left,0.6759755295519505,0.3240244704480495
65264,Left,0.9755398043898477,0.024460195610152287
15120,Stayed,0.3392551112056301,0.6607448887943699
66246,Left,0.6201250568799883,0.3798749431200117
36199,Stayed,0.12017809225182896,0.879821907748171
53816,Left,0.6172102534108528,0.38278974658914716
62789,Stayed,0.411634780553377,0.588365219446623
48320,Stayed,0.12422247860548241,0.8757775213945176
25644,Stayed,0.46528076255551776,0.5347192374444822
35500,Stayed,0.31130747559188365,0.6886925244081163
5277,Stayed,0.29472618125156214,0.7052738187484379
66422,Left,0.5029006961082161,0.49709930389178386
65653,Stayed,0.12432191350431021,0.8756780864956898
53930,Left,0.8730786611332955,0.12692133886670448
28327,Stayed,0.29173184210777914,0.7082681578922209
71734,Stayed,0.3877896347130734,0.6122103652869266
63331,Stayed,0.07579571078580727,0.9242042892141927
54710,Stayed,0.06552185765133833,0.9344781423486617
32817,Stayed,0.3331146317548527,0.6668853682451473
41769,Stayed,0.1929356401677743,0.8070643598322257
50117,Stayed,0.15031272981254773,0.8496872701874523
5897,Left,0.8199876939696426,0.18001230603035745
48214,Stayed,0.136111004572524,0.863888995427476
43054,Stayed,0.25417337650472027,0.7458266234952797
43268,Left,0.9031622563807555,0.09683774361924447
18389,Stayed,0.1923716606866699,0.8076283393133301
7003,Left,0.7453231888202367,0.2546768111797632
31375,Left,0.6467376625024743,0.3532623374975257
2047,Left,0.6565783985787338,0.3434216014212662
19108,Stayed,0.2571204096589388,0.7428795903410612
30370,Stayed,0.22133204326111355,0.7786679567388864
49354,Left,0.849634166146624,0.15036583385337596
32057,Left,0.8017631114262672,0.19823688857373276
62939,Left,0.7219809962805254,0.27801900371947463
11258,Left,0.831036986702913,0.16896301329708702
62967,Stayed,0.44398710279259224,0.5560128972074078
69425,Left,0.7294323914701186,0.2705676085298813
28283,Left,0.7776368101366089,0.2223631898633911
55255,Left,0.8776228470812378,0.12237715291876218
32232,Left,0.7568070933548497,0.24319290664515025
37023,Stayed,0.21538356150324478,0.7846164384967552
70532,Stayed,0.1955093316933365,0.8044906683066635
38252,Stayed,0.37195288987660413,0.6280471101233959
27537,Stayed,0.059045690652086646,0.9409543093479134
32219,Stayed,0.12071997231153186,0.8792800276884681
57507,Left,0.8949242916359068,0.10507570836409318
32269,Stayed,0.26647937904862995,0.73352062095137
71665,Stayed,0.3673844187129184,0.6326155812870816
63906,Stayed,0.22402210729009742,0.7759778927099026
46422,Stayed,0.015130622844601316,0.9848693771553987
3805,Left,0.6359802856543446,0.36401971434565533
15687,Stayed,0.16422204255346984,0.8357779574465302
38989,Stayed,0.21102467493480492,0.7889753250651951
23921,Left,0.7073118127870168,0.29268818721298323
67234,Stayed,0.2069136502750769,0.7930863497249231
5235,Stayed,0.49770398705977104,0.502296012940229
31202,Stayed,0.3773506719805788,0.6226493280194212
66583,Stayed,0.04116064893111615,0.9588393510688838
60347,Left,0.7349655671380879,0.26503443286191203
67319,Stayed,0.421297296427663,0.578702703572337
51027,Left,0.9074131608880823,0.09258683911191763
65624,Stayed,0.07978204189594795,0.920217958104052
7543,Left,0.8711192771573643,0.12888072284263571
52647,Stayed,0.25495041320069867,0.7450495867993013
45491,Left,0.7046872899226293,0.29531271007737075
9518,Stayed,0.37896910309648724,0.6210308969035128
53607,Stayed,0.3645247740636247,0.6354752259363753
28384,Left,0.5949313893443672,0.4050686106556328
5553,Stayed,0.411785815508672,0.588214184491328
13125,Left,0.743051574825667,0.25694842517433303
23432,Left,0.5574319688722581,0.4425680311277419
73897,Left,0.8838053789484737,0.11619462105152631
71781,Stayed,0.24135696006192797,0.758643039938072
31163,Stayed,0.0926813021486893,0.9073186978513107
40446,Left,0.6042545331312719,0.39574546686872814
12355,Stayed,0.18472728128784943,0.8152727187121506
27009,Stayed,0.13584950074780766,0.8641504992521923
57586,Stayed,0.14668125498348528,0.8533187450165147
57412,Left,0.6120696399928331,0.38793036000716685
67979,Left,0.7523565905859317,0.2476434094140683
29224,Stayed,0.1955710750383799,0.8044289249616201
61580,Stayed,0.26926718859446075,0.7307328114055393
9032,Left,0.9009512089754923,0.09904879102450764
73207,Left,0.8534359072603641,0.14656409273963586
38518,Left,0.8970101156319674,0.10298988436803255
14857,Left,0.5937042180159471,0.4062957819840529
41949,Stayed,0.04787278083676072,0.9521272191632393
53309,Left,0.564619268153113,0.43538073184688697
58852,Left,0.9337624175855859,0.06623758241441412
67850,Left,0.7334416682438497,0.2665583317561503
24150,Stayed,0.32087913419376857,0.6791208658062314
69187,Stayed,0.3234448676746542,0.6765551323253458
23976,Stayed,0.11588190913574403,0.884118090864256
45456,Stayed,0.18681938402296838,0.8131806159770316
69334,Stayed,0.45068942086182917,0.5493105791381708
11187,Left,0.9879880985567207,0.012011901443279401
2663,Stayed,0.16565956232084678,0.8343404376791532
43957,Stayed,0.12168122740752851,0.8783187725924715
56115,Left,0.7466740927342885,0.2533259072657115
4904,Stayed,0.435382183082488,0.564617816917512
3041,Stayed,0.2945814107761039,0.7054185892238961
8151,Stayed,0.42641035331311683,0.5735896466868832
13642,Left,0.6380507665181994,0.3619492334818007
3320,Stayed,0.44359977590276345,0.5564002240972366
50151,Stayed,0.09132234449267329,0.9086776555073267
262,Left,0.7671445698008659,0.23285543019913418
61497,Left,0.661664749404253,0.338335250595747
35665,Stayed,0.42222382634211664,0.5777761736578834
55685,Left,0.8104751564597632,0.18952484354023683
47213,Left,0.962490887914485,0.03750911208551501
29781,Stayed,0.11196228641502626,0.8880377135849737
5371,Left,0.6169330547762962,0.38306694522370377
3074,Left,0.5203896495593467,0.47961035044065325
63604,Left,0.7127661597743722,0.28723384022562787
61012,Left,0.8261841077990063,0.17381589220099367
47338,Left,0.551142201788329,0.448857798211671
44059,Left,0.7606717904840368,0.23932820951596318
63299,Left,0.9007769988894414,0.0992230011105586
36768,Left,0.8174460093540523,0.1825539906459477
34741,Left,0.5121341269960613,0.48786587300393874
64291,Stayed,0.23531917512246103,0.764680824877539
6320,Left,0.5613629331893558,0.4386370668106442
2342,Stayed,0.22532165075466504,0.774678349245335
44797,Left,0.6450144963962299,0.3549855036037702
65467,Stayed,0.14602144456294774,0.8539785554370523
18628,Stayed,0.3846531329350924,0.6153468670649076
13014,Stayed,0.12631224047492795,0.873687759525072
65396,Stayed,0.17055469233961762,0.8294453076603824
60530,Left,0.9308460104265198,0.06915398957348022
11036,Left,0.5602377897299031,0.4397622102700968
26920,Stayed,0.2451933176567711,0.7548066823432289
72565,Stayed,0.46451504048130754,0.5354849595186925
30148,Stayed,0.10194464944449178,0.8980553505555082
68220,Stayed,0.44616844662916333,0.5538315533708367
67847,Stayed,0.05280356164194555,0.9471964383580544
47170,Left,0.5823139559377759,0.41768604406222415
40204,Stayed,0.4989068576345299,0.5010931423654701
14638,Stayed,0.0898305872339763,0.9101694127660237
52731,Left,0.9075165125626523,0.09248348743734773
57076,Left,0.9795177881177649,0.020482211882235132
42660,Left,0.7193003171196772,0.28069968288032277
19673,Stayed,0.47684196632063425,0.5231580336793658
44395,Left,0.9652788577139815,0.03472114228601858
12386,Stayed,0.14950079046082454,0.8504992095391755
8920,Stayed,0.2653243100985594,0.7346756899014406
34042,Stayed,0.338599333910919,0.661400666089081
16228,Left,0.8865160605131054,0.11348393948689461
36663,Stayed,0.21195738947128684,0.7880426105287132
37848,Left,0.7217689475357256,0.27823105246427443
70076,Stayed,0.20266120337324978,0.7973387966267502
10285,Left,0.8417410054030404,0.15825899459695955
51775,Stayed,0.43154817928279876,0.5684518207172012
62409,Left,0.8888248121760438,0.11117518782395625
59597,Stayed,0.17426416660890398,0.825735833391096
29761,Stayed,0.29265002620721303,0.707349973792787
9173,Stayed,0.4960238015864127,0.5039761984135873
25056,Left,0.6340674629877503,0.36593253701224965
44100,Left,0.9123871412572835,0.08761285874271653
70625,Stayed,0.12326198951939038,0.8767380104806096
32499,Stayed,0.06699531039840567,0.9330046896015943
24011,Stayed,0.37310956749961477,0.6268904325003852
13760,Stayed,0.3803971549199723,0.6196028450800277
24603,Left,0.9452547772391193,0.054745222760880626
43738,Left,0.6078299950855123,0.3921700049144877
36718,Stayed,0.29735121124447084,0.7026487887555292
37863,Left,0.7147318477007287,0.28526815229927127
35957,Left,0.7302288864389926,0.26977111356100736
36336,Stayed,0.05955442304723102,0.940445576952769
34791,Left,0.9366780931640377,0.0633219068359623
73351,Stayed,0.07638758789857103,0.923612412101429
53424,Left,0.7951550009907751,0.2048449990092249
60067,Stayed,0.2523015041196237,0.7476984958803763
66979,Stayed,0.24575001727611812,0.7542499827238819
48577,Stayed,0.30729835183533727,0.6927016481646627
65499,Stayed,0.485331114587367,0.514668885412633
54552,Left,0.9385817928727044,0.06141820712729561
58219,Stayed,0.48874847813560807,0.5112515218643919
37582,Stayed,0.10832755778786818,0.8916724422121318
57343,Left,0.6038794600039131,0.3961205399960869
55079,Left,0.7594054584947046,0.24059454150529538
9474,Stayed,0.2721184463725088,0.7278815536274912
42092,Left,0.5871796050752199,0.41282039492478007
71522,Left,0.7287158303521288,0.2712841696478712
58786,Left,0.7730568375643285,0.22694316243567145
14828,Left,0.9661923112460831,0.03380768875391698
57292,Left,0.9351128010537797,0.06488719894622032
26718,Stayed,0.27987419704498717,0.7201258029550128
30987,Left,0.5058335730792417,0.4941664269207583
53190,Left,0.8285133055587,0.17148669444130007
55906,Stayed,0.2503866299418265,0.7496133700581735
20481,Stayed,0.43804649862145584,0.5619535013785442
48273,Left,0.6909433144399382,0.3090566855600618
31494,Stayed,0.48378148813604627,0.5162185118639537
40845,Stayed,0.09282475478020424,0.9071752452197958
3076,Stayed,0.18055133201260065,0.8194486679873993
58725,Left,0.7531562746425017,0.2468437253574983
1352,Left,0.5184782024639076,0.4815217975360923
42840,Left,0.8962971904610934,0.10370280953890668
46330,Stayed,0.14052349369078798,0.859476506309212
61089,Stayed,0.20858277045322682,0.7914172295467732
60595,Stayed,0.24523047456238356,0.7547695254376164
44312,Stayed,0.13010386319939693,0.8698961368006031
2361,Stayed,0.12047887831779702,0.879521121682203
70736,Left,0.734130109112723,0.2658698908872769
33986,Stayed,0.42734654903916625,0.5726534509608338
65864,Left,0.7142220427214878,0.2857779572785122
52173,Left,0.8106176406951789,0.18938235930482103
39666,Left,0.9425829419787111,0.0574170580212889
44651,Left,0.7105012555408985,0.28949874445910145
12215,Left,0.8496271843776522,0.15037281562234778
5324,Stayed,0.20754126558804153,0.7924587344119585
63091,Stayed,0.43061417938261326,0.5693858206173867
54636,Stayed,0.1076475957071128,0.8923524042928872
53227,Stayed,0.3217485673116537,0.6782514326883463
30821,Stayed,0.25072373404299697,0.749276265957003
15895,Stayed,0.2650989083602965,0.7349010916397035
18143,Stayed,0.01621941348723499,0.983780586512765
17003,Stayed,0.13513705736976012,0.8648629426302399
56017,Stayed,0.3656890667686751,0.6343109332313249
61475,Left,0.934091127800843,0.06590887219915692
34939,Left,0.8792984612567444,0.12070153874325565
69280,Stayed,0.36503245879029955,0.6349675412097004
42131,Left,0.640264538505869,0.35973546149413105
49402,Stayed,0.05359105801560771,0.9464089419843923
66177,Left,0.7596533773829219,0.2403466226170781
2167,Stayed,0.08728948404626524,0.9127105159537348
42267,Left,0.8296277178674224,0.17037228213257757
13412,Left,0.9337323622220121,0.06626763777798798
62313,Left,0.7945067056734567,0.20549329432654329
47411,Stayed,0.46077223766152764,0.5392277623384724
23308,Left,0.9345026956343315,0.06549730436566849
22750,Stayed,0.038619557783850844,0.9613804422161492
22833,Left,0.9091819435590641,0.09081805644093588
5990,Left,0.7563975018727604,0.2436024981272396
38201,Left,0.7849505762679904,0.2150494237320096
37016,Stayed,0.4126317634776524,0.5873682365223476
39291,Stayed,0.10673883752915303,0.893261162470847
35827,Left,0.7549665830977984,0.24503341690220157
73067,Left,0.9125560248929591,0.0874439751070409
4198,Stayed,0.04135808561529408,0.9586419143847059
72978,Left,0.6575227214673757,0.34247727853262433
7457,Left,0.6639479321327316,0.3360520678672684
16354,Stayed,0.2772244199025956,0.7227755800974044
56916,Stayed,0.4272146633154016,0.5727853366845984
30914,Stayed,0.44234991275087276,0.5576500872491272
19031,Left,0.7460565100703704,0.2539434899296296
26904,Left,0.8685086186384129,0.1314913813615871
45942,Stayed,0.3897136227608585,0.6102863772391415
37471,Stayed,0.483992434144089,0.516007565855911
41819,Left,0.8101256586546299,0.18987434134537004
41968,Stayed,0.40462233124236346,0.5953776687576365
27943,Stayed,0.14271349030122504,0.857286509698775
27674,Stayed,0.3293912679253228,0.6706087320746772
2099,Left,0.8243915746134355,0.1756084253865645
27636,Left,0.8784422576479755,0.12155774235202454
71102,Left,0.6708739428313611,0.32912605716863885
34015,Stayed,0.36412147165824327,0.6358785283417567
44103,Left,0.8841612053906045,0.11583879460939546
23401,Stayed,0.1714064674121677,0.8285935325878323
35567,Stayed,0.2945252383550485,0.7054747616449515
65117,Stayed,0.0874768240630448,0.9125231759369552
66800,Stayed,0.2990487257138884,0.7009512742861116
2689,Left,0.7482888599366408,0.25171114006335915
3822,Stayed,0.3444136640639166,0.6555863359360834
54228,Left,0.9236659979767098,0.07633400202329023
3629,Stayed,0.31574905322932756,0.6842509467706724
26492,Stayed,0.3321169224160676,0.6678830775839324
68536,Left,0.9210092963398733,0.07899070366012675
63971,Stayed,0.24195294514106935,0.7580470548589306
20789,Stayed,0.10408579753206137,0.8959142024679386
4216,Left,0.9680785937955088,0.0319214062044912
18667,Left,0.8373169904357276,0.16268300956427245
30651,Left,0.8808007275435216,0.11919927245647848
57180,Left,0.69177514742614,0.30822485257386
6891,Left,0.6173450940262017,0.38265490597379825
21754,Stayed,0.054475835257666416,0.9455241647423336
26248,Left,0.6276962057000013,0.37230379429999866
67197,Stayed,0.2819948890372409,0.7180051109627591
33,Left,0.7725435055730531,0.22745649442694696
30865,Stayed,0.11995349401747213,0.8800465059825279
14315,Left,0.6841327640065564,0.31586723599344363
53119,Stayed,0.14938808339995624,0.8506119166000438
50253,Left,0.7424135252756499,0.2575864747243502
49814,Left,0.6990189246179626,0.3009810753820375
64544,Left,0.6306680442938677,0.36933195570613236
64973,Left,0.93904256378842,0.06095743621158003
17607,Stayed,0.11010923946074158,0.8898907605392584
59672,Stayed,0.04730680036758794,0.9526931996324121
32490,Stayed,0.34895650030221803,0.651043499697782
65344,Left,0.5038015821361915,0.49619841786380847
73886,Left,0.9148356730188671,0.08516432698113288
36507,Left,0.9541300080590601,0.04586999194093983
11563,Stayed,0.14837554524566354,0.8516244547543365
24007,Stayed,0.20332694365722936,0.7966730563427706
14382,Stayed,0.2721637249039196,0.7278362750960804
5758,Left,0.8247369588717267,0.17526304112827326
71583,Stayed,0.417590138237951,0.582409861762049
14618,Stayed,0.4425127092306689,0.5574872907693311
52098,Stayed,0.13868861761055817,0.8613113823894418
41297,Left,0.5266661309109888,0.47333386908901115
39036,Left,0.8824617190382207,0.11753828096177937
45505,Stayed,0.24940314374036743,0.7505968562596326
4741,Left,0.9190843348481214,0.08091566515187863
8582,Left,0.6985889220332409,0.30141107796675914
53164,Stayed,0.17906870633836214,0.8209312936616379
34787,Left,0.8966229580321537,0.10337704196784625
38532,Stayed,0.29644103440648006,0.7035589655935199
16436,Stayed,0.19983774976768198,0.800162250232318
23669,Left,0.7240297169066028,0.2759702830933972
943,Stayed,0.3026014493377416,0.6973985506622584
38014,Stayed,0.38036914112500786,0.6196308588749921
57576,Left,0.815071579746403,0.18492842025359707
12020,Stayed,0.0560033275911731,0.9439966724088269
12859,Left,0.5618753566762287,0.43812464332377127
7823,Stayed,0.08723069554656504,0.912769304453435
30798,Stayed,0.05484350871011556,0.9451564912898844
21298,Left,0.5928347211677947,0.4071652788322054
70472,Stayed,0.0726660914645495,0.9273339085354505
55289,Stayed,0.4556950402614347,0.5443049597385653
55068,Stayed,0.29598336991688134,0.7040166300831187
45657,Left,0.8437792940536208,0.15622070594637918
17335,Stayed,0.3402619318362702,0.6597380681637298
40209,Left,0.9080275974709865,0.09197240252901354
14512,Left,0.5617534126961157,0.4382465873038843
12533,Left,0.7938195578269808,0.2061804421730192
30336,Stayed,0.2814113540118717,0.7185886459881283
30554,Stayed,0.14314757461944094,0.8568524253805591
69208,Left,0.9296116113398004,0.07038838866019954
22217,Left,0.5523700258184089,0.4476299741815911
225,Left,0.8774872744877017,0.12251272551229835
63448,Left,0.7012679126212291,0.2987320873787708
4386,Left,0.7061341760076996,0.2938658239923005
48276,Left,0.5397492700605283,0.4602507299394717
26978,Left,0.887401632465558,0.11259836753444195
47231,Stayed,0.2597059910731361,0.7402940089268639
41464,Left,0.8404737095626966,0.15952629043730338
2376,Stayed,0.28230201656484466,0.7176979834351553
6290,Stayed,0.2825191174539762,0.7174808825460238
61422,Left,0.6445295461593301,0.35547045384066994
11983,Stayed,0.03187069765788453,0.9681293023421155
4314,Stayed,0.08994810024728295,0.910051899752717
24500,Left,0.5443595179559864,0.4556404820440137
61376,Stayed,0.07214522452655814,0.9278547754734419
38711,Stayed,0.30751871791565166,0.6924812820843483
41671,Left,0.804876827066025,0.195123172933975
32648,Left,0.617621495820884,0.382378504179116
41470,Stayed,0.3486882581296904,0.6513117418703096
41390,Left,0.7463114108559321,0.2536885891440679
46252,Stayed,0.45472101590882885,0.5452789840911711
38930,Left,0.7173110011891604,0.2826889988108396
35648,Stayed,0.2639433184935417,0.7360566815064583
4977,Stayed,0.4185565540152245,0.5814434459847755
12879,Stayed,0.3737266944987159,0.6262733055012841
38756,Left,0.6525569025846114,0.34744309741538865
12726,Left,0.6747667140574692,0.32523328594253076
24607,Stayed,0.1771715818103079,0.8228284181896921
65506,Left,0.7478076681099477,0.2521923318900523
68265,Left,0.9195331876153776,0.08046681238462242
28587,Stayed,0.48455154980286186,0.5154484501971381
36373,Stayed,0.40826826667752636,0.5917317333224736
57253,Left,0.5109964498892754,0.4890035501107246
7758,Left,0.907877540088108,0.09212245991189204
3888,Stayed,0.4512649386209021,0.5487350613790979
69408,Left,0.8944779859858183,0.1055220140141817
23967,Left,0.8806983928999552,0.11930160710004475
46181,Left,0.7564504897753912,0.2435495102246088
70999,Stayed,0.1863073968746386,0.8136926031253614
3919,Left,0.8553600345043617,0.14463996549563835
70133,Left,0.6135835901816964,0.38641640981830355
7498,Left,0.5364693784851009,0.46353062151489904
58022,Stayed,0.26090752685673513,0.7390924731432649
14108,Left,0.92120259545824,0.07879740454175999
59529,Left,0.6265627555498803,0.37343724445011967
48566,Left,0.7666854764020764,0.2333145235979236
47392,Left,0.6982597602540757,0.3017402397459243
60913,Stayed,0.4188277895458479,0.5811722104541521
50662,Left,0.5782432123426234,0.42175678765737656
54452,Stayed,0.015027919234343545,0.9849720807656565
3003,Stayed,0.011397691078259387,0.9886023089217406
27232,Left,0.7648747868845033,0.23512521311549675
15613,Left,0.5612614702510321,0.43873852974896793
54783,Stayed,0.4579396195479841,0.5420603804520159
40028,Left,0.9625996345621413,0.03740036543785879
39653,Left,0.843372123621972,0.15662787637802797
74218,Stayed,0.40587471303249734,0.5941252869675027
49381,Stayed,0.12810608906866827,0.8718939109313317
58324,Stayed,0.06366528739264765,0.9363347126073523
17761,Left,0.5203955056140792,0.47960449438592084
36933,Stayed,0.4773791772547661,0.5226208227452339
11403,Stayed,0.1527143222721764,0.8472856777278236
43121,Stayed,0.22069613079599548,0.7793038692040045
19000,Stayed,0.21040379258750586,0.7895962074124941
25803,Stayed,0.13081579921961572,0.8691842007803843
56539,Left,0.5766844023719913,0.42331559762800874
71950,Stayed,0.2417223730681638,0.7582776269318362
71834,Stayed,0.4416841785309823,0.5583158214690177
45612,Left,0.8448732154203539,0.1551267845796461
58023,Stayed,0.37610391038823354,0.6238960896117665
51012,Left,0.5976966290763478,0.4023033709236522
67327,Left,0.6879902917748972,0.31200970822510277
46732,Stayed,0.0362065518521012,0.9637934481478988
11715,Stayed,0.05223282432240606,0.9477671756775939
32137,Stayed,0.2863131247216356,0.7136868752783644
10725,Stayed,0.0670620718388828,0.9329379281611172
32350,Stayed,0.3895338593285148,0.6104661406714852
46346,Left,0.9510216614728236,0.04897833852717639
7,Left,0.6475488876807585,0.35245111231924153
53908,Stayed,0.3637484864880347,0.6362515135119653
71555,Left,0.6267509835470455,0.37324901645295455
72807,Left,0.5608900967191057,0.43910990328089433
52170,Stayed,0.2944344193576306,0.7055655806423694
69709,Stayed,0.16828569606530275,0.8317143039346973
60472,Stayed,0.22426290951106753,0.7757370904889325
58340,Left,0.5031860235930774,0.49681397640692254
7514,Left,0.6197761151336812,0.38022388486631875
25752,Left,0.8598494139529475,0.14015058604705258
3266,Left,0.8637135298322167,0.1362864701677833
47001,Left,0.8290981307099814,0.17090186929001858
72311,Left,0.8670693662868798,0.1329306337131202
41519,Stayed,0.290662219070996,0.709337780929004
16636,Stayed,0.33805094113573453,0.6619490588642655
37289,Left,0.5215230123452793,0.4784769876547207
11394,Left,0.7967355829649863,0.20326441703501374
50696,Left,0.7596931208199142,0.24030687918008573
51685,Left,0.723883096918555,0.27611690308144504
3790,Stayed,0.2483594367414561,0.7516405632585439
19384,Left,0.6418674870192934,0.3581325129807066
64693,Left,0.6205056780544482,0.3794943219455517
51848,Stayed,0.09283691626580937,0.9071630837341906
42764,Stayed,0.19761496804190382,0.8023850319580962
63902,Left,0.9558070799921895,0.04419292000781055
41712,Stayed,0.050591334854362846,0.9494086651456372
63638,Stayed,0.11846090994284952,0.8815390900571505
12785,Left,0.5526763977752999,0.44732360222470013
61813,Stayed,0.060480838507658174,0.9395191614923418
73551,Left,0.5051076010611574,0.4948923989388426
51643,Left,0.7054330830820104,0.29456691691798964
43289,Stayed,0.23934262623331914,0.7606573737666809
35529,Left,0.9196974779808161,0.08030252201918384
3648,Left,0.756392553907808,0.243607446092192
6316,Left,0.6460041034083912,0.35399589659160874
39893,Stayed,0.3530947911574086,0.6469052088425914
61320,Stayed,0.337786844896493,0.662213155103507
36419,Stayed,0.10436835887385953,0.8956316411261405
87,Left,0.8784022714541532,0.12159772854584683
41239,Left,0.5886349269865552,0.4113650730134448
57067,Left,0.7773169576909799,0.2226830423090201
74061,Stayed,0.02092094406475775,0.9790790559352422
16047,Stayed,0.014618736314824465,0.9853812636851755
50845,Left,0.690800617990865,0.309199382009135
66875,Stayed,0.30489714203953744,0.6951028579604626
30339,Stayed,0.4105204007242388,0.5894795992757612
12010,Left,0.8537842678511199,0.14621573214888006
27070,Left,0.7332737915706107,0.2667262084293894
26761,Left,0.6583918268363788,0.34160817316362124
43344,Left,0.975086444288918,0.024913555711082013
68651,Stayed,0.05183285554110828,0.9481671444588917
17052,Left,0.8933319508541917,0.10666804914580835
5138,Left,0.6803712064670654,0.3196287935329346
35100,Stayed,0.2074859620137488,0.7925140379862512
40516,Stayed,0.07045902688272776,0.9295409731172722
70721,Left,0.5571655317486451,0.44283446825135486
15269,Stayed,0.0439418234660639,0.9560581765339361
13076,Stayed,0.35539259811435864,0.6446074018856414
15886,Left,0.6333861575605763,0.36661384243942374
10998,Left,0.9156886878164253,0.0843113121835747
33200,Stayed,0.49670526249740365,0.5032947375025963
26162,Stayed,0.12738222572131663,0.8726177742786834
45770,Left,0.5671792518028942,0.4328207481971058
15216,Stayed,0.39602750475323734,0.6039724952467627
56838,Stayed,0.055438301280400504,0.9445616987195995
64273,Left,0.6189366151445683,0.38106338485543173
1634,Left,0.6507099724563478,0.34929002754365224
21248,Stayed,0.23294746874404026,0.7670525312559597
13070,Stayed,0.06222221111524051,0.9377777888847595
18093,Left,0.9621432458740317,0.03785675412596838
46454,Left,0.8923808646580224,0.10761913534197765
69055,Stayed,0.03507469286665943,0.9649253071333406
35115,Left,0.9341344598059489,0.06586554019405105
34653,Stayed,0.46801405822715514,0.5319859417728449
11667,Stayed,0.45947583836516914,0.5405241616348309
43761,Left,0.92683606387818,0.07316393612182005
4525,Left,0.6165173522278894,0.3834826477721106
55586,Left,0.8272446009399146,0.17275539906008536
28618,Left,0.9045321514174511,0.09546784858254885
19309,Left,0.6356914885423681,0.3643085114576319
18573,Stayed,0.16137571941761608,0.8386242805823839
63905,Left,0.8000071716259416,0.19999282837405838
29749,Left,0.7526454969353308,0.24735450306466925
69333,Left,0.7877402532704518,0.21225974672954814
44929,Left,0.7026176518594682,0.2973823481405317
39558,Left,0.9699299127846532,0.030070087215346798
54435,Stayed,0.3870616301958629,0.6129383698041371
71377,Stayed,0.082550836138916,0.917449163861084
38491,Left,0.7642228608789651,0.23577713912103493
57670,Stayed,0.18933903033693733,0.8106609696630627
62715,Left,0.5188692001390387,0.48113079986096136
34307,Stayed,0.4757838788980321,0.5242161211019679
1387,Left,0.7323166768429901,0.26768332315700993
25916,Left,0.931232422407551,0.06876757759244904
31329,Left,0.9126203411147867,0.08737965888521323
45391,Stayed,0.04687379252742829,0.9531262074725717
4213,Stayed,0.4633222874536187,0.5366777125463813
49521,Stayed,0.06193444851997354,0.9380655514800265
24820,Left,0.5816082084081489,0.4183917915918511
54523,Left,0.5280688597388814,0.47193114026111854
28074,Stayed,0.16630167435554777,0.8336983256444522
18418,Stayed,0.019909885045738762,0.9800901149542612
25046,Stayed,0.462807095605717,0.537192904394283
60739,Left,0.8956095454675783,0.10439045453242167
56866,Stayed,0.30213543893420847,0.6978645610657915
3270,Left,0.5226856162322565,0.4773143837677435
47940,Stayed,0.4143427246128646,0.5856572753871354
35488,Stayed,0.1733470970077402,0.8266529029922598
6434,Left,0.8757118104041628,0.12428818959583723
26272,Left,0.5828610016859606,0.4171389983140395
11648,Stayed,0.13312125324222734,0.8668787467577727
45309,Stayed,0.4806969059197944,0.5193030940802056
28197,Stayed,0.2496040990428624,0.7503959009571376
53780,Stayed,0.13447491894661923,0.8655250810533808
24596,Left,0.5514633664746225,0.4485366335253775
68034,Stayed,0.2193227381364914,0.7806772618635086
28845,Stayed,0.07975401132692161,0.9202459886730784
31591,Stayed,0.010777366684661893,0.9892226333153381
66380,Left,0.6648929184255261,0.3351070815744739
38556,Left,0.8019314381462721,0.19806856185372795
29983,Stayed,0.4278086892545304,0.5721913107454696
30208,Left,0.5306758539132344,0.46932414608676565
29393,Left,0.6240268162692593,0.3759731837307408
22795,Stayed,0.31771410317607673,0.6822858968239233
32424,Stayed,0.3520181048950459,0.6479818951049541
35264,Stayed,0.23318615520866703,0.766813844791333
69676,Left,0.6427040050585798,0.35729599494142017
5749,Stayed,0.14324780404860593,0.8567521959513941
3185,Left,0.7151262956338194,0.28487370436618065
69953,Left,0.8666811003607057,0.13331889963929433
12037,Left,0.5910583581609701,0.40894164183902987
64677,Stayed,0.3997091431360811,0.6002908568639189
37496,Left,0.7025856263737442,0.29741437362625583
60487,Stayed,0.20906119394798628,0.7909388060520137
10501,Stayed,0.13801303541587084,0.8619869645841292
40663,Stayed,0.38416948598464606,0.6158305140153539
25649,Left,0.6647583636990896,0.3352416363009104
18286,Left,0.941994155102731,0.058005844897268996
61512,Stayed,0.3863126113703482,0.6136873886296518
52902,Stayed,0.21113603464966513,0.7888639653503349
34856,Left,0.8971644815906814,0.10283551840931864
32290,Stayed,0.41446497852731856,0.5855350214726814
69760,Stayed,0.08286903769902543,0.9171309623009746
63763,Left,0.5017444431618352,0.49825555683816475
71304,Stayed,0.1466443898191221,0.8533556101808779
54086,Stayed,0.20286588394420535,0.7971341160557947
54362,Stayed,0.03717712756658609,0.9628228724334139
44995,Stayed,0.3218624883142779,0.6781375116857221
16169,Stayed,0.036411346394807254,0.9635886536051927
6323,Stayed,0.204311970472576,0.795688029527424
68796,Left,0.8343237654061603,0.16567623459383976
16243,Left,0.8251680070489811,0.17483199295101892
47175,Left,0.5736942385666922,0.4263057614333078
12409,Stayed,0.19718159743215402,0.802818402567846
9554,Left,0.5496855021574918,0.4503144978425082
73042,Stayed,0.3826605741073793,0.6173394258926207
