founder_id,retention_status,probability_Left,probability_Stayed
52685,Stayed,0.33779275,0.66220725
30585,Left,0.75657177,0.2434282
54656,Stayed,0.04682046,0.95317954
33442,Left,0.77643985,0.22356014
15667,Stayed,0.018678963,0.98132104
3496,Stayed,0.14310944,0.85689056
46775,Left,0.5783516,0.42164838
72645,Left,0.8455115,0.15448852
4941,Stayed,0.4896857,0.5103143
65181,Left,0.69099593,0.30900404
49522,Stayed,0.45277458,0.5472254
8195,Stayed,0.01759994,0.98240006
52948,Stayed,0.05317694,0.94682306
35067,Stayed,0.3722685,0.6277315
53650,Left,0.9431242,0.05687583
49803,Stayed,0.2101863,0.7898137
2213,Left,0.8089438,0.19105618
48091,Stayed,0.24284881,0.7571512
49462,Stayed,0.09723246,0.90276754
16073,Stayed,0.074516356,0.92548364
54967,Left,0.7208817,0.27911833
35183,Left,0.79955924,0.20044076
455,Stayed,0.18264979,0.8173502
36359,Left,0.7572856,0.2427144
36048,Left,0.89174545,0.10825455
54081,Left,0.7750879,0.2249121
17189,Left,0.6636631,0.3363369
31516,Left,0.573508,0.426492
3586,Stayed,0.22165245,0.77834755
49198,Stayed,0.4778056,0.5221944
60686,Left,0.7402049,0.25979513
14616,Left,0.6792563,0.32074368
12605,Stayed,0.32819426,0.67180574
27617,Stayed,0.247985,0.752015
23602,Left,0.99011225,0.009887751
20883,Left,0.79956365,0.20043638
64272,Left,0.9721225,0.027877506
71141,Left,0.9394282,0.06057177
62438,Stayed,0.25012237,0.74987763
55672,Stayed,0.12679148,0.8732085
18843,Stayed,0.27783674,0.72216326
59459,Stayed,0.18488598,0.815114
56488,Stayed,0.12939936,0.87060064
11062,Left,0.7433797,0.25662026
70350,Left,0.8726199,0.12738006
25065,Left,0.5247437,0.47525632
59563,Stayed,0.4724049,0.5275951
6080,Left,0.7982514,0.20174861
65256,Left,0.6410985,0.35890147
55816,Stayed,0.47463018,0.5253698
48154,Stayed,0.31025434,0.68974566
19598,Left,0.77321374,0.22678629
45711,Stayed,0.32505745,0.67494255
31921,Left,0.66979825,0.33020172
28968,Left,0.7951756,0.2048244
42658,Left,0.5074355,0.4925645
33024,Left,0.9352685,0.06473145
12971,Stayed,0.32505757,0.67494243
5719,Left,0.95335835,0.046641644
9331,Stayed,0.40992814,0.59007186
64168,Left,0.59499526,0.40500477
20332,Stayed,0.045227885,0.9547721
11169,Stayed,0.39190042,0.6080996
30757,Stayed,0.42331815,0.57668185
60983,Left,0.5220978,0.4779022
26913,Left,0.8970568,0.102943175
7546,Stayed,0.08402228,0.9159777
67990,Stayed,0.11302441,0.8869756
34301,Left,0.84665376,0.15334626
14321,Left,0.8456515,0.15434852
53135,Stayed,0.12399739,0.8760026
14669,Left,0.5627856,0.4372144
43491,Left,0.979499,0.020500995
54054,Left,0.5478817,0.45211828
7163,Left,0.7561723,0.2438277
26780,Stayed,0.24632013,0.7536799
13903,Stayed,0.37662148,0.6233785
6649,Stayed,0.46892542,0.5310746
51846,Stayed,0.34938282,0.6506172
26809,Stayed,0.1406408,0.8593592
64951,Stayed,0.09803146,0.90196854
23719,Stayed,0.14095509,0.8590449
11190,Stayed,0.31059372,0.6894063
29869,Stayed,0.06326729,0.9367327
42562,Stayed,0.074278295,0.9257217
3032,Stayed,0.11791372,0.8820863
26880,Stayed,0.35067123,0.64932877
47539,Stayed,0.039948642,0.96005136
4786,Stayed,0.08717191,0.9128281
68000,Stayed,0.13321644,0.86678356
42053,Stayed,0.06904,0.93096
54995,Stayed,0.3862673,0.6137327
1279,Left,0.95467514,0.045324843
13376,Left,0.6801797,0.31982026
13169,Stayed,0.05948937,0.94051063
33968,Left,0.60194147,0.39805856
25662,Stayed,0.29564106,0.70435894
34240,Stayed,0.09167731,0.9083227
72123,Left,0.6830914,0.31690863
11833,Left,0.66427684,0.33572313
63405,Stayed,0.21431899,0.785681
26938,Stayed,0.012442231,0.98755777
49495,Stayed,0.21346182,0.7865382
13947,Stayed,0.14357042,0.8564296
62520,Left,0.96653396,0.03346606
52157,Stayed,0.36997938,0.6300206
24543,Left,0.94182074,0.058179248
54581,Stayed,0.13256162,0.8674384
1091,Stayed,0.4862365,0.5137635
33481,Left,0.83397555,0.16602446
11336,Stayed,0.3039037,0.6960963
2108,Stayed,0.08302653,0.9169735
6469,Stayed,0.093313515,0.9066865
66001,Stayed,0.23310548,0.7668945
39357,Stayed,0.15534657,0.8446534
29600,Left,0.6368941,0.36310586
34896,Stayed,0.085653484,0.9143465
49124,Stayed,0.198524,0.801476
27997,Stayed,0.13805032,0.8619497
31155,Left,0.91388166,0.08611833
38313,Left,0.7816924,0.21830761
7135,Stayed,0.4863944,0.5136056
39553,Stayed,0.432545,0.567455
6794,Stayed,0.054060638,0.94593936
14519,Left,0.96128947,0.038710512
14011,Stayed,0.39745438,0.6025456
16439,Left,0.52902937,0.47097066
6335,Left,0.5847527,0.41524732
19394,Left,0.7564898,0.24351017
71080,Stayed,0.09929353,0.90070647
60021,Left,0.56382084,0.43617916
44982,Left,0.614069,0.38593102
8899,Left,0.834266,0.16573398
128,Left,0.6198038,0.38019618
69732,Stayed,0.423684,0.576316
46987,Left,0.71508443,0.28491557
73607,Left,0.62641424,0.37358576
45755,Left,0.92748,0.07252
1881,Stayed,0.12425804,0.87574196
31115,Left,0.568524,0.431476
15295,Left,0.89091873,0.10908128
15968,Left,0.61606026,0.3839397
4666,Left,0.9695743,0.030425739
45346,Stayed,0.24043506,0.75956494
17550,Stayed,0.04090911,0.9590909
61929,Left,0.9160397,0.08396028
832,Stayed,0.26500142,0.7349986
10269,Stayed,0.270505,0.729495
62491,Stayed,0.07599378,0.9240062
41981,Left,0.8026262,0.19737382
43687,Left,0.55214727,0.44785276
41828,Left,0.5914699,0.4085301
70755,Stayed,0.15886992,0.8411301
9802,Stayed,0.46359098,0.536409
43886,Stayed,0.23211932,0.7678807
69600,Stayed,0.4682114,0.5317886
66482,Left,0.5521698,0.44783017
62883,Left,0.906528,0.09347202
61496,Left,0.5425003,0.45749968
39479,Left,0.61330193,0.38669807
40258,Left,0.57644904,0.42355096
46253,Stayed,0.46844995,0.53155005
36030,Stayed,0.03919232,0.9608077
67337,Left,0.9172668,0.082733236
63733,Stayed,0.28937107,0.7106289
65401,Stayed,0.2911389,0.7088611
44205,Stayed,0.060844123,0.9391559
17621,Left,0.53894794,0.46105206
26677,Stayed,0.4823649,0.5176351
32453,Stayed,0.2941345,0.7058655
27160,Stayed,0.4747299,0.5252701
3355,Stayed,0.08534914,0.91465086
63591,Left,0.5604591,0.43954092
30940,Stayed,0.44663888,0.5533611
17316,Stayed,0.4894294,0.5105706
54762,Stayed,0.12831622,0.8716838
45422,Left,0.64477754,0.35522246
21229,Stayed,0.40219927,0.59780073
31471,Left,0.58148134,0.4185187
63696,Stayed,0.4397784,0.5602216
52508,Stayed,0.22190696,0.77809304
43399,Stayed,0.124879,0.875121
25234,Stayed,0.06139022,0.9386098
52082,Left,0.91487426,0.08512577
51526,Left,0.7914896,0.20851043
1448,Left,0.83476615,0.16523382
61644,Stayed,0.031329393,0.9686706
62199,Stayed,0.36285233,0.63714767
44932,Stayed,0.4665146,0.5334854
12577,Stayed,0.050080597,0.9499194
6010,Stayed,0.26576066,0.73423934
64073,Stayed,0.24782145,0.75217855
22751,Stayed,0.0320642,0.9679358
8242,Left,0.8236158,0.1763842
72186,Left,0.8039504,0.19604959
34340,Left,0.7987032,0.2012968
48939,Left,0.72603256,0.27396744
68996,Left,0.5234289,0.47657108
24222,Left,0.6146053,0.3853947
20691,Left,0.6229706,0.3770294
21750,Stayed,0.25216335,0.74783665
50869,Left,0.85687613,0.14312387
67224,Left,0.5917429,0.4082571
27073,Left,0.63729787,0.36270213
45079,Left,0.54271984,0.45728013
22285,Stayed,0.34710562,0.6528944
42992,Left,0.8933127,0.1066873
68339,Left,0.7120733,0.28792667
29539,Left,0.9488294,0.051170573
10792,Left,0.7976215,0.20237851
8611,Left,0.57540077,0.42459923
68083,Stayed,0.37736446,0.62263554
66525,Left,0.94514483,0.054855183
63058,Stayed,0.27315277,0.72684723
47545,Stayed,0.3487,0.6513
41659,Left,0.9591658,0.040834207
61640,Stayed,0.17695361,0.8230464
68045,Left,0.5039283,0.4960717
16937,Stayed,0.31902725,0.68097275
3887,Stayed,0.0671801,0.9328199
411,Stayed,0.05457014,0.94542986
44012,Left,0.75291526,0.24708474
61460,Left,0.8776464,0.122353606
6502,Stayed,0.3650288,0.6349712
550,Left,0.9380474,0.061952583
58222,Stayed,0.45398766,0.54601234
74399,Left,0.6815926,0.31840745
35388,Left,0.7217108,0.27828917
73312,Left,0.8275355,0.17246452
39168,Stayed,0.31204098,0.687959
47804,Left,0.80967104,0.19032894
40010,Left,0.79359645,0.20640354
13905,Left,0.5997417,0.40025833
31436,Stayed,0.46954495,0.53045505
65592,Stayed,0.2739821,0.7260179
42685,Stayed,0.1460166,0.8539834
34175,Stayed,0.2694444,0.7305556
20796,Left,0.8618756,0.13812442
4985,Left,0.6244123,0.3755877
66271,Left,0.9072631,0.092736915
34253,Left,0.8855583,0.114441715
40806,Stayed,0.49789578,0.5021042
25507,Stayed,0.09725869,0.9027413
48200,Stayed,0.4592821,0.5407179
44235,Stayed,0.4827003,0.5172997
10619,Left,0.8371346,0.1628654
48496,Stayed,0.034532547,0.96546745
1604,Stayed,0.035197437,0.96480256
74100,Stayed,0.082748115,0.9172519
24677,Stayed,0.07743245,0.92256755
21907,Left,0.7523198,0.24768022
45560,Left,0.59201545,0.40798455
10407,Left,0.93062806,0.06937196
27496,Left,0.6373014,0.3626986
59803,Left,0.55348325,0.44651672
18658,Left,0.91067594,0.08932405
47111,Stayed,0.40676653,0.59323347
43850,Stayed,0.4286136,0.5713864
35837,Stayed,0.42437512,0.5756249
39187,Stayed,0.045428395,0.9545716
31448,Stayed,0.4321409,0.5678591
29706,Left,0.6282266,0.37177342
5170,Stayed,0.49189842,0.5081016
47039,Stayed,0.10087383,0.8991262
69917,Stayed,0.089205086,0.9107949
47372,Stayed,0.16651303,0.833487
68950,Stayed,0.07995224,0.92004776
19452,Left,0.6978668,0.30213323
39231,Left,0.8419319,0.15806814
14620,Left,0.8975825,0.10241755
65534,Stayed,0.13858372,0.8614163
12054,Stayed,0.10912627,0.89087373
22049,Stayed,0.3698082,0.6301918
65463,Left,0.6000147,0.39998528
71859,Stayed,0.112862706,0.8871373
72339,Stayed,0.36685485,0.63314515
73620,Stayed,0.24852818,0.7514718
68295,Stayed,0.09643394,0.90356606
24974,Stayed,0.43472522,0.5652748
13459,Left,0.60682976,0.39317024
1119,Left,0.746732,0.253268
22683,Stayed,0.012267709,0.9877323
12690,Left,0.9482308,0.051769223
29982,Left,0.51419014,0.48580986
30647,Stayed,0.08068901,0.919311
26730,Stayed,0.48860782,0.5113922
71804,Stayed,0.48238373,0.5176163
45922,Stayed,0.29641104,0.70358896
53315,Left,0.8975698,0.1024302
3841,Stayed,0.15090954,0.84909046
68736,Left,0.62589693,0.3741031
27838,Left,0.56979054,0.43020946
8148,Stayed,0.11008704,0.88991296
1737,Stayed,0.39198047,0.60801953
47561,Stayed,0.40852416,0.59147584
71552,Stayed,0.19970661,0.8002934
628,Left,0.5979092,0.4020908
30614,Stayed,0.29816127,0.70183873
69721,Stayed,0.21404886,0.78595114
3336,Left,0.6423427,0.35765734
39576,Stayed,0.0450356,0.9549644
14517,Stayed,0.4579891,0.5420109
5856,Left,0.7838856,0.21611443
21096,Stayed,0.12632173,0.87367827
33959,Stayed,0.031294942,0.96870506
67477,Stayed,0.051084876,0.9489151
51506,Left,0.58288825,0.41711175
8401,Stayed,0.46207052,0.5379295
10174,Stayed,0.35400653,0.6459935
43469,Left,0.7104626,0.28953737
10767,Left,0.9501097,0.04989031
61148,Left,0.64291525,0.35708475
47101,Left,0.8266318,0.17336823
34252,Stayed,0.45045334,0.54954666
72488,Left,0.82504404,0.17495596
15836,Left,0.77637655,0.22362344
23177,Stayed,0.015213788,0.9847862
61913,Left,0.80857915,0.19142084
15607,Stayed,0.14843547,0.8515645
38449,Left,0.5500276,0.44997236
52700,Left,0.7471169,0.25288308
53989,Stayed,0.11107212,0.8889279
20476,Stayed,0.11849153,0.88150847
23081,Left,0.7511986,0.24880141
70050,Left,0.86605096,0.13394903
46513,Left,0.8146173,0.18538274
49400,Left,0.56914353,0.43085647
66699,Stayed,0.44049054,0.55950946
56983,Left,0.85179085,0.14820914
20888,Stayed,0.05882269,0.9411773
62950,Stayed,0.028683066,0.97131693
39788,Left,0.9452846,0.054715406
10063,Stayed,0.236839,0.763161
5611,Left,0.7635087,0.2364913
31701,Stayed,0.05561453,0.94438547
74016,Left,0.8334232,0.1665768
51706,Stayed,0.30862844,0.69137156
61645,Stayed,0.34897327,0.6510267
4422,Left,0.8557985,0.1442015
68185,Left,0.8342277,0.16577229
41928,Stayed,0.17013896,0.82986104
4780,Left,0.8857123,0.11428766
61488,Stayed,0.08530676,0.91469324
6272,Left,0.6371521,0.36284795
47809,Stayed,0.09243065,0.90756935
45328,Stayed,0.4967957,0.5032043
66735,Left,0.9743327,0.025667327
40975,Stayed,0.20189512,0.7981049
21269,Left,0.8892249,0.11077508
5396,Stayed,0.35938418,0.6406158
34952,Left,0.78749466,0.21250531
73470,Stayed,0.15083808,0.8491619
55157,Left,0.8261716,0.17382841
4414,Left,0.88289374,0.117106274
67914,Stayed,0.4468251,0.5531749
51608,Stayed,0.3516543,0.6483457
64134,Left,0.82354605,0.17645393
17437,Stayed,0.41793424,0.58206576
6351,Stayed,0.048755586,0.9512444
64061,Left,0.70157266,0.29842737
38205,Left,0.5200689,0.4799311
6964,Left,0.72087926,0.27912074
34223,Left,0.8254634,0.17453662
44837,Stayed,0.45738107,0.54261893
25154,Left,0.5433246,0.45667538
53316,Left,0.70451415,0.29548585
40894,Stayed,0.35159212,0.6484079
32212,Left,0.81186557,0.18813446
49209,Left,0.62855136,0.37144867
59853,Stayed,0.05795777,0.94204223
52031,Left,0.6711221,0.32887793
54131,Left,0.52864015,0.47135988
62311,Left,0.7498764,0.25012362
20428,Left,0.7275638,0.2724362
65509,Stayed,0.124209404,0.8757906
19429,Left,0.5729691,0.42703095
19657,Left,0.6235496,0.37645045
69186,Left,0.9100429,0.08995713
26234,Left,0.9210695,0.0789305
17643,Stayed,0.26458853,0.73541147
55006,Left,0.9872996,0.012700369
28047,Left,0.6759794,0.32402065
54089,Stayed,0.36326724,0.63673276
19380,Stayed,0.328317,0.671683
8194,Left,0.91387564,0.08612435
61058,Left,0.5986898,0.4013102
46239,Stayed,0.06357473,0.93642527
28182,Stayed,0.14364934,0.85635066
66104,Left,0.5824777,0.4175223
42248,Stayed,0.42977548,0.5702245
63340,Left,0.74482,0.25518
58239,Left,0.7691122,0.23088774
28439,Left,0.6226848,0.37731522
1371,Left,0.5368138,0.4631862
5498,Stayed,0.48418725,0.51581275
68570,Left,0.8478091,0.15219092
60542,Stayed,0.08863503,0.911365
29017,Left,0.5887168,0.4112832
67940,Left,0.6061968,0.39380318
48208,Left,0.78415465,0.21584532
38036,Left,0.5042842,0.4957158
7384,Left,0.74350786,0.25649217
63845,Left,0.56627333,0.43372664
70047,Stayed,0.043854773,0.9561452
61283,Left,0.7578839,0.2421161
56649,Stayed,0.020332336,0.97966766
8689,Left,0.6075783,0.39242175
46757,Left,0.83744264,0.16255735
57892,Stayed,0.26926386,0.73073614
28674,Left,0.7820524,0.2179476
58308,Left,0.69910353,0.30089647
44477,Left,0.5728893,0.42711067
66747,Stayed,0.4367817,0.5632183
2039,Left,0.6106961,0.3893039
16276,Left,0.6247399,0.3752601
53226,Stayed,0.2410981,0.7589019
71744,Stayed,0.46627635,0.53372365
54302,Stayed,0.32532948,0.6746705
59650,Left,0.7210604,0.2789396
14656,Stayed,0.223719,0.776281
49584,Left,0.6494961,0.3505039
55278,Left,0.8010921,0.1989079
41010,Stayed,0.09660298,0.903397
9285,Left,0.7554986,0.2445014
14165,Stayed,0.3503322,0.6496678
35000,Stayed,0.1346513,0.8653487
43434,Left,0.6626098,0.33739015
45457,Stayed,0.1447621,0.8552379
65519,Stayed,0.1039868,0.8960132
51729,Stayed,0.43345392,0.5665461
2777,Left,0.6412131,0.35878688
20154,Left,0.77798784,0.22201216
24805,Left,0.6599568,0.3400432
7252,Left,0.93359613,0.066403866
46908,Left,0.5022671,0.49773285
58921,Left,0.60488814,0.39511186
41255,Stayed,0.15072298,0.849277
6392,Left,0.8551079,0.14489211
10913,Left,0.527331,0.472669
40244,Left,0.9275746,0.07242543
23498,Left,0.9794479,0.020552073
12797,Left,0.9736298,0.02637021
13952,Stayed,0.3127324,0.6872676
7299,Stayed,0.42529672,0.5747033
51827,Left,0.613451,0.386549
16114,Left,0.9592653,0.040734727
28237,Stayed,0.06199467,0.9380053
46691,Stayed,0.40645087,0.59354913
40790,Left,0.6726476,0.3273524
47835,Stayed,0.024914742,0.97508526
5786,Stayed,0.03858936,0.96141064
35101,Stayed,0.028742969,0.97125703
52966,Left,0.9130948,0.086905174
35427,Stayed,0.16528559,0.8347144
44635,Stayed,0.17413515,0.82586485
11436,Left,0.85733163,0.14266837
27262,Left,0.8581125,0.1418875
25297,Stayed,0.18164337,0.81835663
40270,Left,0.51343715,0.48656285
71547,Left,0.77645075,0.22354923
11007,Stayed,0.38489544,0.61510456
46107,Stayed,0.08094847,0.9190515
2196,Left,0.85112333,0.14887665
70255,Stayed,0.12396932,0.8760307
54940,Stayed,0.229967,0.770033
46594,Stayed,0.41710252,0.5828975
63568,Left,0.78998226,0.21001776
17532,Left,0.9185399,0.0814601
12180,Stayed,0.30054426,0.69945574
49322,Stayed,0.28742516,0.71257484
29439,Left,0.6659393,0.33406073
5954,Left,0.73000777,0.2699922
44804,Stayed,0.3003391,0.6996609
7028,Stayed,0.36693287,0.63306713
48351,Stayed,0.07198024,0.92801976
5103,Stayed,0.15183467,0.84816533
29414,Stayed,0.4661864,0.5338136
16425,Stayed,0.24365246,0.75634754
43025,Left,0.7490573,0.25094274
43459,Left,0.5499782,0.4500218
34353,Stayed,0.23846364,0.76153636
39402,Stayed,0.41762704,0.58237296
15042,Stayed,0.03354925,0.96645075
5147,Stayed,0.40068758,0.5993124
46402,Stayed,0.120767295,0.8792327
7168,Stayed,0.39867622,0.6013238
56244,Left,0.8572152,0.14278476
13660,Left,0.9621627,0.037837323
21185,Stayed,0.05874306,0.94125694
58245,Stayed,0.024297655,0.97570235
69077,Left,0.9546281,0.045371875
18776,Stayed,0.102149725,0.8978503
18501,Left,0.5562209,0.44377914
18113,Stayed,0.094163775,0.9058362
43182,Stayed,0.30220222,0.6977978
9315,Stayed,0.010061502,0.9899385
13854,Stayed,0.04417616,0.95582384
38501,Stayed,0.25436187,0.74563813
47546,Left,0.7353003,0.26469973
197,Left,0.51442534,0.48557466
5119,Stayed,0.08838493,0.9116151
53492,Left,0.7081139,0.29188606
41538,Left,0.74853015,0.25146988
5908,Stayed,0.30352598,0.696474
47537,Stayed,0.1607216,0.8392784
60919,Left,0.9212693,0.07873067
73586,Stayed,0.23875815,0.76124185
10747,Stayed,0.45412397,0.545876
10065,Left,0.77004004,0.22995998
68529,Left,0.6518694,0.3481306
43628,Stayed,0.17837477,0.82162523
62894,Stayed,0.40422535,0.59577465
73323,Left,0.6495962,0.35040376
26113,Left,0.8089279,0.19107212
54391,Left,0.5345577,0.4654423
73699,Left,0.51042354,0.4895765
8973,Left,0.89380115,0.10619887
27063,Stayed,0.19856709,0.8014329
12499,Left,0.67469424,0.32530576
57240,Stayed,0.38526547,0.61473453
16086,Stayed,0.48276758,0.5172324
57498,Stayed,0.38589084,0.61410916
25678,Left,0.6141194,0.38588062
5399,Stayed,0.27092522,0.7290748
26921,Stayed,0.20761168,0.7923883
24789,Stayed,0.13192356,0.86807644
10344,Stayed,0.27679908,0.7232009
21539,Stayed,0.21877307,0.78122693
49035,Stayed,0.48963696,0.51036304
58333,Left,0.5269598,0.47304025
60726,Left,0.66919065,0.33080935
21483,Stayed,0.057555318,0.9424447
25077,Left,0.73908067,0.26091933
26164,Left,0.5726802,0.42731982
66848,Stayed,0.086643934,0.91335607
69390,Stayed,0.45372397,0.54627603
58365,Stayed,0.098355114,0.9016449
36404,Left,0.9833296,0.016670393
66793,Left,0.5541566,0.4458434
39806,Left,0.84934103,0.15065897
20549,Stayed,0.2182337,0.7817663
52091,Stayed,0.43930864,0.56069136
70166,Stayed,0.080485344,0.91951466
24781,Stayed,0.038550973,0.961449
50004,Left,0.51345706,0.48654297
56271,Stayed,0.38408667,0.61591333
40007,Left,0.6987469,0.30125308
70983,Stayed,0.30292296,0.69707704
42778,Stayed,0.033495665,0.96650434
30992,Left,0.52078307,0.47921693
21862,Left,0.885563,0.11443701
2330,Left,0.93110263,0.068897344
63682,Left,0.65735793,0.3426421
50413,Left,0.50871813,0.49128184
4073,Stayed,0.4910499,0.5089501
33609,Left,0.9752815,0.024718545
68539,Left,0.7393129,0.26068714
70173,Left,0.712175,0.28782496
36065,Left,0.95650667,0.043493323
29650,Stayed,0.45129818,0.5487018
15125,Left,0.913185,0.08681503
72659,Stayed,0.1775757,0.8224243
48203,Left,0.85664284,0.14335719
43607,Left,0.9289995,0.071000524
66334,Left,0.8689236,0.13107641
42503,Stayed,0.43021923,0.56978077
48746,Stayed,0.37650043,0.6234996
69782,Left,0.67632484,0.32367516
53713,Stayed,0.11463469,0.8853653
69169,Left,0.65321434,0.34678566
13711,Left,0.9591399,0.040860143
34945,Stayed,0.06566721,0.9343328
11381,Stayed,0.37769794,0.62230206
32320,Stayed,0.18087298,0.819127
52214,Left,0.6985601,0.3014399
20538,Stayed,0.1907044,0.8092956
48627,Stayed,0.2673626,0.7326374
36167,Left,0.7998003,0.20019971
14562,Stayed,0.21530491,0.7846951
644,Stayed,0.22271526,0.77728474
6374,Left,0.7186181,0.2813819
29133,Left,0.759527,0.24047299
5334,Stayed,0.40055174,0.59944826
7282,Left,0.9368179,0.0631821
59535,Stayed,0.24453384,0.75546616
26894,Stayed,0.13353008,0.8664699
12504,Left,0.61329204,0.38670796
12544,Left,0.79800785,0.20199214
13343,Stayed,0.27341694,0.72658306
53978,Left,0.8378218,0.16217823
51577,Stayed,0.038330674,0.9616693
27505,Left,0.81184804,0.18815196
48819,Left,0.6770838,0.3229162
68743,Left,0.5160444,0.48395562
58869,Stayed,0.25706023,0.7429398
59685,Stayed,0.33470273,0.66529727
7726,Stayed,0.44700992,0.5529901
41175,Left,0.5761241,0.42387593
72273,Stayed,0.048538923,0.9514611
42353,Stayed,0.027528524,0.9724715
43213,Stayed,0.06268507,0.9373149
33620,Stayed,0.106550336,0.89344966
12404,Left,0.59371704,0.40628296
54471,Left,0.72327495,0.27672502
51270,Stayed,0.05952072,0.9404793
69763,Stayed,0.40078557,0.59921443
63029,Stayed,0.40177858,0.5982214
24944,Stayed,0.27673548,0.7232645
56172,Left,0.5002632,0.49973682
41672,Left,0.76197016,0.23802985
23676,Stayed,0.40886748,0.5911325
54250,Stayed,0.40968293,0.5903171
21563,Stayed,0.38272792,0.6172721
58083,Left,0.78297675,0.21702327
57053,Left,0.7377473,0.26225272
38880,Left,0.9303082,0.0696918
57626,Stayed,0.43935114,0.56064886
51966,Stayed,0.04518056,0.95481944
62528,Stayed,0.443626,0.556374
69249,Left,0.9146283,0.085371666
5548,Stayed,0.1336832,0.8663168
58253,Left,0.55766237,0.44233766
44314,Left,0.68078125,0.31921875
44924,Stayed,0.49252266,0.50747734
42422,Left,0.95749414,0.04250588
71988,Left,0.7562559,0.24374406
44072,Stayed,0.24855405,0.75144595
61738,Stayed,0.3541577,0.6458423
30587,Stayed,0.1294756,0.8705244
29307,Stayed,0.055570364,0.94442964
2437,Left,0.8175404,0.18245958
9721,Stayed,0.4194017,0.5805983
7101,Stayed,0.39666826,0.60333174
11793,Stayed,0.2513039,0.7486961
71606,Stayed,0.37639028,0.6236097
41213,Stayed,0.4143396,0.5856604
59603,Stayed,0.039876997,0.960123
21520,Stayed,0.07171583,0.92828417
10036,Left,0.8610834,0.13891658
9084,Left,0.7337916,0.2662084
36988,Left,0.5481498,0.45185015
7023,Left,0.7666279,0.23337208
22036,Stayed,0.38200802,0.617992
66507,Stayed,0.21033603,0.789664
66153,Stayed,0.4959135,0.5040865
72581,Left,0.7122283,0.28777167
48936,Left,0.52225256,0.4777474
58849,Stayed,0.10324466,0.89675534
15863,Left,0.93280596,0.067194045
18353,Left,0.6883075,0.31169248
64560,Left,0.98316395,0.016836025
774,Left,0.80828047,0.19171956
69770,Left,0.72546613,0.27453384
18049,Left,0.6848066,0.31519344
46392,Stayed,0.40231544,0.59768456
30800,Stayed,0.04361266,0.95638734
31139,Left,0.6052696,0.3947304
34401,Left,0.7828478,0.21715216
35797,Stayed,0.23131353,0.7686865
27048,Left,0.77987266,0.22012733
21710,Left,0.75899184,0.24100818
49088,Stayed,0.09601718,0.9039828
33037,Stayed,0.25994354,0.74005646
71625,Stayed,0.09936851,0.9006315
47329,Stayed,0.4225461,0.5774539
23456,Stayed,0.35085064,0.64914936
15744,Left,0.6792979,0.32070205
36091,Left,0.9670831,0.03291692
1373,Stayed,0.17139125,0.82860875
67416,Stayed,0.15604681,0.8439532
53268,Stayed,0.27209467,0.72790533
20565,Stayed,0.22294736,0.77705264
2680,Left,0.6781441,0.3218559
51555,Left,0.505901,0.49409905
25572,Left,0.7350241,0.26497588
40262,Left,0.8283815,0.17161854
59647,Left,0.90109456,0.098905444
17125,Left,0.7543879,0.24561207
21205,Stayed,0.4172092,0.5827908
44510,Stayed,0.05645877,0.9435412
25172,Stayed,0.3456099,0.6543901
46406,Stayed,0.016528785,0.9834712
42541,Left,0.6729832,0.32701677
36782,Left,0.6038389,0.39616108
10381,Stayed,0.49194336,0.50805664
9207,Left,0.51009846,0.4899015
30380,Left,0.84632033,0.15367965
30199,Stayed,0.13973635,0.86026365
56811,Left,0.62761974,0.3723803
15275,Stayed,0.38180584,0.61819416
39469,Left,0.6372472,0.36275283
33198,Left,0.84087306,0.15912694
37818,Stayed,0.15344942,0.8465506
59420,Stayed,0.07938337,0.9206166
12266,Left,0.9190852,0.08091477
68556,Stayed,0.4352153,0.5647847
42260,Left,0.8399845,0.16001551
15898,Stayed,0.083370626,0.9166294
3057,Stayed,0.43136168,0.5686383
525,Stayed,0.25360686,0.74639314
68702,Left,0.75704384,0.24295618
12848,Left,0.55066115,0.44933885
30534,Left,0.65871257,0.34128743
2351,Left,0.84680474,0.15319525
9094,Left,0.57998013,0.42001987
47757,Stayed,0.07326704,0.92673296
70546,Stayed,0.2635675,0.7364325
66632,Stayed,0.3570118,0.6429882
71746,Left,0.80201495,0.19798508
66089,Left,0.7086329,0.2913671
5822,Left,0.57924414,0.42075586
18604,Stayed,0.2269094,0.7730906
17325,Left,0.6609475,0.3390525
53370,Left,0.97757494,0.022425076
55484,Stayed,0.14526272,0.8547373
24711,Stayed,0.4227876,0.5772124
11098,Left,0.9281956,0.07180443
65762,Left,0.6381501,0.3618499
71877,Stayed,0.40215403,0.597846
29267,Left,0.8760754,0.12392459
45086,Left,0.7075615,0.2924385
49805,Stayed,0.20973736,0.79026264
32058,Stayed,0.07501966,0.92498034
37152,Left,0.8526765,0.14732346
8045,Left,0.6009618,0.39903823
29100,Left,0.814696,0.18530399
69521,Stayed,0.42961067,0.57038933
71068,Stayed,0.46180373,0.53819627
4746,Stayed,0.42400253,0.5759975
21502,Stayed,0.39722884,0.60277116
7193,Left,0.9812678,0.018732216
54383,Left,0.8027798,0.19722019
28740,Stayed,0.2940237,0.7059763
61795,Left,0.8599742,0.14002581
72977,Stayed,0.46352988,0.5364701
29323,Left,0.8601497,0.1398503
45177,Stayed,0.07743722,0.9225628
33912,Left,0.8307514,0.16924861
54118,Stayed,0.08760589,0.9123941
68076,Stayed,0.270966,0.729034
43583,Left,0.8311547,0.16884527
66661,Left,0.79450107,0.20549896
3804,Stayed,0.030721962,0.96927804
10959,Left,0.63722956,0.36277044
67885,Stayed,0.4119014,0.5880986
59305,Stayed,0.49566162,0.5043384
19171,Left,0.8127057,0.1872943
71307,Stayed,0.12563902,0.874361
57335,Left,0.50609267,0.49390733
18946,Left,0.59218585,0.40781415
69056,Stayed,0.095023215,0.9049768
68588,Stayed,0.41139674,0.58860326
36634,Stayed,0.21575552,0.7842445
62395,Stayed,0.26131356,0.73868644
15007,Stayed,0.3537951,0.6462049
68826,Left,0.8679791,0.13202089
53001,Left,0.88977313,0.11022684
46636,Stayed,0.46656132,0.5334387
54702,Stayed,0.051469862,0.94853014
23275,Stayed,0.3256274,0.6743726
57204,Stayed,0.27691293,0.7230871
53099,Left,0.8228719,0.17712806
57000,Left,0.8587127,0.14128736
44276,Left,0.67908835,0.32091168
36032,Stayed,0.030688047,0.96931195
41953,Stayed,0.35559946,0.64440054
56143,Stayed,0.4143433,0.5856567
5263,Stayed,0.25713545,0.74286455
36987,Stayed,0.27755535,0.72244465
66934,Stayed,0.04808384,0.95191616
59591,Left,0.5058913,0.4941087
31917,Left,0.6606773,0.3393227
64425,Left,0.5571615,0.4428385
55095,Left,0.51150775,0.48849225
2450,Left,0.7105331,0.28946692
65564,Left,0.6253861,0.3746139
70074,Stayed,0.27417356,0.72582644
33073,Stayed,0.34976268,0.6502373
13771,Stayed,0.49564034,0.50435966
15682,Stayed,0.41342562,0.5865744
21500,Left,0.906187,0.093813
31279,Left,0.8769855,0.12301452
43829,Stayed,0.10311514,0.89688486
2728,Left,0.9687982,0.031201787
17464,Left,0.51694125,0.48305875
45094,Stayed,0.17617369,0.8238263
72490,Left,0.50926274,0.49073726
71467,Left,0.60596883,0.39403114
47031,Left,0.9159197,0.084080264
8526,Left,0.8106212,0.1893788
33639,Stayed,0.24304682,0.7569532
9421,Stayed,0.1330607,0.8669393
13248,Left,0.7654884,0.23451161
56599,Stayed,0.15032065,0.84967935
55510,Stayed,0.16092682,0.8390732
61364,Stayed,0.13938975,0.86061025
54058,Stayed,0.42172563,0.57827437
63257,Left,0.52049047,0.47950953
44178,Stayed,0.21639538,0.7836046
57122,Stayed,0.17108929,0.8289107
72476,Left,0.62760556,0.37239444
20590,Stayed,0.34997308,0.6500269
39546,Stayed,0.27232265,0.72767735
7428,Left,0.8562467,0.14375329
25765,Stayed,0.18295705,0.81704295
12321,Left,0.7491417,0.2508583
31571,Stayed,0.03763914,0.96236086
45423,Stayed,0.106689215,0.8933108
7717,Stayed,0.40650904,0.59349096
71072,Left,0.51399076,0.48600924
17889,Left,0.8168596,0.18314041
61793,Left,0.5074563,0.4925437
44339,Left,0.7337971,0.26620296
37340,Stayed,0.38496864,0.61503136
56351,Left,0.74589896,0.25410107
30981,Stayed,0.059501946,0.94049805
43609,Stayed,0.399419,0.600581
13438,Left,0.6408524,0.3591476
40443,Left,0.8448809,0.15511914
51877,Left,0.8266802,0.17331983
51078,Left,0.97757685,0.022423131
55276,Left,0.97937226,0.02062776
36150,Stayed,0.050275028,0.949725
69219,Stayed,0.19596213,0.80403787
37719,Stayed,0.36612976,0.63387024
54451,Left,0.9513314,0.0486686
34068,Left,0.9739897,0.026010295
44077,Stayed,0.0882597,0.9117403
37363,Stayed,0.059558332,0.94044167
67636,Left,0.90366054,0.09633949
40115,Left,0.7265645,0.27343544
51397,Left,0.6353967,0.36460325
33957,Left,0.942209,0.057791002
66495,Stayed,0.062144756,0.93785524
26024,Left,0.61080766,0.38919234
68822,Left,0.89935356,0.100646414
67865,Left,0.6928402,0.30715978
36801,Left,0.8264421,0.1735579
14474,Stayed,0.06815565,0.93184435
71058,Stayed,0.1731615,0.8268385
24466,Left,0.65013784,0.34986216
7481,Stayed,0.27492446,0.72507554
64829,Left,0.5863941,0.41360593
44223,Stayed,0.44064766,0.55935234
48486,Left,0.7398248,0.26017523
32492,Stayed,0.3692463,0.6307537
48629,Left,0.7322237,0.2677763
63367,Stayed,0.026159346,0.97384065
45993,Stayed,0.031888127,0.9681119
48099,Left,0.8094669,0.19053309
14205,Stayed,0.19691342,0.8030866
32368,Left,0.8295458,0.1704542
61239,Stayed,0.32927704,0.67072296
70132,Left,0.91876894,0.081231065
61427,Left,0.88990736,0.11009267
43252,Left,0.7015818,0.29841822
34523,Left,0.58654344,0.41345653
33393,Left,0.96186227,0.03813774
33005,Stayed,0.10952419,0.8904758
35788,Left,0.61977196,0.38022804
25195,Stayed,0.06733501,0.932665
63011,Left,0.8086323,0.19136767
11100,Left,0.8468934,0.15310659
1286,Stayed,0.18220896,0.81779104
18964,Stayed,0.4844061,0.5155939
4592,Stayed,0.07565117,0.92434883
9156,Left,0.92566425,0.074335754
23971,Stayed,0.34866536,0.65133464
72430,Stayed,0.24644339,0.7535566
66682,Stayed,0.01660502,0.983395
43568,Stayed,0.12317324,0.87682676
45432,Left,0.63222075,0.36777925
70001,Stayed,0.10400635,0.89599365
49817,Stayed,0.29216444,0.70783556
72727,Left,0.6547884,0.34521163
50971,Stayed,0.25050694,0.74949306
69494,Stayed,0.38768572,0.6123143
27593,Stayed,0.48673093,0.51326907
51620,Left,0.8804935,0.11950646
52616,Left,0.74504876,0.2549512
4802,Stayed,0.111240804,0.8887592
51219,Stayed,0.10849959,0.8915004
66703,Stayed,0.31424314,0.68575686
3182,Left,0.84331894,0.15668108
62082,Left,0.918897,0.08110303
6559,Stayed,0.36442786,0.63557214
9770,Left,0.61204827,0.3879517
8466,Stayed,0.017869651,0.98213035
29559,Stayed,0.4571107,0.5428893
12001,Left,0.7533671,0.24663289
37177,Stayed,0.046878397,0.9531216
31745,Stayed,0.40890628,0.5910937
45152,Stayed,0.28588933,0.7141107
62550,Left,0.6904938,0.30950615
19851,Left,0.73631954,0.26368043
66014,Stayed,0.06996888,0.9300311
3803,Stayed,0.023552,0.976448
6943,Stayed,0.039764047,0.96023595
38152,Stayed,0.4417295,0.5582705
5360,Stayed,0.27412403,0.725876
46605,Stayed,0.13954663,0.86045337
22537,Stayed,0.4160797,0.5839203
33769,Stayed,0.21515119,0.7848488
1519,Stayed,0.33744204,0.66255796
21127,Stayed,0.2928822,0.7071178
60806,Stayed,0.015713215,0.9842868
31165,Stayed,0.15666652,0.8433335
59607,Stayed,0.39846295,0.60153705
61440,Left,0.86090124,0.13909875
67275,Left,0.59090316,0.40909687
59575,Left,0.9713233,0.02867668
52040,Left,0.5985496,0.4014504
44663,Left,0.9808228,0.019177169
62729,Left,0.9892939,0.010706119
55112,Stayed,0.23889416,0.76110584
10956,Stayed,0.3610553,0.6389447
26345,Left,0.9301044,0.06989564
32657,Stayed,0.18957132,0.8104287
30518,Left,0.8002627,0.19973731
10573,Stayed,0.12762111,0.8723789
67027,Stayed,0.43280238,0.5671976
70046,Stayed,0.025562048,0.97443795
62900,Stayed,0.07588488,0.9241151
34450,Left,0.9472135,0.052786525
71910,Stayed,0.4472627,0.5527373
36907,Left,0.5503447,0.44965532
74182,Left,0.974361,0.025639024
48041,Stayed,0.13871074,0.86128926
67753,Stayed,0.05785221,0.9421478
53208,Left,0.5744206,0.42557943
71442,Stayed,0.3529814,0.6470186
64808,Left,0.72263587,0.2773641
61609,Stayed,0.44118965,0.55881035
67900,Left,0.93015516,0.06984482
68127,Left,0.69226587,0.3077341
37441,Left,0.7459656,0.2540344
70186,Left,0.8978395,0.10216052
16253,Left,0.83597016,0.16402984
30504,Stayed,0.44511843,0.5548816
38173,Stayed,0.31836647,0.68163353
16195,Left,0.9641553,0.035844687
28357,Left,0.6478014,0.35219857
49156,Stayed,0.043385386,0.9566146
67616,Stayed,0.42128366,0.57871634
53225,Stayed,0.39512557,0.60487443
21490,Stayed,0.06272811,0.9372719
68571,Stayed,0.36444134,0.63555866
43160,Stayed,0.029420018,0.97058
12213,Left,0.65758663,0.34241337
60766,Left,0.8651055,0.13489452
41088,Left,0.82312167,0.17687832
28113,Stayed,0.15535492,0.8446451
13346,Stayed,0.095838785,0.9041612
6285,Left,0.85052705,0.14947297
35835,Stayed,0.06937945,0.93062055
39692,Left,0.9525598,0.0474402
477,Left,0.6626862,0.33731374
52882,Left,0.6877539,0.3122461
57353,Left,0.7445283,0.25547168
5074,Stayed,0.26790953,0.7320905
5642,Stayed,0.12397534,0.87602466
73484,Stayed,0.39123875,0.60876125
48552,Left,0.821857,0.17814301
6404,Stayed,0.094671905,0.9053281
51676,Stayed,0.39251053,0.60748947
43529,Left,0.772,0.22799997
1425,Stayed,0.49769342,0.5023066
18095,Stayed,0.086761296,0.9132387
24413,Left,0.71149296,0.28850704
39061,Stayed,0.016329288,0.9836707
20587,Stayed,0.43996716,0.56003284
38988,Left,0.56508327,0.4349167
65535,Stayed,0.04230243,0.9576976
36097,Stayed,0.24812877,0.7518712
3048,Left,0.8207905,0.1792095
12678,Stayed,0.44651997,0.55348
2557,Stayed,0.30946577,0.69053423
36299,Stayed,0.4273671,0.5726329
49318,Left,0.58057797,0.419422
6265,Stayed,0.41008675,0.58991325
28809,Stayed,0.31812286,0.68187714
20092,Stayed,0.20554084,0.79445916
38966,Stayed,0.40020835,0.59979165
58173,Left,0.66686356,0.33313644
44162,Left,0.67207766,0.32792234
12604,Stayed,0.32689136,0.67310864
5174,Left,0.98133373,0.01866624
28939,Stayed,0.15777713,0.84222287
38084,Left,0.828996,0.171004
41405,Left,0.8214285,0.17857152
39232,Stayed,0.23341787,0.76658213
67413,Left,0.6581502,0.34184983
69294,Left,0.7313073,0.26869267
45890,Stayed,0.31415057,0.6858494
40250,Left,0.60078907,0.39921093
51042,Stayed,0.40897733,0.5910227
7325,Left,0.61978525,0.38021475
10094,Left,0.91605514,0.08394484
8967,Left,0.5570271,0.4429729
26125,Stayed,0.06976819,0.9302318
25404,Left,0.5245564,0.4754436
17498,Stayed,0.057823002,0.942177
34108,Stayed,0.22243726,0.77756274
25894,Left,0.91430116,0.08569887
47650,Left,0.8414803,0.1585197
59494,Stayed,0.061373115,0.9386269
37502,Left,0.6453973,0.35460266
47626,Stayed,0.12785238,0.8721476
33416,Left,0.5334158,0.46658424
23790,Left,0.5561055,0.4438945
39401,Stayed,0.2459163,0.7540837
50077,Stayed,0.4143783,0.5856217
48257,Stayed,0.33363813,0.66636187
30627,Stayed,0.49504912,0.5049509
53274,Stayed,0.3404535,0.6595465
8778,Stayed,0.1531561,0.8468439
38314,Stayed,0.16491914,0.83508086
65696,Left,0.56150186,0.43849814
30018,Stayed,0.40557778,0.5944222
49485,Stayed,0.01961261,0.9803874
45235,Stayed,0.20783299,0.792167
28443,Stayed,0.3424763,0.6575237
26487,Stayed,0.38132977,0.6186702
68864,Stayed,0.15507519,0.8449248
40222,Left,0.5594523,0.4405477
40514,Stayed,0.06612229,0.9338777
44907,Stayed,0.10657287,0.89342713
20128,Stayed,0.12632519,0.8736748
1642,Stayed,0.16565245,0.83434755
68909,Stayed,0.010865629,0.9891344
68221,Stayed,0.033209622,0.9667904
40172,Stayed,0.44453812,0.5554619
24567,Stayed,0.101439,0.898561
35885,Left,0.90863097,0.09136902
35822,Stayed,0.14725965,0.85274035
51505,Left,0.83033013,0.16966984
31215,Left,0.57923377,0.42076623
54485,Stayed,0.43609816,0.56390184
73434,Left,0.7747953,0.22520469
57020,Left,0.50102496,0.49897507
43667,Stayed,0.22445184,0.77554816
20039,Left,0.6419563,0.35804364
757,Left,0.58622295,0.41377705
71553,Left,0.78134423,0.21865575
53387,Stayed,0.032995105,0.9670049
48086,Stayed,0.31880683,0.6811932
40519,Left,0.800889,0.19911098
39937,Left,0.6309633,0.3690367
9406,Left,0.5175948,0.48240522
36050,Left,0.6482654,0.35173458
53049,Stayed,0.13411754,0.86588246
43560,Left,0.58656144,0.41343853
63365,Stayed,0.23181558,0.7681844
53996,Stayed,0.16450417,0.8354958
32905,Stayed,0.101291,0.898709
43814,Stayed,0.31542933,0.68457067
54057,Stayed,0.13963753,0.86036247
42252,Left,0.861767,0.13823302
48647,Stayed,0.38618273,0.6138173
16752,Stayed,0.17819303,0.82180697
45479,Left,0.7609066,0.23909345
8558,Left,0.8931417,0.1068583
45555,Left,0.96838737,0.031612635
52719,Stayed,0.2044326,0.7955674
26829,Stayed,0.29359162,0.7064084
4362,Left,0.97329307,0.026706964
68309,Stayed,0.19568318,0.8043168
29644,Left,0.9720111,0.027988886
41595,Stayed,0.05068648,0.9493135
29523,Stayed,0.32786328,0.6721367
64523,Left,0.9347458,0.06525422
33463,Stayed,0.044612944,0.95538706
3133,Left,0.5456055,0.45439452
66950,Stayed,0.13799018,0.8620098
17279,Stayed,0.38640678,0.6135932
25345,Stayed,0.4915002,0.5084998
59416,Stayed,0.039628148,0.96037185
32483,Stayed,0.31005436,0.68994564
8399,Left,0.555467,0.444533
46508,Stayed,0.091308355,0.90869164
23869,Stayed,0.25183427,0.7481657
47857,Stayed,0.41759032,0.5824097
30141,Left,0.8376309,0.16236906
23797,Stayed,0.25852174,0.74147826
66019,Left,0.6505598,0.3494402
63470,Stayed,0.46474952,0.5352505
41842,Left,0.6156473,0.38435268
47195,Left,0.7338519,0.26614806
35346,Left,0.64847237,0.35152763
27137,Stayed,0.25796664,0.74203336
47381,Left,0.7809529,0.21904713
64869,Left,0.90657496,0.09342506
7992,Left,0.84187114,0.15812883
46347,Stayed,0.3089468,0.6910532
41267,Left,0.5560634,0.4439366
9024,Left,0.8763628,0.12363723
45056,Left,0.6976918,0.3023082
27309,Stayed,0.24124503,0.75875497
17584,Left,0.9564288,0.04357115
57470,Stayed,0.06889409,0.9311059
14244,Stayed,0.462238,0.537762
8356,Stayed,0.34636223,0.65363777
22513,Stayed,0.37285513,0.6271449
33516,Left,0.58968043,0.4103196
42389,Stayed,0.26673996,0.73326004
3212,Left,0.96191263,0.03808737
59531,Left,0.96622956,0.03377047
23414,Left,0.89960295,0.10039704
16829,Left,0.6858685,0.3141315
15001,Stayed,0.42317903,0.57682097
2993,Stayed,0.07252622,0.9274738
60860,Stayed,0.04624611,0.9537539
73382,Left,0.5574461,0.44255385
28815,Left,0.7168849,0.2831151
63453,Stayed,0.11907846,0.88092154
46056,Stayed,0.47491378,0.5250862
47945,Left,0.7366946,0.2633054
64509,Left,0.6826961,0.31730393
70902,Stayed,0.033555806,0.9664442
1414,Stayed,0.22047496,0.77952504
37767,Stayed,0.050979793,0.9490202
6176,Stayed,0.17904478,0.8209552
8064,Left,0.92959714,0.07040287
13109,Left,0.5463691,0.4536309
34098,Left,0.6399133,0.36008668
40852,Left,0.6600239,0.33997604
67210,Stayed,0.19681221,0.8031878
54237,Left,0.714688,0.285312
22887,Left,0.8679487,0.13205127
71100,Stayed,0.19025534,0.80974466
4664,Left,0.6213602,0.37863985
61914,Stayed,0.043251097,0.9567489
44270,Stayed,0.119360626,0.8806394
29187,Stayed,0.07159704,0.92840296
47380,Stayed,0.26686704,0.73313296
68925,Stayed,0.36078304,0.63921696
54876,Stayed,0.043321133,0.95667887
73604,Stayed,0.32001954,0.67998046
74055,Stayed,0.27327555,0.72672445
29160,Stayed,0.012912512,0.9870875
27513,Stayed,0.19052136,0.80947864
12268,Left,0.7356904,0.26430959
52753,Stayed,0.044400573,0.9555994
447,Stayed,0.48384005,0.51615995
48897,Stayed,0.09277451,0.9072255
18417,Stayed,0.18952143,0.81047857
24877,Stayed,0.20775396,0.79224604
5955,Left,0.7567889,0.2432111
12669,Stayed,0.020748734,0.97925127
57937,Stayed,0.07367277,0.9263272
38632,Left,0.73920536,0.26079464
65559,Left,0.66898394,0.33101606
34509,Left,0.62170744,0.3782926
70603,Stayed,0.032491088,0.9675089
27768,Stayed,0.03818822,0.9618118
11494,Left,0.7739467,0.2260533
13907,Stayed,0.07070917,0.92929083
6037,Left,0.92791426,0.072085716
45980,Stayed,0.27851897,0.721481
64945,Stayed,0.4374612,0.5625388
33374,Left,0.5200489,0.47995108
42039,Left,0.51667035,0.48332968
57085,Left,0.6541587,0.34584126
66187,Left,0.67130303,0.328697
23047,Stayed,0.20303065,0.79696935
31624,Left,0.6276779,0.37232208
702,Left,0.5422212,0.4577788
7723,Left,0.60236347,0.3976365
54886,Stayed,0.38471943,0.61528057
35435,Stayed,0.11388427,0.88611573
64301,Stayed,0.48343134,0.51656866
29365,Stayed,0.17276597,0.827234
25322,Stayed,0.30785477,0.6921452
50966,Stayed,0.026221931,0.97377807
35787,Stayed,0.06828326,0.93171674
44978,Stayed,0.18500215,0.81499785
61214,Stayed,0.013020754,0.98697925
64574,Stayed,0.16540623,0.8345938
48397,Stayed,0.046296716,0.9537033
9986,Stayed,0.12721157,0.8727884
59809,Left,0.8718763,0.12812369
15723,Left,0.7974513,0.2025487
37994,Left,0.7897359,0.21026407
69849,Stayed,0.17432815,0.82567185
56658,Left,0.9593847,0.040615328
21145,Left,0.83696973,0.16303028
20637,Left,0.7819372,0.21806282
57272,Left,0.70237243,0.29762754
32790,Left,0.7870841,0.21291588
39511,Stayed,0.44738787,0.5526121
55437,Stayed,0.4904198,0.5095802
48053,Stayed,0.05401075,0.94598925
7679,Stayed,0.46820402,0.531796
42200,Stayed,0.15424019,0.8457598
38591,Left,0.9711721,0.028827915
12679,Left,0.8611505,0.13884948
32541,Stayed,0.47807455,0.52192545
63721,Stayed,0.21525699,0.784743
9294,Stayed,0.04072076,0.95927924
7159,Stayed,0.48795408,0.5120459
45822,Stayed,0.33051103,0.66948897
14050,Left,0.7627848,0.23721524
36609,Stayed,0.05466032,0.9453397
56029,Left,0.6016325,0.39836752
58719,Left,0.6596775,0.3403225
61356,Left,0.58390784,0.4160922
7816,Left,0.9309296,0.06907042
37170,Stayed,0.21893448,0.7810655
36593,Left,0.56574047,0.4342595
13798,Stayed,0.04110557,0.95889443
66876,Stayed,0.15556484,0.84443516
6652,Left,0.75201815,0.24798185
23138,Left,0.85664856,0.14335147
30425,Stayed,0.34448677,0.6555132
28597,Left,0.95932686,0.040673163
60835,Stayed,0.07342929,0.9265707
22551,Left,0.7565181,0.2434819
41692,Left,0.9249098,0.07509025
67406,Stayed,0.08263445,0.91736555
2274,Stayed,0.0498513,0.9501487
60301,Left,0.8590214,0.14097856
38821,Left,0.8388821,0.16111794
55090,Stayed,0.081564486,0.9184355
53273,Stayed,0.071250975,0.928749
47416,Left,0.8927433,0.10725672
52818,Stayed,0.06522244,0.93477756
50281,Stayed,0.31923538,0.6807646
61267,Stayed,0.017082274,0.9829177
39660,Stayed,0.42211878,0.5778812
18491,Stayed,0.2856254,0.7143746
47987,Left,0.83373725,0.16626273
54424,Left,0.704074,0.29592595
13313,Left,0.5288542,0.4711458
25074,Stayed,0.0400182,0.9599818
15775,Left,0.97419953,0.02580047
7268,Stayed,0.48247606,0.51752394
20174,Left,0.6479142,0.35208583
9355,Left,0.6691105,0.33088952
16755,Stayed,0.024078786,0.9759212
32015,Stayed,0.4886409,0.5113591
38317,Stayed,0.4618616,0.5381384
65517,Stayed,0.09417999,0.90582
67316,Left,0.51575935,0.48424068
70428,Left,0.9227915,0.07720851
56772,Left,0.8670875,0.13291255
22916,Left,0.94180095,0.05819907
21105,Stayed,0.15970331,0.8402967
39319,Stayed,0.43527085,0.56472915
20840,Left,0.68667865,0.31332132
58225,Stayed,0.26640284,0.73359716
11119,Stayed,0.04213488,0.9578651
66117,Stayed,0.122071445,0.87792856
20799,Left,0.93297476,0.06702525
36631,Left,0.6047351,0.39526492
63298,Left,0.93157923,0.0684208
40163,Left,0.5468178,0.4531822
23016,Left,0.91309536,0.086904645
42639,Left,0.625633,0.37436703
47584,Left,0.72366595,0.27633402
52477,Left,0.81388074,0.18611927
64847,Left,0.80730784,0.19269218
26055,Stayed,0.21297878,0.7870212
69592,Stayed,0.13762307,0.8623769
72532,Left,0.90652037,0.09347963
72208,Stayed,0.032771647,0.96722835
46307,Left,0.6748438,0.32515624
56905,Stayed,0.14690661,0.8530934
40743,Stayed,0.18280596,0.81719404
49405,Stayed,0.2676741,0.7323259
7948,Left,0.58739007,0.41260996
30160,Stayed,0.35167444,0.64832556
45411,Left,0.675437,0.32456303
46498,Stayed,0.2873869,0.7126131
34862,Stayed,0.46160507,0.5383949
9556,Stayed,0.27191043,0.7280896
37432,Stayed,0.4855947,0.5144053
63699,Stayed,0.0745731,0.9254269
53655,Stayed,0.04051131,0.9594887
2639,Left,0.6835937,0.3164063
72170,Left,0.940998,0.059002
17241,Stayed,0.15438569,0.8456143
14523,Left,0.80888593,0.19111404
17027,Stayed,0.30433655,0.69566345
12734,Stayed,0.34431565,0.65568435
39570,Left,0.63475794,0.36524206
25627,Stayed,0.08819449,0.9118055
60866,Stayed,0.4428755,0.5571245
2360,Left,0.8008044,0.1991956
58298,Left,0.752654,0.24734597
1182,Left,0.7863052,0.2136948
12363,Left,0.70057964,0.29942033
9545,Stayed,0.10113847,0.8988615
16133,Stayed,0.45487815,0.54512185
5415,Left,0.8056406,0.19435944
50672,Left,0.7790147,0.22098528
39793,Stayed,0.41732585,0.58267415
60882,Stayed,0.074935615,0.9250644
7864,Left,0.9092789,0.09072105
62815,Stayed,0.32214922,0.6778508
65391,Left,0.78192437,0.2180756
16108,Stayed,0.01753205,0.98246795
12888,Left,0.5716374,0.4283626
46097,Stayed,0.40724605,0.59275395
61126,Left,0.51804125,0.48195878
42224,Stayed,0.4154091,0.5845909
43266,Stayed,0.13012946,0.86987054
656,Stayed,0.26550984,0.73449016
5432,Stayed,0.21545517,0.7845448
54994,Stayed,0.06369054,0.93630946
69265,Stayed,0.31451923,0.6854808
67818,Stayed,0.17842656,0.82157344
70251,Left,0.7436148,0.25638518
1584,Stayed,0.2910512,0.7089488
72980,Stayed,0.45119858,0.5488014
16515,Left,0.73719305,0.26280695
18655,Stayed,0.17610997,0.82389003
74398,Left,0.778335,0.22166501
17458,Left,0.6893157,0.31068435
34500,Left,0.5866091,0.41339087
17272,Stayed,0.4615165,0.5384835
73685,Stayed,0.17282301,0.827177
49925,Stayed,0.26475406,0.73524594
70130,Left,0.9819844,0.018015653
44501,Left,0.70487815,0.29512185
30601,Stayed,0.13434803,0.86565197
66101,Stayed,0.4950992,0.5049008
47403,Left,0.55020654,0.44979343
17300,Stayed,0.4458962,0.5541038
16462,Stayed,0.39470994,0.60529006
66697,Left,0.53253734,0.46746266
10375,Stayed,0.32861477,0.6713852
24725,Stayed,0.4415208,0.5584792
50191,Stayed,0.42480725,0.57519275
35611,Stayed,0.39465398,0.605346
42474,Stayed,0.25764173,0.74235827
1220,Stayed,0.22634584,0.77365416
32346,Stayed,0.47780508,0.5221949
44083,Stayed,0.12149161,0.8785084
72309,Left,0.78086936,0.21913064
25695,Stayed,0.12105709,0.8789429
15604,Left,0.8976441,0.10235591
5929,Left,0.63772655,0.36227348
72929,Left,0.5932648,0.4067352
15270,Stayed,0.31754237,0.6824576
19091,Left,0.8250218,0.17497818
54116,Left,0.6417736,0.35822645
45885,Stayed,0.42853767,0.57146233
39440,Left,0.57925296,0.420747
27909,Stayed,0.33812332,0.6618767
15261,Left,0.70560396,0.294396
58168,Stayed,0.3760106,0.6239894
16649,Stayed,0.17934227,0.82065773
4144,Left,0.6322137,0.3677863
60417,Stayed,0.19190198,0.808098
36261,Stayed,0.26909488,0.7309051
47868,Left,0.8781173,0.121882655
24461,Stayed,0.48969942,0.5103006
19237,Left,0.60175014,0.39824986
43688,Stayed,0.20368463,0.7963154
59442,Left,0.5501728,0.44982716
53982,Stayed,0.28214884,0.71785116
26705,Stayed,0.14777523,0.85222477
115,Left,0.65895104,0.341049
17114,Left,0.6724767,0.3275233
56257,Left,0.7612296,0.23877044
64315,Left,0.57029206,0.42970794
68390,Left,0.67429936,0.3257006
21380,Stayed,0.08005488,0.9199451
47331,Stayed,0.2308473,0.7691527
5898,Stayed,0.42185593,0.5781441
37103,Stayed,0.31000555,0.68999445
72771,Left,0.92543226,0.07456772
19377,Stayed,0.12143177,0.87856823
40447,Stayed,0.13815004,0.86184996
56245,Stayed,0.3066774,0.6933226
45557,Stayed,0.08192098,0.918079
32382,Left,0.67133576,0.32866424
55863,Left,0.8325461,0.16745387
51080,Left,0.98057514,0.019424852
26217,Stayed,0.04460913,0.9553909
66645,Left,0.9433744,0.056625627
66341,Stayed,0.03104198,0.968958
64797,Left,0.5057714,0.49422863
47529,Left,0.92532325,0.074676745
5066,Left,0.5264277,0.4735723
37169,Stayed,0.31265008,0.6873499
60204,Stayed,0.44778764,0.55221236
48401,Stayed,0.047947943,0.95205206
13447,Stayed,0.4189312,0.5810688
13822,Stayed,0.2395519,0.7604481
55518,Left,0.73013985,0.26986018
50009,Stayed,0.3837818,0.6162182
52974,Stayed,0.3810091,0.6189909
69401,Left,0.6918886,0.30811143
26750,Stayed,0.28638148,0.7136185
11559,Stayed,0.028574407,0.9714256
43279,Stayed,0.2436518,0.7563482
12425,Stayed,0.025745034,0.97425497
4220,Left,0.7169888,0.28301117
6348,Left,0.9605762,0.039423827
64377,Stayed,0.34896475,0.65103525
54657,Stayed,0.37116796,0.62883204
17180,Stayed,0.22935194,0.77064806
45941,Stayed,0.22806442,0.7719356
62746,Left,0.64328945,0.35671055
5713,Stayed,0.07609415,0.92390585
29417,Stayed,0.39354938,0.6064506
37478,Stayed,0.07485294,0.92514706
29217,Stayed,0.050495625,0.9495044
44007,Stayed,0.27706194,0.72293806
15131,Left,0.9246016,0.07539841
72602,Left,0.84236515,0.15763485
37255,Stayed,0.040994048,0.95900595
5091,Stayed,0.49443835,0.50556165
36340,Stayed,0.12872434,0.87127566
25685,Left,0.8904689,0.109531105
30278,Stayed,0.030877292,0.9691227
21041,Stayed,0.4007522,0.5992478
24351,Left,0.61813354,0.38186648
46082,Left,0.8880247,0.11197529
6206,Left,0.7860843,0.21391574
21477,Left,0.9627578,0.03724218
65656,Left,0.72802556,0.2719744
20143,Stayed,0.4556709,0.5443291
49510,Left,0.96530765,0.034692355
30039,Left,0.87989426,0.12010577
23922,Left,0.54759467,0.45240533
45010,Left,0.8756544,0.1243456
24328,Stayed,0.020370662,0.97962934
13153,Stayed,0.2656899,0.7343101
58836,Stayed,0.48140526,0.51859474
58471,Stayed,0.38479817,0.61520183
54133,Left,0.6136122,0.38638783
5930,Left,0.5435123,0.45648772
40991,Left,0.6229329,0.37706706
2087,Stayed,0.037837267,0.96216273
18662,Left,0.92595977,0.07404026
37072,Stayed,0.40168214,0.59831786
23935,Left,0.66521555,0.33478445
70537,Stayed,0.103976786,0.8960232
42148,Stayed,0.4592054,0.5407946
56476,Left,0.6224134,0.37758657
13283,Stayed,0.03097713,0.96902287
45658,Left,0.8401583,0.15984172
15072,Stayed,0.15592831,0.8440717
59522,Stayed,0.017728686,0.9822713
13099,Stayed,0.26087767,0.73912233
45921,Left,0.5883013,0.41169873
44862,Left,0.53644955,0.46355048
53856,Stayed,0.3077051,0.6922949
53717,Stayed,0.43181401,0.568186
25582,Stayed,0.41506332,0.5849367
20742,Left,0.8535763,0.14642367
56294,Stayed,0.4240771,0.5759229
59998,Left,0.71127725,0.28872275
39664,Stayed,0.11875856,0.88124144
34998,Left,0.7693739,0.23062612
40227,Left,0.8491436,0.15085636
27363,Stayed,0.15420753,0.8457925
41530,Stayed,0.4520281,0.5479719
653,Stayed,0.099301636,0.90069836
54164,Stayed,0.22094423,0.7790558
50280,Stayed,0.03838986,0.96161014
72253,Stayed,0.040749192,0.9592508
44537,Left,0.57893264,0.42106733
44207,Stayed,0.45387697,0.546123
33433,Stayed,0.12181419,0.8781858
18464,Stayed,0.35009032,0.6499097
64123,Stayed,0.4770363,0.5229637
67913,Left,0.8789654,0.1210346
65462,Left,0.74800575,0.25199425
47297,Left,0.95929986,0.04070016
6560,Stayed,0.09290618,0.9070938
8351,Left,0.55039144,0.44960856
29665,Left,0.87562656,0.12437345
36969,Stayed,0.47980487,0.5201951
53079,Stayed,0.48922235,0.51077765
43748,Left,0.8019303,0.19806966
51473,Left,0.7297542,0.27024582
4913,Left,0.65515155,0.34484845
27172,Left,0.86519814,0.1348019
5397,Stayed,0.17850149,0.8214985
14537,Stayed,0.03239733,0.96760267
5267,Stayed,0.27774513,0.7222549
62970,Stayed,0.14022958,0.8597704
35667,Left,0.65188885,0.34811118
1033,Left,0.59518266,0.40481737
40784,Stayed,0.081263125,0.9187369
62012,Stayed,0.31912982,0.6808702
19963,Stayed,0.47525954,0.52474046
2297,Left,0.80426985,0.19573016
67361,Left,0.8713826,0.12861738
53034,Stayed,0.43771595,0.56228405
11426,Stayed,0.21400052,0.7859995
59857,Stayed,0.13744897,0.86255103
2494,Stayed,0.33669633,0.6633037
61468,Stayed,0.41869396,0.58130604
12650,Left,0.5338123,0.4661877
7129,Left,0.97646886,0.023531131
5919,Stayed,0.041539967,0.95846003
45777,Stayed,0.15821719,0.8417828
57072,Stayed,0.32057464,0.67942536
50931,Left,0.96006685,0.03993312
69462,Left,0.5548911,0.44510886
73570,Left,0.985174,0.014826005
59063,Left,0.7881881,0.21181193
20672,Left,0.51823187,0.4817681
59960,Left,0.8064265,0.19357347
45119,Stayed,0.32659894,0.67340106
73901,Left,0.52715206,0.47284794
27180,Stayed,0.4495641,0.5504359
13644,Left,0.58401054,0.41598946
25250,Left,0.6980251,0.30197492
49211,Left,0.9291638,0.070836164
52054,Left,0.5426866,0.45731342
38510,Left,0.6279271,0.37207288
40816,Left,0.5331286,0.4668714
59928,Left,0.5015788,0.4984212
71571,Left,0.8724469,0.12755314
67064,Left,0.66123897,0.33876103
50130,Left,0.75397074,0.24602927
41249,Stayed,0.020947516,0.9790525
26065,Left,0.5402101,0.45978984
46892,Left,0.66961765,0.33038238
6405,Stayed,0.063510776,0.9364892
16468,Stayed,0.3706864,0.6293136
62783,Left,0.5162156,0.48378438
9805,Left,0.97470975,0.025290264
14051,Left,0.64648145,0.35351855
23343,Stayed,0.043597937,0.95640206
20980,Stayed,0.11512947,0.8848705
58920,Stayed,0.19098347,0.8090165
4130,Stayed,0.48351526,0.51648474
46830,Stayed,0.43071622,0.5692838
58341,Stayed,0.08311206,0.91688794
26192,Stayed,0.33665937,0.6633406
21090,Left,0.649407,0.35059294
39210,Stayed,0.09593505,0.90406495
50251,Stayed,0.109683454,0.89031655
25950,Stayed,0.0079885125,0.9920115
50774,Stayed,0.2833134,0.7166866
12142,Stayed,0.07003343,0.92996657
52707,Left,0.9486482,0.051351767
40120,Stayed,0.060828686,0.9391713
17285,Stayed,0.0482952,0.9517048
18199,Left,0.6521555,0.34784448
72711,Left,0.70618844,0.29381153
64835,Left,0.5877094,0.4122906
47613,Stayed,0.17931902,0.820681
70797,Stayed,0.43433046,0.56566954
2495,Stayed,0.094768524,0.9052315
1806,Left,0.6945006,0.30549937
28057,Stayed,0.27280396,0.72719604
55491,Stayed,0.080271006,0.919729
23617,Left,0.7796521,0.22034787
11318,Left,0.6582159,0.34178412
32986,Left,0.72232026,0.27767974
61287,Stayed,0.47516936,0.52483064
68890,Left,0.52614874,0.47385126
64049,Left,0.5433472,0.45665282
680,Stayed,0.42492056,0.57507944
36339,Stayed,0.39367187,0.6063281
1166,Left,0.61655974,0.38344023
6393,Left,0.5947195,0.40528044
8106,Left,0.6991049,0.30089512
23469,Stayed,0.21576029,0.7842397
22447,Stayed,0.19023806,0.80976194
17091,Left,0.52141243,0.47858757
23781,Stayed,0.19263381,0.8073662
56657,Stayed,0.41170645,0.58829355
24398,Left,0.6161058,0.38389423
13696,Left,0.78939736,0.21060266
31807,Left,0.7091602,0.29083976
1214,Stayed,0.07463682,0.9253632
14949,Stayed,0.091425836,0.90857416
30320,Stayed,0.07074034,0.92925966
2881,Left,0.83972824,0.16027176
48126,Stayed,0.42076975,0.57923025
73068,Left,0.7671394,0.23286061
22207,Stayed,0.108890414,0.8911096
66010,Stayed,0.07031697,0.929683
49635,Stayed,0.02029115,0.97970885
57911,Stayed,0.03811288,0.9618871
22592,Left,0.8437778,0.15622225
6426,Stayed,0.33859932,0.6614007
12591,Left,0.590342,0.409658
3581,Stayed,0.34769368,0.6523063
41264,Stayed,0.12003708,0.8799629
36978,Left,0.6563783,0.34362167
18216,Stayed,0.13407415,0.86592585
55528,Left,0.86770105,0.13229898
324,Stayed,0.3770964,0.6229036
2763,Stayed,0.18229663,0.81770337
74452,Left,0.64228106,0.35771897
49868,Stayed,0.29951054,0.70048946
17080,Left,0.5105223,0.4894777
34915,Left,0.91491586,0.08508416
26637,Stayed,0.26584584,0.73415416
21901,Left,0.62222993,0.37777007
72444,Left,0.8613546,0.1386454
37226,Left,0.5674145,0.4325855
840,Stayed,0.43385863,0.56614137
41032,Stayed,0.10670102,0.893299
25611,Stayed,0.064649284,0.9353507
45378,Stayed,0.42542464,0.57457536
55760,Left,0.88470745,0.11529257
39835,Left,0.62026566,0.37973434
20859,Left,0.5735312,0.4264688
41340,Left,0.6306572,0.36934283
66357,Stayed,0.21679252,0.7832075
6995,Left,0.5919694,0.4080306
51537,Stayed,0.38206267,0.6179373
27039,Stayed,0.17515028,0.8248497
21746,Stayed,0.25084716,0.74915284
18416,Left,0.9449867,0.05501328
72238,Stayed,0.2595443,0.7404557
485,Left,0.86072314,0.13927685
43303,Stayed,0.45382476,0.54617524
69807,Left,0.61993,0.38006997
56328,Stayed,0.39503038,0.6049696
55400,Left,0.6971974,0.30280262
38138,Stayed,0.19191653,0.8080835
46990,Left,0.6028755,0.39712456
12008,Stayed,0.15705311,0.8429469
34879,Left,0.79431206,0.20568794
25212,Stayed,0.19853711,0.8014629
46167,Left,0.5180058,0.4819942
8170,Stayed,0.3377434,0.6622566
32129,Stayed,0.02765119,0.9723488
36323,Left,0.8856857,0.114314295
65497,Stayed,0.41897136,0.58102864
41576,Stayed,0.19696951,0.8030305
30142,Left,0.550771,0.44922903
58988,Stayed,0.39185768,0.6081423
16886,Stayed,0.10531402,0.894686
36513,Stayed,0.12921584,0.87078416
61571,Stayed,0.08790749,0.9120925
15369,Stayed,0.3282013,0.6717987
17898,Stayed,0.12211621,0.8778838
37001,Left,0.6218078,0.3781922
50098,Left,0.5713644,0.4286356
8405,Left,0.94289386,0.057106167
60174,Left,0.5000806,0.4999194
13315,Stayed,0.16111976,0.83888024
57539,Stayed,0.078178406,0.9218216
62001,Stayed,0.20238757,0.7976124
20776,Left,0.60793436,0.39206567
72365,Stayed,0.22301275,0.77698725
51947,Stayed,0.16761422,0.8323858
72285,Left,0.92212695,0.077873036
50237,Left,0.84527755,0.15472248
39001,Stayed,0.15049446,0.84950554
6062,Stayed,0.037691593,0.9623084
20357,Stayed,0.07454032,0.9254597
4734,Stayed,0.054487467,0.94551253
64420,Stayed,0.36225063,0.6377494
39970,Stayed,0.4582157,0.5417843
69883,Left,0.9037019,0.09629813
25680,Left,0.962685,0.03731499
24423,Left,0.6776177,0.32238227
40560,Left,0.92079294,0.079207055
42784,Left,0.64081335,0.35918668
46860,Stayed,0.032026768,0.96797323
33423,Left,0.66938114,0.33061886
37282,Stayed,0.37243992,0.6275601
25871,Stayed,0.031395614,0.9686044
2310,Left,0.6462816,0.3537184
71206,Stayed,0.39683694,0.60316306
26685,Left,0.95622706,0.04377292
13960,Left,0.5900375,0.40996248
56130,Left,0.87558997,0.12441003
72428,Stayed,0.22126567,0.7787343
50899,Stayed,0.31539172,0.6846083
6014,Left,0.66033864,0.3396614
8467,Stayed,0.22845846,0.77154154
53005,Left,0.5235661,0.4764339
14421,Left,0.94720805,0.052791983
62634,Left,0.72389674,0.27610323
2981,Left,0.57669914,0.4233009
27889,Stayed,0.10231644,0.89768356
64564,Left,0.8784014,0.12159863
72817,Stayed,0.39947015,0.60052985
4469,Stayed,0.30614954,0.69385046
27467,Stayed,0.29193646,0.70806354
70103,Stayed,0.20476961,0.7952304
58172,Stayed,0.06374395,0.93625605
34633,Stayed,0.13087064,0.86912936
40808,Stayed,0.043030083,0.9569699
45550,Stayed,0.024424493,0.9755755
64648,Stayed,0.10152298,0.898477
73837,Left,0.76420844,0.23579158
69645,Left,0.96534884,0.034651157
59453,Left,0.82900596,0.17099403
9688,Left,0.63410527,0.36589473
72256,Left,0.7956269,0.20437309
55820,Left,0.55895865,0.44104135
44096,Stayed,0.16069174,0.83930826
63389,Left,0.6206455,0.37935448
1492,Left,0.95127213,0.0487279
69446,Stayed,0.17136204,0.82863796
35520,Stayed,0.46766353,0.5323365
50316,Stayed,0.21481514,0.78518486
45316,Stayed,0.31059778,0.6894022
73878,Left,0.8730905,0.12690948
70861,Stayed,0.06754309,0.9324569
65333,Stayed,0.05523938,0.9447606
66150,Left,0.84988725,0.15011275
70247,Left,0.9763581,0.023641866
7218,Stayed,0.057608426,0.9423916
13939,Stayed,0.111147344,0.88885266
1423,Left,0.7800584,0.21994165
68340,Stayed,0.24376023,0.7562398
52533,Left,0.7057225,0.2942775
67305,Stayed,0.17645335,0.82354665
40605,Stayed,0.05361992,0.9463801
48057,Left,0.64152783,0.35847217
19438,Left,0.8544759,0.14552408
12244,Left,0.83346367,0.16653636
49639,Stayed,0.14351857,0.85648143
24680,Stayed,0.045943797,0.9540562
43269,Stayed,0.4091934,0.5908066
49133,Left,0.89028746,0.10971252
17892,Left,0.65112346,0.34887654
60572,Left,0.6071824,0.39281765
52869,Stayed,0.008137345,0.99186265
50110,Stayed,0.12605965,0.87394035
64311,Left,0.8011192,0.19888082
67804,Left,0.56018585,0.43981415
63666,Stayed,0.15473652,0.8452635
56826,Stayed,0.031882763,0.96811724
4736,Left,0.9485867,0.05141328
51090,Left,0.6318908,0.3681092
69873,Stayed,0.18635017,0.81364983
36130,Stayed,0.46221912,0.5377809
49526,Left,0.78744817,0.21255182
45809,Left,0.75369054,0.24630944
44194,Stayed,0.489191,0.510809
34860,Stayed,0.015109837,0.98489016
47668,Left,0.6148783,0.38512167
37904,Left,0.60877365,0.39122635
8427,Stayed,0.24550706,0.75449294
24428,Stayed,0.247823,0.752177
25370,Stayed,0.42173803,0.578262
73277,Stayed,0.035746217,0.9642538
64024,Left,0.880019,0.119980976
10672,Left,0.6290686,0.37093142
40117,Stayed,0.016088843,0.98391116
65568,Stayed,0.05276513,0.94723487
2997,Stayed,0.047935724,0.9520643
25949,Stayed,0.41398245,0.58601755
27253,Left,0.80998904,0.19001098
47540,Left,0.8344988,0.16550119
43961,Left,0.75716114,0.24283886
47768,Stayed,0.02874881,0.9712512
35571,Stayed,0.4484594,0.5515406
57473,Left,0.82103443,0.17896557
46656,Stayed,0.120256364,0.87974364
49249,Stayed,0.329221,0.670779
66871,Stayed,0.012657523,0.9873425
51141,Left,0.7051626,0.29483742
22582,Stayed,0.088136196,0.9118638
54679,Left,0.98439115,0.015608875
23145,Left,0.9657471,0.034252863
36589,Left,0.8041896,0.19581038
21745,Left,0.6812706,0.31872937
7256,Left,0.7641977,0.2358023
46953,Stayed,0.26528466,0.73471534
59216,Left,0.9761182,0.023881808
52738,Left,0.83413994,0.16586009
20076,Stayed,0.30940032,0.6905997
42056,Left,0.83405876,0.16594121
3004,Stayed,0.11435938,0.8856406
53756,Stayed,0.49785507,0.50214493
34467,Stayed,0.060354173,0.9396458
51794,Stayed,0.17278492,0.8272151
3138,Stayed,0.15097201,0.849028
35092,Stayed,0.10432637,0.89567363
45266,Stayed,0.011351407,0.9886486
41561,Stayed,0.17078441,0.8292156
41674,Stayed,0.43157148,0.5684285
42359,Left,0.55523115,0.44476885
52790,Left,0.7692278,0.2307722
6433,Stayed,0.30499274,0.69500726
32456,Stayed,0.27599,0.72401
20664,Left,0.5229536,0.4770464
13950,Left,0.62959284,0.37040716
2998,Left,0.82674617,0.17325383
5953,Stayed,0.32552725,0.67447275
18847,Stayed,0.49915522,0.5008448
72814,Stayed,0.30467677,0.6953232
10142,Left,0.873137,0.12686302
12959,Stayed,0.019033909,0.9809661
31670,Left,0.6145433,0.38545665
61329,Stayed,0.07102519,0.9289748
36803,Left,0.9866046,0.01339542
50892,Stayed,0.38335127,0.61664873
19887,Left,0.9387244,0.061275598
63302,Left,0.72660923,0.27339077
50362,Stayed,0.1841762,0.8158238
25117,Left,0.66594845,0.33405155
14770,Left,0.894363,0.10563703
64234,Stayed,0.29892802,0.701072
55750,Left,0.9736775,0.026322512
968,Stayed,0.3615961,0.6384039
37436,Stayed,0.13640535,0.86359465
42702,Stayed,0.43502855,0.56497145
39515,Left,0.6624189,0.3375811
58257,Stayed,0.2876981,0.7123019
52840,Stayed,0.01768291,0.9823171
11479,Stayed,0.40532112,0.5946789
10291,Stayed,0.13740587,0.8625941
13758,Left,0.6876147,0.3123853
22270,Stayed,0.24238735,0.75761265
52785,Left,0.88372076,0.11627922
37249,Stayed,0.14971793,0.8502821
2942,Stayed,0.1495511,0.8504489
4860,Left,0.61767066,0.38232937
34060,Stayed,0.46812105,0.53187895
20935,Left,0.58889854,0.4111015
9070,Stayed,0.03407049,0.9659295
28714,Left,0.78286123,0.21713878
20346,Stayed,0.4748304,0.5251696
71305,Stayed,0.39795494,0.60204506
62582,Left,0.9792261,0.020773904
48766,Stayed,0.10871518,0.8912848
57232,Stayed,0.2946474,0.7053526
34656,Left,0.6670803,0.33291975
36855,Stayed,0.17561853,0.8243815
57467,Left,0.77234614,0.22765385
502,Left,0.5640744,0.43592557
6226,Left,0.8833271,0.1166729
65347,Stayed,0.095422566,0.90457743
45323,Stayed,0.06724262,0.9327574
62896,Stayed,0.40745294,0.59254706
20866,Stayed,0.48409295,0.51590705
62394,Left,0.67786443,0.3221356
4564,Left,0.781228,0.21877201
21729,Stayed,0.27634186,0.72365814
3051,Left,0.8480387,0.15196133
41064,Stayed,0.017674387,0.9823256
25443,Left,0.6282705,0.3717295
16500,Left,0.8063965,0.19360353
23030,Left,0.5784557,0.42154428
12659,Left,0.6092789,0.39072105
1837,Left,0.87747073,0.12252926
56878,Left,0.62274706,0.37725297
28686,Stayed,0.29099357,0.7090064
5049,Stayed,0.08359164,0.91640836
59696,Stayed,0.16100222,0.8389978
10100,Left,0.51464677,0.4853532
9312,Stayed,0.4181292,0.5818708
31688,Stayed,0.12579656,0.87420344
39189,Left,0.7729397,0.22706029
66570,Stayed,0.03880018,0.9611998
39331,Stayed,0.013978064,0.98602194
37739,Stayed,0.39013082,0.6098692
37008,Stayed,0.32551676,0.67448324
16370,Stayed,0.022221863,0.97777814
21258,Left,0.68773246,0.31226757
70262,Stayed,0.38419724,0.61580276
57952,Left,0.88286865,0.11713135
3349,Left,0.6269309,0.3730691
53758,Stayed,0.15653509,0.8434649
11779,Left,0.7365706,0.26342943
53329,Left,0.77857405,0.22142594
66725,Stayed,0.08498359,0.9150164
69456,Left,0.8179349,0.1820651
7367,Left,0.58602726,0.41397274
4585,Stayed,0.16536117,0.83463883
38940,Left,0.8810019,0.11899811
27766,Stayed,0.48975104,0.51024896
67772,Stayed,0.38779867,0.61220133
53561,Stayed,0.18127412,0.8187259
9190,Stayed,0.07428461,0.9257154
25454,Left,0.91658825,0.08341173
16760,Stayed,0.2276349,0.7723651
47145,Stayed,0.023418784,0.9765812
23461,Left,0.57954514,0.42045483
31038,Left,0.70714533,0.29285464
22730,Stayed,0.094855666,0.90514433
3285,Left,0.93725663,0.06274336
52559,Left,0.9062674,0.09373259
29737,Left,0.9757094,0.024290644
16010,Stayed,0.1261226,0.8738774
19571,Stayed,0.24931055,0.75068945
19916,Stayed,0.15675163,0.84324837
53797,Stayed,0.027879,0.972121
6760,Stayed,0.06981379,0.9301862
71366,Stayed,0.33301222,0.6669878
56281,Left,0.598935,0.401065
24964,Left,0.93275553,0.06724449
43397,Stayed,0.010648429,0.9893516
65368,Stayed,0.40958244,0.59041756
45431,Left,0.5854716,0.41452843
11393,Stayed,0.3453514,0.6546486
46592,Left,0.54678774,0.4532123
16751,Stayed,0.35633194,0.64366806
62017,Stayed,0.118923485,0.8810765
32582,Stayed,0.011361122,0.9886389
3305,Left,0.5310987,0.4689013
68430,Stayed,0.23687798,0.763122
53036,Stayed,0.14666587,0.8533341
59463,Left,0.925829,0.074171014
65477,Left,0.88803446,0.11196557
16330,Left,0.5548917,0.44510826
9933,Left,0.97644734,0.023552671
36171,Stayed,0.44694513,0.55305487
48914,Stayed,0.48335552,0.5166445
29862,Stayed,0.3818102,0.6181898
17161,Stayed,0.10405123,0.89594877
20165,Left,0.65047413,0.34952587
61762,Stayed,0.12225145,0.87774855
48253,Stayed,0.31059778,0.6894022
8618,Stayed,0.20383376,0.79616624
18308,Left,0.95334464,0.046655376
32961,Stayed,0.49110007,0.5088999
27035,Stayed,0.3151527,0.6848473
28273,Stayed,0.39982074,0.60017926
25202,Left,0.9423427,0.0576573
54398,Left,0.71783984,0.28216016
64440,Left,0.9604902,0.039509755
40393,Left,0.5531503,0.44684973
5821,Stayed,0.20066988,0.7993301
34274,Left,0.612916,0.38708404
238,Left,0.8465889,0.15341108
13133,Left,0.5852405,0.41475955
12154,Left,0.8718169,0.1281831
35836,Left,0.66739464,0.33260536
16658,Stayed,0.29043126,0.70956874
9764,Left,0.5006914,0.4993086
25301,Stayed,0.4380983,0.5619017
2692,Left,0.7038434,0.2961566
67199,Stayed,0.3874383,0.6125617
74273,Left,0.8214974,0.17850263
70506,Left,0.66521627,0.33478373
10139,Left,0.6466255,0.35337445
55725,Stayed,0.36931753,0.63068247
22279,Left,0.64823985,0.35176018
18443,Left,0.7811117,0.21888825
39004,Stayed,0.21995622,0.7800438
65625,Left,0.8733692,0.12663075
56957,Stayed,0.030610323,0.9693897
15879,Left,0.70725924,0.29274076
17765,Left,0.89101547,0.108984515
32743,Left,0.84537727,0.15462275
74033,Left,0.66945374,0.33054626
28097,Left,0.83942395,0.16057605
33018,Stayed,0.1992439,0.8007561
6937,Left,0.89343786,0.10656214
54194,Stayed,0.19071078,0.8092892
40312,Stayed,0.23896968,0.7610303
37779,Left,0.8191367,0.18086334
60945,Stayed,0.19109124,0.80890876
26043,Left,0.52236605,0.47763392
22979,Stayed,0.16387951,0.8361205
22803,Stayed,0.30246103,0.697539
45427,Left,0.771389,0.22861102
61141,Left,0.78426635,0.21573368
27911,Left,0.83300066,0.16699937
26996,Stayed,0.18080401,0.819196
71344,Left,0.62237465,0.37762538
56522,Stayed,0.14359486,0.85640514
58311,Stayed,0.119009376,0.8809906
59295,Stayed,0.086422324,0.9135777
23758,Stayed,0.23779577,0.76220423
53210,Stayed,0.43655795,0.56344205
68373,Left,0.97457165,0.025428342
13518,Left,0.7022484,0.2977516
39747,Stayed,0.122731805,0.8772682
4104,Stayed,0.23630261,0.7636974
50873,Left,0.9550331,0.044966884
32043,Stayed,0.4268549,0.5731451
44729,Stayed,0.029486418,0.9705136
963,Left,0.7587749,0.24122514
58935,Left,0.658404,0.34159598
64033,Stayed,0.12045097,0.879549
41727,Left,0.9393048,0.06069518
1847,Left,0.63166046,0.3683395
41110,Left,0.8408416,0.1591584
71512,Left,0.74993855,0.25006145
31126,Left,0.6654037,0.33459628
64980,Stayed,0.33423758,0.6657624
43441,Stayed,0.009881437,0.99011856
57146,Stayed,0.041261315,0.9587387
66857,Left,0.69510895,0.30489105
57441,Stayed,0.4464441,0.5535559
25327,Stayed,0.20262498,0.797375
50348,Left,0.7444955,0.2555045
10300,Stayed,0.1490438,0.8509562
19052,Stayed,0.38015902,0.619841
37882,Stayed,0.035241604,0.9647584
30401,Left,0.72941875,0.27058122
66360,Left,0.6448833,0.35511675
9290,Stayed,0.28246087,0.71753913
29463,Left,0.5992793,0.4007207
37182,Stayed,0.36169016,0.63830984
26659,Stayed,0.39668864,0.60331136
21211,Stayed,0.121403515,0.8785965
23007,Left,0.664394,0.33560598
34411,Stayed,0.39540106,0.60459894
28298,Left,0.92030215,0.07969786
4493,Stayed,0.43821073,0.5617893
65715,Left,0.7355101,0.2644899
35212,Stayed,0.18960863,0.81039137
60512,Stayed,0.4566902,0.5433098
61298,Stayed,0.2655396,0.7344604
4569,Left,0.93984735,0.060152628
27652,Left,0.8358542,0.16414586
34698,Stayed,0.16060668,0.8393933
49476,Stayed,0.4685564,0.5314436
54541,Stayed,0.17448884,0.82551116
19371,Stayed,0.29765052,0.7023495
67076,Left,0.51429594,0.4857041
10046,Left,0.7745375,0.2254625
16333,Left,0.9039753,0.096024685
15888,Left,0.5019398,0.49806026
51928,Left,0.60216,0.39784005
12320,Stayed,0.23922217,0.76077783
59801,Left,0.99083906,0.009160958
55050,Stayed,0.44808537,0.55191463
27017,Left,0.5644244,0.43557563
14563,Left,0.89397526,0.10602475
780,Stayed,0.2696811,0.7303189
6922,Stayed,0.26637203,0.733628
10785,Stayed,0.11107248,0.8889275
36582,Stayed,0.46208274,0.53791726
58554,Left,0.8669524,0.13304758
55934,Left,0.5834085,0.4165915
24278,Stayed,0.19830817,0.80169183
7680,Stayed,0.07314807,0.9268519
38529,Left,0.5775895,0.42241052
32742,Left,0.81047565,0.18952434
9845,Left,0.94470954,0.05529044
26019,Stayed,0.39063203,0.60936797
22846,Stayed,0.48292023,0.5170798
29274,Stayed,0.0129233,0.9870767
505,Left,0.66541857,0.33458143
24198,Left,0.67003244,0.32996756
36850,Left,0.8628024,0.1371976
18986,Left,0.54580045,0.45419952
2991,Left,0.7235856,0.27641442
71409,Left,0.702185,0.29781502
9707,Stayed,0.31865144,0.68134856
64285,Stayed,0.37019908,0.6298009
24857,Stayed,0.095195234,0.90480477
27120,Stayed,0.32396907,0.67603093
24085,Left,0.8465109,0.15348911
54409,Stayed,0.2888738,0.7111262
22157,Left,0.6231243,0.3768757
47867,Stayed,0.033967733,0.96603227
20477,Left,0.94490904,0.05509096
24483,Stayed,0.33500034,0.66499966
45355,Left,0.6893703,0.31062976
4811,Left,0.5542829,0.4457171
32891,Left,0.73449737,0.26550263
51550,Stayed,0.30601436,0.69398564
8076,Left,0.94482493,0.055175096
49197,Left,0.56966466,0.43033534
46925,Left,0.79990387,0.20009615
71460,Stayed,0.4736765,0.5263235
39925,Left,0.78822917,0.21177082
31107,Left,0.67425466,0.32574537
35909,Stayed,0.45280224,0.54719776
40050,Left,0.82600206,0.17399794
72588,Left,0.73067236,0.2693276
25951,Left,0.845187,0.154813
73908,Left,0.95158803,0.048411965
24629,Stayed,0.12794787,0.87205213
20218,Stayed,0.2566986,0.7433014
18030,Stayed,0.1807316,0.8192684
11020,Stayed,0.19600648,0.8039935
47103,Stayed,0.36545742,0.6345426
73087,Stayed,0.43106478,0.5689352
52698,Left,0.89600843,0.10399157
5905,Stayed,0.12993997,0.87006
5344,Stayed,0.0696767,0.9303233
15258,Stayed,0.40597147,0.59402853
70142,Left,0.6479654,0.35203463
3883,Stayed,0.27562958,0.7243704
23688,Left,0.92803633,0.071963646
55254,Stayed,0.3080278,0.6919722
50487,Stayed,0.3938266,0.6061734
18145,Left,0.9376939,0.062306114
29018,Left,0.85896206,0.14103793
25138,Left,0.57389736,0.42610267
22214,Stayed,0.4822663,0.5177337
15588,Stayed,0.35091698,0.649083
13115,Stayed,0.25913846,0.74086154
19893,Stayed,0.45811987,0.54188013
67718,Stayed,0.20637655,0.79362345
25390,Left,0.8679027,0.13209729
3856,Left,0.56235766,0.43764237
22993,Left,0.95697105,0.043028973
55516,Left,0.60636854,0.3936315
27815,Left,0.72418785,0.27581218
68601,Stayed,0.16859162,0.8314084
53128,Stayed,0.2446366,0.7553634
11752,Stayed,0.12438518,0.8756148
53853,Left,0.6493618,0.3506382
33499,Left,0.89607096,0.10392903
58980,Stayed,0.049391806,0.9506082
55542,Left,0.82062,0.17938001
1991,Stayed,0.063097954,0.93690205
61540,Left,0.6269982,0.3730018
16599,Stayed,0.35364693,0.64635307
4614,Left,0.8903742,0.10962579
28417,Left,0.7016283,0.29837164
21583,Stayed,0.13238674,0.86761326
8172,Stayed,0.15594625,0.84405375
9012,Left,0.84216034,0.15783969
401,Left,0.9077267,0.092273295
53340,Stayed,0.35244238,0.6475576
16779,Left,0.8842014,0.11579862
26519,Stayed,0.2604956,0.7395044
23521,Stayed,0.025114357,0.97488564
64259,Stayed,0.49166042,0.5083396
4646,Stayed,0.042479217,0.9575208
9640,Stayed,0.19911563,0.80088437
27850,Stayed,0.4989494,0.5010506
62931,Left,0.5326433,0.4673567
21503,Left,0.82939476,0.17060526
32885,Left,0.8836925,0.116307475
62300,Stayed,0.4554546,0.5445454
22516,Stayed,0.17651474,0.82348526
26361,Stayed,0.08710575,0.91289425
11651,Stayed,0.22944766,0.77055234
12682,Left,0.8902943,0.10970568
30453,Left,0.8859154,0.11408458
3307,Left,0.5071528,0.49284717
46847,Stayed,0.34170413,0.65829587
37033,Stayed,0.041960537,0.95803946
44404,Stayed,0.29439127,0.7056087
35377,Left,0.61086184,0.38913816
53744,Stayed,0.4004647,0.5995353
10187,Left,0.9738908,0.026109213
10943,Stayed,0.409707,0.590293
24184,Stayed,0.10711765,0.89288235
19910,Left,0.95866,0.04134
15404,Stayed,0.122991085,0.8770089
37377,Left,0.98036534,0.01963464
2311,Stayed,0.30708158,0.6929184
24654,Left,0.5691693,0.4308307
40,Stayed,0.35330576,0.64669424
39015,Left,0.8018933,0.1981067
3174,Left,0.75924546,0.24075453
36976,Left,0.5180509,0.48194906
41053,Stayed,0.42154306,0.57845694
45669,Stayed,0.37534076,0.62465924
63501,Stayed,0.4189704,0.5810296
32711,Stayed,0.31371266,0.68628734
8634,Stayed,0.44159013,0.55840987
45845,Stayed,0.018381178,0.9816188
22221,Stayed,0.030003548,0.96999645
20041,Left,0.74637544,0.25362453
53103,Left,0.60515344,0.39484653
49566,Left,0.6877445,0.3122555
22390,Stayed,0.35038072,0.6496193
34910,Left,0.70954853,0.29045147
22143,Stayed,0.46840817,0.53159183
23638,Stayed,0.14497697,0.855023
48394,Stayed,0.00958395,0.99041605
31983,Left,0.52276516,0.4772348
35728,Stayed,0.051795363,0.94820464
20511,Stayed,0.10148585,0.89851415
3395,Stayed,0.48565382,0.5143462
46551,Stayed,0.11762571,0.8823743
53637,Stayed,0.18651235,0.81348765
71756,Left,0.833675,0.16632494
5035,Stayed,0.032759726,0.9672403
24694,Left,0.5931694,0.4068306
24394,Stayed,0.4955777,0.5044223
27102,Left,0.88643104,0.113568954
14128,Left,0.58265877,0.41734126
26585,Stayed,0.4801578,0.5198422
36533,Left,0.68283,0.31717002
13594,Stayed,0.48943073,0.5105693
17560,Stayed,0.40585333,0.59414667
68982,Left,0.652545,0.34745502
29515,Left,0.7243445,0.27565548
62679,Left,0.6871395,0.31286046
18710,Left,0.53684103,0.463159
39383,Stayed,0.027365685,0.9726343
55989,Left,0.9703516,0.029648442
43994,Stayed,0.36789733,0.63210267
8547,Stayed,0.051526487,0.9484735
55790,Stayed,0.34640133,0.65359867
9729,Stayed,0.43401212,0.5659879
47033,Left,0.6697154,0.3302846
19491,Left,0.94080234,0.05919765
32612,Stayed,0.020705998,0.979294
66330,Stayed,0.276573,0.723427
59757,Stayed,0.16074657,0.8392534
64774,Left,0.7898716,0.21012846
48491,Left,0.74356997,0.25643
21612,Stayed,0.28269964,0.71730036
3343,Stayed,0.3876599,0.6123401
40620,Stayed,0.46696854,0.53303146
65760,Stayed,0.48759782,0.5124022
23144,Stayed,0.04663694,0.95336306
1764,Left,0.5301702,0.4698298
36884,Left,0.9556866,0.04431335
8960,Stayed,0.20487964,0.79512036
73611,Stayed,0.048692226,0.9513078
12529,Stayed,0.1500271,0.8499729
6637,Left,0.80897564,0.19102435
16949,Left,0.5154793,0.48452067
29254,Left,0.8920296,0.10797043
74465,Stayed,0.26273835,0.73726165
39772,Left,0.6860548,0.3139452
49749,Left,0.6070202,0.3929798
44033,Stayed,0.14162672,0.8583733
30304,Left,0.8329843,0.16701566
15872,Left,0.84672475,0.15327525
20832,Left,0.7708896,0.22911043
43494,Stayed,0.30127406,0.69872594
44319,Stayed,0.28354996,0.71645004
13008,Stayed,0.34642816,0.65357184
62717,Left,0.8424614,0.15753861
22161,Left,0.93446577,0.065534264
61014,Stayed,0.09581286,0.90418714
5158,Stayed,0.40057898,0.599421
1403,Left,0.82587427,0.17412572
1231,Left,0.7541307,0.24586926
9114,Stayed,0.038309276,0.9616907
39006,Stayed,0.33017617,0.6698238
27615,Stayed,0.1289525,0.8710475
52813,Stayed,0.01283443,0.9871656
68464,Stayed,0.39420456,0.60579544
36775,Stayed,0.14261907,0.8573809
23038,Left,0.9030763,0.09692373
43065,Left,0.52099377,0.47900623
71894,Stayed,0.18791401,0.812086
7837,Left,0.8433337,0.15666628
56305,Left,0.60651475,0.39348525
64351,Stayed,0.2758075,0.7241925
66567,Left,0.7938681,0.20613189
9713,Left,0.7981369,0.2018631
60325,Stayed,0.049650252,0.95034975
20098,Stayed,0.029058993,0.970941
14399,Stayed,0.49827814,0.50172186
70728,Left,0.96852094,0.03147905
31180,Left,0.7395155,0.26048452
47944,Left,0.9471489,0.05285111
22205,Stayed,0.18443096,0.81556904
71790,Left,0.8535374,0.1464626
5634,Left,0.8040131,0.19598693
71094,Left,0.5899756,0.4100244
26382,Stayed,0.06347144,0.93652856
65714,Stayed,0.48548937,0.51451063
14048,Stayed,0.050186455,0.94981354
65827,Left,0.7683844,0.23161559
12111,Left,0.8044482,0.1955518
36538,Stayed,0.03947693,0.96052307
1327,Stayed,0.090216994,0.909783
28631,Left,0.53564316,0.46435684
15700,Left,0.66592646,0.33407354
69925,Left,0.723094,0.27690598
58205,Left,0.5720908,0.4279092
42047,Stayed,0.031526566,0.96847343
20410,Stayed,0.073889196,0.9261108
11608,Stayed,0.04649079,0.9535092
38955,Left,0.6569979,0.34300205
69984,Stayed,0.24487323,0.7551268
29026,Stayed,0.34278035,0.65721965
69901,Left,0.5942169,0.40578312
18796,Left,0.8225239,0.1774761
24865,Left,0.69487226,0.30512777
51521,Left,0.67007357,0.32992643
23859,Left,0.64194274,0.35805726
50060,Left,0.61221266,0.3877873
57687,Stayed,0.36528212,0.6347179
5224,Stayed,0.12546241,0.8745376
15529,Left,0.6574141,0.34258592
19913,Stayed,0.36153418,0.6384658
22649,Left,0.85820967,0.14179032
55742,Stayed,0.4691792,0.5308208
950,Stayed,0.4169733,0.5830267
53798,Left,0.7977424,0.20225756
6657,Left,0.9571466,0.04285343
13110,Left,0.7651965,0.23480348
45692,Left,0.67755747,0.32244256
40841,Left,0.9467565,0.05324352
51206,Left,0.813519,0.186481
40102,Left,0.9277315,0.07226846
72944,Stayed,0.121931076,0.8780689
5183,Left,0.88443273,0.11556727
13042,Stayed,0.11556071,0.8844393
7664,Left,0.87734133,0.122658655
57342,Left,0.61974776,0.38025224
54527,Stayed,0.035359085,0.9646409
24201,Left,0.5803206,0.4196794
69720,Stayed,0.27260774,0.72739226
61437,Stayed,0.37963432,0.6203657
48300,Stayed,0.23625708,0.7637429
2352,Stayed,0.46371382,0.5362862
54715,Stayed,0.33870643,0.66129357
42101,Left,0.6638998,0.3361002
73569,Stayed,0.44571984,0.55428016
30745,Left,0.5974201,0.40257993
2060,Left,0.98255366,0.01744635
37924,Left,0.67950416,0.32049584
10949,Stayed,0.0935989,0.9064011
51175,Left,0.9567947,0.0432053
25736,Stayed,0.2423209,0.7576791
62139,Stayed,0.32134563,0.6786544
33449,Stayed,0.45312816,0.54687184
24295,Left,0.6399081,0.3600919
55403,Stayed,0.12169975,0.87830025
16568,Left,0.92221665,0.07778335
60480,Left,0.9227963,0.07720368
26152,Stayed,0.16865784,0.83134216
68809,Left,0.90348744,0.096512526
60833,Left,0.7154896,0.2845104
1843,Left,0.9356493,0.064350754
13825,Stayed,0.40315163,0.59684837
56962,Stayed,0.30636698,0.693633
68953,Stayed,0.18368232,0.8163177
32000,Stayed,0.30815005,0.69184995
59293,Left,0.72129864,0.27870136
38708,Stayed,0.015315056,0.98468494
66985,Left,0.96107554,0.038924478
48290,Stayed,0.47413033,0.52586967
58473,Left,0.8535742,0.14642577
16867,Stayed,0.035345316,0.9646547
41670,Left,0.5044538,0.4955462
41072,Stayed,0.109651685,0.8903483
66420,Left,0.5821444,0.4178556
14120,Left,0.7703296,0.22967039
41808,Left,0.8789146,0.12108539
69089,Left,0.6042404,0.39575955
63339,Left,0.57089895,0.42910105
42244,Left,0.94152766,0.05847235
60256,Stayed,0.27434587,0.7256541
47437,Left,0.7608264,0.23917359
64398,Stayed,0.48300987,0.5169901
42613,Stayed,0.19547892,0.8045211
45041,Left,0.74714154,0.25285846
21364,Stayed,0.24871165,0.75128835
29134,Left,0.80799055,0.19200943
31691,Stayed,0.1828636,0.8171364
52457,Stayed,0.23112625,0.76887375
25375,Left,0.94636905,0.053630937
11363,Left,0.77777636,0.22222361
31578,Stayed,0.2485069,0.7514931
51420,Stayed,0.33865798,0.661342
6686,Left,0.65745324,0.34254676
32534,Left,0.8051478,0.19485217
26201,Stayed,0.21458465,0.78541535
30225,Left,0.67588437,0.3241156
57026,Left,0.7891357,0.2108643
35406,Stayed,0.12735301,0.872647
38535,Left,0.69102323,0.30897677
56291,Stayed,0.45894247,0.5410575
71457,Left,0.8916764,0.10832355
5876,Stayed,0.11581397,0.884186
14593,Stayed,0.37535942,0.6246406
61292,Left,0.6442208,0.3557792
64904,Stayed,0.09817827,0.90182173
66350,Left,0.78935987,0.21064012
5763,Left,0.77904606,0.22095391
2115,Stayed,0.3694111,0.6305889
32486,Left,0.6389175,0.3610825
2190,Stayed,0.20698297,0.793017
68681,Left,0.88295037,0.11704963
46595,Stayed,0.3485967,0.6514033
20714,Left,0.5421423,0.4578577
72537,Left,0.7827728,0.21722722
62119,Left,0.88982093,0.110179074
71687,Stayed,0.25997257,0.7400274
39198,Stayed,0.12682253,0.87317747
64664,Left,0.6206385,0.37936148
61180,Stayed,0.28495342,0.7150466
74013,Stayed,0.3807481,0.6192519
10698,Left,0.68614686,0.31385317
10093,Left,0.8289335,0.17106655
46471,Left,0.6582502,0.3417498
58081,Left,0.8709519,0.1290481
19697,Stayed,0.020924866,0.97907513
35308,Stayed,0.35054517,0.64945483
54489,Left,0.7402768,0.25972316
7145,Stayed,0.3882321,0.6117679
56338,Stayed,0.21568298,0.784317
72683,Left,0.9167184,0.083281584
69952,Left,0.614346,0.385654
37594,Stayed,0.27276224,0.72723776
9023,Left,0.6592188,0.34078124
10894,Stayed,0.32854563,0.67145437
14994,Left,0.95166063,0.048339386
11089,Left,0.7600246,0.23997541
43581,Stayed,0.15216339,0.8478366
15997,Left,0.787101,0.21289901
30234,Stayed,0.15119952,0.8488005
16914,Left,0.9550313,0.044968694
26547,Stayed,0.4322604,0.5677396
21547,Left,0.8125277,0.1874723
50779,Stayed,0.4808421,0.5191579
55396,Stayed,0.42805612,0.5719439
47360,Left,0.90656286,0.09343712
59405,Stayed,0.46195924,0.53804076
60358,Left,0.76912546,0.23087451
2010,Left,0.88161093,0.11838909
59144,Stayed,0.37536538,0.6246346
60885,Stayed,0.09234369,0.9076563
27802,Left,0.9110043,0.08899567
41958,Left,0.8011587,0.19884127
64327,Left,0.7877656,0.21223436
58254,Stayed,0.07511735,0.92488265
55248,Left,0.50364256,0.4963574
26787,Left,0.56865615,0.43134385
8749,Left,0.8439586,0.15604135
43892,Left,0.6923468,0.30765322
56267,Left,0.7597316,0.24026842
19243,Stayed,0.221089,0.778911
37338,Stayed,0.1303019,0.8696981
24923,Left,0.8797779,0.12022208
54173,Stayed,0.18641531,0.8135847
44430,Left,0.52774954,0.4722505
50667,Left,0.73085815,0.26914185
10154,Stayed,0.009772778,0.9902272
22938,Left,0.5091255,0.49087453
67330,Left,0.82131946,0.17868052
7417,Stayed,0.04188919,0.9581108
74434,Stayed,0.021414757,0.97858524
59291,Left,0.80990654,0.19009344
17013,Stayed,0.4352026,0.5647974
21219,Stayed,0.037958562,0.96204144
74274,Left,0.8880359,0.11196412
46721,Left,0.84642327,0.15357675
66714,Left,0.5596535,0.4403465
36501,Stayed,0.21541613,0.78458387
6371,Stayed,0.029770076,0.9702299
30790,Stayed,0.10454798,0.895452
51709,Left,0.54519004,0.45480996
10263,Stayed,0.07453883,0.9254612
40477,Stayed,0.030101895,0.9698981
20764,Stayed,0.38990533,0.61009467
53061,Left,0.5781915,0.42180848
40305,Stayed,0.07931763,0.9206824
59316,Left,0.9668037,0.033196256
9264,Stayed,0.12241477,0.87758523
41268,Left,0.9799527,0.020047337
16613,Left,0.5317534,0.4682466
30577,Left,0.55671036,0.44328967
20804,Left,0.8864763,0.11352373
59795,Left,0.63962966,0.36037034
54840,Stayed,0.4277841,0.5722159
11456,Stayed,0.06962544,0.93037456
18035,Left,0.9032636,0.096736394
3508,Stayed,0.49060953,0.5093905
18140,Left,0.50710166,0.49289837
35809,Left,0.9672251,0.032774925
11857,Stayed,0.10822284,0.89177716
38456,Stayed,0.06309909,0.9369009
40293,Left,0.8116809,0.18831909
20625,Left,0.71214044,0.28785953
29822,Stayed,0.044214725,0.9557853
1575,Left,0.5026351,0.49736488
38428,Stayed,0.43966848,0.5603315
13718,Stayed,0.17444026,0.82555974
19373,Left,0.63004804,0.369952
47163,Stayed,0.17126173,0.8287383
40730,Stayed,0.043289483,0.9567105
63407,Left,0.68177974,0.31822023
35165,Stayed,0.12802064,0.87197936
72188,Left,0.8335612,0.1664388
4067,Stayed,0.10186958,0.8981304
25078,Left,0.60399246,0.39600757
15057,Left,0.8796796,0.12032036
22573,Stayed,0.34751338,0.6524866
37943,Stayed,0.35721225,0.64278775
64895,Left,0.84283686,0.15716317
14645,Stayed,0.10815847,0.89184153
31869,Stayed,0.13197309,0.8680269
46788,Stayed,0.25528967,0.7447103
28878,Left,0.8532715,0.14672849
65081,Left,0.9907305,0.009269494
48879,Stayed,0.2460559,0.7539441
31928,Stayed,0.26598114,0.73401886
789,Stayed,0.029086828,0.9709132
19265,Left,0.9783142,0.021685787
32673,Stayed,0.41713822,0.5828618
59902,Left,0.9065282,0.09347182
46635,Left,0.8766555,0.12334448
5983,Stayed,0.31589735,0.68410265
213,Stayed,0.488805,0.511195
2300,Left,0.77566886,0.22433114
30674,Stayed,0.19987524,0.80012476
12594,Stayed,0.3185891,0.6814109
45756,Left,0.67721045,0.32278958
35464,Stayed,0.07091582,0.9290842
73061,Left,0.7663979,0.23360209
40105,Stayed,0.4348415,0.5651585
44925,Stayed,0.49966604,0.50033396
31695,Stayed,0.15396613,0.8460339
3293,Stayed,0.44080472,0.5591953
15816,Stayed,0.26307875,0.73692125
29046,Left,0.9848116,0.015188372
22922,Stayed,0.38400072,0.6159993
40692,Stayed,0.100102365,0.89989763
17824,Stayed,0.19838023,0.80161977
36331,Left,0.74281573,0.2571843
1036,Stayed,0.23870504,0.76129496
3081,Left,0.53143203,0.468568
16225,Stayed,0.21989864,0.78010136
55456,Stayed,0.10334551,0.8966545
27659,Left,0.82559174,0.17440824
51065,Left,0.9231099,0.07689012
24981,Stayed,0.264403,0.735597
66508,Left,0.8208249,0.17917508
49907,Stayed,0.49770242,0.5022976
70443,Stayed,0.056295812,0.9437042
52748,Stayed,0.06675249,0.9332475
60437,Stayed,0.07230377,0.9276962
48144,Stayed,0.068662405,0.9313376
63790,Stayed,0.08411813,0.9158819
69148,Left,0.9664266,0.033573397
40416,Stayed,0.28247708,0.7175229
12441,Stayed,0.40288162,0.5971184
36615,Stayed,0.4852569,0.5147431
59884,Stayed,0.3020764,0.6979236
59832,Left,0.78067076,0.21932924
7480,Stayed,0.25763947,0.74236053
62697,Stayed,0.16631967,0.83368033
13814,Left,0.7200787,0.27992132
30228,Stayed,0.28071922,0.7192808
36041,Left,0.51831245,0.48168755
10183,Left,0.70686984,0.29313016
72145,Left,0.52794504,0.472055
64678,Left,0.6152098,0.3847902
41157,Left,0.8539406,0.14605941
46891,Left,0.83982635,0.16017367
58187,Left,0.85569906,0.14430091
268,Left,0.5708494,0.42915058
9799,Left,0.754475,0.24552497
15138,Stayed,0.2801944,0.7198056
67584,Stayed,0.28111076,0.71888924
29780,Left,0.739753,0.26024702
821,Left,0.50610685,0.49389315
18360,Left,0.9690124,0.03098764
23176,Stayed,0.20560682,0.7943932
9106,Stayed,0.35871792,0.6412821
60593,Stayed,0.48403603,0.515964
44969,Left,0.5300629,0.4699371
31381,Stayed,0.46633244,0.53366756
26314,Left,0.6839333,0.31606668
73547,Stayed,0.27862036,0.72137964
41807,Left,0.8812921,0.11870789
49019,Stayed,0.46641487,0.53358513
29008,Left,0.8150326,0.18496743
12601,Stayed,0.44607216,0.55392784
45447,Stayed,0.49368936,0.50631064
7706,Stayed,0.14283329,0.8571667
2687,Left,0.81632125,0.18367876
63781,Stayed,0.23269063,0.76730937
69681,Stayed,0.026599705,0.9734003
63684,Stayed,0.15876472,0.8412353
44938,Left,0.7301051,0.2698949
11374,Left,0.888635,0.11136501
58184,Stayed,0.48651767,0.51348233
60071,Stayed,0.34754503,0.652455
721,Left,0.86633295,0.13366705
15500,Stayed,0.3213238,0.6786762
43377,Stayed,0.44889486,0.55110514
47881,Stayed,0.062219143,0.93778086
16531,Left,0.7222935,0.2777065
11297,Left,0.9840528,0.015947234
32998,Stayed,0.48000473,0.5199953
8910,Stayed,0.2105397,0.7894603
20603,Stayed,0.33444345,0.66555655
14362,Stayed,0.10029715,0.89970285
29388,Stayed,0.12484658,0.8751534
73337,Left,0.82734156,0.17265846
52898,Stayed,0.056197822,0.9438022
57753,Stayed,0.13183069,0.8681693
50066,Left,0.8483663,0.1516337
22614,Stayed,0.09083086,0.90916914
38598,Stayed,0.02056235,0.97943765
59806,Stayed,0.4724229,0.5275771
11996,Left,0.9558276,0.044172376
36071,Stayed,0.26386738,0.7361326
58004,Left,0.9311323,0.068867706
38644,Left,0.7588779,0.24112213
46774,Stayed,0.1366061,0.8633939
44535,Stayed,0.06639707,0.9336029
42287,Stayed,0.25978255,0.74021745
64079,Left,0.5536591,0.44634092
22546,Left,0.7281219,0.2718781
18394,Left,0.51309633,0.48690367
5987,Left,0.62482387,0.37517613
54113,Stayed,0.09541565,0.90458435
12937,Left,0.862201,0.13779901
50275,Left,0.69503313,0.30496687
9009,Left,0.5753387,0.42466125
9452,Stayed,0.14295399,0.857046
7980,Stayed,0.037957966,0.96204203
39475,Stayed,0.05841309,0.9415869
62466,Left,0.6931126,0.30688742
28043,Left,0.6554471,0.3445529
24665,Left,0.5988281,0.40117195
68937,Left,0.5122874,0.4877126
28108,Stayed,0.38067323,0.6193268
50162,Stayed,0.45937598,0.540624
33357,Stayed,0.091870844,0.90812916
19736,Stayed,0.40976,0.59024
32170,Left,0.6086613,0.39133868
48186,Left,0.9808575,0.019142522
28462,Stayed,0.27370042,0.7262996
67665,Stayed,0.13210857,0.86789143
24889,Left,0.6778033,0.32219672
6480,Stayed,0.18366504,0.81633496
19569,Stayed,0.15945262,0.8405474
21982,Left,0.8389214,0.16107854
18201,Left,0.501788,0.49821195
35135,Stayed,0.14255899,0.857441
46400,Stayed,0.124554336,0.87544566
34825,Left,0.8342498,0.1657502
34908,Stayed,0.048496485,0.9515035
54476,Left,0.59987,0.40012997
61797,Left,0.81479466,0.18520534
56011,Left,0.63222575,0.36777422
31244,Left,0.87317395,0.12682602
9310,Left,0.9042283,0.09577165
4423,Stayed,0.1786958,0.8213042
13288,Left,0.6444336,0.35556635
10475,Left,0.62183356,0.37816647
64434,Stayed,0.4145502,0.5854498
46873,Stayed,0.3768177,0.6231823
47782,Stayed,0.3987522,0.6012478
42410,Stayed,0.15547001,0.84453
4080,Stayed,0.047326326,0.9526737
43346,Left,0.7371534,0.2628466
62182,Left,0.7044079,0.29559213
51559,Stayed,0.20585394,0.79414606
56107,Left,0.8937308,0.1062692
972,Stayed,0.23183316,0.76816684
24180,Left,0.58081794,0.41918206
18046,Left,0.8121888,0.18781121
3800,Stayed,0.20664793,0.79335207
42075,Left,0.5543023,0.44569772
12308,Stayed,0.29603744,0.70396256
72081,Left,0.78211296,0.21788707
55283,Stayed,0.4302193,0.5697807
37544,Stayed,0.41593677,0.58406323
62927,Stayed,0.064149976,0.93585
12039,Stayed,0.104490936,0.89550906
46566,Left,0.63856435,0.36143568
56710,Stayed,0.31405574,0.68594426
18850,Stayed,0.094177544,0.90582246
5346,Stayed,0.011171162,0.98882884
62388,Left,0.6838677,0.31613234
57684,Stayed,0.057274103,0.9427259
51719,Stayed,0.049025297,0.9509747
55822,Stayed,0.45059717,0.54940283
25409,Left,0.9498825,0.050117467
39700,Left,0.88661635,0.11338365
53372,Left,0.5328163,0.46718368
42932,Left,0.7924415,0.20755854
58237,Left,0.85339713,0.14660287
25828,Left,0.873402,0.12659802
22631,Stayed,0.4580509,0.5419491
23924,Left,0.93485224,0.06514776
45670,Left,0.5226855,0.47731447
30863,Stayed,0.48088777,0.5191122
30961,Left,0.5716349,0.42836508
41456,Left,0.67994654,0.32005346
34943,Stayed,0.14950097,0.85049903
51184,Left,0.83185214,0.16814788
64899,Stayed,0.38217068,0.6178293
16538,Stayed,0.47724968,0.5227503
24053,Left,0.8915239,0.108476125
15786,Stayed,0.16054219,0.8394578
10584,Left,0.69169116,0.30830884
61151,Stayed,0.45403206,0.54596794
42454,Left,0.50671923,0.4932808
35833,Left,0.5558995,0.44410053
22819,Stayed,0.48628706,0.51371294
1697,Stayed,0.30791128,0.6920887
32623,Left,0.51310456,0.4868954
59309,Left,0.60752475,0.39247528
14544,Left,0.59263384,0.40736616
10853,Stayed,0.24796474,0.75203526
37772,Stayed,0.042293668,0.95770633
63969,Stayed,0.41724813,0.58275187
43134,Left,0.5273074,0.47269264
73759,Left,0.8650223,0.13497767
14230,Left,0.7498003,0.2501997
54959,Left,0.58726215,0.41273782
73139,Stayed,0.07005644,0.92994356
69508,Left,0.95752686,0.04247314
10103,Stayed,0.14399433,0.85600567
66211,Left,0.8639525,0.13604751
54230,Stayed,0.107346356,0.89265364
45744,Left,0.54870176,0.45129824
1004,Stayed,0.010054648,0.98994535
8709,Left,0.85300577,0.14699422
35349,Left,0.8724812,0.12751874
66473,Stayed,0.048541963,0.95145804
38995,Stayed,0.018592298,0.9814077
30297,Left,0.9073802,0.092619754
33185,Stayed,0.20309716,0.79690284
48790,Left,0.7551707,0.2448293
35310,Stayed,0.48640686,0.51359314
42954,Stayed,0.04439026,0.95560974
3621,Left,0.8348354,0.16516457
57759,Left,0.56158423,0.43841574
14607,Left,0.7271161,0.27288386
41229,Left,0.8090044,0.19099556
6202,Stayed,0.30369848,0.6963015
40698,Stayed,0.24936426,0.75063574
60252,Left,0.97408855,0.025911426
14188,Stayed,0.3016793,0.6983207
66379,Stayed,0.09442526,0.90557474
59069,Stayed,0.12340677,0.87659323
37319,Stayed,0.18198597,0.818014
27675,Stayed,0.31845808,0.6815419
4161,Stayed,0.42408758,0.5759124
43960,Stayed,0.2327851,0.7672149
55794,Stayed,0.13726419,0.8627358
65170,Left,0.5866207,0.41337934
60193,Left,0.79486865,0.20513134
50553,Stayed,0.048940957,0.95105904
38592,Left,0.5935621,0.40643787
20396,Stayed,0.28468138,0.7153186
59600,Stayed,0.016123235,0.98387676
46499,Stayed,0.38848877,0.61151123
57089,Stayed,0.30310017,0.69689983
47812,Stayed,0.22178078,0.7782192
63648,Stayed,0.19113928,0.8088607
2772,Left,0.89953476,0.10046526
65507,Stayed,0.1549477,0.8450523
44614,Stayed,0.10541284,0.89458716
5555,Left,0.8618578,0.13814224
5257,Stayed,0.4186747,0.5813253
40231,Left,0.6454359,0.35456404
69034,Left,0.91895276,0.08104723
43777,Stayed,0.06656903,0.93343097
62071,Left,0.84291714,0.15708284
51672,Left,0.71083546,0.2891645
10435,Stayed,0.2807207,0.7192793
36985,Left,0.93456763,0.065432385
39557,Stayed,0.40100455,0.59899545
45934,Stayed,0.08517766,0.91482234
10926,Stayed,0.33255357,0.66744643
5717,Left,0.83905476,0.16094525
58042,Stayed,0.1024549,0.8975451
44481,Stayed,0.08434075,0.91565925
50400,Stayed,0.36266065,0.63733935
19708,Stayed,0.40004116,0.59995884
48494,Left,0.55541456,0.44458544
38114,Left,0.5235307,0.4764693
70358,Stayed,0.051553488,0.9484465
33414,Stayed,0.38331002,0.61669
57775,Stayed,0.11056656,0.88943344
40625,Stayed,0.21828145,0.78171855
69999,Left,0.90906954,0.09093043
43742,Left,0.5427413,0.45725867
74093,Left,0.6925894,0.30741063
62532,Stayed,0.044720113,0.9552799
10743,Stayed,0.21220541,0.7877946
49828,Stayed,0.2060796,0.7939204
14238,Stayed,0.15581524,0.84418476
21714,Left,0.79862946,0.20137052
39813,Stayed,0.17772597,0.822274
28502,Left,0.96886665,0.031133344
72163,Stayed,0.33920634,0.66079366
47582,Stayed,0.34496957,0.6550304
52920,Stayed,0.2697568,0.7302432
58417,Stayed,0.079419374,0.9205806
21103,Stayed,0.20294106,0.79705894
2731,Left,0.534682,0.46531802
44587,Stayed,0.42145997,0.57854
60002,Stayed,0.09358615,0.90641385
60467,Stayed,0.020382822,0.9796172
35318,Left,0.6394093,0.36059073
38422,Stayed,0.32231104,0.67768896
58246,Left,0.85791594,0.14208405
57302,Stayed,0.09823507,0.9017649
19410,Stayed,0.43534786,0.56465214
64140,Stayed,0.04323131,0.9567687
32321,Stayed,0.18812203,0.81187797
68272,Left,0.5604212,0.43957874
29415,Stayed,0.39852554,0.60147446
9198,Stayed,0.26765764,0.73234236
20850,Left,0.8859831,0.11401687
64663,Stayed,0.07608932,0.9239107
47961,Stayed,0.28186613,0.71813387
14722,Stayed,0.07564056,0.92435944
52388,Left,0.56605554,0.4339445
38822,Stayed,0.0892666,0.9107334
6060,Left,0.6670586,0.33294138
37671,Left,0.9043414,0.0956586
907,Left,0.9062827,0.09371726
9574,Left,0.96206677,0.037933245
55232,Stayed,0.20747334,0.79252666
33266,Stayed,0.034436047,0.96556395
58238,Stayed,0.18010855,0.81989145
68238,Stayed,0.07043064,0.92956936
71445,Left,0.6896642,0.31033581
17915,Left,0.9122902,0.08770981
22757,Stayed,0.07881564,0.92118436
28873,Stayed,0.24724436,0.75275564
68727,Stayed,0.17500758,0.8249924
71281,Stayed,0.12444401,0.875556
38692,Left,0.6544056,0.34559444
25809,Stayed,0.4368677,0.5631323
51975,Stayed,0.39420998,0.60579
18738,Left,0.8044468,0.19555321
57420,Stayed,0.0328148,0.9671852
16811,Stayed,0.15843916,0.84156084
47805,Left,0.6466999,0.35330006
56082,Stayed,0.17025435,0.82974565
60291,Stayed,0.47067422,0.5293258
944,Left,0.83143556,0.16856444
69663,Stayed,0.25278598,0.747214
24671,Stayed,0.47977096,0.52022904
70560,Left,0.5370304,0.4629696
74385,Left,0.6231052,0.37689477
65021,Left,0.850724,0.149276
53409,Stayed,0.27926654,0.72073346
42229,Stayed,0.05710697,0.942893
70635,Stayed,0.38010764,0.61989236
19779,Stayed,0.04402989,0.9559701
47427,Left,0.95491934,0.04508064
70792,Left,0.7812908,0.21870916
45674,Left,0.84706026,0.15293975
903,Left,0.93814903,0.06185095
62267,Left,0.9002171,0.099782884
22383,Stayed,0.38395983,0.61604017
66791,Stayed,0.4543882,0.5456118
59051,Stayed,0.46745497,0.53254503
5087,Left,0.73426914,0.26573086
73966,Stayed,0.2631033,0.7368967
71646,Stayed,0.3030402,0.6969598
33113,Stayed,0.15386128,0.8461387
35649,Left,0.8723012,0.12769878
36200,Stayed,0.2521484,0.7478516
37523,Left,0.7936175,0.2063825
39377,Left,0.9723124,0.027687613
30852,Left,0.97925574,0.020744238
18807,Left,0.7684338,0.2315662
57780,Stayed,0.3930514,0.6069486
27027,Left,0.6852102,0.31478974
16987,Stayed,0.37223798,0.627762
68939,Stayed,0.15956819,0.8404318
48996,Stayed,0.31000698,0.689993
2287,Left,0.8710242,0.12897582
59059,Stayed,0.049442947,0.95055705
66490,Left,0.7532605,0.24673949
28837,Stayed,0.42043483,0.57956517
50354,Left,0.5230639,0.4769361
40449,Left,0.86344594,0.13655408
20398,Stayed,0.14092958,0.8590704
8389,Stayed,0.2435993,0.7564007
19967,Left,0.634452,0.36554798
63183,Stayed,0.36229247,0.63770753
26514,Stayed,0.15302652,0.8469735
29110,Left,0.8138992,0.18610078
46386,Stayed,0.47558784,0.52441216
62117,Left,0.5444358,0.4555642
48280,Stayed,0.18394625,0.81605375
41494,Stayed,0.28225958,0.7177404
5605,Stayed,0.48261106,0.51738894
64143,Stayed,0.3305087,0.6694913
1825,Stayed,0.38775802,0.612242
14947,Stayed,0.05754578,0.9424542
46621,Left,0.93698955,0.06301043
12554,Stayed,0.16643167,0.83356833
62338,Stayed,0.1673215,0.8326785
43515,Stayed,0.3849393,0.6150607
30673,Stayed,0.2661813,0.7338187
26680,Left,0.5791663,0.4208337
50450,Stayed,0.38828993,0.6117101
28136,Left,0.532228,0.46777198
69175,Stayed,0.2864315,0.7135685
14014,Left,0.65061164,0.34938836
54059,Left,0.65695983,0.34304017
19316,Stayed,0.4678982,0.5321018
57578,Left,0.70426065,0.29573935
28627,Left,0.9453453,0.05465472
72971,Stayed,0.034700036,0.96529996
62054,Left,0.58292705,0.41707295
28495,Left,0.90773076,0.09226924
45405,Stayed,0.419734,0.580266
59631,Left,0.52314717,0.47685283
47528,Stayed,0.12295604,0.87704396
14849,Stayed,0.10863733,0.89136267
5131,Stayed,0.04740143,0.9525986
70711,Left,0.6604252,0.33957478
65382,Stayed,0.3369373,0.6630627
71417,Left,0.54218316,0.45781687
65892,Stayed,0.3177849,0.6822151
31781,Left,0.79025203,0.20974796
61602,Stayed,0.031945467,0.96805453
67583,Stayed,0.19738913,0.8026109
3426,Stayed,0.43569583,0.5643042
3058,Stayed,0.3468215,0.6531785
8154,Stayed,0.14145464,0.85854536
24066,Left,0.6486994,0.35130057
66948,Stayed,0.16514921,0.8348508
69209,Stayed,0.14830434,0.85169566
56108,Left,0.61148995,0.38851005
63162,Stayed,0.24576145,0.75423855
54928,Stayed,0.13945395,0.86054605
15062,Left,0.6816969,0.31830308
59502,Stayed,0.066753566,0.93324643
16608,Left,0.6592546,0.3407454
15147,Left,0.6180248,0.38197517
30283,Stayed,0.19887614,0.80112386
28311,Left,0.66859436,0.33140567
28073,Left,0.6225407,0.37745926
56696,Stayed,0.35317683,0.64682317
73141,Left,0.89989907,0.10010091
39183,Left,0.6546818,0.3453182
4071,Stayed,0.035320938,0.96467906
50106,Stayed,0.051855505,0.9481445
44641,Left,0.73796546,0.26203457
14734,Stayed,0.25236422,0.7476358
67557,Left,0.97496176,0.02503823
73203,Left,0.640713,0.35928705
74051,Left,0.7126565,0.28734353
5792,Stayed,0.049393594,0.9506064
13292,Stayed,0.4576822,0.5423178
51558,Left,0.97963196,0.020368021
4511,Left,0.8395797,0.16042028
9249,Stayed,0.427692,0.572308
1831,Stayed,0.01741457,0.98258543
60497,Left,0.6146114,0.3853886
55229,Stayed,0.26451606,0.73548394
39115,Stayed,0.13411814,0.86588186
65008,Left,0.5445758,0.45542422
35715,Stayed,0.4711467,0.5288533
56923,Left,0.8139379,0.18606213
21822,Stayed,0.048262775,0.9517372
66731,Stayed,0.4874367,0.5125633
27358,Stayed,0.14454526,0.85545474
45619,Stayed,0.38792711,0.6120729
275,Stayed,0.46645534,0.53354466
39290,Left,0.8329909,0.16700909
15360,Stayed,0.07563853,0.92436147
29350,Left,0.9705535,0.02944648
9580,Left,0.78325266,0.21674736
31400,Left,0.8586534,0.14134657
67302,Stayed,0.31288683,0.68711317
54514,Stayed,0.16861713,0.8313829
29154,Left,0.9056125,0.09438748
36659,Stayed,0.1461013,0.8538987
62534,Stayed,0.34393072,0.6560693
50539,Left,0.8908696,0.10913037
2969,Left,0.8896523,0.11034767
32392,Left,0.5711026,0.42889735
7744,Stayed,0.05692464,0.94307536
68648,Left,0.58506805,0.41493195
16344,Stayed,0.19138503,0.80861497
62406,Left,0.9336473,0.0663527
11542,Left,0.59794134,0.40205866
30305,Stayed,0.26958883,0.7304112
7041,Stayed,0.12106359,0.8789364
13703,Stayed,0.054620445,0.94537956
19274,Left,0.97423816,0.025761822
1765,Stayed,0.16272599,0.837274
458,Stayed,0.061191082,0.9388089
16387,Stayed,0.48968858,0.5103114
49508,Stayed,0.24397057,0.7560294
5924,Left,0.8243162,0.17568381
35670,Stayed,0.29292607,0.7070739
52085,Left,0.9216737,0.07832629
14316,Stayed,0.2575909,0.7424091
29823,Left,0.63099533,0.36900467
63758,Stayed,0.017946243,0.98205376
21272,Stayed,0.33300042,0.6669996
67854,Stayed,0.15575403,0.844246
445,Stayed,0.13160402,0.868396
18925,Stayed,0.012188017,0.987812
74117,Stayed,0.14761811,0.8523819
67878,Stayed,0.22850788,0.7714921
45662,Left,0.9618133,0.03818675
14255,Stayed,0.15460312,0.8453969
32454,Stayed,0.29950625,0.70049375
25568,Stayed,0.29650182,0.7034982
43180,Left,0.8259081,0.17409188
21730,Left,0.9661347,0.03386526
10931,Left,0.9343776,0.06562238
11516,Left,0.60154116,0.3984588
21318,Left,0.68885815,0.31114188
56302,Stayed,0.1109457,0.8890543
16137,Stayed,0.40147072,0.5985293
65157,Left,0.58303523,0.4169648
32337,Left,0.78910494,0.21089505
37763,Stayed,0.38236094,0.61763906
55434,Left,0.61571574,0.38428423
54992,Stayed,0.41865593,0.58134407
57903,Left,0.77030057,0.22969942
67797,Left,0.70290387,0.2970961
34242,Left,0.74564964,0.25435036
74199,Left,0.7541975,0.24580255
2783,Left,0.7155187,0.28448126
10308,Stayed,0.030310512,0.9696895
31930,Stayed,0.48599392,0.5140061
55683,Left,0.55002236,0.44997767
40046,Left,0.7171798,0.2828202
760,Left,0.6487992,0.35120082
70347,Stayed,0.3458674,0.6541326
39325,Stayed,0.39824665,0.60175335
30720,Stayed,0.1666866,0.8333134
45031,Stayed,0.08104855,0.91895145
71652,Left,0.97862595,0.021374019
72792,Left,0.8253609,0.17463912
69160,Stayed,0.48276258,0.5172374
40351,Stayed,0.08281952,0.9171805
29478,Stayed,0.15780395,0.84219605
8469,Stayed,0.18448156,0.81551844
11790,Left,0.6269548,0.3730452
58295,Left,0.86088395,0.13911608
52215,Stayed,0.12452006,0.87547994
57756,Stayed,0.023177505,0.9768225
50087,Left,0.74936914,0.2506309
5071,Left,0.94208467,0.0579153
26004,Stayed,0.4167782,0.5832218
12083,Left,0.6259188,0.3740812
20808,Left,0.96246976,0.03753026
13553,Stayed,0.038906574,0.9610934
45598,Left,0.6800737,0.31992632
15102,Left,0.7724504,0.22754961
38396,Stayed,0.4514112,0.5485888
27966,Stayed,0.11051458,0.8894854
21545,Stayed,0.3547451,0.6452549
13805,Stayed,0.35534322,0.6446568
4156,Stayed,0.10094839,0.8990516
20781,Left,0.6815492,0.3184508
13038,Stayed,0.0923692,0.9076308
5492,Left,0.683897,0.31610298
15622,Stayed,0.382226,0.617774
47507,Stayed,0.2495147,0.7504853
43125,Stayed,0.22968137,0.7703186
50417,Stayed,0.21043283,0.7895672
33186,Left,0.74835,0.25164998
21657,Stayed,0.31152576,0.68847424
26477,Stayed,0.42971486,0.57028514
51239,Left,0.94027656,0.059723444
29148,Left,0.9340538,0.06594621
38889,Stayed,0.032165706,0.9678343
28514,Left,0.69861865,0.30138135
51692,Left,0.6562183,0.3437817
58501,Stayed,0.2960834,0.7039166
13874,Left,0.5447896,0.4552104
47495,Left,0.87069225,0.12930775
71635,Left,0.8967126,0.10328738
52512,Stayed,0.07017273,0.9298273
12751,Stayed,0.23943883,0.76056117
42169,Stayed,0.025627792,0.9743722
46444,Left,0.690269,0.309731
17383,Stayed,0.43735665,0.56264335
63931,Left,0.54174346,0.45825654
31989,Stayed,0.29419297,0.70580703
42134,Left,0.81827337,0.18172662
14337,Left,0.95855916,0.041440863
33359,Stayed,0.037406147,0.96259385
73681,Stayed,0.2703792,0.7296208
565,Left,0.6427388,0.35726118
16130,Left,0.7889004,0.2110996
64446,Left,0.89554805,0.10445196
36062,Stayed,0.03439939,0.9656006
42028,Left,0.80088055,0.19911946
11038,Stayed,0.45080245,0.54919755
26259,Left,0.5070846,0.49291542
71172,Left,0.8416708,0.15832919
13695,Stayed,0.07866287,0.9213371
74412,Stayed,0.26981312,0.7301869
47105,Left,0.6055689,0.3944311
32030,Stayed,0.059410095,0.9405899
8559,Left,0.54972553,0.45027447
11551,Stayed,0.28584582,0.7141542
11926,Stayed,0.2788331,0.7211669
39802,Stayed,0.40137428,0.5986257
55493,Left,0.7248659,0.27513412
43108,Stayed,0.49754113,0.5024589
19998,Left,0.793385,0.20661494
13392,Left,0.8310713,0.16892867
52271,Stayed,0.2630738,0.7369262
9147,Stayed,0.3613659,0.6386341
33817,Stayed,0.4391042,0.5608958
23012,Stayed,0.4683137,0.5316863
3065,Stayed,0.18967885,0.81032115
25780,Stayed,0.4365161,0.5634839
33267,Left,0.8163556,0.18364443
8980,Stayed,0.35011828,0.6498817
74007,Left,0.6821052,0.3178948
67773,Left,0.50430965,0.49569038
28580,Left,0.8217197,0.17828031
21611,Stayed,0.31381547,0.6861845
52678,Left,0.9451358,0.054864228
71847,Left,0.9476386,0.05236145
19313,Left,0.83104074,0.16895926
27798,Stayed,0.4533139,0.5466861
71791,Stayed,0.13398921,0.8660108
58512,Left,0.5956822,0.4043178
57613,Left,0.8608699,0.13913015
18442,Stayed,0.3728245,0.6271755
380,Left,0.6066278,0.3933722
50285,Stayed,0.21988046,0.78011954
70446,Left,0.7008079,0.2991921
28147,Left,0.83847326,0.16152672
68870,Stayed,0.08789539,0.9121046
42610,Left,0.7175582,0.2824418
28151,Left,0.67906904,0.320931
31999,Left,0.6132302,0.38676977
9376,Stayed,0.010790288,0.9892097
39921,Stayed,0.17307389,0.8269261
41694,Stayed,0.23818159,0.7618184
22493,Left,0.6127788,0.38722125
66185,Stayed,0.4381705,0.5618295
41820,Stayed,0.48065048,0.5193495
33253,Stayed,0.09088123,0.9091188
7291,Stayed,0.48043263,0.5195674
10366,Left,0.8979942,0.10200577
30543,Left,0.9652531,0.0347469
48106,Stayed,0.29498732,0.7050127
8162,Stayed,0.44706345,0.55293655
48353,Left,0.5383241,0.4616759
26349,Left,0.8288314,0.17116863
26411,Stayed,0.39980417,0.6001958
13507,Stayed,0.081712246,0.91828775
31506,Stayed,0.20880848,0.7911915
11950,Left,0.8303826,0.16961741
2743,Left,0.9616334,0.03836659
55247,Left,0.77119654,0.22880344
56433,Stayed,0.34544784,0.65455216
38927,Stayed,0.010345995,0.989654
19958,Stayed,0.062357962,0.93764204
56728,Left,0.5153228,0.48467717
181,Left,0.6928613,0.3071387
19497,Left,0.95729846,0.04270156
5327,Stayed,0.35520738,0.6447926
55632,Left,0.91095835,0.08904163
49496,Left,0.6619378,0.33806223
52469,Stayed,0.10719097,0.89280903
68053,Stayed,0.27909607,0.72090393
52691,Stayed,0.16038322,0.8396168
53573,Stayed,0.34012884,0.65987116
51803,Left,0.76282406,0.23717593
26511,Left,0.9762595,0.023740465
14140,Stayed,0.048772097,0.9512279
28293,Stayed,0.1284073,0.8715927
56904,Left,0.81130296,0.18869704
34006,Stayed,0.20441657,0.7955834
17377,Stayed,0.09886783,0.90113217
65935,Stayed,0.34425116,0.65574884
26536,Left,0.6960782,0.3039218
14314,Left,0.8004724,0.1995276
30177,Left,0.92257094,0.077429034
67837,Left,0.9509342,0.049065806
56141,Left,0.97393227,0.026067762
49468,Left,0.5687796,0.43122038
54440,Left,0.8021656,0.19783436
17970,Left,0.5750321,0.4249679
67686,Stayed,0.15473491,0.8452651
5429,Stayed,0.051178694,0.9488213
31079,Stayed,0.17781103,0.822189
32101,Left,0.9196732,0.0803268
29385,Stayed,0.44719386,0.55280614
16578,Stayed,0.19655174,0.80344826
38782,Stayed,0.08130646,0.91869354
14697,Left,0.7214043,0.27859572
59900,Left,0.92337084,0.07662918
7990,Left,0.6436446,0.35635543
49524,Left,0.8137564,0.18624361
24651,Stayed,0.25361735,0.74638265
44748,Left,0.83461726,0.16538274
9625,Stayed,0.42963517,0.57036483
41924,Stayed,0.3430546,0.6569454
5707,Stayed,0.41181308,0.5881869
35473,Stayed,0.044402897,0.9555971
62340,Left,0.6404532,0.35954675
52497,Stayed,0.12018293,0.87981707
47516,Left,0.8811919,0.11880807
4879,Stayed,0.25887978,0.7411202
16581,Stayed,0.2662753,0.7337247
59786,Stayed,0.45471203,0.54528797
45145,Left,0.7466365,0.25336352
43865,Stayed,0.4996633,0.5003367
36832,Stayed,0.27254957,0.72745043
43484,Stayed,0.1523965,0.8476035
63128,Stayed,0.042734206,0.9572658
67922,Stayed,0.039474428,0.9605256
58258,Stayed,0.2466194,0.7533806
25201,Left,0.6120013,0.3879987
41669,Stayed,0.3061512,0.6938488
63326,Stayed,0.14213157,0.85786843
48161,Stayed,0.4816751,0.5183249
26892,Stayed,0.28159618,0.7184038
2781,Left,0.605942,0.39405796
42006,Left,0.8581346,0.14186534
34305,Left,0.92696846,0.073031515
34008,Left,0.7232842,0.27671582
1247,Stayed,0.31541294,0.68458706
34039,Stayed,0.4229415,0.5770585
20175,Left,0.9579671,0.042032886
37059,Left,0.7399775,0.26002252
73212,Stayed,0.32554585,0.67445415
34645,Left,0.6859331,0.31406686
51384,Left,0.5629389,0.43706104
9999,Left,0.88582116,0.11417883
3309,Left,0.7767078,0.22329217
68108,Stayed,0.20872933,0.7912707
63867,Stayed,0.14314866,0.85685134
20561,Left,0.88160974,0.11839027
34629,Stayed,0.099411905,0.9005881
56871,Left,0.5097217,0.4902783
26132,Stayed,0.47856313,0.52143687
70043,Stayed,0.018727541,0.98127246
57079,Left,0.9148704,0.08512962
48933,Stayed,0.4617434,0.5382566
11300,Stayed,0.4221874,0.5778126
73401,Stayed,0.10848278,0.8915172
9898,Stayed,0.31070155,0.68929845
38987,Left,0.8461631,0.1538369
36228,Left,0.7941576,0.20584236
33020,Stayed,0.44283414,0.55716586
41978,Left,0.53879863,0.46120137
27293,Left,0.98703873,0.012961288
2904,Stayed,0.4801246,0.5198754
25435,Stayed,0.08219814,0.91780186
72334,Left,0.7552686,0.2447314
6838,Stayed,0.29722428,0.7027757
71939,Left,0.69821024,0.30178973
6753,Left,0.7913982,0.20860179
52998,Stayed,0.46690738,0.5330926
48260,Stayed,0.11464983,0.88535017
48783,Stayed,0.16427803,0.83572197
274,Stayed,0.03959316,0.96040684
24033,Stayed,0.17227638,0.8277236
33962,Left,0.84826523,0.15173478
58560,Left,0.6427289,0.35727108
61543,Left,0.8901261,0.10987387
60962,Left,0.786301,0.213699
13589,Stayed,0.052059054,0.94794095
66190,Left,0.5509177,0.44908231
67030,Left,0.71415347,0.28584653
54217,Stayed,0.19106811,0.8089319
48695,Left,0.8716378,0.12836218
33703,Stayed,0.09369165,0.90630835
67001,Stayed,0.018817067,0.98118293
49429,Left,0.6785921,0.32140794
5883,Stayed,0.35668564,0.64331436
5880,Stayed,0.027011037,0.97298896
37156,Left,0.9263496,0.073650435
71507,Left,0.5539033,0.44609672
37296,Stayed,0.2841571,0.7158429
74272,Left,0.95471674,0.04528325
45701,Left,0.7887832,0.21121682
41180,Left,0.7945466,0.20545338
65959,Left,0.65137696,0.34862304
35556,Left,0.9110887,0.088911295
29305,Left,0.8773187,0.122681335
43461,Left,0.5738342,0.4261658
52967,Left,0.6270462,0.3729538
46305,Left,0.53200865,0.46799138
68048,Left,0.7246531,0.27534688
68225,Left,0.9279132,0.072086826
67620,Stayed,0.072897375,0.9271026
33099,Left,0.8266353,0.1733647
2727,Stayed,0.043275177,0.9567248
47527,Stayed,0.327336,0.672664
69522,Left,0.7388785,0.26112154
28162,Stayed,0.04216695,0.95783305
42015,Left,0.53458965,0.46541032
26678,Left,0.6828698,0.31713024
42391,Left,0.85885954,0.14114048
23624,Left,0.63852024,0.36147976
64464,Stayed,0.07374048,0.9262595
72594,Stayed,0.06822419,0.9317758
67229,Stayed,0.4195596,0.5804404
6624,Stayed,0.055120707,0.9448793
10679,Left,0.7122867,0.28771332
39028,Stayed,0.44505507,0.55494493
10446,Left,0.8248772,0.17512278
28496,Left,0.67813766,0.3218623
61965,Stayed,0.3517493,0.6482507
21900,Left,0.86064076,0.13935927
45283,Left,0.7458774,0.2541226
50492,Stayed,0.2973438,0.7026562
13280,Left,0.926382,0.07361797
31072,Stayed,0.043239534,0.95676047
39547,Stayed,0.20781302,0.792187
27885,Left,0.7139944,0.2860056
20336,Left,0.8057795,0.19422048
72912,Stayed,0.2084111,0.7915889
6820,Stayed,0.31403345,0.68596655
19627,Stayed,0.49887043,0.50112957
26324,Stayed,0.1251362,0.8748638
53497,Stayed,0.24287254,0.75712746
51343,Stayed,0.37633133,0.6236687
8446,Left,0.7359159,0.26408407
11895,Stayed,0.09682679,0.9031732
25285,Left,0.58828235,0.41171762
62893,Left,0.64217365,0.35782638
27926,Left,0.5658455,0.43415454
37958,Left,0.63529503,0.36470497
50526,Stayed,0.35014224,0.64985776
12257,Left,0.5991447,0.40085533
47109,Left,0.6920425,0.30795747
47345,Left,0.6004902,0.39950982
61968,Stayed,0.36809152,0.6319085
6452,Left,0.9752395,0.024760514
55815,Left,0.60597473,0.39402527
35148,Stayed,0.07975042,0.9202496
44363,Stayed,0.31771213,0.6822879
28599,Stayed,0.084833026,0.915167
24881,Left,0.5140908,0.4859092
8247,Stayed,0.21836162,0.7816384
14983,Stayed,0.065326154,0.93467385
53921,Stayed,0.46155822,0.5384418
21148,Stayed,0.023127437,0.97687256
26801,Left,0.8571451,0.1428549
27312,Stayed,0.37430114,0.62569886
54456,Stayed,0.1508261,0.8491739
72301,Left,0.9062957,0.093704306
60985,Left,0.88345087,0.116549104
69471,Stayed,0.06390232,0.9360977
58769,Left,0.7070248,0.29297522
12224,Stayed,0.3581124,0.6418876
61908,Stayed,0.37209982,0.6279002
13405,Stayed,0.32038152,0.6796185
37246,Left,0.7581213,0.24187867
35783,Stayed,0.19846594,0.80153406
39199,Left,0.7271907,0.27280933
72505,Left,0.68985474,0.31014523
15762,Stayed,0.47956455,0.52043545
68892,Stayed,0.25341314,0.74658686
44666,Stayed,0.44185168,0.5581483
34897,Left,0.9655196,0.034480367
49958,Left,0.6828368,0.31716323
57904,Left,0.6221858,0.37781417
53211,Left,0.8495952,0.15040481
20525,Stayed,0.43561447,0.56438553
17522,Left,0.9280281,0.071971916
55563,Stayed,0.14702833,0.8529717
71741,Stayed,0.33626658,0.6637334
44644,Left,0.51366794,0.48633203
46993,Stayed,0.17296994,0.82703006
23792,Left,0.68661785,0.31338212
21024,Stayed,0.3636484,0.6363516
43379,Stayed,0.038282275,0.9617177
36291,Left,0.62028533,0.37971467
24338,Stayed,0.2321189,0.7678811
70772,Stayed,0.10825366,0.89174634
22861,Stayed,0.46262598,0.537374
47293,Left,0.8172871,0.1827129
64423,Left,0.6105666,0.38943335
71983,Left,0.88207567,0.117924325
12072,Stayed,0.0842284,0.9157716
25579,Stayed,0.35242224,0.64757776
9507,Left,0.511824,0.48817602
55449,Left,0.8726302,0.12736984
22694,Left,0.621758,0.37824205
18220,Stayed,0.00807929,0.9919207
44456,Stayed,0.020715117,0.9792849
4364,Left,0.79363644,0.20636353
67537,Stayed,0.15887314,0.84112686
16124,Stayed,0.02788788,0.9721121
63932,Left,0.56699234,0.43300766
53960,Left,0.9701389,0.029861066
31459,Stayed,0.32413346,0.67586654
58791,Stayed,0.23747212,0.7625279
34472,Stayed,0.1294995,0.8705005
61940,Stayed,0.48508656,0.51491344
6699,Left,0.8182246,0.18177539
48794,Stayed,0.23923743,0.7607626
22123,Left,0.6135467,0.38645327
71785,Left,0.67664784,0.32335216
38957,Left,0.65452147,0.3454785
8791,Left,0.6630118,0.33698818
7056,Left,0.70406973,0.2959303
10714,Left,0.86864406,0.13135593
6852,Stayed,0.015078962,0.98492104
71659,Stayed,0.17940283,0.8205972
61839,Left,0.76800525,0.23199472
32719,Left,0.58853406,0.41146594
60321,Stayed,0.4722026,0.5277974
19292,Left,0.60192674,0.39807326
67494,Stayed,0.077373564,0.92262644
52338,Left,0.86550605,0.13449396
28760,Stayed,0.14658141,0.8534186
54931,Stayed,0.09645349,0.9035465
20570,Stayed,0.08021957,0.91978043
22835,Left,0.8110674,0.1889326
16166,Stayed,0.32773954,0.67226046
27085,Stayed,0.49082237,0.5091776
43697,Left,0.6407201,0.35927984
23241,Left,0.77308977,0.22691023
48920,Stayed,0.039990067,0.96000993
66375,Stayed,0.049225867,0.95077413
46770,Stayed,0.2653941,0.7346059
15055,Stayed,0.1386177,0.8613823
14520,Left,0.82129633,0.17870367
177,Left,0.6236182,0.3763818
15825,Left,0.9357824,0.06421763
50308,Stayed,0.46951288,0.5304871
69914,Stayed,0.07408017,0.92591983
63726,Left,0.72711647,0.27288356
25289,Stayed,0.032212734,0.96778727
48162,Left,0.68075633,0.31924367
45286,Stayed,0.0345394,0.9654606
42320,Left,0.6294117,0.37058827
57297,Left,0.7896186,0.21038137
46710,Left,0.75936735,0.24063267
56408,Stayed,0.18476993,0.8152301
66976,Stayed,0.49914384,0.50085616
5978,Left,0.6745614,0.32543865
1041,Stayed,0.35713816,0.64286184
42799,Left,0.6250581,0.3749419
7300,Left,0.5513905,0.4486095
29189,Left,0.50551826,0.49448174
6017,Stayed,0.2778653,0.7221347
39899,Stayed,0.3046201,0.6953799
49711,Stayed,0.3577566,0.6422434
51067,Stayed,0.12719083,0.8728092
2834,Stayed,0.45892018,0.5410798
36185,Left,0.85143167,0.14856833
7954,Stayed,0.054987907,0.9450121
13724,Stayed,0.07377714,0.92622286
17283,Left,0.8703022,0.12969781
3998,Stayed,0.1560123,0.8439877
32884,Left,0.94179475,0.05820525
55987,Stayed,0.230326,0.769674
70600,Stayed,0.31103176,0.68896824
36603,Stayed,0.121162355,0.87883765
38240,Stayed,0.23877805,0.76122195
70906,Stayed,0.098124444,0.90187556
4476,Stayed,0.08284831,0.9171517
1946,Left,0.58207226,0.41792777
39798,Stayed,0.43558133,0.5644187
69330,Left,0.7112014,0.2887986
31045,Stayed,0.3932085,0.6067915
8318,Stayed,0.09144062,0.9085594
19633,Stayed,0.42418033,0.5758197
2321,Stayed,0.034267426,0.9657326
14149,Stayed,0.050049007,0.949951
42602,Left,0.95858866,0.041411325
8507,Left,0.8359957,0.16400434
34578,Left,0.91256464,0.08743535
28010,Left,0.6533444,0.3466556
38386,Left,0.84948003,0.15052
42512,Stayed,0.024247944,0.97575206
23495,Stayed,0.0965361,0.9034639
13400,Stayed,0.02055657,0.97944343
4636,Left,0.8600166,0.1399834
26427,Stayed,0.22206992,0.7779301
47071,Left,0.93891,0.061090007
13580,Stayed,0.044750094,0.9552499
23700,Stayed,0.3009349,0.6990651
40868,Stayed,0.12159759,0.8784024
5855,Stayed,0.4242676,0.5757324
55443,Stayed,0.29239756,0.70760244
51662,Left,0.7399318,0.2600682
37530,Stayed,0.38144547,0.61855453
73641,Stayed,0.036034703,0.9639653
40099,Left,0.94683266,0.053167343
16126,Stayed,0.25967497,0.74032503
74456,Stayed,0.12184793,0.8781521
14486,Stayed,0.19952029,0.8004797
27556,Left,0.5708783,0.42912167
45035,Stayed,0.0690192,0.9309808
19141,Stayed,0.14343834,0.85656166
50402,Left,0.53258234,0.46741766
62211,Left,0.6213498,0.3786502
54930,Left,0.9241072,0.07589278
48238,Left,0.7414431,0.2585569
37726,Left,0.68063915,0.31936088
28684,Stayed,0.33545882,0.6645412
29579,Stayed,0.3647524,0.6352476
23159,Stayed,0.062547326,0.9374527
68784,Left,0.5042802,0.4957198
34231,Stayed,0.09662759,0.9033724
24700,Left,0.6696215,0.33037847
58296,Left,0.6632495,0.3367505
56494,Left,0.89848393,0.101516046
31686,Stayed,0.4950434,0.5049566
69575,Stayed,0.15693855,0.84306145
53621,Stayed,0.22980577,0.77019423
29763,Left,0.68414414,0.3158559
24623,Stayed,0.057849348,0.94215065
60691,Stayed,0.051926732,0.94807327
31788,Stayed,0.2084899,0.7915101
42266,Left,0.7926266,0.20737338
45917,Left,0.7175393,0.28246072
72585,Stayed,0.4918325,0.5081675
14402,Stayed,0.4978677,0.5021323
8992,Left,0.52891994,0.4710801
72150,Left,0.85256785,0.14743213
62109,Left,0.7902367,0.20976327
39458,Stayed,0.1632101,0.8367899
36731,Stayed,0.39141703,0.608583
61857,Left,0.7028079,0.29719207
51592,Stayed,0.24824953,0.75175047
19873,Left,0.9008421,0.09915792
65608,Left,0.5251654,0.47483462
5861,Left,0.80506694,0.19493304
42473,Stayed,0.17669183,0.82330817
36551,Left,0.56712294,0.43287703
69780,Left,0.9217391,0.07826093
7996,Stayed,0.42642587,0.5735741
2256,Left,0.7754274,0.22457261
12025,Stayed,0.19851846,0.80148154
50473,Stayed,0.07920116,0.92079884
31129,Stayed,0.42802453,0.57197547
37196,Stayed,0.37991387,0.62008613
37615,Stayed,0.10070014,0.89929986
25807,Left,0.78641415,0.21358588
69406,Stayed,0.45811027,0.5418897
14833,Left,0.71047056,0.28952944
10537,Stayed,0.011913061,0.98808694
64992,Stayed,0.13574505,0.86425495
31906,Left,0.81946087,0.18053915
36307,Stayed,0.11994541,0.8800546
57614,Stayed,0.40993947,0.59006053
51275,Left,0.9398438,0.060156208
62351,Stayed,0.09666026,0.90333974
937,Stayed,0.24749869,0.7525013
32878,Stayed,0.29607153,0.7039285
12703,Stayed,0.34764874,0.65235126
28909,Left,0.6672663,0.3327337
74174,Stayed,0.30057466,0.69942534
20604,Stayed,0.1505425,0.8494575
35348,Stayed,0.2072345,0.7927655
73913,Left,0.5453505,0.4546495
26591,Left,0.9546037,0.045396347
68153,Stayed,0.031844676,0.9681553
58870,Stayed,0.100898325,0.8991017
28903,Left,0.6702393,0.32976064
43706,Left,0.92016137,0.07983862
72666,Stayed,0.20936435,0.79063565
53389,Left,0.72541034,0.27458966
37155,Left,0.64733404,0.35266596
51686,Left,0.9001655,0.099834524
54483,Left,0.9753234,0.024676615
51251,Left,0.7386894,0.26131058
1535,Stayed,0.08139914,0.91860086
55856,Left,0.55257654,0.4474235
27880,Left,0.7113085,0.28869155
8442,Left,0.7312366,0.26876345
62587,Stayed,0.1669007,0.8330993
26603,Left,0.61878747,0.38121253
25741,Stayed,0.23951674,0.76048326
51736,Stayed,0.40766644,0.59233356
26212,Stayed,0.07172084,0.92827916
70873,Stayed,0.35536766,0.64463234
10325,Left,0.61220014,0.38779983
9667,Stayed,0.1325798,0.8674202
34521,Stayed,0.07791412,0.9220859
37645,Left,0.59195375,0.40804628
48623,Stayed,0.41256106,0.58743894
39091,Stayed,0.17802066,0.82197934
46664,Left,0.60847914,0.3915209
39260,Stayed,0.43541348,0.5645865
63005,Left,0.961654,0.038345966
66383,Left,0.5430474,0.45695254
34706,Stayed,0.11657637,0.8834236
44402,Stayed,0.27749515,0.72250485
42931,Left,0.8061082,0.19389184
50108,Left,0.5043838,0.49561617
57181,Stayed,0.11161345,0.88838655
17363,Left,0.88644814,0.11355187
41307,Left,0.68317556,0.31682447
46652,Stayed,0.016103506,0.9838965
3525,Stayed,0.019489467,0.98051053
66615,Stayed,0.02555716,0.97444284
54740,Stayed,0.03185439,0.9681456
16825,Stayed,0.37682474,0.62317526
53971,Left,0.83906573,0.16093428
22711,Stayed,0.28186142,0.7181386
29235,Left,0.58650374,0.41349623
19422,Stayed,0.341789,0.658211
72457,Stayed,0.31985462,0.6801454
18554,Stayed,0.15472043,0.8452796
35972,Stayed,0.27412975,0.72587025
59422,Stayed,0.43135643,0.56864357
40633,Left,0.6844146,0.31558535
34911,Stayed,0.48342234,0.51657766
34171,Left,0.76085734,0.23914266
34094,Stayed,0.18847597,0.81152403
34081,Left,0.78643227,0.21356775
25987,Stayed,0.16056854,0.83943146
47132,Left,0.5104512,0.48954877
23316,Stayed,0.1885767,0.8114233
18439,Left,0.62752545,0.37247455
19579,Stayed,0.3869816,0.6130184
41269,Stayed,0.30008006,0.69991994
67130,Left,0.5477435,0.4522565
56083,Stayed,0.045542896,0.9544571
54231,Left,0.9157682,0.08423181
8580,Stayed,0.38192326,0.61807674
59788,Stayed,0.06807846,0.93192154
19724,Stayed,0.34341723,0.6565828
8043,Stayed,0.21135038,0.7886496
18365,Left,0.75559056,0.24440947
6485,Left,0.7180488,0.28195116
61252,Stayed,0.38550758,0.6144924
61620,Left,0.8312798,0.1687202
69353,Stayed,0.07028115,0.92971885
2061,Stayed,0.38312346,0.61687654
39690,Left,0.77255744,0.22744258
19911,Stayed,0.022730231,0.97726977
2339,Left,0.53335905,0.46664098
59706,Stayed,0.4109006,0.5890994
47256,Left,0.81612337,0.18387665
23161,Stayed,0.12584472,0.8741553
60516,Stayed,0.248573,0.751427
55301,Stayed,0.01878339,0.9812166
63388,Stayed,0.3166818,0.6833182
45945,Stayed,0.06229043,0.93770957
16234,Stayed,0.012570441,0.98742956
56427,Left,0.8182064,0.18179356
49527,Stayed,0.0802449,0.9197551
41142,Left,0.5183611,0.48163894
36750,Stayed,0.14683574,0.85316426
47133,Stayed,0.07945764,0.92054236
72387,Stayed,0.4769817,0.5230183
32112,Stayed,0.43298304,0.56701696
72850,Stayed,0.34447265,0.65552735
65555,Left,0.6860843,0.31391576
33197,Left,0.67689556,0.32310444
23214,Stayed,0.068490505,0.9315095
40496,Left,0.8956969,0.10430312
55682,Left,0.8114567,0.18854332
36464,Left,0.9417149,0.058285132
57959,Stayed,0.28057176,0.71942824
14711,Stayed,0.1425063,0.8574937
70587,Stayed,0.06366044,0.93633956
18894,Stayed,0.49069053,0.5093095
58217,Left,0.8226379,0.17736208
24139,Stayed,0.27743518,0.7225648
35132,Left,0.92050874,0.079491235
48190,Stayed,0.20056313,0.79943687
72739,Stayed,0.19913536,0.80086464
3002,Left,0.53959835,0.46040162
74356,Stayed,0.0751192,0.9248808
61471,Stayed,0.32888067,0.67111933
36685,Stayed,0.21066332,0.7893367
43591,Stayed,0.18199712,0.8180029
68209,Stayed,0.09889287,0.90110713
45190,Stayed,0.33794945,0.66205055
36442,Stayed,0.12536186,0.87463814
63697,Stayed,0.4594556,0.5405444
21861,Stayed,0.09295738,0.9070426
41682,Stayed,0.2732885,0.7267115
40183,Stayed,0.06270486,0.93729514
46005,Stayed,0.39603096,0.60396904
3703,Left,0.734531,0.265469
26381,Left,0.9018042,0.0981958
52267,Stayed,0.15591836,0.84408164
25714,Left,0.516377,0.483623
33552,Left,0.7017425,0.29825753
7169,Left,0.95712334,0.04287665
837,Left,0.93516076,0.064839266
22929,Stayed,0.026585221,0.9734148
49605,Stayed,0.17688304,0.82311696
964,Left,0.5276605,0.4723395
35770,Stayed,0.46506774,0.53493226
71917,Stayed,0.36317825,0.63682175
37116,Left,0.6143849,0.38561514
26622,Left,0.6346781,0.3653219
56288,Left,0.6219875,0.37801248
3243,Left,0.9789805,0.021019515
35989,Left,0.92373747,0.076262526
36462,Stayed,0.0703643,0.9296357
54978,Left,0.71374035,0.28625968
40440,Stayed,0.43171394,0.56828606
16423,Stayed,0.40757442,0.5924256
16963,Stayed,0.0931167,0.9068833
70079,Stayed,0.2211926,0.7788074
31728,Left,0.6225128,0.37748718
66860,Stayed,0.032439113,0.9675609
19748,Stayed,0.062442303,0.9375577
28406,Stayed,0.47711116,0.52288884
15344,Stayed,0.1129868,0.8870132
4412,Stayed,0.041293263,0.95870674
63057,Stayed,0.36962134,0.63037866
8773,Left,0.85105455,0.14894542
37145,Left,0.5787182,0.42128184
29649,Stayed,0.3449487,0.6550513
26751,Stayed,0.058482528,0.9415175
42533,Left,0.86495996,0.13504007
13091,Left,0.737881,0.262119
14045,Stayed,0.26270008,0.7372999
24759,Stayed,0.14656442,0.8534356
68078,Stayed,0.16363591,0.8363641
15852,Stayed,0.3246615,0.6753385
63368,Stayed,0.40202677,0.5979732
51817,Stayed,0.060908437,0.93909156
29312,Stayed,0.092490375,0.9075096
48097,Stayed,0.07523972,0.9247603
57306,Stayed,0.04523015,0.95476985
37944,Stayed,0.17426914,0.82573086
30646,Left,0.8270117,0.17298833
45650,Left,0.632981,0.367019
33264,Stayed,0.14614862,0.8538514
60177,Stayed,0.41900754,0.58099246
49759,Stayed,0.16990238,0.8300976
73520,Left,0.96446407,0.03553594
63242,Left,0.5044545,0.4955455
11536,Left,0.85154533,0.14845468
26560,Left,0.585454,0.41454604
28882,Left,0.94622606,0.053773955
40090,Left,0.94218796,0.057812013
8161,Left,0.8908673,0.10913273
22080,Stayed,0.11770749,0.8822925
10408,Left,0.73780596,0.26219407
44506,Stayed,0.26005268,0.7399473
5443,Left,0.8064416,0.1935584
30440,Stayed,0.2927063,0.7072937
5014,Stayed,0.39431053,0.60568947
35622,Left,0.78492534,0.21507463
10090,Stayed,0.20633519,0.7936648
31895,Stayed,0.11003965,0.88996035
27616,Stayed,0.07129693,0.92870307
62282,Left,0.8421598,0.15784019
3289,Stayed,0.097074926,0.9029251
47679,Stayed,0.4800865,0.5199135
54816,Stayed,0.02981764,0.97018236
22377,Stayed,0.0646041,0.9353959
69241,Stayed,0.19726622,0.8027338
40615,Stayed,0.2751975,0.7248025
70610,Left,0.76620054,0.23379949
30527,Stayed,0.4114015,0.5885985
57051,Stayed,0.4078071,0.5921929
46861,Left,0.71975124,0.28024876
35679,Stayed,0.26527655,0.73472345
36630,Left,0.5248922,0.47510782
19621,Stayed,0.3440308,0.6559692
36866,Stayed,0.32042712,0.6795729
71927,Stayed,0.44458854,0.55541146
9684,Stayed,0.24426639,0.7557336
56200,Left,0.71521306,0.28478694
9250,Stayed,0.32774,0.67226
28874,Left,0.5771038,0.4228962
40294,Stayed,0.41622657,0.58377343
70159,Left,0.81035423,0.18964578
17492,Left,0.93641555,0.06358447
62805,Left,0.88969153,0.11030847
5513,Stayed,0.018905401,0.9810946
40174,Left,0.9718331,0.028166866
53886,Left,0.6969676,0.3030324
17932,Stayed,0.23564255,0.76435745
42607,Stayed,0.021142304,0.9788577
23589,Stayed,0.08352566,0.91647434
28720,Left,0.6674068,0.3325932
52610,Stayed,0.4085456,0.5914544
59499,Left,0.8358711,0.16412891
41637,Left,0.87208796,0.12791203
13626,Stayed,0.29054672,0.7094533
7330,Stayed,0.021713972,0.978286
52885,Stayed,0.083408,0.916592
34909,Left,0.7693021,0.23069786
62722,Left,0.7189992,0.2810008
21175,Stayed,0.12358189,0.8764181
22521,Left,0.8198488,0.18015122
59557,Stayed,0.018943131,0.98105687
10674,Stayed,0.09419066,0.90580934
44690,Stayed,0.35140914,0.64859086
31963,Left,0.747231,0.252769
35479,Stayed,0.12157476,0.87842524
56389,Left,0.665997,0.334003
67038,Stayed,0.102368414,0.8976316
56870,Left,0.9495857,0.0504143
39392,Left,0.95939076,0.040609263
55801,Left,0.65854406,0.34145594
13610,Stayed,0.0970248,0.9029752
49062,Left,0.8528635,0.1471365
72813,Left,0.6362452,0.3637548
46842,Stayed,0.13415968,0.8658403
49504,Stayed,0.07946855,0.92053145
8333,Stayed,0.20787168,0.7921283
7278,Stayed,0.09967685,0.90032315
57225,Left,0.73314154,0.26685843
17837,Stayed,0.07661015,0.92338985
14403,Left,0.8819676,0.1180324
63514,Stayed,0.3982606,0.6017394
47864,Left,0.9678644,0.032135595
2285,Left,0.59603703,0.40396297
8249,Stayed,0.038953245,0.96104676
4233,Left,0.95534223,0.04465778
49576,Stayed,0.072969496,0.9270305
52825,Stayed,0.031297207,0.9687028
26317,Stayed,0.10902786,0.89097214
34904,Left,0.9576166,0.042383388
3201,Stayed,0.27894312,0.7210569
27699,Stayed,0.35818487,0.6418151
2723,Stayed,0.49732167,0.50267833
10572,Stayed,0.4436537,0.5563463
53363,Stayed,0.054545105,0.9454549
18192,Stayed,0.46167928,0.5383207
21429,Left,0.9606855,0.03931448
35730,Stayed,0.33682185,0.66317815
40714,Stayed,0.1534096,0.8465904
19923,Stayed,0.22513688,0.7748631
2593,Left,0.89398026,0.106019765
37457,Stayed,0.21659547,0.7834045
5995,Stayed,0.45376247,0.5462375
72198,Stayed,0.062374175,0.9376258
59370,Left,0.82045895,0.17954104
20773,Left,0.56225294,0.43774706
12825,Stayed,0.46245766,0.53754234
32049,Stayed,0.35524642,0.6447536
33932,Left,0.6237817,0.37621835
4991,Left,0.9014621,0.0985379
30034,Stayed,0.04845482,0.9515452
71454,Stayed,0.09569216,0.90430784
8677,Left,0.77860534,0.22139466
53847,Left,0.93685865,0.063141346
43429,Stayed,0.2385394,0.7614606
47678,Stayed,0.40503794,0.59496206
68343,Stayed,0.28971368,0.7102863
34934,Left,0.5223545,0.47764555
18906,Stayed,0.07512325,0.92487675
31736,Stayed,0.101977766,0.89802223
16332,Stayed,0.26432186,0.73567814
40306,Left,0.7043859,0.29561412
15531,Left,0.8838948,0.1161052
47369,Left,0.83902895,0.16097105
36858,Stayed,0.43022335,0.56977665
8474,Left,0.6925378,0.30746222
69196,Stayed,0.44840604,0.55159396
11528,Left,0.9388867,0.06111327
44808,Stayed,0.2956664,0.7043336
53235,Stayed,0.4493749,0.5506251
34780,Stayed,0.07866001,0.92134
26600,Stayed,0.01878947,0.98121053
45004,Stayed,0.14864618,0.8513538
3027,Left,0.9673683,0.03263167
64263,Left,0.96061283,0.039387178
10756,Left,0.54739183,0.45260817
45377,Stayed,0.3974144,0.6025856
21551,Left,0.8888789,0.11112114
20453,Left,0.8014972,0.19850275
72622,Stayed,0.28119516,0.71880484
47991,Stayed,0.014114499,0.9858855
14297,Left,0.5619822,0.4380178
33286,Left,0.55864894,0.4413511
59794,Left,0.9771254,0.022874596
61418,Stayed,0.43513888,0.5648611
58378,Left,0.9749646,0.025035372
52153,Left,0.6743734,0.3256266
14091,Left,0.79568976,0.20431024
1732,Stayed,0.28708273,0.71291727
7279,Stayed,0.13737684,0.86262316
67147,Stayed,0.26526225,0.73473775
61951,Stayed,0.10385609,0.8961439
442,Left,0.9335173,0.06648272
39818,Left,0.5196935,0.4803065
19225,Stayed,0.106824875,0.8931751
60838,Left,0.84412354,0.15587644
20004,Stayed,0.36138302,0.638617
13246,Left,0.5459819,0.45401815
631,Stayed,0.40567178,0.5943282
37242,Left,0.55347383,0.44652614
68972,Stayed,0.48863816,0.51136184
50437,Left,0.84392095,0.15607908
32352,Stayed,0.039892375,0.9601076
3351,Stayed,0.09207195,0.90792805
13827,Left,0.72724074,0.27275926
16065,Left,0.8111437,0.18885629
51523,Left,0.7795163,0.2204837
67549,Stayed,0.20183605,0.79816395
11754,Stayed,0.16802812,0.8319719
11273,Left,0.82323676,0.17676324
39395,Left,0.90518236,0.09481764
55778,Left,0.9734939,0.02650615
19124,Left,0.52763057,0.47236946
50136,Left,0.58034706,0.4196529
50366,Left,0.59455913,0.40544087
48998,Left,0.9179244,0.08207562
65175,Stayed,0.39318085,0.60681915
22182,Left,0.75108963,0.24891037
12841,Left,0.52913296,0.47086707
66261,Left,0.79798436,0.20201564
32985,Left,0.61472,0.38528
38402,Left,0.5137161,0.48628393
26237,Stayed,0.03666371,0.9633363
2299,Stayed,0.0506171,0.9493829
71029,Left,0.8741501,0.12584992
6758,Left,0.8827436,0.11725643
43179,Left,0.9394447,0.060555253
25142,Left,0.86405146,0.13594851
772,Left,0.55163515,0.44836485
47723,Stayed,0.108187556,0.89181244
49370,Left,0.778791,0.221209
5448,Left,0.9535254,0.046474595
7226,Stayed,0.26174408,0.7382559
41208,Stayed,0.08749223,0.9125078
31393,Left,0.69392896,0.30607107
6431,Stayed,0.3726591,0.6273409
37010,Stayed,0.024282992,0.975717
4610,Left,0.6354483,0.36455172
72979,Stayed,0.12910038,0.8708996
26714,Stayed,0.42879355,0.57120645
6427,Stayed,0.0624941,0.9375059
42060,Left,0.6003654,0.39963457
11762,Left,0.5533136,0.4466864
26447,Stayed,0.023058593,0.9769414
3768,Stayed,0.0316779,0.9683221
11674,Left,0.79585636,0.20414367
35088,Left,0.59451526,0.40548474
63086,Left,0.5548626,0.44513735
50488,Stayed,0.20146239,0.7985376
40995,Left,0.5313422,0.4686578
37105,Left,0.5803182,0.41968182
26436,Stayed,0.47735935,0.52264065
27475,Left,0.85497785,0.14502214
12155,Stayed,0.42469007,0.57530993
41931,Stayed,0.4269647,0.5730353
24320,Stayed,0.13444531,0.8655547
51822,Left,0.7983177,0.20168233
14514,Left,0.9772743,0.022725677
24028,Left,0.53971547,0.46028453
32638,Left,0.59973055,0.40026945
52239,Stayed,0.42999172,0.5700083
37140,Left,0.6851511,0.31484893
63649,Stayed,0.08479941,0.9152006
37414,Stayed,0.3191254,0.6808746
32365,Left,0.8134826,0.18651742
48011,Left,0.75493336,0.24506666
49788,Left,0.55762935,0.44237068
71047,Stayed,0.08711958,0.9128804
42530,Stayed,0.086979866,0.91302013
4347,Stayed,0.4919439,0.5080561
31867,Stayed,0.18444252,0.8155575
26483,Left,0.7496574,0.25034264
10114,Stayed,0.1916939,0.8083061
11731,Stayed,0.4887954,0.5112046
55300,Left,0.8451967,0.15480328
58700,Stayed,0.38921338,0.6107866
51057,Left,0.6590154,0.3409846
23459,Stayed,0.48259062,0.5174094
1273,Left,0.945553,0.05444701
69699,Stayed,0.3728665,0.6271335
19891,Stayed,0.08175129,0.9182487
12491,Left,0.9424218,0.057578217
45308,Left,0.9465881,0.05341188
42337,Left,0.53452694,0.46547303
39874,Stayed,0.17258215,0.82741785
30657,Stayed,0.24502927,0.7549707
29038,Stayed,0.10195953,0.8980405
47740,Left,0.87467176,0.12532826
26312,Stayed,0.38941383,0.61058617
17996,Left,0.82090753,0.17909245
27888,Left,0.67256093,0.3274391
20666,Left,0.9786688,0.021331161
49020,Stayed,0.37529838,0.6247016
25704,Stayed,0.16478807,0.83521193
35998,Left,0.9744385,0.025561491
73188,Stayed,0.28172702,0.718273
35968,Stayed,0.35635537,0.64364463
24185,Stayed,0.044728577,0.9552714
64101,Left,0.64485973,0.35514027
60268,Stayed,0.3258341,0.6741659
13485,Left,0.9330106,0.06698942
61684,Stayed,0.48852146,0.51147854
30074,Left,0.6436838,0.35631624
69423,Left,0.66715777,0.33284226
37445,Stayed,0.47439897,0.525601
6683,Stayed,0.017066538,0.98293346
72144,Stayed,0.01809305,0.98190695
28997,Left,0.5729569,0.42704305
59001,Left,0.72722507,0.27277496
36580,Stayed,0.028977811,0.9710222
35757,Left,0.5723255,0.42767447
3712,Stayed,0.0512892,0.9487108
69181,Left,0.7440985,0.25590152
54284,Stayed,0.19035858,0.8096414
29971,Stayed,0.31443602,0.685564
11193,Stayed,0.40131396,0.59868604
5048,Left,0.66512144,0.33487856
63989,Stayed,0.37300855,0.62699145
10561,Stayed,0.38683045,0.61316955
44948,Stayed,0.3427428,0.6572572
39966,Stayed,0.14228201,0.857718
40207,Stayed,0.096144676,0.9038553
51584,Left,0.8358279,0.1641721
14501,Stayed,0.18669915,0.81330085
400,Stayed,0.29440886,0.70559114
42118,Left,0.5391182,0.4608818
8421,Left,0.8535128,0.14648719
35469,Left,0.7646668,0.23533319
11763,Stayed,0.09174603,0.90825397
9000,Stayed,0.38812107,0.61187893
42211,Left,0.9695794,0.030420585
13766,Stayed,0.12839174,0.87160826
8865,Left,0.81566155,0.18433848
59244,Stayed,0.16677117,0.8332288
54017,Stayed,0.13769048,0.8623095
49147,Stayed,0.3245507,0.6754493
45327,Stayed,0.06107706,0.93892294
20221,Stayed,0.060304523,0.9396955
3564,Left,0.67160755,0.32839245
44266,Stayed,0.048784494,0.9512155
20183,Left,0.79458964,0.20541038
17815,Stayed,0.27709007,0.7229099
59336,Stayed,0.068793476,0.9312065
57642,Stayed,0.45888054,0.54111946
60365,Stayed,0.2670846,0.7329154
64623,Stayed,0.015072465,0.98492754
41252,Left,0.5488963,0.45110366
12827,Stayed,0.23673713,0.76326287
129,Left,0.8771201,0.12287993
68318,Left,0.5854994,0.41450056
63127,Stayed,0.37932485,0.62067515
4294,Stayed,0.08335638,0.9166436
55611,Stayed,0.115391016,0.884609
51019,Left,0.70951927,0.29048073
68031,Left,0.5827745,0.41722545
39560,Left,0.5299139,0.47008613
7201,Stayed,0.4028448,0.5971552
28792,Left,0.81591606,0.18408391
61768,Left,0.6268749,0.37312505
53456,Stayed,0.031159103,0.9688409
44702,Stayed,0.0862298,0.9137702
59611,Left,0.7947828,0.20521717
381,Stayed,0.04544872,0.9545513
56618,Left,0.983467,0.01653302
50467,Stayed,0.47778445,0.52221555
18435,Stayed,0.33127242,0.6687276
49202,Left,0.5086437,0.4913563
24765,Left,0.7017664,0.29823366
37292,Left,0.87250763,0.12749238
39903,Left,0.98751587,0.012484137
72955,Left,0.8731122,0.12688778
64122,Left,0.6539185,0.34608153
21131,Stayed,0.41283882,0.5871612
60561,Stayed,0.16039634,0.83960366
19995,Stayed,0.093494594,0.9065054
38902,Stayed,0.49195194,0.50804806
51481,Stayed,0.06141764,0.93858236
24207,Left,0.9011774,0.0988226
55511,Left,0.83897054,0.16102949
13275,Left,0.91234994,0.08765004
28448,Stayed,0.2850135,0.7149865
3560,Left,0.6804073,0.3195927
28604,Stayed,0.14907718,0.8509228
5449,Left,0.90158373,0.09841629
16163,Left,0.8377903,0.16220967
38046,Stayed,0.21198982,0.7880102
4158,Stayed,0.2739761,0.7260239
53082,Left,0.5481192,0.45188078
13039,Left,0.7862029,0.21379706
26957,Stayed,0.08695799,0.913042
23552,Stayed,0.2895531,0.7104469
64816,Stayed,0.04389292,0.9561071
11662,Left,0.58723396,0.41276604
43741,Left,0.70469236,0.2953076
68847,Stayed,0.28546977,0.7145302
39157,Stayed,0.20216805,0.79783195
53114,Stayed,0.3714111,0.6285889
35398,Left,0.633324,0.36667597
16232,Stayed,0.20962107,0.7903789
54224,Left,0.6189425,0.38105747
697,Left,0.82146114,0.17853887
46783,Stayed,0.022034347,0.97796565
28349,Left,0.9055769,0.09442311
29396,Stayed,0.4582742,0.5417258
67439,Left,0.894156,0.10584401
27437,Left,0.64799535,0.35200462
50996,Left,0.9482414,0.0517586
56390,Left,0.5688905,0.4311095
37991,Stayed,0.041243315,0.9587567
73712,Stayed,0.34200847,0.6579915
52251,Stayed,0.15856254,0.84143746
44623,Stayed,0.3676852,0.6323148
12285,Left,0.9873357,0.012664348
254,Left,0.65574515,0.34425482
24329,Left,0.5220123,0.4779877
70284,Stayed,0.09175706,0.90824294
74291,Stayed,0.05419272,0.9458073
633,Stayed,0.3319764,0.6680236
33697,Stayed,0.074311376,0.9256886
8704,Left,0.7876567,0.21234326
53659,Stayed,0.12510633,0.87489367
46275,Left,0.84727764,0.15272236
32618,Left,0.93972534,0.060274668
9519,Left,0.5764215,0.42357847
18849,Stayed,0.4557479,0.5442521
64614,Left,0.9359912,0.06400877
46001,Left,0.9515873,0.048412655
18717,Stayed,0.2645843,0.7354157
12991,Left,0.6732431,0.3267569
43132,Left,0.9701699,0.029830078
64248,Left,0.9692116,0.030788409
65079,Stayed,0.14969414,0.85030586
25372,Left,0.8122138,0.1877862
13448,Left,0.5513055,0.44869453
69106,Stayed,0.39541805,0.60458195
29083,Stayed,0.43639565,0.56360435
39886,Left,0.9368122,0.0631878
29178,Left,0.74168205,0.25831792
43219,Left,0.65933824,0.34066173
9074,Stayed,0.3814428,0.6185572
66762,Stayed,0.2676075,0.7323925
62136,Left,0.5956959,0.4043041
44525,Stayed,0.40570676,0.59429324
69237,Stayed,0.101372,0.898628
53382,Stayed,0.37217486,0.62782514
56069,Left,0.8425963,0.15740372
52997,Left,0.7652277,0.23477231
62923,Stayed,0.041746914,0.9582531
5736,Stayed,0.26691616,0.73308384
22351,Stayed,0.14509797,0.854902
29051,Stayed,0.13253963,0.86746037
49904,Stayed,0.49460232,0.5053977
32158,Left,0.75696796,0.24303202
28200,Left,0.97123355,0.028766427
39685,Stayed,0.29629588,0.7037041
48297,Stayed,0.018605232,0.98139477
14193,Stayed,0.06596482,0.9340352
12326,Stayed,0.018826008,0.981174
49519,Left,0.7744349,0.22556508
7402,Left,0.54626524,0.45373476
54042,Left,0.52992713,0.4700729
36859,Stayed,0.45735937,0.5426406
21599,Stayed,0.2415812,0.7584188
10661,Left,0.81777054,0.18222944
33590,Stayed,0.052321136,0.94767886
29609,Stayed,0.33009118,0.6699088
57293,Stayed,0.2923916,0.7076084
11942,Stayed,0.11237824,0.88762176
24585,Stayed,0.102274895,0.8977251
16356,Stayed,0.19318616,0.80681384
66903,Left,0.59262705,0.40737298
14557,Stayed,0.26831102,0.731689
45246,Left,0.969807,0.030192988
72280,Stayed,0.06492013,0.9350799
12507,Left,0.914678,0.085322045
31031,Stayed,0.107206166,0.89279383
12901,Stayed,0.41888082,0.5811192
19488,Left,0.93879604,0.061203983
26183,Stayed,0.16569573,0.8343043
6425,Left,0.82449174,0.17550823
62792,Left,0.62235785,0.37764212
37934,Stayed,0.46005958,0.5399404
28325,Left,0.54932183,0.45067817
32326,Stayed,0.06335527,0.93664473
51417,Left,0.5659673,0.43403268
63546,Stayed,0.40807444,0.59192556
45562,Stayed,0.24899584,0.75100416
42804,Stayed,0.46131122,0.5386888
54557,Left,0.63711524,0.3628848
30488,Stayed,0.16422522,0.8357748
53529,Stayed,0.2730341,0.7269659
665,Stayed,0.36774772,0.6322523
33671,Stayed,0.14946753,0.8505325
40942,Stayed,0.104031205,0.8959688
38577,Left,0.5688063,0.4311937
2587,Stayed,0.09048855,0.90951145
28978,Stayed,0.14152306,0.85847694
34662,Left,0.7232393,0.2767607
44005,Left,0.5119166,0.48808342
14503,Left,0.94274354,0.057256483
60888,Stayed,0.14084041,0.8591596
16862,Left,0.6735624,0.32643756
10973,Left,0.5495047,0.4504953
29680,Stayed,0.047742605,0.9522574
10605,Left,0.9714288,0.028571192
59514,Stayed,0.17718858,0.8228114
58031,Stayed,0.24141645,0.75858355
6167,Stayed,0.11239749,0.8876025
53066,Stayed,0.42633986,0.57366014
57938,Left,0.8785056,0.12149444
7181,Left,0.6465863,0.3534137
7542,Stayed,0.083048105,0.9169519
54218,Stayed,0.49281508,0.5071849
36,Left,0.59229225,0.40770775
59071,Left,0.90274405,0.09725597
65759,Stayed,0.13493961,0.8650604
39382,Stayed,0.18224674,0.81775326
55215,Left,0.5950974,0.4049026
1261,Stayed,0.3376752,0.6623248
69000,Left,0.7067079,0.2932921
47984,Left,0.7082921,0.2917079
8823,Stayed,0.35175037,0.6482496
63192,Stayed,0.42865288,0.5713471
54811,Stayed,0.15913576,0.84086424
40190,Left,0.8678776,0.1321224
30897,Stayed,0.025182366,0.97481763
62378,Stayed,0.20101142,0.7989886
6650,Stayed,0.28342837,0.7165716
12348,Left,0.50310665,0.49689335
1639,Stayed,0.3100667,0.6899333
57131,Left,0.865998,0.13400196
58545,Left,0.8855889,0.114411086
69019,Left,0.5574582,0.44254178
38810,Left,0.649601,0.35039905
53146,Stayed,0.33169776,0.66830224
8591,Stayed,0.022457957,0.97754204
36370,Stayed,0.23279613,0.76720387
38076,Stayed,0.11362243,0.8863776
71885,Left,0.8247316,0.17526838
31597,Stayed,0.3701436,0.6298564
27666,Stayed,0.26144868,0.7385513
14218,Stayed,0.06571424,0.93428576
39316,Left,0.60967135,0.39032862
12080,Stayed,0.14497554,0.85502446
5620,Stayed,0.29400116,0.70599884
30972,Left,0.9375942,0.062405795
72020,Stayed,0.07144576,0.92855424
52141,Stayed,0.1671722,0.8328278
50785,Left,0.50205564,0.49794438
21455,Stayed,0.3371927,0.6628073
34309,Stayed,0.2405023,0.7594977
45738,Stayed,0.12797815,0.87202185
43815,Left,0.8395469,0.16045311
19765,Left,0.6215838,0.3784162
11505,Left,0.88110673,0.11889324
58527,Stayed,0.31453878,0.6854612
24897,Stayed,0.1134339,0.8865661
27449,Left,0.73097837,0.26902163
61897,Left,0.69826776,0.30173224
63512,Stayed,0.3609829,0.6390171
49185,Left,0.7638969,0.2361031
9956,Left,0.58659595,0.41340405
39302,Stayed,0.37629992,0.6237001
12140,Left,0.9117944,0.088205576
1386,Left,0.5342638,0.4657362
59996,Stayed,0.14815235,0.85184765
23265,Stayed,0.2991438,0.7008562
18088,Left,0.9582656,0.041734386
6703,Stayed,0.3137989,0.6862011
44985,Left,0.9249458,0.07505425
73440,Left,0.6050988,0.39490122
5800,Stayed,0.039801538,0.96019846
64130,Stayed,0.13530576,0.86469424
72901,Left,0.9459369,0.054063097
65789,Left,0.9319332,0.06806679
14530,Stayed,0.33662003,0.66337997
9808,Stayed,0.4443261,0.5556739
24568,Stayed,0.17390788,0.8260921
3311,Left,0.58378637,0.4162136
15939,Left,0.52085066,0.47914937
13646,Stayed,0.4320441,0.5679559
43749,Left,0.52114296,0.47885704
33117,Stayed,0.45373726,0.54626274
21335,Stayed,0.18747538,0.8125246
36288,Left,0.83389276,0.16610722
37448,Left,0.8396498,0.16035017
31498,Stayed,0.26524508,0.7347549
52712,Stayed,0.11009288,0.8899071
57189,Left,0.7012197,0.29878035
67282,Left,0.8413713,0.15862873
8505,Left,0.6159295,0.38407055
15619,Stayed,0.27367187,0.72632813
10219,Left,0.9231238,0.07687623
62912,Stayed,0.16111916,0.83888084
49028,Left,0.8007997,0.19920027
71131,Left,0.6987169,0.30128312
10021,Left,0.6835389,0.3164611
42467,Stayed,0.14323384,0.85676616
13338,Stayed,0.38774025,0.61225975
63327,Left,0.8743192,0.12568082
15178,Stayed,0.2766506,0.7233494
40629,Stayed,0.083289504,0.9167105
56777,Stayed,0.15030634,0.84969366
1796,Stayed,0.37433773,0.62566227
12483,Left,0.5789288,0.4210712
18006,Left,0.8051332,0.19486679
58996,Stayed,0.31528473,0.6847153
31468,Stayed,0.4437371,0.5562629
45689,Left,0.56936556,0.43063444
38031,Stayed,0.06925005,0.93074995
66788,Left,0.76161015,0.23838982
1880,Left,0.6344,0.3656
49992,Left,0.8504676,0.14953236
61334,Stayed,0.14217424,0.85782576
71629,Left,0.58740556,0.4125944
64416,Stayed,0.33537757,0.6646224
8565,Left,0.7981845,0.20181546
37572,Left,0.9458195,0.05418052
70172,Left,0.5992532,0.4007468
67480,Left,0.8041637,0.1958363
44472,Left,0.52643,0.47357002
6529,Left,0.9284248,0.071575224
35068,Stayed,0.102870286,0.8971297
32052,Stayed,0.21870732,0.7812927
23895,Stayed,0.4278798,0.5721202
18283,Stayed,0.3052945,0.6947055
49935,Left,0.9822072,0.017792827
46433,Stayed,0.028476298,0.9715237
41858,Left,0.97100985,0.028990138
61590,Left,0.611984,0.38801602
22435,Left,0.7108118,0.2891882
35260,Left,0.7791216,0.22087844
34028,Stayed,0.37079632,0.6292037
21159,Left,0.70009065,0.29990938
28024,Left,0.8607554,0.13924462
5565,Stayed,0.11086029,0.8891397
49189,Stayed,0.084932566,0.91506743
57349,Stayed,0.13330406,0.86669594
39920,Stayed,0.32487518,0.6751248
62140,Stayed,0.20919454,0.79080546
4058,Stayed,0.03894651,0.9610535
49282,Left,0.57198584,0.42801413
59842,Left,0.6519178,0.34808218
19678,Stayed,0.42019433,0.5798057
67881,Left,0.9524829,0.0475171
69513,Stayed,0.06656754,0.93343246
53764,Left,0.57347643,0.42652354
10789,Stayed,0.3637597,0.6362403
3726,Stayed,0.07819176,0.92180824
51241,Stayed,0.3301996,0.6698004
28681,Left,0.63754624,0.36245376
21007,Left,0.57111156,0.4288884
56518,Stayed,0.47430152,0.5256985
69598,Left,0.9701356,0.029864352
13130,Stayed,0.051327944,0.94867206
7626,Stayed,0.24008977,0.7599102
44168,Left,0.59758097,0.40241903
42796,Stayed,0.27464044,0.72535956
55889,Stayed,0.12691641,0.8730836
47950,Stayed,0.101261675,0.8987383
42272,Left,0.6976137,0.3023863
31763,Stayed,0.07171768,0.9282823
73407,Left,0.70547557,0.29452446
62056,Stayed,0.40418696,0.59581304
34644,Left,0.5661613,0.4338387
60302,Stayed,0.1748392,0.8251608
10611,Stayed,0.3857286,0.6142714
8279,Stayed,0.45766908,0.5423309
55261,Left,0.79807514,0.20192486
26011,Stayed,0.1415577,0.8584423
50645,Stayed,0.11836082,0.8816392
45403,Stayed,0.29871827,0.7012817
68941,Stayed,0.056358874,0.9436411
24204,Stayed,0.44335312,0.5566469
5200,Left,0.86854994,0.13145006
63767,Left,0.7688447,0.23115529
986,Left,0.68171823,0.3182818
37495,Stayed,0.40414578,0.5958542
1254,Left,0.9639271,0.03607289
34192,Left,0.9318753,0.06812471
73072,Left,0.5987327,0.4012673
68456,Left,0.7530071,0.2469929
45329,Left,0.59840137,0.40159863
36135,Stayed,0.34871018,0.6512898
1444,Stayed,0.48461992,0.5153801
68537,Stayed,0.29962003,0.70037997
1391,Left,0.6074202,0.39257982
64169,Stayed,0.3053729,0.6946271
53485,Left,0.8282246,0.17177539
1458,Left,0.72380877,0.27619126
23842,Left,0.7388127,0.2611873
20993,Stayed,0.42456043,0.5754396
36585,Left,0.70070124,0.29929876
68659,Stayed,0.18293679,0.8170632
44706,Stayed,0.053032637,0.94696736
357,Left,0.6017458,0.39825422
41394,Left,0.5528203,0.44717968
30150,Stayed,0.17981625,0.82018375
61476,Stayed,0.07375127,0.9262487
47314,Stayed,0.3133902,0.6866098
45221,Left,0.9162873,0.08371271
67508,Stayed,0.4700454,0.5299546
44022,Stayed,0.46138394,0.53861606
17724,Left,0.89518243,0.10481755
51372,Left,0.852735,0.14726502
23608,Stayed,0.2744218,0.7255782
71769,Left,0.5983784,0.4016216
35756,Left,0.94087994,0.05912007
29132,Stayed,0.41805792,0.5819421
21744,Stayed,0.19137973,0.8086203
5785,Stayed,0.10806447,0.8919355
1998,Stayed,0.44659966,0.55340034
41929,Left,0.71110845,0.28889155
40840,Left,0.92016697,0.07983303
10950,Stayed,0.37567854,0.62432146
30892,Left,0.78247947,0.21752053
67689,Left,0.9814759,0.018524133
71742,Left,0.6568704,0.34312958
27629,Stayed,0.4140737,0.5859263
8855,Stayed,0.045096457,0.95490354
56813,Left,0.9626764,0.03732357
37573,Stayed,0.15016186,0.84983814
26145,Stayed,0.42576438,0.5742356
31610,Left,0.918258,0.08174198
1172,Stayed,0.064459085,0.9355409
44413,Stayed,0.2706486,0.7293514
73391,Stayed,0.0662303,0.9337697
64957,Left,0.75108886,0.24891114
46274,Stayed,0.035758257,0.96424174
67786,Stayed,0.27902478,0.7209752
53546,Stayed,0.3106218,0.6893782
66547,Left,0.5714981,0.4285019
29175,Stayed,0.17824113,0.82175887
53771,Left,0.60064256,0.3993574
21091,Left,0.565109,0.43489096
16865,Stayed,0.09534061,0.9046594
65051,Stayed,0.11874652,0.8812535
68287,Left,0.7572801,0.24271986
53606,Stayed,0.18044227,0.8195577
23286,Left,0.68194294,0.31805706
50047,Left,0.73853177,0.26146823
19490,Left,0.93078375,0.06921627
1181,Left,0.5840522,0.41594782
47227,Stayed,0.022038698,0.9779613
35685,Left,0.53874683,0.4612532
47480,Stayed,0.3981046,0.6018954
21534,Stayed,0.06091392,0.9390861
57251,Stayed,0.2737087,0.7262913
51564,Stayed,0.05280161,0.9471984
27441,Left,0.65116066,0.34883934
33773,Stayed,0.16394407,0.83605593
6212,Stayed,0.046745956,0.95325404
32614,Left,0.9816851,0.01831492
14189,Stayed,0.16322559,0.8367744
57860,Stayed,0.021709621,0.9782904
32591,Left,0.59115,0.40885
24050,Stayed,0.13845152,0.8615485
60570,Stayed,0.18470877,0.8152912
67324,Left,0.63437104,0.36562893
71855,Left,0.959433,0.040567
21011,Stayed,0.04448563,0.9555144
16736,Left,0.50333965,0.49666035
58594,Stayed,0.3539638,0.6460362
7979,Stayed,0.427943,0.572057
2296,Left,0.72354364,0.27645636
25450,Stayed,0.1405263,0.8594737
12951,Left,0.67968476,0.32031527
38155,Left,0.68371105,0.31628895
27531,Stayed,0.01201582,0.9879842
69430,Stayed,0.21467102,0.785329
67084,Stayed,0.4708923,0.5291077
2384,Stayed,0.07404959,0.9259504
72521,Stayed,0.18140781,0.8185922
18325,Stayed,0.28209966,0.71790034
64786,Left,0.5170655,0.4829345
43785,Stayed,0.1045261,0.8954739
49175,Stayed,0.36885637,0.6311436
6341,Stayed,0.20634162,0.7936584
39046,Stayed,0.06186092,0.9381391
36667,Left,0.5700993,0.4299007
12571,Stayed,0.12155986,0.87844014
27041,Stayed,0.47308677,0.5269132
52977,Stayed,0.15860337,0.84139663
15663,Left,0.6725704,0.3274296
73132,Stayed,0.18355072,0.8164493
29627,Stayed,0.053445756,0.94655424
43691,Left,0.6153875,0.3846125
28867,Stayed,0.053545594,0.9464544
48924,Left,0.9362316,0.063768394
55575,Left,0.7687314,0.23126857
43904,Left,0.55885017,0.4411498
43771,Stayed,0.14863926,0.85136074
62141,Left,0.54215276,0.4578472
31943,Stayed,0.34716493,0.6528351
24675,Stayed,0.43834394,0.56165606
14939,Left,0.8932225,0.10677747
19388,Stayed,0.19084793,0.80915207
66279,Stayed,0.34374148,0.6562585
47604,Stayed,0.17695719,0.8230428
9431,Left,0.55015635,0.44984362
37331,Left,0.75757575,0.24242425
53526,Left,0.9675455,0.03245452
20066,Stayed,0.16024393,0.8397561
52472,Left,0.61471623,0.38528377
26946,Left,0.7180346,0.28196535
50381,Stayed,0.028939605,0.9710604
51312,Left,0.7662538,0.23374617
68849,Left,0.78172815,0.21827185
68984,Left,0.7058236,0.2941764
39610,Left,0.8743734,0.12562662
6424,Stayed,0.12637562,0.8736244
47371,Left,0.8360157,0.16398428
20394,Left,0.681473,0.318527
72159,Stayed,0.12829465,0.87170535
4789,Left,0.5535021,0.44649792
2387,Stayed,0.38315678,0.6168432
28643,Left,0.7247734,0.27522662
55707,Stayed,0.18114144,0.81885856
40295,Stayed,0.035353243,0.96464676
43709,Left,0.60156804,0.39843196
11987,Stayed,0.026741564,0.97325844
37980,Left,0.82479966,0.17520031
9274,Left,0.92634904,0.073650986
29568,Left,0.89482164,0.105178334
9203,Stayed,0.17399263,0.82600737
52522,Stayed,0.03344387,0.96655613
42227,Stayed,0.2086587,0.7913413
67238,Stayed,0.38665617,0.61334383
12488,Stayed,0.033410728,0.9665893
42470,Left,0.64314497,0.35685506
25917,Left,0.95576787,0.04423216
16165,Left,0.5027434,0.49725658
66369,Left,0.9105536,0.08944644
374,Stayed,0.05119717,0.9488028
53289,Left,0.6410699,0.3589301
5012,Stayed,0.12694407,0.87305593
72531,Stayed,0.41934353,0.58065647
13322,Left,0.93040043,0.06959957
16679,Left,0.9649985,0.035001513
56559,Left,0.7582549,0.2417451
66953,Stayed,0.24269128,0.7573087
70990,Stayed,0.039156795,0.9608432
51171,Left,0.75481755,0.24518245
52363,Left,0.73209536,0.2679046
45008,Left,0.98590153,0.014098454
30578,Stayed,0.3019048,0.6980952
59348,Left,0.6924887,0.30751133
13416,Left,0.64038914,0.35961086
68631,Stayed,0.03533256,0.96466744
55803,Left,0.8829355,0.1170645
67250,Left,0.8624121,0.13758788
72523,Left,0.95602614,0.043973837
29027,Stayed,0.034232616,0.9657674
30098,Stayed,0.051716685,0.9482833
7927,Left,0.93349856,0.06650143
53634,Stayed,0.08471143,0.91528857
54072,Left,0.7236188,0.2763812
36454,Stayed,0.322518,0.677482
61635,Stayed,0.21680647,0.7831935
21394,Left,0.6666019,0.3333981
44217,Left,0.91794044,0.08205956
70311,Left,0.5711184,0.4288816
65203,Stayed,0.050091922,0.9499081
49754,Left,0.7068954,0.2931046
56218,Left,0.6771108,0.32288918
14785,Stayed,0.3062718,0.6937282
27374,Stayed,0.489128,0.510872
41809,Left,0.5838281,0.4161719
12775,Stayed,0.4248441,0.5751559
12258,Stayed,0.368304,0.631696
72146,Stayed,0.17760092,0.8223991
47423,Stayed,0.12540919,0.8745908
66933,Left,0.67881465,0.32118532
66818,Left,0.8572304,0.14276956
10836,Left,0.8608898,0.1391102
14967,Left,0.73435307,0.2656469
55062,Left,0.88527846,0.11472157
34167,Stayed,0.016655505,0.9833445
33919,Left,0.5354996,0.4645004
54598,Left,0.8405316,0.15946843
28598,Stayed,0.48602706,0.51397294
43231,Left,0.76409614,0.23590387
72298,Left,0.57730687,0.42269316
45393,Stayed,0.3667121,0.6332879
61974,Stayed,0.32559597,0.674404
63013,Stayed,0.30656958,0.6934304
55775,Left,0.92198044,0.078019544
11401,Stayed,0.22073895,0.77926105
53439,Left,0.9844035,0.015596535
13191,Stayed,0.019991875,0.9800081
54326,Left,0.58549434,0.41450566
63224,Stayed,0.48729372,0.5127063
67191,Left,0.72627807,0.27372193
49165,Stayed,0.19996947,0.8000305
58490,Left,0.8801941,0.11980585
8298,Left,0.79036397,0.20963605
7042,Stayed,0.025161743,0.97483826
65968,Stayed,0.10917848,0.8908215
19850,Stayed,0.16125911,0.8387409
66455,Left,0.5587332,0.4412668
16350,Stayed,0.27356863,0.72643137
35727,Left,0.86961156,0.13038844
46510,Left,0.71138775,0.28861225
31421,Left,0.72476435,0.27523562
9784,Stayed,0.2192133,0.7807867
40018,Stayed,0.34295893,0.6570411
7286,Stayed,0.36035514,0.63964486
59212,Left,0.8690276,0.13097242
57364,Stayed,0.3234411,0.6765589
49163,Left,0.927701,0.072298996
28838,Left,0.8947016,0.10529842
23306,Stayed,0.0066699386,0.99333006
42235,Stayed,0.3368535,0.6631465
71356,Stayed,0.17350137,0.8264986
1350,Left,0.69331723,0.30668277
29420,Left,0.87283003,0.12716995
56057,Stayed,0.26503527,0.7349647
15573,Left,0.97564507,0.024354957
31784,Stayed,0.47036123,0.52963877
22836,Left,0.68809056,0.3119094
16049,Left,0.63379675,0.36620325
58049,Stayed,0.097586155,0.90241385
33820,Left,0.9709971,0.029002879
70706,Left,0.7817871,0.21821289
54932,Left,0.7558414,0.24415866
10194,Left,0.59289014,0.40710986
42088,Left,0.6090798,0.39092022
68493,Left,0.7256322,0.2743678
29668,Stayed,0.46953022,0.5304698
56065,Stayed,0.037294865,0.96270514
16870,Left,0.64230824,0.35769174
18957,Left,0.72684216,0.27315784
41502,Stayed,0.051826656,0.94817334
23762,Left,0.7929986,0.20700137
39627,Left,0.7553742,0.24462579
8490,Stayed,0.110774636,0.88922536
45291,Left,0.8681876,0.13181238
44664,Left,0.9123736,0.08762638
17521,Left,0.52028143,0.47971854
24220,Left,0.98731506,0.01268494
64738,Stayed,0.45436633,0.5456337
21440,Stayed,0.33926857,0.66073143
46462,Stayed,0.01502347,0.98497653
44396,Stayed,0.038443327,0.9615567
50184,Left,0.5479083,0.45209166
70559,Stayed,0.4785601,0.5214399
60790,Stayed,0.25010282,0.7498972
63261,Stayed,0.36527318,0.6347268
61319,Stayed,0.13594186,0.86405814
9823,Left,0.5118291,0.48817092
13184,Stayed,0.43878,0.56122
58626,Left,0.9658931,0.034106936
74250,Stayed,0.39085078,0.6091492
47848,Left,0.8654003,0.13459969
63197,Stayed,0.04195988,0.9580401
67845,Left,0.74415606,0.25584394
40562,Stayed,0.025397003,0.974603
22051,Left,0.937099,0.06290101
43637,Stayed,0.16524696,0.83475304
42985,Left,0.76695216,0.23304783
30412,Left,0.6288622,0.3711378
37315,Left,0.796203,0.20379701
49415,Stayed,0.43201375,0.56798625
55525,Stayed,0.41550446,0.58449554
871,Stayed,0.25800043,0.74199957
33901,Stayed,0.2972936,0.7027064
54535,Stayed,0.14634615,0.85365385
60957,Left,0.6025304,0.39746958
61964,Left,0.8818832,0.11811677
64694,Stayed,0.4380433,0.5619567
30752,Left,0.98404974,0.01595028
4470,Left,0.67899525,0.32100475
49338,Stayed,0.011337101,0.9886629
6294,Left,0.5932946,0.4067054
1170,Left,0.80490136,0.19509861
26064,Left,0.8172501,0.18274991
61669,Stayed,0.06834394,0.93165606
60556,Stayed,0.022257745,0.97774225
17931,Stayed,0.08985084,0.91014916
55967,Stayed,0.09447676,0.90552324
68504,Stayed,0.25092387,0.7490761
74462,Left,0.57843983,0.42156017
34479,Left,0.8696034,0.1303966
72181,Left,0.888667,0.111333005
56426,Stayed,0.40354115,0.59645885
45871,Left,0.83648306,0.16351692
40487,Stayed,0.2393468,0.7606532
25892,Left,0.5148839,0.4851161
29162,Stayed,0.37395597,0.62604403
44769,Left,0.7134108,0.2865892
8866,Left,0.7418144,0.25818565
5550,Stayed,0.03969282,0.9603072
58649,Left,0.6059025,0.3940975
29863,Left,0.5868833,0.41311672
31667,Left,0.897562,0.10243797
41273,Stayed,0.29819465,0.70180535
33268,Stayed,0.12030321,0.8796968
37192,Stayed,0.07083392,0.9291661
57069,Stayed,0.072285,0.927715
39870,Left,0.9606858,0.039314218
47207,Stayed,0.1886527,0.8113473
34672,Left,0.5349419,0.4650581
22834,Stayed,0.16010106,0.83989894
25743,Stayed,0.04261166,0.95738834
27064,Stayed,0.24291253,0.75708747
8424,Stayed,0.42318523,0.5768148
69012,Left,0.76296765,0.23703237
17116,Left,0.5228001,0.47719988
58843,Stayed,0.44362468,0.5563753
69943,Left,0.85633755,0.14366247
69931,Stayed,0.2053492,0.7946508
7001,Stayed,0.018190622,0.9818094
47617,Left,0.97534734,0.024652652
11979,Left,0.8675994,0.13240059
15680,Stayed,0.18691331,0.8130867
27894,Stayed,0.4649679,0.5350321
8502,Left,0.76312655,0.23687345
15975,Left,0.9017398,0.09826022
35599,Left,0.638166,0.361834
10513,Stayed,0.49745983,0.5025402
11485,Stayed,0.032556713,0.9674433
14098,Stayed,0.31624025,0.68375975
7344,Stayed,0.025657356,0.97434264
30728,Left,0.58607775,0.41392225
46266,Stayed,0.35734034,0.64265966
46693,Left,0.86034703,0.13965298
8796,Stayed,0.024690032,0.97530997
755,Stayed,0.35371625,0.64628375
25656,Stayed,0.10951674,0.89048326
37407,Left,0.9318409,0.06815912
7781,Stayed,0.098988,0.901012
59942,Stayed,0.42016208,0.5798379
36400,Left,0.51166487,0.48833516
69062,Stayed,0.42973673,0.57026327
59599,Stayed,0.15699643,0.8430036
20513,Stayed,0.24795216,0.75204784
16630,Left,0.660097,0.33990297
60765,Left,0.855443,0.14455698
20677,Stayed,0.28504437,0.7149556
24911,Stayed,0.31215215,0.68784785
59549,Left,0.96549624,0.034503777
42264,Stayed,0.23345566,0.76654434
30156,Stayed,0.23806465,0.76193535
45373,Stayed,0.33107,0.66893
38652,Left,0.62883335,0.37116665
18784,Stayed,0.3881004,0.6118996
65640,Left,0.86499447,0.13500552
54512,Stayed,0.08348721,0.9165128
44352,Stayed,0.27006406,0.72993594
37624,Left,0.5737008,0.42629924
25233,Stayed,0.17878902,0.821211
53198,Left,0.78594786,0.21405213
32366,Left,0.5015056,0.49849436
61883,Stayed,0.059192777,0.9408072
42551,Left,0.79216015,0.20783986
67559,Stayed,0.02007991,0.9799201
38824,Stayed,0.16515529,0.8348447
28128,Left,0.82428706,0.17571296
46055,Left,0.5479226,0.45207736
22466,Left,0.5511211,0.44887888
28614,Stayed,0.028458476,0.9715415
24673,Left,0.65751576,0.3424842
47631,Stayed,0.25915247,0.7408475
67072,Left,0.57086027,0.42913973
56602,Left,0.6110555,0.3889445
11907,Stayed,0.43973184,0.56026816
62296,Stayed,0.14830232,0.8516977
16189,Stayed,0.2808441,0.7191559
67149,Left,0.9780191,0.0219809
1686,Stayed,0.38945186,0.61054814
58177,Stayed,0.07892537,0.9210746
42895,Stayed,0.02994299,0.970057
956,Left,0.6494605,0.3505395
36847,Stayed,0.41157323,0.58842677
14814,Left,0.5632827,0.43671724
14181,Stayed,0.23044097,0.769559
18152,Left,0.9162176,0.0837824
33878,Left,0.5869554,0.41304457
36677,Stayed,0.045289576,0.9547104
16224,Left,0.79793364,0.20206635
51779,Stayed,0.0957306,0.9042694
69972,Stayed,0.49724364,0.50275636
13328,Left,0.56862694,0.43137306
22226,Stayed,0.39708406,0.60291594
73497,Left,0.78084123,0.21915877
67014,Stayed,0.36257458,0.6374254
1929,Left,0.7066684,0.29333165
89,Stayed,0.045895815,0.9541042
55921,Left,0.5619495,0.43805054
13746,Left,0.9760505,0.023949498
73283,Left,0.57966983,0.42033017
30589,Stayed,0.33173764,0.66826236
1871,Left,0.7438462,0.25615382
66194,Stayed,0.028187811,0.9718122
67153,Stayed,0.22090888,0.7790911
47885,Left,0.94550824,0.054491743
56226,Left,0.8355535,0.16444649
4088,Left,0.6573411,0.3426589
15999,Stayed,0.26124847,0.73875153
69260,Stayed,0.4353369,0.5646631
16955,Stayed,0.22150248,0.7784975
70719,Left,0.93256086,0.06743916
66149,Stayed,0.3535607,0.6464393
57035,Left,0.6597224,0.3402776
44080,Left,0.9816962,0.018303791
72162,Left,0.6865138,0.3134862
9129,Stayed,0.2816497,0.7183503
6011,Left,0.6928406,0.30715942
15150,Stayed,0.48670954,0.51329046
50528,Stayed,0.42566603,0.57433397
42506,Left,0.94158083,0.058419187
55380,Stayed,0.36478359,0.6352164
41247,Stayed,0.42743456,0.57256544
25057,Left,0.75534797,0.24465205
67806,Left,0.6183937,0.38160628
53168,Stayed,0.1895262,0.8104738
51131,Stayed,0.27025795,0.72974205
61434,Left,0.53524613,0.46475384
45262,Stayed,0.14882076,0.85117924
15088,Stayed,0.25492042,0.7450796
7111,Stayed,0.27412808,0.7258719
50443,Stayed,0.4751014,0.5248986
14410,Stayed,0.046069086,0.9539309
4265,Stayed,0.34990948,0.6500905
6367,Stayed,0.37566876,0.62433124
68744,Stayed,0.49595612,0.5040439
58010,Stayed,0.07431728,0.9256827
28451,Stayed,0.10374057,0.8962594
20482,Left,0.54390264,0.45609733
9485,Left,0.7080816,0.29191837
11817,Left,0.5171988,0.4828012
16380,Stayed,0.3951785,0.6048215
69261,Stayed,0.23697072,0.7630293
23382,Stayed,0.034950495,0.9650495
42189,Left,0.7695744,0.23042558
37903,Left,0.5093188,0.49068114
40142,Left,0.97929996,0.020700032
51150,Left,0.82623655,0.17376345
57944,Left,0.5842012,0.4157988
37987,Stayed,0.33990216,0.66009784
55710,Stayed,0.3607236,0.6392764
51836,Stayed,0.31902403,0.680976
7373,Stayed,0.13766056,0.86233944
52006,Left,0.72545063,0.27454934
46853,Stayed,0.049268723,0.9507313
26553,Stayed,0.17851418,0.8214858
6330,Stayed,0.07446498,0.925535
49719,Left,0.54289544,0.4571046
15952,Stayed,0.1445058,0.8554942
13040,Left,0.56514,0.43486002
52660,Left,0.7807481,0.21925189
1520,Left,0.57944334,0.42055666
70602,Stayed,0.103618324,0.8963817
73155,Stayed,0.25584686,0.74415314
35198,Left,0.8839853,0.116014734
30093,Left,0.8319658,0.16803418
20922,Left,0.9684056,0.03159438
4326,Left,0.93192595,0.068074055
22637,Stayed,0.4636224,0.5363776
64573,Stayed,0.01050055,0.98949945
56041,Stayed,0.08964157,0.9103584
23146,Left,0.6830688,0.3169312
47490,Stayed,0.03891647,0.96108353
10826,Stayed,0.07385075,0.92614925
27908,Left,0.83981323,0.16018677
43111,Stayed,0.076406896,0.9235931
50419,Left,0.62027335,0.37972665
28489,Left,0.65283716,0.34716284
59297,Left,0.82155013,0.17844988
33246,Left,0.9841093,0.015890732
48686,Left,0.64203835,0.35796162
36267,Stayed,0.1288029,0.8711971
23513,Left,0.8929804,0.10701962
1787,Left,0.5162325,0.4837675
43069,Left,0.63269055,0.36730942
57604,Stayed,0.1304152,0.8695848
41905,Left,0.5493882,0.45061183
32963,Stayed,0.2633897,0.7366103
73269,Stayed,0.3356703,0.6643297
40610,Stayed,0.16348028,0.8365197
56885,Left,0.5208202,0.4791798
22920,Stayed,0.112463236,0.88753676
1968,Stayed,0.13177943,0.86822057
72568,Left,0.5504183,0.44958168
73700,Left,0.9065174,0.09348264
35233,Left,0.8848088,0.11519119
53111,Left,0.80127287,0.19872715
55092,Left,0.6919467,0.3080533
74420,Stayed,0.20957077,0.79042923
40662,Left,0.7777122,0.22228777
18719,Stayed,0.022762597,0.9772374
62561,Left,0.9783092,0.021690806
3109,Stayed,0.46144384,0.53855616
1656,Left,0.7138158,0.28618422
38803,Stayed,0.12016207,0.87983793
66015,Left,0.93500787,0.06499212
8782,Left,0.8776405,0.12235953
66785,Left,0.53992116,0.46007884
56227,Left,0.7272551,0.27274492
12576,Stayed,0.4122631,0.5877369
27669,Left,0.9729066,0.027093394
49148,Stayed,0.09030932,0.9096907
19489,Left,0.96050173,0.039498292
31957,Stayed,0.09610224,0.90389776
68602,Stayed,0.22638369,0.7736163
13291,Left,0.7530179,0.24698208
70221,Left,0.5338792,0.46612078
55159,Stayed,0.28354084,0.71645916
3945,Left,0.6662118,0.33378822
37534,Left,0.8512428,0.14875725
9017,Stayed,0.4676059,0.5323941
34159,Left,0.5846609,0.41533914
22713,Stayed,0.25187075,0.74812925
28819,Stayed,0.10777259,0.8922274
63170,Left,0.5092871,0.49071288
29508,Stayed,0.29098272,0.7090173
18189,Left,0.85408485,0.14591518
1749,Stayed,0.4366194,0.5633806
12600,Stayed,0.25942355,0.74057645
15522,Left,0.58326375,0.41673622
43145,Left,0.58658123,0.4134188
66009,Stayed,0.47026402,0.529736
27289,Stayed,0.1636504,0.8363496
17357,Left,0.5326155,0.46738452
4453,Left,0.64451265,0.35548735
51821,Stayed,0.32504594,0.67495406
33571,Stayed,0.08344996,0.91655004
1857,Left,0.72828907,0.27171093
49849,Left,0.56694204,0.43305796
23080,Left,0.533039,0.46696106
14698,Stayed,0.33013833,0.6698617
37838,Stayed,0.048672915,0.9513271
24896,Stayed,0.019260764,0.98073924
57372,Stayed,0.08098549,0.9190145
28006,Left,0.89579606,0.10420391
21918,Stayed,0.48155665,0.51844335
19588,Stayed,0.1623354,0.8376646
50378,Stayed,0.35664916,0.64335084
58505,Left,0.53253424,0.4674658
15326,Left,0.96496016,0.03503985
16447,Left,0.6280211,0.37197885
61275,Stayed,0.4645542,0.5354458
63332,Stayed,0.4046321,0.5953679
56061,Left,0.55361855,0.44638148
20323,Stayed,0.41319597,0.58680403
68191,Left,0.5756886,0.42431143
15558,Stayed,0.1287362,0.8712638
18515,Stayed,0.45833415,0.54166585
2133,Left,0.77649856,0.22350146
68834,Stayed,0.021085858,0.97891414
34916,Stayed,0.39929062,0.6007094
48067,Stayed,0.3440326,0.6559674
61584,Left,0.94138163,0.058618348
25591,Left,0.63623965,0.36376038
47068,Stayed,0.099461794,0.9005382
5982,Stayed,0.25453275,0.74546725
23663,Stayed,0.08840299,0.911597
20550,Stayed,0.046667635,0.95333236
31330,Stayed,0.14583158,0.8541684
7733,Left,0.704893,0.295107
54970,Left,0.6441361,0.35586393
72573,Left,0.8188958,0.18110421
54591,Stayed,0.16480672,0.8351933
14431,Left,0.7988844,0.20111562
67938,Stayed,0.4403168,0.5596832
50801,Stayed,0.4500534,0.5499466
67218,Stayed,0.40213507,0.5978649
49969,Left,0.63768995,0.36231005
2226,Stayed,0.34754324,0.65245676
3001,Left,0.7540146,0.2459854
51635,Left,0.7706979,0.2293021
15993,Stayed,0.43637955,0.56362045
47422,Stayed,0.43082023,0.5691798
57491,Stayed,0.49392337,0.50607663
27007,Stayed,0.2374388,0.7625612
3762,Stayed,0.22321361,0.7767864
5844,Left,0.9132708,0.08672921
74367,Left,0.85619915,0.14380084
30032,Left,0.8024974,0.19750264
19259,Left,0.822633,0.17736696
72579,Left,0.7359479,0.2640521
55553,Stayed,0.31552625,0.68447375
23470,Stayed,0.07573843,0.92426157
30250,Stayed,0.24186385,0.75813615
7835,Left,0.6743742,0.3256258
59984,Left,0.9123807,0.08761932
29827,Left,0.51166296,0.488337
19715,Stayed,0.39018363,0.6098164
67595,Left,0.6303794,0.36962062
29089,Left,0.6349997,0.3650003
63502,Left,0.6929546,0.3070454
53494,Left,0.6802032,0.31979677
6718,Stayed,0.30644923,0.69355077
8924,Stayed,0.096072495,0.9039275
42788,Left,0.68823576,0.3117642
47555,Stayed,0.0458076,0.9541924
64754,Stayed,0.3691523,0.6308477
16236,Stayed,0.004737735,0.99526227
65022,Stayed,0.49268198,0.507318
54960,Stayed,0.060518265,0.93948174
20341,Left,0.8675686,0.13243137
64871,Left,0.7842441,0.2157559
17169,Left,0.5296067,0.47039333
3215,Stayed,0.06431991,0.9356801
20903,Left,0.83518624,0.16481377
7731,Stayed,0.4644317,0.5355683
64165,Stayed,0.11438501,0.885615
62405,Stayed,0.026750922,0.9732491
33556,Stayed,0.42779475,0.57220525
19809,Left,0.68765414,0.31234583
13671,Stayed,0.43834466,0.56165534
69651,Left,0.9697761,0.030223893
22303,Left,0.8785789,0.12142113
38778,Left,0.56484735,0.43515265
55645,Left,0.95157176,0.048428256
69289,Left,0.7528393,0.24716069
24862,Stayed,0.40106243,0.5989376
10980,Left,0.8661177,0.13388231
18266,Stayed,0.16529489,0.8347051
73011,Stayed,0.095247924,0.9047521
67622,Stayed,0.3035674,0.6964326
49472,Stayed,0.36815673,0.63184327
5776,Stayed,0.007977605,0.9920224
14436,Stayed,0.3112229,0.6887771
33395,Stayed,0.3521288,0.6478712
49616,Left,0.7721619,0.22783808
46415,Stayed,0.11487937,0.88512063
71277,Left,0.6371976,0.3628024
32570,Left,0.61583745,0.38416252
49913,Left,0.77713764,0.2228624
2708,Left,0.9647535,0.035246506
63851,Stayed,0.27233726,0.72766274
20365,Left,0.8661664,0.13383359
36057,Stayed,0.47615594,0.52384406
10970,Stayed,0.18473047,0.81526953
25542,Stayed,0.2555927,0.7444073
20934,Stayed,0.09518731,0.9048127
58357,Left,0.95579505,0.044204943
8931,Stayed,0.44566035,0.55433965
29437,Left,0.63411164,0.36588836
42233,Stayed,0.44158888,0.5584111
5206,Left,0.97782457,0.022175457
57918,Stayed,0.25914747,0.74085253
34086,Left,0.54075587,0.4592441
62310,Stayed,0.0065177083,0.9934823
61794,Stayed,0.04984629,0.9501537
72911,Stayed,0.25117922,0.7488208
37065,Stayed,0.09119809,0.9088019
26806,Stayed,0.07471734,0.92528266
74197,Stayed,0.13212109,0.8678789
29639,Left,0.5506747,0.44932535
65960,Stayed,0.41436118,0.5856388
74043,Stayed,0.08594859,0.9140514
23418,Left,0.76621467,0.23378535
53214,Stayed,0.066775024,0.933225
7432,Stayed,0.03988701,0.960113
53183,Stayed,0.10726333,0.8927367
41302,Stayed,0.35670966,0.64329034
31583,Stayed,0.2517923,0.7482077
65066,Left,0.7305663,0.26943368
41817,Left,0.7098304,0.29016957
31275,Left,0.7560429,0.24395712
46602,Left,0.9199072,0.08009282
22228,Stayed,0.25025308,0.7497469
42697,Stayed,0.40022945,0.59977055
43129,Left,0.56199914,0.43800086
70004,Left,0.9518394,0.04816059
39208,Stayed,0.48213774,0.51786226
20255,Left,0.73487663,0.26512334
66283,Left,0.81571543,0.18428458
60396,Stayed,0.25142115,0.74857885
17999,Stayed,0.15622437,0.84377563
67449,Left,0.8558454,0.14415461
30243,Stayed,0.40101653,0.59898347
15048,Stayed,0.047205806,0.9527942
43768,Stayed,0.48370147,0.51629853
15466,Stayed,0.018079698,0.9819203
125,Left,0.8742953,0.12570472
72696,Stayed,0.018586755,0.98141325
23533,Stayed,0.074050486,0.9259495
15316,Left,0.7830997,0.2169003
40669,Stayed,0.07434863,0.9256514
62272,Left,0.5821764,0.4178236
27423,Stayed,0.4443645,0.5556355
62488,Stayed,0.13352507,0.8664749
56964,Left,0.53523904,0.46476096
29713,Left,0.6782862,0.3217138
10306,Stayed,0.16697586,0.83302414
53455,Left,0.6575181,0.3424819
32374,Stayed,0.29872227,0.70127773
61568,Stayed,0.023476183,0.9765238
53481,Stayed,0.32774162,0.6722584
44008,Left,0.8463093,0.15369073
35687,Left,0.8130833,0.18691672
41871,Stayed,0.3767317,0.6232683
2894,Stayed,0.06565648,0.9343435
16142,Stayed,0.19115943,0.8088406
6975,Stayed,0.032889426,0.9671106
70329,Stayed,0.17361236,0.82638764
31445,Left,0.72813374,0.27186626
59523,Stayed,0.1266967,0.8733033
46928,Stayed,0.15656549,0.8434345
39417,Left,0.9026509,0.09734912
54277,Stayed,0.17169052,0.8283095
11618,Stayed,0.11712384,0.88287616
36779,Left,0.9511966,0.048803397
36247,Stayed,0.21951401,0.780486
67403,Left,0.68876714,0.31123286
56450,Left,0.56047785,0.43952218
26972,Left,0.626142,0.373858
6137,Left,0.8272094,0.17279059
72928,Left,0.9617961,0.038203873
14887,Stayed,0.17604655,0.82395345
28418,Left,0.9389678,0.06103219
51999,Stayed,0.26949286,0.73050714
16597,Left,0.56824636,0.4317536
48849,Stayed,0.068418324,0.9315817
25488,Stayed,0.05247128,0.9475287
54327,Stayed,0.061291695,0.9387083
34581,Left,0.83238983,0.16761014
7493,Left,0.58722603,0.412774
551,Stayed,0.12194657,0.8780534
37342,Stayed,0.3545997,0.6454003
2183,Stayed,0.49919713,0.5008029
50036,Stayed,0.18172294,0.81827706
71435,Left,0.79363275,0.20636724
36317,Stayed,0.03878796,0.96121204
63540,Left,0.5827646,0.4172354
45752,Stayed,0.4991277,0.5008723
54686,Left,0.9634392,0.036560792
14664,Left,0.72518826,0.27481174
26028,Left,0.5488682,0.4511318
64722,Stayed,0.23869169,0.7613083
27174,Left,0.6026315,0.3973685
18537,Left,0.869313,0.13068698
49320,Left,0.6101682,0.3898318
54635,Left,0.9280128,0.071987234
27694,Left,0.68005586,0.3199441
23985,Stayed,0.32319987,0.67680013
39629,Stayed,0.3649165,0.6350835
52357,Stayed,0.27468842,0.7253116
14884,Left,0.8787163,0.12128373
5523,Left,0.53265524,0.46734473
10721,Stayed,0.40731734,0.59268266
64954,Stayed,0.41599572,0.5840043
54578,Left,0.5325092,0.4674908
1088,Stayed,0.09602749,0.9039725
61307,Left,0.7414109,0.2585891
34681,Left,0.5208553,0.47914466
47241,Left,0.6762968,0.32370323
42390,Left,0.56076396,0.43923607
63671,Stayed,0.0945732,0.9054268
4450,Left,0.63050467,0.36949533
55679,Stayed,0.29720104,0.70279896
33455,Stayed,0.035158634,0.96484137
53835,Left,0.82533157,0.17466845
33660,Left,0.65869236,0.34130767
64210,Left,0.90653425,0.09346575
17836,Stayed,0.35859907,0.64140093
42483,Left,0.92209554,0.07790448
46025,Stayed,0.09010607,0.90989393
33596,Stayed,0.081585705,0.9184143
27184,Left,0.6283975,0.37160248
50652,Stayed,0.25267547,0.7473245
41550,Stayed,0.454338,0.545662
36365,Stayed,0.1644693,0.8355307
34762,Stayed,0.4596501,0.5403499
60651,Left,0.6763881,0.32361192
19718,Left,0.65953237,0.34046763
68859,Stayed,0.27889752,0.7211025
9076,Left,0.5924232,0.4075768
39376,Stayed,0.03535086,0.96464914
2529,Stayed,0.26943165,0.73056835
35379,Stayed,0.15298456,0.84701544
69489,Stayed,0.39331108,0.6066889
30047,Stayed,0.14667666,0.85332334
66030,Left,0.54088336,0.45911664
53063,Stayed,0.08829981,0.9117002
60094,Stayed,0.19949806,0.80050194
66180,Left,0.6183034,0.38169655
6553,Left,0.926406,0.073593944
32004,Stayed,0.053394258,0.94660574
60566,Stayed,0.040076733,0.95992327
31480,Stayed,0.051225483,0.9487745
60832,Left,0.69968635,0.30031365
46403,Stayed,0.071712434,0.92828757
63387,Left,0.53907347,0.4609265
625,Stayed,0.014773309,0.9852267
45251,Left,0.8967967,0.10320329
36514,Left,0.5795492,0.42045084
23021,Stayed,0.10873222,0.8912678
61181,Left,0.93266076,0.067339234
55677,Stayed,0.047839224,0.9521608
39090,Stayed,0.3949383,0.6050617
21167,Left,0.60511476,0.39488524
30382,Stayed,0.1727438,0.8272562
24948,Stayed,0.07915026,0.92084974
20417,Stayed,0.4250347,0.5749653
21019,Stayed,0.24193084,0.75806916
73907,Left,0.70415807,0.29584196
58991,Stayed,0.10401881,0.8959812
2722,Left,0.97067606,0.029323934
16982,Stayed,0.2895891,0.7104109
2084,Left,0.5365575,0.4634425
22903,Left,0.6987732,0.3012268
39565,Left,0.75725776,0.24274226
10644,Left,0.6741192,0.32588083
60459,Stayed,0.12542772,0.8745723
43537,Stayed,0.16168249,0.8383175
22907,Stayed,0.3991524,0.6008476
30486,Stayed,0.3137012,0.6862988
51514,Left,0.53928053,0.46071944
33297,Left,0.5606286,0.4393714
43692,Stayed,0.12412268,0.8758773
34558,Left,0.7764046,0.2235954
1014,Left,0.668881,0.331119
37803,Stayed,0.35847276,0.64152724
43565,Stayed,0.46499848,0.5350015
33709,Stayed,0.08625615,0.91374385
65287,Stayed,0.31246096,0.68753904
3453,Left,0.72357017,0.27642983
25479,Left,0.93212014,0.06787984
65806,Left,0.76161456,0.23838544
47444,Stayed,0.20125055,0.79874945
57974,Stayed,0.28426266,0.71573734
11082,Left,0.69909275,0.30090728
55808,Stayed,0.43111706,0.56888294
42575,Left,0.84354234,0.15645766
40292,Stayed,0.36912316,0.63087684
2618,Stayed,0.05504012,0.9449599
11994,Stayed,0.14840204,0.85159796
72674,Stayed,0.29103446,0.70896554
68013,Stayed,0.23680645,0.76319355
35050,Stayed,0.28112894,0.71887106
50499,Left,0.91136914,0.08863083
19038,Left,0.8301631,0.16983688
1124,Left,0.8401335,0.15986653
64182,Stayed,0.45558548,0.5444145
55508,Stayed,0.32893544,0.67106456
33353,Left,0.54134035,0.45865965
55667,Left,0.69816005,0.30183998
2886,Left,0.83999276,0.16000725
34894,Left,0.9698451,0.030154908
6410,Left,0.53831863,0.46168137
33347,Left,0.93799585,0.062004134
74431,Left,0.9117382,0.0882618
56125,Stayed,0.29531837,0.70468163
69182,Stayed,0.35011458,0.6498854
68670,Left,0.608472,0.391528
22177,Left,0.8927757,0.107224286
31367,Left,0.68651307,0.31348693
8843,Left,0.828791,0.17120895
21642,Stayed,0.16498852,0.8350115
12578,Stayed,0.45532578,0.5446742
19335,Stayed,0.237176,0.762824
39174,Stayed,0.22448832,0.7755117
4212,Left,0.52819645,0.47180352
43207,Stayed,0.1984793,0.8015207
804,Stayed,0.19355792,0.8064421
34187,Left,0.87889785,0.12110213
42034,Stayed,0.29973823,0.7002618
417,Left,0.9345803,0.065419674
65071,Left,0.8036579,0.19634213
69383,Left,0.7794976,0.22050239
4837,Stayed,0.12993115,0.87006885
62051,Left,0.78485966,0.21514036
34054,Stayed,0.10203546,0.89796454
46458,Left,0.5537808,0.4462192
63809,Stayed,0.18912202,0.810878
25624,Stayed,0.17673796,0.82326204
3695,Left,0.7785731,0.22142692
69805,Left,0.84269565,0.15730436
17536,Stayed,0.056624293,0.9433757
15881,Stayed,0.3808344,0.6191656
46121,Stayed,0.12144816,0.87855184
16529,Left,0.5742438,0.42575625
6895,Left,0.86405665,0.13594334
45496,Stayed,0.39563066,0.60436934
12893,Stayed,0.015770674,0.9842293
52444,Left,0.57952106,0.4204789
17942,Stayed,0.028952003,0.971048
53762,Left,0.7828268,0.2171732
59352,Left,0.9074758,0.09252418
25489,Stayed,0.2494815,0.7505185
42620,Stayed,0.06805307,0.93194693
65476,Stayed,0.46733725,0.53266275
58717,Left,0.53639024,0.46360976
24910,Left,0.6433672,0.3566328
20493,Stayed,0.34367138,0.6563286
475,Stayed,0.46821404,0.53178596
27299,Left,0.5291339,0.4708661
72296,Left,0.78565794,0.21434206
59940,Left,0.7510819,0.24891812
18306,Stayed,0.07675195,0.92324805
68099,Stayed,0.036401927,0.9635981
55411,Left,0.93920517,0.060794838
39095,Left,0.83881575,0.16118424
33210,Stayed,0.09963161,0.9003684
22820,Stayed,0.08504462,0.9149554
72408,Stayed,0.34678417,0.6532158
10694,Stayed,0.09185499,0.908145
26439,Left,0.5905305,0.4094695
55408,Stayed,0.11194974,0.88805026
12115,Stayed,0.41391176,0.58608824
6197,Left,0.71603346,0.28396657
53202,Stayed,0.24655575,0.75344425
46514,Stayed,0.39876068,0.6012393
70549,Left,0.68982697,0.31017306
35568,Stayed,0.4504187,0.5495813
48421,Left,0.5054709,0.4945291
6805,Left,0.7672684,0.23273157
72527,Left,0.73893434,0.26106566
41308,Left,0.73500836,0.26499167
56033,Left,0.5408939,0.45910606
11757,Stayed,0.3600273,0.6399727
73883,Stayed,0.41435438,0.5856456
38243,Stayed,0.35701078,0.6429892
45054,Left,0.80249655,0.19750342
45170,Stayed,0.49032265,0.50967735
66439,Left,0.96035165,0.03964838
20001,Stayed,0.098472595,0.9015274
38455,Stayed,0.17862177,0.82137823
13467,Left,0.97271824,0.027281778
34665,Left,0.60234296,0.397657
42195,Left,0.8814453,0.11855468
8988,Left,0.72916925,0.27083072
61291,Stayed,0.11593866,0.88406134
24959,Left,0.78735965,0.21264033
13916,Stayed,0.17066044,0.82933956
19307,Left,0.7006451,0.29935488
37190,Stayed,0.33453333,0.66546667
71794,Stayed,0.23612761,0.7638724
63082,Left,0.96576536,0.034234628
15425,Stayed,0.009997964,0.99000204
27816,Stayed,0.04936272,0.9506373
51073,Left,0.70081574,0.29918426
62373,Left,0.6784172,0.32158276
27734,Stayed,0.48853058,0.5114694
41102,Stayed,0.21732438,0.7826756
55981,Left,0.7170921,0.2829079
19747,Stayed,0.41543567,0.5845643
66115,Left,0.84087,0.15913
38019,Stayed,0.4205711,0.5794289
24907,Stayed,0.10098177,0.8990182
1513,Stayed,0.24896276,0.75103724
16422,Stayed,0.3459189,0.6540811
37561,Left,0.93266296,0.06733704
19350,Stayed,0.25611222,0.7438878
47310,Left,0.8807574,0.11924262
52397,Stayed,0.096775055,0.90322495
15198,Stayed,0.32416284,0.67583716
38415,Stayed,0.07231164,0.92768836
43171,Stayed,0.12353206,0.87646794
16890,Left,0.84090614,0.15909389
30840,Left,0.79614985,0.20385015
60878,Left,0.64656305,0.35343692
28996,Stayed,0.43521482,0.5647852
48963,Left,0.6576982,0.3423018
4507,Left,0.95463294,0.045367073
3754,Stayed,0.28093278,0.7190672
55504,Left,0.69298863,0.30701134
12253,Left,0.8748161,0.1251839
20489,Stayed,0.04349786,0.95650214
56738,Stayed,0.37923193,0.6207681
1331,Stayed,0.08077967,0.9192203
5829,Stayed,0.037944317,0.9620557
72734,Stayed,0.15479082,0.8452092
53582,Stayed,0.37213802,0.627862
13239,Stayed,0.06696528,0.9330347
11869,Stayed,0.37547565,0.62452435
72282,Left,0.7204136,0.27958637
55855,Left,0.948115,0.051885035
65650,Stayed,0.4361521,0.5638479
849,Stayed,0.10474473,0.89525527
20849,Left,0.705083,0.294917
39273,Stayed,0.40638167,0.59361833
27702,Left,0.6980711,0.30192888
70904,Left,0.8120331,0.18796688
46703,Stayed,0.22080791,0.7791921
29782,Left,0.7465933,0.2534067
43997,Stayed,0.21408093,0.7859191
74364,Stayed,0.4759395,0.5240605
25235,Stayed,0.1859793,0.8140207
12910,Stayed,0.05806315,0.94193685
18714,Left,0.9017634,0.09823662
27905,Stayed,0.42604822,0.5739518
3834,Stayed,0.055198073,0.9448019
3698,Stayed,0.10594916,0.89405084
73366,Left,0.7399651,0.2600349
59042,Stayed,0.3492018,0.6507982
44097,Stayed,0.06905669,0.9309433
2827,Stayed,0.29382682,0.7061732
52505,Left,0.5980597,0.4019403
2528,Stayed,0.4532625,0.5467375
42440,Stayed,0.23863584,0.76136416
61906,Stayed,0.11437929,0.8856207
33092,Stayed,0.07313031,0.9268697
42255,Stayed,0.04112625,0.95887375
31383,Stayed,0.49864334,0.50135666
8271,Stayed,0.0465672,0.9534328
36665,Stayed,0.031926572,0.9680734
28167,Left,0.8626959,0.13730413
3483,Left,0.7008381,0.2991619
8216,Stayed,0.04207903,0.95792097
14805,Stayed,0.24540645,0.75459355
53858,Stayed,0.1301102,0.8698898
26167,Stayed,0.15200096,0.84799904
57966,Stayed,0.32672673,0.67327327
64911,Stayed,0.41794562,0.5820544
9036,Stayed,0.21857691,0.7814231
43671,Left,0.580223,0.41977698
57825,Left,0.5759995,0.42400053
22001,Left,0.9731059,0.026894122
41476,Stayed,0.06290883,0.9370912
20424,Stayed,0.25248253,0.74751747
1537,Left,0.7684538,0.23154621
48855,Left,0.62033176,0.37966824
40489,Stayed,0.06617093,0.93382907
51831,Left,0.6619587,0.33804128
6986,Left,0.8119359,0.18806407
44919,Stayed,0.43415302,0.565847
74073,Stayed,0.051052272,0.9489477
46843,Stayed,0.32898605,0.67101395
69814,Stayed,0.4680286,0.5319714
64976,Stayed,0.032998443,0.96700156
37840,Stayed,0.43662608,0.5633739
43235,Stayed,0.051063955,0.94893605
14043,Stayed,0.46087432,0.5391257
11515,Left,0.5535232,0.44647682
25928,Stayed,0.3115312,0.6884688
36817,Left,0.9776381,0.022361863
17785,Left,0.8022065,0.19779347
34194,Stayed,0.13510185,0.86489815
53248,Left,0.90285105,0.09714893
42860,Left,0.6043005,0.39569947
2239,Left,0.5456296,0.45437038
42173,Stayed,0.29458654,0.70541346
52848,Left,0.91944444,0.080555536
27597,Stayed,0.087025166,0.91297483
57795,Stayed,0.4913785,0.5086215
16913,Left,0.95783234,0.04216766
36375,Stayed,0.2687317,0.7312683
42276,Stayed,0.3772807,0.6227193
53808,Left,0.54743344,0.45256656
13470,Stayed,0.4032448,0.5967552
43973,Left,0.82205474,0.17794529
6109,Left,0.9450558,0.054944213
49869,Left,0.5122058,0.48779422
8530,Stayed,0.45292544,0.54707456
42281,Stayed,0.21860081,0.7813992
52062,Stayed,0.20560372,0.7943963
10138,Stayed,0.068029344,0.93197066
6001,Left,0.9329085,0.067091525
44952,Stayed,0.31487286,0.68512714
26567,Left,0.61070323,0.38929674
34400,Left,0.7311622,0.26883784
37742,Left,0.7591455,0.2408545
42076,Stayed,0.053023756,0.94697624
58234,Left,0.6411978,0.35880217
17733,Stayed,0.13795894,0.86204106
28100,Left,0.9533268,0.046673194
61812,Stayed,0.023711562,0.97628844
33825,Left,0.7870428,0.21295722
74448,Left,0.6432061,0.35679385
1802,Left,0.9087656,0.09123439
58844,Stayed,0.15344292,0.8465571
40457,Left,0.68394685,0.31605315
45132,Stayed,0.13784158,0.8621584
27097,Left,0.95828295,0.04171708
50414,Left,0.9262806,0.07371939
65226,Left,0.6786866,0.3213134
7118,Stayed,0.14361572,0.8563843
6400,Stayed,0.07430953,0.9256905
46193,Stayed,0.11908209,0.8809179
1567,Left,0.7032283,0.2967717
1142,Left,0.72422403,0.27577597
20425,Stayed,0.3855967,0.6144033
64063,Left,0.7166779,0.28332213
23975,Stayed,0.45832527,0.54167473
30441,Stayed,0.32931477,0.67068523
12545,Left,0.6912724,0.30872765
50153,Stayed,0.30527133,0.6947287
26816,Stayed,0.36919433,0.6308057
41364,Stayed,0.045349777,0.9546502
44020,Left,0.5576564,0.44234362
38748,Stayed,0.094884455,0.90511554
65309,Left,0.5904666,0.40953338
44833,Stayed,0.40439975,0.59560025
41802,Stayed,0.32268822,0.6773118
52322,Stayed,0.1283549,0.8716451
54909,Stayed,0.3648644,0.6351356
73663,Stayed,0.07787502,0.922125
16695,Left,0.94069666,0.05930334
59512,Left,0.69913244,0.30086756
50042,Stayed,0.12201083,0.8779892
60619,Stayed,0.2293356,0.7706644
11541,Stayed,0.31577492,0.6842251
7555,Left,0.92607313,0.07392689
12519,Stayed,0.45455438,0.5454456
7442,Stayed,0.20464414,0.79535586
6725,Left,0.71692866,0.28307134
51511,Left,0.65754527,0.34245473
21734,Left,0.94784105,0.052158933
3827,Stayed,0.29545057,0.70454943
43406,Stayed,0.07996708,0.9200329
35265,Left,0.6439396,0.35606036
7802,Stayed,0.20361036,0.79638964
51443,Stayed,0.11962944,0.88037056
24197,Left,0.77293396,0.22706604
22965,Left,0.834475,0.16552503
10119,Left,0.84085417,0.1591458
69416,Stayed,0.46768236,0.53231764
18730,Left,0.8975188,0.10248117
8198,Stayed,0.21439189,0.7856081
18279,Stayed,0.06375855,0.93624145
18296,Stayed,0.41858053,0.58141947
35393,Left,0.58688074,0.41311926
57862,Stayed,0.07009488,0.9299051
69884,Left,0.8776935,0.12230653
70110,Stayed,0.09091973,0.90908027
54618,Left,0.80761427,0.19238572
21202,Left,0.6562723,0.34372768
36461,Stayed,0.49796307,0.5020369
20037,Stayed,0.26529253,0.7347075
30317,Left,0.6245876,0.3754124
59338,Stayed,0.027009785,0.9729902
43079,Stayed,0.048522174,0.9514778
16461,Stayed,0.48118997,0.51881003
53524,Left,0.7950488,0.20495123
11294,Stayed,0.13782299,0.862177
56201,Stayed,0.12473965,0.87526035
40983,Stayed,0.09350622,0.9064938
60494,Stayed,0.3475389,0.6524611
14792,Left,0.7052709,0.29472908
52726,Left,0.78738993,0.21261008
14118,Left,0.7471374,0.2528626
8659,Stayed,0.08565271,0.9143473
70157,Left,0.77912664,0.22087337
31777,Stayed,0.12074894,0.87925106
56501,Stayed,0.2758897,0.7241103
2624,Left,0.50690544,0.49309453
3187,Stayed,0.44013214,0.55986786
58623,Stayed,0.46829164,0.53170836
47983,Stayed,0.22589588,0.7741041
647,Stayed,0.20635349,0.7936465
5084,Left,0.8854057,0.11459427
6258,Stayed,0.4354303,0.5645697
3956,Stayed,0.38824463,0.6117554
2127,Left,0.88195103,0.11804898
63212,Left,0.9682541,0.031745933
56354,Left,0.88508314,0.11491686
23337,Left,0.73626155,0.26373845
71179,Left,0.7785129,0.2214871
29745,Stayed,0.36203003,0.63797
9599,Left,0.51975185,0.48024815
8086,Left,0.89173424,0.108265765
54038,Left,0.97536135,0.024638645
24294,Stayed,0.46020538,0.5397946
59169,Stayed,0.39090997,0.60909003
47500,Stayed,0.13262093,0.86737907
8876,Stayed,0.29977316,0.70022684
53709,Left,0.9861888,0.013811184
26442,Stayed,0.041917622,0.9580824
46359,Left,0.63113004,0.36886996
19236,Stayed,0.19032007,0.8096799
59399,Left,0.9533721,0.046627905
67304,Left,0.6958705,0.30412945
42523,Stayed,0.47651654,0.52348346
12374,Left,0.5572239,0.4427761
39643,Left,0.50613064,0.49386936
70285,Stayed,0.3243001,0.6756999
15941,Stayed,0.26288128,0.7371187
46470,Left,0.6685853,0.3314147
50497,Stayed,0.40928364,0.59071636
51075,Stayed,0.32578558,0.6742144
65505,Left,0.556446,0.44355398
30622,Left,0.8571297,0.14287028
34794,Left,0.8951708,0.10482916
44547,Stayed,0.18121272,0.8187873
26148,Stayed,0.43597573,0.56402427
66231,Left,0.940327,0.059672993
71614,Left,0.8783953,0.12160471
62186,Stayed,0.3948887,0.6051113
11459,Stayed,0.19641197,0.80358803
47320,Stayed,0.09579754,0.90420246
73621,Left,0.5057158,0.4942842
4277,Stayed,0.26506877,0.73493123
44305,Stayed,0.27718085,0.72281915
3909,Left,0.93780375,0.06219627
38575,Stayed,0.32575166,0.67424834
18274,Stayed,0.3960464,0.6039536
74094,Stayed,0.43466544,0.56533456
69376,Stayed,0.48489368,0.5151063
10360,Left,0.5149149,0.48508513
22865,Stayed,0.051888824,0.9481112
58412,Left,0.9678706,0.03212941
63692,Stayed,0.06841439,0.9315856
69155,Stayed,0.2783715,0.7216285
7108,Left,0.5645484,0.43545163
18497,Left,0.9575678,0.042432174
54162,Left,0.55676055,0.44323945
50113,Stayed,0.49159217,0.50840783
68617,Stayed,0.052168667,0.94783133
34769,Stayed,0.026892602,0.9731074
33511,Left,0.56205857,0.43794143
62802,Stayed,0.12534279,0.8746572
29924,Stayed,0.011005461,0.98899454
9240,Stayed,0.12258285,0.87741715
32559,Stayed,0.38335466,0.61664534
14565,Stayed,0.050716043,0.94928396
19446,Stayed,0.22830313,0.77169687
21325,Left,0.6626877,0.33731228
10240,Stayed,0.33888143,0.66111857
10133,Left,0.91591936,0.08408063
60403,Left,0.8303398,0.1696602
37853,Stayed,0.06120956,0.93879044
6925,Left,0.79234374,0.2076563
51576,Left,0.71947944,0.28052053
40971,Left,0.8647993,0.1352007
66748,Stayed,0.49779445,0.50220555
1198,Stayed,0.28204596,0.71795404
65834,Stayed,0.4016989,0.5983011
69833,Left,0.57515544,0.42484456
52908,Stayed,0.061823428,0.9381766
11879,Left,0.7065004,0.29349962
68923,Stayed,0.34293336,0.65706664
44367,Left,0.93149996,0.06850001
47591,Left,0.78529036,0.21470961
27195,Left,0.89814353,0.10185645
50053,Left,0.81363773,0.18636225
59773,Left,0.6299746,0.37002537
42109,Left,0.73878324,0.26121673
59045,Stayed,0.038666546,0.96133345
58386,Stayed,0.48410362,0.5158964
8108,Stayed,0.085172,0.914828
18368,Left,0.9783921,0.02160786
47980,Stayed,0.23294574,0.76705426
69497,Left,0.9059342,0.0940658
15227,Stayed,0.40930402,0.590696
68567,Stayed,0.37527376,0.62472624
68692,Stayed,0.17830104,0.82169896
4658,Stayed,0.38944507,0.61055493
3708,Left,0.68152213,0.31847784
32106,Stayed,0.110658884,0.8893411
73089,Left,0.9673,0.032699987
38964,Left,0.6386434,0.36135665
22412,Stayed,0.25448924,0.74551076
16029,Stayed,0.074576676,0.9254233
31716,Left,0.7015071,0.2984929
63301,Left,0.57307667,0.42692333
432,Left,0.9281695,0.07183049
46671,Stayed,0.1863066,0.8136934
42995,Stayed,0.19006866,0.80993134
52286,Stayed,0.41563505,0.58436495
1819,Left,0.7627879,0.23721212
16343,Left,0.7623418,0.23765819
54901,Stayed,0.22591996,0.77408004
52600,Stayed,0.27635765,0.72364235
66993,Stayed,0.34878254,0.65121746
36316,Stayed,0.37984914,0.62015086
62179,Stayed,0.28216028,0.7178397
10830,Stayed,0.48114854,0.51885146
5027,Left,0.83327425,0.16672575
10686,Left,0.68886966,0.31113034
44887,Left,0.89940095,0.10059903
65932,Stayed,0.36332184,0.63667816
20384,Left,0.80705386,0.19294612
68437,Left,0.6929468,0.3070532
57084,Stayed,0.3826024,0.6173976
36948,Left,0.83790845,0.16209157
7221,Left,0.73423254,0.26576748
44823,Stayed,0.05068755,0.94931245
67426,Left,0.7096881,0.29031187
37879,Stayed,0.04614687,0.95385313
49697,Stayed,0.4028421,0.5971579
12466,Stayed,0.075286865,0.92471313
31744,Stayed,0.42952442,0.5704756
39258,Left,0.82463324,0.17536677
30027,Left,0.65091956,0.34908044
73352,Stayed,0.2874174,0.7125826
13297,Stayed,0.33823413,0.6617659
48917,Stayed,0.38363546,0.61636454
19928,Stayed,0.27196282,0.7280372
69673,Stayed,0.34796244,0.65203756
5689,Left,0.6506463,0.3493537
72441,Left,0.500968,0.499032
29973,Stayed,0.25636238,0.7436376
58486,Left,0.770254,0.22974597
16667,Stayed,0.46857315,0.53142685
29854,Left,0.63682985,0.36317012
60697,Left,0.8966034,0.10339657
5489,Stayed,0.104337335,0.89566267
14005,Stayed,0.22236115,0.77763885
26343,Left,0.83270884,0.16729118
64591,Stayed,0.32278413,0.6772159
72240,Left,0.6679506,0.33204943
60606,Stayed,0.028471649,0.97152835
69741,Left,0.9052992,0.0947008
17776,Left,0.76567715,0.23432285
18759,Stayed,0.23202288,0.7679771
52821,Left,0.82521063,0.17478935
31033,Stayed,0.282345,0.717655
48702,Left,0.93929595,0.06070408
13217,Stayed,0.15987575,0.84012425
17632,Stayed,0.31375003,0.68625
13122,Stayed,0.1152727,0.8847273
28929,Stayed,0.297908,0.702092
2627,Stayed,0.44776714,0.55223286
15496,Left,0.7142309,0.2857691
42127,Left,0.62178624,0.37821373
53095,Left,0.59958935,0.40041062
7876,Stayed,0.10177553,0.8982245
32294,Left,0.77008146,0.22991855
10106,Left,0.8301492,0.16985084
49680,Left,0.8548558,0.14514422
37857,Left,0.850781,0.14921896
17313,Stayed,0.44796473,0.5520353
20486,Left,0.95098454,0.04901547
63525,Left,0.75092965,0.24907036
8756,Stayed,0.44320655,0.55679345
40063,Left,0.9408772,0.059122827
53254,Stayed,0.0965513,0.9034487
65480,Stayed,0.49961066,0.50038934
27403,Stayed,0.01675731,0.9832427
626,Stayed,0.38456708,0.6154329
61210,Left,0.61832726,0.38167277
63961,Left,0.7891683,0.21083172
10244,Stayed,0.22202003,0.77797997
44442,Stayed,0.32689667,0.67310333
18593,Left,0.97477645,0.025223566
73941,Stayed,0.072811306,0.9271887
5693,Left,0.860886,0.13911399
10086,Left,0.7593558,0.24064425
43242,Left,0.92403007,0.07596994
59485,Stayed,0.054166257,0.94583374
17845,Stayed,0.22632766,0.77367234
8741,Stayed,0.10103977,0.89896023
66220,Stayed,0.07803029,0.9219697
63019,Left,0.82512534,0.1748747
62264,Left,0.76782763,0.23217236
15461,Left,0.89979625,0.10020377
32550,Left,0.5796561,0.4203439
66118,Stayed,0.060576856,0.93942314
29202,Stayed,0.36403078,0.6359692
15624,Left,0.83761555,0.16238447
66399,Left,0.7309581,0.26904193
52206,Left,0.5489676,0.4510324
26292,Stayed,0.39347023,0.6065298
19865,Left,0.982463,0.017536985
46050,Left,0.5953244,0.4046756
59532,Stayed,0.47725534,0.52274466
55495,Stayed,0.40944034,0.59055966
21857,Stayed,0.119233906,0.8807661
50905,Stayed,0.05617827,0.9438217
4605,Stayed,0.14725178,0.8527482
38842,Stayed,0.37618488,0.6238151
69142,Left,0.71943784,0.2805622
35639,Left,0.56604624,0.4339538
10255,Stayed,0.07502043,0.92497957
18811,Stayed,0.05453682,0.9454632
10531,Stayed,0.4454887,0.5545113
68050,Left,0.93631357,0.06368645
48923,Stayed,0.085757315,0.9142427
20825,Left,0.83475846,0.16524152
1799,Stayed,0.083207846,0.91679215
51418,Stayed,0.42015922,0.5798408
27924,Left,0.5291015,0.47089848
55673,Left,0.87177086,0.12822916
72968,Left,0.5461582,0.45384184
31842,Left,0.5548338,0.44516617
70801,Left,0.69647455,0.30352548
30564,Stayed,0.3847171,0.6152829
50123,Stayed,0.13275343,0.86724657
41228,Stayed,0.05381024,0.94618976
32563,Stayed,0.47627747,0.5237225
5925,Stayed,0.49895817,0.5010418
18930,Left,0.6404383,0.35956168
32349,Left,0.6575365,0.3424635
30769,Stayed,0.30059177,0.69940823
40856,Left,0.9269454,0.073054634
62230,Stayed,0.053839922,0.9461601
41936,Stayed,0.11672884,0.88327116
60560,Left,0.65688616,0.34311384
51109,Stayed,0.32280177,0.67719823
8668,Left,0.8354784,0.16452155
32259,Stayed,0.3903013,0.6096987
33811,Stayed,0.48230398,0.517696
73178,Stayed,0.18676972,0.8132303
53488,Stayed,0.22077918,0.7792208
42485,Left,0.600651,0.39934897
59536,Left,0.6159786,0.38402137
56926,Left,0.9690691,0.030930905
6189,Stayed,0.04811871,0.9518813
49966,Left,0.7947908,0.20520921
6791,Stayed,0.07582879,0.9241712
73145,Stayed,0.22663766,0.77336234
41779,Stayed,0.36482853,0.6351715
15821,Stayed,0.33350825,0.66649175
30672,Left,0.9652796,0.034720406
63528,Stayed,0.49693352,0.5030665
11745,Left,0.94629616,0.05370383
45627,Stayed,0.2633279,0.7366721
28488,Stayed,0.4937768,0.5062232
53431,Stayed,0.36753398,0.632466
60122,Stayed,0.48938435,0.51061565
68628,Left,0.8245641,0.17543587
51519,Left,0.6672354,0.33276466
64352,Left,0.550496,0.44950402
63150,Left,0.521173,0.47882703
36142,Stayed,0.17597824,0.82402176
25688,Left,0.74248874,0.25751126
7455,Stayed,0.29604346,0.70395654
43942,Stayed,0.09189963,0.90810037
50309,Left,0.9545501,0.04544994
57884,Stayed,0.34616375,0.65383625
4606,Stayed,0.43634915,0.56365085
36854,Stayed,0.4996913,0.5003087
39249,Stayed,0.054401755,0.94559824
21094,Stayed,0.0596084,0.9403916
71787,Stayed,0.38492292,0.6150771
27240,Left,0.90826416,0.09173582
45630,Left,0.9195988,0.08040116
33310,Stayed,0.29921597,0.700784
17294,Left,0.7082367,0.2917633
66205,Stayed,0.35607105,0.64392895
64421,Stayed,0.14786083,0.8521392
35779,Stayed,0.42132854,0.57867146
47475,Stayed,0.34840852,0.6515915
71783,Left,0.7213842,0.27861577
19067,Left,0.6049628,0.39503717
27671,Stayed,0.42053217,0.57946783
20509,Left,0.9701171,0.029882913
71107,Stayed,0.25284445,0.74715555
60138,Left,0.5253634,0.4746366
68312,Stayed,0.113634706,0.8863653
47989,Left,0.58439887,0.41560113
28737,Left,0.92289346,0.07710655
67798,Stayed,0.29821873,0.7017813
57983,Stayed,0.2681244,0.7318756
48531,Left,0.9051984,0.0948016
5366,Stayed,0.44544905,0.55455095
28212,Stayed,0.28975695,0.71024305
54717,Stayed,0.072098315,0.9279017
67501,Stayed,0.12480575,0.87519425
59734,Stayed,0.4017954,0.5982046
28245,Left,0.6341721,0.36582792
46991,Left,0.563669,0.43633097
38498,Stayed,0.48302144,0.51697856
56659,Left,0.757712,0.24228796
35239,Left,0.9034195,0.09658049
52489,Stayed,0.39859265,0.60140735
46812,Left,0.69268954,0.30731046
30128,Left,0.96368444,0.03631555
57422,Stayed,0.1587866,0.8412134
46986,Left,0.67502165,0.32497835
46845,Left,0.6378416,0.3621584
48942,Stayed,0.21798688,0.7820131
5255,Left,0.82063687,0.1793631
34198,Stayed,0.2632317,0.7367683
10206,Left,0.5580027,0.4419973
58510,Stayed,0.1464054,0.8535946
72731,Left,0.8258497,0.17415029
20124,Stayed,0.32722777,0.6727722
50096,Stayed,0.2339974,0.7660026
54609,Stayed,0.26011562,0.7398844
59408,Left,0.6648184,0.33518156
65112,Left,0.9082755,0.09172454
37248,Left,0.53224564,0.46775433
32512,Left,0.7430202,0.25697982
61755,Stayed,0.046096563,0.95390344
33891,Left,0.6189959,0.38100412
35203,Stayed,0.21479529,0.7852047
72567,Left,0.6071807,0.39281926
18844,Stayed,0.1658057,0.8341943
50592,Stayed,0.48224288,0.5177571
22256,Stayed,0.34156626,0.65843374
68552,Left,0.5552782,0.44472182
69183,Stayed,0.31813985,0.68186015
59177,Stayed,0.4231823,0.5768177
14182,Stayed,0.041203856,0.95879614
25886,Stayed,0.2969057,0.7030943
63974,Stayed,0.24254799,0.757452
63386,Stayed,0.3503011,0.6496989
22216,Stayed,0.21106476,0.78893524
59360,Stayed,0.06895888,0.9310411
50399,Stayed,0.25766927,0.74233073
18305,Left,0.52831006,0.4716899
36598,Left,0.7550812,0.2449188
24913,Stayed,0.13319772,0.8668023
26269,Stayed,0.2753936,0.7246064
51693,Stayed,0.02434653,0.97565347
17720,Left,0.80512893,0.19487104
19778,Stayed,0.0065621734,0.9934378
44155,Stayed,0.40459096,0.59540904
65717,Left,0.64155424,0.35844576
60412,Stayed,0.46188253,0.53811747
47892,Stayed,0.13339436,0.86660564
58894,Left,0.539834,0.460166
23298,Stayed,0.31402785,0.68597215
30911,Stayed,0.11918843,0.8808116
59493,Left,0.7908585,0.20914152
17502,Left,0.7697117,0.23028831
18685,Stayed,0.24007261,0.7599274
55954,Stayed,0.1288054,0.8711946
36529,Left,0.7253834,0.27461663
22318,Left,0.87324566,0.12675436
62591,Left,0.58649623,0.41350374
45130,Stayed,0.03530121,0.9646988
8769,Stayed,0.04723513,0.95276487
19474,Stayed,0.20121866,0.79878134
38474,Left,0.85329574,0.14670427
227,Left,0.6862509,0.31374905
53652,Stayed,0.27491307,0.7250869
13578,Left,0.94223666,0.05776334
21023,Stayed,0.11716604,0.88283396
45053,Left,0.6242167,0.3757833
10849,Stayed,0.2604677,0.7395323
72176,Stayed,0.1448918,0.8551082
64751,Stayed,0.08893591,0.9110641
35944,Left,0.949516,0.05048398
43280,Stayed,0.34916407,0.65083593
64479,Stayed,0.050760686,0.9492393
46604,Left,0.8882922,0.11170779
50092,Stayed,0.24708635,0.75291365
66576,Stayed,0.039260864,0.96073914
37646,Left,0.7270106,0.27298936
51112,Left,0.81956947,0.18043055
6579,Stayed,0.047348738,0.95265126
56630,Left,0.5185245,0.48147544
39415,Stayed,0.26468933,0.7353107
46906,Left,0.82389146,0.17610854
43384,Stayed,0.17102653,0.8289735
36347,Left,0.63780665,0.36219335
13207,Stayed,0.16187376,0.83812624
6562,Stayed,0.24732918,0.7526708
33585,Stayed,0.35106093,0.6489391
64397,Left,0.69730073,0.30269927
23311,Stayed,0.43552738,0.5644726
48464,Left,0.705597,0.29440302
8406,Left,0.5985073,0.40149269
32339,Stayed,0.46440655,0.53559345
66073,Left,0.9217124,0.07828757
44533,Left,0.5871221,0.41287795
56617,Stayed,0.27314144,0.72685856
67679,Left,0.607299,0.39270106
9382,Stayed,0.045575023,0.954425
11249,Stayed,0.106840074,0.8931599
70453,Stayed,0.346344,0.653656
62149,Stayed,0.16123593,0.8387641
17606,Left,0.8499858,0.15001424
9121,Left,0.8580829,0.14191714
64785,Left,0.8549519,0.1450481
74027,Stayed,0.39731324,0.60268676
43817,Left,0.7428554,0.25714454
71425,Left,0.9734958,0.026504202
46395,Left,0.98187417,0.018125808
73204,Stayed,0.3549676,0.6450324
56670,Left,0.65814435,0.34185567
53687,Stayed,0.008284867,0.99171513
13018,Stayed,0.28302753,0.7169725
6947,Left,0.828592,0.171408
44575,Left,0.9082304,0.09176956
54836,Left,0.7117773,0.2882227
71361,Left,0.81223464,0.18776536
1363,Left,0.7414295,0.2585705
62126,Left,0.8709222,0.1290778
17173,Left,0.94108856,0.058911424
43245,Stayed,0.11853826,0.88146174
23002,Stayed,0.3304639,0.6695361
72506,Stayed,0.2513832,0.7486168
64559,Stayed,0.04883951,0.9511605
68454,Left,0.6918143,0.30818567
17704,Left,0.68945557,0.31054443
39066,Stayed,0.093794644,0.90620536
2363,Left,0.82179147,0.17820854
54564,Stayed,0.03788662,0.9621134
28945,Left,0.98014843,0.019851588
70414,Stayed,0.027812064,0.97218794
14913,Left,0.8936847,0.10631531
59606,Stayed,0.09115124,0.90884876
15782,Stayed,0.20694894,0.79305106
5552,Stayed,0.20183301,0.798167
2221,Left,0.5353396,0.4646604
7657,Left,0.5577174,0.44228262
33438,Stayed,0.3610145,0.6389855
8052,Stayed,0.14134103,0.85865897
34047,Left,0.87422585,0.12577416
49303,Stayed,0.16479737,0.83520263
65058,Stayed,0.3629204,0.6370796
51026,Stayed,0.03659588,0.9634041
62929,Stayed,0.2533605,0.7466395
72027,Stayed,0.15628368,0.8437163
61063,Stayed,0.26084375,0.73915625
16145,Stayed,0.24731433,0.75268567
43947,Left,0.70790803,0.29209194
28624,Left,0.74522036,0.25477964
53427,Left,0.78351104,0.21648894
32258,Stayed,0.11328471,0.8867153
6677,Stayed,0.37735265,0.62264735
26662,Stayed,0.49446625,0.50553375
28464,Stayed,0.46849453,0.53150547
61542,Left,0.74705625,0.25294372
32186,Left,0.6941608,0.30583915
20686,Stayed,0.017907858,0.98209214
44256,Stayed,0.031214595,0.9687854
24104,Left,0.6965725,0.30342752
71584,Left,0.9731446,0.026855396
53825,Left,0.56185687,0.43814313
32913,Left,0.7400286,0.25997135
37434,Stayed,0.03120792,0.9687921
67101,Left,0.87824166,0.12175831
62855,Left,0.69968396,0.30031604
49637,Stayed,0.38242054,0.61757946
67926,Stayed,0.04174912,0.9582509
22353,Left,0.87819064,0.12180937
65790,Left,0.97482353,0.025176473
32279,Stayed,0.2747323,0.7252677
27390,Stayed,0.3958435,0.6041565
22296,Stayed,0.36814362,0.6318564
58107,Stayed,0.058325052,0.94167495
71046,Left,0.55292225,0.44707772
27254,Left,0.7903192,0.20968081
68128,Stayed,0.054513335,0.94548666
66888,Left,0.7602754,0.23972459
59060,Left,0.92727613,0.072723866
56087,Left,0.6131935,0.38680652
8238,Stayed,0.13791603,0.862084
4846,Stayed,0.16660446,0.83339554
56592,Stayed,0.23891258,0.7610874
12762,Left,0.8635054,0.13649459
34877,Left,0.83510184,0.16489819
34669,Stayed,0.3661021,0.6338979
18949,Left,0.86699283,0.13300714
10464,Stayed,0.079607725,0.9203923
22528,Stayed,0.3745669,0.6254331
42356,Left,0.9832289,0.016771102
33606,Stayed,0.031241238,0.96875876
46715,Left,0.5498941,0.45010594
29940,Left,0.85098886,0.14901116
51347,Left,0.8673604,0.13263959
44490,Stayed,0.033057988,0.966942
48140,Left,0.6254459,0.3745541
20110,Left,0.71534073,0.28465924
68747,Left,0.9381195,0.061880555
23699,Left,0.5348877,0.4651123
68609,Stayed,0.020413697,0.9795863
9792,Left,0.6274799,0.37252012
32511,Stayed,0.15568745,0.84431255
69582,Left,0.7091209,0.29087907
24248,Stayed,0.38688862,0.6131114
44618,Stayed,0.43073475,0.56926525
47387,Stayed,0.47258472,0.5274153
44867,Stayed,0.028108299,0.9718917
39109,Stayed,0.15054172,0.8494583
46585,Stayed,0.14819163,0.85180837
65238,Stayed,0.45813644,0.54186356
10832,Left,0.6403787,0.3596213
16659,Left,0.6887532,0.3112468
14170,Left,0.7959239,0.20407611
65259,Left,0.5467273,0.45327273
6872,Stayed,0.025543451,0.97445655
28936,Stayed,0.49059832,0.5094017
24200,Stayed,0.05407411,0.9459259
70645,Stayed,0.42629576,0.57370424
49274,Stayed,0.10154551,0.8984545
58908,Stayed,0.42333996,0.57666004
49909,Left,0.79300475,0.20699523
51427,Stayed,0.01630634,0.98369366
24990,Stayed,0.32287347,0.6771265
10567,Stayed,0.49012762,0.5098724
44744,Stayed,0.022448123,0.9775519
7519,Stayed,0.39548874,0.60451126
57622,Stayed,0.052604854,0.94739515
65106,Stayed,0.31305707,0.68694293
31762,Stayed,0.14508545,0.85491455
69285,Stayed,0.4850453,0.5149547
18234,Stayed,0.13368839,0.8663116
54906,Stayed,0.20693767,0.7930623
33766,Left,0.61443114,0.38556883
17299,Stayed,0.32176745,0.67823255
71358,Left,0.57008183,0.4299182
58138,Stayed,0.05757755,0.94242245
3137,Stayed,0.40980005,0.59019995
10596,Left,0.50310826,0.49689174
25604,Left,0.65087974,0.34912023
25749,Left,0.74275947,0.2572405
36073,Left,0.5856621,0.41433784
9938,Left,0.9592474,0.04075257
16431,Left,0.5763916,0.4236084
59679,Left,0.8243897,0.17561029
51373,Stayed,0.035024405,0.9649756
15209,Left,0.7394918,0.2605082
8539,Left,0.7777411,0.22225891
19295,Left,0.8187923,0.1812077
40498,Stayed,0.25489026,0.74510974
15633,Left,0.94420505,0.055794984
43166,Stayed,0.17920387,0.82079613
42510,Stayed,0.033129275,0.9668707
2475,Left,0.9490355,0.050964445
73307,Stayed,0.050456822,0.9495432
57961,Stayed,0.024766207,0.9752338
50021,Stayed,0.09426576,0.90573424
18876,Stayed,0.30836004,0.69163996
61099,Left,0.66452694,0.3354731
30182,Left,0.84926826,0.15073176
47006,Left,0.9096515,0.09034851
26395,Left,0.6040033,0.39599666
71919,Stayed,0.34721482,0.6527852
55008,Stayed,0.43971503,0.560285
30008,Stayed,0.4843802,0.5156198
57465,Stayed,0.061608613,0.9383914
56416,Stayed,0.15944189,0.8405581
58185,Left,0.8272747,0.17272535
18751,Stayed,0.3569427,0.6430573
64886,Stayed,0.3510974,0.6489026
4497,Stayed,0.38593692,0.6140631
16670,Left,0.88597816,0.114021845
55986,Stayed,0.14772648,0.8522735
16475,Left,0.93326396,0.066736035
36013,Left,0.5787507,0.42124927
31331,Stayed,0.14033163,0.8596684
22562,Stayed,0.48215693,0.51784307
63376,Left,0.89915633,0.10084366
67350,Stayed,0.15417635,0.84582365
8789,Left,0.5512156,0.4487844
21235,Left,0.79289186,0.20710813
66485,Left,0.5611945,0.43880552
42151,Left,0.553854,0.446146
52365,Stayed,0.45790392,0.5420961
37507,Left,0.5976198,0.40238026
43825,Stayed,0.24582422,0.7541758
12979,Stayed,0.2849105,0.7150895
63426,Stayed,0.4597609,0.5402391
50690,Stayed,0.046993434,0.95300657
54393,Left,0.76605844,0.23394153
20941,Left,0.9557137,0.044286307
54148,Left,0.64570045,0.35429958
39148,Left,0.782344,0.21765599
3851,Left,0.7576379,0.2423621
18235,Stayed,0.4708478,0.5291522
51130,Stayed,0.3593514,0.6406486
51880,Left,0.91860926,0.08139073
46049,Left,0.985283,0.014717006
19285,Stayed,0.12445253,0.87554747
34477,Stayed,0.017883599,0.9821164
23107,Left,0.6238938,0.3761062
42915,Stayed,0.23700821,0.7629918
52012,Left,0.57581353,0.4241865
15483,Left,0.5405192,0.45948082
41047,Left,0.60976326,0.3902367
5056,Left,0.90256095,0.09743907
17064,Stayed,0.31007135,0.68992865
53512,Left,0.94589144,0.05410858
29586,Stayed,0.14132631,0.8586737
24824,Stayed,0.39584488,0.6041551
70848,Stayed,0.08095318,0.9190468
31712,Left,0.60538256,0.39461744
61849,Stayed,0.23522079,0.7647792
71513,Stayed,0.43832242,0.5616776
63396,Stayed,0.07737064,0.92262936
40441,Stayed,0.0987491,0.9012509
49304,Stayed,0.47983992,0.5201601
39077,Stayed,0.08215034,0.91784966
10659,Left,0.9087416,0.09125843
863,Stayed,0.12980866,0.87019134
63829,Left,0.9636044,0.03639559
40307,Left,0.8912543,0.10874568
28301,Stayed,0.4259016,0.5740984
46610,Left,0.8788748,0.1211252
15743,Stayed,0.027781665,0.97221833
682,Stayed,0.43186867,0.5681313
52459,Left,0.65186,0.34814
33399,Left,0.5358181,0.4641819
18926,Left,0.5756896,0.4243104
40269,Left,0.8758235,0.12417651
9768,Stayed,0.47540438,0.5245956
3028,Left,0.9323383,0.06766169
61806,Stayed,0.27521127,0.7247887
54459,Stayed,0.3374642,0.6625358
72494,Stayed,0.3535471,0.6464529
19810,Stayed,0.43466288,0.5653371
68131,Stayed,0.35380447,0.64619553
474,Stayed,0.3082674,0.6917326
32053,Stayed,0.13250726,0.86749274
54399,Stayed,0.48926204,0.51073796
60688,Stayed,0.080289245,0.91971076
17553,Left,0.85558474,0.14441523
53985,Left,0.87716305,0.12283698
22345,Stayed,0.039374232,0.96062577
47590,Stayed,0.10454106,0.89545894
38596,Left,0.9423913,0.057608727
19273,Stayed,0.09491521,0.9050848
3610,Stayed,0.109312415,0.8906876
15989,Stayed,0.44210857,0.5578914
22892,Stayed,0.3920831,0.6079169
60197,Stayed,0.29869068,0.7013093
64752,Stayed,0.03554654,0.96445346
57059,Stayed,0.19364667,0.80635333
23600,Left,0.9127861,0.087213896
39598,Left,0.70814484,0.29185516
27852,Left,0.522179,0.477821
9921,Stayed,0.34930235,0.65069765
30337,Left,0.9601092,0.039890803
47276,Stayed,0.14360732,0.8563927
64971,Stayed,0.49365973,0.50634027
652,Left,0.97841007,0.021589955
20095,Left,0.75613475,0.24386527
5863,Stayed,0.2764507,0.7235493
47519,Stayed,0.13214898,0.867851
37705,Stayed,0.45031863,0.54968137
33779,Stayed,0.14295578,0.8570442
16592,Stayed,0.12182653,0.8781735
20322,Stayed,0.020804167,0.97919583
67755,Left,0.5522264,0.4477736
15470,Left,0.9242361,0.075763896
31685,Stayed,0.026034057,0.97396594
49447,Stayed,0.43170202,0.568298
65225,Stayed,0.046524465,0.95347553
8858,Stayed,0.041652083,0.9583479
73682,Left,0.80106294,0.19893709
59959,Left,0.82628816,0.17371182
434,Left,0.5701763,0.4298237
1034,Stayed,0.061545134,0.93845487
46793,Stayed,0.041587174,0.9584128
32419,Left,0.7698777,0.23012236
35174,Left,0.54687256,0.45312744
20586,Stayed,0.4317032,0.5682968
27688,Stayed,0.30963856,0.69036144
59511,Left,0.9177774,0.08222258
39909,Stayed,0.03182566,0.96817434
48408,Stayed,0.3594243,0.6405757
52936,Left,0.94567484,0.054325167
43503,Stayed,0.07650334,0.92349666
49871,Stayed,0.32557517,0.6744248
64720,Left,0.8668929,0.13310713
1961,Stayed,0.073281884,0.9267181
4418,Left,0.8691611,0.13083887
6511,Left,0.5577245,0.44227552
37003,Left,0.8115035,0.18849646
15599,Stayed,0.061620593,0.9383794
15324,Left,0.6113197,0.38868028
65353,Stayed,0.38212806,0.61787194
27600,Stayed,0.38734895,0.61265105
51901,Left,0.9583418,0.041658223
59289,Left,0.61233234,0.38766763
68658,Left,0.61749536,0.38250464
60513,Left,0.8046241,0.19537592
48489,Stayed,0.45010448,0.5498955
45684,Stayed,0.28232825,0.71767175
67613,Stayed,0.41146272,0.5885373
62807,Stayed,0.10084176,0.89915824
10586,Stayed,0.2373907,0.7626093
73525,Left,0.87009144,0.12990853
4252,Stayed,0.12163299,0.878367
11483,Left,0.587656,0.41234395
68288,Left,0.8583783,0.14162168
61912,Left,0.7252629,0.27473715
28852,Left,0.65924513,0.34075484
2301,Left,0.6995654,0.30043456
12618,Left,0.52744603,0.47255397
65771,Stayed,0.2198934,0.7801066
46393,Left,0.75610447,0.2438955
71371,Left,0.6015083,0.39849168
10399,Stayed,0.20140404,0.79859596
26054,Stayed,0.3843143,0.6156857
38539,Stayed,0.19257689,0.8074231
2438,Left,0.74438244,0.25561756
23780,Left,0.90709317,0.0929068
16291,Stayed,0.23803109,0.7619689
22280,Stayed,0.26133966,0.73866034
64837,Stayed,0.43288815,0.56711185
43120,Stayed,0.23133504,0.76866496
43800,Stayed,0.415726,0.584274
68754,Stayed,0.086358786,0.9136412
55390,Stayed,0.1667273,0.8332727
36017,Left,0.9506433,0.049356714
12715,Stayed,0.18502378,0.8149762
11821,Stayed,0.42172456,0.57827544
46835,Stayed,0.4539079,0.5460921
35280,Stayed,0.16898274,0.83101726
51732,Left,0.8557093,0.14429069
33075,Left,0.91535425,0.08464576
34273,Stayed,0.4623701,0.5376299
49663,Stayed,0.060013175,0.9399868
11640,Stayed,0.31735957,0.68264043
32497,Left,0.9775959,0.02240407
32078,Left,0.626877,0.373123
5467,Stayed,0.27371144,0.72628856
14195,Stayed,0.026645422,0.9733546
28762,Left,0.8185591,0.1814409
14665,Left,0.8936287,0.106371276
11405,Stayed,0.38427436,0.61572564
54212,Left,0.7464622,0.2535378
12587,Stayed,0.08522266,0.91477734
27194,Left,0.78620774,0.21379226
26143,Left,0.973394,0.026606027
30043,Left,0.5072497,0.49275026
9091,Left,0.5560178,0.44398218
47468,Left,0.6541703,0.34582976
30521,Stayed,0.3514319,0.6485681
69419,Stayed,0.028116524,0.9718835
51447,Stayed,0.006340921,0.9936591
22978,Left,0.9495862,0.050413772
72763,Left,0.878297,0.12170306
38573,Stayed,0.25198108,0.7480189
48508,Left,0.66775304,0.33224696
67211,Left,0.8280139,0.17198607
35171,Left,0.643445,0.35655499
25642,Left,0.590508,0.40949202
5833,Stayed,0.38539433,0.61460567
65685,Stayed,0.07523388,0.9247661
34917,Left,0.8441895,0.15581046
11421,Left,0.7710516,0.2289484
16427,Stayed,0.17210203,0.82789797
36399,Left,0.5713706,0.4286294
9635,Stayed,0.43669087,0.56330913
65500,Left,0.5845108,0.4154892
48150,Left,0.5224693,0.4775307
23627,Left,0.57652867,0.42347133
44632,Stayed,0.354999,0.645001
49844,Stayed,0.052542984,0.947457
16704,Stayed,0.16092038,0.8390796
36710,Left,0.79316497,0.20683505
34734,Stayed,0.10878515,0.89121485
4400,Left,0.7555299,0.24447009
71723,Stayed,0.076372445,0.92362756
27718,Stayed,0.07420808,0.9257919
19278,Left,0.95408356,0.045916434
18881,Stayed,0.019919515,0.9800805
58372,Left,0.81563604,0.18436395
24187,Stayed,0.19908643,0.8009136
21065,Stayed,0.2976002,0.7023998
30364,Left,0.61258405,0.38741595
43270,Left,0.7014477,0.2985523
31410,Left,0.8961592,0.10384082
16455,Left,0.57298934,0.4270107
59552,Stayed,0.31139344,0.68860656
27967,Left,0.64569646,0.35430354
12002,Stayed,0.0690974,0.9309026
67205,Stayed,0.06936425,0.93063575
49330,Left,0.979265,0.020735027
60285,Left,0.8578961,0.1421039
57358,Left,0.5618345,0.4381655
31702,Left,0.91581964,0.084180385
67366,Stayed,0.39684206,0.60315794
54800,Stayed,0.45557833,0.5444217
24334,Left,0.56001997,0.43998006
1176,Stayed,0.13204509,0.8679549
62323,Left,0.7741261,0.2258739
15153,Left,0.9103066,0.089693405
67918,Stayed,0.058247864,0.94175214
15075,Left,0.9513727,0.048627336
48170,Stayed,0.036333144,0.96366686
60776,Stayed,0.39243674,0.60756326
48472,Stayed,0.48673904,0.51326096
23871,Stayed,0.14999479,0.8500052
35762,Left,0.95886695,0.041133072
61112,Left,0.55388415,0.44611588
38903,Left,0.7349187,0.2650813
47808,Left,0.6869763,0.31302366
36157,Stayed,0.15205914,0.84794086
55652,Stayed,0.14769918,0.8523008
29661,Stayed,0.2905023,0.7094977
138,Stayed,0.119012415,0.8809876
65990,Stayed,0.3102227,0.6897773
12808,Left,0.68019325,0.31980675
2609,Left,0.74482006,0.25517994
43010,Left,0.8641952,0.1358048
7162,Left,0.9539072,0.046092834
49934,Stayed,0.0792616,0.9207384
3442,Stayed,0.058049202,0.9419508
73666,Left,0.6465092,0.35349083
55126,Stayed,0.22617424,0.77382576
37440,Stayed,0.33379674,0.66620326
26032,Stayed,0.036695123,0.9633049
6665,Left,0.730675,0.26932502
17826,Stayed,0.22545558,0.7745444
30885,Stayed,0.33378118,0.6662188
30219,Stayed,0.015166581,0.9848334
43425,Left,0.64049625,0.35950372
2976,Stayed,0.45461255,0.54538745
12891,Stayed,0.18848944,0.81151056
19610,Left,0.7783029,0.2216971
46616,Left,0.93422174,0.065778285
2230,Left,0.7191103,0.2808897
73567,Stayed,0.28299338,0.7170066
68178,Left,0.7641173,0.23588268
37634,Stayed,0.046028435,0.95397156
3594,Left,0.5126587,0.48734125
4146,Stayed,0.3357252,0.6642748
72511,Left,0.5137553,0.4862447
8747,Left,0.6607541,0.33924595
7678,Stayed,0.28183162,0.7181684
885,Stayed,0.39257526,0.60742474
64381,Left,0.74233174,0.25766823
11053,Stayed,0.21707469,0.7829253
8518,Stayed,0.28781378,0.7121862
38836,Stayed,0.03601545,0.96398455
13203,Stayed,0.1839273,0.8160727
61610,Left,0.545647,0.45435297
72706,Left,0.7072018,0.29279822
9425,Stayed,0.04227048,0.9577295
13941,Stayed,0.4809233,0.5190767
48974,Left,0.9081935,0.09180649
51905,Stayed,0.063911736,0.93608826
61971,Left,0.9629905,0.037009474
29322,Left,0.7057752,0.2942248
67707,Left,0.547459,0.45254102
9390,Left,0.5230499,0.4769501
61747,Stayed,0.32143468,0.6785653
5320,Left,0.7482455,0.25175452
35492,Stayed,0.32114172,0.6788583
12388,Stayed,0.4784841,0.5215159
20845,Left,0.6873305,0.3126695
9804,Stayed,0.13168305,0.86831695
64012,Left,0.6867372,0.31326285
12758,Stayed,0.44482857,0.55517143
40483,Stayed,0.06273216,0.93726784
5039,Stayed,0.2794748,0.7205252
9909,Left,0.53223133,0.46776867
43571,Stayed,0.043393016,0.956607
13034,Stayed,0.45118624,0.54881376
60243,Stayed,0.4499768,0.5500232
2410,Stayed,0.20571035,0.79428965
15876,Stayed,0.12798268,0.8720173
52637,Stayed,0.33031815,0.66968185
49414,Stayed,0.1421873,0.8578127
15674,Left,0.6275592,0.3724408
18302,Stayed,0.24469954,0.75530046
26523,Left,0.8573876,0.14261238
4847,Stayed,0.035383284,0.9646167
28560,Left,0.5467606,0.45323938
27835,Stayed,0.17284048,0.8271595
47876,Left,0.5833155,0.41668448
41679,Stayed,0.36805964,0.63194036
46228,Stayed,0.28324276,0.71675724
10888,Stayed,0.35657817,0.6434218
54707,Stayed,0.3643402,0.6356598
51755,Stayed,0.06707102,0.932929
36460,Left,0.78540426,0.21459575
28632,Stayed,0.2978456,0.7021544
66946,Stayed,0.19135159,0.8086484
64894,Left,0.77638847,0.22361152
32062,Left,0.88567644,0.11432354
71858,Stayed,0.49539584,0.50460416
53412,Left,0.97441137,0.025588602
68002,Stayed,0.39439803,0.60560197
34368,Stayed,0.12723982,0.8727602
60126,Left,0.61551315,0.38448685
37284,Stayed,0.04827249,0.9517275
40812,Left,0.88585013,0.11414985
29118,Stayed,0.06813246,0.93186754
61765,Left,0.64618754,0.3538125
60375,Left,0.8655152,0.13448484
3715,Left,0.8928887,0.1071113
66554,Left,0.9673712,0.03262875
44885,Stayed,0.21212906,0.78787094
63727,Stayed,0.06791109,0.9320889
57141,Stayed,0.11330557,0.88669443
17658,Left,0.73394394,0.26605606
42366,Stayed,0.49995887,0.5000411
11891,Left,0.8571723,0.14282767
41932,Stayed,0.2545635,0.7454365
47509,Left,0.96951705,0.030482939
73882,Stayed,0.052010834,0.94798917
47248,Stayed,0.4801107,0.5198893
36258,Left,0.6812508,0.31874916
31852,Stayed,0.13250095,0.86749905
64303,Stayed,0.24606067,0.75393933
63536,Stayed,0.42171377,0.57828623
47265,Left,0.89588463,0.10411535
34503,Stayed,0.48913044,0.51086956
49669,Stayed,0.32132226,0.67867774
60464,Left,0.97439975,0.025600232
49606,Left,0.56775653,0.43224347
35934,Left,0.57989097,0.420109
10946,Left,0.9027452,0.09725479
18499,Left,0.59721136,0.4027886
52405,Left,0.53220344,0.4677966
8415,Stayed,0.09234756,0.90765244
5253,Stayed,0.48263335,0.51736665
38945,Stayed,0.46473533,0.5352647
70333,Stayed,0.04493034,0.95506966
53515,Stayed,0.24243492,0.7575651
42797,Stayed,0.21607625,0.78392375
61453,Stayed,0.09212124,0.90787876
25985,Left,0.7867084,0.21329159
43092,Stayed,0.21140546,0.78859454
37935,Left,0.5434499,0.45655015
31124,Stayed,0.4023732,0.5976268
47379,Stayed,0.056085885,0.9439141
49974,Stayed,0.060398936,0.93960106
59135,Left,0.6045908,0.3954092
71126,Stayed,0.027320027,0.97268
36934,Left,0.79562634,0.20437364
41368,Stayed,0.38794088,0.6120591
64023,Stayed,0.4268757,0.5731243
28080,Left,0.5812466,0.41875336
16101,Stayed,0.033688307,0.9663117
4773,Left,0.5856446,0.41435537
73539,Left,0.9434275,0.056572497
71717,Stayed,0.25517237,0.7448276
24267,Left,0.7068581,0.2931419
36518,Stayed,0.02284658,0.9771534
39683,Left,0.537971,0.462029
37832,Left,0.6630641,0.33693588
6586,Left,0.6979423,0.30205768
70974,Left,0.6845567,0.31544328
42455,Left,0.9591844,0.040815603
30963,Stayed,0.39281952,0.6071805
48711,Left,0.88634044,0.11365958
44120,Left,0.79650754,0.20349248
29457,Left,0.5135991,0.4864009
56715,Stayed,0.06278694,0.93721306
13520,Left,0.52672714,0.47327286
48221,Stayed,0.042266488,0.9577335
73272,Stayed,0.17957377,0.8204262
73599,Stayed,0.1967116,0.8032884
21505,Left,0.9442917,0.055708308
16424,Left,0.5214388,0.47856122
867,Stayed,0.035458684,0.9645413
69701,Stayed,0.1746338,0.8253662
62693,Left,0.9053745,0.094625495
52699,Left,0.9376847,0.062315267
47002,Stayed,0.12900597,0.87099403
41750,Left,0.7721017,0.2278983
19537,Left,0.98221904,0.017780973
36772,Left,0.89954126,0.10045877
66883,Left,0.9573269,0.042673104
12267,Stayed,0.047719955,0.95228004
28596,Left,0.8169163,0.1830837
59030,Stayed,0.0047340393,0.99526596
49597,Stayed,0.28458828,0.7154117
2062,Stayed,0.193412,0.806588
23314,Left,0.7929427,0.20705728
7809,Stayed,0.43558896,0.56441104
14147,Left,0.8523963,0.14760369
61972,Left,0.5204335,0.4795665
47999,Stayed,0.24405807,0.7559419
26378,Left,0.70297086,0.29702914
68688,Stayed,0.21773136,0.78226864
20058,Left,0.9063386,0.09366143
73408,Left,0.7950462,0.20495379
53270,Stayed,0.19165766,0.80834234
61401,Left,0.5834587,0.41654128
72059,Left,0.5123724,0.48762766
2400,Left,0.6587856,0.3412144
59311,Stayed,0.03737688,0.9626231
73724,Stayed,0.27356428,0.7264357
60203,Left,0.9681832,0.031816807
23599,Stayed,0.12648857,0.87351143
10701,Stayed,0.20723808,0.7927619
17599,Left,0.69132996,0.30867007
40203,Left,0.65344405,0.34655598
36326,Stayed,0.37277293,0.62722707
16085,Stayed,0.06816614,0.93183386
49121,Stayed,0.40238273,0.59761727
8278,Stayed,0.34927887,0.65072113
68873,Stayed,0.34191376,0.65808624
63055,Stayed,0.32042587,0.67957413
54366,Left,0.62302995,0.37697005
59232,Stayed,0.3737281,0.6262719
15913,Left,0.63059974,0.3694003
25357,Left,0.737587,0.26241305
19689,Left,0.64245015,0.35754985
50973,Stayed,0.019033313,0.9809667
46650,Left,0.8893388,0.1106612
52832,Left,0.8753451,0.124654904
70665,Left,0.7175768,0.2824232
59419,Left,0.76954883,0.23045115
192,Left,0.78350383,0.21649618
42555,Left,0.75614506,0.24385494
31403,Stayed,0.049130797,0.9508692
27841,Left,0.52857596,0.47142404
57077,Left,0.75193036,0.24806964
7539,Left,0.88039935,0.11960068
64540,Left,0.864509,0.13549098
56352,Left,0.966469,0.033531036
43237,Stayed,0.46442586,0.53557414
40709,Stayed,0.45690453,0.54309547
51666,Stayed,0.16778916,0.83221084
30782,Left,0.5168749,0.4831251
49349,Left,0.82397956,0.17602043
40934,Stayed,0.017643869,0.98235613
11913,Stayed,0.27839434,0.72160566
69858,Stayed,0.2612493,0.7387507
51871,Left,0.59707147,0.40292853
31444,Left,0.5128901,0.48710993
57811,Left,0.5323959,0.4676041
33752,Left,0.7152213,0.28477868
49562,Left,0.5980612,0.40193883
72354,Left,0.6949772,0.30502278
61867,Stayed,0.38227397,0.617726
17486,Stayed,0.3213228,0.6786772
56555,Left,0.6460463,0.35395372
753,Left,0.86671835,0.13328165
40824,Stayed,0.19619405,0.80380595
38345,Stayed,0.19040483,0.80959517
46269,Stayed,0.17141831,0.8285817
52897,Left,0.66088176,0.33911824
24346,Stayed,0.29473644,0.70526356
4381,Left,0.8032023,0.19679771
9557,Left,0.54226184,0.45773813
822,Left,0.5335783,0.46642172
10400,Stayed,0.3811016,0.6188984
5942,Left,0.72898954,0.27101046
28552,Stayed,0.041891277,0.9581087
66729,Left,0.7518775,0.24812253
38570,Left,0.6056621,0.3943379
23851,Stayed,0.22074324,0.77925676
53043,Left,0.7057023,0.29429772
22775,Stayed,0.3129866,0.6870134
26193,Stayed,0.44859535,0.55140465
70732,Left,0.8479611,0.15203889
53557,Stayed,0.40872133,0.5912787
62370,Stayed,0.08502859,0.9149714
13444,Stayed,0.039501667,0.96049833
56812,Left,0.97196376,0.028036222
45149,Left,0.8512061,0.14879386
57455,Stayed,0.038811445,0.96118855
21101,Stayed,0.49381864,0.50618136
40660,Stayed,0.43869424,0.56130576
12256,Left,0.85171247,0.14828752
29932,Left,0.8989989,0.101001106
26683,Left,0.65645134,0.34354863
39106,Stayed,0.13253659,0.8674634
53809,Stayed,0.14886004,0.85113996
55485,Stayed,0.03619033,0.96380967
73596,Stayed,0.06353295,0.93646705
2732,Left,0.82648623,0.17351374
10022,Stayed,0.47068977,0.5293102
30508,Left,0.85650885,0.14349116
24224,Stayed,0.1883285,0.8116715
39053,Left,0.59168935,0.40831062
49988,Left,0.6885066,0.31149343
50733,Left,0.69770056,0.30229944
16175,Stayed,0.4418739,0.5581261
43497,Stayed,0.016525447,0.98347455
4231,Stayed,0.43405306,0.56594694
25748,Left,0.6667758,0.33322415
25266,Stayed,0.27429312,0.7257069
40006,Stayed,0.056246042,0.94375396
47135,Left,0.86387753,0.1361225
27284,Stayed,0.06180477,0.9381952
62708,Stayed,0.010181248,0.98981875
73170,Left,0.9629988,0.03700119
27584,Stayed,0.028063476,0.9719365
43423,Stayed,0.09776145,0.90223855
44109,Stayed,0.08454198,0.915458
54290,Left,0.9371392,0.06286079
71279,Left,0.5380875,0.46191248
2580,Stayed,0.3757949,0.6242051
59923,Stayed,0.060194492,0.9398055
24077,Left,0.7851207,0.21487924
40146,Left,0.9446975,0.055302482
10563,Stayed,0.07045317,0.92954683
58779,Stayed,0.03225857,0.96774143
61125,Left,0.90094876,0.09905125
10699,Stayed,0.061506867,0.93849313
49311,Left,0.73031723,0.26968274
20613,Stayed,0.01377362,0.9862264
61221,Left,0.6125344,0.3874656
55072,Stayed,0.12018412,0.8798159
23583,Left,0.9435594,0.05644062
18576,Stayed,0.46740687,0.53259313
73989,Stayed,0.32794243,0.67205757
199,Stayed,0.041772425,0.9582276
6692,Left,0.58069813,0.41930184
51768,Left,0.9575293,0.04247071
22201,Left,0.6061596,0.39384037
68509,Left,0.9293956,0.07060436
18599,Left,0.54149544,0.45850453
39630,Stayed,0.27861553,0.72138447
43498,Stayed,0.2567286,0.7432714
44054,Stayed,0.03896457,0.96103543
61697,Stayed,0.10512847,0.89487153
67265,Stayed,0.31548822,0.6845118
36545,Stayed,0.47736007,0.52263993
3630,Stayed,0.17316788,0.8268321
14082,Stayed,0.020543873,0.9794561
61312,Stayed,0.01462853,0.9853715
17129,Stayed,0.37349242,0.6265076
58899,Stayed,0.09971732,0.9002827
4027,Stayed,0.46998632,0.5300137
41008,Stayed,0.22343671,0.7765633
54142,Stayed,0.28532523,0.7146748
19032,Left,0.5391598,0.46084023
47275,Left,0.681852,0.31814805
35317,Stayed,0.4805231,0.5194769
29361,Left,0.5486108,0.4513892
40901,Stayed,0.4955641,0.5044359
61005,Stayed,0.036099613,0.9639004
6492,Stayed,0.16153741,0.8384626
47937,Stayed,0.06322211,0.9367779
26098,Stayed,0.03456962,0.9654304
11314,Stayed,0.44312513,0.5568749
33396,Stayed,0.0743857,0.9256143
66243,Stayed,0.38651884,0.61348116
37830,Left,0.7090244,0.2909756
36586,Left,0.53801507,0.46198493
58051,Stayed,0.08975804,0.91024196
26406,Stayed,0.29845518,0.7015448
52964,Stayed,0.22233903,0.77766097
57793,Stayed,0.074309826,0.9256902
25639,Stayed,0.041150272,0.9588497
59598,Left,0.769863,0.23013696
7482,Stayed,0.06468356,0.93531644
69965,Stayed,0.12766021,0.8723398
11134,Stayed,0.2830556,0.7169444
42571,Stayed,0.02810663,0.97189337
55947,Stayed,0.23201495,0.76798505
73127,Left,0.9821563,0.017843733
21157,Left,0.55259776,0.44740227
670,Left,0.762554,0.237446
47978,Left,0.8804356,0.11956441
59279,Stayed,0.027730644,0.97226936
69550,Stayed,0.29994875,0.70005125
36155,Left,0.96305305,0.036946926
42176,Stayed,0.4416572,0.5583428
57913,Stayed,0.17530286,0.82469714
60495,Left,0.7930948,0.20690519
71291,Stayed,0.3591481,0.6408519
21137,Stayed,0.07577562,0.9242244
4129,Left,0.89250356,0.107496455
47440,Stayed,0.11267972,0.8873203
10599,Left,0.54268134,0.4573187
12641,Left,0.9556042,0.044395823
18608,Left,0.510468,0.48953196
7681,Stayed,0.14885688,0.8511431
55663,Left,0.65799457,0.34200543
34392,Left,0.50871503,0.49128494
8722,Stayed,0.36165798,0.638342
23480,Stayed,0.48206872,0.5179313
49206,Stayed,0.05646187,0.9435381
31547,Left,0.8739953,0.12600471
73810,Left,0.82920545,0.17079456
10850,Stayed,0.4934774,0.5065226
20671,Stayed,0.49400866,0.50599134
19806,Left,0.7261542,0.27384582
22266,Stayed,0.44668078,0.5533192
56276,Stayed,0.3866818,0.6133182
4163,Stayed,0.011236787,0.9887632
48285,Left,0.7739348,0.2260652
36039,Left,0.53570557,0.46429443
55308,Left,0.58692867,0.41307133
60938,Left,0.76884174,0.23115823
55235,Left,0.82126546,0.17873454
58427,Left,0.9272379,0.07276207
67951,Stayed,0.3344081,0.6655919
8953,Left,0.67415524,0.32584473
56168,Left,0.5872477,0.41275227
4813,Left,0.6537819,0.34621808
50476,Stayed,0.30716985,0.69283015
57268,Stayed,0.09045166,0.90954834
71028,Stayed,0.15276605,0.84723395
37514,Stayed,0.111496866,0.88850313
72700,Stayed,0.28548878,0.7145112
61767,Left,0.7036258,0.29637417
33285,Left,0.78756136,0.21243866
49373,Left,0.5796834,0.42031655
68712,Stayed,0.39033324,0.60966676
36870,Stayed,0.32892984,0.67107016
58127,Stayed,0.44743645,0.55256355
10882,Stayed,0.05587268,0.9441273
65542,Stayed,0.28558546,0.71441454
6693,Left,0.87542385,0.124576166
64255,Stayed,0.015488625,0.9845114
18636,Left,0.8579788,0.1420212
30902,Stayed,0.26918423,0.73081577
60323,Left,0.85507977,0.14492026
63437,Stayed,0.07235825,0.92764175
44902,Stayed,0.21145898,0.788541
24457,Left,0.96123064,0.038769394
34936,Left,0.6526966,0.34730336
65272,Left,0.66085255,0.33914742
26467,Stayed,0.13823205,0.86176795
39262,Left,0.61101425,0.38898572
14859,Stayed,0.47256744,0.52743256
43893,Stayed,0.016869545,0.98313046
63455,Left,0.8036052,0.19639477
25859,Stayed,0.13178062,0.8682194
71403,Left,0.8129095,0.18709049
10594,Left,0.80873126,0.19126876
55086,Stayed,0.2651245,0.7348755
70516,Stayed,0.20889115,0.79110885
9135,Stayed,0.038324237,0.96167576
5032,Stayed,0.29268527,0.7073147
56365,Left,0.8364613,0.1635387
56405,Stayed,0.2570126,0.7429874
43984,Left,0.7821352,0.21786483
74140,Stayed,0.1522615,0.8477385
11129,Stayed,0.47305757,0.52694243
37770,Left,0.63511986,0.36488014
66609,Stayed,0.19454938,0.8054506
53537,Stayed,0.358203,0.641797
71924,Left,0.82269776,0.17730227
10742,Stayed,0.46709317,0.53290683
37300,Left,0.56512225,0.43487778
58301,Left,0.86733234,0.13266766
43531,Left,0.63282114,0.36717886
10541,Stayed,0.037854493,0.9621455
54977,Left,0.6972916,0.30270842
10870,Left,0.73025185,0.26974815
7877,Left,0.9082135,0.09178651
19859,Left,0.88029027,0.11970972
53013,Left,0.642472,0.357528
69888,Left,0.95265865,0.04734135
53733,Left,0.5842807,0.41571927
23913,Left,0.9027399,0.09726012
34789,Left,0.58948344,0.41051656
33704,Stayed,0.03722483,0.9627752
33635,Stayed,0.15715641,0.8428436
7728,Left,0.58318436,0.41681567
54268,Stayed,0.27203703,0.727963
56406,Left,0.6410366,0.3589634
36444,Left,0.90178573,0.098214276
1450,Stayed,0.30223542,0.6977646
10844,Left,0.54463106,0.45536894
33610,Left,0.7590318,0.2409682
1098,Left,0.62633073,0.3736693
43273,Stayed,0.16519696,0.83480304
2166,Stayed,0.23428714,0.76571286
31841,Left,0.77313393,0.22686605
19314,Stayed,0.4155056,0.5844944
49535,Stayed,0.06300634,0.93699366
65647,Left,0.86657166,0.1334283
35238,Left,0.5626087,0.43739125
62327,Stayed,0.0777151,0.9222849
27873,Stayed,0.21290272,0.7870973
27243,Left,0.65373147,0.3462685
31014,Stayed,0.34264326,0.65735674
33484,Stayed,0.42102778,0.5789722
73730,Left,0.76282907,0.2371709
57075,Left,0.787008,0.21299201
18139,Stayed,0.18550909,0.8144909
1793,Stayed,0.080423474,0.9195765
59889,Stayed,0.08390337,0.9160966
61093,Stayed,0.09133214,0.90866786
57538,Stayed,0.48825103,0.51174897
22872,Left,0.5918047,0.40819532
8450,Stayed,0.16164893,0.8383511
46606,Left,0.9030258,0.09697421
33733,Left,0.62819207,0.37180796
44427,Left,0.72964275,0.27035728
9127,Stayed,0.07103199,0.928968
33918,Left,0.51507086,0.48492914
18277,Stayed,0.05934608,0.9406539
35021,Stayed,0.47560948,0.5243905
52003,Stayed,0.015586019,0.984414
9736,Stayed,0.29643703,0.703563
73137,Stayed,0.44509584,0.55490416
52672,Stayed,0.06457001,0.93543
2645,Stayed,0.061468482,0.9385315
51230,Stayed,0.11200768,0.8879923
51064,Left,0.6273163,0.3726837
41162,Stayed,0.18900907,0.8109909
52315,Left,0.5758578,0.42414218
67523,Left,0.95169914,0.048300866
25813,Left,0.56502,0.43497998
40579,Stayed,0.47857076,0.52142924
40494,Stayed,0.30687785,0.69312215
33105,Stayed,0.46507847,0.5349215
52200,Left,0.7473937,0.25260627
43735,Stayed,0.036622763,0.96337724
41763,Stayed,0.40462428,0.5953757
9277,Left,0.63344634,0.36655366
53448,Stayed,0.12585002,0.87415
63121,Left,0.74127305,0.25872692
21029,Stayed,0.068261445,0.93173856
29775,Left,0.9226827,0.0773173
51895,Left,0.56348073,0.43651927
55995,Stayed,0.45303237,0.5469676
51221,Stayed,0.49934936,0.50065064
68261,Stayed,0.011187136,0.98881286
65837,Stayed,0.09372133,0.90627867
59877,Left,0.97508323,0.024916744
66679,Left,0.754216,0.245784
23367,Left,0.67524457,0.32475546
37659,Stayed,0.22101307,0.77898693
60324,Left,0.9117452,0.08825481
32109,Stayed,0.43288052,0.5671195
74038,Stayed,0.4678257,0.5321743
43913,Stayed,0.2196688,0.7803312
26699,Stayed,0.04418683,0.95581317
71223,Stayed,0.26411682,0.7358832
55053,Stayed,0.04671538,0.9532846
42466,Stayed,0.08930576,0.91069424
66354,Left,0.71138734,0.28861266
980,Stayed,0.057600915,0.9423991
43110,Stayed,0.020584822,0.9794152
53926,Stayed,0.39470148,0.6052985
70058,Stayed,0.053457618,0.9465424
66137,Left,0.9837729,0.016227152
44854,Stayed,0.036713064,0.96328694
33190,Stayed,0.4724723,0.5275277
43585,Stayed,0.14529395,0.85470605
39672,Stayed,0.27313006,0.72686994
13586,Stayed,0.039562404,0.9604376
31184,Left,0.9655478,0.034452207
15577,Left,0.6570375,0.3429625
29756,Left,0.60302365,0.39697632
3637,Stayed,0.033408344,0.96659166
40348,Stayed,0.067267835,0.93273216
39623,Stayed,0.40896595,0.59103405
11969,Left,0.58112985,0.41887015
27490,Stayed,0.16156787,0.83843213
47481,Left,0.55058134,0.44941863
2308,Left,0.9580278,0.041972246
60240,Stayed,0.2589996,0.7410004
49695,Stayed,0.49346966,0.50653034
52007,Left,0.67759687,0.32240313
21491,Stayed,0.12616003,0.87384
58036,Stayed,0.109032035,0.89096797
43424,Left,0.65580595,0.34419405
65707,Left,0.8706604,0.12933955
71203,Stayed,0.49463153,0.5053685
28519,Stayed,0.1272707,0.8727293
15960,Stayed,0.12511921,0.8748808
50033,Left,0.5718224,0.4281776
73601,Stayed,0.05532819,0.9446718
63372,Left,0.5318147,0.4681853
111,Left,0.54585296,0.45414704
32371,Left,0.881728,0.118272
72134,Stayed,0.06681067,0.93318933
68452,Stayed,0.077914834,0.92208517
4700,Left,0.5911565,0.4088435
28862,Stayed,0.29566026,0.70433974
12048,Left,0.5082915,0.4917085
50198,Stayed,0.036007464,0.96399254
51750,Left,0.8350746,0.1649254
51407,Stayed,0.13586897,0.86413103
41650,Stayed,0.27609253,0.7239075
9083,Stayed,0.43899268,0.5610073
7912,Left,0.5572518,0.4427482
18514,Left,0.94431204,0.05568794
25834,Left,0.6219236,0.37807637
31960,Stayed,0.10689449,0.8931055
53406,Stayed,0.32156175,0.67843825
70920,Stayed,0.32041907,0.6795809
16339,Stayed,0.038872898,0.9611271
53444,Stayed,0.1722719,0.8277281
58377,Stayed,0.04973048,0.9502695
68962,Stayed,0.2828012,0.7171988
47503,Left,0.7409689,0.25903112
22720,Left,0.88185275,0.11814726
56672,Left,0.8903505,0.10964946
12933,Stayed,0.1512785,0.8487215
45702,Left,0.58314013,0.41685984
53134,Left,0.72106636,0.27893364
21550,Stayed,0.045532823,0.9544672
46719,Stayed,0.43699658,0.5630034
18995,Stayed,0.39156753,0.6084325
11213,Stayed,0.030679524,0.9693205
73609,Stayed,0.35477406,0.64522594
64866,Stayed,0.25750774,0.74249226
73576,Stayed,0.3064946,0.6935054
40361,Stayed,0.08331722,0.9166828
15046,Stayed,0.35342586,0.64657414
26295,Stayed,0.44512355,0.55487645
43608,Stayed,0.26186842,0.7381316
19469,Stayed,0.24714094,0.75285906
28868,Left,0.9078002,0.092199825
16887,Stayed,0.10095292,0.8990471
18304,Stayed,0.21214974,0.78785026
54377,Left,0.62975335,0.37024665
73285,Stayed,0.21664065,0.78335935
16094,Left,0.81699955,0.18300048
10180,Stayed,0.049704373,0.9502956
54672,Left,0.94188994,0.058110043
66693,Stayed,0.48272324,0.51727676
16618,Stayed,0.45130277,0.54869723
5013,Stayed,0.045998156,0.95400184
55982,Stayed,0.19843322,0.8015668
25230,Stayed,0.06407291,0.9359271
51380,Left,0.80122626,0.19877373
13677,Stayed,0.36599833,0.6340017
57216,Stayed,0.0469988,0.9530012
66930,Left,0.58332705,0.41667292
61615,Left,0.81345016,0.18654986
65875,Stayed,0.4509799,0.5490201
11839,Left,0.9672822,0.03271784
14553,Left,0.82733166,0.17266831
3394,Stayed,0.07086182,0.9291382
11788,Left,0.8160072,0.18399282
24324,Left,0.9362392,0.063760825
7874,Stayed,0.3089292,0.6910708
22527,Stayed,0.42425996,0.57574004
35759,Stayed,0.017609715,0.9823903
71323,Left,0.8467453,0.1532547
1022,Stayed,0.13330734,0.86669266
22849,Stayed,0.023474813,0.9765252
9394,Stayed,0.2024098,0.7975902
59592,Left,0.8315374,0.16846257
69756,Stayed,0.06099969,0.9390003
8241,Left,0.7991878,0.20081219
56078,Left,0.9229924,0.07700759
39997,Stayed,0.29840392,0.7015961
64233,Stayed,0.448965,0.551035
21821,Left,0.69903815,0.30096182
7150,Left,0.5108905,0.4891095
41513,Left,0.9382663,0.06173374
58751,Left,0.64074445,0.35925552
64689,Left,0.6498982,0.3501018
68416,Left,0.9335853,0.06641471
5325,Stayed,0.11490393,0.8850961
38858,Stayed,0.05147147,0.9485285
38154,Stayed,0.08813226,0.91186774
42476,Left,0.9653537,0.03464626
25998,Left,0.8983615,0.10163849
26968,Left,0.88376194,0.11623805
27036,Stayed,0.26003653,0.7399635
44249,Stayed,0.03294295,0.96705705
48538,Left,0.74913704,0.25086296
26777,Left,0.72704357,0.27295643
62497,Left,0.56419134,0.4358087
62368,Stayed,0.3501076,0.6498924
58492,Stayed,0.49818766,0.50181234
27380,Stayed,0.30168432,0.6983157
29445,Left,0.6204083,0.37959167
29116,Left,0.8142178,0.1857822
69516,Stayed,0.09252238,0.9074776
8818,Stayed,0.46784878,0.5321512
44617,Left,0.5080805,0.49191952
33830,Stayed,0.08061296,0.91938704
49078,Stayed,0.03881651,0.9611835
1672,Stayed,0.14128917,0.8587108
38435,Stayed,0.4531241,0.5468759
23181,Left,0.6203468,0.37965325
70372,Stayed,0.233967,0.766033
58884,Stayed,0.1596837,0.8403163
37326,Stayed,0.24965006,0.75034994
1381,Stayed,0.38282382,0.6171762
58683,Stayed,0.3624465,0.6375535
65015,Stayed,0.26516432,0.7348357
43720,Stayed,0.21813327,0.7818667
63904,Stayed,0.103348196,0.8966518
28807,Left,0.6775024,0.32249758
39097,Stayed,0.016759574,0.9832404
60749,Left,0.9561742,0.043825828
25625,Left,0.8962346,0.103765406
40763,Left,0.9718417,0.028158337
8189,Left,0.8369918,0.1630082
21544,Left,0.90747285,0.09252716
30051,Stayed,0.4164133,0.5835867
69441,Left,0.9166349,0.08336508
51677,Left,0.85918117,0.1408188
11792,Stayed,0.37752742,0.6224726
40342,Stayed,0.28386474,0.71613526
17282,Left,0.9782978,0.021702172
22648,Left,0.5309131,0.46908692
30480,Left,0.66928554,0.33071443
33812,Stayed,0.2985049,0.7014951
41498,Stayed,0.16493666,0.83506334
11822,Stayed,0.033340752,0.96665925
57696,Stayed,0.029436767,0.97056323
68913,Left,0.90716493,0.092835054
29316,Stayed,0.49729115,0.50270885
60555,Stayed,0.20126861,0.7987314
34731,Left,0.50301486,0.49698514
62790,Left,0.8467111,0.15328892
43345,Left,0.8117651,0.18823491
27973,Stayed,0.27318847,0.7268115
8914,Stayed,0.12214965,0.87785035
48224,Stayed,0.043760598,0.9562394
49629,Left,0.600088,0.39991197
35351,Stayed,0.19727647,0.8027235
66715,Left,0.914108,0.08589203
2758,Left,0.9687488,0.031251207
3758,Stayed,0.38636184,0.61363816
49390,Stayed,0.12393087,0.8760691
50772,Stayed,0.038636267,0.96136373
57437,Stayed,0.033800006,0.9662
40167,Stayed,0.1757496,0.8242504
27709,Left,0.9264863,0.07351367
38327,Stayed,0.26436436,0.73563564
45764,Stayed,0.21353239,0.7864676
45585,Left,0.8744891,0.12551086
63748,Left,0.85804665,0.14195336
26460,Stayed,0.41759902,0.582401
19722,Stayed,0.107179046,0.89282095
27185,Stayed,0.28570336,0.71429664
48735,Left,0.79844034,0.20155965
26557,Stayed,0.06342274,0.93657726
16854,Stayed,0.3803048,0.6196952
51862,Left,0.60931975,0.39068025
13906,Left,0.63648087,0.36351913
5247,Stayed,0.15043622,0.8495638
54555,Left,0.60302126,0.3969787
43552,Left,0.5032196,0.4967804
891,Left,0.6594825,0.34051755
60330,Left,0.98894185,0.01105817
49063,Left,0.8924016,0.10759845
56865,Left,0.8087995,0.1912005
43796,Left,0.9222796,0.077720374
31628,Left,0.51702434,0.48297566
3438,Left,0.8651598,0.13484019
38694,Stayed,0.11688471,0.8831153
72487,Stayed,0.35941607,0.64058393
26250,Left,0.7459507,0.25404927
18366,Stayed,0.13650471,0.8634953
26407,Left,0.6282728,0.37172723
62336,Stayed,0.11060381,0.8893962
40363,Stayed,0.14386386,0.85613614
4230,Stayed,0.22165287,0.77834713
60575,Stayed,0.28476453,0.7152355
48619,Left,0.5615635,0.43843654
17006,Stayed,0.42215645,0.57784355
1633,Left,0.9067711,0.09322886
220,Left,0.7361607,0.2638393
30668,Left,0.8655994,0.13440058
19804,Left,0.9373729,0.06262709
21777,Stayed,0.07248604,0.92751396
9919,Left,0.5553858,0.44461414
11616,Left,0.5244281,0.47557184
67870,Stayed,0.21729201,0.782708
72358,Stayed,0.19069612,0.8093039
19287,Stayed,0.34829056,0.65170944
39757,Stayed,0.07355422,0.9264458
64222,Stayed,0.11069363,0.88930637
61204,Left,0.5201199,0.47988006
40232,Stayed,0.29255074,0.70744926
63837,Stayed,0.06181234,0.93818766
27848,Stayed,0.048647583,0.9513524
21715,Left,0.62710047,0.37289953
6757,Stayed,0.33058083,0.66941917
2649,Stayed,0.4141981,0.5858019
31085,Stayed,0.46205658,0.5379434
7953,Left,0.56288296,0.43711704
20364,Stayed,0.034570992,0.965429
43634,Left,0.70870405,0.29129595
23618,Left,0.84949327,0.15050676
26323,Stayed,0.09876865,0.90123135
58784,Stayed,0.11414027,0.8858597
56246,Left,0.9635134,0.036486633
8830,Stayed,0.2565264,0.7434736
51904,Stayed,0.47099638,0.5290036
37512,Stayed,0.09058684,0.90941316
60337,Stayed,0.1839509,0.8160491
14821,Stayed,0.4485377,0.5514623
14654,Left,0.50164324,0.49835676
57519,Left,0.9223144,0.07768562
44931,Stayed,0.14322549,0.8567745
57404,Left,0.8550583,0.14494167
8054,Stayed,0.33233523,0.66766477
21190,Stayed,0.39835757,0.60164243
34369,Left,0.704375,0.29562494
26868,Left,0.80442095,0.19557908
62619,Left,0.86792684,0.13207316
23126,Left,0.57021743,0.42978257
1277,Left,0.8140408,0.18595919
3314,Stayed,0.3591795,0.6408205
66801,Stayed,0.09793085,0.90206915
41495,Left,0.8778411,0.12215889
40399,Stayed,0.20290148,0.7970985
55435,Left,0.9111665,0.08883353
70847,Left,0.5428042,0.45719582
252,Stayed,0.41990256,0.58009744
1735,Left,0.66005087,0.3399491
40188,Stayed,0.29076302,0.709237
66496,Left,0.77363753,0.22636248
71488,Stayed,0.47801816,0.52198184
60680,Left,0.7530016,0.24699843
24802,Left,0.59463036,0.40536964
12623,Left,0.8458822,0.1541178
60132,Stayed,0.21589983,0.7841002
12994,Stayed,0.0824222,0.9175778
69320,Stayed,0.26087612,0.7391239
709,Stayed,0.1085242,0.8914758
36561,Left,0.6872641,0.3127359
47874,Stayed,0.0827744,0.9172256
23251,Stayed,0.13103187,0.8689681
145,Stayed,0.16777682,0.8322232
4473,Stayed,0.16174895,0.83825105
40684,Stayed,0.07811719,0.9218828
9725,Left,0.7912561,0.20874386
25068,Left,0.95526594,0.044734087
2418,Left,0.69836056,0.3016394
67899,Left,0.6666466,0.3333534
36558,Left,0.8049798,0.1950202
57765,Left,0.53882444,0.4611756
66719,Left,0.83338416,0.16661586
61978,Stayed,0.49747384,0.50252616
54045,Left,0.74854064,0.25145933
29805,Stayed,0.32241815,0.67758185
3639,Left,0.5738443,0.4261557
30926,Left,0.7736765,0.2263235
26859,Left,0.73633796,0.26366204
62217,Left,0.7386883,0.2613117
3875,Left,0.6183301,0.38166988
35570,Left,0.88366437,0.11633561
64011,Stayed,0.028481662,0.97151834
50906,Stayed,0.12752193,0.87247807
5549,Left,0.6458755,0.3541245
17589,Stayed,0.27349138,0.7265086
54455,Stayed,0.020985544,0.97901446
60127,Left,0.6329213,0.36707872
30775,Left,0.95929736,0.040702634
15979,Stayed,0.1981712,0.8018288
25874,Left,0.5003587,0.49964133
33048,Left,0.89042085,0.10957914
26352,Stayed,0.078728735,0.92127126
36950,Stayed,0.023172915,0.9768271
3868,Stayed,0.10566753,0.89433247
70762,Left,0.8081526,0.19184738
5936,Left,0.78785014,0.21214987
54666,Stayed,0.25344646,0.74655354
62160,Left,0.8761107,0.12388933
7973,Left,0.5532182,0.4467818
30529,Left,0.91803074,0.08196929
23437,Left,0.6284189,0.37158108
50516,Left,0.6458977,0.3541023
66909,Stayed,0.09258479,0.9074152
73872,Stayed,0.17671508,0.8232849
55519,Stayed,0.2706195,0.7293805
18520,Left,0.8660645,0.13393551
23616,Stayed,0.24905872,0.7509413
50041,Left,0.7531636,0.24683644
32840,Stayed,0.31917548,0.6808245
13127,Stayed,0.21772945,0.78227055
59397,Left,0.7116109,0.2883891
37836,Left,0.72342473,0.27657527
34982,Left,0.8358633,0.1641367
915,Stayed,0.4261521,0.5738479
70406,Left,0.8829896,0.11701039
17968,Left,0.5461534,0.45384654
7065,Stayed,0.19312042,0.8068796
17542,Stayed,0.43730807,0.5626919
16663,Stayed,0.39283442,0.6071656
19574,Left,0.6600112,0.33998883
16781,Stayed,0.1013065,0.8986935
2103,Stayed,0.021844923,0.9781551
38833,Stayed,0.18034393,0.8196561
71698,Left,0.72178876,0.2782112
60257,Left,0.57642007,0.42357996
73967,Left,0.69931626,0.3006837
1073,Left,0.89137655,0.10862343
71576,Stayed,0.2163803,0.7836197
21974,Left,0.85941935,0.14058062
3396,Stayed,0.27018797,0.729812
33591,Stayed,0.018341124,0.9816589
36645,Left,0.7129613,0.28703865
36415,Left,0.7075331,0.2924669
56937,Stayed,0.06495786,0.93504214
19402,Left,0.9738705,0.02612951
49141,Stayed,0.08159989,0.9184001
15011,Left,0.8370419,0.16295807
54169,Left,0.7743546,0.22564541
57003,Left,0.6415472,0.35845283
30548,Left,0.7661488,0.2338512
46952,Left,0.5643946,0.43560538
28374,Stayed,0.29461718,0.7053828
72932,Stayed,0.13606596,0.86393404
4504,Stayed,0.14705575,0.85294425
69096,Stayed,0.042782843,0.95721716
1901,Left,0.70754504,0.29245493
68821,Left,0.6628947,0.33710524
5541,Left,0.6401967,0.35980335
10736,Stayed,0.23744392,0.7625561
675,Stayed,0.05054027,0.94945973
26423,Stayed,0.19141042,0.8085896
15128,Stayed,0.23928624,0.76071376
31004,Left,0.85163915,0.14836085
28704,Left,0.9829246,0.017075438
41562,Left,0.9356136,0.06438645
22457,Stayed,0.053763926,0.9462361
70540,Stayed,0.38752627,0.6124737
2291,Stayed,0.030071616,0.9699284
41345,Left,0.54296327,0.45703676
1917,Left,0.533989,0.466011
55675,Left,0.8615211,0.13847885
18533,Stayed,0.12537098,0.874629
56929,Stayed,0.042127788,0.9578722
43306,Stayed,0.30953246,0.69046754
53736,Stayed,0.4259429,0.5740571
45061,Left,0.8300191,0.1699809
49096,Stayed,0.27242023,0.7275798
3636,Stayed,0.20985484,0.79014516
8534,Stayed,0.24769038,0.7523096
20553,Stayed,0.23137373,0.7686263
22917,Left,0.9500071,0.0499929
54492,Stayed,0.20258409,0.7974159
54827,Stayed,0.08373135,0.91626865
73252,Stayed,0.1058234,0.8941766
37096,Left,0.8933197,0.106680274
69290,Left,0.8257049,0.17429513
61297,Left,0.55521727,0.4447827
48474,Left,0.52795184,0.47204813
60040,Left,0.8995164,0.10048362
3223,Stayed,0.19297463,0.8070254
56529,Left,0.54979384,0.4502062
72839,Stayed,0.111115515,0.8888845
70576,Stayed,0.080844045,0.91915596
21999,Stayed,0.09537262,0.9046274
63486,Left,0.66685665,0.33314335
33982,Left,0.59836066,0.4016393
74237,Stayed,0.06703454,0.93296546
3012,Stayed,0.37958467,0.62041533
26950,Stayed,0.050329685,0.9496703
70905,Stayed,0.05868548,0.9413145
8342,Left,0.95554423,0.044455763
67738,Stayed,0.2721669,0.7278331
44967,Stayed,0.38827533,0.6117247
21397,Stayed,0.08245736,0.91754264
28642,Left,0.7631321,0.23686793
4895,Left,0.8590416,0.14095846
62104,Left,0.87299925,0.12700075
43642,Stayed,0.23231256,0.76768744
23896,Left,0.7621801,0.2378199
10122,Stayed,0.089787364,0.91021264
36829,Stayed,0.14777839,0.8522216
51062,Left,0.6083889,0.39161113
3143,Stayed,0.016503096,0.9834969
18013,Stayed,0.23738521,0.7626148
41295,Stayed,0.4216165,0.5783835
22897,Left,0.8354943,0.16450574
32394,Stayed,0.23058271,0.7694173
29280,Stayed,0.45239073,0.54760927
38819,Stayed,0.39572704,0.60427296
5677,Left,0.7507089,0.2492911
11855,Left,0.88553995,0.114460066
55839,Left,0.62344456,0.3765554
24342,Stayed,0.059624016,0.940376
20236,Left,0.8973402,0.1026598
24594,Stayed,0.08473128,0.9152687
61891,Left,0.9720895,0.02791049
65315,Left,0.5769985,0.42300156
54004,Left,0.73746663,0.26253337
14758,Stayed,0.26225865,0.73774135
41665,Left,0.593913,0.40608698
49494,Stayed,0.40769827,0.5923017
29848,Left,0.8212997,0.17870036
72075,Stayed,0.409782,0.590218
41045,Left,0.74068373,0.25931627
55959,Left,0.5424771,0.45752293
52579,Left,0.84397787,0.15602212
73528,Stayed,0.32041693,0.6795831
73488,Stayed,0.46754533,0.53245467
72116,Stayed,0.4467302,0.5532698
19617,Left,0.72261965,0.27738032
28946,Left,0.5906836,0.40931645
20508,Left,0.87300897,0.12699106
7174,Left,0.644077,0.355923
14528,Stayed,0.460347,0.539653
28383,Left,0.97138643,0.028613552
64497,Left,0.6728542,0.32714579
37728,Left,0.7880888,0.21191123
55501,Stayed,0.41891992,0.5810801
45081,Stayed,0.078421354,0.92157865
59638,Stayed,0.052123785,0.9478762
35204,Left,0.94759,0.052410036
44503,Stayed,0.023204863,0.97679514
9054,Stayed,0.049715042,0.95028496
9060,Stayed,0.15123731,0.8487627
67182,Stayed,0.4379825,0.5620175
6466,Stayed,0.074928045,0.92507195
12787,Stayed,0.10427463,0.89572537
26848,Left,0.84893155,0.15106846
6914,Stayed,0.15279847,0.8472015
69877,Stayed,0.13403338,0.8659666
51020,Stayed,0.11914718,0.8808528
42100,Left,0.5251253,0.47487468
34954,Left,0.55495715,0.44504288
37275,Left,0.9614756,0.0385244
52151,Stayed,0.42861843,0.57138157
9031,Left,0.59352577,0.4064742
7824,Left,0.75274646,0.24725352
60225,Left,0.8082384,0.19176161
14442,Left,0.8375431,0.16245691
29232,Left,0.93156594,0.06843405
30077,Stayed,0.040744603,0.9592554
41567,Left,0.5988605,0.40113947
44480,Stayed,0.0043694973,0.9956305
20981,Left,0.8402498,0.15975022
13928,Stayed,0.08089328,0.9191067
69758,Left,0.6091263,0.3908737
30701,Stayed,0.39872783,0.60127217
32087,Left,0.9185625,0.081437536
55423,Left,0.6494893,0.35051075
70884,Left,0.7966018,0.20339826
4801,Stayed,0.4903584,0.5096416
55576,Stayed,0.029482901,0.9705171
48856,Stayed,0.06271875,0.93728125
19973,Left,0.8902807,0.10971926
60504,Stayed,0.25485408,0.7451459
31205,Left,0.8642127,0.13578732
36607,Stayed,0.4645273,0.5354727
20208,Left,0.578303,0.421697
48237,Left,0.6418328,0.35816717
35971,Stayed,0.25162184,0.74837816
61278,Stayed,0.048575044,0.95142496
28800,Stayed,0.057706594,0.9422934
17238,Stayed,0.023171246,0.97682875
64989,Left,0.6300293,0.3699707
11201,Left,0.85710263,0.14289734
11125,Left,0.50332266,0.49667734
64588,Stayed,0.20494813,0.7950519
10418,Left,0.87897825,0.12102172
26788,Stayed,0.14155263,0.8584474
26243,Left,0.789733,0.21026702
42457,Stayed,0.46410316,0.53589684
33534,Stayed,0.08994168,0.9100583
30154,Left,0.7080337,0.29196635
41332,Left,0.7105648,0.2894352
20504,Stayed,0.24375856,0.75624144
72920,Stayed,0.3031,0.6969
47492,Stayed,0.08697879,0.9130212
23013,Stayed,0.2998985,0.7001015
43986,Stayed,0.36064643,0.6393536
52378,Left,0.88313,0.116869986
31726,Left,0.9407942,0.059205763
61855,Left,0.640838,0.359162
70912,Left,0.86142194,0.13857806
54785,Left,0.57981133,0.42018867
14312,Stayed,0.41425687,0.5857431
6482,Left,0.5576223,0.44237772
42761,Left,0.94862825,0.05137176
60830,Stayed,0.27223802,0.727762
31986,Left,0.7698692,0.23013076
61124,Stayed,0.31191444,0.68808556
25221,Left,0.71340156,0.2865984
66850,Left,0.6711451,0.32885495
6706,Left,0.5266187,0.47338128
15248,Left,0.6440439,0.3559561
51383,Stayed,0.063210905,0.9367891
24302,Left,0.65647733,0.34352264
72407,Stayed,0.2622252,0.7377748
28436,Stayed,0.052305996,0.947694
61490,Stayed,0.33866233,0.6613377
24555,Stayed,0.46738362,0.5326164
36926,Stayed,0.24598259,0.7540174
61991,Stayed,0.18931937,0.8106806
72556,Stayed,0.30470818,0.6952918
1932,Stayed,0.3704909,0.6295091
64764,Left,0.9216337,0.07836625
59918,Stayed,0.14306664,0.85693336
5580,Stayed,0.49808216,0.50191784
27025,Left,0.6529207,0.3470793
36256,Left,0.91917443,0.08082557
22953,Stayed,0.023286223,0.9767138
16790,Left,0.84884256,0.15115742
65332,Stayed,0.034099102,0.9659009
22086,Left,0.50022554,0.49977443
37701,Stayed,0.07764828,0.9223517
62653,Stayed,0.068775415,0.9312246
41627,Left,0.51448077,0.48551923
28363,Stayed,0.37892902,0.621071
37914,Left,0.7442486,0.25575134
27903,Stayed,0.05711639,0.9428836
44273,Left,0.815589,0.184411
65402,Stayed,0.3697307,0.6302693
67442,Left,0.8900804,0.109919585
48347,Left,0.76505333,0.23494668
99,Left,0.86757153,0.13242848
51226,Stayed,0.26026487,0.7397351
15400,Stayed,0.09500694,0.90499306
11260,Left,0.81286234,0.18713768
66050,Stayed,0.071584344,0.92841566
20231,Stayed,0.23185903,0.768141
2917,Stayed,0.20911258,0.7908874
1785,Left,0.6985562,0.3014438
73387,Left,0.9174061,0.08259395
25901,Left,0.9599216,0.04007838
5059,Left,0.80636674,0.19363324
6737,Stayed,0.24033028,0.7596697
45933,Left,0.769536,0.23046401
70580,Stayed,0.0741024,0.9258976
38847,Left,0.79159695,0.20840305
46450,Left,0.98220205,0.017797962
63895,Stayed,0.3194282,0.6805718
42082,Stayed,0.3457861,0.6542139
23531,Left,0.7258774,0.27412257
63078,Left,0.8704949,0.1295051
14366,Left,0.6628394,0.33716056
48363,Stayed,0.065066576,0.9349334
32678,Stayed,0.45918953,0.54081047
54234,Left,0.88459015,0.11540984
49016,Left,0.83266056,0.16733946
47282,Left,0.8078158,0.19218418
39853,Left,0.9343381,0.06566193
35952,Stayed,0.21660662,0.7833934
19014,Left,0.5145895,0.4854105
18111,Left,0.83697116,0.16302884
5006,Stayed,0.32068104,0.67931896
8019,Stayed,0.36250055,0.63749945
9773,Stayed,0.08801365,0.91198635
74271,Stayed,0.28118193,0.71881807
56861,Stayed,0.046962142,0.95303786
4599,Stayed,0.25361937,0.7463806
55868,Left,0.95786935,0.042130668
32293,Stayed,0.4584399,0.5415601
25694,Left,0.758283,0.24171698
32745,Stayed,0.20160294,0.79839706
48415,Stayed,0.03474748,0.9652525
64099,Left,0.7412844,0.25871566
5115,Left,0.8716998,0.1283002
15236,Left,0.69496775,0.30503222
26088,Stayed,0.432011,0.567989
73075,Stayed,0.3015712,0.6984288
34907,Stayed,0.17730558,0.8226944
54102,Left,0.9549712,0.045028795
18025,Left,0.65268564,0.34731436
27089,Left,0.9219001,0.07809993
22990,Stayed,0.15841442,0.8415856
22446,Stayed,0.387057,0.612943
42977,Stayed,0.43961585,0.56038415
57675,Stayed,0.34827042,0.6517296
59758,Left,0.82878315,0.17121688
1335,Stayed,0.30973995,0.69026005
25810,Stayed,0.1053825,0.8946175
40968,Left,0.9200319,0.07996809
30984,Left,0.63847643,0.36152357
14010,Stayed,0.47522503,0.52477497
55807,Left,0.517672,0.482328
6380,Left,0.7294568,0.27054325
35462,Stayed,0.31547242,0.6845276
73624,Stayed,0.47283018,0.5271698
15726,Stayed,0.048002243,0.95199776
57629,Stayed,0.0050643682,0.99493563
31422,Stayed,0.08434665,0.91565335
12294,Stayed,0.022251368,0.97774863
33351,Stayed,0.1601783,0.8398217
52589,Stayed,0.0789659,0.9210341
46520,Left,0.6803856,0.3196144
30245,Left,0.5259075,0.4740925
18578,Stayed,0.28935432,0.7106457
69525,Stayed,0.3396181,0.6603819
64624,Left,0.73631865,0.26368135
30058,Left,0.7046872,0.29531282
15218,Stayed,0.048246026,0.951754
23966,Stayed,0.050858438,0.94914156
38909,Left,0.87426484,0.1257352
60244,Left,0.531988,0.46801195
4516,Stayed,0.27840298,0.721597
72039,Left,0.9068804,0.0931196
22918,Left,0.5939669,0.4060331
61564,Left,0.9367992,0.06320079
30460,Stayed,0.48004133,0.5199587
3404,Stayed,0.17425811,0.8257419
6593,Stayed,0.11781824,0.88218176
57356,Stayed,0.15948749,0.8405125
57213,Left,0.7370272,0.26297277
9170,Stayed,0.11500692,0.8849931
17847,Stayed,0.08825344,0.91174656
26319,Stayed,0.29909003,0.70091
46115,Left,0.8331196,0.16688044
71470,Left,0.54466116,0.45533887
30477,Stayed,0.039945602,0.9600544
54900,Stayed,0.18736506,0.81263494
28347,Left,0.7871481,0.21285185
27976,Left,0.9463967,0.053603306
13309,Left,0.86541665,0.13458335
62315,Left,0.94861746,0.051382568
52903,Stayed,0.16952449,0.8304755
44584,Stayed,0.10183054,0.89816946
62142,Left,0.8728006,0.12719938
73086,Stayed,0.25737703,0.742623
50847,Left,0.72446644,0.27553353
43760,Stayed,0.056943953,0.94305605
45514,Stayed,0.3349359,0.6650641
57190,Stayed,0.38736558,0.6126344
57960,Stayed,0.42064434,0.57935566
13549,Left,0.5903315,0.4096685
5232,Stayed,0.39040774,0.60959226
690,Stayed,0.11239272,0.8876073
24327,Stayed,0.2735061,0.7264939
60180,Left,0.855531,0.14446904
49567,Left,0.85413724,0.14586274
68439,Stayed,0.20173621,0.7982638
66738,Stayed,0.38836545,0.61163455
30235,Stayed,0.13102889,0.8689711
43524,Left,0.9278642,0.07213579
56165,Left,0.50343096,0.496569
59134,Left,0.89775646,0.10224353
53810,Stayed,0.04530239,0.9546976
12108,Stayed,0.2406944,0.7593056
14278,Left,0.7768091,0.22319089
28745,Stayed,0.41321254,0.58678746
73331,Left,0.73724365,0.26275638
7061,Stayed,0.065635145,0.93436486
54405,Stayed,0.19347572,0.8065243
6399,Left,0.8165295,0.1834705
15823,Stayed,0.43295443,0.56704557
26104,Left,0.59456813,0.40543184
4544,Left,0.64475644,0.3552436
48117,Left,0.56530565,0.43469435
10167,Stayed,0.03491497,0.965085
31229,Stayed,0.06674886,0.93325114
47570,Left,0.81481266,0.18518735
27298,Left,0.50969434,0.49030566
48484,Stayed,0.22398609,0.7760139
70471,Left,0.72385776,0.27614224
62269,Stayed,0.21945375,0.78054625
35602,Stayed,0.37472916,0.62527084
1040,Left,0.7168627,0.2831373
14002,Left,0.8456461,0.15435393
71396,Left,0.617502,0.38249806
44916,Stayed,0.06750828,0.9324917
13512,Stayed,0.43543518,0.5645648
23301,Left,0.7232393,0.27676073
53779,Left,0.55553246,0.4444675
48860,Left,0.5835703,0.4164297
20878,Stayed,0.12997806,0.87002194
74400,Left,0.6200669,0.3799331
70026,Stayed,0.1121071,0.8878929
74424,Stayed,0.055892885,0.9441071
46084,Stayed,0.2760898,0.7239102
5804,Left,0.68995833,0.31004167
54818,Left,0.8342465,0.16575345
3863,Stayed,0.22731894,0.77268106
67347,Left,0.817361,0.18263897
26911,Left,0.7335752,0.2664248
71639,Stayed,0.050223887,0.9497761
67704,Left,0.7838737,0.21612632
74220,Stayed,0.022120416,0.9778796
59088,Left,0.51539016,0.48460984
5361,Stayed,0.22178835,0.77821165
57137,Stayed,0.22093171,0.7790683
54536,Stayed,0.21356702,0.786433
31879,Left,0.89649296,0.10350707
61625,Stayed,0.041177988,0.958822
28359,Stayed,0.4561286,0.5438714
20629,Left,0.984309,0.015690954
39217,Stayed,0.4953956,0.5046044
21407,Left,0.6710336,0.32896638
27710,Stayed,0.15313119,0.8468688
23142,Stayed,0.03151369,0.9684863
25691,Stayed,0.011419952,0.98858005
27583,Stayed,0.058154106,0.9418459
14075,Stayed,0.18777782,0.8122222
50843,Stayed,0.3103271,0.6896729
2181,Stayed,0.013227165,0.98677284
19603,Left,0.6191846,0.38081536
872,Stayed,0.40292746,0.59707254
49239,Left,0.585111,0.41488895
27596,Stayed,0.34925735,0.65074265
71562,Left,0.8832119,0.11678811
13437,Stayed,0.23750365,0.76249635
51644,Stayed,0.071638644,0.92836136
52035,Left,0.5803448,0.41965517
12792,Left,0.953576,0.04642399
59970,Left,0.8296962,0.17030382
43864,Stayed,0.21575773,0.7842423
47421,Stayed,0.14265257,0.8573474
53611,Stayed,0.4480524,0.5519476
73327,Stayed,0.29637778,0.7036222
62129,Left,0.83174586,0.16825412
28575,Left,0.6941695,0.3058305
30549,Stayed,0.20214176,0.79785824
65956,Stayed,0.112956405,0.8870436
54736,Left,0.51973224,0.48026773
613,Stayed,0.337061,0.662939
47967,Left,0.6154878,0.38451222
47352,Left,0.9579077,0.042092342
47770,Stayed,0.065962434,0.93403757
11714,Left,0.52930665,0.47069332
38610,Left,0.9083251,0.09167494
65475,Left,0.6330622,0.36693782
4870,Stayed,0.09228206,0.90771794
71506,Left,0.78476644,0.21523353
46185,Left,0.8089643,0.19103569
9267,Stayed,0.494812,0.505188
6527,Left,0.8215167,0.17848332
35478,Left,0.5266929,0.47330707
58291,Left,0.62247115,0.37752885
26346,Left,0.9274761,0.072523884
57271,Left,0.7471496,0.2528504
3209,Left,0.7000061,0.2999939
71993,Left,0.535071,0.464929
66712,Stayed,0.44243038,0.5575696
67744,Left,0.7289028,0.27109718
7653,Stayed,0.36690944,0.63309056
32171,Left,0.5607005,0.43929952
35915,Stayed,0.07495761,0.9250424
27860,Stayed,0.41095018,0.5890498
33220,Stayed,0.0301826,0.9698174
35784,Stayed,0.29208124,0.70791876
1183,Stayed,0.17721152,0.8227885
18503,Stayed,0.29991204,0.70008796
33916,Left,0.69722044,0.3027796
35449,Stayed,0.40435725,0.59564275
35035,Stayed,0.35978657,0.64021343
1762,Stayed,0.09986037,0.90013963
33409,Left,0.5481347,0.4518653
70670,Stayed,0.48226583,0.51773417
43490,Left,0.77650285,0.22349718
32862,Left,0.7149972,0.28500283
32660,Stayed,0.3998059,0.6001941
43551,Stayed,0.35081673,0.6491833
17597,Stayed,0.09578109,0.9042189
25140,Stayed,0.15734887,0.8426511
28432,Left,0.59734,0.40266
1818,Left,0.9016652,0.09833482
52411,Stayed,0.04673165,0.95326835
46969,Left,0.64927363,0.35072637
72206,Left,0.76994866,0.23005135
45509,Stayed,0.21823996,0.78176004
7607,Left,0.95745784,0.042542156
54475,Left,0.89827365,0.10172633
19173,Left,0.7604578,0.23954217
33839,Left,0.7218279,0.27817208
59975,Stayed,0.23412406,0.76587594
57702,Left,0.6391057,0.36089432
22474,Left,0.74824077,0.25175923
32082,Stayed,0.15731114,0.84268886
12914,Stayed,0.37304097,0.626959
20102,Stayed,0.08982855,0.91017145
24866,Left,0.5318903,0.46810973
62657,Stayed,0.20220518,0.7977948
21241,Left,0.5369545,0.46304548
36355,Left,0.68021405,0.31978592
72211,Left,0.7419372,0.25806278
10802,Left,0.9572723,0.042727735
68703,Stayed,0.31962484,0.68037516
56858,Stayed,0.06281543,0.9371846
64392,Stayed,0.4202788,0.5797212
71942,Left,0.8002157,0.19978431
40791,Stayed,0.35201615,0.64798385
40378,Stayed,0.4240877,0.5759123
51571,Left,0.85017484,0.14982514
34773,Stayed,0.30721462,0.6927854
47827,Stayed,0.08014947,0.9198505
41527,Left,0.6762471,0.32375288
2719,Stayed,0.035133302,0.9648667
66387,Stayed,0.09930903,0.900691
23296,Stayed,0.33935368,0.6606463
33394,Left,0.7194072,0.28059283
28702,Left,0.513106,0.48689398
897,Left,0.58683634,0.4131637
70331,Left,0.77133507,0.22866493
20437,Stayed,0.4036278,0.5963722
35962,Stayed,0.060753047,0.93924695
69276,Left,0.9623987,0.037601274
58616,Stayed,0.23677218,0.7632278
66601,Left,0.96085215,0.03914787
63873,Stayed,0.3676973,0.6323027
36372,Stayed,0.11545062,0.8845494
56825,Stayed,0.30041003,0.69958997
64852,Left,0.8245541,0.17544591
6002,Stayed,0.19910634,0.80089366
48830,Stayed,0.3880509,0.6119491
44546,Left,0.5973897,0.4026103
50374,Stayed,0.041400433,0.95859957
64724,Stayed,0.44791806,0.55208194
5326,Stayed,0.43913913,0.5608609
53663,Stayed,0.49597323,0.5040268
23523,Stayed,0.06868017,0.93131983
482,Left,0.6525235,0.34747648
29705,Stayed,0.10166943,0.89833057
19056,Stayed,0.36034042,0.6396596
51392,Left,0.522755,0.477245
69218,Left,0.52625334,0.4737467
71544,Left,0.61953956,0.38046044
17251,Stayed,0.47937715,0.52062285
32427,Left,0.9024134,0.097586595
17077,Left,0.8756224,0.12437762
12036,Left,0.9577117,0.04228832
64163,Left,0.7898816,0.21011841
42246,Left,0.5227522,0.47724777
7487,Stayed,0.014738619,0.9852614
16051,Stayed,0.27721912,0.7227809
53276,Left,0.88028544,0.119714536
55202,Stayed,0.060594857,0.93940514
8307,Stayed,0.4501291,0.5498709
3873,Stayed,0.22106773,0.7789323
15683,Stayed,0.17918909,0.8208109
47788,Stayed,0.19119662,0.8088034
21333,Left,0.55955386,0.4404461
223,Left,0.9381528,0.061847188
72269,Stayed,0.31230444,0.68769556
46094,Left,0.65164554,0.34835446
57405,Left,0.59894395,0.40105605
24849,Left,0.51811075,0.48188922
36212,Left,0.9736591,0.026340881
7520,Stayed,0.052231073,0.9477689
5602,Stayed,0.027629316,0.9723707
12335,Left,0.9121565,0.087843455
43480,Stayed,0.091190875,0.9088091
20155,Stayed,0.08592093,0.91407907
49882,Left,0.59632003,0.40367994
32476,Left,0.7162732,0.28372684
28857,Stayed,0.4987321,0.5012679
51913,Stayed,0.4181515,0.5818485
40217,Left,0.8166445,0.18335551
45893,Stayed,0.43060416,0.56939584
4329,Left,0.74790084,0.25209916
1679,Left,0.9332627,0.066737294
46250,Left,0.7953136,0.20468642
35927,Stayed,0.25737172,0.7426283
12190,Left,0.6245149,0.37548512
66342,Stayed,0.02193904,0.97806096
33630,Stayed,0.32537842,0.6746216
63245,Left,0.9390207,0.060979307
41001,Left,0.9530629,0.046937127
14705,Left,0.6887859,0.31121412
20073,Left,0.56469816,0.43530184
44963,Left,0.5645255,0.4354745
33490,Left,0.7937354,0.2062646
73468,Stayed,0.42371136,0.57628864
67906,Left,0.5190912,0.4809088
55291,Left,0.97079265,0.029207373
53076,Stayed,0.45381033,0.54618967
39800,Stayed,0.27251345,0.72748655
5860,Stayed,0.48127633,0.51872367
61702,Stayed,0.11041999,0.88958
6076,Left,0.8205213,0.17947872
54103,Left,0.97006005,0.029939977
47947,Stayed,0.0510239,0.9489761
50150,Stayed,0.14540577,0.85459423
53574,Stayed,0.197429,0.802571
44252,Left,0.98389393,0.016106064
20575,Stayed,0.46574986,0.53425014
67877,Stayed,0.20561808,0.7943819
60085,Stayed,0.36549544,0.63450456
3778,Left,0.9258173,0.07418271
44890,Stayed,0.035596967,0.96440303
1222,Left,0.7721174,0.22788262
69111,Stayed,0.027900398,0.9720996
12422,Stayed,0.40866476,0.59133524
41988,Stayed,0.027838469,0.97216153
71353,Stayed,0.3154096,0.6845904
21593,Left,0.76651645,0.23348354
61489,Left,0.83889693,0.16110308
43175,Stayed,0.47605085,0.52394915
33813,Left,0.6155567,0.38444328
27343,Stayed,0.49705708,0.5029429
54348,Left,0.97293216,0.027067821
57228,Left,0.5825701,0.4174299
6876,Left,0.70456326,0.29543677
31334,Left,0.57455873,0.4254413
16157,Left,0.5851014,0.41489857
28584,Left,0.6972507,0.30274928
25637,Left,0.6600435,0.33995655
52795,Stayed,0.4274174,0.5725826
28034,Left,0.64655334,0.35344666
62601,Stayed,0.047654986,0.952345
61641,Stayed,0.26035684,0.73964316
51778,Left,0.9648094,0.035190593
4249,Left,0.858629,0.14137098
34460,Stayed,0.03425145,0.96574855
23880,Left,0.6540538,0.34594622
7846,Left,0.8794817,0.12051834
55924,Stayed,0.12274498,0.877255
63394,Left,0.50017875,0.49982125
29920,Left,0.6102444,0.38975558
46378,Stayed,0.41092736,0.58907264
39003,Left,0.9593444,0.04065562
65358,Stayed,0.2947631,0.7052369
16731,Stayed,0.07489604,0.92510396
6233,Left,0.94530267,0.054697335
18505,Left,0.6981797,0.30182025
33789,Left,0.69832015,0.30167988
35677,Stayed,0.18455774,0.81544226
44115,Stayed,0.16765445,0.83234555
7719,Stayed,0.39423972,0.6057603
544,Left,0.7870159,0.21298409
50341,Stayed,0.024296045,0.97570395
7970,Stayed,0.13620675,0.86379325
65922,Left,0.6037948,0.39620516
60107,Left,0.96325254,0.036747485
809,Stayed,0.37090003,0.62909997
15727,Left,0.5037352,0.4962648
42073,Left,0.7166258,0.28337422
38367,Left,0.57475394,0.42524606
5538,Left,0.90124595,0.09875402
64804,Stayed,0.320296,0.679704
56360,Stayed,0.46305513,0.53694487
35881,Stayed,0.48857242,0.5114276
63635,Left,0.74012095,0.25987905
16040,Left,0.962731,0.03726899
44673,Left,0.7042983,0.29570168
51492,Left,0.9145257,0.08547433
35834,Left,0.70952505,0.29047495
65674,Stayed,0.14193183,0.85806817
4250,Stayed,0.1361599,0.8638401
7341,Stayed,0.4761986,0.5238014
2619,Stayed,0.120188355,0.87981164
8627,Left,0.62177825,0.37822172
64890,Stayed,0.1921745,0.8078255
65363,Left,0.670313,0.32968703
10241,Stayed,0.04135412,0.9586459
17057,Left,0.63310343,0.36689657
9662,Stayed,0.19059944,0.80940056
1466,Stayed,0.37325877,0.62674123
7666,Stayed,0.45342118,0.5465788
37643,Left,0.7882732,0.21172681
38129,Stayed,0.039379597,0.9606204
45485,Stayed,0.49898577,0.50101423
58665,Stayed,0.17942876,0.82057124
3236,Stayed,0.2528897,0.7471103
58315,Stayed,0.037187576,0.9628124
3368,Left,0.5237524,0.4762476
54904,Left,0.80623055,0.19376944
53249,Stayed,0.25129354,0.74870646
21906,Left,0.8034438,0.19655618
71895,Stayed,0.12453616,0.87546384
31936,Left,0.55359375,0.44640628
29770,Stayed,0.068130076,0.9318699
19017,Stayed,0.014124095,0.9858759
45093,Left,0.67903286,0.32096714
52337,Left,0.94780266,0.052197363
162,Stayed,0.41384333,0.58615667
59294,Left,0.8954723,0.1045277
12803,Left,0.63062984,0.36937016
57941,Stayed,0.27817255,0.72182745
54754,Stayed,0.17674237,0.8232576
71128,Stayed,0.059369385,0.9406306
5474,Left,0.93619263,0.06380736
30726,Stayed,0.13930959,0.8606904
5135,Left,0.5715848,0.4284152
57178,Stayed,0.4382574,0.5617426
37021,Left,0.63514996,0.36485
31919,Left,0.6729364,0.32706362
43293,Left,0.86668146,0.13331851
9102,Stayed,0.40232748,0.5976725
66287,Left,0.51176643,0.48823354
68190,Stayed,0.16598135,0.83401865
25797,Left,0.87505287,0.12494711
23929,Left,0.61989063,0.38010937
53204,Stayed,0.4703511,0.5296489
59925,Left,0.62396365,0.37603635
48825,Stayed,0.03599918,0.9640008
35156,Stayed,0.3951556,0.6048444
58897,Stayed,0.21639687,0.78360313
60298,Stayed,0.3994692,0.6005308
63338,Stayed,0.03983295,0.96016705
70601,Left,0.88664794,0.113352045
44336,Left,0.91019076,0.08980924
52324,Left,0.93863684,0.061363168
26923,Left,0.586692,0.41330805
14819,Left,0.62922335,0.37077665
30705,Stayed,0.020008922,0.9799911
4999,Stayed,0.4188435,0.5811565
25530,Left,0.9763849,0.023615105
33196,Left,0.6717688,0.32823125
49671,Left,0.5632773,0.4367227
50914,Left,0.6829988,0.3170012
33214,Left,0.5057269,0.49427313
48820,Stayed,0.05190468,0.9480953
12332,Left,0.5869914,0.4130086
73146,Left,0.86026657,0.13973345
14422,Left,0.9443695,0.055630483
41687,Stayed,0.021221101,0.9787789
13959,Left,0.8838609,0.1161391
36549,Left,0.5640938,0.4359062
61707,Left,0.5423319,0.45766813
45071,Left,0.9795333,0.020466676
12396,Stayed,0.07102686,0.92897314
26006,Stayed,0.43030012,0.5696999
22129,Left,0.771843,0.228157
5767,Stayed,0.49323952,0.5067605
25726,Stayed,0.452689,0.547311
7500,Stayed,0.19472235,0.80527765
40011,Stayed,0.040344834,0.95965517
46227,Left,0.7580809,0.24191909
1464,Left,0.93080205,0.06919797
69755,Left,0.510352,0.48964798
31236,Stayed,0.037550807,0.9624492
12636,Stayed,0.08881813,0.91118187
52349,Left,0.9264819,0.073518105
48274,Stayed,0.19134426,0.80865574
20309,Left,0.9665256,0.03347437
69913,Stayed,0.1469093,0.8530907
24240,Left,0.92011124,0.079888746
48620,Stayed,0.14236337,0.85763663
46321,Left,0.68768084,0.3123192
48760,Left,0.61387146,0.38612857
13401,Stayed,0.25833905,0.74166095
48220,Stayed,0.12578052,0.8742195
15928,Left,0.81076324,0.18923676
6342,Stayed,0.22369242,0.7763076
68936,Left,0.8055936,0.19440636
25537,Left,0.51927316,0.4807268
2009,Left,0.8307101,0.16928989
5301,Left,0.83727384,0.1627262
50454,Stayed,0.4804194,0.5195806
8379,Stayed,0.22779971,0.7722003
41933,Stayed,0.13350868,0.8664913
62359,Left,0.6345908,0.3654092
50205,Stayed,0.2761829,0.7238171
11077,Left,0.5913669,0.4086331
52413,Left,0.8664371,0.13356295
41441,Stayed,0.39662158,0.6033784
69322,Stayed,0.09882969,0.9011703
58538,Left,0.7789705,0.22102952
73870,Stayed,0.01759255,0.98240745
48149,Left,0.7517809,0.24821909
67887,Stayed,0.43976623,0.5602338
25087,Left,0.9514506,0.04854941
30265,Left,0.5511474,0.4488526
58729,Stayed,0.33178556,0.66821444
28506,Left,0.91680396,0.08319602
37089,Stayed,0.33459145,0.66540855
53984,Stayed,0.059045315,0.9409547
15171,Left,0.6780925,0.32190755
16542,Left,0.52284855,0.47715145
48454,Left,0.92662674,0.073373236
35126,Stayed,0.110429525,0.8895705
21042,Left,0.98318297,0.01681702
16687,Left,0.7605134,0.23948655
5454,Stayed,0.093871355,0.90612864
46712,Stayed,0.21078843,0.7892116
20301,Stayed,0.17559868,0.8244013
63467,Left,0.6947839,0.30521604
12548,Stayed,0.4472261,0.5527739
66543,Stayed,0.069877446,0.93012255
38826,Stayed,0.42133665,0.57866335
63899,Left,0.9528185,0.04718148
23840,Left,0.64047945,0.35952055
43450,Stayed,0.058495224,0.9415048
33792,Left,0.8834476,0.11655242
73037,Stayed,0.0501377,0.9498623
41449,Stayed,0.460155,0.539845
67578,Stayed,0.13514817,0.86485183
64067,Stayed,0.3650834,0.6349166
17891,Stayed,0.087965906,0.9120341
38972,Left,0.7879055,0.2120945
4816,Stayed,0.018819928,0.9811801
70837,Left,0.8029723,0.19702771
7843,Stayed,0.039667606,0.9603324
52555,Left,0.7819553,0.21804468
33699,Stayed,0.3733167,0.6266833
57274,Left,0.54193807,0.45806193
74464,Stayed,0.3045892,0.6954108
25671,Stayed,0.087641,0.912359
22689,Left,0.9864478,0.013552181
56217,Left,0.7335696,0.26643038
6195,Stayed,0.044771135,0.95522887
69409,Stayed,0.38424218,0.6157578
55913,Left,0.5615196,0.4384804
11127,Left,0.59593165,0.40406838
61495,Left,0.8543336,0.1456664
31044,Left,0.7830082,0.21699178
13317,Stayed,0.45306534,0.54693466
39489,Stayed,0.21296751,0.7870325
4990,Stayed,0.29141366,0.70858634
68292,Stayed,0.06019187,0.93980813
35205,Left,0.84972453,0.15027547
8493,Stayed,0.3534326,0.6465674
34673,Stayed,0.1257528,0.8742472
10394,Left,0.86334956,0.13665044
57127,Left,0.7014264,0.29857364
54143,Left,0.56680775,0.43319222
46399,Stayed,0.1067698,0.8932302
28125,Left,0.8508589,0.1491411
35601,Left,0.82723856,0.17276146
71893,Left,0.5478354,0.4521646
70419,Left,0.78705513,0.21294485
73638,Left,0.64317596,0.35682404
10814,Stayed,0.13842726,0.86157274
66937,Left,0.703718,0.296282
44819,Left,0.979911,0.020088954
56499,Stayed,0.14782137,0.85217863
30552,Left,0.64354455,0.35645542
40508,Left,0.8484376,0.15156241
73353,Stayed,0.060908556,0.93909144
50829,Stayed,0.39716578,0.6028342
66954,Left,0.9733309,0.0266691
33835,Left,0.52675235,0.47324765
16118,Stayed,0.28139204,0.71860796
52253,Stayed,0.066399574,0.9336004
14019,Stayed,0.28185976,0.71814024
51916,Left,0.6879987,0.3120013
14555,Stayed,0.09475708,0.9052429
25733,Stayed,0.29570633,0.70429367
52667,Stayed,0.34436852,0.6556315
60082,Left,0.84586334,0.15413664
2331,Stayed,0.31297946,0.68702054
62754,Stayed,0.15829533,0.84170467
22530,Stayed,0.2950679,0.7049321
26932,Left,0.5231563,0.4768437
53283,Left,0.64764166,0.35235834
29244,Stayed,0.33277833,0.66722167
2794,Left,0.93328494,0.066715054
36479,Left,0.63769376,0.3623062
6949,Left,0.5747125,0.42528746
72040,Stayed,0.010920107,0.9890799
1676,Stayed,0.39318264,0.60681736
29381,Left,0.7052146,0.29478535
69247,Left,0.9324443,0.06755572
40301,Stayed,0.0252254,0.9747746
34626,Stayed,0.49611086,0.50388914
15094,Left,0.92275345,0.07724654
22877,Stayed,0.48263896,0.51736104
42329,Stayed,0.027919114,0.9720809
11509,Stayed,0.21606761,0.7839324
27030,Left,0.9564379,0.04356211
8226,Left,0.84731287,0.15268713
10017,Stayed,0.37983906,0.62016094
24434,Stayed,0.4543484,0.5456516
57779,Left,0.9007336,0.09926642
45025,Stayed,0.13346303,0.866537
27060,Left,0.8376469,0.16235311
4443,Stayed,0.074121,0.925879
61277,Left,0.93741226,0.062587716
63112,Stayed,0.18391317,0.8160868
29607,Left,0.9036232,0.09637679
68396,Stayed,0.038215637,0.96178436
46893,Left,0.85692334,0.14307669
42399,Stayed,0.3141206,0.6858794
24776,Left,0.7283973,0.2716027
71499,Left,0.73252213,0.26747787
41640,Left,0.6504401,0.34955987
69473,Stayed,0.30368346,0.69631654
211,Left,0.93922436,0.060775608
11469,Left,0.7496263,0.25037372
49699,Stayed,0.089701414,0.9102986
62531,Stayed,0.052059293,0.9479407
30750,Left,0.5155518,0.4844482
10707,Stayed,0.0515489,0.9484511
54259,Stayed,0.047868848,0.95213115
45771,Stayed,0.12285066,0.87714934
48901,Stayed,0.48826724,0.51173276
45625,Stayed,0.14603233,0.85396767
25787,Stayed,0.33309788,0.6669021
36668,Left,0.79478014,0.20521988
14494,Stayed,0.12925512,0.8707449
42167,Stayed,0.28902793,0.7109721
59095,Left,0.6662053,0.33379474
67422,Stayed,0.4594965,0.5405035
66955,Stayed,0.09369117,0.9063088
34668,Stayed,0.101617575,0.8983824
19244,Stayed,0.49792522,0.5020748
59161,Left,0.50167406,0.49832597
21083,Stayed,0.21934825,0.78065175
59313,Stayed,0.48914653,0.51085347
74262,Left,0.87277865,0.12722133
48483,Left,0.9761787,0.023821287
46834,Left,0.8909317,0.10906828
42807,Stayed,0.23388064,0.76611936
17902,Stayed,0.43312073,0.5668793
13978,Left,0.857709,0.14229101
38985,Stayed,0.456172,0.543828
5678,Stayed,0.2265054,0.7734946
55862,Stayed,0.2602855,0.7397145
65004,Left,0.6747652,0.3252348
9235,Left,0.9736724,0.026327586
40661,Stayed,0.22664702,0.773353
16809,Left,0.7125774,0.2874226
10902,Left,0.7409854,0.25901458
42540,Stayed,0.21551502,0.784485
55243,Left,0.5034574,0.49654257
14488,Left,0.78909504,0.21090496
45736,Stayed,0.46940058,0.5305994
53759,Left,0.9277886,0.07221137
35236,Stayed,0.1911366,0.8088634
61013,Stayed,0.3187421,0.6812579
42330,Stayed,0.18964571,0.8103543
53533,Left,0.9827203,0.017279694
56910,Left,0.78126544,0.21873455
66116,Stayed,0.2030791,0.7969209
22768,Stayed,0.10851276,0.89148724
58640,Left,0.9129016,0.087098435
66519,Left,0.6267055,0.37329447
44158,Left,0.7688483,0.23115173
8975,Left,0.71544814,0.28455183
59505,Left,0.7152784,0.28472164
51412,Left,0.91732734,0.08267268
21422,Left,0.6037242,0.39627582
62507,Left,0.77681714,0.22318286
7030,Stayed,0.45592755,0.54407245
58120,Left,0.7886953,0.21130472
40891,Left,0.57044494,0.4295551
45499,Left,0.86521757,0.13478246
58045,Left,0.7049371,0.29506293
49474,Left,0.59885097,0.40114906
33397,Left,0.6648338,0.3351662
73860,Left,0.8878669,0.112133086
65336,Stayed,0.13914901,0.860851
65420,Stayed,0.3771544,0.6228456
345,Stayed,0.10032475,0.89967525
70149,Left,0.5826108,0.4173892
30158,Left,0.9319262,0.06807381
72678,Stayed,0.0776692,0.9223308
629,Left,0.9564042,0.043595787
12956,Stayed,0.05439794,0.94560206
36429,Stayed,0.11184406,0.88815594
9591,Left,0.9549146,0.04508539
14889,Left,0.6582824,0.34171763
23335,Stayed,0.19180524,0.80819476
11099,Stayed,0.40452778,0.5954722
21223,Stayed,0.2243067,0.7756933
2389,Left,0.7449992,0.2550008
11984,Left,0.97569877,0.024301218
27103,Left,0.7503351,0.24966487
53434,Stayed,0.2294336,0.7705664
16034,Stayed,0.044701576,0.9552984
42479,Stayed,0.20951408,0.7904859
28398,Stayed,0.2205922,0.7794078
70946,Stayed,0.17942977,0.82057023
38480,Stayed,0.33768398,0.662316
59176,Stayed,0.05523449,0.9447655
62027,Left,0.53048825,0.46951178
5842,Stayed,0.40923345,0.59076655
29332,Stayed,0.17972457,0.8202754
37990,Stayed,0.20137441,0.7986256
59207,Left,0.8971865,0.10281348
38423,Left,0.79581624,0.20418374
49865,Left,0.82420754,0.17579249
10951,Left,0.74658614,0.25341386
73222,Stayed,0.269023,0.730977
65326,Left,0.56635183,0.43364817
3565,Stayed,0.0831064,0.9168936
22510,Left,0.73087585,0.26912415
74321,Stayed,0.18678367,0.8132163
2236,Stayed,0.044599414,0.9554006
49741,Stayed,0.25225097,0.74774903
34620,Left,0.9746427,0.02535733
12929,Stayed,0.1936152,0.8063848
70448,Stayed,0.075252235,0.92474777
58077,Stayed,0.07518679,0.9248132
35275,Left,0.68422437,0.3157756
42791,Stayed,0.024472713,0.9755273
11920,Stayed,0.45651698,0.543483
56266,Left,0.718143,0.28185698
67866,Stayed,0.16728169,0.8327183
39671,Stayed,0.085992336,0.91400766
25870,Left,0.69620615,0.30379385
10406,Stayed,0.08248347,0.9175165
9058,Left,0.5454385,0.45456144
12695,Left,0.88739073,0.1126093
24383,Left,0.88485706,0.11514294
23964,Left,0.68823755,0.31176242
17148,Left,0.5844214,0.41557857
5422,Left,0.9280717,0.07192832
56770,Stayed,0.41157615,0.58842385
19271,Stayed,0.42026514,0.57973486
813,Stayed,0.36786383,0.63213617
17371,Stayed,0.25153798,0.748462
59663,Left,0.50215435,0.49784568
63491,Left,0.75386894,0.24613108
1002,Stayed,0.40516323,0.5948368
59955,Left,0.95439994,0.04560003
54592,Stayed,0.46633452,0.5336655
52013,Left,0.56783926,0.43216074
1439,Stayed,0.40117818,0.5988218
46537,Left,0.54664075,0.45335922
47871,Stayed,0.4361415,0.5638585
66470,Left,0.5075882,0.4924118
67125,Stayed,0.48980576,0.51019424
6822,Stayed,0.18334448,0.8166555
56285,Left,0.92355084,0.07644913
15751,Stayed,0.36845744,0.63154256
35956,Stayed,0.008827269,0.99117273
51237,Left,0.68059134,0.31940863
50133,Left,0.68237287,0.31762713
9456,Left,0.7054446,0.29455546
8751,Left,0.8661446,0.13385542
47023,Stayed,0.38865787,0.61134213
4093,Left,0.88802963,0.11197036
10528,Stayed,0.019908488,0.9800915
7784,Left,0.9070474,0.0929526
45136,Left,0.7109965,0.2890035
26224,Left,0.67290926,0.32709077
66686,Left,0.6206753,0.37932464
714,Left,0.7679399,0.23206006
40767,Left,0.5179468,0.48205322
52584,Stayed,0.43539286,0.56460714
72472,Left,0.84935117,0.15064886
35692,Left,0.7673658,0.2326342
61552,Stayed,0.4160546,0.5839454
61661,Left,0.9880682,0.01193178
17480,Left,0.63543665,0.36456332
16452,Left,0.64677393,0.35322607
60073,Left,0.8024434,0.19755663
58279,Left,0.9276263,0.072373666
12045,Stayed,0.18467504,0.81532496
73704,Left,0.7659554,0.23404461
4405,Left,0.90764594,0.09235408
46859,Left,0.95493716,0.045062866
73413,Stayed,0.323601,0.676399
15551,Left,0.95666766,0.043332357
18479,Stayed,0.24119043,0.75880957
73078,Stayed,0.4704191,0.5295809
49889,Left,0.7713047,0.22869526
28472,Stayed,0.09602654,0.90397346
64769,Stayed,0.3188262,0.6811738
5090,Stayed,0.45308506,0.54691494
27935,Left,0.8161154,0.1838846
2869,Stayed,0.021070004,0.97893
9412,Left,0.9643693,0.03563069
20497,Stayed,0.20553231,0.7944677
3616,Stayed,0.41177648,0.5882235
61520,Left,0.6950713,0.30492872
40764,Left,0.8616132,0.13838677
7593,Left,0.89038134,0.10961869
64555,Left,0.68751836,0.31248167
30335,Left,0.5341822,0.46581778
28459,Stayed,0.042278826,0.9577212
64968,Stayed,0.15812647,0.8418735
45828,Stayed,0.08802271,0.9119773
41708,Left,0.9661088,0.03389123
19760,Left,0.5500465,0.4499535
17421,Stayed,0.25848663,0.7415134
33467,Left,0.6036455,0.3963545
17265,Stayed,0.091356575,0.9086434
24057,Left,0.55728155,0.44271845
28679,Stayed,0.11925596,0.88074404
61086,Stayed,0.069957376,0.9300426
55063,Left,0.51443243,0.48556757
32654,Left,0.5168492,0.48315078
56120,Stayed,0.10723466,0.89276534
10222,Stayed,0.2609616,0.7390384
68017,Left,0.77082026,0.22917971
38860,Stayed,0.4277386,0.5722614
69577,Left,0.8056087,0.19439131
17349,Left,0.52058643,0.47941357
68563,Stayed,0.16365242,0.8363476
67778,Left,0.85525763,0.14474234
21178,Stayed,0.20188981,0.7981102
31206,Stayed,0.018118203,0.9818818
53514,Stayed,0.3961897,0.6038103
55639,Left,0.7680905,0.23190954
6248,Stayed,0.05795586,0.94204414
12082,Left,0.65876794,0.34123203
65428,Left,0.54266524,0.45733476
62242,Left,0.92501575,0.07498425
47268,Left,0.80956155,0.19043846
801,Left,0.875419,0.12458096
4791,Left,0.96031755,0.039682455
10592,Left,0.7926988,0.20730118
54258,Left,0.73647875,0.26352125
57692,Stayed,0.31219792,0.6878021
37238,Stayed,0.22315967,0.7768403
69766,Left,0.5649123,0.43508765
1035,Stayed,0.12890089,0.8710991
27859,Left,0.75559175,0.24440826
20439,Stayed,0.36146277,0.6385372
53813,Stayed,0.11760789,0.8823921
4616,Stayed,0.17956984,0.82043016
13505,Stayed,0.34549272,0.6545073
34964,Left,0.8864919,0.113508075
53151,Stayed,0.44716692,0.5528331
37637,Stayed,0.15939057,0.84060943
61072,Left,0.81999594,0.18000408
41057,Stayed,0.46383685,0.53616315
56091,Stayed,0.30614185,0.69385815
20914,Left,0.81919456,0.18080543
59912,Stayed,0.014573336,0.98542666
3789,Left,0.66185814,0.33814186
63223,Stayed,0.19831353,0.80168647
28685,Stayed,0.29257375,0.70742625
43329,Left,0.6269969,0.37300315
2804,Stayed,0.43150097,0.568499
26169,Stayed,0.25672764,0.74327236
45614,Left,0.63545847,0.36454153
32605,Stayed,0.05962825,0.94037175
74122,Stayed,0.3953421,0.6046579
30218,Left,0.6589288,0.3410712
30575,Left,0.77085733,0.22914267
9343,Stayed,0.1320185,0.8679815
46677,Stayed,0.058467984,0.941532
52177,Left,0.7302151,0.26978493
34990,Stayed,0.023546875,0.9764531
3979,Left,0.79527116,0.20472887
42367,Left,0.8253056,0.17469443
22038,Stayed,0.303187,0.696813
70439,Stayed,0.14994174,0.85005826
30343,Left,0.6946862,0.3053138
3936,Stayed,0.43640363,0.56359637
52227,Stayed,0.14400518,0.8559948
25830,Stayed,0.2909205,0.7090795
60415,Left,0.91181827,0.088181704
44720,Stayed,0.048074186,0.9519258
3855,Stayed,0.12868595,0.87131405
40949,Stayed,0.06805098,0.931949
14895,Left,0.9702263,0.029773694
64332,Stayed,0.21924073,0.7807593
71295,Left,0.6373488,0.3626512
57317,Stayed,0.28007936,0.71992064
3415,Stayed,0.340666,0.659334
843,Stayed,0.008024275,0.9919757
17412,Stayed,0.16423696,0.83576304
65965,Left,0.69410586,0.30589414
31274,Left,0.86518466,0.13481534
13702,Stayed,0.14657092,0.8534291
21843,Left,0.5476576,0.4523424
19305,Stayed,0.30416977,0.6958302
69948,Stayed,0.18727261,0.8127274
44034,Left,0.8058479,0.19415212
41258,Stayed,0.36592364,0.63407636
26814,Left,0.8247433,0.1752567
44341,Left,0.9418146,0.058185402
22787,Stayed,0.4749009,0.5250991
12185,Stayed,0.34233797,0.65766203
21899,Left,0.63307023,0.36692974
67177,Stayed,0.41387397,0.586126
12752,Stayed,0.15040213,0.8495979
58130,Left,0.682269,0.317731
72065,Stayed,0.30422288,0.6957771
63024,Left,0.8718231,0.12817691
55114,Stayed,0.43714297,0.56285703
32947,Stayed,0.046484172,0.9535158
25311,Stayed,0.36906797,0.63093203
68123,Stayed,0.41812646,0.58187354
38022,Stayed,0.28631562,0.7136844
36786,Stayed,0.013799548,0.98620045
44686,Stayed,0.369411,0.630589
66142,Left,0.79644555,0.20355444
58821,Left,0.59446126,0.40553874
19425,Left,0.8400316,0.15996836
66892,Stayed,0.39374447,0.60625553
64819,Stayed,0.100079775,0.8999202
22257,Stayed,0.4236958,0.5763042
49314,Stayed,0.30660135,0.69339865
31151,Stayed,0.24203455,0.75796545
674,Left,0.76174426,0.23825574
41662,Stayed,0.13111514,0.86888486
49534,Stayed,0.122831106,0.8771689
71218,Stayed,0.07780701,0.922193
18094,Stayed,0.38036186,0.61963814
54758,Left,0.90896374,0.09103624
55061,Stayed,0.45493227,0.5450677
9468,Stayed,0.4954921,0.5045079
24391,Stayed,0.23662007,0.76337993
54198,Left,0.72983646,0.2701635
33164,Stayed,0.03800839,0.9619916
38147,Stayed,0.044840753,0.95515925
20904,Left,0.8028934,0.19710657
45126,Left,0.69719183,0.3028082
18294,Stayed,0.19188625,0.80811375
48180,Stayed,0.32478005,0.67521995
50836,Left,0.8643412,0.1356588
3009,Stayed,0.07201064,0.92798936
21863,Left,0.9685166,0.03148341
15014,Left,0.6064614,0.3935386
59377,Stayed,0.08283347,0.91716653
54566,Left,0.8715434,0.12845661
66460,Left,0.96890205,0.031097932
72404,Left,0.58875203,0.41124797
16107,Stayed,0.44562912,0.5543709
2477,Left,0.9480197,0.051980294
73592,Left,0.8104164,0.1895836
65577,Left,0.59251994,0.40748006
36522,Left,0.5971465,0.40285346
36763,Stayed,0.48116833,0.5188317
46202,Left,0.5626584,0.43734154
51981,Left,0.6118231,0.3881769
52826,Stayed,0.24367708,0.7563229
56340,Left,0.639779,0.36022103
3717,Left,0.5151123,0.48488772
39298,Stayed,0.47012806,0.52987194
5789,Stayed,0.057537615,0.9424624
70528,Stayed,0.024793565,0.97520643
23820,Stayed,0.12603635,0.87396365
31034,Stayed,0.45340317,0.5465968
8312,Stayed,0.09575206,0.90424794
47066,Stayed,0.21217048,0.7878295
14464,Left,0.87431985,0.12568015
850,Stayed,0.45188266,0.54811734
50856,Stayed,0.051009536,0.94899046
63440,Left,0.8141186,0.18588135
65431,Left,0.65198624,0.34801373
17877,Left,0.67322135,0.32677862
21328,Stayed,0.32638294,0.67361706
6842,Left,0.6740273,0.3259727
6996,Left,0.61661315,0.38338682
62306,Left,0.9586857,0.041314308
63304,Stayed,0.2874323,0.7125677
44856,Stayed,0.1544531,0.8455469
55739,Left,0.9379039,0.062096108
41713,Stayed,0.07007259,0.9299274
72806,Stayed,0.047210515,0.9527895
44754,Stayed,0.33089644,0.66910356
50805,Left,0.7817645,0.21823546
52226,Stayed,0.1724149,0.8275851
10345,Stayed,0.18670577,0.81329423
22847,Left,0.5871128,0.41288722
56940,Stayed,0.16278708,0.8372129
37725,Left,0.70194554,0.29805443
8265,Stayed,0.05002123,0.94997877
60427,Stayed,0.079336286,0.9206637
33906,Stayed,0.11776817,0.88223183
66603,Left,0.9844745,0.015525535
32546,Stayed,0.16526788,0.8347321
11888,Left,0.9373254,0.06267457
37435,Stayed,0.076254904,0.9237451
2314,Left,0.6608968,0.33910322
43670,Stayed,0.078240395,0.9217596
29227,Stayed,0.12336719,0.8766328
73053,Stayed,0.17560631,0.8243937
54537,Stayed,0.01028353,0.9897165
18023,Stayed,0.24354029,0.7564597
61545,Stayed,0.21127594,0.78872406
30408,Left,0.92458355,0.075416416
28101,Stayed,0.40326172,0.5967383
56914,Stayed,0.2808208,0.7191792
30293,Stayed,0.490555,0.509445
73880,Stayed,0.4942776,0.5057224
42994,Stayed,0.11203635,0.88796365
55404,Left,0.8084122,0.19158778
17517,Left,0.693843,0.306157
21995,Left,0.6308323,0.36916772
51284,Left,0.8441499,0.15585013
15747,Left,0.5128678,0.48713222
15040,Stayed,0.165138,0.834862
35792,Stayed,0.08374387,0.9162561
30748,Stayed,0.26621878,0.7337812
58728,Stayed,0.40857756,0.59142244
24852,Left,0.9444532,0.055546816
54815,Stayed,0.06710911,0.9328909
42699,Left,0.85526264,0.1447374
471,Stayed,0.26845646,0.73154354
36388,Left,0.926582,0.073418
47095,Stayed,0.30064136,0.69935864
26830,Left,0.86382484,0.13617516
39834,Left,0.858946,0.14105396
51222,Stayed,0.19473732,0.8052627
25000,Left,0.95015144,0.04984858
6035,Left,0.6997482,0.30025178
8257,Left,0.854157,0.14584303
20541,Stayed,0.023697019,0.976303
58513,Left,0.98271084,0.017289178
27440,Stayed,0.19932991,0.8006701
42242,Stayed,0.4258145,0.5741855
60065,Stayed,0.40382814,0.59617186
68275,Left,0.5308355,0.46916446
30318,Left,0.55818665,0.44181338
31733,Left,0.5877543,0.4122457
6146,Stayed,0.012966752,0.98703325
35300,Stayed,0.47885537,0.5211446
9521,Stayed,0.46836352,0.5316365
37429,Stayed,0.2876656,0.7123344
44177,Left,0.9427942,0.057205785
5370,Stayed,0.02769792,0.9723021
29891,Left,0.51648164,0.48351833
45352,Stayed,0.46474123,0.53525877
67968,Left,0.666607,0.333393
4558,Stayed,0.36216497,0.637835
12729,Stayed,0.048757493,0.9512425
41482,Left,0.6589664,0.34103355
13601,Stayed,0.48195028,0.5180497
65595,Left,0.6338743,0.3661257
20639,Left,0.6404603,0.3595397
24546,Stayed,0.02880627,0.97119373
29711,Left,0.82933927,0.17066073
68353,Left,0.98712754,0.0128724575
1600,Left,0.79493594,0.20506407
26390,Stayed,0.017320633,0.98267937
51247,Left,0.7364864,0.26351362
25439,Stayed,0.36066735,0.63933265
25027,Left,0.85943353,0.14056648
35146,Left,0.56615084,0.43384916
48131,Left,0.6561917,0.34380832
33947,Stayed,0.0348683,0.9651317
61659,Left,0.6703528,0.3296472
26307,Left,0.81166637,0.18833363
22307,Left,0.89657587,0.10342414
68825,Stayed,0.29128474,0.70871526
73142,Stayed,0.13209307,0.8679069
17386,Stayed,0.29420865,0.70579135
63347,Stayed,0.072829664,0.92717034
4205,Stayed,0.34908223,0.65091777
30883,Left,0.8228841,0.17711593
45263,Left,0.8450486,0.1549514
32825,Stayed,0.25033426,0.74966574
71171,Stayed,0.31156015,0.68843985
60626,Left,0.86443985,0.13556014
60449,Stayed,0.17013484,0.82986516
45572,Stayed,0.39444965,0.60555035
38431,Stayed,0.48434085,0.51565915
64740,Left,0.8453043,0.15469567
33983,Stayed,0.24230295,0.75769705
21437,Left,0.866773,0.13322696
70409,Stayed,0.07450777,0.9254922
615,Left,0.78509694,0.21490304
27954,Stayed,0.09104782,0.9089522
4876,Stayed,0.4708392,0.5291608
49246,Stayed,0.11238378,0.8876162
96,Stayed,0.092428684,0.9075713
17050,Stayed,0.44116282,0.5588372
51476,Stayed,0.057904124,0.9420959
28812,Left,0.94836783,0.05163216
53348,Left,0.93925357,0.060746446
9857,Left,0.60100824,0.39899176
51394,Left,0.6991543,0.30084568
45628,Stayed,0.28647494,0.71352506
13151,Stayed,0.33527368,0.6647263
2512,Left,0.5463062,0.4536938
25829,Stayed,0.33332878,0.6666712
21936,Stayed,0.46274823,0.5372518
19177,Left,0.81143415,0.18856582
56112,Left,0.6756805,0.32431948
36033,Left,0.657838,0.342162
35769,Left,0.75677586,0.24322417
45357,Stayed,0.29820776,0.70179224
20223,Left,0.9613781,0.038621932
61722,Stayed,0.3288346,0.6711654
49668,Stayed,0.38418502,0.615815
14500,Stayed,0.40908945,0.59091055
17818,Stayed,0.21498507,0.7850149
47041,Left,0.72556704,0.27443296
42614,Left,0.7542897,0.24571031
71133,Stayed,0.34984946,0.65015054
31998,Stayed,0.009446859,0.99055314
66060,Stayed,0.47192043,0.52807957
40356,Stayed,0.3677997,0.6322003
73857,Left,0.7908673,0.20913269
281,Left,0.6404195,0.35958055
3788,Stayed,0.31145912,0.6885409
20136,Stayed,0.22997576,0.77002424
72840,Left,0.8698362,0.13016377
47122,Stayed,0.100707054,0.89929295
73423,Stayed,0.47498715,0.52501285
74446,Stayed,0.37357485,0.62642515
7878,Left,0.78606576,0.21393424
30617,Left,0.86405444,0.13594556
58703,Stayed,0.056996346,0.94300365
35616,Stayed,0.4431073,0.5568927
22975,Stayed,0.06717312,0.9328269
51328,Left,0.9495305,0.050469488
67896,Left,0.8055191,0.19448093
62951,Left,0.6914486,0.30855137
19650,Stayed,0.37151408,0.6284859
32019,Stayed,0.39851105,0.60148895
26069,Stayed,0.07514995,0.92485005
65578,Left,0.921435,0.078565024
38706,Stayed,0.008721292,0.9912787
51176,Stayed,0.39461815,0.60538185
12552,Stayed,0.19709074,0.80290926
25097,Left,0.63391626,0.36608374
51346,Stayed,0.036661744,0.96333826
58489,Left,0.65473175,0.34526828
51345,Stayed,0.032713413,0.9672866
27287,Stayed,0.13514167,0.8648583
41022,Left,0.82470006,0.17529994
59518,Stayed,0.18108559,0.8189144
30306,Stayed,0.019992292,0.9800077
19162,Left,0.8288841,0.17111586
50168,Left,0.93443835,0.06556164
73670,Left,0.66841567,0.33158433
1593,Stayed,0.358567,0.641433
71697,Left,0.75672424,0.24327578
29044,Left,0.74257517,0.25742483
19682,Left,0.70865035,0.29134965
55303,Stayed,0.07712966,0.92287034
65220,Stayed,0.43391573,0.56608427
29616,Left,0.5865439,0.4134561
9842,Left,0.96165335,0.038346633
12490,Left,0.9396153,0.060384717
53110,Stayed,0.28475255,0.71524745
73324,Stayed,0.115321696,0.8846783
6844,Left,0.5477789,0.4522211
26792,Left,0.72473466,0.27526537
39482,Stayed,0.33095956,0.66904044
32347,Stayed,0.355812,0.644188
70452,Left,0.8210659,0.17893408
32433,Stayed,0.0412544,0.9587456
47699,Stayed,0.10382879,0.8961712
29369,Stayed,0.2503534,0.7496466
60478,Stayed,0.058728278,0.9412717
38483,Left,0.55580693,0.44419307
27250,Stayed,0.028124869,0.97187513
967,Stayed,0.10810745,0.89189255
62265,Stayed,0.35288376,0.64711624
34746,Stayed,0.115914166,0.88408583
17590,Stayed,0.062173486,0.9378265
65504,Left,0.8171011,0.18289891
21370,Left,0.7101941,0.28980586
48467,Left,0.7543705,0.24562947
39330,Left,0.7537689,0.24623106
23788,Stayed,0.0541299,0.9458701
48886,Left,0.52179605,0.47820395
35595,Left,0.9068009,0.09319906
11048,Left,0.91746074,0.082539245
53189,Left,0.9260018,0.07399821
21624,Left,0.6506853,0.3493147
55489,Stayed,0.024041772,0.9759582
61949,Stayed,0.17823118,0.8217688
68943,Left,0.6712856,0.32871437
31432,Stayed,0.15352798,0.846472
37055,Stayed,0.46888983,0.53111017
20665,Left,0.5679107,0.43208933
9215,Stayed,0.018874288,0.9811257
31606,Left,0.50449944,0.49550053
5212,Left,0.89708996,0.10291007
13478,Stayed,0.15568101,0.844319
7782,Left,0.9305762,0.06942379
8551,Stayed,0.30872113,0.6912789
2329,Left,0.6761719,0.32382813
19248,Stayed,0.4355808,0.5644192
4917,Left,0.6561066,0.34389338
12458,Stayed,0.13089907,0.8691009
51606,Stayed,0.28461164,0.71538836
12061,Left,0.5723932,0.4276068
1296,Stayed,0.18067199,0.819328
41104,Stayed,0.27516323,0.72483677
25502,Stayed,0.18906248,0.8109375
62836,Left,0.5453622,0.45463783
5626,Stayed,0.46133983,0.53866017
52932,Stayed,0.011970341,0.98802966
159,Left,0.7962036,0.2037964
4626,Left,0.57021385,0.42978615
9739,Stayed,0.4879613,0.5120387
48248,Left,0.6164671,0.38353288
59350,Left,0.85595495,0.14404507
22884,Stayed,0.16407853,0.83592147
11142,Stayed,0.29861963,0.7013804
22542,Left,0.7779746,0.2220254
23336,Left,0.79033405,0.20966597
19558,Left,0.923828,0.07617201
32187,Left,0.9476348,0.05236519
37790,Stayed,0.38306016,0.61693984
17347,Left,0.8067889,0.19321108
74164,Left,0.8642169,0.13578309
9890,Stayed,0.007361412,0.9926386
12410,Left,0.5728679,0.4271321
50061,Stayed,0.25476116,0.74523884
67572,Stayed,0.19047213,0.8095279
72307,Left,0.7362628,0.26373723
28609,Stayed,0.08543557,0.91456443
2744,Stayed,0.47146565,0.52853435
47083,Stayed,0.12781042,0.8721896
8373,Left,0.8790307,0.120969325
57962,Stayed,0.48208815,0.51791185
54865,Left,0.6522262,0.3477738
23160,Left,0.6848166,0.31518337
8833,Left,0.96161133,0.03838869
21887,Left,0.86337095,0.13662906
57161,Stayed,0.32286102,0.677139
56990,Left,0.5556159,0.44438413
26138,Left,0.8533597,0.14664032
23970,Stayed,0.3432449,0.6567551
52339,Left,0.6005355,0.39946446
65979,Stayed,0.3649842,0.6350158
26970,Stayed,0.26397836,0.73602164
63252,Left,0.8020239,0.19797613
57430,Stayed,0.23646343,0.7635366
36276,Left,0.66174036,0.33825964
13020,Left,0.6464362,0.35356376
57512,Left,0.5119554,0.4880446
17156,Left,0.55098623,0.44901377
9581,Stayed,0.07701969,0.9229803
23130,Left,0.8739056,0.12609439
23698,Left,0.94084215,0.05915788
41853,Stayed,0.066547096,0.9334529
3860,Left,0.5987038,0.4012962
47044,Stayed,0.46585006,0.53414994
69129,Left,0.6452919,0.35470808
73526,Left,0.54792637,0.45207363
31693,Stayed,0.10247749,0.8975225
1599,Stayed,0.21845561,0.7815444
73797,Left,0.6877966,0.31220338
27919,Left,0.7159077,0.2840923
5658,Stayed,0.06883043,0.93116957
64862,Stayed,0.24241817,0.75758183
5639,Left,0.53723764,0.46276236
17721,Left,0.9643705,0.035629537
16188,Stayed,0.3262174,0.6737826
53192,Stayed,0.040784836,0.95921516
51816,Left,0.5033226,0.4966774
13823,Stayed,0.2032693,0.7967307
42152,Left,0.5982756,0.4017244
47800,Stayed,0.46942157,0.53057843
30292,Left,0.72540486,0.27459517
8589,Left,0.84566027,0.15433973
14577,Left,0.85058576,0.14941423
58833,Left,0.5262134,0.47378662
32452,Left,0.5600989,0.4399011
18572,Left,0.6204243,0.3795757
39467,Left,0.60557747,0.39442256
33843,Left,0.81953055,0.18046947
33016,Left,0.65613747,0.34386253
51867,Stayed,0.054103136,0.94589686
33464,Left,0.9383653,0.06163471
22933,Left,0.8264313,0.17356874
18859,Stayed,0.085995734,0.91400427
19954,Left,0.7211287,0.27887127
64344,Stayed,0.009826064,0.99017394
10352,Stayed,0.22049367,0.7795063
67019,Stayed,0.009778857,0.99022114
48122,Left,0.9528237,0.047176298
27959,Stayed,0.07023609,0.9297639
21679,Stayed,0.4175682,0.5824318
69026,Left,0.92294544,0.07705457
13722,Stayed,0.07706964,0.92293036
12773,Left,0.7163346,0.2836654
33944,Stayed,0.47386307,0.52613693
71298,Left,0.6680678,0.33193216
65413,Left,0.8102787,0.18972127
53845,Left,0.7719555,0.22804451
8937,Stayed,0.08992994,0.91007006
60276,Stayed,0.30595815,0.69404185
3503,Stayed,0.11645907,0.8835409
60995,Left,0.7164972,0.28350285
58443,Stayed,0.3710518,0.6289482
15123,Stayed,0.43074012,0.5692599
50091,Stayed,0.042105794,0.9578942
63630,Left,0.6872313,0.31276873
4587,Left,0.9680817,0.03191827
74304,Left,0.72601163,0.27398834
67138,Left,0.87714875,0.12285128
54617,Left,0.7451284,0.2548716
4661,Stayed,0.36260664,0.63739336
38669,Left,0.74286914,0.2571309
62380,Stayed,0.20630115,0.79369885
17893,Stayed,0.38343728,0.6165627
19847,Left,0.94334465,0.056655344
20348,Left,0.5690861,0.43091393
53504,Left,0.66652906,0.33347094
28954,Left,0.95857054,0.041429434
71097,Left,0.6572812,0.34271878
56474,Stayed,0.48618352,0.5138165
48722,Left,0.92598957,0.074010454
50812,Left,0.91123915,0.08876084
70605,Left,0.5079632,0.49203682
48492,Left,0.5886272,0.41137275
56040,Stayed,0.46623993,0.5337601
39491,Left,0.8890062,0.11099378
52762,Stayed,0.11146408,0.8885359
13621,Left,0.5016172,0.4983828
8619,Left,0.8350325,0.16496748
13132,Left,0.87285537,0.12714463
63585,Left,0.5295697,0.4704303
19182,Stayed,0.24639004,0.75360996
16775,Stayed,0.16955233,0.8304477
5477,Left,0.8139196,0.18608038
36711,Stayed,0.25958306,0.74041694
32943,Stayed,0.06304479,0.9369552
56722,Left,0.9740171,0.025982905
46491,Left,0.78254116,0.21745881
4725,Left,0.6048155,0.3951845
38578,Stayed,0.28537637,0.71462363
19720,Stayed,0.028430581,0.9715694
41260,Left,0.53595257,0.46404746
19186,Stayed,0.4797005,0.5202995
41087,Left,0.5998249,0.4001751
53822,Left,0.62468636,0.3753136
30310,Stayed,0.0303725,0.9696275
29339,Stayed,0.22017086,0.77982914
3646,Stayed,0.120710135,0.87928987
46379,Stayed,0.009211361,0.99078864
17596,Left,0.7623719,0.23762809
21411,Stayed,0.04630953,0.95369047
1711,Stayed,0.47964072,0.5203593
57819,Stayed,0.476296,0.523704
24382,Stayed,0.021894991,0.978105
67757,Stayed,0.4893111,0.5106889
26605,Left,0.7484386,0.25156137
11366,Left,0.9373012,0.062698774
43102,Left,0.57691586,0.4230841
4385,Left,0.7588961,0.24110392
31663,Stayed,0.3017347,0.6982653
26654,Stayed,0.34841788,0.6515821
51341,Left,0.8510688,0.14893122
26318,Stayed,0.40348643,0.59651357
65294,Left,0.5274668,0.4725332
65591,Left,0.53464276,0.46535724
51697,Stayed,0.08045912,0.9195409
37606,Stayed,0.4491583,0.5508417
73504,Stayed,0.29901254,0.70098746
16852,Left,0.6630744,0.3369256
41899,Stayed,0.49971318,0.5002868
8366,Left,0.8335029,0.16649714
73363,Stayed,0.23799199,0.762008
4421,Stayed,0.02047205,0.97952795
14304,Left,0.94052446,0.05947552
24809,Stayed,0.19730979,0.8026902
40539,Left,0.6202297,0.37977025
43333,Stayed,0.19658363,0.8034164
50588,Left,0.5229081,0.4770919
43878,Left,0.5838555,0.41614452
64109,Left,0.63202494,0.36797506
26344,Stayed,0.4930253,0.5069747
22495,Stayed,0.14086938,0.8591306
63141,Stayed,0.12278086,0.87721914
70723,Left,0.92216617,0.077833824
34280,Stayed,0.48945612,0.5105439
69476,Stayed,0.05505377,0.9449462
29915,Stayed,0.21613741,0.7838626
61231,Left,0.68417954,0.31582043
25820,Left,0.52323794,0.47676203
50264,Stayed,0.1535412,0.8464588
7985,Left,0.63676995,0.36323005
45066,Stayed,0.48138666,0.51861334
69733,Stayed,0.48047245,0.51952755
49548,Stayed,0.45046717,0.54953283
32016,Left,0.77999127,0.2200087
10035,Stayed,0.16079813,0.83920187
15348,Left,0.61845237,0.38154763
52844,Stayed,0.2941845,0.7058155
47887,Stayed,0.055020034,0.94497997
21496,Stayed,0.11956191,0.8804381
11988,Left,0.93330556,0.06669442
72000,Left,0.5442974,0.4557026
70062,Left,0.8480764,0.15192358
37916,Stayed,0.43477547,0.5652245
15491,Stayed,0.035800815,0.9641992
27482,Stayed,0.36589032,0.6341097
64013,Left,0.51178503,0.48821497
15562,Stayed,0.15752035,0.84247965
20769,Left,0.85279524,0.14720473
61514,Left,0.5599898,0.44001022
36877,Left,0.7642735,0.23572646
13472,Stayed,0.101091385,0.8989086
19264,Stayed,0.35729438,0.6427056
50745,Stayed,0.18068767,0.81931233
63749,Left,0.7983704,0.2016296
19512,Stayed,0.028283596,0.9717164
30941,Stayed,0.19105357,0.80894643
9233,Stayed,0.07813007,0.92186993
9061,Stayed,0.23797423,0.7620258
45206,Stayed,0.1448164,0.8551836
54418,Stayed,0.4033457,0.5966543
64941,Left,0.5350153,0.46498471
50233,Stayed,0.42553973,0.57446027
41351,Stayed,0.098148406,0.9018516
59455,Stayed,0.3466562,0.6533438
71493,Stayed,0.48404998,0.51595
73634,Stayed,0.08683276,0.91316724
22630,Left,0.7546305,0.2453695
11583,Stayed,0.37039858,0.6296014
10566,Stayed,0.073227406,0.9267726
40071,Stayed,0.02697593,0.9730241
52817,Left,0.80109316,0.19890682
42174,Stayed,0.33452404,0.66547596
72822,Left,0.9097209,0.090279095
3900,Left,0.9110951,0.0889049
10049,Stayed,0.08179611,0.9182039
4720,Left,0.63564694,0.36435303
43569,Left,0.6978519,0.3021481
69168,Left,0.8039973,0.19600274
7614,Stayed,0.05879879,0.9412012
13368,Left,0.83665186,0.16334815
25607,Stayed,0.11291832,0.8870817
12112,Stayed,0.32089996,0.67910004
58181,Stayed,0.230941,0.769059
13624,Stayed,0.03124392,0.9687561
58288,Stayed,0.48408705,0.51591295
509,Stayed,0.007776797,0.9922232
64241,Stayed,0.2960521,0.7039479
33245,Left,0.9053154,0.09468462
18108,Stayed,0.2590413,0.7409587
47907,Left,0.7709536,0.22904639
6349,Left,0.96789885,0.032101158
50915,Stayed,0.3024748,0.6975252
52482,Left,0.61037743,0.38962257
49763,Left,0.74770844,0.25229153
71706,Stayed,0.13924026,0.86075974
36602,Stayed,0.43016464,0.56983536
41523,Left,0.9437853,0.05621471
36457,Stayed,0.18435657,0.8156434
29028,Stayed,0.15657306,0.84342694
70316,Stayed,0.33217108,0.6678289
2820,Stayed,0.270159,0.729841
4357,Left,0.8857446,0.114255406
27801,Stayed,0.45472276,0.54527724
73424,Left,0.87254447,0.12745555
60735,Left,0.529162,0.470838
63744,Stayed,0.23009378,0.7699062
3990,Left,0.92079633,0.07920365
32950,Stayed,0.4527338,0.5472662
48312,Left,0.7069268,0.29307318
28680,Left,0.8621164,0.1378836
22723,Stayed,0.48954016,0.51045984
49755,Left,0.82678807,0.17321192
32606,Left,0.8878809,0.11211908
14882,Stayed,0.2817176,0.7182824
61059,Stayed,0.17487335,0.82512665
22478,Stayed,0.1414845,0.8585155
11130,Left,0.79497856,0.20502144
58673,Stayed,0.017576337,0.98242366
8479,Left,0.8531809,0.14681914
37301,Left,0.5207671,0.4792329
8933,Left,0.5442822,0.45571783
72512,Stayed,0.3907742,0.6092258
58863,Stayed,0.05548531,0.9445147
58781,Left,0.8077395,0.19226047
37804,Left,0.7584347,0.24156529
68756,Left,0.60962427,0.3903757
14793,Left,0.7164422,0.2835578
25165,Stayed,0.29592538,0.7040746
73563,Stayed,0.13509178,0.8649082
53386,Stayed,0.028172612,0.9718274
53666,Left,0.94045347,0.059546515
31303,Left,0.68934786,0.31065217
31581,Left,0.55924535,0.44075468
48026,Left,0.59543175,0.40456825
9352,Left,0.6076804,0.39231962
27318,Stayed,0.024068654,0.97593135
72042,Stayed,0.29718363,0.70281637
8908,Left,0.81144774,0.18855226
57920,Stayed,0.10393798,0.896062
37751,Stayed,0.30610085,0.69389915
53154,Stayed,0.06274432,0.9372557
66675,Stayed,0.4576878,0.5423122
58388,Left,0.57582426,0.42417577
68985,Stayed,0.3760484,0.6239516
68402,Stayed,0.39760345,0.60239655
52481,Stayed,0.25361884,0.74638116
11373,Left,0.5317792,0.46822077
55925,Left,0.6248065,0.3751935
7263,Stayed,0.33620703,0.66379297
13993,Stayed,0.08416408,0.9158359
27321,Left,0.8399717,0.16002826
2653,Stayed,0.4790358,0.5209642
66689,Stayed,0.061623633,0.93837637
47688,Left,0.6540797,0.3459203
12609,Stayed,0.10446316,0.89553684
11706,Left,0.9329751,0.067024894
33580,Stayed,0.30923742,0.6907626
67934,Stayed,0.18534487,0.8146551
43695,Left,0.8064888,0.19351117
39161,Left,0.848156,0.15184402
41782,Stayed,0.341644,0.658356
64962,Left,0.95574385,0.044256166
43908,Stayed,0.23681563,0.76318437
74306,Stayed,0.119947374,0.8800526
46299,Stayed,0.19914496,0.80085504
44680,Stayed,0.44919443,0.55080557
47429,Stayed,0.04240334,0.95759666
23026,Left,0.5270878,0.47291222
5217,Stayed,0.39803743,0.60196257
63036,Stayed,0.09205502,0.907945
57357,Left,0.60276747,0.3972325
21504,Left,0.552608,0.44739196
69282,Stayed,0.24550694,0.75449306
35673,Stayed,0.30333936,0.69666064
47318,Stayed,0.3849914,0.6150086
2550,Left,0.9322266,0.06777342
42759,Left,0.7838861,0.21611392
25613,Left,0.98991007,0.010089915
38533,Stayed,0.09109151,0.9089085
37864,Left,0.8055583,0.19444169
12897,Stayed,0.032633126,0.9673669
68769,Stayed,0.38540125,0.61459875
67377,Stayed,0.13492465,0.86507535
18622,Stayed,0.25821328,0.7417867
830,Left,0.7092824,0.29071763
26772,Left,0.9342877,0.06571225
51286,Stayed,0.09298861,0.9070114
18179,Stayed,0.21130991,0.7886901
52625,Left,0.87971455,0.12028544
68558,Stayed,0.07024652,0.9297535
47899,Left,0.7849602,0.2150398
72330,Left,0.73746115,0.26253885
1945,Stayed,0.10386777,0.89613223
42452,Stayed,0.19961149,0.8003885
52846,Stayed,0.103966236,0.89603376
10455,Left,0.6554053,0.3445947
54511,Left,0.9402215,0.059778508
6628,Stayed,0.05177629,0.9482237
41602,Stayed,0.07997155,0.92002845
61591,Stayed,0.090534806,0.9094652
55198,Stayed,0.09253329,0.9074667
13582,Left,0.8865013,0.11349867
19462,Stayed,0.42555803,0.57444197
70887,Left,0.59520245,0.40479752
15268,Left,0.8495487,0.15045132
29054,Left,0.72264934,0.2773507
15756,Stayed,0.44443703,0.555563
9068,Stayed,0.29672855,0.70327145
14970,Left,0.87613624,0.12386378
8882,Left,0.88426304,0.11573699
52619,Stayed,0.012479067,0.98752093
42171,Stayed,0.4324301,0.5675699
61147,Left,0.9633648,0.036635213
61799,Left,0.9106527,0.08934729
42901,Stayed,0.15845072,0.8415493
30348,Stayed,0.13542438,0.8645756
41382,Stayed,0.4137683,0.5862317
7755,Stayed,0.22271872,0.7772813
73661,Stayed,0.4207735,0.5792265
4884,Left,0.8685087,0.1314913
35535,Stayed,0.022738218,0.9772618
8007,Stayed,0.11191535,0.88808465
61324,Stayed,0.47885692,0.5211431
9633,Stayed,0.39996678,0.6000332
26331,Stayed,0.26536775,0.73463225
594,Stayed,0.36630756,0.63369244
57055,Stayed,0.084194005,0.915806
73811,Stayed,0.20894933,0.7910507
42201,Left,0.8838347,0.11616525
62328,Stayed,0.16224033,0.8377597
27655,Left,0.96843725,0.031562764
36333,Left,0.92974335,0.070256665
23379,Left,0.68865085,0.31134915
29222,Left,0.8399038,0.16009624
26219,Left,0.61950326,0.38049674
4051,Left,0.6986035,0.30139652
27260,Left,0.53533804,0.464662
24630,Left,0.7345374,0.26546258
18915,Stayed,0.22681862,0.7731814
52499,Left,0.6413108,0.3586892
17533,Left,0.9425887,0.057411335
20703,Stayed,0.11139357,0.8886064
22791,Stayed,0.29395074,0.70604926
342,Left,0.5313323,0.4686677
67134,Stayed,0.046135366,0.95386463
69986,Stayed,0.41018015,0.58981985
4892,Stayed,0.26299584,0.73700416
7683,Stayed,0.40736318,0.5926368
23786,Left,0.73624206,0.26375794
43486,Stayed,0.16081846,0.83918154
1648,Left,0.5608558,0.4391442
2531,Stayed,0.061140537,0.93885946
65917,Stayed,0.029607236,0.97039276
21996,Stayed,0.0892635,0.9107365
69361,Left,0.5313753,0.46862474
72709,Stayed,0.4207908,0.5792092
14968,Stayed,0.13866276,0.86133724
28511,Stayed,0.25389498,0.746105
43317,Stayed,0.09349489,0.9065051
11068,Stayed,0.023023546,0.97697645
10193,Stayed,0.3918903,0.6081097
9268,Stayed,0.17559493,0.8244051
43036,Left,0.75345176,0.24654822
24706,Stayed,0.039380908,0.9606191
47153,Left,0.5732966,0.4267034
59500,Stayed,0.459117,0.540883
38795,Stayed,0.3142239,0.6857761
15280,Stayed,0.13086021,0.8691398
59410,Stayed,0.07786143,0.9221386
30475,Left,0.7938824,0.20611756
37786,Left,0.8300945,0.16990547
30709,Stayed,0.2618276,0.7381724
17759,Left,0.9319116,0.06808842
45471,Stayed,0.34647876,0.65352124
12657,Stayed,0.24443108,0.7555689
58581,Left,0.65534115,0.34465885
23823,Left,0.89221084,0.10778913
57294,Left,0.8569324,0.1430676
18177,Stayed,0.24984556,0.75015444
69728,Left,0.87886834,0.121131666
63695,Stayed,0.21064353,0.78935647
65089,Stayed,0.10599053,0.8940095
64390,Left,0.50811064,0.4918894
68579,Stayed,0.4860016,0.5139984
4998,Stayed,0.37772352,0.6222765
21339,Left,0.6079684,0.3920316
26570,Left,0.78295267,0.21704732
6205,Left,0.70095736,0.29904264
43354,Left,0.61227083,0.38772914
54260,Stayed,0.18313056,0.81686944
10580,Left,0.9081245,0.09187549
18594,Left,0.6482698,0.35173026
66431,Stayed,0.11155695,0.88844305
31508,Stayed,0.17928684,0.82071316
55199,Stayed,0.044406474,0.9555935
55463,Left,0.86422575,0.13577428
63722,Left,0.67385936,0.32614067
41055,Left,0.8718587,0.12814125
64395,Left,0.69789463,0.30210537
64697,Left,0.6066841,0.39331594
29499,Stayed,0.30116862,0.6988314
25863,Left,0.5721077,0.42789233
66873,Left,0.5520264,0.44797358
71341,Left,0.6174966,0.38250336
63680,Left,0.647189,0.35281098
39895,Left,0.5116488,0.48835123
27716,Stayed,0.28949755,0.71050245
26413,Stayed,0.03391111,0.9660889
62342,Left,0.84283715,0.15716283
18912,Stayed,0.18377185,0.81622815
8290,Left,0.7674737,0.23252632
59891,Left,0.7489815,0.25101855
53836,Left,0.9348297,0.065170296
41380,Left,0.8469106,0.15308939
47174,Stayed,0.13558018,0.8644198
30005,Left,0.59547865,0.40452132
42513,Left,0.5725288,0.42747122
73546,Left,0.9116989,0.088301115
16778,Stayed,0.24391031,0.7560897
44338,Left,0.8408377,0.1591623
1415,Stayed,0.3428563,0.6571437
14443,Left,0.69935906,0.30064094
38741,Stayed,0.18880165,0.81119835
27122,Stayed,0.19235498,0.807645
34024,Stayed,0.29318053,0.7068195
3511,Stayed,0.35601407,0.6439859
47036,Left,0.5004008,0.49959925
20158,Stayed,0.2299484,0.7700516
39859,Stayed,0.03342086,0.96657914
16385,Stayed,0.09952247,0.9004775
72770,Left,0.5281942,0.47180584
43728,Stayed,0.020709634,0.97929037
9698,Stayed,0.06840414,0.93159586
31489,Left,0.9235354,0.0764646
69669,Stayed,0.0719828,0.9280172
59019,Stayed,0.018318951,0.98168105
55644,Stayed,0.19271767,0.8072823
68738,Left,0.55864465,0.44135535
38392,Stayed,0.11962116,0.88037884
29279,Left,0.7860611,0.2139389
29881,Left,0.52337986,0.47662014
45153,Left,0.76586163,0.23413835
12144,Left,0.8024101,0.19758987
10631,Left,0.95438915,0.045610826
55011,Stayed,0.26186794,0.73813206
27149,Stayed,0.12138724,0.87861276
46869,Stayed,0.14954174,0.85045826
6831,Stayed,0.19194841,0.8080516
20315,Stayed,0.3168509,0.6831491
69191,Stayed,0.20541835,0.79458165
44453,Stayed,0.10954416,0.89045584
73826,Stayed,0.041935146,0.95806485
27588,Left,0.50728077,0.49271923
50208,Left,0.73604846,0.2639515
37855,Stayed,0.03209257,0.9679074
55388,Left,0.95147985,0.048520148
36730,Stayed,0.16810763,0.8318924
41601,Stayed,0.29432344,0.70567656
28313,Left,0.6938174,0.30618262
27132,Left,0.8759251,0.12407486
64735,Stayed,0.18732601,0.812674
41237,Stayed,0.018334687,0.9816653
14484,Stayed,0.28938997,0.71061003
13006,Stayed,0.4193492,0.5806508
14356,Left,0.66034234,0.33965763
37309,Left,0.7449486,0.25505137
17731,Stayed,0.20158863,0.79841137
32044,Stayed,0.054935157,0.94506484
55419,Stayed,0.3325364,0.6674636
49234,Stayed,0.2100305,0.7899695
32140,Stayed,0.35947615,0.64052385
36014,Left,0.9420466,0.057953406
57721,Left,0.57286024,0.42713976
42024,Left,0.6007324,0.3992676
6569,Stayed,0.44113392,0.5588661
32639,Left,0.51994264,0.48005733
52696,Stayed,0.29658073,0.70341927
9854,Stayed,0.35960674,0.64039326
8459,Left,0.6941202,0.30587977
33575,Left,0.71187395,0.28812605
9827,Left,0.9613162,0.038683746
47127,Stayed,0.18654448,0.8134555
72810,Stayed,0.29403818,0.7059618
56877,Left,0.6409271,0.35907295
8655,Stayed,0.035514057,0.96448594
14122,Stayed,0.04918641,0.9508136
35627,Left,0.5325533,0.4674467
73107,Left,0.90507996,0.09492006
30877,Left,0.80964017,0.19035986
7038,Left,0.78994036,0.21005967
63129,Stayed,0.09659213,0.9034079
46460,Left,0.78426135,0.21573862
954,Stayed,0.4410621,0.5589379
70356,Stayed,0.149611,0.850389
35289,Left,0.9516331,0.048366923
35404,Left,0.5815816,0.4184184
40480,Stayed,0.17050683,0.82949317
47752,Stayed,0.29606557,0.70393443
25112,Stayed,0.12444675,0.87555325
39905,Left,0.96125853,0.038741495
43646,Stayed,0.0807147,0.9192853
56663,Stayed,0.40359318,0.5964068
66500,Stayed,0.36764467,0.63235533
36883,Left,0.9445699,0.055430118
2864,Left,0.8950701,0.10492993
19254,Left,0.8040047,0.19599527
8608,Left,0.79871565,0.20128436
26841,Stayed,0.26205003,0.73794997
1163,Stayed,0.15002269,0.8499773
64207,Stayed,0.3166461,0.6833539
56093,Stayed,0.10206622,0.8979338
2443,Left,0.9609176,0.03908242
23201,Left,0.62834525,0.37165472
70041,Stayed,0.17873698,0.821263
66307,Left,0.8448506,0.15514939
25631,Left,0.9531338,0.04686619
14096,Stayed,0.44559294,0.55440706
33165,Stayed,0.31512433,0.68487567
59237,Stayed,0.2913369,0.7086631
72865,Stayed,0.1014536,0.8985464
12359,Stayed,0.061056554,0.93894345
24580,Stayed,0.39938396,0.60061604
50507,Stayed,0.104914665,0.89508533
22878,Left,0.9444804,0.055519592
19003,Left,0.88974345,0.110256545
48192,Stayed,0.28105295,0.71894705
62021,Left,0.78801686,0.21198313
57847,Stayed,0.075561225,0.9244388
48657,Left,0.8357303,0.1642697
27937,Stayed,0.15874302,0.841257
25543,Left,0.5550525,0.4449475
40086,Stayed,0.3561386,0.6438614
10320,Stayed,0.1648503,0.8351497
58000,Stayed,0.03650582,0.9634942
24657,Left,0.50994873,0.4900513
41781,Left,0.9210353,0.0789647
8116,Stayed,0.12110466,0.87889534
11251,Stayed,0.321697,0.678303
9490,Left,0.9512665,0.04873345
9732,Stayed,0.019562006,0.980438
44821,Stayed,0.05867231,0.9413277
64438,Stayed,0.36142457,0.63857543
45219,Left,0.84744537,0.1525546
22058,Left,0.9536885,0.046311505
18428,Left,0.94589,0.054109987
12496,Left,0.7628478,0.23715225
1792,Left,0.85309273,0.14690728
45525,Stayed,0.019598663,0.98040134
8640,Left,0.6051549,0.39484516
13324,Stayed,0.401035,0.598965
7892,Stayed,0.44246995,0.55753005
21595,Left,0.8330405,0.16695952
42421,Stayed,0.071952105,0.9280479
22935,Stayed,0.02411127,0.9758887
25925,Left,0.7107049,0.2892951
17250,Left,0.6445234,0.35547662
54437,Left,0.81432927,0.18567072
52198,Stayed,0.017525613,0.9824744
10056,Left,0.8294078,0.17059219
57644,Left,0.5863636,0.4136364
71714,Stayed,0.3071708,0.6928292
56967,Stayed,0.08832115,0.91167885
9723,Stayed,0.45647776,0.54352224
57537,Stayed,0.28272164,0.71727836
24685,Left,0.9050623,0.094937675
68407,Stayed,0.2902555,0.7097445
49645,Stayed,0.48962677,0.51037323
61676,Stayed,0.32179892,0.6782011
14545,Stayed,0.2447527,0.7552473
74345,Left,0.85244703,0.147553
44643,Left,0.7373704,0.26262963
18959,Stayed,0.360901,0.639099
61001,Stayed,0.474761,0.525239
13365,Stayed,0.49327862,0.5067214
19165,Left,0.76952004,0.23047997
48279,Stayed,0.0873059,0.9126941
67004,Stayed,0.3617385,0.6382615
29101,Stayed,0.42404985,0.57595015
31899,Stayed,0.41691548,0.5830845
30645,Left,0.8363139,0.16368608
56973,Stayed,0.4734429,0.5265571
1748,Left,0.9262122,0.07378781
73828,Stayed,0.04262507,0.95737493
19555,Left,0.8997381,0.100261934
68531,Left,0.5522336,0.4477664
4089,Stayed,0.3817644,0.6182356
52274,Stayed,0.051757455,0.94824255
66192,Left,0.5252234,0.47477663
28297,Stayed,0.3940068,0.6059932
50505,Left,0.8188832,0.18111679
24339,Stayed,0.482858,0.517142
31727,Stayed,0.063859165,0.93614084
32619,Left,0.6278194,0.37218058
36046,Stayed,0.3403337,0.6596663
5673,Left,0.6298648,0.37013516
56336,Stayed,0.06752753,0.93247247
55475,Stayed,0.35646898,0.643531
58692,Left,0.71767557,0.2823244
64811,Stayed,0.026612341,0.97338766
62899,Stayed,0.19802421,0.8019758
19839,Stayed,0.36320996,0.63679004
60075,Stayed,0.24352348,0.7564765
50788,Stayed,0.3984264,0.6015736
67792,Left,0.8235743,0.1764257
62353,Left,0.8785523,0.12144765
1258,Stayed,0.04370123,0.95629877
12043,Stayed,0.33914644,0.66085356
15321,Left,0.6789576,0.32104242
579,Left,0.62376904,0.37623098
46737,Stayed,0.038500965,0.96149904
24760,Stayed,0.25294548,0.7470545
56140,Left,0.6914059,0.30859414
2519,Left,0.9235817,0.076418266
68989,Left,0.9190844,0.08091559
65725,Stayed,0.29600543,0.7039946
21191,Stayed,0.2890687,0.7109313
50351,Left,0.852557,0.14744298
36911,Stayed,0.33900034,0.66099966
66795,Left,0.62231743,0.37768254
44023,Stayed,0.4090168,0.5909832
34835,Left,0.9512692,0.048730787
22209,Stayed,0.18475991,0.8152401
66610,Stayed,0.13754058,0.8624594
5971,Stayed,0.41233218,0.5876678
52896,Stayed,0.39851546,0.60148454
1257,Left,0.9720418,0.027958188
24495,Stayed,0.46480477,0.53519523
4029,Left,0.5885834,0.4114166
45515,Stayed,0.35621452,0.6437855
23865,Stayed,0.15637141,0.8436286
32532,Stayed,0.142335,0.857665
47365,Stayed,0.429044,0.570956
37682,Left,0.53646255,0.46353748
29722,Left,0.7769299,0.2230701
22261,Stayed,0.06421089,0.9357891
25754,Left,0.9565149,0.04348513
25808,Stayed,0.39971673,0.60028327
19081,Left,0.53892636,0.46107364
2928,Stayed,0.39362478,0.6063752
38512,Left,0.97413963,0.025860392
26542,Left,0.5266273,0.47337273
7479,Stayed,0.363469,0.636531
55128,Left,0.87396145,0.12603855
32235,Stayed,0.16313386,0.83686614
9646,Left,0.96992105,0.030078942
9386,Stayed,0.037679553,0.96232045
52126,Left,0.61119604,0.388804
59127,Stayed,0.3293689,0.6706311
43851,Left,0.8473907,0.15260929
20921,Left,0.9530333,0.046966698
39751,Left,0.67291105,0.32708895
59187,Left,0.563839,0.43616098
40549,Stayed,0.067257226,0.9327428
15166,Left,0.5877799,0.41222012
29687,Left,0.96725446,0.032745544
73656,Left,0.7145176,0.28548238
53738,Left,0.65691143,0.34308857
46528,Stayed,0.41541588,0.5845841
28633,Stayed,0.2570293,0.7429707
48769,Left,0.96623474,0.033765275
31472,Left,0.7126652,0.28733477
69902,Stayed,0.36984003,0.63016
2509,Left,0.6309931,0.36900687
3796,Left,0.76294124,0.23705874
47055,Stayed,0.479132,0.520868
4574,Stayed,0.28230715,0.71769285
14753,Stayed,0.3812183,0.6187817
15392,Left,0.8748772,0.12512276
20249,Left,0.9447263,0.055273686
42315,Left,0.8354036,0.16459638
30015,Left,0.90921867,0.09078135
17463,Left,0.6570511,0.34294888
51015,Stayed,0.07884443,0.9211556
51485,Stayed,0.46523732,0.5347627
12546,Left,0.7635815,0.23641846
22476,Stayed,0.048941493,0.9510585
57830,Stayed,0.2541123,0.7458877
21048,Left,0.94517094,0.05482907
28585,Stayed,0.06587839,0.9341216
9136,Left,0.60320294,0.3967971
14155,Left,0.680769,0.31923097
16717,Left,0.82349396,0.17650606
66095,Stayed,0.39454275,0.60545725
46047,Left,0.7688705,0.23112954
37009,Stayed,0.38377917,0.61622083
21600,Left,0.8689041,0.13109587
42303,Left,0.6593974,0.34060258
16153,Stayed,0.1408332,0.8591668
52277,Stayed,0.029153407,0.9708466
49316,Left,0.53314614,0.4668539
55830,Stayed,0.3780142,0.6219858
27402,Left,0.8916999,0.10830009
19615,Stayed,0.34500378,0.6549962
15177,Left,0.71546507,0.28453493
15710,Stayed,0.37898672,0.6210133
54560,Stayed,0.042042255,0.95795774
48707,Stayed,0.35905552,0.6409445
28522,Stayed,0.21181923,0.78818077
37784,Stayed,0.23920846,0.76079154
29538,Left,0.54575175,0.45424825
1577,Left,0.5803733,0.4196267
6514,Stayed,0.040415525,0.9595845
68582,Stayed,0.44301122,0.5569888
11276,Stayed,0.1019277,0.8980723
14927,Left,0.7782181,0.22178191
38376,Left,0.79552066,0.20447934
14958,Left,0.8387779,0.1612221
62513,Left,0.944458,0.055541996
37462,Stayed,0.17918539,0.8208146
13380,Stayed,0.10201764,0.89798236
36715,Left,0.5137973,0.48620272
45553,Left,0.80700773,0.19299227
23049,Left,0.61923486,0.38076514
72871,Stayed,0.32830834,0.67169166
38113,Left,0.6873223,0.31267768
912,Left,0.9009139,0.09908611
12432,Stayed,0.048232675,0.9517673
17361,Stayed,0.3002559,0.6997441
37612,Stayed,0.44748336,0.55251664
10689,Stayed,0.44945425,0.55054575
71762,Stayed,0.4692433,0.5307567
33030,Left,0.97688425,0.023115749
31464,Stayed,0.06626105,0.93373895
46769,Stayed,0.25175297,0.748247
28407,Stayed,0.13612908,0.8638709
61619,Left,0.7477257,0.25227425
60194,Stayed,0.36961418,0.6303858
70465,Left,0.574119,0.42588106
3301,Stayed,0.45619637,0.54380363
12640,Left,0.84659266,0.15340735
41490,Stayed,0.28254426,0.71745574
63174,Left,0.68048334,0.3195167
27320,Left,0.9789204,0.021079611
7913,Stayed,0.043260932,0.95673907
33257,Left,0.91674423,0.083255775
39741,Stayed,0.34494585,0.65505415
6936,Left,0.6801068,0.31989318
9982,Left,0.95184547,0.048154507
44849,Left,0.5144564,0.48554358
12815,Left,0.93769145,0.06230852
45758,Stayed,0.20262462,0.7973754
33248,Stayed,0.48613387,0.5138661
73003,Stayed,0.4434061,0.5565939
57503,Stayed,0.42820275,0.57179725
67298,Left,0.79896486,0.20103514
42671,Stayed,0.40288866,0.59711134
25414,Stayed,0.45794207,0.54205793
16306,Left,0.5670254,0.43297455
63479,Stayed,0.18852496,0.81147504
25292,Left,0.8597475,0.1402525
39369,Left,0.8841435,0.11585652
44695,Left,0.738711,0.26128897
57262,Stayed,0.035577238,0.96442276
70679,Left,0.5720452,0.42795482
39821,Stayed,0.16101402,0.838986
6311,Left,0.9375207,0.06247931
11840,Stayed,0.06466186,0.93533814
27557,Left,0.84109926,0.15890074
61027,Stayed,0.32873195,0.67126805
30322,Stayed,0.017938077,0.9820619
13353,Left,0.8474387,0.15256128
62195,Stayed,0.09535867,0.90464133
51127,Stayed,0.06903905,0.93096095
57736,Left,0.8876353,0.11236469
18713,Left,0.7466287,0.2533713
60004,Stayed,0.31898034,0.68101966
13487,Stayed,0.101683676,0.8983163
44613,Left,0.8218285,0.1781715
543,Stayed,0.44197434,0.55802566
34597,Stayed,0.08166593,0.91833407
40647,Stayed,0.21081865,0.78918135
45320,Left,0.8216247,0.17837532
64639,Left,0.85301065,0.14698935
68998,Stayed,0.111552,0.888448
3190,Left,0.6920676,0.30793235
3171,Stayed,0.03700304,0.96299696
68189,Stayed,0.038137257,0.96186274
26566,Left,0.747955,0.25204498
49363,Stayed,0.29358512,0.7064149
50964,Stayed,0.039892077,0.9601079
41938,Stayed,0.06719011,0.9328099
61030,Stayed,0.029956639,0.97004336
59707,Stayed,0.019693613,0.9803064
11600,Left,0.60030997,0.39969003
15160,Left,0.7819923,0.21800771
40177,Stayed,0.299841,0.700159
19342,Left,0.5270163,0.47298375
19369,Stayed,0.3761556,0.6238444
44993,Stayed,0.23398566,0.76601434
59545,Stayed,0.10069263,0.89930737
12493,Left,0.5770149,0.42298508
32778,Stayed,0.017252147,0.98274785
24962,Stayed,0.1795919,0.8204081
5836,Stayed,0.4865057,0.5134943
59034,Stayed,0.012288749,0.98771125
69500,Left,0.9768809,0.023119103
28463,Stayed,0.16219324,0.83780676
30458,Left,0.84715325,0.15284675
61150,Stayed,0.076232016,0.923768
53995,Stayed,0.2615307,0.7384693
33869,Stayed,0.066021085,0.9339789
5788,Left,0.7098967,0.29010335
66851,Stayed,0.32856274,0.67143726
37599,Stayed,0.41731298,0.582687
65668,Left,0.65596354,0.34403646
29260,Stayed,0.07972103,0.92027897
22271,Left,0.89324105,0.106758945
68140,Left,0.7276244,0.27237555
10029,Left,0.5253012,0.4746988
41923,Left,0.8966367,0.10336327
37273,Stayed,0.25469106,0.74530894
24670,Stayed,0.051822603,0.9481774
46702,Stayed,0.17734694,0.82265306
67300,Left,0.53659725,0.46340278
7476,Left,0.94078404,0.05921599
66701,Left,0.9705952,0.029404834
60146,Left,0.6421891,0.3578109
64984,Stayed,0.15792567,0.84207433
48310,Stayed,0.07501352,0.9249865
40814,Stayed,0.22637099,0.773629
40175,Left,0.9373311,0.06266893
69512,Left,0.7829701,0.21702993
71143,Left,0.6313297,0.36867028
55037,Left,0.5315194,0.4684806
13216,Left,0.85882854,0.14117146
5663,Left,0.6278374,0.3721626
13321,Left,0.5527898,0.4472102
28157,Stayed,0.13682407,0.8631759
57628,Left,0.9650539,0.03494607
23496,Left,0.8760625,0.123937495
21461,Left,0.6837101,0.3162899
65110,Left,0.87265176,0.12734823
51428,Stayed,0.23578763,0.76421237
14832,Stayed,0.26004785,0.73995215
38801,Stayed,0.048454225,0.9515458
70367,Left,0.74158645,0.25841358
16459,Left,0.6121141,0.38788596
5282,Stayed,0.07918358,0.9208164
13815,Left,0.6293323,0.3706677
22397,Stayed,0.18504214,0.81495786
53288,Stayed,0.49632555,0.50367445
51191,Left,0.98302025,0.016979754
65446,Stayed,0.24872744,0.75127256
30862,Stayed,0.49191737,0.5080826
39152,Stayed,0.4376999,0.5623001
25953,Left,0.80126184,0.19873814
18939,Left,0.5096431,0.4903569
32234,Stayed,0.15714389,0.8428561
18620,Stayed,0.093117,0.906883
60952,Stayed,0.1976136,0.8023864
37521,Left,0.8794128,0.12058725
34549,Left,0.94281876,0.057181247
15807,Left,0.95810235,0.041897647
38572,Stayed,0.40545177,0.5945482
68521,Left,0.561101,0.43889898
6063,Stayed,0.3857028,0.6142972
8491,Left,0.88255966,0.117440335
70783,Left,0.9604759,0.03952408
20022,Stayed,0.3121001,0.6878999
46748,Stayed,0.48427135,0.51572865
39011,Stayed,0.028657496,0.9713425
2066,Stayed,0.099517345,0.90048265
24636,Stayed,0.04157883,0.9584212
226,Stayed,0.0250718,0.9749282
54996,Stayed,0.07442391,0.9255761
14917,Stayed,0.44512886,0.55487114
70594,Stayed,0.46732974,0.53267026
34318,Left,0.66186464,0.33813536
11182,Stayed,0.33422363,0.6657764
43007,Left,0.6140261,0.38597387
47304,Stayed,0.40394938,0.5960506
691,Stayed,0.035717785,0.9642822
67247,Left,0.63570887,0.36429113
43914,Stayed,0.38066417,0.61933583
34474,Left,0.5379097,0.4620903
61513,Stayed,0.027978241,0.97202176
24868,Left,0.6910052,0.30899483
36053,Stayed,0.35191828,0.6480817
12761,Left,0.91039616,0.08960382
53513,Stayed,0.07404035,0.92595965
33019,Stayed,0.051114082,0.9488859
47424,Stayed,0.14488834,0.85511166
58752,Stayed,0.48840892,0.5115911
45569,Left,0.50420356,0.49579644
4679,Stayed,0.33715153,0.6628485
62506,Left,0.75871754,0.24128248
40501,Left,0.525477,0.474523
20536,Left,0.91955125,0.08044873
34491,Stayed,0.37139368,0.6286063
19927,Stayed,0.13171864,0.86828136
24949,Stayed,0.4675545,0.5324455
48241,Stayed,0.42684436,0.57315564
4885,Left,0.9037013,0.09629867
19922,Stayed,0.15399784,0.84600216
31389,Left,0.55081964,0.44918033
72063,Left,0.5519083,0.4480917
17832,Left,0.68512344,0.3148766
14109,Left,0.65452635,0.34547362
70909,Stayed,0.08138907,0.91861093
56006,Stayed,0.28912598,0.710874
21288,Stayed,0.17567313,0.8243269
20620,Stayed,0.19510776,0.80489224
28655,Left,0.9411456,0.05885442
43003,Stayed,0.35598058,0.6440194
23833,Left,0.55416,0.44584
27754,Stayed,0.103304565,0.89669544
9273,Stayed,0.035663486,0.9643365
8075,Stayed,0.3946542,0.6053458
17854,Left,0.9380745,0.061925467
39484,Left,0.6191503,0.38084972
69879,Left,0.6137244,0.3862756
20965,Stayed,0.11114222,0.8888578
65513,Left,0.861284,0.13871601
56349,Left,0.9526684,0.047331557
72094,Stayed,0.45147157,0.54852843
68507,Left,0.79017854,0.20982149
22385,Stayed,0.43880934,0.56119066
14945,Left,0.5832491,0.41675094
25496,Left,0.8919995,0.10800051
38580,Left,0.7789214,0.22107857
1967,Stayed,0.31365126,0.68634874
2362,Left,0.8959067,0.10409331
51653,Stayed,0.07712591,0.9228741
24305,Left,0.7245369,0.27546313
70222,Left,0.5565487,0.44345126
72778,Left,0.8849019,0.11509811
51061,Stayed,0.41676748,0.5832325
63730,Stayed,0.026370585,0.9736294
19712,Left,0.6990042,0.3009958
38616,Stayed,0.14456165,0.85543835
31523,Stayed,0.17653942,0.8234606
27668,Stayed,0.0319404,0.9680596
4681,Stayed,0.18143421,0.8185658
71420,Left,0.57490385,0.42509612
45731,Left,0.9558692,0.044130825
61739,Left,0.8527413,0.1472587
55601,Stayed,0.4176957,0.5823043
10124,Left,0.66205066,0.33794934
65209,Left,0.8661624,0.13383761
69063,Stayed,0.41275012,0.5872499
8781,Stayed,0.24858421,0.7514158
44425,Stayed,0.025027812,0.9749722
32699,Stayed,0.046503365,0.95349663
26214,Left,0.7938105,0.20618953
10816,Stayed,0.11913967,0.8808603
49505,Left,0.7329752,0.26702482
28908,Left,0.5129666,0.48703343
40859,Stayed,0.36474627,0.6352537
1079,Stayed,0.21084595,0.78915405
73961,Stayed,0.054427803,0.9455722
39998,Stayed,0.3872881,0.6127119
58015,Stayed,0.2136975,0.7863025
56273,Left,0.8740812,0.12591879
6101,Stayed,0.31526065,0.68473935
22148,Left,0.9016637,0.098336294
49795,Left,0.9586882,0.041311827
4680,Stayed,0.04057181,0.9594282
10673,Stayed,0.32162207,0.6783779
60565,Left,0.5048958,0.4951042
40821,Stayed,0.31606853,0.68393147
7060,Left,0.8073963,0.19260372
68661,Stayed,0.391061,0.608939
48758,Left,0.6536038,0.34639624
60515,Left,0.72657263,0.27342737
20278,Stayed,0.12586713,0.8741329
5518,Left,0.57036793,0.4296321
25149,Left,0.63562524,0.3643748
59562,Stayed,0.45637482,0.5436252
6905,Left,0.74860716,0.2513928
21803,Stayed,0.09842688,0.9015731
25687,Left,0.79136556,0.20863444
12663,Left,0.5938841,0.4061159
1860,Left,0.7414727,0.25852728
16766,Stayed,0.16021639,0.8397836
68734,Left,0.9376022,0.062397774
40313,Left,0.7610719,0.23892808
48584,Stayed,0.12994975,0.87005025
41961,Left,0.8075758,0.19242421
18763,Left,0.718166,0.28183404
9756,Stayed,0.07426828,0.9257317
44422,Left,0.8059776,0.19402245
10539,Left,0.9677187,0.032281253
73173,Stayed,0.11393422,0.8860658
3618,Left,0.5021025,0.4978975
42694,Left,0.70297027,0.29702973
47395,Left,0.54613566,0.45386437
18024,Stayed,0.1939236,0.8060764
16682,Left,0.6056709,0.3943291
20061,Left,0.7987836,0.20121638
35020,Left,0.618133,0.381867
13088,Left,0.69656676,0.30343324
11116,Left,0.50909317,0.49090683
15034,Left,0.70140475,0.29859525
2852,Stayed,0.07576513,0.92423487
15487,Stayed,0.31069136,0.68930864
60479,Left,0.8711583,0.12884171
34577,Stayed,0.4101317,0.5898683
28919,Left,0.55623156,0.44376844
43143,Stayed,0.04157555,0.95842445
36248,Stayed,0.17662138,0.8233786
68438,Left,0.5016163,0.4983837
35045,Left,0.92377514,0.07622484
8009,Stayed,0.2229774,0.7770226
28933,Left,0.97274697,0.027253019
9700,Stayed,0.42820132,0.5717987
41443,Stayed,0.4444614,0.5555386
58089,Stayed,0.14965469,0.8503453
43326,Left,0.547796,0.45220396
31739,Stayed,0.26759744,0.73240256
21957,Stayed,0.16218078,0.8378192
22514,Left,0.73898554,0.2610145
20347,Left,0.8744808,0.12551922
44921,Left,0.7908004,0.2091996
12635,Stayed,0.013169289,0.9868307
71398,Stayed,0.13246924,0.86753076
3118,Stayed,0.42605627,0.57394373
73210,Left,0.54831684,0.4516832
11418,Stayed,0.23065233,0.76934767
27773,Stayed,0.050139368,0.94986063
2153,Stayed,0.4405524,0.5594476
12311,Stayed,0.43782926,0.56217074
7933,Stayed,0.46529144,0.53470856
6976,Left,0.51052666,0.48947334
49186,Left,0.9059254,0.09407459
73357,Left,0.7937256,0.20627438
61889,Left,0.9585934,0.041406553
17296,Left,0.874316,0.12568405
52688,Stayed,0.34239668,0.6576033
53699,Stayed,0.30482543,0.6951746
5315,Left,0.93111426,0.06888575
65733,Stayed,0.3292356,0.6707644
57322,Left,0.7221239,0.27787608
58363,Left,0.7435484,0.2564516
15180,Stayed,0.29664683,0.70335317
70864,Left,0.83952194,0.16047807
9088,Stayed,0.13201785,0.86798215
60853,Left,0.674615,0.32538494
55260,Stayed,0.45876515,0.54123485
11904,Stayed,0.09936547,0.9006345
74006,Left,0.67727244,0.32272756
8875,Left,0.5299396,0.4700604
8935,Left,0.7135472,0.28645274
66711,Stayed,0.31497496,0.68502504
34419,Left,0.56857455,0.43142548
15148,Left,0.72461736,0.27538267
54014,Stayed,0.22646439,0.7735356
37267,Stayed,0.34949577,0.65050423
30850,Left,0.78806865,0.21193132
69861,Left,0.92353964,0.07646036
7617,Stayed,0.15617812,0.8438219
12346,Left,0.85094035,0.14905965
27050,Stayed,0.17880774,0.82119226
57859,Stayed,0.41051275,0.58948725
6185,Left,0.7567661,0.24323393
14284,Stayed,0.32724726,0.67275274
20794,Left,0.96058965,0.039410368
64748,Left,0.8627921,0.13720791
17519,Stayed,0.48341966,0.51658034
63119,Stayed,0.118150234,0.88184977
62800,Left,0.635658,0.36434197
36417,Stayed,0.44308406,0.55691594
20256,Left,0.76626885,0.23373117
10875,Left,0.9051942,0.094805785
21418,Stayed,0.12960774,0.87039226
73585,Left,0.5660815,0.4339185
72001,Stayed,0.09269965,0.90730035
65230,Stayed,0.111781776,0.8882182
51772,Stayed,0.3458863,0.6541137
74106,Stayed,0.47102636,0.52897364
36386,Stayed,0.018101513,0.9818985
35612,Left,0.7715692,0.22843081
23194,Stayed,0.10187942,0.8981206
4094,Left,0.8342178,0.16578223
27099,Left,0.64527345,0.35472658
48042,Left,0.5614031,0.4385969
20833,Stayed,0.21813655,0.78186345
6516,Left,0.55141366,0.44858637
4690,Left,0.6553335,0.34466645
47166,Left,0.83640915,0.16359086
36319,Left,0.91125995,0.088740036
7011,Stayed,0.191266,0.808734
70819,Stayed,0.1091916,0.8908084
48105,Left,0.58222437,0.4177756
5764,Left,0.92564535,0.07435464
6214,Stayed,0.11717653,0.88282347
59371,Stayed,0.23383069,0.7661693
2516,Left,0.7048383,0.2951617
58947,Left,0.7507273,0.2492727
50636,Stayed,0.123714805,0.8762852
9936,Stayed,0.48544443,0.5145556
50247,Left,0.5642612,0.4357388
16246,Stayed,0.395662,0.604338
63214,Stayed,0.017261684,0.9827383
4245,Left,0.7829389,0.21706112
28012,Left,0.54249716,0.45750287
51330,Stayed,0.07403791,0.9259621
53641,Left,0.92872506,0.07127493
7319,Left,0.95724183,0.04275817
9397,Stayed,0.2387355,0.7612645
54336,Stayed,0.18657869,0.8134213
6651,Left,0.5368832,0.46311682
5599,Stayed,0.24809289,0.7519071
11868,Stayed,0.19942075,0.80057925
24427,Left,0.8490108,0.15098915
25717,Stayed,0.3728193,0.6271807
12482,Stayed,0.4296034,0.5703966
3864,Left,0.8414506,0.15854946
62019,Stayed,0.04054898,0.959451
20005,Left,0.8048475,0.19515252
53171,Left,0.6215867,0.3784133
74049,Stayed,0.11495274,0.88504726
1299,Stayed,0.24915147,0.75084853
54207,Stayed,0.02200216,0.97799784
8783,Stayed,0.3337617,0.6662383
16074,Left,0.8839711,0.11602888
38851,Left,0.95831734,0.04168267
48478,Stayed,0.15292406,0.84707594
3929,Left,0.52595294,0.47404706
70690,Stayed,0.4123078,0.5876922
42715,Left,0.8562684,0.14373162
32566,Stayed,0.3162874,0.6837126
47696,Stayed,0.43522727,0.5647727
29090,Left,0.6802623,0.3197377
65239,Stayed,0.44641846,0.55358154
47238,Left,0.86162317,0.13837685
21373,Stayed,0.4782865,0.5217135
13326,Left,0.73209846,0.26790157
66539,Stayed,0.3158973,0.6841027
40412,Stayed,0.26750106,0.73249894
39112,Stayed,0.41577536,0.58422464
24958,Stayed,0.24387169,0.7561283
3931,Stayed,0.48890615,0.51109385
27721,Stayed,0.055981576,0.9440184
23208,Left,0.9498702,0.05012974
11747,Left,0.68034625,0.31965378
22042,Stayed,0.4833455,0.5166545
47910,Stayed,0.17988884,0.82011116
7515,Left,0.668972,0.33102795
58829,Stayed,0.3657462,0.6342538
7183,Stayed,0.03144324,0.96855676
57972,Left,0.5311941,0.46880588
15256,Left,0.8931237,0.10687629
38051,Stayed,0.36461127,0.63538873
23723,Stayed,0.018929064,0.98107094
41701,Left,0.77755433,0.22244568
12960,Left,0.64059263,0.35940737
45288,Stayed,0.04967159,0.9503284
61960,Stayed,0.19903815,0.80096185
67341,Left,0.89136416,0.108635865
42696,Stayed,0.42027605,0.57972395
8743,Left,0.92364967,0.07635031
74375,Stayed,0.37787592,0.6221241
9223,Stayed,0.4504922,0.5495078
53123,Left,0.6297543,0.3702457
39996,Stayed,0.3907252,0.6092748
64449,Stayed,0.4899683,0.5100317
43300,Left,0.8022262,0.1977738
24281,Left,0.9328832,0.06711678
3995,Stayed,0.4169382,0.5830618
6475,Left,0.7810948,0.2189052
13427,Left,0.8540805,0.14591952
12523,Left,0.62825483,0.37174517
69695,Stayed,0.09618771,0.9038123
19771,Stayed,0.36173087,0.6382691
72377,Stayed,0.074392974,0.925607
25847,Left,0.68902934,0.3109707
49944,Stayed,0.045303285,0.9546967
53990,Stayed,0.06279081,0.9372092
5716,Left,0.5186833,0.48131666
16230,Stayed,0.45154208,0.5484579
5171,Stayed,0.30692798,0.693072
35994,Stayed,0.2828374,0.7171626
16527,Left,0.6547644,0.34523556
1442,Stayed,0.105400264,0.89459974
66966,Left,0.511508,0.48849204
64128,Stayed,0.30281758,0.6971824
5533,Stayed,0.14179844,0.85820156
44316,Left,0.6990789,0.30092105
18944,Stayed,0.29043943,0.7095606
7787,Stayed,0.41708195,0.58291805
14497,Stayed,0.24890083,0.75109917
71526,Stayed,0.35059673,0.6494033
63042,Left,0.51605797,0.483942
1349,Left,0.80276734,0.19723265
57421,Stayed,0.32733494,0.67266506
6861,Left,0.89428,0.105719976
11703,Stayed,0.21627319,0.7837268
62992,Left,0.9709763,0.029023694
73446,Left,0.5321243,0.46787575
20623,Left,0.8413745,0.15862548
50675,Stayed,0.48684156,0.51315844
9913,Stayed,0.16793978,0.8320602
49533,Stayed,0.2825839,0.7174161
59444,Left,0.61716115,0.38283888
6049,Left,0.9114636,0.088536404
43746,Stayed,0.45757008,0.5424299
17237,Left,0.6401247,0.35987535
62572,Stayed,0.17300177,0.82699823
43534,Stayed,0.13216817,0.8678318
20197,Left,0.9110754,0.08892458
22312,Left,0.8094817,0.19051832
63864,Left,0.63167596,0.368324
13095,Left,0.5057613,0.49423867
52032,Stayed,0.15960723,0.84039277
69032,Stayed,0.12510097,0.874899
37552,Left,0.880775,0.119225
5772,Left,0.9056042,0.0943958
15704,Left,0.8572755,0.14272453
32704,Left,0.7441613,0.2558387
6232,Left,0.74704534,0.25295466
11402,Stayed,0.42602706,0.57397294
11755,Left,0.557448,0.44255197
4109,Left,0.6666598,0.33334023
61842,Left,0.61677897,0.383221
27091,Left,0.56318617,0.43681383
41452,Left,0.6284259,0.3715741
27328,Stayed,0.1503371,0.8496629
36756,Left,0.9307889,0.0692111
66951,Left,0.84287566,0.15712433
9818,Left,0.9230323,0.07696771
30517,Left,0.8447344,0.15526564
21780,Left,0.9634536,0.036546398
39234,Stayed,0.1985625,0.8014375
45317,Stayed,0.1906544,0.8093456
9671,Left,0.5967928,0.40320718
44782,Stayed,0.087590516,0.9124095
1589,Left,0.52781487,0.47218513
31573,Stayed,0.37024176,0.62975824
33241,Left,0.8218762,0.17812379
22611,Left,0.74953276,0.25046724
36027,Stayed,0.3224002,0.6775998
26862,Left,0.51704407,0.4829559
9288,Left,0.9080293,0.091970675
16003,Stayed,0.2989397,0.7010603
57834,Left,0.970849,0.029151028
16337,Left,0.73603475,0.26396522
51461,Left,0.898334,0.10166596
49489,Left,0.77369285,0.22630715
7724,Left,0.76194066,0.23805933
49032,Left,0.8073555,0.1926445
14006,Stayed,0.13410825,0.86589175
74228,Stayed,0.4551342,0.5448658
53882,Left,0.7873666,0.21263339
70491,Stayed,0.45435035,0.54564965
12540,Stayed,0.3577215,0.6422785
2491,Left,0.7889993,0.2110007
56403,Stayed,0.3826806,0.6173194
5015,Left,0.54285055,0.45714945
33146,Stayed,0.16220379,0.8377962
68819,Left,0.9392799,0.06072008
17346,Left,0.91395736,0.08604261
72127,Stayed,0.35159326,0.64840674
60492,Stayed,0.0964762,0.9035238
70624,Left,0.9602932,0.0397068
65801,Left,0.918161,0.081839
32373,Stayed,0.47361898,0.526381
71367,Stayed,0.11501616,0.88498384
12075,Left,0.8291742,0.17082576
44385,Left,0.91486645,0.08513354
25332,Stayed,0.044459403,0.9555406
24255,Stayed,0.24056304,0.75943696
43896,Left,0.8757234,0.1242766
60731,Left,0.56008816,0.4399118
58783,Stayed,0.29278332,0.7072167
57763,Stayed,0.0327006,0.9672994
27369,Stayed,0.373438,0.626562
64322,Left,0.9492868,0.050713167
64144,Stayed,0.38947928,0.6105207
10685,Stayed,0.24643081,0.7535692
2747,Stayed,0.37080753,0.6291925
24458,Stayed,0.034119964,0.96588004
33931,Stayed,0.4126941,0.5873059
71168,Stayed,0.037736416,0.9622636
28111,Stayed,0.43807673,0.56192327
35446,Stayed,0.30244267,0.69755733
68198,Stayed,0.052823603,0.9471764
35040,Stayed,0.0075597763,0.9924402
13439,Stayed,0.13277674,0.86722326
61330,Left,0.8054355,0.1945645
42539,Stayed,0.057750702,0.9422493
7570,Stayed,0.09446132,0.9055387
14615,Left,0.8872544,0.1127456
14459,Stayed,0.029270351,0.97072965
23995,Left,0.7151468,0.2848532
53801,Left,0.53022337,0.46977663
60418,Left,0.5816474,0.41835263
73224,Left,0.897631,0.10236901
66510,Left,0.76772267,0.23227732
47498,Left,0.7850447,0.21495527
22658,Stayed,0.40953153,0.59046847
27722,Left,0.6455751,0.3544249
11620,Left,0.6791612,0.32083878
18938,Stayed,0.43876666,0.56123334
46039,Left,0.7055456,0.2944544
55564,Left,0.747354,0.25264603
46507,Left,0.59677625,0.40322375
5891,Left,0.7929402,0.2070598
33418,Stayed,0.4485656,0.5514344
71245,Stayed,0.44924212,0.5507579
32164,Left,0.7882532,0.21174683
42573,Stayed,0.15669906,0.84330094
55353,Stayed,0.36434197,0.635658
25141,Stayed,0.13452518,0.8654748
30716,Left,0.80540043,0.19459958
26822,Left,0.87436664,0.12563337
56410,Stayed,0.024574697,0.9754253
66029,Stayed,0.04292077,0.95707923
62744,Left,0.9113075,0.0886925
35719,Left,0.5363672,0.46363282
73026,Left,0.9394322,0.060567796
59066,Left,0.6892512,0.31074885
44800,Left,0.8969164,0.10308358
22622,Left,0.7449647,0.25503525
5712,Stayed,0.021180212,0.9788198
23091,Stayed,0.3045258,0.6954742
43922,Left,0.7236322,0.27636775
2814,Left,0.69629145,0.30370858
18727,Stayed,0.4705131,0.5294869
42007,Stayed,0.18591475,0.81408525
32595,Stayed,0.28370214,0.71629786
39778,Stayed,0.25827748,0.7417225
43621,Stayed,0.32864898,0.671351
7271,Stayed,0.32032317,0.67967683
62607,Left,0.75488657,0.24511343
52866,Stayed,0.16498327,0.8350167
46787,Left,0.9583496,0.04165042
37352,Left,0.85848135,0.14151867
54128,Stayed,0.15480494,0.84519506
22194,Stayed,0.17337066,0.82662934
14529,Stayed,0.11418873,0.88581127
72539,Stayed,0.34855318,0.6514468
59414,Left,0.55841386,0.4415861
68538,Stayed,0.37362856,0.62637144
43378,Left,0.7934282,0.2065718
4283,Left,0.7901532,0.20984681
55465,Left,0.80171686,0.19828315
17211,Stayed,0.25883186,0.74116814
69254,Stayed,0.16236764,0.83763236
70181,Left,0.86048615,0.13951382
2906,Left,0.649968,0.350032
28533,Left,0.5177971,0.4822029
23847,Left,0.6260536,0.3739464
45787,Left,0.7969272,0.20307282
45400,Stayed,0.16570246,0.83429754
6555,Stayed,0.0850575,0.9149425
8926,Left,0.63869774,0.36130223
52360,Stayed,0.3875277,0.6124723
13811,Stayed,0.1937741,0.8062259
46658,Stayed,0.17770731,0.8222927
8942,Left,0.9834542,0.016545765
69140,Left,0.72281533,0.27718467
35509,Stayed,0.41472024,0.58527976
36010,Stayed,0.4604742,0.5395258
35150,Stayed,0.32112503,0.67887497
24445,Stayed,0.19397962,0.8060204
18700,Stayed,0.4416505,0.5583495
44286,Stayed,0.25763267,0.7423673
36879,Stayed,0.39243472,0.6075653
12515,Stayed,0.4091642,0.5908358
2559,Left,0.9452839,0.054716095
47933,Stayed,0.45934153,0.5406585
4457,Stayed,0.37161893,0.6283811
56652,Left,0.6088964,0.39110366
62684,Left,0.9498572,0.0501428
59778,Stayed,0.3719954,0.6280046
9062,Stayed,0.15038109,0.8496189
2241,Left,0.90751505,0.09248493
21975,Stayed,0.24975085,0.75024915
30082,Stayed,0.31651402,0.683486
47384,Left,0.7148825,0.28511754
14922,Left,0.80030453,0.19969544
34888,Stayed,0.48393893,0.51606107
58841,Left,0.8007713,0.19922872
33114,Left,0.8570434,0.14295661
25254,Stayed,0.35212183,0.64787817
6085,Left,0.6680858,0.33191422
40580,Left,0.5494523,0.45054767
18857,Left,0.7573795,0.24262054
56469,Left,0.53407604,0.46592396
24165,Stayed,0.24645984,0.75354016
10905,Stayed,0.37711054,0.62288946
1898,Stayed,0.27425206,0.72574794
29011,Stayed,0.21425444,0.78574556
64572,Left,0.9640771,0.03592286
73801,Stayed,0.035528243,0.96447176
18564,Stayed,0.24974072,0.7502593
36250,Left,0.6419357,0.35806432
40208,Stayed,0.46123374,0.53876626
60226,Stayed,0.0987792,0.9012208
38662,Stayed,0.041730344,0.95826966
61683,Left,0.81353354,0.18646647
42348,Left,0.84097266,0.15902732
35039,Stayed,0.40072602,0.599274
39437,Stayed,0.35002232,0.6499777
11078,Stayed,0.10620183,0.8937982
47785,Stayed,0.06322503,0.93677497
22368,Stayed,0.083177745,0.91682225
31455,Left,0.7349958,0.26500422
50955,Stayed,0.045045912,0.9549541
43750,Stayed,0.073453605,0.9265464
23593,Stayed,0.07947469,0.9205253
22002,Stayed,0.45986563,0.5401344
42527,Stayed,0.37683016,0.62316984
56692,Stayed,0.40267545,0.59732455
1323,Left,0.58387077,0.41612926
34859,Stayed,0.026135802,0.9738642
19768,Stayed,0.21272391,0.7872761
9992,Left,0.7470961,0.25290388
13111,Stayed,0.06161672,0.9383833
29009,Left,0.7861996,0.21380039
29285,Stayed,0.14208502,0.857915
43854,Stayed,0.26681006,0.73318994
35131,Left,0.6987767,0.30122325
66957,Left,0.6694958,0.33050415
58767,Stayed,0.40773183,0.59226817
5999,Stayed,0.105760396,0.8942396
3219,Left,0.97998375,0.02001626
57369,Left,0.91683793,0.08316204
70781,Left,0.60480225,0.39519772
33138,Stayed,0.4252125,0.5747875
69421,Stayed,0.17347866,0.82652134
34638,Stayed,0.030071974,0.969928
24970,Left,0.6842102,0.31578982
7516,Stayed,0.15029508,0.8497049
63901,Left,0.86659,0.13340999
39261,Left,0.8501887,0.14981134
35120,Stayed,0.48977703,0.510223
35090,Left,0.6409619,0.3590381
58636,Left,0.7151715,0.28482848
54662,Stayed,0.051545143,0.94845486
11500,Stayed,0.14738673,0.8526133
66695,Left,0.6080048,0.39199516
74324,Left,0.50898266,0.49101734
18110,Left,0.6452404,0.35475954
27846,Stayed,0.31040853,0.68959147
13564,Left,0.7329097,0.2670903
60716,Left,0.9765539,0.023446094
49276,Stayed,0.16861594,0.83138406
9195,Left,0.933769,0.06623104
38883,Left,0.8595804,0.14041962
61776,Stayed,0.42402875,0.57597125
9255,Stayed,0.28842402,0.711576
31562,Left,0.5443847,0.4556153
56604,Left,0.55749035,0.44250968
57128,Left,0.95986104,0.04013894
43967,Left,0.72918904,0.270811
15813,Stayed,0.34537655,0.65462345
68714,Left,0.50514543,0.4948546
69850,Left,0.8469142,0.15308586
27712,Stayed,0.4687733,0.5312267
38448,Left,0.8498161,0.1501839
13717,Left,0.8527768,0.14722317
17618,Left,0.92435443,0.075645596
53502,Left,0.63687515,0.36312485
35850,Stayed,0.2614581,0.7385419
8229,Left,0.69168735,0.30831265
62928,Left,0.68360627,0.31639373
52828,Left,0.58988315,0.41011685
28625,Stayed,0.33581913,0.6641809
59641,Stayed,0.45783925,0.54216075
43366,Stayed,0.17632931,0.8236707
22601,Stayed,0.0252015,0.9747985
48817,Stayed,0.33937484,0.66062516
68868,Stayed,0.0386011,0.9613989
18904,Left,0.84955585,0.15044412
49015,Left,0.61264014,0.38735983
53868,Stayed,0.14452171,0.8554783
41945,Stayed,0.30523258,0.6947674
63959,Left,0.9052345,0.09476549
65980,Stayed,0.13600433,0.8639957
64456,Stayed,0.2735296,0.7264704
26116,Stayed,0.08054423,0.91945577
2056,Stayed,0.16052026,0.83947974
36530,Left,0.7525948,0.2474052
9819,Left,0.6813837,0.3186163
45474,Stayed,0.01263392,0.9873661
71204,Left,0.6264974,0.3735026
31092,Stayed,0.03501731,0.9649827
6940,Stayed,0.36000896,0.63999104
67131,Stayed,0.32723176,0.67276824
43056,Stayed,0.016615033,0.98338497
44933,Left,0.7454668,0.25453314
58634,Stayed,0.26511347,0.7348865
38528,Left,0.6097425,0.39025745
9101,Stayed,0.047110856,0.95288914
50271,Left,0.60812914,0.39187086
64038,Stayed,0.31162703,0.68837297
45904,Stayed,0.490247,0.509753
2182,Stayed,0.16734844,0.83265156
67609,Left,0.95908993,0.04091004
73371,Stayed,0.2005037,0.7994963
23882,Left,0.9445664,0.055433564
66782,Stayed,0.22621214,0.77378786
70689,Stayed,0.18845469,0.8115453
44219,Left,0.8485612,0.15143879
73291,Stayed,0.051506996,0.948493
1812,Stayed,0.11803436,0.88196564
54256,Stayed,0.05513978,0.9448602
24739,Stayed,0.27903754,0.72096246
50749,Left,0.6299211,0.37007895
19367,Stayed,0.02925706,0.97074294
49807,Left,0.8285622,0.17143781
71647,Stayed,0.11229032,0.8877097
71,Left,0.5511953,0.44880468
16936,Left,0.64482164,0.35517836
26785,Stayed,0.36870068,0.6312993
74081,Stayed,0.2609458,0.7390542
64770,Stayed,0.28278804,0.71721196
3733,Stayed,0.18819314,0.81180686
11388,Stayed,0.14501363,0.85498637
45869,Left,0.9673379,0.032662082
9939,Stayed,0.44456238,0.5554376
53577,Stayed,0.3218404,0.6781596
33473,Stayed,0.05929154,0.94070846
41083,Stayed,0.44966406,0.55033594
20771,Left,0.88346106,0.11653893
18458,Left,0.7816212,0.21837881
55274,Stayed,0.4629439,0.5370561
22021,Stayed,0.37906134,0.62093866
26625,Stayed,0.17551118,0.8244888
72226,Stayed,0.24401748,0.7559825
9754,Left,0.8972481,0.102751926
69490,Left,0.88450706,0.115492955
44735,Left,0.7030674,0.29693258
19803,Left,0.52816826,0.47183174
50738,Stayed,0.16453868,0.8354613
59314,Left,0.7666564,0.23334357
32103,Stayed,0.25754517,0.7424548
564,Stayed,0.15027237,0.84972763
52373,Stayed,0.45652264,0.54347736
29824,Left,0.9696562,0.030343797
63432,Stayed,0.21453774,0.78546226
39691,Stayed,0.36323452,0.6367655
5529,Stayed,0.050798535,0.94920146
64295,Left,0.70247936,0.29752064
66412,Left,0.51853216,0.4814678
3176,Stayed,0.14105844,0.85894156
56512,Stayed,0.03554511,0.9644549
58971,Stayed,0.418388,0.581612
35701,Left,0.8161955,0.1838045
71573,Stayed,0.32095975,0.67904025
49292,Stayed,0.07099259,0.9290074
66608,Left,0.55051637,0.44948363
26003,Left,0.6286969,0.37130305
16410,Left,0.855668,0.144332
57810,Stayed,0.24440247,0.75559753
15533,Stayed,0.4953457,0.5046543
32631,Stayed,0.27490383,0.72509617
43874,Stayed,0.42909092,0.5709091
72054,Left,0.7796709,0.22032912
22411,Stayed,0.047127128,0.9528729
5163,Left,0.8515333,0.14846669
18521,Left,0.8160829,0.1839171
48843,Left,0.60135764,0.39864236
66638,Stayed,0.1677978,0.8322022
16267,Stayed,0.28156722,0.7184328
10571,Left,0.933321,0.06667898
18634,Stayed,0.09379858,0.9062014
52123,Left,0.62490416,0.3750958
60269,Stayed,0.34213042,0.6578696
46394,Left,0.61464274,0.38535726
20280,Left,0.7346295,0.2653705
63976,Stayed,0.113756835,0.88624316
67639,Left,0.9036149,0.096385114
12242,Stayed,0.28328675,0.71671325
2332,Stayed,0.20017451,0.7998255
68980,Left,0.82379425,0.17620578
24493,Stayed,0.290236,0.709764
53293,Stayed,0.14131492,0.8586851
25012,Stayed,0.2698776,0.7301224
53402,Left,0.5455146,0.45448542
17404,Left,0.66474676,0.3352532
16277,Left,0.68657494,0.31342506
46509,Stayed,0.46727198,0.532728
7316,Left,0.85835195,0.14164807
53505,Left,0.50909936,0.49090064
30426,Left,0.70200366,0.29799634
64813,Left,0.5108569,0.48914307
65563,Stayed,0.45687044,0.54312956
33188,Stayed,0.19746423,0.8025358
15890,Left,0.74328315,0.25671688
10033,Stayed,0.13148236,0.86851764
56730,Stayed,0.039167166,0.96083283
29652,Left,0.52572584,0.47427413
17653,Left,0.5059494,0.49405062
69126,Stayed,0.29942906,0.70057094
4570,Left,0.6430113,0.35698873
33262,Stayed,0.05674672,0.9432533
2617,Left,0.8174816,0.18251842
25926,Stayed,0.012812972,0.987187
7412,Left,0.7522814,0.24771854
31406,Left,0.6698507,0.3301493
12204,Left,0.9095419,0.090458095
20454,Stayed,0.21049792,0.7895021
44818,Stayed,0.21479231,0.7852077
42205,Left,0.7696257,0.23037429
16802,Left,0.57230103,0.42769894
22550,Stayed,0.040697753,0.95930225
42516,Left,0.5349938,0.46500617
22009,Left,0.5107684,0.48923162
51032,Stayed,0.2055068,0.7944932
20083,Stayed,0.115457654,0.88454235
41893,Left,0.6518693,0.3481307
1690,Stayed,0.18459761,0.8154024
56186,Left,0.7867975,0.2132025
17234,Stayed,0.31473243,0.68526757
4819,Stayed,0.3309483,0.6690517
6676,Stayed,0.01824379,0.9817562
8726,Stayed,0.47355092,0.5264491
73372,Stayed,0.39568627,0.60431373
44147,Stayed,0.30161315,0.69838685
11308,Left,0.6830561,0.3169439
63558,Stayed,0.0071258545,0.99287415
5173,Left,0.73325056,0.26674944
26480,Stayed,0.28062904,0.71937096
23211,Left,0.56825817,0.43174186
63554,Stayed,0.25909472,0.7409053
41585,Stayed,0.36850148,0.6314985
45147,Left,0.6840754,0.31592458
43139,Stayed,0.04713142,0.9528686
22041,Stayed,0.106301606,0.8936984
25968,Stayed,0.07196218,0.9280378
4529,Left,0.5114126,0.4885874
30579,Stayed,0.2713793,0.7286207
67776,Left,0.50584877,0.4941512
39950,Stayed,0.36533397,0.634666
43582,Left,0.9783568,0.021643208
61028,Stayed,0.3173614,0.6826386
31598,Stayed,0.13606894,0.86393106
68906,Left,0.8698763,0.13012366
67779,Stayed,0.05113846,0.94886154
36083,Stayed,0.17571259,0.8242874
39749,Stayed,0.046370804,0.9536292
58624,Left,0.96433866,0.03566133
586,Left,0.6635849,0.3364151
62804,Left,0.66090536,0.33909464
25984,Stayed,0.14472687,0.8552731
8531,Left,0.78945345,0.21054654
37091,Left,0.5436121,0.45638788
39513,Stayed,0.1012975,0.8987025
64706,Stayed,0.111528814,0.8884712
54114,Left,0.7490394,0.2509606
19731,Stayed,0.2536416,0.7463584
22040,Left,0.7050623,0.29493767
4040,Stayed,0.14770895,0.85229105
28316,Left,0.55199724,0.44800276
995,Stayed,0.412544,0.587456
64142,Stayed,0.06307447,0.93692553
65173,Stayed,0.18580383,0.81419617
51352,Stayed,0.49912637,0.5008736
53691,Left,0.98161286,0.018387118
34779,Left,0.7482518,0.25174817
45401,Left,0.7183689,0.28163108
35190,Left,0.91132164,0.08867838
7564,Left,0.82229316,0.17770685
25544,Stayed,0.11461377,0.8853862
29069,Stayed,0.4213304,0.5786696
1190,Stayed,0.23766345,0.76233655
12692,Stayed,0.38658965,0.61341035
1194,Left,0.6245554,0.3754446
66348,Left,0.93126994,0.06873007
21634,Left,0.8408437,0.15915634
25784,Stayed,0.26888108,0.7311189
49235,Left,0.81152,0.18848002
63114,Left,0.78113127,0.21886873
2266,Stayed,0.055494905,0.9445051
52603,Stayed,0.2874362,0.7125638
48272,Stayed,0.25361836,0.74638164
73296,Stayed,0.079046726,0.9209533
15244,Stayed,0.037658572,0.9623414
56627,Left,0.6843483,0.3156517
56330,Stayed,0.49395943,0.5060406
29183,Left,0.61584663,0.38415334
28362,Left,0.7049347,0.29506528
73093,Stayed,0.06953752,0.9304625
36272,Stayed,0.40404463,0.5959554
37736,Left,0.91577667,0.08422333
28786,Left,0.74651283,0.25348717
20893,Stayed,0.22809291,0.7719071
9978,Stayed,0.1353131,0.8646869
6273,Left,0.9378427,0.062157284
56955,Stayed,0.4759143,0.5240857
68731,Left,0.6053653,0.39463472
67733,Stayed,0.40128517,0.5987148
49556,Left,0.85143936,0.14856063
72639,Stayed,0.3954326,0.6045674
35073,Left,0.87166953,0.12833048
23767,Stayed,0.37974536,0.62025464
51228,Left,0.61523867,0.3847613
3947,Left,0.64778984,0.35221016
38341,Stayed,0.10908735,0.89091265
9448,Stayed,0.04761535,0.95238465
379,Stayed,0.037845135,0.96215487
44579,Stayed,0.3017137,0.6982863
72845,Left,0.7824467,0.2175533
43648,Stayed,0.07763207,0.92236793
16823,Left,0.536125,0.463875
9332,Stayed,0.022424102,0.9775759
1624,Left,0.8952949,0.10470512
18780,Stayed,0.42675918,0.5732408
53963,Stayed,0.36143994,0.63856006
18011,Stayed,0.42332524,0.57667476
43295,Left,0.5966425,0.4033575
39355,Left,0.6857259,0.31427404
28159,Stayed,0.215402,0.784598
32128,Left,0.9702889,0.029711116
26097,Left,0.78393924,0.21606076
42004,Left,0.9544003,0.045599703
57211,Left,0.60597813,0.39402187
50693,Stayed,0.3439448,0.6560552
72772,Stayed,0.044699073,0.9553009
46870,Stayed,0.051765263,0.94823474
53160,Left,0.5460251,0.4539749
37371,Left,0.7031735,0.29682645
19439,Left,0.76876974,0.23123027
67538,Left,0.56568384,0.43431616
25772,Stayed,0.4095449,0.5904551
48831,Stayed,0.12740904,0.87259096
57556,Stayed,0.4914518,0.5085482
48452,Left,0.6429676,0.35703245
19989,Stayed,0.18967581,0.8103242
39350,Left,0.6118869,0.38811308
47557,Stayed,0.27916622,0.7208338
52448,Stayed,0.07678628,0.9232137
39371,Stayed,0.17000961,0.8299904
3941,Stayed,0.37710714,0.62289286
55003,Left,0.90595627,0.094043754
33178,Left,0.867641,0.13235903
16345,Stayed,0.36733162,0.6326684
36210,Stayed,0.10419577,0.8958042
53653,Stayed,0.24690181,0.7530982
8711,Left,0.73163736,0.2683626
29842,Left,0.9012773,0.098722704
29628,Left,0.9102785,0.08972149
39276,Stayed,0.3272285,0.6727715
37484,Stayed,0.06511825,0.93488175
25261,Left,0.82443136,0.17556863
70303,Left,0.56685984,0.43314016
21383,Stayed,0.21606463,0.78393537
42290,Left,0.95655036,0.04344965
24984,Left,0.72032356,0.27967644
55701,Left,0.76978225,0.23021775
55145,Left,0.83746624,0.16253373
1122,Left,0.66644526,0.33355474
32124,Stayed,0.069998205,0.9300018
4197,Left,0.5567602,0.44323978
53849,Stayed,0.38222802,0.617772
26865,Stayed,0.09302354,0.90697646
65900,Left,0.83107114,0.16892889
32462,Stayed,0.09784889,0.9021511
65105,Left,0.63688445,0.36311552
42878,Stayed,0.44814444,0.55185556
72753,Left,0.5009119,0.4990881
36025,Left,0.91623247,0.08376752
1001,Stayed,0.47451323,0.52548677
60538,Stayed,0.48281717,0.5171828
36826,Stayed,0.027336955,0.97266304
42031,Left,0.6091413,0.3908587
34686,Stayed,0.3259027,0.6740973
63291,Stayed,0.44773233,0.5522677
57312,Stayed,0.32193798,0.678062
41590,Left,0.70804703,0.291953
62367,Left,0.7546642,0.2453358
55222,Stayed,0.4117543,0.5882457
20819,Left,0.97623783,0.023762165
42450,Stayed,0.030436754,0.96956325
50466,Stayed,0.47612095,0.52387905
65693,Stayed,0.45501208,0.5449879
67057,Left,0.79352784,0.20647219
47586,Left,0.68783116,0.31216884
48728,Left,0.80338633,0.19661367
51649,Stayed,0.095443845,0.90455616
48410,Left,0.7666518,0.23334819
65825,Stayed,0.45755243,0.54244757
69976,Stayed,0.15509814,0.84490186
41117,Stayed,0.05202663,0.9479734
43283,Stayed,0.3720687,0.6279313
67869,Stayed,0.32397133,0.67602867
59466,Left,0.5392916,0.4607084
13421,Stayed,0.44569355,0.55430645
62398,Left,0.62594616,0.37405387
4531,Left,0.8300812,0.16991878
72209,Left,0.94602543,0.053974573
41016,Left,0.73747873,0.26252127
781,Stayed,0.34209853,0.65790147
69647,Stayed,0.11774123,0.8822588
43930,Left,0.56576633,0.43423364
17861,Left,0.6021217,0.39787826
53994,Stayed,0.05620259,0.9437974
49744,Stayed,0.41857386,0.58142614
52904,Stayed,0.28594238,0.7140576
22529,Left,0.7115401,0.2884599
16358,Stayed,0.16998875,0.83001125
4365,Left,0.9322122,0.06778783
55034,Left,0.9058606,0.094139375
32666,Left,0.93805116,0.06194882
64444,Left,0.80182433,0.19817565
74441,Left,0.81643367,0.18356636
681,Stayed,0.10733467,0.8926653
10895,Stayed,0.046711087,0.9532889
9502,Stayed,0.22995174,0.77004826
48350,Stayed,0.1113354,0.8886646
67954,Stayed,0.34340096,0.65659904
12065,Stayed,0.16259277,0.83740723
36616,Stayed,0.4421929,0.5578071
33963,Left,0.84649515,0.15350483
74021,Left,0.9376965,0.062303506
45990,Stayed,0.09597969,0.9040203
5733,Stayed,0.23981303,0.760187
24746,Left,0.575878,0.42412195
30595,Left,0.56271714,0.43728286
3221,Stayed,0.40708506,0.59291494
34442,Stayed,0.06858969,0.9314103
7484,Left,0.75384134,0.24615864
15645,Stayed,0.39377922,0.6062208
46591,Left,0.64252806,0.35747194
35967,Left,0.8186586,0.1813414
51930,Stayed,0.045374095,0.9546259
21162,Left,0.5327252,0.46727476
64749,Stayed,0.09577173,0.90422827
10362,Left,0.6818959,0.3181041
6673,Stayed,0.04835123,0.9516488
11307,Left,0.8153272,0.18467279
51939,Stayed,0.08073032,0.9192697
25034,Left,0.98203564,0.017964376
29647,Left,0.64721465,0.35278538
60474,Left,0.6576109,0.34238914
52864,Stayed,0.105804324,0.8941957
71005,Stayed,0.36332202,0.636678
28922,Stayed,0.0073925257,0.9926075
34105,Left,0.816464,0.18353598
8936,Left,0.6295889,0.3704111
25690,Left,0.5475688,0.45243117
37795,Stayed,0.082316935,0.91768306
48334,Stayed,0.08923662,0.9107634
34420,Left,0.8736002,0.1263998
35684,Left,0.98086625,0.019133762
2142,Stayed,0.2583629,0.7416371
26608,Left,0.8289528,0.1710472
39321,Left,0.6379691,0.36203092
13926,Left,0.7766118,0.22338821
24440,Left,0.8858707,0.11412933
45793,Stayed,0.4533037,0.5466963
35251,Left,0.9406198,0.05938018
31198,Left,0.94663,0.053370014
20757,Left,0.8231169,0.17688309
67203,Stayed,0.21922898,0.780771
35347,Stayed,0.47808427,0.52191573
22754,Left,0.71178305,0.28821692
67219,Stayed,0.052149355,0.94785064
21766,Stayed,0.24546975,0.75453025
56609,Stayed,0.23776501,0.762235
45911,Left,0.7176588,0.28234118
22497,Stayed,0.3820935,0.6179065
12725,Left,0.78586847,0.21413153
72849,Left,0.96016055,0.039839458
66427,Stayed,0.12507224,0.87492776
2955,Left,0.7288617,0.27113828
73238,Left,0.78918433,0.21081565
71088,Stayed,0.15841043,0.84158957
14476,Stayed,0.08447927,0.9155207
69387,Left,0.96701646,0.032983553
3054,Stayed,0.40053254,0.59946746
69047,Stayed,0.24918032,0.7508197
27171,Left,0.60506415,0.39493585
7292,Stayed,0.18556666,0.81443334
7210,Stayed,0.04509604,0.95490396
72175,Stayed,0.09182292,0.9081771
24783,Left,0.75068367,0.2493163
25653,Stayed,0.38803166,0.61196834
40565,Left,0.860293,0.13970703
34101,Left,0.8552239,0.14477609
42547,Left,0.8612801,0.1387199
30457,Stayed,0.39199436,0.60800564
42393,Stayed,0.108790755,0.89120924
24369,Stayed,0.44530785,0.55469215
9460,Left,0.66706896,0.33293104
13152,Stayed,0.40650308,0.5934969
53542,Stayed,0.4900111,0.5099889
56260,Left,0.8397449,0.16025504
63655,Stayed,0.27486306,0.72513694
28763,Left,0.8260135,0.17398648
67047,Left,0.8361968,0.16380323
66411,Stayed,0.4907608,0.5092392
40535,Left,0.8223603,0.17763974
66309,Stayed,0.49570066,0.50429934
23263,Stayed,0.016435266,0.98356473
36074,Stayed,0.17904788,0.8209521
56882,Stayed,0.41464627,0.58535373
14453,Stayed,0.45880562,0.5411944
72386,Left,0.88485414,0.11514586
62329,Stayed,0.03919387,0.96080613
42059,Left,0.6363846,0.36361542
12958,Stayed,0.059679568,0.94032043
22499,Left,0.82086915,0.17913085
33588,Stayed,0.03579098,0.964209
33233,Stayed,0.2716149,0.7283851
5289,Left,0.97157514,0.028424831
41825,Left,0.91330695,0.08669306
18787,Stayed,0.2605579,0.7394421
931,Stayed,0.015746117,0.9842539
17690,Stayed,0.42810267,0.5718973
36606,Stayed,0.04382527,0.95617473
1228,Left,0.92429423,0.07570575
58637,Left,0.9619737,0.03802626
16327,Left,0.87018776,0.12981221
3402,Stayed,0.11056709,0.8894329
57163,Stayed,0.19563627,0.8043637
28663,Stayed,0.44067574,0.55932426
18358,Stayed,0.061868787,0.9381312
49264,Stayed,0.40146482,0.5985352
71873,Stayed,0.4251598,0.5748402
14999,Stayed,0.123141944,0.87685806
64627,Stayed,0.31988925,0.68011075
49023,Stayed,0.17310095,0.82689905
73109,Left,0.72185826,0.27814174
38142,Stayed,0.31069392,0.6893061
59364,Stayed,0.4736663,0.5263337
12107,Stayed,0.3939361,0.6060639
60603,Stayed,0.34513742,0.6548626
32383,Stayed,0.27108693,0.72891307
66280,Stayed,0.02312857,0.97687143
17639,Left,0.8037062,0.19629376
12342,Left,0.5960735,0.4039265
43841,Stayed,0.38916934,0.61083066
65048,Left,0.6448051,0.3551949
73436,Stayed,0.07325792,0.9267421
59236,Left,0.9117935,0.08820655
62276,Stayed,0.008590281,0.9914097
67735,Left,0.95206624,0.047933757
60710,Stayed,0.31547534,0.68452466
35005,Stayed,0.11963558,0.8803644
31902,Stayed,0.2865426,0.7134574
61771,Left,0.9630093,0.036990684
46813,Left,0.8000272,0.19997282
12401,Left,0.84220713,0.15779288
56220,Stayed,0.06174141,0.9382586
50616,Left,0.8475482,0.15245181
37493,Stayed,0.0887171,0.9112829
20168,Left,0.58111274,0.41888726
12201,Left,0.6575424,0.3424576
55571,Left,0.6515275,0.3484725
57289,Left,0.53422487,0.46577513
32649,Stayed,0.13362539,0.8663746
6479,Stayed,0.4941603,0.5058397
1310,Stayed,0.41086257,0.58913743
63623,Left,0.97728884,0.022711175
25088,Stayed,0.3636096,0.6363904
2288,Stayed,0.37390858,0.6260914
18397,Stayed,0.2322737,0.7677263
55149,Stayed,0.28856385,0.71143615
40469,Left,0.7817859,0.21821411
71017,Left,0.84440666,0.15559335
64474,Left,0.8408663,0.15913364
30020,Left,0.53561497,0.46438506
50937,Left,0.6729404,0.32705963
40715,Stayed,0.12977713,0.87022287
52768,Stayed,0.27469122,0.7253088
16355,Left,0.7924783,0.20752165
38130,Left,0.7805024,0.21949762
61091,Left,0.8655401,0.13445991
69428,Stayed,0.44687992,0.5531201
47710,Stayed,0.1503995,0.8496005
33868,Left,0.64276636,0.35723364
58369,Left,0.7470741,0.2529259
32942,Left,0.50136894,0.49863106
42545,Left,0.8829717,0.11702828
73728,Left,0.7569134,0.24308656
32297,Left,0.98043734,0.019562656
48302,Left,0.7025411,0.2974589
56438,Stayed,0.39861238,0.6013876
67428,Left,0.93107265,0.06892736
40817,Left,0.751343,0.248657
64593,Stayed,0.087028265,0.91297174
17081,Left,0.5516611,0.44833893
18254,Left,0.7540855,0.24591453
66555,Stayed,0.08444619,0.9155538
13023,Stayed,0.014204621,0.9857954
40035,Left,0.94228965,0.05771036
56859,Left,0.70972335,0.29027665
59213,Stayed,0.23335081,0.7666492
51636,Stayed,0.21781975,0.78218025
17713,Left,0.8455006,0.15449944
66304,Left,0.6316274,0.36837262
54279,Stayed,0.01068753,0.98931247
43385,Left,0.79798067,0.20201932
32821,Left,0.7189417,0.2810583
23518,Stayed,0.24951011,0.7504899
42210,Stayed,0.38222158,0.6177784
13077,Left,0.9179874,0.08201258
54141,Stayed,0.47333038,0.5266696
67178,Stayed,0.36675918,0.6332408
70254,Left,0.77678865,0.22321136
73455,Stayed,0.29451048,0.7054895
25200,Left,0.6910308,0.3089692
29793,Stayed,0.05205095,0.94794905
2542,Stayed,0.4478653,0.5521347
19843,Left,0.72016186,0.27983814
20901,Left,0.60025585,0.39974418
34215,Left,0.7577141,0.24228589
24749,Stayed,0.11655754,0.88344246
58251,Stayed,0.39432484,0.60567516
10971,Left,0.6415096,0.3584904
41862,Stayed,0.3255514,0.6744486
7885,Left,0.6787044,0.32129565
47485,Left,0.8035999,0.19640012
1167,Left,0.8242923,0.1757077
62477,Stayed,0.085164785,0.9148352
14219,Left,0.96301764,0.03698235
34688,Stayed,0.31258613,0.6874139
16432,Left,0.7611343,0.23886567
33000,Left,0.8467568,0.15324315
59153,Stayed,0.12451351,0.8754865
23323,Left,0.9029525,0.0970475
26107,Left,0.9501429,0.049857073
16791,Left,0.7140769,0.28592312
47182,Stayed,0.19857365,0.80142635
73038,Stayed,0.21209049,0.7879095
3566,Left,0.66553974,0.3344603
5186,Left,0.77958554,0.22041447
42257,Stayed,0.07819843,0.92180157
6537,Left,0.8396349,0.16036512
25841,Stayed,0.3869946,0.6130054
3172,Stayed,0.117950976,0.882049
1165,Left,0.5654133,0.4345867
19146,Left,0.7235006,0.27649942
278,Stayed,0.37944478,0.6205552
5511,Left,0.6545357,0.3454643
5741,Left,0.7347995,0.2652005
43243,Stayed,0.48773462,0.5122654
2114,Left,0.87019,0.12980998
44199,Stayed,0.18955094,0.81044906
51998,Stayed,0.21185601,0.788144
13970,Left,0.74718153,0.2528185
8816,Stayed,0.15772408,0.8422759
39705,Stayed,0.2309193,0.7690807
2910,Stayed,0.19287032,0.8071297
51958,Left,0.5727153,0.42728475
50031,Stayed,0.033675253,0.96632475
43766,Left,0.8792249,0.12077512
30143,Stayed,0.32925284,0.67074716
20945,Left,0.7291763,0.2708237
17747,Left,0.975876,0.024124045
71130,Stayed,0.4208395,0.5791605
18591,Stayed,0.13804114,0.86195886
61966,Left,0.66962105,0.33037895
32181,Stayed,0.05353105,0.94646895
37554,Left,0.67194295,0.32805702
24541,Stayed,0.38125187,0.6187481
15445,Left,0.63900834,0.36099166
34882,Stayed,0.22251815,0.77748185
34439,Stayed,0.23356485,0.76643515
3417,Left,0.63774097,0.36225906
33503,Stayed,0.15592855,0.84407145
67338,Left,0.8162869,0.1837131
40815,Left,0.95684475,0.043155268
21983,Left,0.80842143,0.19157855
698,Stayed,0.21624255,0.78375745
70846,Left,0.78716594,0.21283408
51471,Stayed,0.16973329,0.8302667
51764,Stayed,0.10741013,0.89258987
15882,Stayed,0.47192615,0.52807385
1291,Stayed,0.31473476,0.68526524
59580,Stayed,0.30461735,0.69538265
63409,Stayed,0.38967305,0.61032695
24379,Stayed,0.0930053,0.9069947
55619,Left,0.95243603,0.047563985
1609,Left,0.82903826,0.17096171
50403,Left,0.93660617,0.0633938
14624,Stayed,0.45016456,0.54983544
40880,Stayed,0.3865102,0.6134898
42663,Stayed,0.2335,0.7665
58732,Left,0.68099105,0.31900895
30345,Stayed,0.019930124,0.9800699
68733,Stayed,0.10264975,0.89735025
73024,Stayed,0.06091255,0.93908745
53233,Stayed,0.46674705,0.53325295
3154,Left,0.71680045,0.28319952
24829,Left,0.59349424,0.40650576
16701,Left,0.8402131,0.15978687
32771,Stayed,0.14746141,0.8525386
49564,Stayed,0.11082494,0.88917506
64935,Left,0.9210929,0.07890708
17809,Stayed,0.03132516,0.96867484
17556,Stayed,0.19145232,0.8085477
33151,Left,0.7772517,0.2227483
47356,Left,0.87227756,0.12772243
56127,Left,0.78988844,0.21011156
38612,Stayed,0.107115805,0.8928842
35408,Left,0.531059,0.46894094
31435,Stayed,0.40447295,0.59552705
42406,Left,0.9704905,0.029509485
67725,Stayed,0.036952138,0.96304786
68642,Stayed,0.22679913,0.77320087
27534,Stayed,0.2148875,0.7851125
45489,Left,0.55477273,0.44522724
10173,Left,0.56482744,0.43517256
50758,Left,0.97039473,0.029605282
70375,Stayed,0.09380865,0.90619135
68543,Left,0.70799947,0.29200053
67146,Stayed,0.08547914,0.91452086
29315,Stayed,0.13251173,0.86748827
7360,Stayed,0.21208292,0.7879171
33722,Stayed,0.38882416,0.61117584
27297,Stayed,0.14228648,0.8577135
19322,Stayed,0.10726422,0.8927358
54096,Left,0.59398913,0.40601084
19485,Stayed,0.15095204,0.84904796
62600,Left,0.7396787,0.26032132
45906,Left,0.55194974,0.44805023
5563,Stayed,0.42707044,0.57292956
37593,Left,0.9511575,0.048842482
56024,Stayed,0.15255374,0.84744626
34546,Left,0.84790105,0.15209895
32573,Left,0.6744026,0.32559744
32558,Left,0.56815153,0.43184847
65003,Stayed,0.49937123,0.50062877
68296,Left,0.75324845,0.24675155
68351,Left,0.6632159,0.3367841
9200,Stayed,0.026471376,0.9735286
62350,Stayed,0.36396515,0.63603485
56779,Stayed,0.2986558,0.7013442
32029,Stayed,0.042882442,0.95711756
1902,Stayed,0.44763732,0.5523627
26793,Left,0.94834834,0.051651634
32723,Left,0.70582676,0.2941732
67829,Left,0.84028745,0.15971258
17540,Left,0.59813356,0.40186644
4624,Stayed,0.47876912,0.5212309
67966,Stayed,0.24151486,0.75848514
67081,Left,0.8610776,0.1389224
54280,Left,0.92153186,0.07846815
54614,Left,0.8928333,0.10716671
28138,Left,0.54469395,0.45530605
44984,Stayed,0.4784835,0.5215165
4595,Left,0.8214213,0.17857866
63269,Left,0.5348382,0.4651618
70627,Stayed,0.040079296,0.9599207
773,Stayed,0.16961002,0.83039
21812,Left,0.83174354,0.16825646
10818,Left,0.95020294,0.049797047
34151,Left,0.9606527,0.0393473
30358,Stayed,0.04602492,0.9539751
40796,Stayed,0.022410572,0.9775894
49313,Left,0.56329805,0.43670195
48132,Left,0.52070534,0.4792947
55706,Stayed,0.4566552,0.5433448
14505,Left,0.97448283,0.025517171
62840,Left,0.63425887,0.36574116
74243,Stayed,0.20928997,0.79071003
37602,Left,0.54191434,0.4580857
2779,Stayed,0.31582326,0.68417674
50684,Stayed,0.064199865,0.93580014
36179,Left,0.68598485,0.31401515
74362,Stayed,0.39369905,0.60630095
10994,Left,0.9025502,0.09744977
17782,Left,0.80537647,0.19462352
22434,Left,0.51775086,0.48224914
65841,Stayed,0.16406989,0.8359301
20702,Left,0.5585656,0.44143435
15728,Stayed,0.14981025,0.85018975
27326,Left,0.7584553,0.24154471
50224,Stayed,0.072042346,0.92795765
20633,Left,0.6353395,0.36466047
34454,Stayed,0.05870092,0.9412991
67103,Stayed,0.25364947,0.7463505
4266,Stayed,0.25881714,0.74118286
28967,Stayed,0.11173242,0.8882676
42107,Left,0.7538469,0.2461531
19445,Left,0.9053142,0.09468577
5564,Stayed,0.33849537,0.6615046
50491,Left,0.5124277,0.48757234
36574,Stayed,0.123019576,0.8769804
57827,Stayed,0.17488366,0.82511634
27643,Stayed,0.44671166,0.55328834
49073,Left,0.6342112,0.3657888
2751,Left,0.7755884,0.2244116
899,Stayed,0.22569215,0.77430785
56350,Stayed,0.32833415,0.67166585
366,Stayed,0.17693102,0.823069
47870,Left,0.868569,0.13143097
27696,Stayed,0.33147955,0.66852045
63007,Stayed,0.48130035,0.51869965
74325,Left,0.9855428,0.014457253
36486,Left,0.529395,0.47060502
20973,Left,0.93617094,0.06382906
72781,Stayed,0.03726703,0.962733
23353,Stayed,0.024321556,0.97567844
7641,Stayed,0.15233982,0.8476602
16409,Stayed,0.34700078,0.6529992
69734,Stayed,0.4607836,0.5392164
67800,Stayed,0.148229,0.851771
13144,Left,0.60237783,0.39762217
3701,Left,0.5036676,0.49633244
30209,Left,0.87844646,0.12155351
33602,Stayed,0.41713697,0.58286303
66045,Stayed,0.40256548,0.5974345
55407,Stayed,0.33138657,0.66861343
20566,Left,0.8016432,0.1983568
42938,Left,0.7504981,0.24950187
13268,Stayed,0.07100195,0.92899805
20890,Left,0.51179457,0.4882054
43767,Left,0.5798507,0.42014936
66826,Left,0.97454137,0.02545861
69650,Stayed,0.41780055,0.58219945
63593,Left,0.5304667,0.46953332
36178,Stayed,0.0106547475,0.98934525
50726,Left,0.50679684,0.49320313
18545,Left,0.89993656,0.10006342
34804,Left,0.51031864,0.48968136
26102,Stayed,0.056652308,0.9433477
45847,Left,0.820356,0.17964402
30056,Left,0.5701326,0.42986742
20187,Stayed,0.3478697,0.6521303
84,Stayed,0.28959286,0.71040714
21591,Stayed,0.10013914,0.89986086
72440,Stayed,0.40195602,0.598044
6666,Stayed,0.08179361,0.9182064
62192,Stayed,0.106001854,0.89399815
63496,Left,0.7205436,0.27945638
28121,Stayed,0.12778461,0.8722154
2902,Left,0.88317394,0.11682608
11437,Stayed,0.12100667,0.87899333
60483,Stayed,0.35810596,0.64189404
69511,Left,0.82079405,0.17920595
50455,Stayed,0.08260363,0.91739637
59894,Left,0.6530084,0.3469916
64413,Left,0.8787736,0.121226355
33483,Left,0.96197385,0.038026128
59516,Left,0.5171244,0.48287556
5269,Left,0.8045023,0.19549769
67819,Stayed,0.4063306,0.5936694
37909,Left,0.6950543,0.30494568
2442,Stayed,0.30497628,0.6950237
27986,Left,0.51054275,0.48945725
24317,Left,0.92177665,0.07822338
4042,Left,0.894584,0.10541602
9888,Stayed,0.10110605,0.89889395
35468,Stayed,0.32195693,0.67804307
32731,Left,0.593446,0.40655395
36900,Left,0.7679464,0.23205356
39088,Left,0.88909966,0.11090033
66906,Left,0.7661718,0.23382817
50707,Left,0.70504344,0.29495656
13739,Left,0.69519603,0.30480394
18839,Stayed,0.05158031,0.9484197
22776,Left,0.85993636,0.14006367
61655,Stayed,0.25980645,0.74019355
62360,Left,0.5951009,0.40489915
35296,Left,0.7859007,0.21409932
34560,Stayed,0.060431004,0.939569
68188,Left,0.74624324,0.25375676
42302,Stayed,0.13263613,0.86736387
22398,Stayed,0.3222927,0.6777073
23433,Stayed,0.37510926,0.62489074
73849,Stayed,0.3462844,0.6537156
40110,Stayed,0.17389476,0.82610524
15109,Stayed,0.49714535,0.50285465
45256,Stayed,0.48383802,0.516162
38648,Stayed,0.29788107,0.70211893
196,Stayed,0.20148021,0.7985198
37984,Stayed,0.13239288,0.8676071
57647,Stayed,0.10822654,0.89177346
3271,Stayed,0.25974607,0.7402539
56098,Stayed,0.09728241,0.9027176
58762,Stayed,0.44050992,0.5594901
4464,Stayed,0.37854493,0.6214551
27450,Left,0.9706397,0.029360304
16756,Stayed,0.08487815,0.91512185
19019,Stayed,0.4412288,0.5587712
15673,Left,0.9660826,0.0339174
5534,Left,0.96480924,0.03519074
34490,Stayed,0.4883061,0.5116939
16403,Stayed,0.4308986,0.5691014
29850,Left,0.87549657,0.12450342
315,Left,0.9626358,0.03736418
63765,Left,0.50810635,0.49189362
73071,Stayed,0.44201005,0.55798995
29218,Left,0.6630043,0.33699572
8915,Stayed,0.3576138,0.6423862
17743,Left,0.83762383,0.16237618
49796,Stayed,0.3273468,0.6726532
73884,Left,0.70633507,0.29366496
22557,Left,0.57632744,0.4236726
38075,Left,0.54716873,0.45283127
32447,Stayed,0.17076463,0.8292354
3029,Stayed,0.39496106,0.60503894
52167,Left,0.7672199,0.23278007
19381,Stayed,0.21775657,0.78224343
37888,Stayed,0.066860676,0.9331393
59491,Stayed,0.074641585,0.9253584
7581,Left,0.9036169,0.09638309
3556,Stayed,0.20697641,0.7930236
64653,Left,0.895111,0.10488899
42689,Left,0.5633356,0.4366644
4594,Stayed,0.14258033,0.85741967
13204,Left,0.57196635,0.42803365
2816,Stayed,0.024636388,0.9753636
50367,Left,0.8579348,0.14206524
35117,Stayed,0.17516756,0.82483244
65455,Stayed,0.063601494,0.9363985
56611,Left,0.6259915,0.37400848
36784,Stayed,0.19713372,0.8028663
71830,Stayed,0.12908638,0.8709136
20778,Stayed,0.2942031,0.7057969
21635,Stayed,0.07722998,0.92277
27594,Stayed,0.15606666,0.84393334
1813,Left,0.87666535,0.123334646
40761,Stayed,0.07123101,0.928769
1481,Left,0.97366744,0.02633255
27458,Left,0.90878576,0.09121423
45873,Left,0.5528644,0.44713563
43321,Left,0.6152636,0.38473642
1478,Stayed,0.13566631,0.8643337
64166,Left,0.7405721,0.25942788
16383,Left,0.7930039,0.20699605
13049,Stayed,0.27509063,0.72490937
71641,Stayed,0.062333763,0.93766624
65147,Stayed,0.07772291,0.9222771
16815,Stayed,0.04673177,0.95326823
72766,Left,0.7315477,0.2684523
10256,Left,0.5933204,0.40667957
64087,Left,0.50567806,0.49432194
16300,Stayed,0.09127504,0.90872496
5502,Stayed,0.10219586,0.89780414
61191,Stayed,0.056447327,0.9435527
68382,Left,0.5400359,0.4599641
42519,Left,0.9796357,0.02036428
64532,Stayed,0.056917787,0.9430822
29184,Stayed,0.08820045,0.91179955
35333,Left,0.5668059,0.4331941
56502,Left,0.8309442,0.16905585
38123,Stayed,0.46758407,0.5324159
12451,Stayed,0.13245797,0.867542
55307,Stayed,0.38415468,0.6158453
43570,Stayed,0.34148365,0.65851635
70067,Stayed,0.051680982,0.948319
40823,Left,0.8261429,0.17385708
42111,Stayed,0.36638486,0.63361514
35041,Left,0.79743373,0.20256627
10425,Left,0.93133897,0.06866102
4572,Stayed,0.30538642,0.6946136
33670,Stayed,0.36479855,0.63520145
73648,Left,0.5353112,0.46468875
73582,Left,0.55800027,0.44199973
56954,Stayed,0.4892435,0.5107565
44451,Stayed,0.060767114,0.9392329
58879,Stayed,0.20806962,0.7919304
34227,Left,0.7478565,0.25214353
49404,Stayed,0.27135795,0.72864205
13250,Left,0.6793754,0.3206246
26707,Left,0.7058019,0.2941981
28397,Left,0.943282,0.056718014
17514,Stayed,0.40750957,0.59249043
39509,Stayed,0.13388473,0.8661153
18276,Left,0.8440332,0.1559668
59963,Stayed,0.042156696,0.9578433
49366,Left,0.56193626,0.43806374
22461,Left,0.92945325,0.070546724
50965,Stayed,0.19988656,0.80011344
58277,Stayed,0.35982162,0.6401784
45282,Left,0.7819277,0.2180723
46804,Left,0.55095196,0.44904804
23888,Stayed,0.053522944,0.94647706
14601,Stayed,0.43324292,0.5667571
27979,Left,0.5221907,0.47780934
198,Stayed,0.44909364,0.55090636
26309,Left,0.52713263,0.4728674
54157,Left,0.79510725,0.20489278
57649,Left,0.69583726,0.30416274
10440,Stayed,0.20892465,0.79107535
16801,Stayed,0.025837839,0.97416216
48324,Stayed,0.38149124,0.61850876
2575,Stayed,0.39544612,0.6045539
53572,Stayed,0.46482295,0.53517705
3576,Stayed,0.43701684,0.56298316
68732,Stayed,0.14945132,0.8505487
22125,Left,0.85972625,0.14027375
7950,Left,0.8425962,0.15740386
73940,Stayed,0.35555565,0.64444435
55940,Left,0.62097013,0.37902984
25032,Left,0.8601241,0.13987589
69005,Left,0.66521513,0.33478484
28629,Stayed,0.17995185,0.82004815
1571,Stayed,0.1609453,0.8390547
69644,Left,0.597155,0.402845
2808,Left,0.8709606,0.12903939
47155,Left,0.62968993,0.37031004
28975,Stayed,0.37406653,0.62593347
42940,Stayed,0.018467128,0.9815329
43702,Stayed,0.026036859,0.97396314
30261,Stayed,0.33809644,0.66190356
64597,Stayed,0.49565613,0.50434387
1830,Stayed,0.2923702,0.7076298
18846,Left,0.6561979,0.34380206
60254,Left,0.76595426,0.23404577
11360,Left,0.6345301,0.36546987
33408,Stayed,0.016934633,0.98306537
28069,Stayed,0.045464277,0.9545357
58682,Left,0.71216387,0.28783613
62429,Stayed,0.28724754,0.71275246
15808,Left,0.7266396,0.27336034
69911,Stayed,0.010389805,0.9896102
59550,Stayed,0.45886642,0.5411336
37869,Stayed,0.07277852,0.9272215
26558,Stayed,0.31186634,0.68813366
25708,Left,0.9536627,0.04633731
72105,Stayed,0.16233486,0.83766514
58384,Left,0.77003545,0.22996454
27444,Left,0.905673,0.09432699
11151,Left,0.5898737,0.41012636
40770,Stayed,0.4046049,0.5953951
53686,Left,0.89853585,0.10146415
37577,Stayed,0.28843433,0.7115657
36848,Left,0.89161146,0.10838855
30038,Left,0.65145874,0.3485413
384,Stayed,0.08431196,0.91568804
2350,Stayed,0.05565852,0.9443415
50926,Stayed,0.30650353,0.69349647
10207,Stayed,0.18505871,0.8149413
17447,Left,0.66930413,0.3306959
68052,Stayed,0.45967692,0.5403231
29526,Stayed,0.2930538,0.7069462
65526,Stayed,0.49462622,0.5053738
2098,Left,0.93994313,0.06005689
33085,Left,0.57306397,0.42693603
39426,Left,0.85646987,0.14353012
69011,Left,0.50658625,0.49341375
33240,Stayed,0.3664872,0.6335128
12884,Stayed,0.48309344,0.51690656
14524,Stayed,0.24842381,0.7515762
49220,Left,0.8486699,0.15133011
20284,Left,0.77693474,0.22306526
3383,Stayed,0.08811873,0.91188127
57997,Stayed,0.44574064,0.55425936
42247,Stayed,0.028591275,0.9714087
24961,Left,0.54340744,0.45659256
5672,Stayed,0.07162225,0.92837775
69024,Left,0.53486025,0.46513978
19620,Left,0.6565274,0.34347257
54659,Stayed,0.009711504,0.9902885
48631,Stayed,0.4043854,0.5956146
21430,Left,0.7277669,0.27223316
55223,Stayed,0.45605624,0.54394376
41046,Left,0.51650184,0.48349816
45128,Stayed,0.1550892,0.8449108
6780,Stayed,0.119708,0.880292
53925,Left,0.56620795,0.43379205
26576,Left,0.64578474,0.35421526
53296,Stayed,0.41260672,0.5873933
31521,Stayed,0.09166145,0.90833855
25566,Left,0.9341954,0.065804616
47571,Left,0.58522105,0.41477892
55881,Left,0.7008773,0.29912266
41146,Stayed,0.18607706,0.81392294
25570,Stayed,0.4892949,0.5107051
605,Stayed,0.3477419,0.6522581
5271,Stayed,0.38147557,0.61852443
16932,Stayed,0.049735844,0.95026416
27055,Stayed,0.19147933,0.8085207
4348,Stayed,0.21875376,0.78124624
65376,Left,0.70379126,0.2962087
28218,Left,0.935249,0.06475101
63317,Left,0.7557681,0.24423188
66252,Left,0.7024269,0.29757306
60087,Stayed,0.16998571,0.8300143
17096,Left,0.9101217,0.089878336
62023,Left,0.6081723,0.3918277
30603,Stayed,0.28112286,0.71887714
21509,Left,0.87776756,0.122232415
46086,Left,0.6415967,0.3584033
27065,Stayed,0.42661017,0.5733898
60287,Left,0.7974199,0.20258008
53722,Stayed,0.2717275,0.7282725
43501,Stayed,0.08479309,0.9152069
8892,Left,0.91285115,0.08714886
6331,Stayed,0.029721916,0.9702781
73969,Left,0.8547969,0.14520314
50398,Stayed,0.2595144,0.7404856
6708,Left,0.9608459,0.039154094
69556,Stayed,0.40658915,0.59341085
39684,Stayed,0.3864571,0.6135429
34674,Stayed,0.4723099,0.5276901
18821,Stayed,0.024650455,0.97534955
69553,Stayed,0.04700792,0.9529921
4349,Stayed,0.47327244,0.52672756
4145,Left,0.89961857,0.100381434
52221,Left,0.7634821,0.23651788
71817,Left,0.96425015,0.035749845
62228,Stayed,0.37571663,0.6242834
34545,Stayed,0.23110217,0.76889783
35699,Left,0.513314,0.48668596
21940,Left,0.8551701,0.14482994
7410,Left,0.7251445,0.27485552
5116,Left,0.9660501,0.033949915
5465,Left,0.950964,0.049036
11513,Stayed,0.3041395,0.6958605
52935,Stayed,0.39989686,0.60010314
14683,Left,0.6036879,0.39631212
9577,Left,0.7568624,0.24313763
48731,Stayed,0.27819854,0.72180146
57831,Stayed,0.11936867,0.8806313
72077,Stayed,0.48991162,0.5100884
57423,Stayed,0.4838959,0.5161041
686,Stayed,0.11902332,0.8809767
71115,Left,0.7284446,0.2715554
6430,Stayed,0.3135535,0.6864465
39337,Left,0.5421505,0.4578495
4110,Stayed,0.3169124,0.6830876
18392,Stayed,0.43900132,0.5609987
13073,Stayed,0.04463643,0.9553636
31022,Stayed,0.35545295,0.64454705
7259,Stayed,0.30694443,0.69305557
49143,Stayed,0.29537904,0.70462096
29879,Stayed,0.21049416,0.78950584
13359,Stayed,0.45787823,0.54212177
40020,Stayed,0.029235423,0.9707646
67974,Left,0.5854527,0.41454735
74285,Stayed,0.07228434,0.92771566
50302,Left,0.89127046,0.10872955
21725,Stayed,0.496786,0.503214
3364,Left,0.7627486,0.2372514
60662,Left,0.5861276,0.41387242
65195,Stayed,0.21080476,0.78919524
49129,Left,0.7453463,0.25465372
2126,Stayed,0.28494942,0.7150506
34740,Stayed,0.24954271,0.7504573
50895,Left,0.51566243,0.48433754
60781,Stayed,0.3898847,0.6101153
7147,Stayed,0.26554477,0.7344552
58701,Left,0.5434872,0.4565128
15357,Left,0.8678335,0.13216648
23735,Left,0.944256,0.055743977
12089,Left,0.9653177,0.034682296
7120,Stayed,0.48995203,0.510048
43856,Left,0.6784079,0.32159206
3125,Left,0.602985,0.39701495
73874,Stayed,0.21718746,0.78281254
33884,Stayed,0.1478976,0.8521024
52815,Stayed,0.024582982,0.975417
47882,Stayed,0.14611733,0.8538827
41216,Stayed,0.27528834,0.72471166
7134,Stayed,0.12916726,0.87083274
25750,Stayed,0.22111017,0.77888983
65874,Left,0.8206593,0.17934069
21849,Left,0.96637,0.033630036
195,Stayed,0.020989,0.979011
26080,Left,0.6449326,0.35506734
24485,Left,0.77347636,0.22652364
34712,Stayed,0.21625334,0.78374666
52789,Stayed,0.16412097,0.835879
32979,Stayed,0.15469056,0.84530944
46286,Stayed,0.027768135,0.97223186
69313,Stayed,0.19624949,0.8037505
18996,Left,0.82102257,0.17897741
41656,Stayed,0.10950607,0.8904939
73231,Stayed,0.22475523,0.7752448
17628,Stayed,0.056394696,0.9436053
42032,Left,0.7170069,0.28299308
13971,Stayed,0.058903694,0.9410963
17538,Left,0.9677032,0.03229678
33712,Stayed,0.35154575,0.64845425
10657,Stayed,0.31040496,0.68959504
17769,Stayed,0.12816322,0.8718368
13841,Stayed,0.17352623,0.8264738
69469,Stayed,0.46984422,0.5301558
18827,Left,0.6525606,0.3474394
65133,Stayed,0.35581547,0.6441845
24717,Left,0.6178264,0.3821736
62032,Left,0.56628305,0.43371695
41790,Stayed,0.32974076,0.67025924
72630,Left,0.51355904,0.48644096
38172,Stayed,0.09523618,0.9047638
49793,Left,0.8061496,0.19385037
39403,Left,0.7161182,0.2838818
1044,Left,0.5670701,0.43292984
70752,Stayed,0.27434373,0.7256563
36271,Left,0.96900845,0.030991578
65069,Left,0.9772122,0.022787796
35240,Stayed,0.2999264,0.7000736
23370,Stayed,0.16624951,0.8337505
39888,Left,0.57419026,0.42580974
37538,Left,0.61472094,0.38527906
56262,Stayed,0.12754905,0.87245095
36450,Left,0.63526654,0.36473343
32465,Left,0.7782365,0.22176352
13977,Stayed,0.012043655,0.98795635
60392,Stayed,0.051517665,0.94848233
58461,Stayed,0.08337903,0.91662097
49500,Stayed,0.05641198,0.943588
582,Stayed,0.32542282,0.6745772
23375,Stayed,0.28847528,0.7115247
34259,Stayed,0.2001118,0.7998882
64666,Stayed,0.124103844,0.87589616
43405,Left,0.6009828,0.39901724
30116,Stayed,0.028642297,0.9713577
35924,Stayed,0.13101566,0.86898434
45750,Stayed,0.10292572,0.8970743
8621,Stayed,0.31142473,0.68857527
70858,Left,0.8398165,0.16018347
14778,Stayed,0.11093855,0.88906145
42631,Left,0.82375354,0.17624645
38144,Stayed,0.38490337,0.6150966
12585,Stayed,0.39194912,0.6080509
70112,Stayed,0.2412048,0.7587952
11799,Stayed,0.040856004,0.959144
65833,Stayed,0.21597147,0.78402853
25577,Left,0.76056135,0.23943868
51054,Left,0.50988615,0.49011388
43718,Stayed,0.41365355,0.58634645
31401,Left,0.9540495,0.045950476
46698,Left,0.91997075,0.08002924
8426,Stayed,0.09252185,0.90747815
59851,Stayed,0.10151386,0.89848614
46277,Left,0.5282271,0.4717729
72938,Left,0.6984219,0.3015781
64610,Stayed,0.17125386,0.82874614
1031,Stayed,0.11646521,0.8835348
34035,Stayed,0.060126066,0.93987393
52368,Left,0.53951436,0.46048564
6066,Stayed,0.065868974,0.934131
13794,Left,0.5723921,0.4276079
43073,Stayed,0.47241598,0.527584
74157,Left,0.6707616,0.32923844
30778,Stayed,0.43387204,0.56612796
46654,Stayed,0.4350416,0.5649584
40151,Left,0.8675346,0.13246544
38990,Stayed,0.46986407,0.5301359
8684,Stayed,0.07109815,0.92890185
34568,Stayed,0.0931564,0.9068436
74063,Left,0.6197014,0.38029858
25241,Stayed,0.013050854,0.98694915
36805,Stayed,0.24729002,0.75271
19977,Stayed,0.3911909,0.6088091
4872,Stayed,0.09739685,0.90260315
62775,Left,0.65214586,0.34785414
12164,Left,0.51222247,0.48777753
34164,Left,0.85060626,0.14939375
25239,Left,0.9239526,0.076047435
43566,Stayed,0.044342995,0.955657
30910,Left,0.91747445,0.08252557
17715,Left,0.5174537,0.48254636
7768,Left,0.54345894,0.45654106
61760,Stayed,0.029530883,0.9704691
61354,Left,0.8541789,0.14582112
30511,Stayed,0.1660338,0.8339662
65934,Stayed,0.05278915,0.94721085
25360,Left,0.7000028,0.2999972
26154,Stayed,0.09260583,0.9073942
28610,Stayed,0.07578224,0.92421776
3886,Stayed,0.39505804,0.60494196
12798,Stayed,0.4762298,0.5237702
38273,Left,0.9808781,0.019121872
40493,Left,0.57084656,0.42915347
26451,Left,0.7609507,0.23904933
29572,Stayed,0.47236902,0.527631
12497,Stayed,0.34923422,0.6507658
65677,Left,0.6095629,0.39043716
26384,Stayed,0.29063654,0.70936346
36962,Stayed,0.050339878,0.9496601
12744,Stayed,0.033756614,0.9662434
10075,Stayed,0.1255269,0.8744731
73348,Left,0.8369899,0.16301014
60892,Stayed,0.15414417,0.84585583
73197,Stayed,0.025581717,0.9744183
47914,Left,0.9689353,0.031064685
65503,Left,0.8971498,0.10285022
57435,Left,0.64492166,0.3550783
40056,Stayed,0.073608875,0.9263911
62983,Stayed,0.46652657,0.53347343
59039,Stayed,0.24567443,0.75432557
62834,Left,0.5345607,0.46543935
58429,Stayed,0.085068285,0.9149317
3512,Stayed,0.23872495,0.76127505
28729,Left,0.62905526,0.37094477
9695,Left,0.75622785,0.24377216
23768,Left,0.51371384,0.4862862
29575,Stayed,0.47768033,0.5223197
58360,Left,0.7893077,0.2106923
10578,Stayed,0.030144274,0.9698557
60471,Left,0.6955361,0.30446392
52835,Stayed,0.33013982,0.6698602
62449,Stayed,0.23758823,0.7624118
7580,Stayed,0.28199422,0.7180058
13499,Left,0.5088172,0.49118277
47721,Left,0.8937949,0.106205106
13561,Left,0.6197177,0.3802823
36759,Left,0.9222398,0.077760234
29548,Left,0.73576736,0.26423264
38557,Left,0.61521816,0.38478187
52893,Left,0.5888141,0.41118592
40685,Left,0.57760966,0.42239037
70353,Left,0.80252033,0.19747968
55081,Stayed,0.25478262,0.7452174
55636,Left,0.637447,0.36255297
20728,Stayed,0.3568163,0.6431837
25732,Left,0.7454308,0.25456917
57054,Stayed,0.13282758,0.8671724
58214,Stayed,0.065413415,0.9345866
41803,Stayed,0.064355075,0.9356449
45624,Left,0.77959204,0.22040793
59085,Stayed,0.44846827,0.55153173
37073,Left,0.944917,0.05508298
336,Stayed,0.068855524,0.9311445
28409,Stayed,0.27791297,0.722087
57341,Left,0.7754303,0.22456968
41089,Left,0.5198786,0.4801214
30641,Left,0.63739467,0.36260536
56991,Stayed,0.0143530965,0.9856469
8495,Left,0.73770165,0.26229835
59777,Left,0.70371217,0.29628783
69838,Left,0.5165112,0.4834888
48789,Stayed,0.1407116,0.8592884
3845,Stayed,0.048610866,0.95138913
8837,Stayed,0.055811286,0.9441887
14870,Left,0.9208752,0.07912481
69893,Left,0.81234586,0.18765412
48463,Left,0.8505661,0.1494339
48499,Left,0.5408385,0.45916155
6556,Left,0.7328064,0.26719362
45124,Stayed,0.35580844,0.64419156
70745,Left,0.7459588,0.25404117
69178,Left,0.8005263,0.19947368
35870,Left,0.7765291,0.22347096
60602,Stayed,0.10471922,0.8952808
70071,Stayed,0.49247414,0.50752586
322,Left,0.70796835,0.29203168
5568,Stayed,0.21094298,0.789057
53790,Left,0.7333058,0.2666942
21044,Left,0.91126573,0.08873425
69030,Stayed,0.042790174,0.9572098
14830,Stayed,0.054061532,0.94593847
58085,Stayed,0.41296434,0.58703566
51263,Stayed,0.27715647,0.7228435
16031,Stayed,0.25917155,0.74082845
40918,Stayed,0.313137,0.686863
33377,Stayed,0.4326061,0.5673939
14226,Stayed,0.06915724,0.93084276
37733,Left,0.82716745,0.17283255
21806,Stayed,0.38255036,0.61744964
8666,Stayed,0.099410355,0.90058964
27206,Stayed,0.10136628,0.8986337
28657,Stayed,0.37683886,0.62316114
34885,Left,0.51442957,0.48557043
39435,Left,0.87878036,0.121219605
44711,Left,0.5039226,0.49607745
67977,Stayed,0.24330479,0.7566952
1986,Stayed,0.30478293,0.6952171
17531,Left,0.6514993,0.34850076
19152,Stayed,0.48480105,0.51519895
6419,Left,0.7135903,0.28640968
13535,Stayed,0.20072097,0.79927903
23349,Left,0.6736134,0.32638657
50426,Stayed,0.33089226,0.66910774
27637,Left,0.53621376,0.46378627
43988,Left,0.91728324,0.082716785
46071,Left,0.7495719,0.2504281
11623,Stayed,0.1327458,0.8672542
15135,Left,0.8404149,0.15958512
19176,Stayed,0.30165654,0.69834346
33708,Stayed,0.0974319,0.9025681
1419,Stayed,0.35994262,0.6400574
9282,Stayed,0.11250883,0.88749117
34613,Left,0.6303382,0.3696618
68591,Left,0.8302318,0.16976823
32945,Stayed,0.05654633,0.94345367
50405,Stayed,0.49150217,0.50849783
43588,Stayed,0.15906417,0.8409358
39665,Stayed,0.15483463,0.8451654
7097,Stayed,0.041116834,0.95888317
36955,Left,0.80460757,0.19539243
61373,Stayed,0.3819002,0.6180998
42064,Stayed,0.09595871,0.9040413
6913,Stayed,0.2322874,0.7677126
29835,Stayed,0.05057752,0.9494225
10277,Stayed,0.39439148,0.6056085
63260,Left,0.51627827,0.4837217
14495,Left,0.528198,0.47180203
44959,Left,0.7598826,0.24011737
70261,Stayed,0.09445107,0.90554893
31356,Left,0.51263064,0.48736936
63644,Stayed,0.3517604,0.6482396
11057,Left,0.6515256,0.3484744
70497,Left,0.73316103,0.26683897
4337,Stayed,0.19962639,0.8003736
48891,Left,0.6797153,0.3202847
17472,Stayed,0.36548406,0.63451594
42765,Stayed,0.2081185,0.7918815
55424,Left,0.8337615,0.16623849
5228,Left,0.77097386,0.22902615
49353,Stayed,0.108647466,0.89135253
32378,Stayed,0.08360875,0.91639125
3649,Stayed,0.36490697,0.63509303
7655,Left,0.696421,0.303579
61907,Left,0.9471876,0.052812386
34880,Stayed,0.099656045,0.90034395
40366,Stayed,0.06979442,0.9302056
26633,Stayed,0.06589401,0.934106
23352,Stayed,0.065669835,0.93433017
71799,Stayed,0.18938875,0.81061125
14862,Left,0.78569514,0.21430486
41343,Stayed,0.21930695,0.78069305
15945,Left,0.7154412,0.2845588
62169,Stayed,0.3512348,0.6487652
66936,Left,0.8974196,0.1025804
40367,Left,0.8246064,0.17539361
28889,Stayed,0.012657404,0.9873426
54289,Stayed,0.34413284,0.65586716
4037,Stayed,0.24821359,0.7517864
48146,Stayed,0.2533241,0.7466759
41163,Left,0.6848,0.31519997
37251,Stayed,0.32088232,0.6791177
23614,Left,0.76661146,0.23338854
1318,Left,0.93847597,0.061524004
36223,Left,0.96784014,0.03215985
34201,Left,0.7646588,0.23534118
53042,Left,0.74953127,0.2504687
15938,Stayed,0.31175375,0.68824625
67079,Stayed,0.19098371,0.8090163
42831,Left,0.9343604,0.0656396
25431,Stayed,0.0877226,0.9122774
54352,Stayed,0.4384597,0.5615403
19111,Left,0.90982455,0.090175465
25341,Left,0.59302914,0.40697083
9085,Stayed,0.040833652,0.95916635
55347,Left,0.5653503,0.43464974
36554,Stayed,0.03146833,0.96853167
28233,Left,0.96291554,0.037084483
65039,Stayed,0.26513416,0.73486584
12433,Left,0.89702827,0.10297173
38365,Left,0.649003,0.350997
65231,Stayed,0.34217262,0.6578274
46424,Stayed,0.34663808,0.6533619
30765,Stayed,0.29193318,0.7080668
27417,Stayed,0.21779078,0.7822092
9901,Stayed,0.20617288,0.7938271
13819,Left,0.9409054,0.0590946
72343,Left,0.9009715,0.09902851
29643,Stayed,0.019450843,0.98054916
31647,Stayed,0.09488982,0.9051102
44229,Left,0.7639014,0.2360986
36712,Left,0.8120502,0.18794978
13745,Left,0.6261694,0.37383062
20658,Left,0.8085605,0.19143952
31122,Left,0.54152536,0.45847467
36197,Stayed,0.30063236,0.69936764
31884,Stayed,0.07740724,0.92259276
61431,Stayed,0.040879726,0.9591203
23866,Left,0.56029785,0.43970215
60116,Left,0.9657731,0.034226894
69382,Left,0.6811878,0.3188122
13898,Stayed,0.46554744,0.53445256
8036,Left,0.71857095,0.28142908
41256,Left,0.73627996,0.26372004
17905,Left,0.73625743,0.26374254
2892,Left,0.5800324,0.4199676
70744,Stayed,0.48283714,0.51716286
23776,Left,0.5301174,0.46988264
32429,Left,0.8204988,0.17950119
50037,Left,0.6668763,0.33312365
29890,Stayed,0.48237568,0.5176243
48425,Stayed,0.47197676,0.52802324
59907,Left,0.7588486,0.2411514
35024,Left,0.95760643,0.042393595
29597,Stayed,0.33678675,0.66321325
35268,Stayed,0.07272583,0.92727417
37809,Stayed,0.28596443,0.7140356
10478,Stayed,0.09791154,0.90208846
3279,Stayed,0.41901922,0.5809808
57256,Stayed,0.1989665,0.8010335
52520,Stayed,0.09388608,0.9061139
5881,Left,0.97667265,0.02332733
72089,Left,0.58120644,0.4187936
41512,Stayed,0.13768548,0.8623145
4395,Stayed,0.21974796,0.78025204
26347,Left,0.7923209,0.20767908
18387,Left,0.9766835,0.0233165
53320,Left,0.5940209,0.4059791
45536,Stayed,0.01963967,0.9803603
44006,Stayed,0.10994953,0.8900505
67364,Stayed,0.33743274,0.66256726
15005,Stayed,0.35789347,0.64210653
49975,Stayed,0.17854846,0.82145154
43150,Left,0.777009,0.22299096
4393,Left,0.9159604,0.08403962
66552,Left,0.9618981,0.038101908
48530,Left,0.88774765,0.112252325
7628,Left,0.5935328,0.40646723
38097,Left,0.79510695,0.20489304
27972,Left,0.9539711,0.04602892
42251,Left,0.97031176,0.029688219
35587,Left,0.7924156,0.20758435
62915,Left,0.59883726,0.40116277
66902,Left,0.8850658,0.114934176
23680,Stayed,0.46188432,0.5381157
38028,Stayed,0.4369648,0.5630352
17680,Stayed,0.013121426,0.9868786
16522,Stayed,0.37077743,0.6292226
56270,Left,0.51004654,0.48995346
60430,Stayed,0.1694066,0.8305934
24774,Left,0.72157556,0.27842444
34241,Left,0.9218605,0.07813951
21070,Left,0.62026644,0.3797336
73160,Left,0.6656709,0.33432913
52850,Left,0.6986301,0.3013699
42278,Left,0.9543136,0.045686416
59709,Left,0.93529373,0.064706266
57484,Stayed,0.06723523,0.93276477
1942,Stayed,0.1847018,0.8152982
29164,Left,0.6043159,0.3956841
57080,Left,0.5028854,0.4971146
42923,Left,0.90132093,0.098679096
35636,Left,0.64427674,0.35572323
28658,Stayed,0.3768829,0.6231171
53037,Stayed,0.103874445,0.89612556
58876,Stayed,0.3571499,0.6428501
72780,Left,0.958072,0.041928004
24782,Stayed,0.4056936,0.5943064
43713,Stayed,0.47181916,0.52818084
20145,Left,0.7860718,0.21392824
58206,Left,0.9516225,0.048377544
58328,Left,0.53103495,0.46896502
57233,Stayed,0.08486211,0.9151379
67575,Left,0.5580776,0.4419224
37002,Left,0.54761016,0.4523898
9952,Left,0.761036,0.23896404
18371,Stayed,0.11198443,0.88801557
73773,Stayed,0.45060003,0.5494
19926,Left,0.7246306,0.27536944
2248,Stayed,0.20813566,0.79186434
6634,Stayed,0.2569527,0.7430473
44796,Stayed,0.39757925,0.60242075
2377,Stayed,0.27020174,0.72979826
36329,Left,0.9023122,0.0976878
23128,Stayed,0.31078207,0.6892179
13656,Stayed,0.32874006,0.67125994
46683,Stayed,0.17292833,0.82707167
48915,Left,0.5466356,0.4533644
10630,Left,0.85050404,0.14949599
74048,Stayed,0.255961,0.744039
49453,Stayed,0.42863113,0.5713689
38444,Left,0.6144249,0.38557512
17248,Left,0.5509759,0.44902405
68307,Stayed,0.06076145,0.93923855
6082,Stayed,0.22614759,0.7738524
45376,Left,0.75132084,0.24867915
65609,Stayed,0.025795758,0.97420424
72025,Left,0.8790734,0.12092659
65941,Stayed,0.20871675,0.79128325
2232,Stayed,0.07636076,0.92363924
6840,Left,0.741706,0.25829396
41141,Stayed,0.41302496,0.58697504
59869,Stayed,0.24911755,0.75088245
46133,Left,0.5530956,0.4469044
47172,Left,0.5630865,0.4369135
25418,Left,0.59910226,0.40089774
60219,Stayed,0.3399917,0.6600083
1271,Left,0.5405719,0.45942807
55559,Left,0.5036104,0.49638966
34432,Left,0.83087456,0.16912545
4673,Left,0.67517996,0.32482
44446,Left,0.5795009,0.42049906
36679,Left,0.67362297,0.326377
16400,Stayed,0.2555126,0.7444874
27002,Stayed,0.30352402,0.696476
8454,Stayed,0.46024185,0.53975815
38818,Stayed,0.3036065,0.6963935
31893,Stayed,0.158364,0.841636
56028,Stayed,0.073370755,0.92662925
59375,Left,0.5986763,0.4013237
69119,Stayed,0.37840468,0.6215953
20328,Left,0.5793639,0.42063612
32042,Left,0.636798,0.363202
9846,Stayed,0.23435563,0.7656444
44009,Stayed,0.2753229,0.7246771
29079,Stayed,0.15168369,0.8483163
66756,Stayed,0.06550765,0.93449235
7639,Left,0.53797853,0.46202147
4375,Stayed,0.22427464,0.77572536
40415,Left,0.7804084,0.21959162
52760,Stayed,0.39196122,0.6080388
66300,Left,0.61176264,0.3882374
53898,Left,0.9060559,0.09394404
55028,Stayed,0.013422489,0.9865775
68085,Stayed,0.083141506,0.9168585
20161,Left,0.7667693,0.23323074
52960,Left,0.96271354,0.03728646
41209,Stayed,0.4272532,0.5727468
56498,Left,0.79603076,0.20396924
60372,Stayed,0.25422126,0.74577874
42718,Left,0.75595,0.24405004
30251,Left,0.7227651,0.2772349
9987,Stayed,0.024107635,0.97589236
64728,Left,0.6902076,0.3097924
72018,Stayed,0.4019739,0.5980261
49895,Stayed,0.04202062,0.9579794
66834,Left,0.95081675,0.049183257
16056,Stayed,0.15062737,0.8493726
3736,Stayed,0.37500322,0.6249968
7608,Stayed,0.16094792,0.8390521
1487,Left,0.92699224,0.07300778
62571,Left,0.5004541,0.49954587
71574,Stayed,0.2536376,0.7463624
61106,Stayed,0.13357544,0.86642456
9686,Stayed,0.04620421,0.9537958
53842,Left,0.9038543,0.09614571
4878,Stayed,0.040883422,0.9591166
58963,Left,0.6671197,0.33288032
53294,Left,0.9712066,0.028793411
63654,Left,0.625344,0.37465602
354,Left,0.5697149,0.43028513
8035,Stayed,0.14653295,0.85346705
71331,Left,0.6346365,0.36536348
54441,Left,0.7445494,0.25545058
58213,Stayed,0.14101136,0.85898864
15058,Stayed,0.29928464,0.70071536
72701,Left,0.84405327,0.15594673
58569,Stayed,0.48484963,0.51515037
72184,Left,0.69768095,0.30231905
24471,Stayed,0.49326372,0.5067363
70520,Left,0.87381256,0.12618741
48833,Left,0.7498,0.25019997
43001,Left,0.54515564,0.45484436
57495,Stayed,0.22233284,0.77766716
63477,Left,0.5463052,0.4536948
58587,Left,0.60245764,0.39754236
71766,Stayed,0.30657732,0.6934227
31792,Left,0.75138986,0.24861015
66074,Left,0.7245668,0.27543315
52714,Left,0.8633063,0.13669372
15421,Stayed,0.34107482,0.6589252
67921,Left,0.6478301,0.3521699
45337,Left,0.60345966,0.39654034
73005,Left,0.80000156,0.19999842
14625,Left,0.9050462,0.094953775
40689,Stayed,0.128165,0.871835
50927,Stayed,0.10895932,0.8910407
70818,Left,0.78817284,0.21182717
63615,Stayed,0.22890949,0.7710905
47332,Left,0.7053617,0.29463825
1401,Left,0.6583339,0.3416661
29129,Stayed,0.29552674,0.70447326
59943,Stayed,0.40895462,0.5910454
13880,Stayed,0.34005648,0.6599435
17042,Left,0.6783764,0.32162362
5094,Stayed,0.21886522,0.7811348
38002,Stayed,0.45106834,0.54893166
33500,Stayed,0.22304606,0.77695394
12563,Stayed,0.3220272,0.6779728
33907,Stayed,0.08492577,0.9150742
24262,Stayed,0.1999237,0.8000763
20630,Stayed,0.32127935,0.67872065
68440,Stayed,0.15012276,0.84987724
31543,Stayed,0.13606381,0.8639362
52061,Left,0.79518634,0.20481364
28170,Stayed,0.057501376,0.9424986
37240,Left,0.5186254,0.48137465
63629,Stayed,0.19009328,0.8099067
55288,Stayed,0.1736117,0.8263883
59014,Left,0.9539962,0.04600383
6436,Left,0.5652359,0.4347641
67098,Stayed,0.26833284,0.73166716
69643,Left,0.5181437,0.4818563
13955,Left,0.9688869,0.031113112
32724,Stayed,0.11510986,0.88489014
17903,Left,0.55154073,0.44845927
39137,Left,0.60421544,0.39578456
26669,Left,0.83959436,0.16040562
72230,Left,0.5143978,0.4856022
7672,Stayed,0.1391046,0.8608954
7674,Stayed,0.45320928,0.5467907
57600,Left,0.9329238,0.067076184
55733,Stayed,0.44711828,0.5528817
45974,Stayed,0.38781995,0.61218005
64872,Left,0.8758998,0.12410018
50903,Left,0.5614889,0.43851107
60734,Stayed,0.18713486,0.81286514
60627,Left,0.77111375,0.22888628
40093,Left,0.93763125,0.06236873
46389,Stayed,0.16141403,0.838586
60162,Stayed,0.08851451,0.9114855
1976,Stayed,0.3642097,0.6357903
36970,Left,0.6392689,0.36073115
69271,Left,0.6967286,0.30327138
51980,Stayed,0.33167106,0.66832894
30560,Stayed,0.4254774,0.5745226
55370,Stayed,0.32647926,0.67352074
66684,Stayed,0.45117122,0.5488288
50456,Left,0.5239923,0.47600773
60779,Stayed,0.021881998,0.978118
31399,Stayed,0.27234137,0.7276586
26846,Stayed,0.36803102,0.631969
14511,Stayed,0.4711942,0.5288058
71258,Left,0.79886603,0.20113394
17293,Stayed,0.46778566,0.53221434
72544,Stayed,0.23768908,0.7623109
54130,Left,0.87303805,0.12696193
32435,Left,0.9269989,0.07300108
30823,Left,0.8059866,0.19401342
14175,Stayed,0.37591898,0.624081
13543,Stayed,0.08574331,0.9142567
45120,Left,0.61197954,0.38802046
9119,Stayed,0.24899441,0.7510056
38959,Stayed,0.1304273,0.8695727
32554,Left,0.9710549,0.028945085
65816,Left,0.5885044,0.41149563
69319,Left,0.972362,0.027638035
57307,Stayed,0.19515526,0.80484474
24097,Stayed,0.1814878,0.8185122
23681,Stayed,0.4086781,0.5913219
28666,Stayed,0.06154889,0.9384511
20869,Stayed,0.37138098,0.628619
8012,Stayed,0.026559472,0.9734405
30377,Stayed,0.21875656,0.78124344
2433,Left,0.7104615,0.2895385
12137,Stayed,0.08185941,0.9181406
3273,Stayed,0.1294139,0.8705861
42729,Left,0.57219315,0.42780685
64636,Stayed,0.09491211,0.9050879
43641,Left,0.8264674,0.17353259
1155,Stayed,0.042525113,0.9574749
12801,Stayed,0.23381001,0.76619
45817,Left,0.6028429,0.3971571
44206,Stayed,0.11166406,0.88833594
48228,Stayed,0.20304,0.79696
39068,Left,0.6774831,0.32251692
40827,Stayed,0.02545166,0.97454834
18586,Stayed,0.17601115,0.82398885
13912,Stayed,0.101572275,0.8984277
61301,Left,0.58825254,0.41174743
59274,Left,0.7733452,0.22665484
48904,Stayed,0.46273214,0.53726786
16235,Stayed,0.27061403,0.729386
8884,Stayed,0.29708284,0.70291716
60935,Stayed,0.09901309,0.9009869
2579,Left,0.82340926,0.17659073
23673,Stayed,0.2980718,0.7019282
63662,Stayed,0.44894934,0.55105066
53680,Left,0.98364,0.016359983
22193,Stayed,0.04536271,0.9546373
70224,Left,0.806,0.19400004
28749,Stayed,0.05987799,0.940122
53903,Left,0.82012093,0.17987905
67985,Stayed,0.09459823,0.90540177
47748,Stayed,0.3489673,0.6510327
27987,Left,0.6681297,0.3318703
5967,Left,0.9806734,0.019326655
70809,Stayed,0.42917877,0.5708212
43937,Stayed,0.10983479,0.8901652
9451,Stayed,0.30343598,0.696564
39687,Stayed,0.3272769,0.6727231
13727,Left,0.5406126,0.45938745
32473,Stayed,0.208197,0.791803
63390,Stayed,0.3830666,0.6169334
4066,Stayed,0.036150813,0.9638492
30623,Stayed,0.323353,0.676647
60752,Left,0.77896005,0.22103994
42362,Left,0.6615958,0.33840415
5740,Left,0.5436909,0.4563091
11924,Left,0.742061,0.257939
20199,Stayed,0.2239269,0.7760731
25386,Stayed,0.0675661,0.9324339
11862,Stayed,0.42887533,0.5711247
47179,Left,0.5812351,0.4187649
30596,Left,0.6458857,0.3541143
28415,Left,0.90989137,0.090108655
5820,Stayed,0.028190732,0.97180927
6499,Left,0.86557317,0.13442686
67370,Stayed,0.016511858,0.98348814
33567,Left,0.85991883,0.1400812
4140,Stayed,0.394292,0.605708
32766,Left,0.774844,0.225156
56477,Stayed,0.14791864,0.85208136
65001,Left,0.5702425,0.42975748
39054,Stayed,0.48463035,0.51536965
49025,Left,0.53521085,0.46478918
32708,Stayed,0.34130412,0.6586959
9761,Left,0.6784229,0.32157707
24529,Stayed,0.060788274,0.9392117
32919,Left,0.616858,0.383142
21697,Left,0.97427005,0.02572996
9208,Left,0.9259563,0.074043676
19355,Stayed,0.09910947,0.9008905
49135,Left,0.62150246,0.37849754
54570,Stayed,0.31663716,0.68336284
16294,Stayed,0.23729348,0.7627065
14113,Left,0.90872175,0.09127827
65524,Stayed,0.31092572,0.6890743
64021,Stayed,0.32537907,0.6746209
37074,Left,0.5805608,0.41943917
46281,Stayed,0.076820314,0.9231797
15231,Stayed,0.06290692,0.9370931
58001,Left,0.6359478,0.36405218
69017,Stayed,0.09898579,0.9010142
17263,Stayed,0.47521126,0.52478874
12352,Left,0.6408568,0.3591432
28424,Left,0.6673471,0.3326529
27396,Left,0.9536463,0.046353687
58679,Stayed,0.4173361,0.5826639
9196,Left,0.93316823,0.06683176
22315,Left,0.9722801,0.027719935
451,Stayed,0.1370297,0.8629703
68169,Stayed,0.060015917,0.9399841
27523,Left,0.9321091,0.06789087
25143,Stayed,0.35206723,0.64793277
8335,Stayed,0.28146088,0.7185391
72469,Left,0.7010675,0.2989325
44382,Left,0.78227144,0.21772854
54055,Stayed,0.24329537,0.7567046
70087,Stayed,0.23490536,0.76509464
72946,Stayed,0.10947269,0.8905273
42068,Left,0.76260734,0.23739266
63373,Stayed,0.4483099,0.5516901
23114,Left,0.9089175,0.091082536
20628,Stayed,0.025972307,0.9740277
31907,Left,0.7154238,0.28457615
8683,Left,0.538237,0.46176302
39677,Left,0.5014484,0.49855164
15518,Left,0.6499312,0.3500688
17974,Stayed,0.060494244,0.93950576
53397,Stayed,0.22411042,0.7758896
25485,Left,0.8609036,0.13909641
50202,Left,0.88973504,0.11026496
28367,Left,0.69502664,0.30497333
66193,Left,0.93307865,0.06692135
18553,Left,0.7229015,0.27709848
28336,Left,0.62285316,0.37714687
25503,Stayed,0.16904187,0.8309581
1865,Stayed,0.4267879,0.5732121
38176,Stayed,0.13933557,0.8606644
8237,Stayed,0.44893253,0.5510675
32833,Stayed,0.19847578,0.8015242
50166,Left,0.7716323,0.22836766
24146,Stayed,0.37462252,0.6253775
16571,Stayed,0.10941768,0.8905823
42089,Left,0.7293556,0.2706444
8588,Stayed,0.3753634,0.6246366
6965,Stayed,0.15051436,0.84948564
54791,Stayed,0.4404211,0.5595789
2684,Stayed,0.3282448,0.6717552
41918,Left,0.9559637,0.04403633
4640,Left,0.7562556,0.2437444
37789,Left,0.6177182,0.38228178
38762,Stayed,0.29228264,0.70771736
50760,Left,0.9271347,0.072865285
15718,Left,0.7566968,0.24330321
72420,Left,0.64083123,0.35916877
33517,Left,0.53283757,0.46716243
18003,Stayed,0.46479827,0.5352017
45667,Left,0.5572547,0.44274533
40905,Stayed,0.46727532,0.5327247
58090,Left,0.5466965,0.45330352
40045,Stayed,0.08257574,0.91742426
26517,Left,0.5411483,0.45885167
37918,Left,0.61255795,0.38744205
68489,Stayed,0.41360646,0.58639354
54125,Stayed,0.18237537,0.8176246
28994,Left,0.6585691,0.34143093
3716,Left,0.57978255,0.42021745
26986,Stayed,0.48130554,0.51869446
32249,Stayed,0.23486423,0.76513577
14876,Stayed,0.4761693,0.5238307
35916,Left,0.8774601,0.122539885
70632,Left,0.9271189,0.072881095
21930,Stayed,0.05164808,0.9483519
29103,Stayed,0.091460705,0.9085393
66754,Stayed,0.11640799,0.883592
57083,Stayed,0.20496231,0.7950377
30447,Left,0.8217698,0.17823023
27353,Stayed,0.48025352,0.5197465
27853,Left,0.63405657,0.36594346
67534,Left,0.83451706,0.16548294
43614,Stayed,0.30026454,0.69973546
41964,Stayed,0.2497592,0.7502408
6457,Stayed,0.43421644,0.56578356
58797,Left,0.92897683,0.07102319
25293,Stayed,0.365013,0.634987
41051,Stayed,0.27068728,0.7293127
56343,Left,0.54743695,0.45256308
68210,Stayed,0.24865383,0.7513462
68920,Stayed,0.20306104,0.79693896
9929,Stayed,0.22810966,0.77189034
45363,Left,0.8747727,0.12522729
72614,Stayed,0.3240236,0.6759764
37185,Stayed,0.025394738,0.97460526
3661,Left,0.8554664,0.14453359
74450,Stayed,0.079704165,0.92029583
7302,Stayed,0.026855826,0.9731442
58264,Stayed,0.39905196,0.60094804
47399,Stayed,0.10307515,0.89692485
37111,Left,0.9657591,0.034240894
70966,Stayed,0.025553226,0.9744468
3078,Stayed,0.38815373,0.61184627
28106,Left,0.9146448,0.085355245
48613,Stayed,0.4619122,0.5380878
61724,Stayed,0.4408431,0.5591569
68346,Left,0.5815291,0.41847092
60630,Stayed,0.45748758,0.5425124
52431,Stayed,0.14990497,0.85009503
28241,Stayed,0.17470378,0.8252962
29893,Stayed,0.3876744,0.6123256
21045,Stayed,0.14034915,0.85965085
8787,Stayed,0.4452601,0.5547399
10239,Stayed,0.1861707,0.8138293
51425,Left,0.9455927,0.054407306
16420,Stayed,0.18789244,0.81210756
8614,Stayed,0.3821947,0.6178053
69470,Left,0.5934428,0.4065572
7556,Stayed,0.03537917,0.9646208
26336,Stayed,0.425547,0.574453
73275,Left,0.93318594,0.066814095
33191,Left,0.66915846,0.33084154
26834,Left,0.5738171,0.42618293
46744,Stayed,0.34736282,0.6526372
56068,Stayed,0.27467453,0.72532547
36262,Stayed,0.105410755,0.89458925
60652,Left,0.7420707,0.25792935
34096,Left,0.5844492,0.41555083
68599,Stayed,0.23580015,0.76419985
32527,Stayed,0.1577385,0.8422615
60792,Stayed,0.29215348,0.7078465
27681,Left,0.8277941,0.17220591
22402,Stayed,0.37129003,0.62871
56946,Stayed,0.4952321,0.5047679
48173,Stayed,0.15718377,0.84281623
11349,Left,0.78271616,0.21728387
7749,Left,0.8851006,0.1148994
35189,Left,0.5734223,0.42657766
64466,Left,0.7798448,0.2201552
52125,Stayed,0.054074943,0.94592506
51464,Stayed,0.14488083,0.85511917
64651,Stayed,0.10650557,0.8934944
18597,Left,0.79810417,0.20189582
23821,Stayed,0.122067034,0.87793297
72429,Left,0.87670755,0.12329246
38461,Left,0.7076187,0.29238132
50379,Stayed,0.15202677,0.8479732
59243,Stayed,0.30636156,0.69363844
73262,Stayed,0.4602304,0.5397696
33545,Stayed,0.08004892,0.9199511
7321,Left,0.7579272,0.2420728
5670,Left,0.7911328,0.20886722
31371,Stayed,0.32937437,0.6706256
13371,Stayed,0.02786076,0.97213924
8954,Stayed,0.05083984,0.94916016
23499,Stayed,0.21017516,0.78982484
34705,Stayed,0.09276241,0.9072376
3121,Stayed,0.2534635,0.7465365
23240,Stayed,0.30847448,0.6915255
28096,Stayed,0.21360272,0.7863973
51647,Stayed,0.034428537,0.96557146
20526,Stayed,0.017798364,0.98220164
11539,Stayed,0.11762786,0.88237214
51403,Stayed,0.0860154,0.9139846
20951,Left,0.5916241,0.40837592
56939,Stayed,0.28219128,0.7178087
24482,Stayed,0.3781436,0.6218564
33076,Stayed,0.49920303,0.500797
29276,Left,0.68932927,0.31067076
63360,Stayed,0.109919906,0.8900801
67849,Stayed,0.14149296,0.85850704
29995,Left,0.96799105,0.032008965
43915,Left,0.54585415,0.45414585
6574,Stayed,0.46689707,0.5331029
16172,Stayed,0.22701055,0.77298945
9759,Left,0.5665482,0.43345177
2792,Left,0.6060325,0.39396748
8310,Left,0.8439851,0.15601492
29167,Stayed,0.2596764,0.7403236
5,Left,0.84056586,0.15943412
7859,Stayed,0.30586648,0.6941335
42374,Stayed,0.41612494,0.58387506
73360,Stayed,0.31817484,0.68182516
57842,Stayed,0.4721325,0.5278675
39373,Left,0.85232043,0.1476796
47301,Stayed,0.04382527,0.95617473
36733,Stayed,0.14200455,0.85799545
53304,Stayed,0.12667292,0.8733271
38772,Left,0.9470207,0.05297931
55852,Left,0.8662282,0.13377179
67401,Left,0.53227997,0.46772006
26203,Stayed,0.058104277,0.9418957
22305,Stayed,0.30941284,0.69058716
54138,Left,0.94579816,0.05420181
69018,Stayed,0.03746122,0.9625388
16797,Stayed,0.24741793,0.7525821
52487,Left,0.95291203,0.047087945
45101,Left,0.91262954,0.087370455
20777,Left,0.53798157,0.46201843
18818,Stayed,0.49545974,0.50454026
29271,Stayed,0.19160962,0.8083904
10613,Left,0.9335439,0.06645605
47793,Left,0.58636236,0.41363764
26398,Left,0.7894631,0.21053688
71992,Left,0.53005344,0.46994656
57566,Stayed,0.051846683,0.9481533
66846,Left,0.7188604,0.28113958
45971,Left,0.96326834,0.03673167
41823,Left,0.92763025,0.07236973
45732,Left,0.79147464,0.20852536
24386,Left,0.9657086,0.034291364
4035,Stayed,0.4069041,0.5930959
10918,Left,0.6210704,0.37892962
70582,Stayed,0.34726346,0.65273654
10948,Stayed,0.25286347,0.74713653
11780,Stayed,0.13190162,0.8680984
40237,Left,0.64001817,0.35998183
13142,Stayed,0.010469675,0.9895303
47769,Left,0.514751,0.48524898
45087,Stayed,0.058670938,0.94132906
22052,Stayed,0.39670157,0.6032984
68938,Left,0.6581193,0.34188065
43594,Left,0.67900044,0.32099956
68891,Stayed,0.4043041,0.5956959
7791,Left,0.6667975,0.3332025
63157,Stayed,0.4560054,0.5439946
25146,Left,0.5716941,0.42830592
62907,Left,0.6791903,0.3208097
71819,Left,0.6534531,0.3465469
61169,Stayed,0.05337602,0.946624
33061,Left,0.60151076,0.39848924
57104,Stayed,0.14404857,0.8559514
43513,Stayed,0.25258988,0.7474101
32418,Stayed,0.39589626,0.60410374
35974,Left,0.9872941,0.0127059305
48104,Stayed,0.22613603,0.773864
17993,Stayed,0.3290227,0.6709773
70914,Stayed,0.026162744,0.97383726
20583,Left,0.7452655,0.2547345
11547,Stayed,0.27173108,0.7282689
57727,Left,0.73742974,0.2625703
7603,Stayed,0.04216796,0.95783204
14141,Stayed,0.17044604,0.82955396
69551,Stayed,0.23318338,0.7668166
51478,Stayed,0.054331303,0.9456687
27068,Left,0.70947033,0.29052967
69101,Left,0.7107113,0.2892887
19453,Left,0.52490467,0.47509533
37802,Stayed,0.19270164,0.80729836
11690,Left,0.98149997,0.01850003
37184,Left,0.5325141,0.4674859
35716,Left,0.69125587,0.30874413
14378,Stayed,0.17542177,0.8245782
63267,Left,0.944917,0.055082954
62020,Left,0.82745945,0.17254053
61614,Stayed,0.019660056,0.98033994
26741,Left,0.95880836,0.04119166
60760,Left,0.84886724,0.15113276
61877,Left,0.8258509,0.1741491
21871,Stayed,0.43133944,0.56866056
20788,Stayed,0.12658787,0.87341213
42365,Stayed,0.24198359,0.7580164
19161,Left,0.9346263,0.06537371
28764,Left,0.89396906,0.10603097
56938,Left,0.7618269,0.23817313
16270,Left,0.54101837,0.45898166
27948,Left,0.6420034,0.35799655
34793,Stayed,0.17883688,0.8211631
17783,Stayed,0.40932316,0.59067684
29904,Stayed,0.11797166,0.88202834
60900,Left,0.71831167,0.28168833
19242,Stayed,0.13802934,0.86197066
8902,Left,0.87123483,0.12876518
2837,Left,0.6715112,0.3284888
17479,Stayed,0.08474839,0.9152516
69048,Left,0.92891085,0.07108918
32065,Left,0.8571163,0.14288373
44539,Left,0.7615705,0.23842947
70040,Stayed,0.040322304,0.9596777
43520,Stayed,0.13610828,0.8638917
33808,Left,0.56776464,0.43223536
9209,Left,0.61416787,0.38583213
1289,Left,0.6683377,0.33166227
9955,Stayed,0.49022663,0.5097734
34258,Left,0.7597085,0.24029148
30316,Left,0.77566135,0.22433862
55846,Left,0.53753644,0.46246356
35122,Left,0.64285326,0.35714677
14088,Stayed,0.1802901,0.8197099
12274,Left,0.7499138,0.25008622
35544,Stayed,0.48436123,0.51563877
50508,Left,0.896009,0.10399097
7025,Stayed,0.023758054,0.97624195
72035,Left,0.50436354,0.4956365
48951,Stayed,0.238397,0.761603
53904,Stayed,0.2539034,0.7460966
66917,Left,0.5830455,0.41695452
11083,Stayed,0.22265732,0.7773427
59483,Stayed,0.34598094,0.65401906
58476,Stayed,0.051101625,0.9488984
15436,Stayed,0.31763303,0.68236697
31731,Left,0.8280506,0.17194936
42243,Left,0.7500202,0.2499798
45881,Left,0.59083664,0.40916336
34533,Left,0.7013062,0.29869378
69079,Stayed,0.46933746,0.53066254
54553,Stayed,0.2786383,0.7213617
66958,Left,0.5765571,0.4234429
3419,Stayed,0.08620411,0.9137959
24987,Left,0.5792926,0.4207074
24025,Stayed,0.47609365,0.52390635
24177,Stayed,0.26971692,0.7302831
54965,Left,0.94353557,0.056464408
13251,Stayed,0.04099834,0.95900166
2194,Stayed,0.03137213,0.96862787
30282,Stayed,0.19620782,0.8037922
46802,Stayed,0.30941975,0.69058025
63277,Stayed,0.058192372,0.9418076
66081,Left,0.75034994,0.24965005
10343,Stayed,0.40236765,0.59763235
65746,Stayed,0.4633193,0.5366807
59756,Stayed,0.42606914,0.57393086
31719,Left,0.83312887,0.16687113
21648,Stayed,0.08584142,0.9141586
15292,Left,0.7994876,0.20051241
9056,Stayed,0.36394894,0.63605106
11467,Stayed,0.37734282,0.6226572
15695,Stayed,0.08884436,0.91115564
56771,Stayed,0.04501462,0.9549854
68060,Stayed,0.49249578,0.5075042
41885,Left,0.5588174,0.4411826
32952,Left,0.9108962,0.08910382
1585,Stayed,0.047607005,0.952393
37174,Stayed,0.008233488,0.9917665
31838,Stayed,0.092406094,0.9075939
35581,Left,0.5214131,0.4785869
1484,Stayed,0.06769347,0.9323065
58362,Stayed,0.0348804,0.9651196
5976,Stayed,0.31814927,0.68185073
56513,Left,0.7555566,0.24444345
62090,Stayed,0.29579067,0.7042093
31149,Stayed,0.45019788,0.5498021
20693,Left,0.62116647,0.37883353
8601,Stayed,0.43195856,0.56804144
61723,Stayed,0.41727942,0.5827206
70657,Stayed,0.026532471,0.9734675
44848,Left,0.89886165,0.101138376
65613,Stayed,0.41649705,0.58350295
59807,Stayed,0.119629204,0.8803708
30665,Stayed,0.4623567,0.5376433
54920,Left,0.55967784,0.44032213
48113,Left,0.9337996,0.066200346
3602,Stayed,0.13488442,0.8651156
28911,Left,0.7779184,0.22208159
70154,Stayed,0.18907964,0.81092036
61989,Stayed,0.2660976,0.7339024
61880,Left,0.7531456,0.24685445
22664,Stayed,0.060922742,0.93907726
64121,Stayed,0.3834095,0.6165905
54210,Stayed,0.21382612,0.7861739
16444,Stayed,0.20789129,0.7921087
23944,Stayed,0.29848647,0.7015135
52051,Left,0.72454154,0.27545848
44582,Left,0.9498185,0.0501815
31305,Stayed,0.48652428,0.5134757
16324,Stayed,0.4737321,0.5262679
39796,Stayed,0.46058464,0.53941536
74268,Stayed,0.45412332,0.5458767
36118,Left,0.89655495,0.103445075
26847,Stayed,0.05048132,0.9495187
71062,Stayed,0.3551007,0.6448993
12419,Stayed,0.38327175,0.61672825
1524,Left,0.51784843,0.48215157
54915,Left,0.831867,0.168133
14635,Left,0.59510154,0.40489846
60533,Stayed,0.08439392,0.9156061
6743,Left,0.6325536,0.3674464
12358,Stayed,0.2122944,0.7877056
58376,Stayed,0.46964824,0.53035176
17699,Left,0.62673724,0.3732628
52172,Stayed,0.44993794,0.55006206
20173,Left,0.65159017,0.34840983
9622,Left,0.67165613,0.32834384
3345,Stayed,0.0823921,0.9176079
13362,Stayed,0.2603218,0.7396782
14042,Stayed,0.40966147,0.5903385
2681,Stayed,0.22427946,0.77572054
64823,Stayed,0.15293539,0.8470646
15714,Left,0.7258781,0.2741219
6269,Stayed,0.03161913,0.96838087
67972,Left,0.86943954,0.13056046
58191,Left,0.8798996,0.12010038
60310,Left,0.7054356,0.29456443
57019,Stayed,0.13418812,0.8658119
19294,Stayed,0.25942677,0.7405732
57606,Left,0.77588046,0.22411951
74471,Left,0.8884274,0.11157261
28084,Left,0.90228736,0.09771264
4022,Left,0.9565841,0.043415874
58143,Left,0.960143,0.039856974
39013,Left,0.6200131,0.3799869
6632,Left,0.6126964,0.38730356
65183,Left,0.783479,0.21652102
65284,Stayed,0.10540277,0.89459723
4209,Stayed,0.08905077,0.91094923
40389,Left,0.65240467,0.34759536
1175,Stayed,0.014379084,0.9856209
4901,Stayed,0.027189076,0.9728109
31186,Stayed,0.17032927,0.8296707
1174,Left,0.7311382,0.2688618
23317,Left,0.5344118,0.4655882
8364,Stayed,0.14419365,0.85580635
28219,Stayed,0.04144776,0.95855224
70898,Stayed,0.46633273,0.53366727
63946,Left,0.6124891,0.38751087
73442,Left,0.70967525,0.29032475
68940,Left,0.81397235,0.18602765
73117,Stayed,0.09217626,0.90782374
67726,Left,0.9251748,0.074825235
6526,Stayed,0.38362187,0.6163781
37025,Left,0.9019552,0.0980448
17965,Left,0.58818924,0.41181076
25594,Stayed,0.33188713,0.6681129
50084,Stayed,0.112680435,0.88731956
49782,Left,0.54314876,0.45685127
58355,Left,0.5025891,0.4974109
72621,Stayed,0.03221661,0.9677834
20852,Left,0.5169165,0.48308352
65137,Left,0.54980373,0.45019627
29839,Stayed,0.2938807,0.7061193
57777,Stayed,0.18361801,0.816382
22676,Stayed,0.08151519,0.9184848
48089,Stayed,0.49107486,0.50892514
35966,Left,0.5039507,0.49604928
16871,Stayed,0.023797452,0.97620255
27393,Left,0.7855471,0.21445294
37543,Stayed,0.35208213,0.64791787
27657,Left,0.70215863,0.29784137
49794,Stayed,0.097251296,0.9027487
27480,Left,0.5602486,0.4397514
41729,Left,0.9359054,0.06409459
15515,Left,0.57435095,0.42564908
41378,Left,0.910285,0.089715034
3011,Left,0.7203456,0.2796544
36478,Stayed,0.15182918,0.8481708
60024,Left,0.5359706,0.46402937
36205,Stayed,0.016957283,0.9830427
21074,Left,0.7052649,0.2947351
50568,Left,0.54419446,0.4558055
4246,Stayed,0.14478046,0.85521954
64296,Stayed,0.055422902,0.9445771
53668,Left,0.5139289,0.48607108
27563,Stayed,0.4313351,0.5686649
27071,Stayed,0.21713692,0.7828631
64734,Stayed,0.41244054,0.58755946
48840,Left,0.8369665,0.16303347
51146,Stayed,0.25228912,0.7477109
54066,Stayed,0.19763863,0.80236137
73944,Left,0.52302086,0.47697917
16696,Stayed,0.4291039,0.5708961
15183,Left,0.6960406,0.30395943
44284,Stayed,0.33126217,0.6687378
64065,Stayed,0.24831688,0.7516831
74463,Stayed,0.4948116,0.5051884
7707,Stayed,0.14563781,0.8543622
14965,Stayed,0.13202786,0.86797214
54652,Left,0.6719277,0.32807234
51082,Left,0.93655527,0.06344471
41293,Stayed,0.47315484,0.52684516
65655,Stayed,0.26908028,0.7309197
58674,Left,0.7631112,0.23688881
43790,Left,0.83115405,0.16884594
63900,Left,0.54322386,0.45677614
12284,Stayed,0.1580112,0.8419888
20207,Left,0.5974381,0.4025619
1060,Stayed,0.19192708,0.8080729
59666,Left,0.8380529,0.16194709
63068,Stayed,0.28881037,0.7111896
6897,Left,0.6945837,0.3054163
32837,Left,0.81890965,0.18109037
71968,Stayed,0.04489869,0.9551013
48420,Left,0.5311116,0.46888837
23717,Left,0.60442895,0.39557105
40873,Left,0.9657419,0.034258157
66188,Left,0.80243444,0.19756553
4654,Left,0.9115372,0.0884628
29727,Left,0.9144821,0.08551791
39251,Left,0.93908864,0.06091135
71730,Left,0.8128936,0.18710634
8880,Left,0.7203234,0.27967662
36005,Stayed,0.04633856,0.95366144
20500,Left,0.5644207,0.43557927
56790,Stayed,0.14315462,0.8568454
30830,Left,0.95760787,0.042392105
52304,Left,0.6850964,0.31490362
40705,Stayed,0.18119454,0.81880546
24238,Stayed,0.45619255,0.54380745
38481,Stayed,0.36802202,0.631978
32393,Left,0.564262,0.43573803
52940,Stayed,0.099799335,0.90020066
10281,Left,0.8759371,0.12406288
6530,Stayed,0.23329628,0.7667037
72975,Stayed,0.30989563,0.69010437
17123,Left,0.71249485,0.28750512
42185,Left,0.74510276,0.25489724
43191,Stayed,0.021367013,0.978633
72864,Left,0.84034985,0.15965016
56519,Left,0.8439741,0.1560259
17644,Stayed,0.28615677,0.7138432
11332,Left,0.7619978,0.23800217
45276,Stayed,0.032243192,0.9677568
73297,Stayed,0.39355904,0.60644096
66566,Left,0.66004944,0.33995056
53199,Stayed,0.41265148,0.5873485
36217,Left,0.63272655,0.36727345
11097,Left,0.60541755,0.39458245
24371,Left,0.97956383,0.020436183
23086,Stayed,0.0160681,0.9839319
7468,Left,0.6847753,0.3152247
6759,Stayed,0.28980696,0.71019304
24136,Left,0.8469291,0.15307094
65489,Left,0.79595923,0.20404075
72096,Stayed,0.15957373,0.84042627
28323,Stayed,0.4067877,0.5932123
60363,Stayed,0.1500147,0.8499853
35460,Stayed,0.05129713,0.9487029
7822,Stayed,0.25857586,0.74142414
6484,Left,0.6550218,0.34497824
68654,Left,0.77631736,0.22368266
57112,Stayed,0.2094531,0.7905469
38875,Stayed,0.34033692,0.6596631
49821,Left,0.92488295,0.07511707
20042,Left,0.76760507,0.2323949
52181,Stayed,0.44474328,0.5552567
18934,Stayed,0.32035345,0.67964655
12103,Stayed,0.39831102,0.601689
14077,Left,0.5551013,0.44489872
65873,Stayed,0.08463299,0.915367
13996,Stayed,0.042847693,0.9571523
9923,Left,0.92899024,0.071009755
64940,Stayed,0.1406672,0.8593328
48632,Stayed,0.4302954,0.5697046
41730,Left,0.52063835,0.47936162
12066,Left,0.63468695,0.36531308
44051,Left,0.82269967,0.17730032
2323,Left,0.7385204,0.26147962
375,Left,0.78632516,0.21367486
57632,Left,0.9595067,0.04049333
21765,Left,0.9760193,0.023980666
51734,Left,0.7130656,0.2869344
35857,Stayed,0.11037773,0.8896223
33331,Stayed,0.009884059,0.99011594
20756,Stayed,0.3357371,0.6642629
60559,Stayed,0.33605927,0.6639407
65397,Left,0.7878597,0.21214035
73198,Stayed,0.36601722,0.6339828
13632,Stayed,0.11563599,0.884364
17031,Left,0.8405091,0.1594909
31643,Stayed,0.42848414,0.57151586
31299,Stayed,0.107109666,0.89289033
71616,Stayed,0.27955306,0.72044694
66589,Left,0.70296496,0.29703504
25286,Left,0.83701277,0.1629872
20469,Stayed,0.124489844,0.87551016
11853,Stayed,0.14552963,0.8544704
24522,Stayed,0.41573232,0.5842677
44241,Left,0.63519114,0.36480886
19133,Stayed,0.21358871,0.7864113
65532,Left,0.6313201,0.3686799
47211,Stayed,0.32816744,0.67183256
54030,Stayed,0.42926532,0.5707347
24014,Left,0.8866013,0.11339867
12558,Left,0.65980124,0.34019879
70512,Left,0.6329665,0.36703345
22378,Left,0.93916786,0.06083214
64873,Stayed,0.4837585,0.5162415
58886,Stayed,0.18861389,0.8113861
60176,Stayed,0.23803085,0.76196915
73769,Left,0.72038454,0.27961546
4417,Left,0.87906456,0.12093546
9843,Stayed,0.23516512,0.7648349
16394,Stayed,0.22464025,0.77535975
59972,Stayed,0.3160736,0.6839264
11543,Stayed,0.4975968,0.5024032
21596,Left,0.64725256,0.35274744
11941,Stayed,0.16301829,0.8369817
3714,Stayed,0.44112796,0.55887204
52761,Stayed,0.20382637,0.79617363
11567,Left,0.8837661,0.11623388
73557,Left,0.65940404,0.34059596
46819,Stayed,0.37724555,0.62275445
69944,Left,0.9298753,0.07012471
39229,Left,0.5877969,0.41220304
61634,Stayed,0.28991628,0.7100837
4919,Stayed,0.22875851,0.7712415
54980,Stayed,0.029649079,0.9703509
74015,Stayed,0.43988085,0.56011915
44719,Stayed,0.16329229,0.8367077
59476,Stayed,0.111195385,0.8888046
55687,Left,0.80105996,0.19894002
15200,Stayed,0.013973117,0.9860269
70871,Left,0.5974623,0.40253767
26773,Left,0.90121543,0.098784596
45176,Stayed,0.19834054,0.80165946
50262,Stayed,0.039830387,0.9601696
20209,Stayed,0.22738725,0.77261275
62862,Left,0.8284431,0.17155689
48021,Left,0.50685,0.49315003
65850,Left,0.6266663,0.37333372
7965,Stayed,0.4949326,0.5050674
12521,Left,0.7129039,0.28709608
34396,Stayed,0.099903405,0.9000966
44358,Stayed,0.34370077,0.65629923
67644,Left,0.6797209,0.32027915
13932,Left,0.7011111,0.29888895
22945,Stayed,0.39545566,0.60454434
43091,Stayed,0.4569134,0.5430866
34296,Left,0.93588614,0.06411384
5947,Left,0.87369514,0.1263049
70281,Left,0.92235464,0.07764538
73640,Stayed,0.4022721,0.5977279
32929,Left,0.60651416,0.39348584
59831,Stayed,0.20524544,0.79475456
59330,Left,0.82933426,0.17066571
15208,Stayed,0.24598074,0.75401926
12784,Left,0.6355709,0.36442915
52900,Stayed,0.3180464,0.6819536
16822,Stayed,0.05144328,0.9485567
73217,Stayed,0.48695976,0.51304024
32756,Left,0.826895,0.17310497
50056,Stayed,0.034179688,0.9658203
50765,Stayed,0.48374104,0.51625896
730,Stayed,0.01735437,0.98264563
62979,Stayed,0.4213856,0.5786144
44518,Stayed,0.3908534,0.6091466
15394,Stayed,0.29347563,0.7065244
70176,Left,0.6085543,0.3914457
16707,Stayed,0.40446615,0.59553385
41889,Stayed,0.35294008,0.6470599
70431,Left,0.6979119,0.30208808
30013,Stayed,0.43634635,0.56365365
8642,Left,0.9437677,0.056232274
36035,Left,0.7698411,0.23015891
81,Left,0.7367793,0.26322073
27090,Left,0.8300514,0.16994855
62757,Stayed,0.015893996,0.984106
630,Left,0.6427797,0.3572203
56436,Left,0.778076,0.22192399
21446,Stayed,0.12137526,0.87862474
61116,Stayed,0.049975097,0.9500249
875,Stayed,0.077791154,0.92220885
7107,Left,0.52159524,0.4784048
12821,Left,0.73211575,0.26788428
6544,Stayed,0.38612342,0.6138766
73636,Left,0.6588187,0.3411813
42664,Stayed,0.44342607,0.5565739
2219,Left,0.7068954,0.2931046
47104,Stayed,0.27025223,0.7297478
4752,Stayed,0.3821652,0.6178348
27368,Left,0.65534186,0.34465814
55591,Left,0.68184537,0.31815463
16903,Stayed,0.37336802,0.626632
66165,Stayed,0.36051393,0.6394861
56371,Stayed,0.055862367,0.94413763
24656,Left,0.7765725,0.22342747
57464,Stayed,0.077188134,0.92281187
31204,Stayed,0.26098156,0.73901844
66611,Left,0.63436544,0.36563453
6166,Stayed,0.076770544,0.92322946
73062,Left,0.6039531,0.39604688
59880,Stayed,0.39688706,0.60311294
64258,Stayed,0.47768235,0.52231765
70609,Stayed,0.3181014,0.6818986
64217,Stayed,0.46197224,0.53802776
16132,Stayed,0.07903439,0.9209656
12068,Left,0.8946477,0.10535227
12291,Stayed,0.14442354,0.85557646
54924,Left,0.5446762,0.45532385
35445,Left,0.63734335,0.36265665
13859,Stayed,0.10790098,0.892099
55430,Stayed,0.40138322,0.5986168
34356,Left,0.5261531,0.47384688
58207,Stayed,0.4324934,0.5675066
63358,Stayed,0.043749273,0.9562507
46335,Stayed,0.094469786,0.9055302
54596,Stayed,0.2536378,0.7463622
18845,Left,0.9590947,0.040905286
25616,Stayed,0.31289226,0.68710774
21112,Left,0.89111596,0.108884014
30381,Stayed,0.37673378,0.6232662
52217,Stayed,0.3784256,0.6215744
53384,Left,0.6677385,0.3322615
14370,Left,0.75381076,0.24618927
22810,Left,0.6513101,0.34868994
71251,Stayed,0.06794435,0.93205565
21921,Left,0.7638098,0.23619023
40486,Left,0.5575801,0.44241986
51748,Stayed,0.27268165,0.72731835
58520,Stayed,0.36422688,0.6357731
67872,Stayed,0.10218471,0.8978153
68388,Left,0.79402477,0.20597522
51170,Stayed,0.32555825,0.67444175
47434,Left,0.8303672,0.1696328
1514,Left,0.7648935,0.23510651
58394,Stayed,0.2881133,0.7118867
72668,Left,0.9703327,0.029667297
57897,Left,0.9502674,0.049732633
3952,Stayed,0.38308293,0.6169171
51104,Stayed,0.1281277,0.8718723
40926,Stayed,0.2637604,0.7362396
42,Stayed,0.048749745,0.95125026
21476,Left,0.86644745,0.13355258
1645,Stayed,0.48226517,0.5177348
66887,Stayed,0.30535704,0.69464296
19717,Stayed,0.028880239,0.97111976
30919,Left,0.7003635,0.29963648
65561,Left,0.8497013,0.1502987
44458,Left,0.55126464,0.44873533
32842,Stayed,0.43163633,0.56836367
8050,Stayed,0.18084592,0.8191541
34082,Stayed,0.36957574,0.63042426
18238,Left,0.7922373,0.20776269
2518,Left,0.6967867,0.3032133
32396,Left,0.5950693,0.4049307
1292,Stayed,0.4124139,0.5875861
56223,Left,0.5871208,0.41287926
14702,Left,0.5025138,0.49748617
22709,Stayed,0.028552651,0.97144735
23973,Stayed,0.34472674,0.65527326
58129,Left,0.7052239,0.2947761
28389,Stayed,0.30413967,0.6958603
51890,Left,0.87838805,0.12161196
68590,Left,0.85765177,0.14234823
17191,Left,0.7366095,0.26339048
41503,Stayed,0.18040621,0.8195938
31564,Stayed,0.07062596,0.92937404
57489,Stayed,0.020468712,0.9795313
24995,Stayed,0.026623309,0.9733767
52658,Stayed,0.27670133,0.72329867
15923,Left,0.6144341,0.38556588
48406,Stayed,0.37903607,0.62096393
25947,Stayed,0.052630305,0.9473697
51147,Stayed,0.443937,0.556063
11584,Stayed,0.39838684,0.60161316
30232,Left,0.50539315,0.49460688
20459,Left,0.8595406,0.14045945
1290,Left,0.9014907,0.098509304
56075,Stayed,0.36707455,0.63292545
57320,Left,0.71586096,0.28413904
63052,Stayed,0.4426089,0.5573911
49126,Left,0.67628646,0.3237135
10466,Left,0.8188675,0.18113251
68158,Stayed,0.32216108,0.6778389
17354,Stayed,0.36865956,0.63134044
829,Stayed,0.4469387,0.5530613
70190,Stayed,0.43685973,0.5631403
17874,Left,0.9181701,0.08182991
48838,Left,0.5478215,0.45217848
20226,Left,0.5006877,0.49931228
20483,Left,0.94919926,0.050800722
21739,Stayed,0.21020198,0.789798
50565,Stayed,0.16726089,0.8327391
50615,Stayed,0.28487635,0.71512365
38622,Left,0.8830072,0.11699278
47270,Left,0.917376,0.08262403
22867,Stayed,0.26564574,0.73435426
32028,Left,0.66060454,0.33939546
37558,Stayed,0.097572744,0.90242726
42939,Stayed,0.19745529,0.8025447
56080,Left,0.8983084,0.10169161
37379,Stayed,0.05783409,0.9421659
67781,Stayed,0.21369553,0.7863045
48213,Stayed,0.1017586,0.8982414
60598,Left,0.8785666,0.12143336
68603,Left,0.94010407,0.059895944
26450,Left,0.79811895,0.20188108
63420,Stayed,0.24128312,0.7587169
18851,Stayed,0.028351128,0.9716489
36897,Left,0.5186939,0.48130605
59513,Stayed,0.1202963,0.8797037
38269,Stayed,0.066174805,0.9338252
3428,Left,0.6582047,0.34179536
9299,Stayed,0.37059188,0.6294081
19520,Left,0.6041025,0.39589754
40828,Stayed,0.049779773,0.9502202
46289,Stayed,0.06254208,0.9374579
3283,Stayed,0.44060022,0.5593998
28102,Left,0.8597531,0.14024694
70704,Left,0.59591305,0.40408698
68958,Left,0.92668355,0.073316455
1995,Stayed,0.14249718,0.8575028
36230,Left,0.52735734,0.4726427
8232,Stayed,0.48304844,0.51695156
34972,Stayed,0.0923534,0.9076466
61947,Left,0.9739844,0.026015569
73273,Stayed,0.24913198,0.750868
59971,Stayed,0.1797579,0.8202421
72003,Left,0.92054975,0.07945024
35583,Left,0.8043858,0.19561425
29882,Left,0.7160884,0.28391156
49603,Stayed,0.29451746,0.70548254
3119,Stayed,0.037615597,0.9623844
64089,Stayed,0.06628597,0.93371403
73080,Stayed,0.3656553,0.6343447
66127,Stayed,0.30354172,0.6964583
38297,Left,0.84728193,0.15271807
25019,Left,0.8609688,0.13903117
24621,Stayed,0.48167604,0.51832396
73856,Stayed,0.09648442,0.9035156
33991,Left,0.9545599,0.04544005
33204,Stayed,0.28373522,0.7162648
46313,Left,0.64525807,0.35474193
41036,Left,0.9731994,0.026800549
14166,Stayed,0.18313062,0.8168694
60227,Stayed,0.46921396,0.53078604
42492,Stayed,0.052252352,0.94774765
25914,Left,0.61201274,0.3879873
37239,Stayed,0.3215115,0.6784885
61898,Stayed,0.29181367,0.7081863
71525,Stayed,0.4416532,0.5583468
50035,Left,0.7217993,0.2782007
64458,Stayed,0.4616952,0.5383048
14132,Stayed,0.42168945,0.57831055
26900,Left,0.7366432,0.26335678
15023,Left,0.9625911,0.037408885
25487,Stayed,0.06815153,0.93184847
11120,Left,0.7627972,0.23720284
37928,Stayed,0.253565,0.746435
33457,Left,0.9476914,0.052308597
37986,Left,0.6528022,0.34719777
40396,Stayed,0.2881639,0.7118361
70807,Left,0.56575394,0.4342461
8365,Left,0.95814806,0.04185195
11114,Stayed,0.1592632,0.8407368
41118,Stayed,0.16739607,0.83260393
22653,Left,0.6384343,0.36156568
33254,Left,0.61294854,0.38705146
52076,Left,0.61958206,0.38041794
12800,Left,0.8863414,0.11365859
71250,Left,0.6707814,0.3292186
40522,Stayed,0.1737197,0.8262803
67325,Left,0.6461402,0.3538598
22326,Stayed,0.034912944,0.96508706
39037,Left,0.89128906,0.10871092
24696,Left,0.766482,0.23351802
3934,Stayed,0.38689303,0.61310697
50319,Left,0.55304086,0.44695914
66138,Left,0.892753,0.10724702
12619,Stayed,0.07741213,0.9225879
49375,Stayed,0.032711565,0.96728843
35493,Stayed,0.38660645,0.61339355
68374,Left,0.59909964,0.4009004
2211,Stayed,0.1512953,0.8487047
73380,Left,0.8837069,0.11629307
57290,Left,0.7937238,0.20627621
48185,Stayed,0.32882082,0.6711792
58495,Left,0.5259305,0.47406948
14318,Left,0.7700841,0.22991593
20624,Stayed,0.18164235,0.81835765
54563,Stayed,0.0482347,0.9517653
56137,Left,0.6845361,0.31546387
16759,Stayed,0.123330355,0.87666965
7687,Stayed,0.37801254,0.62198746
43855,Left,0.9772647,0.022735296
67711,Left,0.89341736,0.10658262
41310,Left,0.8324602,0.16753976
35744,Stayed,0.032901645,0.96709836
17806,Left,0.9586971,0.04130294
13541,Left,0.88947463,0.1105254
41903,Stayed,0.041455626,0.9585444
34243,Stayed,0.049317658,0.95068234
48177,Stayed,0.45334482,0.5466552
45975,Stayed,0.2665267,0.7334733
6096,Stayed,0.36736727,0.63263273
41028,Stayed,0.08963615,0.91036385
44032,Left,0.6765303,0.3234697
73631,Stayed,0.058623075,0.9413769
32439,Stayed,0.41924697,0.580753
15510,Left,0.9158664,0.08413363
34409,Stayed,0.40467304,0.59532696
68030,Left,0.6173336,0.3826664
35749,Left,0.7080646,0.29193538
32722,Left,0.6143888,0.3856112
72152,Stayed,0.25389278,0.7461072
15579,Left,0.9692232,0.03077678
50039,Left,0.5049636,0.49503642
42683,Left,0.97060364,0.02939633
13536,Left,0.540997,0.45900297
19498,Stayed,0.02499938,0.9750006
45006,Left,0.9658197,0.034180295
60206,Stayed,0.028817654,0.97118235
73235,Stayed,0.07336807,0.9266319
31574,Stayed,0.44228822,0.5577118
48468,Stayed,0.023014903,0.9769851
38379,Left,0.837242,0.16275802
25161,Stayed,0.4106716,0.5893284
4173,Left,0.5353808,0.46461922
54998,Left,0.9074429,0.092557095
7244,Left,0.5170975,0.48290253
41220,Left,0.6605725,0.3394275
42847,Stayed,0.032687306,0.9673127
69557,Left,0.91505474,0.084945284
71020,Stayed,0.11638957,0.8836104
34540,Stayed,0.16529089,0.8347091
31730,Left,0.82080257,0.1791974
61954,Stayed,0.068445444,0.93155456
73854,Stayed,0.49128085,0.50871915
46067,Left,0.7972295,0.20277047
22966,Stayed,0.05784905,0.94215095
44626,Left,0.6558218,0.34417817
43296,Left,0.5561442,0.44385582
59262,Stayed,0.2885362,0.7114638
61678,Stayed,0.16990024,0.83009976
29700,Left,0.9235036,0.076496415
44781,Left,0.8862362,0.11376383
64035,Stayed,0.16045868,0.8395413
6200,Stayed,0.045688152,0.95431185
61020,Left,0.5341524,0.46584764
63934,Stayed,0.22873884,0.77126116
4254,Left,0.75144416,0.24855582
48103,Stayed,0.03752619,0.9624738
74109,Left,0.74845755,0.25154245
46553,Stayed,0.18380278,0.8161972
35613,Left,0.9080378,0.0919622
36639,Stayed,0.419007,0.580993
15253,Stayed,0.02197516,0.97802484
26052,Left,0.9339421,0.0660579
14349,Left,0.8636721,0.1363279
24421,Left,0.972906,0.027093995
13,Stayed,0.06779635,0.93220365
42364,Stayed,0.30231106,0.69768894
33988,Left,0.81680715,0.18319288
1530,Left,0.8846355,0.11536449
21462,Left,0.9236742,0.07632578
40308,Left,0.87870437,0.121295616
18989,Stayed,0.054128945,0.94587106
14216,Stayed,0.10448009,0.8955199
21271,Left,0.8481015,0.1518985
38901,Left,0.53544223,0.46455777
5956,Stayed,0.47233844,0.52766156
40065,Left,0.62490773,0.37509224
16265,Left,0.55708635,0.44291368
14277,Stayed,0.27815717,0.7218428
62011,Stayed,0.45639956,0.54360044
53100,Left,0.6306952,0.3693048
36051,Left,0.736634,0.263366
22087,Left,0.9785631,0.021436926
55728,Stayed,0.29226685,0.70773315
72337,Left,0.5450163,0.45498374
54386,Left,0.8292937,0.17070624
16905,Stayed,0.47886354,0.52113646
21004,Stayed,0.16807997,0.83192
21809,Left,0.50445205,0.49554795
45943,Left,0.7785441,0.22145586
48673,Stayed,0.06534034,0.93465966
19502,Left,0.72866166,0.27133834
42072,Left,0.6397268,0.36027318
73794,Stayed,0.30586457,0.6941354
22998,Left,0.54754335,0.45245665
57608,Left,0.8486565,0.15134354
2972,Left,0.9027697,0.09723029
31212,Left,0.6001295,0.39987054
12946,Stayed,0.02018106,0.97981894
31210,Left,0.6146784,0.3853216
7699,Left,0.879678,0.12032201
58639,Stayed,0.21830791,0.7816921
21239,Left,0.9066485,0.09335146
53583,Left,0.8489529,0.15104714
64650,Stayed,0.040678203,0.9593218
9265,Stayed,0.38537425,0.61462575
20316,Stayed,0.18071848,0.8192815
12163,Left,0.89274037,0.107259616
41570,Stayed,0.07794523,0.92205477
67794,Left,0.9727194,0.027280614
72785,Stayed,0.13132119,0.8686788
43365,Stayed,0.26194537,0.73805463
63555,Stayed,0.07806462,0.9219354
38202,Stayed,0.013539314,0.9864607
2096,Left,0.51321924,0.48678076
35029,Stayed,0.4387375,0.5612625
5928,Left,0.9260456,0.073954426
58431,Left,0.6542103,0.34578964
38952,Stayed,0.4918121,0.5081879
32141,Left,0.7148806,0.28511938
65701,Left,0.67418295,0.32581705
1867,Stayed,0.38062912,0.6193709
35647,Left,0.83515775,0.16484223
41480,Stayed,0.28442347,0.7155765
51648,Stayed,0.10398805,0.89601195
6977,Left,0.53277373,0.46722624
30367,Left,0.8100651,0.18993492
35620,Stayed,0.46210164,0.53789836
15276,Left,0.9574725,0.042527474
11804,Left,0.69503826,0.30496174
26909,Left,0.7740605,0.22593953
38071,Stayed,0.3910696,0.6089304
51309,Stayed,0.14874905,0.85125095
25245,Stayed,0.26128048,0.7387195
58965,Stayed,0.43023694,0.56976306
15855,Stayed,0.3425266,0.6574734
39801,Left,0.5993296,0.40067044
3432,Left,0.95533985,0.04466016
18237,Left,0.823802,0.17619799
60937,Left,0.9162837,0.083716266
47956,Stayed,0.4324996,0.5675004
20580,Stayed,0.14335352,0.8566465
10470,Left,0.62980497,0.37019506
14730,Left,0.83272266,0.16727732
62968,Left,0.58556765,0.41443235
20899,Stayed,0.016916633,0.98308337
32867,Left,0.90117824,0.09882179
25253,Stayed,0.46735615,0.53264385
61429,Stayed,0.023596883,0.9764031
63278,Left,0.5804325,0.41956753
53549,Left,0.6632823,0.33671775
72317,Stayed,0.40823954,0.59176046
27268,Left,0.55831605,0.44168395
71480,Stayed,0.2804556,0.7195444
1603,Left,0.5023446,0.49765536
60447,Left,0.60292584,0.39707416
65785,Left,0.5587857,0.44121435
35065,Left,0.5430968,0.45690322
48511,Left,0.5892704,0.4107296
48871,Left,0.7415736,0.25842646
20263,Left,0.55798686,0.44201317
46501,Stayed,0.104275286,0.8957247
42600,Stayed,0.14856833,0.85143167
55218,Stayed,0.052313864,0.94768614
61782,Stayed,0.2735675,0.7264325
19864,Left,0.62733424,0.37266576
30915,Stayed,0.107667506,0.8923325
39573,Left,0.65758276,0.3424172
16810,Stayed,0.19489533,0.8051047
71169,Left,0.78867936,0.21132067
32498,Left,0.92124104,0.07875893
59234,Stayed,0.24123591,0.7587641
71608,Stayed,0.46759295,0.53240705
51396,Left,0.7444692,0.25553077
21689,Left,0.5497531,0.45024687
19834,Left,0.67273676,0.32726324
39661,Stayed,0.38342673,0.6165733
28664,Stayed,0.2578658,0.7421342
58060,Left,0.88631463,0.11368537
20480,Left,0.80495584,0.19504413
4096,Stayed,0.2307992,0.7692008
25127,Stayed,0.3051027,0.6948973
17396,Stayed,0.41309136,0.58690864
55602,Stayed,0.105900764,0.89409924
32466,Left,0.6718769,0.32812312
314,Left,0.5761101,0.4238899
41217,Stayed,0.043251514,0.9567485
29646,Stayed,0.23867428,0.7613257
47521,Stayed,0.20109105,0.79890895
40528,Stayed,0.15471256,0.84528744
50295,Stayed,0.42899984,0.57100016
16054,Left,0.5396629,0.4603371
31273,Left,0.8150343,0.18496576
45963,Left,0.94116914,0.05883083
42645,Left,0.69926584,0.30073413
52311,Stayed,0.29122287,0.7087771
48967,Left,0.6842761,0.31572393
18315,Left,0.79958296,0.20041701
60399,Left,0.7228723,0.27712768
14535,Left,0.962301,0.03769899
39746,Left,0.8308188,0.16918123
67384,Stayed,0.19768488,0.8023151
2785,Stayed,0.48836774,0.51163226
54989,Stayed,0.45284194,0.54715806
29583,Stayed,0.31396133,0.6860387
1752,Stayed,0.016555011,0.983445
45983,Stayed,0.4588554,0.5411446
49187,Left,0.6102649,0.38973507
54586,Stayed,0.22283322,0.7771668
62976,Stayed,0.27326864,0.72673136
48548,Left,0.6005539,0.39944616
67044,Stayed,0.027028501,0.9729715
33383,Left,0.94625956,0.05374045
46189,Stayed,0.12028277,0.87971723
52184,Left,0.81576455,0.18423542
23152,Left,0.93133736,0.068662666
440,Stayed,0.38225096,0.61774904
54683,Left,0.5902077,0.40979233
46568,Left,0.5887832,0.4112168
63661,Left,0.801519,0.19848101
11235,Left,0.5050901,0.49490985
61932,Left,0.5590267,0.44097328
59114,Left,0.6836482,0.31635174
51915,Stayed,0.20341218,0.7965878
19812,Stayed,0.21454579,0.7854542
34927,Left,0.6135529,0.38644704
66965,Left,0.54117084,0.45882913
69589,Left,0.5372988,0.4627012
71903,Left,0.8370693,0.16293071
37734,Stayed,0.2925908,0.7074092
14595,Stayed,0.41068745,0.58931255
28046,Left,0.7552014,0.24479862
67244,Left,0.56091714,0.43908283
30718,Left,0.7467705,0.25322953
14279,Stayed,0.017186642,0.98281336
68194,Stayed,0.0722028,0.9277972
10521,Stayed,0.4797672,0.5202328
49464,Left,0.8166995,0.1833005
59282,Stayed,0.27320635,0.72679365
57275,Left,0.9081569,0.09184311
53761,Left,0.651762,0.34823802
58552,Stayed,0.016471863,0.98352814
6520,Stayed,0.10948479,0.8905152
48008,Left,0.7654914,0.23450857
29525,Left,0.8011758,0.19882424
13048,Left,0.72598755,0.27401242
11311,Left,0.6404012,0.35959882
63072,Left,0.5191152,0.4808848
61219,Stayed,0.031684995,0.968315
37774,Stayed,0.10571414,0.89428586
42228,Stayed,0.079220176,0.9207798
16874,Stayed,0.3578564,0.6421436
66365,Left,0.96813774,0.031862237
31699,Stayed,0.46509397,0.534906
26455,Left,0.7561566,0.24384338
51522,Stayed,0.08142376,0.91857624
67441,Stayed,0.08709514,0.91290486
71401,Left,0.87666905,0.123330936
29506,Left,0.72161067,0.2783893
53955,Stayed,0.032749653,0.96725035
17381,Stayed,0.37086833,0.6291317
40370,Stayed,0.35000014,0.64999986
37183,Stayed,0.20973104,0.79026896
13374,Left,0.82013977,0.17986023
52661,Stayed,0.15363675,0.84636325
6145,Stayed,0.17914838,0.8208516
22600,Left,0.8856031,0.11439696
70953,Stayed,0.1501025,0.8498975
7423,Left,0.8006881,0.19931193
68329,Stayed,0.12161732,0.8783827
30036,Left,0.8376796,0.16232039
12595,Left,0.5287503,0.47124967
46631,Left,0.8957677,0.10423229
63874,Left,0.7994842,0.20051582
429,Stayed,0.32686388,0.6731361
15521,Stayed,0.069898665,0.93010134
67587,Left,0.8080983,0.1919017
29858,Stayed,0.04681796,0.95318204
50075,Stayed,0.038621306,0.9613787
51470,Left,0.6713168,0.3286832
68024,Left,0.55548066,0.44451934
71013,Stayed,0.26634324,0.73365676
25771,Stayed,0.32586783,0.67413217
32387,Stayed,0.03793955,0.96206045
66425,Stayed,0.18955117,0.8104488
52392,Left,0.9446206,0.05537942
45880,Left,0.8622984,0.13770159
30618,Stayed,0.20192045,0.79807955
53841,Left,0.6581301,0.3418699
4670,Stayed,0.09854156,0.90145844
15865,Stayed,0.13733518,0.8626648
70228,Stayed,0.2017222,0.7982778
53724,Left,0.50437975,0.49562022
4108,Left,0.5935035,0.4064965
14209,Stayed,0.16445565,0.83554435
36141,Stayed,0.4347313,0.5652687
34750,Left,0.72466207,0.2753379
48423,Left,0.56213427,0.43786576
26515,Stayed,0.43047512,0.5695249
46522,Stayed,0.2706418,0.7293582
36690,Stayed,0.0914464,0.9085536
29569,Stayed,0.47025508,0.5297449
31905,Left,0.8984577,0.1015423
61718,Stayed,0.044799924,0.9552001
66597,Stayed,0.4854253,0.5145747
28930,Stayed,0.056741834,0.94325817
50171,Stayed,0.34712213,0.65287787
48500,Stayed,0.45885742,0.5411426
35807,Left,0.7382325,0.26176748
28825,Left,0.9010151,0.0989849
18665,Stayed,0.08742595,0.91257405
3830,Left,0.5903335,0.40966648
22222,Left,0.5287841,0.4712159
19710,Left,0.5889492,0.41105077
72263,Left,0.6943585,0.30564147
73209,Stayed,0.14610815,0.85389185
4787,Left,0.819873,0.18012701
38409,Stayed,0.074623406,0.9253766
36059,Left,0.5130038,0.48699614
15398,Stayed,0.42222768,0.5777723
60870,Left,0.7476308,0.25236923
30011,Left,0.9142561,0.08574393
48029,Stayed,0.30601406,0.69398594
49277,Stayed,0.42182356,0.57817644
72227,Stayed,0.19897366,0.80102634
73575,Left,0.540933,0.459067
59129,Left,0.944615,0.05538502
13576,Stayed,0.3386171,0.6613829
59484,Left,0.93669415,0.06330585
69448,Left,0.86598337,0.13401663
38217,Left,0.95004314,0.04995685
13981,Stayed,0.036360204,0.9636398
72318,Left,0.61089224,0.38910776
22520,Stayed,0.22221029,0.7777897
9159,Left,0.9233485,0.0766515
41854,Left,0.90630424,0.09369574
62493,Left,0.6755724,0.32442757
49237,Left,0.62248087,0.3775191
13123,Left,0.78100705,0.21899296
43339,Stayed,0.18304116,0.81695884
68257,Stayed,0.32313925,0.67686075
50859,Stayed,0.49202806,0.50797194
16197,Stayed,0.040961087,0.9590389
66038,Stayed,0.45488942,0.5451106
61962,Stayed,0.15930343,0.8406966
35697,Stayed,0.40240765,0.59759235
18653,Stayed,0.19927526,0.80072474
874,Stayed,0.17662412,0.8233759
17253,Stayed,0.11457008,0.8854299
27486,Stayed,0.083449066,0.91655093
16671,Left,0.6953539,0.30464607
72196,Left,0.86602974,0.13397026
65329,Stayed,0.13446665,0.86553335
56995,Stayed,0.26919132,0.7308087
50634,Left,0.6850679,0.31493208
25448,Left,0.8843768,0.1156232
65300,Stayed,0.3373763,0.6626237
38225,Stayed,0.24233437,0.75766563
51849,Stayed,0.23014402,0.769856
4982,Stayed,0.49259013,0.5074099
20697,Left,0.9424294,0.057570584
7326,Left,0.5992167,0.4007833
74086,Stayed,0.02085197,0.97914803
55545,Left,0.6062852,0.39371476
44394,Left,0.7353656,0.26463437
6391,Left,0.615281,0.38471898
34293,Left,0.9295017,0.07049828
3977,Left,0.81108844,0.18891159
57815,Left,0.5173202,0.48267978
3117,Left,0.75860465,0.24139534
32509,Left,0.7942219,0.20577812
22625,Left,0.86966836,0.1303316
42375,Stayed,0.043352544,0.95664746
18426,Stayed,0.20981807,0.79018193
17181,Stayed,0.45899147,0.54100853
35281,Left,0.62018716,0.37981284
14935,Stayed,0.2318297,0.7681703
19154,Left,0.718776,0.28122404
14024,Stayed,0.13610846,0.86389154
61282,Stayed,0.44787425,0.55212575
73529,Stayed,0.18272859,0.8172714
23894,Left,0.9108607,0.089139275
13558,Stayed,0.4604234,0.5395766
23544,Stayed,0.03759277,0.96240723
4830,Stayed,0.037544727,0.9624553
69141,Left,0.5186871,0.48131284
63559,Left,0.5359405,0.46405947
38275,Stayed,0.28776914,0.71223086
44432,Stayed,0.0098621845,0.9901378
31570,Stayed,0.39654285,0.60345715
61820,Left,0.77869356,0.22130643
32944,Stayed,0.07998866,0.92001134
33568,Left,0.6003115,0.3996885
6498,Left,0.6026337,0.39736632
60712,Left,0.7082044,0.29179564
41890,Stayed,0.06295174,0.93704826
64583,Stayed,0.09122288,0.9087771
33112,Stayed,0.33183026,0.66816974
18251,Stayed,0.023854256,0.97614574
17368,Stayed,0.036857963,0.96314204
35888,Left,0.97225904,0.027740963
39295,Stayed,0.3317454,0.6682546
20569,Left,0.9550795,0.04492051
11462,Left,0.5288221,0.47117788
37955,Left,0.7955059,0.2044941
34801,Left,0.6738053,0.3261947
36816,Stayed,0.09015244,0.90984756
61363,Stayed,0.056993544,0.94300646
2868,Left,0.5132324,0.4867676
15277,Stayed,0.04576069,0.9542393
6298,Left,0.97628593,0.02371406
53031,Stayed,0.38814026,0.61185974
30664,Stayed,0.06288648,0.9371135
55567,Left,0.5014676,0.49853238
31904,Left,0.76322603,0.23677394
42921,Stayed,0.11605972,0.8839403
45011,Stayed,0.10079497,0.899205
20507,Left,0.88144296,0.11855703
58846,Stayed,0.16958714,0.83041286
29507,Left,0.5866635,0.4133365
66328,Left,0.8577895,0.14221045
24914,Left,0.553294,0.446706
44275,Stayed,0.017239332,0.98276067
21233,Left,0.8503593,0.1496407
3180,Stayed,0.479949,0.520051
62132,Left,0.9779635,0.022036467
42296,Stayed,0.4171855,0.5828145
57309,Stayed,0.09908372,0.9009163
3914,Left,0.79058903,0.20941097
26232,Stayed,0.12627316,0.87372684
20276,Left,0.59220743,0.4077926
10242,Left,0.9611942,0.03880576
966,Stayed,0.1281938,0.8718062
45513,Left,0.51189953,0.48810047
41916,Stayed,0.4680406,0.5319594
13460,Stayed,0.29985923,0.7001408
35480,Left,0.86853,0.13147004
60953,Left,0.831663,0.16833699
25066,Stayed,0.10847229,0.8915277
60880,Stayed,0.47043133,0.5295687
62842,Left,0.5937431,0.4062569
927,Stayed,0.29181242,0.7081876
69228,Stayed,0.022455215,0.9775448
2642,Stayed,0.45193094,0.54806906
24951,Stayed,0.42664546,0.57335454
36767,Left,0.9579024,0.042097628
29567,Left,0.78210485,0.21789517
69189,Left,0.8963587,0.103641264
9583,Left,0.91455793,0.08544205
7396,Stayed,0.082164705,0.9178353
61455,Left,0.5722681,0.42773187
3474,Left,0.95525885,0.044741124
32190,Left,0.96913946,0.030860526
15767,Left,0.6947316,0.30526838
11836,Stayed,0.23277205,0.76722795
11944,Stayed,0.0835883,0.9164117
41688,Left,0.84723604,0.15276396
28090,Left,0.88823503,0.111764945
48305,Stayed,0.023215234,0.97678477
11981,Left,0.9328665,0.067133486
47829,Left,0.8183514,0.1816486
33487,Stayed,0.17126447,0.82873553
955,Stayed,0.49870914,0.50129086
41203,Stayed,0.23279506,0.76720494
6920,Stayed,0.017587543,0.98241246
35107,Left,0.76598525,0.23401473
6873,Left,0.59945023,0.40054977
54988,Left,0.92278093,0.07721905
47726,Left,0.79265827,0.20734172
73645,Stayed,0.10069668,0.8993033
71019,Stayed,0.01695937,0.98304063
53966,Stayed,0.41054112,0.5894589
30300,Stayed,0.23209965,0.76790035
61433,Stayed,0.3166631,0.6833369
70523,Left,0.96537393,0.03462608
70574,Stayed,0.04222095,0.95777905
38146,Stayed,0.07566428,0.9243357
50653,Stayed,0.06524229,0.9347577
21770,Stayed,0.37882954,0.62117046
45556,Stayed,0.07259768,0.9274023
44715,Left,0.7241032,0.2758968
70220,Stayed,0.13177937,0.8682206
68199,Left,0.50806844,0.49193156
70922,Stayed,0.46319747,0.53680253
6071,Stayed,0.2893129,0.7106871
36360,Stayed,0.46471494,0.53528506
35477,Left,0.80988574,0.19011424
9872,Stayed,0.23192048,0.7680795
38961,Stayed,0.37317735,0.62682265
29625,Stayed,0.13277471,0.8672253
19784,Stayed,0.10270715,0.89729285
23586,Left,0.7463987,0.25360128
74245,Stayed,0.2544549,0.7455451
54126,Left,0.5284375,0.47156247
12336,Stayed,0.24511063,0.75488937
54247,Stayed,0.11601663,0.8839834
32198,Stayed,0.19080395,0.80919605
46917,Stayed,0.10988581,0.8901142
64853,Stayed,0.018224359,0.98177564
63132,Stayed,0.17498845,0.82501155
26333,Left,0.6422786,0.3577214
10577,Left,0.5492908,0.45070925
46885,Left,0.921569,0.07843102
7616,Stayed,0.27038604,0.72961396
49619,Stayed,0.17569113,0.8243089
40927,Left,0.6179796,0.3820204
7391,Stayed,0.36835855,0.63164145
53264,Left,0.71635234,0.28364766
15484,Stayed,0.22492743,0.7750726
11646,Stayed,0.2243858,0.7756142
67863,Left,0.83889616,0.16110381
28746,Stayed,0.17055047,0.82944953
52047,Stayed,0.07684094,0.92315906
14001,Stayed,0.09098947,0.9090105
64470,Left,0.6801537,0.3198463
6598,Stayed,0.15741289,0.8425871
53339,Left,0.61839366,0.38160634
35155,Left,0.5506137,0.4493863
9794,Stayed,0.09663552,0.9033645
17038,Left,0.7933346,0.2066654
15715,Stayed,0.41193068,0.5880693
23812,Stayed,0.16083515,0.83916485
9385,Left,0.58557653,0.4144235
44861,Left,0.86919886,0.13080114
42117,Left,0.59835285,0.40164715
10128,Left,0.61773324,0.3822668
28827,Stayed,0.40076095,0.59923905
47640,Left,0.98219925,0.017800754
6552,Stayed,0.34560144,0.65439856
22200,Stayed,0.39050907,0.60949093
31373,Stayed,0.26858628,0.7314137
49067,Left,0.95114124,0.048858754
33930,Stayed,0.14932328,0.8506767
32799,Stayed,0.07094735,0.92905265
16413,Stayed,0.06232524,0.93767476
12509,Left,0.9481061,0.051893894
55899,Stayed,0.11524576,0.88475424
30469,Stayed,0.04476762,0.9552324
45360,Left,0.5125984,0.48740157
60623,Stayed,0.04224962,0.9577504
43514,Stayed,0.31677037,0.6832296
18603,Stayed,0.03014338,0.9698566
5780,Stayed,0.03523183,0.9647682
66409,Stayed,0.23401713,0.76598287
56256,Stayed,0.12923372,0.8707663
36067,Left,0.87735355,0.122646436
10409,Stayed,0.06684148,0.9331585
21851,Left,0.9227007,0.07729932
21082,Stayed,0.0894112,0.9105888
73646,Left,0.7904031,0.20959684
51110,Stayed,0.34141552,0.6585845
64459,Left,0.60035694,0.39964303
20062,Left,0.6686129,0.3313871
32839,Stayed,0.091510475,0.9084895
27226,Left,0.9171715,0.08282852
43888,Left,0.51361364,0.48638636
70207,Stayed,0.43918276,0.56081724
62130,Stayed,0.015018702,0.9849813
33852,Stayed,0.09218335,0.90781665
46343,Stayed,0.48736995,0.51263005
40989,Left,0.9621401,0.037859887
59948,Stayed,0.047490954,0.95250905
47713,Left,0.8450794,0.15492056
71640,Stayed,0.18888193,0.81111807
29314,Left,0.6736711,0.3263289
27301,Stayed,0.4740197,0.5259803
69887,Left,0.5071554,0.49284458
37798,Stayed,0.47575378,0.5242462
32245,Left,0.8870908,0.1129092
14609,Stayed,0.18727618,0.8127238
53055,Stayed,0.47380543,0.5261946
48503,Stayed,0.041937113,0.9580629
71468,Left,0.5057845,0.4942155
55054,Stayed,0.25881714,0.74118286
22022,Stayed,0.39116967,0.60883033
51652,Stayed,0.41884398,0.581156
47080,Left,0.7325105,0.2674895
39304,Stayed,0.11912459,0.8808754
4781,Left,0.8303051,0.16969493
7340,Stayed,0.38650703,0.61349297
48611,Left,0.9277529,0.07224707
18029,Left,0.7664433,0.23355669
1411,Stayed,0.1734004,0.8265996
10987,Stayed,0.24914795,0.75085205
68408,Stayed,0.4213497,0.5786503
4188,Left,0.6741521,0.32584792
37029,Stayed,0.42779422,0.5722058
33017,Stayed,0.33384788,0.6661521
7983,Stayed,0.16666937,0.83333063
63247,Left,0.9897569,0.0102430945
13944,Left,0.93770903,0.062290944
46597,Stayed,0.03676009,0.9632399
29511,Stayed,0.4954846,0.5045154
60299,Left,0.93243563,0.06756435
64193,Stayed,0.2539606,0.7460394
38404,Left,0.92020065,0.07979935
38804,Stayed,0.24242932,0.7575707
27631,Stayed,0.0620299,0.9379701
41467,Left,0.9560555,0.043944485
57148,Left,0.8907324,0.1092676
48596,Left,0.80668324,0.19331676
70238,Left,0.7609884,0.23901157
23620,Stayed,0.120120525,0.8798795
4049,Stayed,0.057919502,0.9420805
10304,Stayed,0.13778907,0.8622109
26133,Left,0.6832003,0.3167997
25972,Stayed,0.4031158,0.5968842
33535,Left,0.7996527,0.20034732
15976,Left,0.9062225,0.09377748
31266,Left,0.95663583,0.043364186
21724,Stayed,0.47122246,0.52877754
19640,Stayed,0.030305147,0.96969485
34565,Left,0.86970687,0.13029313
12234,Stayed,0.026169837,0.97383016
10574,Left,0.59400475,0.40599528
25710,Stayed,0.13449246,0.86550754
34464,Stayed,0.15760791,0.8423921
39807,Stayed,0.1304022,0.8695978
27233,Stayed,0.09209579,0.9079042
26020,Stayed,0.048680246,0.95131975
14305,Left,0.96314514,0.036854856
57236,Left,0.8200411,0.1799589
52296,Stayed,0.3813058,0.6186942
61651,Left,0.7328833,0.26711673
29790,Stayed,0.23383689,0.7661631
72076,Stayed,0.4024108,0.5975892
40547,Stayed,0.029520214,0.9704798
932,Stayed,0.042489827,0.9575102
31181,Stayed,0.39111406,0.60888594
29065,Left,0.6259171,0.37408292
13672,Left,0.7867292,0.21327081
28906,Left,0.9200406,0.07995936
62096,Stayed,0.012735128,0.9872649
19275,Stayed,0.45483917,0.54516083
53763,Stayed,0.47632027,0.52367973
66511,Left,0.7441473,0.25585267
34938,Left,0.7524798,0.24752022
46297,Left,0.8651144,0.1348856
34650,Left,0.7449999,0.2550001
51363,Stayed,0.35159886,0.64840114
71009,Stayed,0.4776401,0.5223599
32410,Left,0.5805603,0.4194397
35497,Stayed,0.037870824,0.9621292
55296,Left,0.86120033,0.13879964
32630,Left,0.73305047,0.26694956
67756,Stayed,0.18953925,0.81046075
17527,Stayed,0.3979115,0.6020885
23434,Stayed,0.15185404,0.84814596
2606,Left,0.5942774,0.4057226
28446,Left,0.5866443,0.41335574
54095,Left,0.9048266,0.095173426
68356,Stayed,0.20201784,0.79798216
49111,Stayed,0.3814469,0.6185531
63855,Stayed,0.31914926,0.68085074
4501,Stayed,0.31673962,0.6832604
51257,Left,0.8994055,0.100594506
5368,Stayed,0.3637609,0.6362391
71287,Left,0.5130869,0.48691308
72190,Left,0.74353534,0.25646466
60212,Left,0.56288844,0.43711156
38081,Left,0.86535007,0.13464995
59751,Left,0.89368355,0.10631642
9790,Stayed,0.3508885,0.6491115
22109,Left,0.818334,0.181666
15119,Left,0.8225608,0.17743923
53675,Stayed,0.3260693,0.6739307
52609,Left,0.8263469,0.17365314
25416,Left,0.97696644,0.023033572
68645,Left,0.5022728,0.49772722
27292,Left,0.917321,0.082678966
55452,Stayed,0.048343003,0.951657
46195,Left,0.7081455,0.29185453
34260,Stayed,0.26953745,0.73046255
31333,Stayed,0.08733857,0.91266143
59848,Stayed,0.44920754,0.55079246
19219,Stayed,0.12474686,0.87525314
58768,Left,0.59857136,0.40142864
2146,Stayed,0.089061856,0.91093814
18480,Left,0.8643774,0.13562264
13946,Stayed,0.13511854,0.86488146
40320,Left,0.7096038,0.2903962
21852,Stayed,0.46809167,0.53190833
41437,Left,0.850495,0.149505
25125,Left,0.93359816,0.06640184
11717,Stayed,0.29301465,0.70698535
23270,Left,0.5585156,0.4414844
60678,Stayed,0.03049761,0.9695024
49419,Stayed,0.20444155,0.79555845
42122,Stayed,0.110452116,0.8895479
2315,Left,0.6722457,0.32775432
44762,Stayed,0.04912865,0.95087135
72604,Left,0.86271846,0.13728157
19664,Left,0.57372344,0.42627653
13864,Stayed,0.05823922,0.9417608
4169,Left,0.7371154,0.26288465
63517,Left,0.56597215,0.43402785
43876,Stayed,0.21007907,0.7899209
9977,Left,0.95071274,0.049287252
2234,Left,0.9477115,0.052288458
21791,Left,0.71610326,0.28389674
29510,Left,0.94779235,0.052207634
64253,Left,0.62451583,0.37548417
33682,Left,0.79785186,0.20214815
31199,Stayed,0.1337443,0.8662557
25768,Stayed,0.07141054,0.92858946
33049,Stayed,0.48314655,0.51685345
65967,Stayed,0.13920873,0.86079127
65037,Left,0.93625885,0.06374114
3084,Left,0.6789304,0.32106957
73242,Left,0.90645343,0.09354659
71828,Stayed,0.23747092,0.7625291
50739,Stayed,0.11441487,0.8855851
55705,Stayed,0.33777094,0.66222906
68192,Left,0.64321643,0.35678357
41583,Left,0.6854688,0.3145312
57417,Stayed,0.06727952,0.9327205
21213,Left,0.89003915,0.10996084
53881,Left,0.95917016,0.04082985
72891,Stayed,0.113642395,0.8863576
59061,Stayed,0.022626638,0.97737336
67539,Left,0.8785536,0.1214464
22827,Stayed,0.093488336,0.90651166
51472,Stayed,0.24012876,0.75987124
68022,Stayed,0.17336887,0.8266311
24041,Left,0.8766452,0.1233548
68494,Stayed,0.25693095,0.74306905
73962,Stayed,0.091888726,0.9081113
53843,Left,0.8193003,0.18069968
32132,Stayed,0.045436263,0.95456374
69006,Stayed,0.18664664,0.81335336
21026,Stayed,0.093221605,0.9067784
67720,Left,0.8795615,0.12043854
61979,Stayed,0.39571548,0.6042845
17137,Left,0.9400058,0.059994243
29887,Left,0.63269854,0.3673015
31081,Left,0.7227948,0.2772052
34948,Stayed,0.15745836,0.84254164
69445,Left,0.7486652,0.25133476
30813,Left,0.9618769,0.038123045
67577,Stayed,0.06067574,0.93932426
110,Left,0.59529626,0.4047037
61187,Left,0.95277184,0.047228165
22039,Stayed,0.14889002,0.85111
42182,Left,0.9377162,0.062283803
6992,Left,0.7966684,0.20333156
28525,Stayed,0.094549,0.905451
60070,Stayed,0.15378714,0.84621286
68882,Stayed,0.17954952,0.8204505
32274,Left,0.86353207,0.1364679
43712,Left,0.9457277,0.05427228
63652,Left,0.60192966,0.39807034
55024,Left,0.9695585,0.03044155
52316,Stayed,0.19115394,0.80884606
6991,Left,0.9366736,0.06332644
60800,Left,0.9153714,0.08462861
70399,Stayed,0.110758305,0.8892417
1297,Left,0.596985,0.40301505
71240,Stayed,0.3103131,0.6896869
30259,Left,0.78192997,0.21807003
64000,Stayed,0.15388238,0.8461176
12631,Left,0.878685,0.121315025
41500,Stayed,0.080097616,0.9199024
58080,Left,0.83490586,0.16509417
40723,Stayed,0.16592306,0.83407694
72174,Left,0.6499334,0.3500666
62357,Left,0.62623286,0.3737671
59160,Stayed,0.07387376,0.92612624
222,Stayed,0.071227014,0.928773
72873,Left,0.9019515,0.098048516
42350,Stayed,0.16352803,0.836472
55200,Left,0.90211785,0.09788212
4581,Left,0.92154396,0.07845602
32412,Left,0.94376796,0.056232054
57334,Left,0.6545305,0.34546947
65858,Left,0.62811536,0.37188464
64933,Stayed,0.43108702,0.568913
65633,Stayed,0.059993863,0.94000614
35382,Left,0.7844036,0.21559636
42094,Stayed,0.25840026,0.74159974
16813,Stayed,0.35943806,0.64056194
71234,Stayed,0.053019702,0.9469803
7202,Left,0.6935555,0.30644453
34139,Stayed,0.43001616,0.56998384
67336,Stayed,0.07976049,0.9202395
40590,Stayed,0.18238997,0.81761
68246,Left,0.6719589,0.3280411
67311,Left,0.698532,0.30146804
56317,Left,0.7997902,0.2002098
62190,Left,0.55843705,0.44156295
73673,Left,0.55265033,0.44734967
13936,Left,0.9606417,0.03935829
50250,Left,0.6334796,0.3665204
70432,Stayed,0.10033035,0.89966965
12534,Stayed,0.31550872,0.6844913
19270,Stayed,0.34237033,0.65762967
53065,Left,0.8323073,0.16769274
26689,Left,0.6605371,0.33946288
59674,Stayed,0.2696247,0.7303753
28465,Stayed,0.028659642,0.97134036
65805,Left,0.806502,0.19349802
2073,Left,0.6237691,0.3762309
37408,Stayed,0.3811856,0.6188144
1957,Stayed,0.07689232,0.9231077
13652,Stayed,0.18391734,0.81608266
18388,Left,0.63137764,0.36862236
57957,Left,0.9898659,0.010134109
21134,Left,0.6704546,0.32954535
2916,Stayed,0.37316346,0.62683654
30164,Stayed,0.484092,0.515908
19856,Stayed,0.36476564,0.63523436
53191,Left,0.7337326,0.26626742
47601,Stayed,0.30299348,0.6970065
58057,Stayed,0.15167385,0.84832615
48100,Stayed,0.27014637,0.72985363
59542,Left,0.9037482,0.09625177
57870,Stayed,0.10476756,0.89523244
45305,Left,0.6314094,0.36859056
51385,Left,0.8455527,0.15444733
57315,Stayed,0.3695997,0.6304003
22802,Stayed,0.43255442,0.5674456
43577,Stayed,0.20266664,0.79733336
49799,Stayed,0.30060256,0.69939744
52192,Left,0.520983,0.47901705
35943,Stayed,0.34163517,0.65836483
69955,Stayed,0.48031223,0.5196878
38825,Left,0.7104998,0.28950018
34719,Left,0.8311883,0.16881165
72599,Stayed,0.23955554,0.76044446
26117,Left,0.8138953,0.18610473
30547,Stayed,0.4237733,0.5762267
62473,Left,0.77144575,0.22855426
52241,Stayed,0.18657517,0.8134248
38466,Stayed,0.34353614,0.65646386
50942,Left,0.96161675,0.03838323
28853,Left,0.79339343,0.20660658
34587,Stayed,0.16140318,0.8385968
70955,Stayed,0.026188493,0.9738115
16090,Stayed,0.39928854,0.60071146
59342,Stayed,0.46598035,0.53401965
61811,Stayed,0.05343771,0.9465623
43707,Left,0.8721565,0.12784351
69344,Stayed,0.3353464,0.6646536
70536,Left,0.58322877,0.41677123
26819,Left,0.78361344,0.21638657
10603,Stayed,0.07882726,0.92117274
3429,Stayed,0.31466866,0.68533134
28752,Stayed,0.38265967,0.6173403
67697,Left,0.57703054,0.42296946
58564,Left,0.79737484,0.20262517
23304,Left,0.76246005,0.23753995
17390,Stayed,0.44798112,0.5520189
39815,Stayed,0.12274194,0.87725806
67530,Left,0.5827795,0.41722047
13973,Left,0.71190625,0.28809375
64136,Stayed,0.10048568,0.8995143
55551,Stayed,0.034460545,0.96553946
41609,Left,0.92033577,0.07966424
4978,Left,0.9262224,0.07377762
38877,Stayed,0.0687989,0.9312011
21001,Stayed,0.46969956,0.53030044
67194,Stayed,0.4093845,0.5906155
40481,Left,0.89318925,0.10681076
67256,Left,0.8439226,0.15607737
4520,Stayed,0.3411883,0.6588117
8248,Left,0.94908595,0.05091404
63775,Left,0.698215,0.30178502
63497,Stayed,0.046920955,0.95307904
62209,Left,0.95296097,0.047039013
19247,Left,0.85580176,0.14419825
7206,Stayed,0.07605749,0.9239425
4880,Stayed,0.38398802,0.616012
30513,Stayed,0.22300607,0.77699393
28166,Stayed,0.35943097,0.64056903
65214,Left,0.50162137,0.49837866
63592,Stayed,0.28999364,0.71000636
17150,Stayed,0.2057252,0.7942748
4052,Stayed,0.21355706,0.78644294
11257,Stayed,0.2769665,0.7230335
60672,Stayed,0.25255722,0.7474428
31027,Stayed,0.14925176,0.85074824
13813,Stayed,0.45816356,0.54183644
71566,Stayed,0.45110083,0.5488992
9204,Left,0.74875116,0.25124884
61260,Stayed,0.18588251,0.8141175
37036,Stayed,0.076391995,0.923608
2900,Stayed,0.10873836,0.89126164
15664,Stayed,0.31803238,0.6819676
69136,Left,0.5861243,0.41387573
5229,Left,0.9042085,0.095791526
50557,Stayed,0.14642835,0.85357165
54953,Stayed,0.049947202,0.9500528
28617,Stayed,0.46394432,0.5360557
40406,Stayed,0.017374635,0.98262537
45632,Stayed,0.1354357,0.8645643
44082,Stayed,0.4830656,0.5169344
27784,Left,0.9737616,0.026238361
44326,Left,0.74111044,0.2588896
45281,Left,0.59077346,0.40922657
30187,Left,0.60909355,0.39090645
68201,Stayed,0.32746547,0.6725345
68371,Left,0.7233138,0.2766862
61909,Stayed,0.18076938,0.8192306
51000,Left,0.865435,0.13456497
30390,Left,0.5971102,0.4028898
32788,Stayed,0.38807297,0.61192703
62546,Left,0.98165154,0.01834845
60910,Stayed,0.287588,0.712412
59579,Stayed,0.33958578,0.6604142
63022,Left,0.94259036,0.057409644
27271,Left,0.6146265,0.38537347
44727,Stayed,0.04490924,0.95509076
69824,Left,0.62593,0.37407
55945,Stayed,0.30817062,0.6918294
40818,Left,0.63796985,0.36203015
46358,Stayed,0.06917006,0.93082994
22202,Stayed,0.13278753,0.8672125
52474,Stayed,0.16414785,0.83585215
3571,Left,0.8121561,0.18784395
58555,Stayed,0.25443876,0.74556124
38874,Stayed,0.18614948,0.8138505
2956,Left,0.6604035,0.33959654
55336,Stayed,0.036902606,0.9630974
42335,Stayed,0.467223,0.532777
8122,Left,0.5716812,0.4283188
16112,Left,0.8585384,0.14146158
69560,Left,0.82899153,0.17100847
43116,Stayed,0.075543284,0.9244567
23390,Stayed,0.098318696,0.9016813
29208,Stayed,0.019120395,0.9808796
9595,Left,0.70508087,0.29491916
68983,Stayed,0.36773598,0.632264
17835,Left,0.5077812,0.4922188
58375,Left,0.9651588,0.03484116
32343,Stayed,0.37713295,0.62286705
72694,Left,0.64164805,0.35835195
61165,Stayed,0.23787802,0.762122
18819,Left,0.95887274,0.041127287
24474,Stayed,0.05192995,0.94807005
28593,Stayed,0.09134734,0.90865266
71538,Stayed,0.2892785,0.7107215
63275,Stayed,0.41158026,0.58841974
41868,Left,0.7222222,0.27777776
17090,Stayed,0.064952314,0.9350477
51976,Left,0.63910306,0.36089694
70434,Left,0.6111346,0.3888654
54403,Stayed,0.45837927,0.54162073
69744,Stayed,0.07896519,0.9210348
59337,Left,0.932937,0.06706297
44763,Stayed,0.43993175,0.56006825
28840,Left,0.6240912,0.3759088
50821,Left,0.8853684,0.11463159
46887,Left,0.9151601,0.08483988
42888,Stayed,0.15323317,0.8467668
10181,Stayed,0.14178735,0.85821265
5659,Left,0.8667218,0.13327818
47312,Stayed,0.27529263,0.72470737
25997,Left,0.80843055,0.19156945
8515,Left,0.7710963,0.2289037
33079,Left,0.95626885,0.04373114
453,Left,0.85107917,0.14892085
43038,Stayed,0.10741806,0.89258194
10841,Stayed,0.07183313,0.92816687
63968,Left,0.71941876,0.2805812
53716,Stayed,0.47164214,0.52835786
57863,Left,0.98052114,0.019478835
36922,Stayed,0.38058388,0.6194161
66222,Left,0.5671146,0.43288544
58025,Left,0.5184964,0.48150364
33665,Left,0.76702,0.23298003
431,Left,0.53190297,0.46809703
28579,Left,0.8594916,0.14050841
22783,Stayed,0.23739278,0.7626072
57361,Stayed,0.22869694,0.77130306
8197,Stayed,0.47253084,0.52746916
9995,Left,0.64478445,0.35521552
49783,Stayed,0.4788885,0.5211115
9795,Left,0.7340516,0.2659484
29801,Stayed,0.058888674,0.9411113
40261,Left,0.74568605,0.25431395
31815,Stayed,0.10782534,0.89217466
13725,Left,0.50434184,0.49565816
11266,Left,0.7503532,0.24964675
69996,Left,0.5324685,0.4675315
63348,Left,0.62696517,0.37303486
40266,Left,0.90969145,0.09030855
34576,Left,0.785281,0.21471901
53695,Left,0.61495453,0.38504547
42816,Stayed,0.12748688,0.8725131
37308,Stayed,0.3048951,0.6951049
269,Stayed,0.02368623,0.97631377
9481,Stayed,0.37003958,0.6299604
49911,Left,0.71289843,0.28710157
45325,Stayed,0.41232115,0.58767885
63158,Stayed,0.18001908,0.8199809
40969,Left,0.57045263,0.42954737
5195,Stayed,0.45674235,0.54325765
13469,Stayed,0.015365303,0.9846347
43128,Left,0.9215366,0.07846339
9511,Stayed,0.077983856,0.92201614
47494,Stayed,0.25031,0.74969
23210,Left,0.78838605,0.21161397
8669,Left,0.65929914,0.34070086
60770,Left,0.98305726,0.016942743
4449,Stayed,0.14206612,0.8579339
65906,Left,0.73659086,0.26340917
33795,Stayed,0.38260788,0.6173921
69009,Stayed,0.3595181,0.6404819
61367,Stayed,0.20295787,0.79704213
69568,Left,0.7616087,0.2383913
21946,Left,0.8238277,0.17617233
54871,Stayed,0.21378851,0.7862115
30439,Stayed,0.45796365,0.54203635
9632,Stayed,0.19314718,0.8068528
34984,Left,0.93740565,0.06259433
66612,Stayed,0.064448535,0.93555146
64235,Stayed,0.35962236,0.64037764
38168,Left,0.6846744,0.31532565
29562,Stayed,0.275536,0.724464
9627,Left,0.6063559,0.39364406
25816,Left,0.8901234,0.109876595
20475,Left,0.52121043,0.4787896
60650,Stayed,0.18908173,0.8109183
39203,Stayed,0.18487245,0.81512755
39775,Left,0.5288726,0.4711274
42261,Left,0.84052503,0.15947498
35232,Left,0.91935766,0.08064232
72316,Left,0.5454065,0.45459348
24036,Left,0.94189924,0.058100786
53697,Left,0.78237367,0.21762635
42164,Stayed,0.33128482,0.6687152
10431,Stayed,0.2537254,0.7462746
44874,Left,0.92112964,0.078870356
4087,Left,0.91816896,0.08183105
33494,Left,0.79197913,0.20802087
20067,Left,0.5315018,0.46849817
74260,Stayed,0.0905875,0.9094125
70297,Stayed,0.16158623,0.8384138
62704,Stayed,0.42109108,0.5789089
59215,Left,0.79544246,0.20455755
48987,Stayed,0.2627532,0.7372468
4005,Left,0.86867666,0.13132331
35923,Left,0.96975034,0.03024967
2508,Left,0.6785243,0.32147568
71891,Stayed,0.14191735,0.85808265
28620,Stayed,0.30868185,0.69131815
19829,Stayed,0.49021375,0.50978625
32031,Left,0.9229225,0.07707748
37087,Left,0.867916,0.13208398
31518,Left,0.74130195,0.25869805
10928,Left,0.7381536,0.2618464
44665,Left,0.5659431,0.4340569
24264,Stayed,0.21514392,0.7848561
40863,Left,0.5823647,0.4176353
64991,Stayed,0.1457265,0.8542735
65224,Stayed,0.04040432,0.9595957
1046,Left,0.90789205,0.09210796
12457,Left,0.93212336,0.067876644
38538,Stayed,0.08420521,0.9157948
51625,Left,0.88866526,0.11133474
48854,Stayed,0.39391267,0.6060873
65318,Stayed,0.381527,0.618473
13663,Stayed,0.06220174,0.93779826
11734,Stayed,0.09491533,0.90508467
30815,Left,0.83207524,0.16792478
3836,Left,0.8716451,0.12835489
61576,Left,0.5675992,0.4324008
9958,Stayed,0.085277915,0.9147221
68887,Stayed,0.4001466,0.5998534
28333,Stayed,0.43102294,0.56897706
53938,Stayed,0.36491048,0.6350895
61592,Stayed,0.38522547,0.6147745
34837,Left,0.85107017,0.1489298
1622,Stayed,0.19492823,0.8050718
20907,Stayed,0.19605774,0.80394226
9607,Stayed,0.14221668,0.8577833
17445,Stayed,0.22942996,0.77057004
6528,Left,0.92420274,0.07579726
12869,Stayed,0.10730332,0.8926967
24258,Left,0.76362634,0.23637366
25071,Stayed,0.4922955,0.5077045
20407,Left,0.9688553,0.03114467
56751,Stayed,0.43118,0.56882
31379,Stayed,0.25423247,0.74576753
51663,Stayed,0.4414035,0.5585965
17555,Stayed,0.3652491,0.6347509
19239,Left,0.74970573,0.25029427
64220,Left,0.7130937,0.2869063
27581,Stayed,0.13389099,0.866109
50579,Stayed,0.08235335,0.91764665
19195,Stayed,0.23696357,0.76303643
343,Left,0.5094415,0.49055853
37988,Left,0.8266382,0.17336181
65255,Stayed,0.19416821,0.8058318
941,Left,0.5214902,0.4785098
58765,Stayed,0.1082257,0.8917743
69646,Stayed,0.076342046,0.92365795
22962,Stayed,0.15554595,0.84445405
4615,Stayed,0.45233804,0.54766196
57192,Stayed,0.31756347,0.6824365
3874,Stayed,0.084855795,0.9151442
2089,Stayed,0.35385084,0.64614916
71563,Stayed,0.31438184,0.68561816
617,Left,0.77000546,0.22999455
70412,Stayed,0.030010462,0.96998954
71803,Stayed,0.07872677,0.92127323
61060,Left,0.9404239,0.05957611
16064,Left,0.5448921,0.45510796
4310,Left,0.61526465,0.38473532
72137,Stayed,0.45185852,0.5481415
41545,Stayed,0.41670072,0.5832993
4013,Left,0.92351,0.07648996
47009,Stayed,0.38539386,0.61460614
21212,Left,0.79079,0.20921
66634,Left,0.54191744,0.4580826
32341,Stayed,0.43019086,0.56980914
47386,Left,0.823674,0.17632598
51578,Left,0.98461837,0.015381626
23530,Stayed,0.2985304,0.7014696
7738,Stayed,0.06949097,0.93050903
23000,Left,0.89767635,0.10232363
64260,Stayed,0.2925517,0.7074483
40941,Left,0.9465973,0.053402748
23972,Stayed,0.18449152,0.8155085
11573,Left,0.9081322,0.09186781
33174,Left,0.79648364,0.2035164
23892,Stayed,0.2451179,0.7548821
46583,Left,0.9279047,0.0720953
10330,Stayed,0.34831083,0.6516892
62689,Left,0.7843735,0.2156265
52705,Left,0.97117317,0.028826835
5347,Stayed,0.21459264,0.78540736
13180,Stayed,0.42195034,0.57804966
54522,Left,0.60916847,0.39083153
40257,Left,0.6062603,0.39373967
52824,Left,0.7133538,0.2866462
37541,Left,0.6341343,0.36586574
31063,Stayed,0.11605185,0.88394815
67993,Left,0.91676354,0.083236486
73565,Stayed,0.3209594,0.6790406
15884,Left,0.5861945,0.41380545
30410,Stayed,0.19964719,0.8003528
29111,Left,0.9507504,0.049249567
40073,Stayed,0.37686706,0.62313294
21350,Stayed,0.37637985,0.62362015
11497,Stayed,0.0068276525,0.99317235
56358,Stayed,0.4139163,0.5860837
58075,Stayed,0.28267938,0.7173206
21274,Stayed,0.11733186,0.88266814
57336,Left,0.9656224,0.03437756
15498,Stayed,0.06702143,0.9329786
73410,Left,0.7908876,0.2091124
42944,Stayed,0.38322484,0.61677516
49559,Stayed,0.060798705,0.9392013
14460,Stayed,0.4262553,0.5737447
15113,Stayed,0.26299757,0.73700243
5946,Left,0.9736573,0.026342668
31976,Stayed,0.21263945,0.78736055
69969,Left,0.71686476,0.28313524
52915,Left,0.8279305,0.17206948
58135,Stayed,0.13988191,0.8601181
52065,Stayed,0.21140754,0.78859246
61183,Left,0.7990197,0.20098028
69950,Left,0.6108288,0.38917118
13840,Stayed,0.12683517,0.87316483
15819,Stayed,0.19661278,0.8033872
54430,Left,0.853222,0.14677797
12581,Left,0.785549,0.214451
59703,Left,0.5309832,0.46901682
12620,Left,0.7017448,0.2982552
12826,Left,0.7068655,0.2931345
24965,Stayed,0.49217492,0.5078251
67175,Stayed,0.1648733,0.8351267
40982,Stayed,0.16628629,0.8337137
43236,Left,0.5486927,0.45130727
41313,Stayed,0.49539512,0.5046049
23018,Stayed,0.21001971,0.7899803
17688,Stayed,0.13540274,0.86459726
48837,Left,0.58098733,0.41901264
23918,Stayed,0.4156745,0.5843255
38771,Left,0.6764271,0.3235729
23962,Left,0.88273394,0.11726604
56621,Stayed,0.1647898,0.8352102
15285,Stayed,0.22975677,0.7702432
72161,Stayed,0.29497647,0.7050235
43504,Left,0.53532743,0.4646726
46188,Stayed,0.013155937,0.98684406
68832,Left,0.61770284,0.38229713
1171,Left,0.5668143,0.4331857
30114,Stayed,0.49855387,0.5014461
35149,Stayed,0.0942601,0.9057399
7882,Stayed,0.3936963,0.6063037
71724,Stayed,0.020799637,0.97920036
4045,Left,0.93999267,0.060007308
16702,Stayed,0.14287317,0.85712683
73555,Stayed,0.09688318,0.9031168
65565,Stayed,0.10617256,0.89382744
9052,Stayed,0.06732774,0.93267226
22533,Stayed,0.22066778,0.7793322
53506,Left,0.8858114,0.11418861
30844,Stayed,0.261307,0.738693
56538,Left,0.6447652,0.3552348
28564,Left,0.67504334,0.3249567
64349,Stayed,0.42430484,0.57569516
29253,Left,0.9142476,0.08575241
11242,Stayed,0.044011593,0.9559884
70346,Left,0.6425606,0.3574394
3130,Left,0.9348041,0.065195896
25182,Left,0.5104387,0.48956132
39678,Left,0.6563773,0.34362268
20219,Stayed,0.08556938,0.9144306
32761,Left,0.70243615,0.29756385
40842,Left,0.64117783,0.35882217
20339,Stayed,0.25342935,0.74657065
16281,Left,0.9128875,0.08711247
20976,Stayed,0.45389402,0.546106
66186,Stayed,0.4709316,0.5290684
19541,Stayed,0.012906134,0.98709387
23167,Stayed,0.31410956,0.68589044
20017,Stayed,0.03960198,0.960398
56424,Stayed,0.48068285,0.51931715
37557,Stayed,0.051974416,0.9480256
30556,Left,0.8329208,0.16707918
70063,Stayed,0.39554232,0.6044577
35270,Left,0.6947589,0.3052411
16342,Stayed,0.36647308,0.6335269
44751,Left,0.5927117,0.4072883
10838,Stayed,0.08295947,0.9170405
55702,Stayed,0.057111025,0.942889
24527,Left,0.95450026,0.04549976
7356,Left,0.5082712,0.49172878
41017,Left,0.6323101,0.3676899
73398,Left,0.531809,0.468191
22942,Left,0.7891186,0.21088141
9785,Stayed,0.19797868,0.8020213
24778,Left,0.74239814,0.2576019
41440,Stayed,0.43951398,0.560486
8362,Left,0.7882335,0.2117665
14449,Stayed,0.37760395,0.62239605
30729,Stayed,0.44614518,0.5538548
24934,Left,0.92963666,0.070363335
26062,Left,0.8626553,0.1373447
23756,Stayed,0.010632098,0.9893679
60592,Stayed,0.29162997,0.70837003
67481,Left,0.8837284,0.116271585
48691,Stayed,0.25263214,0.74736786
59496,Left,0.60271645,0.39728358
40588,Left,0.90875864,0.09124137
19838,Stayed,0.017547607,0.9824524
24578,Stayed,0.09475553,0.90524447
24955,Stayed,0.40462124,0.59537876
57449,Stayed,0.23921609,0.7607839
45468,Left,0.6236439,0.37635612
3739,Stayed,0.3817724,0.6182276
67920,Left,0.558627,0.441373
35603,Stayed,0.49770176,0.50229824
37663,Left,0.6293026,0.37069735
39341,Stayed,0.25227624,0.74772376
66474,Stayed,0.28926456,0.71073544
6313,Stayed,0.41529512,0.5847049
1058,Left,0.57251376,0.42748624
21057,Left,0.76075184,0.23924813
4403,Stayed,0.27541256,0.72458744
53972,Left,0.681302,0.318698
49874,Left,0.65699327,0.3430067
61618,Left,0.5451556,0.45484442
45173,Stayed,0.47507274,0.52492726
53592,Stayed,0.051234066,0.94876593
48800,Left,0.5538188,0.4461812
66967,Stayed,0.39434808,0.6056519
52822,Stayed,0.22788775,0.77211225
28242,Stayed,0.026848912,0.9731511
26165,Stayed,0.46452558,0.5354744
9142,Stayed,0.071653485,0.9283465
41593,Stayed,0.072141945,0.92785805
1499,Stayed,0.07054651,0.9294535
73785,Left,0.7727045,0.2272955
24524,Stayed,0.42731792,0.5726821
64454,Left,0.70643884,0.29356116
44317,Stayed,0.29497647,0.7050235
29013,Stayed,0.4592883,0.5407117
30296,Stayed,0.4012773,0.5987227
5796,Stayed,0.088008106,0.9119919
59816,Left,0.9285851,0.0714149
55770,Left,0.80771405,0.19228595
58881,Stayed,0.45739853,0.54260147
14883,Left,0.861954,0.13804603
67421,Stayed,0.43343925,0.56656075
58794,Stayed,0.18167984,0.81832016
32033,Left,0.77684337,0.22315663
65380,Left,0.9830897,0.016910307
9247,Stayed,0.106723666,0.89327633
17955,Left,0.8347131,0.16528691
30960,Left,0.51834476,0.48165524
42048,Stayed,0.15714002,0.84286
2500,Left,0.5242605,0.4757395
43144,Stayed,0.4351881,0.5648119
5993,Stayed,0.13015729,0.8698427
66051,Left,0.50263983,0.49736017
20413,Stayed,0.06251919,0.9374808
44994,Left,0.66379845,0.33620152
40491,Left,0.7226977,0.27730232
12312,Left,0.9510442,0.048955802
52754,Left,0.7805679,0.21943209
60616,Stayed,0.29267597,0.707324
22782,Stayed,0.09798896,0.90201104
66881,Left,0.5209763,0.47902367
18489,Left,0.5992388,0.4007612
63985,Left,0.67367244,0.3263276
28137,Left,0.5315093,0.46849075
69438,Stayed,0.2555985,0.7444015
48519,Stayed,0.10272163,0.89727837
67546,Left,0.6411232,0.3588768
44246,Stayed,0.13834327,0.8616567
69842,Left,0.6214156,0.37858436
20217,Stayed,0.16361898,0.836381
72053,Stayed,0.1574009,0.8425991
53255,Stayed,0.37084502,0.629155
14604,Stayed,0.28463674,0.71536326
47451,Left,0.6404784,0.35952166
55744,Stayed,0.3573811,0.6426189
16223,Stayed,0.06533325,0.93466675
53983,Left,0.8663885,0.13361149
4432,Stayed,0.016245902,0.9837541
48646,Left,0.5697205,0.43027946
61281,Left,0.6948956,0.30510437
25798,Left,0.7473694,0.25263062
39364,Left,0.68135285,0.31864715
36890,Stayed,0.490781,0.509219
62106,Left,0.6394193,0.36058065
14580,Left,0.50669235,0.49330765
28581,Left,0.89748794,0.102512054
6546,Stayed,0.05170715,0.94829285
28154,Stayed,0.49141932,0.5085807
70530,Left,0.5066426,0.4933574
20939,Stayed,0.09483594,0.90516406
37317,Left,0.6937874,0.3062126
50594,Stayed,0.3944741,0.6055259
12005,Stayed,0.13686633,0.86313367
37979,Stayed,0.11446458,0.8855354
70450,Stayed,0.29071665,0.70928335
66123,Stayed,0.38562644,0.61437356
67080,Left,0.59623,0.40377003
25225,Stayed,0.06485355,0.93514645
44669,Left,0.69928265,0.30071738
59909,Stayed,0.21836549,0.7816345
25183,Stayed,0.28311175,0.71688825
73,Stayed,0.45532793,0.5446721
23910,Stayed,0.06656653,0.9334335
38915,Left,0.52502674,0.47497326
13775,Stayed,0.018928468,0.98107153
9737,Left,0.9079141,0.09208591
22409,Stayed,0.4959159,0.5040841
53262,Left,0.7364165,0.26358348
40561,Stayed,0.06774932,0.9322507
61587,Left,0.7250403,0.27495968
18955,Stayed,0.31616837,0.68383163
55657,Left,0.8923847,0.10761528
64031,Left,0.7196454,0.2803546
35919,Stayed,0.019113362,0.98088664
73669,Stayed,0.1757288,0.8242712
19793,Stayed,0.4574471,0.5425529
31267,Stayed,0.45318872,0.5468113
12104,Left,0.576999,0.423001
7413,Stayed,0.47162783,0.52837217
49595,Left,0.54564357,0.4543564
72395,Left,0.85084784,0.14915217
52326,Stayed,0.39125,0.60875
55,Stayed,0.039390385,0.9606096
53714,Stayed,0.21672845,0.78327155
51137,Stayed,0.47052252,0.5294775
59108,Stayed,0.32598412,0.6740159
50020,Left,0.6135607,0.3864393
20189,Left,0.8342434,0.16575655
1039,Stayed,0.46348953,0.53651047
29978,Left,0.8583745,0.14162551
64579,Left,0.8769328,0.123067215
28202,Left,0.8988551,0.10114494
61316,Stayed,0.15859115,0.84140885
50212,Left,0.66766405,0.33233598
57876,Stayed,0.2497974,0.7502026
30070,Left,0.8647554,0.13524458
60150,Stayed,0.14512908,0.8548709
2915,Left,0.8996337,0.10036632
8663,Left,0.69044435,0.30955565
58108,Stayed,0.08019596,0.91980404
6690,Left,0.82090557,0.17909443
41956,Left,0.52976465,0.47023538
58146,Stayed,0.4867459,0.5132541
15603,Left,0.6034342,0.3965658
24459,Left,0.5183096,0.48169044
61605,Left,0.663458,0.33654198
1054,Left,0.95656526,0.043434743
67105,Left,0.50041246,0.4995875
37799,Stayed,0.11771184,0.88228816
6927,Stayed,0.0416916,0.9583084
59090,Left,0.5522981,0.44770187
43663,Left,0.57263994,0.42736003
71113,Stayed,0.37595016,0.62404984
70180,Left,0.81677693,0.18322307
15843,Left,0.5068934,0.4931066
16934,Stayed,0.08564085,0.91435915
286,Left,0.6172821,0.3827179
54215,Left,0.8634089,0.13659108
58483,Left,0.5878769,0.4121231
49847,Stayed,0.4672523,0.5327477
43798,Stayed,0.055325687,0.9446743
51301,Stayed,0.34569228,0.6543077
20692,Left,0.633587,0.366413
51259,Stayed,0.16850358,0.8314964
540,Left,0.8983963,0.1016037
18648,Left,0.5566479,0.44335207
59323,Left,0.8595784,0.14042163
32425,Stayed,0.4119501,0.5880499
58441,Stayed,0.15099066,0.84900934
6149,Left,0.8839698,0.116030194
72445,Stayed,0.051298678,0.9487013
22224,Stayed,0.14424366,0.85575634
24976,Left,0.9697724,0.03022759
14171,Left,0.79701734,0.20298263
62718,Stayed,0.3424924,0.6575076
19035,Stayed,0.057783604,0.9422164
52865,Stayed,0.15741414,0.84258586
35527,Left,0.5119822,0.4880178
19137,Left,0.57078266,0.42921734
14812,Left,0.972824,0.027176006
51655,Left,0.75061136,0.24938865
12145,Stayed,0.2062605,0.7937395
36605,Left,0.95134604,0.04865393
19437,Stayed,0.4325133,0.5674867
17821,Left,0.73228467,0.2677153
29695,Left,0.8145066,0.1854934
40067,Stayed,0.1298219,0.8701781
37921,Stayed,0.057950616,0.9420494
24099,Left,0.9505379,0.049462058
48606,Left,0.6303647,0.36963528
67161,Left,0.6375328,0.36246723
64746,Left,0.6403457,0.3596543
38525,Stayed,0.27767152,0.7223285
688,Left,0.9139186,0.086081356
56301,Stayed,0.35335684,0.64664316
74255,Stayed,0.4196865,0.5803135
44142,Left,0.94973224,0.05026778
3816,Stayed,0.36712933,0.6328707
48262,Stayed,0.26668662,0.7333134
38720,Left,0.5746621,0.4253379
19549,Left,0.6453769,0.35462305
15364,Stayed,0.16567856,0.83432144
58122,Stayed,0.09356618,0.9064338
1201,Left,0.6412247,0.35877532
14489,Stayed,0.46843177,0.5315682
11519,Left,0.65699893,0.34300107
71815,Stayed,0.24191725,0.75808275
57640,Stayed,0.2286197,0.7713803
30048,Left,0.6747994,0.32520062
5668,Left,0.9162621,0.083737895
36471,Stayed,0.16915667,0.8308433
23606,Left,0.77465546,0.22534451
38124,Stayed,0.35484928,0.6451507
37129,Stayed,0.14502525,0.85497475
57588,Stayed,0.15073872,0.8492613
34777,Left,0.768713,0.23128702
45389,Left,0.6732556,0.32674438
49764,Left,0.67027915,0.32972085
51491,Left,0.9342516,0.065748386
44851,Stayed,0.4963386,0.5036614
12995,Stayed,0.015417576,0.9845824
71328,Stayed,0.021852314,0.9781477
26555,Stayed,0.32807958,0.6719204
43138,Left,0.9099046,0.09009542
52939,Stayed,0.2539478,0.7460522
65258,Left,0.535551,0.464449
64337,Stayed,0.30739778,0.6926022
10280,Stayed,0.15742278,0.8425772
42202,Stayed,0.14893043,0.85106957
47840,Left,0.898672,0.10132801
61987,Left,0.67332864,0.32667136
23279,Stayed,0.25264663,0.7473534
47054,Left,0.6660174,0.33398262
30990,Left,0.7776997,0.2223003
23221,Left,0.8809106,0.11908943
68532,Left,0.6996137,0.30038628
73073,Left,0.7972771,0.20272294
63391,Left,0.88552654,0.11447346
53260,Stayed,0.22860515,0.77139485
41957,Left,0.7744372,0.22556284
49459,Stayed,0.09771496,0.90228504
34997,Left,0.9189151,0.0810849
51641,Left,0.81670004,0.18329996
53257,Left,0.9424312,0.057568803
65859,Left,0.7061899,0.29381013
30631,Stayed,0.1807605,0.8192395
72801,Left,0.8552512,0.14474882
7891,Stayed,0.099047065,0.90095294
52890,Stayed,0.30700266,0.69299734
24016,Left,0.91135913,0.088640854
68495,Left,0.68296254,0.3170375
64389,Left,0.8032284,0.19677159
32521,Stayed,0.13192266,0.86807734
66338,Stayed,0.3421374,0.6578626
50781,Left,0.6689998,0.3310002
70839,Left,0.8953979,0.104602106
72765,Left,0.97771853,0.022281475
53520,Left,0.735244,0.26475602
5300,Stayed,0.2861935,0.7138065
72466,Left,0.6431097,0.3568903
62355,Left,0.951754,0.048246022
13803,Left,0.50696075,0.49303922
46753,Left,0.67601466,0.32398534
62318,Stayed,0.4823041,0.5176959
4149,Stayed,0.13397735,0.86602265
52957,Left,0.5719884,0.4280116
46743,Left,0.61514497,0.38485503
73954,Left,0.7112782,0.2887218
54955,Stayed,0.045603275,0.9543967
3434,Stayed,0.26452416,0.73547584
42909,Stayed,0.12714052,0.8728595
54346,Left,0.9589517,0.0410483
38253,Stayed,0.009951115,0.9900489
28623,Stayed,0.3085258,0.6914742
3907,Stayed,0.23491246,0.76508754
25777,Left,0.6709665,0.32903352
47040,Left,0.91348004,0.086519964
23629,Left,0.7710564,0.22894357
15542,Stayed,0.21341312,0.7865869
29262,Left,0.6280749,0.37192515
37807,Stayed,0.057276428,0.9427236
24628,Stayed,0.2619174,0.7380826
25849,Stayed,0.23658186,0.76341814
70590,Stayed,0.3169843,0.6830157
17122,Left,0.9276626,0.072337404
7209,Stayed,0.16945213,0.83054787
2306,Left,0.8162608,0.18373919
38433,Stayed,0.30599773,0.6940023
36583,Stayed,0.055862367,0.94413763
18687,Stayed,0.35495073,0.6450493
12634,Stayed,0.2525496,0.7474504
2139,Left,0.5142876,0.4857124
31545,Left,0.5397161,0.4602839
70354,Left,0.6869112,0.31308877
16994,Left,0.6277683,0.3722317
39416,Stayed,0.1535846,0.8464154
68260,Stayed,0.41833586,0.58166414
66745,Stayed,0.49256188,0.5074381
1521,Stayed,0.4948818,0.5051182
70981,Stayed,0.15522528,0.8447747
73639,Stayed,0.14661944,0.85338056
61679,Stayed,0.16439223,0.83560777
812,Stayed,0.44840515,0.55159485
42238,Left,0.7801759,0.21982408
68951,Stayed,0.34294683,0.6570532
57338,Left,0.88394403,0.11605596
4290,Left,0.5518007,0.44819927
39084,Stayed,0.085763514,0.9142365
26061,Stayed,0.049623013,0.950377
30818,Left,0.93188715,0.06811284
18054,Left,0.6801685,0.31983146
46318,Left,0.50962424,0.49037576
33977,Stayed,0.115763545,0.88423645
21841,Left,0.5410241,0.45897594
8286,Stayed,0.34292275,0.65707725
12279,Left,0.60207915,0.39792082
21627,Stayed,0.084901035,0.91509897
21795,Stayed,0.29222453,0.7077755
958,Left,0.5077256,0.4922744
64439,Left,0.8526995,0.14730047
43905,Stayed,0.01750189,0.9824981
7361,Left,0.94526565,0.05473434
52342,Stayed,0.3922633,0.6077367
46207,Left,0.66790545,0.33209458
9289,Stayed,0.025342047,0.97465795
74112,Stayed,0.052434146,0.94756585
67326,Left,0.6416007,0.3583993
29965,Left,0.6374667,0.36253327
35862,Stayed,0.20263404,0.79736596
56131,Left,0.80866826,0.19133174
2373,Stayed,0.31760466,0.68239534
64606,Left,0.6496438,0.35035625
48139,Left,0.81236833,0.18763165
66783,Stayed,0.28533393,0.71466607
11271,Stayed,0.4425316,0.5574684
4092,Stayed,0.1360485,0.8639515
65152,Stayed,0.28356946,0.71643054
61104,Stayed,0.3827834,0.6172166
28706,Left,0.80089015,0.19910985
64469,Stayed,0.028126419,0.9718736
57877,Stayed,0.3722763,0.6277237
65264,Left,0.9609496,0.039050423
15120,Stayed,0.2959668,0.7040332
66246,Left,0.5295468,0.4704532
36199,Stayed,0.076020956,0.92397904
53816,Left,0.6397859,0.36021408
62789,Stayed,0.33285475,0.66714525
48320,Stayed,0.21840012,0.7815999
25644,Stayed,0.20617479,0.7938252
35500,Stayed,0.14472616,0.85527384
5277,Stayed,0.21172166,0.78827834
66422,Left,0.6150514,0.38494864
65653,Stayed,0.0707379,0.9292621
53930,Left,0.8144608,0.18553917
28327,Stayed,0.3312298,0.6687702
71734,Stayed,0.21893781,0.7810622
63331,Stayed,0.08595407,0.91404593
54710,Stayed,0.023859024,0.976141
32817,Stayed,0.18953115,0.81046885
41769,Stayed,0.20871645,0.79128355
50117,Stayed,0.14402544,0.85597456
5897,Left,0.6251226,0.3748774
48214,Stayed,0.19324034,0.80675966
43054,Stayed,0.14111382,0.8588862
43268,Left,0.94411904,0.055880953
18389,Stayed,0.32431215,0.67568785
7003,Left,0.8803876,0.11961241
31375,Left,0.68509483,0.31490514
2047,Stayed,0.43829864,0.56170136
19108,Stayed,0.337609,0.662391
30370,Stayed,0.080240786,0.9197592
49354,Left,0.67589545,0.32410458
32057,Left,0.8524816,0.14751843
62939,Stayed,0.49046326,0.50953674
11258,Left,0.88460356,0.11539642
62967,Stayed,0.4249382,0.5750618
69425,Stayed,0.4486379,0.5513621
28283,Left,0.55041826,0.44958174
55255,Left,0.9000952,0.099904805
32232,Left,0.64232,0.35768002
37023,Stayed,0.0736295,0.9263705
70532,Stayed,0.20993823,0.7900618
38252,Stayed,0.3290761,0.6709239
27537,Stayed,0.05679804,0.94320196
32219,Stayed,0.054831445,0.94516855
57507,Left,0.95048726,0.049512748
32269,Stayed,0.32529312,0.6747069
71665,Stayed,0.30590618,0.6940938
63906,Stayed,0.15784979,0.8421502
46422,Stayed,0.010534048,0.98946595
3805,Stayed,0.3887871,0.6112129
15687,Stayed,0.0825274,0.9174726
38989,Stayed,0.16356087,0.83643913
23921,Left,0.7173672,0.28263286
67234,Stayed,0.2674132,0.7325868
5235,Stayed,0.38541132,0.6145887
31202,Stayed,0.25367737,0.74632263
66583,Stayed,0.018529117,0.9814709
60347,Left,0.747337,0.25266302
67319,Stayed,0.24632633,0.7536737
51027,Left,0.85988486,0.14011511
65624,Stayed,0.101163805,0.8988362
7543,Left,0.8975239,0.102476105
52647,Stayed,0.260176,0.739824
45491,Left,0.7241833,0.2758167
9518,Stayed,0.3328424,0.6671576
53607,Left,0.55955666,0.44044334
28384,Left,0.6373999,0.3626001
5553,Stayed,0.23626077,0.7637392
13125,Left,0.75745595,0.24254403
23432,Left,0.5277374,0.47226262
73897,Left,0.92271966,0.07728036
71781,Stayed,0.3834607,0.6165393
31163,Stayed,0.1896075,0.8103925
40446,Left,0.7580173,0.24198267
12355,Stayed,0.11738235,0.88261765
27009,Stayed,0.12947315,0.87052685
57586,Stayed,0.26284158,0.7371584
57412,Left,0.6768651,0.32313493
67979,Left,0.9356744,0.06432559
29224,Stayed,0.10787004,0.89212996
61580,Stayed,0.2463587,0.7536413
9032,Left,0.85625315,0.14374682
73207,Left,0.938308,0.061691973
38518,Left,0.94193715,0.05806283
14857,Left,0.5177907,0.48220932
41949,Stayed,0.06880754,0.93119246
53309,Left,0.56896555,0.43103445
58852,Left,0.946744,0.053255968
67850,Left,0.5958661,0.4041339
24150,Stayed,0.24800771,0.7519923
69187,Stayed,0.1300211,0.8699789
23976,Stayed,0.13944131,0.8605587
45456,Left,0.5517484,0.44825163
69334,Stayed,0.15874404,0.84125596
11187,Left,0.9877901,0.012209904
2663,Stayed,0.23335403,0.76664597
43957,Stayed,0.0904904,0.9095096
56115,Left,0.72233355,0.27766648
4904,Left,0.6257081,0.37429193
3041,Stayed,0.41196084,0.58803916
8151,Stayed,0.39198172,0.6080183
13642,Stayed,0.499565,0.500435
3320,Stayed,0.3095368,0.6904632
50151,Stayed,0.10590106,0.89409894
262,Left,0.8008247,0.19917528
61497,Left,0.5155482,0.48445177
35665,Stayed,0.47243184,0.52756816
55685,Left,0.857347,0.14265297
47213,Left,0.9767735,0.023226492
29781,Stayed,0.055604935,0.94439507
5371,Stayed,0.36913872,0.6308613
3074,Stayed,0.46439123,0.53560877
63604,Left,0.6013754,0.3986246
61012,Left,0.6372548,0.36274523
47338,Left,0.6232032,0.37679678
44059,Left,0.67606676,0.32393324
63299,Left,0.90398467,0.09601531
36768,Left,0.8406803,0.15931971
34741,Left,0.6123283,0.3876717
64291,Stayed,0.19651085,0.80348915
6320,Stayed,0.4335581,0.5664419
2342,Stayed,0.28780502,0.712195
44797,Left,0.76042426,0.23957573
65467,Stayed,0.18505275,0.81494725
18628,Stayed,0.4446392,0.5553608
13014,Stayed,0.0835861,0.9164139
65396,Stayed,0.14321834,0.85678166
60530,Left,0.9554,0.044599984
11036,Stayed,0.35816848,0.6418315
26920,Stayed,0.1754052,0.8245948
72565,Stayed,0.4574976,0.5425024
30148,Stayed,0.0448938,0.9551062
68220,Stayed,0.26310807,0.7368919
67847,Stayed,0.12548351,0.8745165
47170,Left,0.59078014,0.40921983
40204,Left,0.6780677,0.32193232
14638,Stayed,0.036006153,0.96399385
52731,Left,0.86717886,0.13282116
57076,Left,0.9766321,0.023367887
42660,Left,0.83583784,0.16416217
19673,Stayed,0.41950816,0.58049184
44395,Left,0.9578386,0.042161398
12386,Stayed,0.1612376,0.8387624
8920,Stayed,0.20525563,0.7947444
34042,Stayed,0.39138722,0.6086128
16228,Left,0.8801004,0.11989959
36663,Stayed,0.3791226,0.6208774
37848,Left,0.5577576,0.44224235
70076,Stayed,0.14622366,0.85377634
10285,Left,0.8666265,0.13337351
51775,Left,0.58310115,0.41689882
62409,Left,0.8550991,0.1449009
59597,Stayed,0.24531382,0.7546862
29761,Left,0.50809306,0.49190694
9173,Left,0.55756295,0.44243702
25056,Left,0.62119895,0.37880105
44100,Left,0.8215091,0.17849085
70625,Stayed,0.040016532,0.95998347
32499,Stayed,0.028621197,0.9713788
24011,Stayed,0.20636398,0.793636
13760,Stayed,0.4516453,0.5483547
24603,Left,0.9310846,0.06891544
43738,Left,0.6653416,0.33465835
36718,Stayed,0.3196317,0.6803683
37863,Left,0.51937646,0.48062354
35957,Left,0.53094554,0.4690545
36336,Stayed,0.03546959,0.9645304
34791,Left,0.883146,0.116854034
73351,Stayed,0.06041956,0.93958044
53424,Left,0.77957326,0.22042672
60067,Stayed,0.18363112,0.8163689
66979,Stayed,0.20655298,0.793447
48577,Stayed,0.268847,0.731153
65499,Stayed,0.38468623,0.61531377
54552,Left,0.95167804,0.04832197
58219,Left,0.5851273,0.4148727
37582,Stayed,0.04508376,0.95491624
57343,Left,0.6345942,0.36540583
55079,Left,0.63421977,0.36578026
9474,Stayed,0.3270471,0.6729529
42092,Stayed,0.39008242,0.6099176
71522,Left,0.5475369,0.4524631
58786,Left,0.6606948,0.33930522
14828,Left,0.9646537,0.03534633
57292,Left,0.95776355,0.042236477
26718,Stayed,0.091217935,0.90878206
30987,Left,0.5336921,0.46630785
53190,Left,0.84660375,0.15339622
55906,Stayed,0.27885306,0.72114694
20481,Stayed,0.3680743,0.6319257
48273,Left,0.6921807,0.3078193
31494,Left,0.5078714,0.4921286
40845,Stayed,0.114552796,0.8854472
3076,Stayed,0.13748199,0.862518
58725,Left,0.5670657,0.43293425
1352,Stayed,0.4718837,0.5281163
42840,Left,0.93436146,0.06563855
46330,Stayed,0.13373071,0.8662693
61089,Stayed,0.20959532,0.7904047
60595,Stayed,0.1306194,0.8693806
44312,Stayed,0.13291383,0.8670862
2361,Stayed,0.16905797,0.83094203
70736,Left,0.7967136,0.2032864
33986,Stayed,0.38077426,0.61922574
65864,Left,0.67691237,0.32308763
52173,Left,0.8841891,0.11581085
39666,Left,0.9010667,0.0989333
44651,Left,0.5300589,0.46994108
12215,Left,0.87558216,0.12441786
5324,Stayed,0.20281303,0.797187
63091,Stayed,0.2663977,0.7336023
54636,Stayed,0.09194219,0.9080578
53227,Stayed,0.26795256,0.73204744
30821,Stayed,0.23878706,0.76121294
15895,Stayed,0.2644341,0.7355659
18143,Stayed,0.02004546,0.97995454
17003,Stayed,0.06644893,0.9335511
56017,Stayed,0.2070443,0.7929557
61475,Left,0.96666944,0.033330586
34939,Left,0.93308264,0.06691735
69280,Stayed,0.2315538,0.7684462
42131,Left,0.6532222,0.34677783
49402,Stayed,0.02135992,0.9786401
66177,Left,0.7246739,0.27532607
2167,Stayed,0.114905775,0.8850942
42267,Left,0.8170175,0.18298252
13412,Left,0.9336489,0.06635109
62313,Left,0.78310204,0.216898
47411,Stayed,0.4293838,0.5706162
23308,Left,0.7877084,0.21229161
22750,Stayed,0.038508117,0.9614919
22833,Left,0.91927904,0.08072094
5990,Left,0.6174967,0.3825033
38201,Left,0.8024106,0.19758941
37016,Stayed,0.3898117,0.6101883
39291,Stayed,0.1258102,0.8741898
35827,Left,0.57221687,0.42778316
73067,Left,0.91733444,0.08266559
4198,Stayed,0.037381053,0.96261895
72978,Stayed,0.48585165,0.51414835
7457,Left,0.7204348,0.2795652
16354,Stayed,0.20433867,0.79566133
56916,Stayed,0.36643744,0.63356256
30914,Left,0.6496265,0.35037348
19031,Left,0.6046057,0.3953943
26904,Left,0.9018396,0.098160364
45942,Stayed,0.24644977,0.75355023
37471,Left,0.51305735,0.48694262
41819,Stayed,0.4834829,0.5165171
41968,Stayed,0.3916775,0.6083225
27943,Stayed,0.124396145,0.87560385
27674,Stayed,0.15384865,0.84615135
2099,Left,0.7876822,0.21231784
27636,Left,0.771922,0.22807804
71102,Left,0.5165599,0.4834401
34015,Stayed,0.2708177,0.7291823
44103,Left,0.9097921,0.09020787
23401,Stayed,0.4472291,0.5527709
35567,Stayed,0.20815837,0.7918416
65117,Stayed,0.15814948,0.8418505
66800,Stayed,0.43291485,0.56708515
2689,Left,0.82573813,0.17426185
3822,Stayed,0.19241065,0.80758935
54228,Left,0.8777845,0.12221552
3629,Stayed,0.3064921,0.6935079
26492,Stayed,0.13555056,0.86444944
68536,Left,0.84808636,0.15191361
63971,Stayed,0.16751212,0.8324879
20789,Stayed,0.12826324,0.87173676
4216,Left,0.96897423,0.031025771
18667,Left,0.86421216,0.13578787
30651,Left,0.84091884,0.15908116
57180,Left,0.67071414,0.32928583
6891,Left,0.7868192,0.21318075
21754,Stayed,0.03182453,0.9681755
26248,Left,0.5623102,0.43768978
67197,Left,0.529891,0.470109
33,Left,0.75508016,0.24491985
30865,Stayed,0.11167854,0.88832146
14315,Left,0.59108704,0.40891296
53119,Stayed,0.31984234,0.68015766
50253,Left,0.7274184,0.27258158
49814,Left,0.7821551,0.21784489
64544,Left,0.6282261,0.3717739
64973,Left,0.9337431,0.066256896
17607,Stayed,0.106066465,0.89393353
59672,Stayed,0.057015598,0.9429844
32490,Stayed,0.37122452,0.6287755
65344,Stayed,0.19086635,0.80913365
73886,Left,0.94348407,0.056515913
36507,Left,0.9544332,0.045566767
11563,Stayed,0.106938004,0.893062
24007,Stayed,0.31859744,0.68140256
14382,Stayed,0.35874552,0.6412545
5758,Left,0.6979998,0.30200022
71583,Stayed,0.43555725,0.56444275
14618,Stayed,0.41115683,0.58884317
52098,Stayed,0.112410605,0.8875894
41297,Stayed,0.44286364,0.55713636
39036,Left,0.92083853,0.07916146
45505,Stayed,0.17570394,0.82429606
4741,Left,0.93269664,0.06730338
8582,Left,0.60280687,0.39719313
53164,Stayed,0.27336848,0.7266315
34787,Left,0.8725579,0.12744209
38532,Stayed,0.4125461,0.5874539
16436,Stayed,0.21238267,0.7876173
23669,Left,0.78792834,0.21207163
943,Stayed,0.16598749,0.8340125
38014,Stayed,0.35508013,0.6449199
57576,Left,0.8073586,0.19264135
12020,Stayed,0.049337268,0.95066273
12859,Left,0.5355309,0.46446905
7823,Stayed,0.07529497,0.924705
30798,Stayed,0.05155009,0.9484499
21298,Stayed,0.37665462,0.6233454
70472,Stayed,0.04621792,0.9537821
55289,Stayed,0.3029899,0.6970101
55068,Stayed,0.35751808,0.6424819
45657,Left,0.87515724,0.124842755
17335,Left,0.513599,0.48640102
40209,Left,0.9189334,0.08106659
14512,Left,0.56841725,0.43158275
12533,Left,0.7214126,0.2785874
30336,Stayed,0.27784735,0.72215265
30554,Stayed,0.2631082,0.7368918
69208,Left,0.9734569,0.026543107
22217,Left,0.57459193,0.42540807
225,Left,0.7296216,0.2703784
63448,Left,0.61351585,0.38648418
4386,Left,0.6296593,0.3703407
48276,Stayed,0.4074127,0.5925873
26978,Left,0.91527104,0.08472895
47231,Stayed,0.28194892,0.7180511
41464,Left,0.71410155,0.28589845
2376,Stayed,0.23650634,0.76349366
6290,Stayed,0.31818002,0.68182
61422,Left,0.6713638,0.32863623
11983,Stayed,0.031184852,0.96881515
4314,Stayed,0.10828608,0.8917139
24500,Left,0.621295,0.37870502
61376,Stayed,0.050941348,0.94905865
38711,Stayed,0.31552428,0.6844757
41671,Left,0.79067385,0.20932616
32648,Left,0.70014095,0.29985905
41470,Stayed,0.35519654,0.64480346
41390,Stayed,0.4384606,0.5615394
46252,Stayed,0.25666875,0.74333125
38930,Stayed,0.3328321,0.6671679
35648,Stayed,0.35682374,0.64317626
4977,Left,0.59866035,0.40133968
12879,Stayed,0.4061544,0.5938456
38756,Left,0.5126678,0.48733225
12726,Left,0.67841065,0.32158932
24607,Stayed,0.089449346,0.91055065
65506,Left,0.75646055,0.24353944
68265,Left,0.93252254,0.067477435
28587,Left,0.6840091,0.31599092
36373,Stayed,0.2910607,0.7089393
57253,Stayed,0.3590675,0.6409325
7758,Left,0.8920536,0.107946366
3888,Stayed,0.31110615,0.68889385
69408,Left,0.89629894,0.10370106
23967,Left,0.937828,0.06217201
46181,Left,0.5472038,0.45279622
70999,Stayed,0.17650473,0.82349527
3919,Left,0.852051,0.14794901
70133,Stayed,0.49332488,0.5066751
7498,Left,0.57548654,0.42451343
58022,Stayed,0.1598717,0.8401283
14108,Left,0.94046056,0.059539426
59529,Left,0.72598267,0.27401736
48566,Left,0.7574986,0.2425014
47392,Stayed,0.43935406,0.56064594
60913,Stayed,0.39345384,0.60654616
50662,Stayed,0.48063523,0.5193648
54452,Stayed,0.009399056,0.99060094
3003,Stayed,0.012495816,0.9875042
27232,Left,0.712267,0.28773302
15613,Stayed,0.34968787,0.6503121
54783,Stayed,0.38636118,0.6136388
40028,Left,0.9671274,0.032872602
39653,Left,0.7725897,0.22741032
74218,Stayed,0.17189342,0.8281066
49381,Stayed,0.1249702,0.8750298
58324,Stayed,0.04418379,0.9558162
17761,Stayed,0.46720624,0.53279376
36933,Stayed,0.44515514,0.55484486
11403,Stayed,0.17978781,0.8202122
43121,Stayed,0.15506822,0.8449318
19000,Stayed,0.18489045,0.81510955
25803,Stayed,0.043658376,0.9563416
56539,Stayed,0.37483358,0.6251664
71950,Stayed,0.359181,0.640819
71834,Stayed,0.37835878,0.6216412
45612,Left,0.8405161,0.15948388
58023,Stayed,0.22431803,0.775682
51012,Left,0.5757532,0.4242468
67327,Left,0.74735993,0.25264007
46732,Stayed,0.047886968,0.95211303
11715,Stayed,0.042049825,0.9579502
32137,Stayed,0.3454799,0.6545201
10725,Stayed,0.08553964,0.91446036
32350,Stayed,0.3564661,0.6435339
46346,Left,0.9481879,0.051812097
7,Left,0.62132466,0.37867534
53908,Stayed,0.47454745,0.52545255
71555,Left,0.63290215,0.36709788
72807,Left,0.7391676,0.2608324
52170,Stayed,0.2648949,0.7351051
69709,Stayed,0.11998612,0.8800139
60472,Stayed,0.3529659,0.6470341
58340,Stayed,0.45290214,0.54709786
7514,Stayed,0.49937433,0.50062567
25752,Left,0.8752721,0.124727905
3266,Left,0.89008826,0.10991175
47001,Left,0.8541541,0.1458459
72311,Left,0.7990263,0.20097369
41519,Stayed,0.06824511,0.9317549
16636,Stayed,0.15570462,0.8442954
37289,Left,0.5167664,0.48323357
11394,Left,0.54531896,0.454681
50696,Left,0.77635264,0.22364736
51685,Left,0.6650113,0.3349887
3790,Stayed,0.14539802,0.854602
19384,Left,0.5035814,0.49641857
64693,Stayed,0.48884994,0.51115006
51848,Stayed,0.03672588,0.9632741
42764,Stayed,0.16663253,0.83336747
63902,Left,0.92719245,0.07280753
41712,Stayed,0.03921014,0.96078986
63638,Stayed,0.16792369,0.8320763
12785,Left,0.8627635,0.13723648
61813,Stayed,0.0339213,0.9660787
73551,Left,0.57721436,0.42278564
51643,Left,0.7521165,0.24788351
43289,Stayed,0.2697764,0.7302236
35529,Left,0.9364877,0.06351232
3648,Left,0.78425246,0.21574755
6316,Stayed,0.4462371,0.5537629
39893,Stayed,0.37639064,0.62360936
61320,Stayed,0.39080548,0.6091945
36419,Stayed,0.0634709,0.9365291
87,Left,0.84075034,0.15924963
41239,Left,0.563895,0.43610504
57067,Left,0.7138808,0.28611922
74061,Stayed,0.02190411,0.9780959
16047,Stayed,0.03910792,0.9608921
50845,Left,0.8360455,0.16395453
66875,Stayed,0.39132643,0.6086736
30339,Stayed,0.37912804,0.62087196
12010,Left,0.81289834,0.18710166
27070,Left,0.8479153,0.15208468
26761,Left,0.7361791,0.26382086
43344,Left,0.98171866,0.018281326
68651,Stayed,0.07723045,0.92276955
17052,Left,0.8221072,0.17789283
5138,Left,0.6304249,0.36957508
35100,Stayed,0.15137297,0.84862703
40516,Stayed,0.055635333,0.94436467
70721,Stayed,0.44619197,0.55380803
15269,Stayed,0.027395606,0.9726044
13076,Stayed,0.48126155,0.51873845
15886,Left,0.624894,0.375106
10998,Left,0.88487715,0.115122855
33200,Stayed,0.40197384,0.59802616
26162,Stayed,0.07704538,0.9229546
45770,Left,0.5238074,0.47619256
15216,Left,0.50820905,0.49179095
56838,Stayed,0.028604865,0.97139513
64273,Left,0.52820706,0.4717929
1634,Left,0.6856407,0.31435928
21248,Stayed,0.22017378,0.7798262
13070,Stayed,0.07829368,0.9217063
18093,Left,0.96336997,0.03663002
46454,Left,0.90519464,0.094805345
69055,Stayed,0.03006488,0.9699351
35115,Left,0.8952683,0.104731694
34653,Left,0.7181617,0.28183833
11667,Stayed,0.28623456,0.71376544
43761,Left,0.9347651,0.06523493
4525,Left,0.6061739,0.39382616
55586,Left,0.87816,0.12184
28618,Left,0.82583606,0.17416395
19309,Stayed,0.43314648,0.5668535
18573,Stayed,0.14615542,0.8538446
63905,Left,0.69829845,0.30170152
29749,Left,0.85232383,0.14767615
69333,Left,0.74226123,0.25773877
44929,Left,0.70724833,0.29275167
39558,Left,0.9546516,0.04534842
54435,Stayed,0.3083418,0.6916582
71377,Stayed,0.06464642,0.9353536
38491,Left,0.7259082,0.27409178
57670,Stayed,0.10009658,0.8999034
62715,Left,0.7385974,0.26140258
34307,Stayed,0.4058857,0.5941143
1387,Left,0.7245038,0.27549618
25916,Left,0.874312,0.12568803
31329,Left,0.9100368,0.089963205
45391,Stayed,0.03939742,0.9606026
4213,Stayed,0.3058843,0.6941157
49521,Stayed,0.06263369,0.9373663
24820,Left,0.5854893,0.41451073
54523,Left,0.5114963,0.4885037
28074,Stayed,0.23729002,0.76271
18418,Stayed,0.027763605,0.9722364
25046,Stayed,0.3913191,0.6086809
60739,Left,0.7420503,0.25794974
56866,Stayed,0.2996267,0.7003733
3270,Stayed,0.34199977,0.65800023
47940,Stayed,0.34043592,0.6595641
35488,Stayed,0.093687415,0.9063126
6434,Left,0.86880463,0.13119537
26272,Left,0.6214034,0.3785966
11648,Stayed,0.1402182,0.8597818
45309,Stayed,0.36151922,0.6384808
28197,Stayed,0.22106224,0.77893776
53780,Stayed,0.08440089,0.9155991
24596,Left,0.55603516,0.44396487
68034,Stayed,0.21411306,0.78588694
28845,Stayed,0.047695458,0.95230454
31591,Stayed,0.010511339,0.98948866
66380,Stayed,0.48155296,0.51844704
38556,Left,0.7773725,0.22262755
29983,Stayed,0.4077835,0.5922165
30208,Left,0.66501546,0.33498454
29393,Stayed,0.43157876,0.56842124
22795,Stayed,0.15836585,0.84163415
32424,Stayed,0.3752653,0.6247347
35264,Stayed,0.09409088,0.9059091
69676,Left,0.69923264,0.30076736
5749,Stayed,0.041303813,0.9586962
3185,Left,0.7254983,0.27450165
69953,Left,0.7637816,0.23621838
12037,Left,0.7274805,0.27251953
64677,Left,0.7561281,0.24387196
37496,Left,0.526906,0.47309402
60487,Stayed,0.31600314,0.68399686
10501,Stayed,0.16291082,0.8370892
40663,Stayed,0.26632285,0.73367715
25649,Left,0.77227235,0.22772764
18286,Left,0.94174415,0.05825586
61512,Stayed,0.22474998,0.77525
52902,Stayed,0.1926471,0.8073529
34856,Left,0.8509814,0.14901859
32290,Stayed,0.38942146,0.61057854
69760,Stayed,0.028161228,0.9718388
63763,Stayed,0.4733975,0.5266025
71304,Stayed,0.09505838,0.9049416
54086,Stayed,0.104699254,0.89530075
54362,Stayed,0.018387496,0.9816125
44995,Stayed,0.3180362,0.6819638
16169,Stayed,0.11641103,0.88358897
6323,Stayed,0.27286947,0.72713053
68796,Left,0.69397044,0.30602953
16243,Left,0.6960745,0.30392548
47175,Stayed,0.41452163,0.58547837
12409,Stayed,0.19084966,0.80915034
9554,Stayed,0.46164262,0.5383574
73042,Stayed,0.3106804,0.6893196
