prob_Left,prob_Stayed,founder_id
0.4069977939128876,0.593002188205719,52685
0.6891830682754516,0.31081694960594175,30585
0.1481122002005577,0.8518878102302552,54656
0.7832550048828125,0.2167449802160263,33442
0.06912765502929688,0.9308723449707031,15667
0.30910502672195433,0.6908949613571167,3496
0.5588046431541442,0.44119536876678467,46775
0.7518999338150024,0.24810003638267517,72645
0.5132625937461853,0.4867374122142792,4941
0.7289575338363647,0.27104249894618987,65181
0.6107787609100341,0.38922121524810793,49522
0.11978818476200104,0.8802118062973022,8195
0.1302570417523384,0.8697429656982422,52948
0.5176705300807953,0.48232950568199157,35067
0.8221228718757629,0.17787714600563048,53650
0.4813789904117584,0.5186209917068482,49803
0.785787045955658,0.21421294808387756,2213
0.5210866808891297,0.47891331315040586,48091
0.17888814210891724,0.8211118698120117,49462
0.25401086211204527,0.7459891319274903,16073
0.6965132594108582,0.30348674654960633,54967
0.6772291779518127,0.3227708160877228,35183
0.2889759987592697,0.711023998260498,455
0.7499025464057922,0.2500974267721176,36359
0.724365496635437,0.2756344974040985,36048
0.7272312879562378,0.27276870906352996,54081
0.5818890035152435,0.418110990524292,17189
0.5811830043792725,0.41881696581840516,31516
0.28708476126194,0.7129152536392211,3586
0.6521361589431762,0.3478638529777527,49198
0.6981244802474975,0.3018754720687866,60686
0.6328416228294372,0.3671583652496338,14616
0.5707969188690185,0.42920306921005247,12605
0.44498555064201356,0.5550144672393799,27617
0.9406707644462585,0.059329228848218916,23602
0.8450180172920227,0.1549819827079773,20883
0.9036182284355163,0.09638175368309021,64272
0.8987815856933594,0.10121840834617615,71141
0.3773232102394104,0.6226767778396607,62438
0.24074828624725342,0.7592517018318177,55672
0.44102559685707093,0.5589744210243225,18843
0.34537206292152406,0.6546279549598694,59459
0.2958600342273712,0.7041399598121643,56488
0.6713656067848206,0.3286344110965729,11062
0.7309310555458068,0.2690689504146576,70350
0.6054759621620178,0.3945240259170532,25065
0.4796381175518036,0.5203618884086609,59563
0.702103054523468,0.2978969722986221,6080
0.6591845273971557,0.3408154845237732,65256
0.6136726617813111,0.38632732033729555,55816
0.3841133236885071,0.615886676311493,48154
0.804136335849762,0.19586367905139923,19598
0.4807121992111206,0.5192877769470214,45711
0.6483231306076049,0.35167686343193055,31921
0.774401593208313,0.22559840381145477,28968
0.4836049258708954,0.5163950741291046,42658
0.8586094379425049,0.1413905829191208,33024
0.5258805453777313,0.47411946058273313,12971
0.847811758518219,0.1521882325410843,5719
0.6862083911895752,0.31379162669181826,9331
0.5280541956424714,0.4719458043575287,64168
0.11240904927253723,0.8875909090042114,20332
0.5074792623519897,0.4925207197666168,11169
0.506033331155777,0.4939666748046875,30757
0.45824294090270995,0.541757071018219,60983
0.8496687769889831,0.15033121705055236,26913
0.1710682362318039,0.8289318084716797,7546
0.33138490915298463,0.6686150908470154,67990
0.8104676842689514,0.18953231871128082,34301
0.8100622057914734,0.18993780314922332,14321
0.1978791356086731,0.802120852470398,53135
0.5849182367324829,0.4150817632675171,14669
0.9152894854545593,0.08471052944660187,43491
0.7137506365776062,0.2862493485212326,54054
0.7749764561653137,0.22502354383468628,7163
0.3688417673110962,0.631158196926117,26780
0.45546344518661497,0.544536578655243,13903
0.6507985234260559,0.3492014467716217,6649
0.4014884650707245,0.5985115766525269,51846
0.18296551704406738,0.8170345067977905,26809
0.43276612758636473,0.5672338783740998,64951
0.23267382383346558,0.7673261880874633,23719
0.6618304371833801,0.3381695806980133,11190
0.309269779920578,0.6907302379608155,29869
0.09527828991413116,0.9047217249870301,42562
0.26428247392177584,0.735717511177063,3032
0.5157308518886566,0.48426916599273684,26880
0.10125115066766739,0.8987488627433777,47539
0.18134329915046693,0.8186566829681396,4786
0.2602394163608551,0.7397605776786804,68000
0.15492293238639832,0.8450770497322082,42053
0.5129512250423431,0.4870487809181213,54995
0.8965922474861145,0.10340777337551117,1279
0.6483764529228211,0.35162352323532103,13376
0.17338906824588776,0.8266109347343444,13169
0.6089677333831787,0.39103227853775024,33968
0.5526702225208282,0.44732982516288755,25662
0.1698023796081543,0.8301976323127747,34240
0.6972433090209961,0.30275666415691377,72123
0.6280251145362854,0.371974903345108,11833
0.3436184227466583,0.656381618976593,63405
0.07055810019373894,0.9294418811798095,26938
0.40522981286048887,0.5947701930999756,49495
0.22527526319026947,0.7747247219085693,13947
0.9142571687698364,0.08574280440807343,62520
0.46587451100349425,0.5341254889965057,52157
0.8993624091148377,0.10063757300376892,24543
0.22365153431892396,0.7763484597206116,54581
0.5695927262306213,0.43040727376937865,1091
0.7522247791290283,0.24777525067329406,33481
0.46390618085861207,0.536093819141388,11336
0.2312695562839508,0.7687304615974426,2108
0.2929383397102356,0.7070616722106934,6469
0.45134133100509644,0.5486586689949036,66001
0.32498777508735655,0.675012218952179,39357
0.6425036191940308,0.3574963927268982,29600
0.19128790497779846,0.8087120890617371,34896
0.28072389364242556,0.7192761301994324,49124
0.32401089668273925,0.6759891033172607,27997
0.8148767113685608,0.18512329757213591,31155
0.6514145374298096,0.3485854506492615,38313
0.581839644908905,0.4181603372097015,7135
0.4735822379589081,0.5264177680015564,39553
0.09784244298934937,0.9021575450897217,6794
0.9071943044662476,0.09280569404363632,14519
0.49071663022041323,0.5092833518981934,14011
0.6034072279930115,0.396592777967453,16439
0.8031183362007142,0.19688167572021484,6335
0.8526952505111695,0.1473047286272049,19394
0.31685635447502136,0.683143675327301,71080
0.4919589936733246,0.5080410063266754,60021
0.5842815995216369,0.41571840047836306,44982
0.6750380516052246,0.3249619483947754,8899
0.5987891316413879,0.40121087431907654,128
0.5800542235374451,0.41994574666023254,69732
0.6957587003707886,0.304241281747818,46987
0.6097466707229614,0.3902533411979675,73607
0.8673735857009888,0.13262642174959183,45755
0.3772654742002487,0.622734546661377,1881
0.5540359735488891,0.4459640383720398,31115
0.7998257994651794,0.20017420649528503,15295
0.6604586958885192,0.33954132795333863,15968
0.9064353466033935,0.09356467723846436,4666
0.4272741198539734,0.5727258682250976,45346
0.1685621589422226,0.8314378261566162,17550
0.8039787888526917,0.19602121710777282,61929
0.442883825302124,0.557116174697876,832
0.4692545413970947,0.5307454526424408,10269
0.23830696642398835,0.7616930365562439,62491
0.700169813632965,0.2998301923274994,41981
0.5448605000972748,0.4551394939422607,43687
0.6448464512825012,0.3551535367965698,41828
0.21631206274032594,0.7836879014968872,70755
0.506558233499527,0.4934417426586151,9802
0.25734187960624694,0.7426581025123596,43886
0.6348933577537537,0.36510664224624634,69600
0.669790756702423,0.3302092432975769,66482
0.8853022933006287,0.11469773203134537,62883
0.5171933054924012,0.48280667662620547,61496
0.5179556488990784,0.4820443272590637,39479
0.654253089427948,0.34574692845344546,40258
0.6589182853698731,0.3410817563533783,46253
0.1415187895298004,0.8584812045097351,36030
0.85385662317276,0.14614337384700776,67337
0.3811011016368866,0.6188989162445069,63733
0.36758692264556886,0.6324130892753601,65401
0.23484789133071898,0.7651521325111389,44205
0.4871271550655365,0.5128728687763214,17621
0.5537640213966369,0.44623597860336306,26677
0.47454251646995543,0.5254574954509735,32453
0.5379042148590087,0.4620957672595978,27160
0.3393547058105469,0.6606452941894532,3355
0.6167305707931519,0.38326942920684814,63591
0.6066087007522583,0.3933912873268127,30940
0.5862170577049255,0.41378292441368103,17316
0.282945716381073,0.7170542716979981,54762
0.6535429954528809,0.34645697474479675,45422
0.6442955255508422,0.35570446252822874,21229
0.6795371174812317,0.32046288847923277,31471
0.5479551792144776,0.452044814825058,63696
0.33422900438308717,0.6657710075378418,52508
0.2743221282958984,0.7256778597831726,43399
0.15011689066886902,0.8498831272125245,25234
0.7696296453475953,0.23037037253379822,52082
0.734140956401825,0.265859055519104,51526
0.8467538356781006,0.15324616432189941,1448
0.1831806093454361,0.8168193697929382,61644
0.46024776101112364,0.5397522628307343,62199
0.5843318104743958,0.4156681656837463,44932
0.1682322233915329,0.831767737865448,12577
0.5026755690574646,0.49732441306114195,6010
0.31150353848934176,0.688496446609497,64073
0.11528887301683426,0.8847111105918884,22751
0.7141003727912902,0.2858996093273163,8242
0.7328128337860107,0.26718718707561495,72186
0.7480240583419799,0.25197593569755555,34340
0.7665059089660644,0.2334941118955612,48939
0.5734948754310608,0.4265051126480103,68996
0.6180837392807007,0.3819162368774414,24222
0.6358497619628907,0.36415024399757384,20691
0.5266101241111756,0.4733898758888245,21750
0.7809670805931092,0.21903291940689087,50869
0.5737003326416016,0.4262996733188629,67224
0.6886633992195129,0.31133662462234496,27073
0.49357213973999026,0.5064278960227966,45079
0.30369965732097626,0.6963003396987915,22285
0.8326415061950684,0.1673584759235382,42992
0.7156849145889282,0.2843151092529297,68339
0.8164290189743042,0.18357097506523132,29539
0.6472732543945312,0.3527267575263977,10792
0.6651906251907349,0.33480936884880064,8611
0.44834540486335756,0.5516546249389649,68083
0.883919095993042,0.11608089059591294,66525
0.39798176288604736,0.6020182490348815,63058
0.5511862576007843,0.4488137423992157,47545
0.8810348033905029,0.11896516978740693,41659
0.18857469260692597,0.8114253044128418,61640
0.6287433743476868,0.3712566137313843,68045
0.5575301826000214,0.44246978163719175,16937
0.2806646734476089,0.7193353295326232,3887
0.15109083354473113,0.8489091753959656,411
0.6725961446762085,0.3274038553237915,44012
0.8926698565483093,0.10733013451099396,61460
0.386709725856781,0.6132902503013611,6502
0.8532022595405578,0.1467977210879326,550
0.4824319541454315,0.517568051815033,58222
0.651221776008606,0.3487782120704651,74399
0.678434181213379,0.32156582474708556,35388
0.7347594738006592,0.2652405261993408,73312
0.39361457228660585,0.6063854157924652,39168
0.6236659407615661,0.37633406519889834,47804
0.7489380955696106,0.2510618925094604,40010
0.580513596534729,0.41948642730712893,13905
0.5963513731956482,0.40364864468574524,31436
0.4250750422477722,0.5749249339103699,65592
0.2021701604127884,0.7978298544883728,42685
0.38692121505737304,0.613078773021698,34175
0.7703432202339172,0.22965675592422485,20796
0.7909280776977539,0.20907193422317505,4985
0.9007766962051391,0.09922332316637039,66271
0.7930490851402283,0.20695090889930726,34253
0.5639805674552918,0.43601941466331484,40806
0.2155201703310013,0.7844798326492309,25507
0.6449184060096741,0.35508158802986145,48200
0.7769625425338745,0.223037451505661,44235
0.8388184905052185,0.16118151396512986,10619
0.127187779545784,0.8728122234344482,48496
0.1026857241988182,0.8973142862319946,1604
0.2588327258825302,0.7411673069000244,74100
0.262308669090271,0.737691330909729,24677
0.6060887336730957,0.3939112603664398,21907
0.5793831706047058,0.4206168055534363,45560
0.863064706325531,0.1369352951645851,10407
0.6216017246246338,0.37839829325675967,27496
0.5768667221069336,0.4231332838535309,59803
0.7785818815231323,0.22141811847686768,18658
0.6202222347259522,0.3797777950763702,47111
0.6740486145019531,0.32595139741897583,43850
0.5034477114677429,0.4965522885322571,35837
0.1402816355228424,0.8597183465957642,39187
0.44441846013069153,0.555581533908844,31448
0.5708394408226013,0.42916054725646974,29706
0.5510138928890228,0.44898609519004823,5170
0.2963697910308838,0.7036302208900451,47039
0.19009751081466675,0.8099025011062622,69917
0.1816922277212143,0.8183077931404114,47372
0.1326422408223152,0.8673577427864074,68950
0.6122140884399414,0.3877858996391296,19452
0.7759358286857605,0.22406415045261383,39231
0.8198794603347779,0.18012052476406099,14620
0.2218371421098709,0.7781628608703614,65534
0.18049422204494475,0.819505774974823,12054
0.5151378333568573,0.4848621428012848,22049
0.7243929028511047,0.27560709714889525,65463
0.15022739470005037,0.8497725844383239,71859
0.4562674582004547,0.5437325358390808,72339
0.4603005647659302,0.5396994352340698,73620
0.17360059022903443,0.8263994097709656,68295
0.5841570258140564,0.4158429682254791,24974
0.7887632369995117,0.2112367868423462,13459
0.7865757584571839,0.2134242057800293,1119
0.08695503771305084,0.9130449771881104,22683
0.9008134245872498,0.09918655157089233,12690
0.5865257501602172,0.4134742319583893,29982
0.13690096884965897,0.8630990624427796,30647
0.5251048088073731,0.4748951613903046,26730
0.4945256352424622,0.5054743587970734,71804
0.5603365898132324,0.43966341614723203,45922
0.8421724677085877,0.15782756954431534,53315
0.33370000720024107,0.6663000106811523,3841
0.5812817454338074,0.41871826648712157,68736
0.7169367551803589,0.2830632418394089,27838
0.22086052000522613,0.7791394591331482,8148
0.46885878443717954,0.531141209602356,1737
0.4527826845645905,0.5472173094749451,47561
0.39754987955093385,0.6024500846862793,71552
0.5845361709594726,0.41546382308006286,628
0.4214776575565338,0.5785223603248596,30614
0.40449116230010984,0.5955088257789611,69721
0.5403459429740906,0.4596540629863739,3336
0.1244782641530037,0.8755217552185058,39576
0.4253212928771973,0.5746786952018738,14517
0.7345517396926879,0.2654482513666153,5856
0.38729557394981384,0.6127044558525085,21096
0.13734657168388367,0.8626534223556519,33959
0.1452029824256897,0.8547970414161682,67477
0.6387001514434815,0.3612998425960541,51506
0.48301891088485716,0.5169811010360718,8401
0.5357696235179901,0.4642303764820099,10174
0.6004312992095947,0.39956870675086975,43469
0.8762370467185974,0.12376293987035751,10767
0.6441078543663025,0.3558921217918396,61148
0.7181494474411011,0.28185054063797,47101
0.6494316816329956,0.35056832432746887,34252
0.7272847056388855,0.2727152943611145,72488
0.7299784541130065,0.2700215488672256,15836
0.060095878690481185,0.9399041295051574,23177
0.7601579308509827,0.23984206914901735,61913
0.21840295791625977,0.7815970420837403,15607
0.5518552422523498,0.44814478754997256,38449
0.6215853810310363,0.3784146189689636,52700
0.21660809814929963,0.7833919167518616,53989
0.21701196134090422,0.7829880356788635,20476
0.7313309073448181,0.26866907477378843,23081
0.7764448285102844,0.22355514764785767,70050
0.768403685092926,0.23159630298614503,46513
0.5604730665683746,0.4395269274711609,49400
0.5122590065002441,0.4877409815788269,66699
0.7421856880187988,0.2578143090009689,56983
0.20834992825984955,0.7916500687599182,20888
0.07533406242728233,0.924665904045105,62950
0.8825668454170227,0.11743315905332566,39788
0.38877577185630796,0.6112242341041565,10063
0.8319839596748352,0.1680160403251648,5611
0.17717352211475373,0.8228265047073364,31701
0.8082297205924988,0.19177028238773347,74016
0.363000875711441,0.6369991421699523,51706
0.5029091000556946,0.49709089398384093,61645
0.7878738403320312,0.212126162648201,4422
0.7877435803413391,0.21225640177726746,68185
0.4017191410064697,0.5982808709144593,41928
0.8235547780990601,0.1764451801776886,4780
0.2028522402048111,0.7971477746963501,61488
0.6639389514923095,0.33606106638908384,6272
0.17943149209022521,0.8205685377120971,47809
0.6107009768486023,0.3892990052700043,45328
0.9326412081718445,0.06735882386565209,66735
0.35172879695892334,0.6482712388038635,40975
0.805942690372467,0.19405729770660402,21269
0.4438564717769623,0.5561435222625732,5396
0.7128963470458984,0.2871036618947983,34952
0.3407106637954712,0.6592893600463867,73470
0.7650345802307129,0.23496541380882263,55157
0.8006748557090759,0.19932512044906617,4414
0.5469245851039887,0.45307541489601133,67914
0.37351985573768615,0.6264801740646362,51608
0.7810356378555298,0.2189643621444702,64134
0.4673748850822449,0.5326251268386841,17437
0.09947199523448944,0.9005280256271362,6351
0.620427405834198,0.379572594165802,64061
0.592345917224884,0.40765408873558046,38205
0.7669286727905273,0.2330712854862213,6964
0.737648344039917,0.2623516470193863,34223
0.4917041778564453,0.5082958161830902,44837
0.5100428819656372,0.4899571299552917,25154
0.5833892345428466,0.4166107654571533,53316
0.35997270345687865,0.6400272846221924,40894
0.6928422093391419,0.3071578085422516,32212
0.5354904651641845,0.4645095467567444,49209
0.14244257509708405,0.8575574398040772,59853
0.6466898441314697,0.3533101439476013,52031
0.5537490010261535,0.4462510049343109,54131
0.7552078485488891,0.24479218125343322,62311
0.6416387319564819,0.35836127400398254,20428
0.29505900144577024,0.7049409866333007,65509
0.4785979509353638,0.5214020490646363,19429
0.6445389986038208,0.35546101331710817,19657
0.8950116753578186,0.10498833358287811,69186
0.8493345856666565,0.15066542625427246,26234
0.5265076756477356,0.47349236607551576,17643
0.9441146373748779,0.05588536113500595,55006
0.5785006284713745,0.42149932980537413,28047
0.5483359575271607,0.4516640484333038,54089
0.3589619755744934,0.6410380363464355,19380
0.8071226954460144,0.1928773045539856,8194
0.7603602290153504,0.239639750123024,61058
0.15290962159633636,0.8470904111862183,46239
0.2537258923053741,0.7462741136550903,28182
0.6322227358818054,0.36777727007865907,66104
0.5270549535751343,0.4729450523853302,42248
0.6471400618553161,0.35285993814468386,63340
0.7799440383911133,0.22005597949028016,58239
0.6359720230102539,0.36402795314788816,28439
0.5000220894813537,0.4999779164791107,1371
0.5791211009025574,0.4208789050579071,5498
0.7422663450241089,0.2577336758375168,68570
0.16231702864170075,0.8376829504966736,60542
0.6164048671722412,0.38359513878822327,29017
0.7612758874893188,0.2387241542339325,67940
0.7210970401763916,0.2789029538631439,48208
0.5873527646064758,0.4126472294330597,38036
0.7154787063598633,0.2845212906599045,7384
0.6828508973121643,0.3171491205692291,63845
0.14701034128665924,0.852989673614502,70047
0.7859329223632813,0.2140670895576477,61283
0.0732118971645832,0.9267880916595459,56649
0.6278642296791077,0.3721357524394989,8689
0.7354403853416442,0.2645595997571945,46757
0.4375857710838318,0.5624142408370971,57892
0.6094666123390198,0.3905333876609802,28674
0.582917594909668,0.417082405090332,58308
0.6228857040405273,0.37711427807807923,44477
0.5206500947475433,0.4793498933315277,66747
0.6555720090866088,0.34442800283432007,2039
0.565044367313385,0.43495563268661497,16276
0.3718917965888977,0.6281082034111023,53226
0.74723881483078,0.25276117622852323,71744
0.4113198459148407,0.5886801481246948,54302
0.6965066194534302,0.3034933626651764,59650
0.3109140157699585,0.6890859723091125,14656
0.6546876549720764,0.3453123390674591,49584
0.7038050055503845,0.2961950182914734,55278
0.12870270758867264,0.871297299861908,41010
0.7888433337211609,0.21115667819976808,9285
0.47513286471366883,0.5248671352863312,14165
0.3410074353218079,0.6589925527572632,35000
0.5879668116569519,0.4120331943035126,43434
0.28920237720012665,0.7107976198196411,45457
0.3206662952899933,0.6793336868286133,65519
0.5348957180976868,0.4651042938232422,51729
0.620431101322174,0.37956889867782595,2777
0.7990669965744018,0.2009330004453659,20154
0.5798300504684448,0.4201699674129486,24805
0.8402726292610169,0.15972736179828645,7252
0.4931279182434082,0.5068720877170563,46908
0.7658282279968261,0.2341717779636383,58921
0.3205356985330582,0.679464328289032,41255
0.8312098264694214,0.16879017651081085,6392
0.706025755405426,0.2939742267131805,10913
0.8400761485099792,0.15992386043071746,40244
0.9201849937438965,0.07981503456830978,23498
0.908635950088501,0.09136403799057007,12797
0.40112945437431335,0.5988705515861511,13952
0.5815297603607178,0.41847025156021117,7299
0.5423630595207214,0.4576369345188141,51827
0.9005337357521057,0.09946628957986832,16114
0.21346127688884736,0.7865387320518493,28237
0.5430522263050079,0.4569477379322052,46691
0.697440505027771,0.302559494972229,40790
0.10009590834379196,0.8999040961265564,47835
0.14874683022499086,0.8512531399726868,5786
0.10689355880022049,0.8931064248085022,35101
0.8458641171455383,0.15413584560155869,52966
0.3125983953475952,0.6874016046524047,35427
0.39809014201164244,0.6019098639488221,44635
0.7044251561164856,0.295574814081192,11436
0.7645501255989074,0.23544985055923462,27262
0.4268147945404053,0.5731852054595947,25297
0.4540906548500061,0.545909333229065,40270
0.5947165369987488,0.4052834570407867,71547
0.48015302419662476,0.5198469758033752,11007
0.17296127676963807,0.8270387411117553,46107
0.788750946521759,0.21124906539916993,2196
0.2521759867668152,0.7478239893913269,70255
0.3227497160434723,0.6772503137588501,54940
0.3918544054031372,0.6081456065177917,46594
0.8465284585952759,0.153471502661705,63568
0.8514577984809876,0.1485422134399414,17532
0.32157015800476074,0.6784298658370972,12180
0.36353095173835753,0.636469030380249,49322
0.7902532577514648,0.20974675118923186,29439
0.6854692339897156,0.31453073024749756,5954
0.41915144920349123,0.5808485269546508,44804
0.4930808484554291,0.5069191873073577,7028
0.194855996966362,0.8051439881324768,48351
0.43136562705039977,0.5686343789100647,5103
0.5065077722072602,0.4934922277927399,29414
0.3726169168949127,0.6273830771446228,16425
0.81004558801651,0.18995440304279326,43025
0.46610164642333984,0.5338983654975891,43459
0.2545535385608673,0.7454464554786682,34353
0.5902297854423523,0.40977017879486083,39402
0.10434287339448929,0.8956571340560913,15042
0.36578947901725767,0.6342105150222779,5147
0.23425307869911194,0.7657469153404236,46402
0.39079068303108216,0.6092093229293823,7168
0.746030330657959,0.25396971106529237,56244
0.9025271773338318,0.0974728062748909,13660
0.18771070539951323,0.8122892856597901,21185
0.10237824767827988,0.8976217627525329,58245
0.8855677127838135,0.11443229615688325,69077
0.21119533479213715,0.7888046741485596,18776
0.6493326306343079,0.3506673812866211,18501
0.09339588582515716,0.9066040754318238,18113
0.47498963475227357,0.5250103890895843,43182
0.05568381696939469,0.9443161725997925,9315
0.13435030579566956,0.8656497001647949,13854
0.3089726746082306,0.6910273313522339,38501
0.6408225655555725,0.35917745232582093,47546
0.4478548526763916,0.5521451473236084,197
0.21983577013015748,0.7801642060279846,5119
0.672707450389862,0.32729254961013793,53492
0.6060964703559876,0.39390352964401243,41538
0.41747865080833435,0.5825213670730591,5908
0.1990184634923935,0.8009815454483032,47537
0.8694235801696777,0.13057641983032225,60919
0.28649707436561583,0.7135029315948487,73586
0.6007108092308044,0.39928917288780214,10747
0.7503494381904602,0.2496505618095398,10065
0.6360604286193847,0.36393954753875735,68529
0.18036640286445618,0.8196335911750794,43628
0.5743950247764588,0.42560498118400575,62894
0.6167047619819641,0.38329524993896485,73323
0.7090945482254029,0.29090545773506166,26113
0.7287780404090881,0.2712219327688217,54391
0.4447788417339325,0.555221152305603,73699
0.8540248394012451,0.14597514271736145,8973
0.41285709738731385,0.5871429085731507,27063
0.6261576533317565,0.37384233474731443,12499
0.47970361113548277,0.5202964007854461,57240
0.5859881639480591,0.4140118420124054,16086
0.6314325332641602,0.3685674548149109,57498
0.6638676166534424,0.33613240122795107,25678
0.4011198580265045,0.598880124092102,5399
0.4870689153671265,0.5129310846328735,26921
0.20623514652252198,0.793764865398407,24789
0.504281735420227,0.49571824073791504,10344
0.3602564990520477,0.6397435426712036,21539
0.3617580711841583,0.6382419228553772,49035
0.6458025455474854,0.35419744849205015,58333
0.7222837328910827,0.2777162790298462,60726
0.22039115726947783,0.7796088457107544,21483
0.7222639322280884,0.27773608565330504,25077
0.40011699199676515,0.5998830199241638,26164
0.23208076655864715,0.7679192423820496,66848
0.6743508219718933,0.32564916610717776,69390
0.29522102475166323,0.7047789931297302,58365
0.9417814612388611,0.05821855515241623,36404
0.4987314522266388,0.5012685596942902,66793
0.7976019382476807,0.20239807069301605,39806
0.33073983788490297,0.6692601680755615,20549
0.5691157042980194,0.4308842718601227,52091
0.26457403004169466,0.7354259729385376,70166
0.09215183705091476,0.9078481674194336,24781
0.5634116530418396,0.43658835291862486,50004
0.5730293691158295,0.42697063088417053,56271
0.6478823184967041,0.35211766958236695,40007
0.5735469341278077,0.4264530658721924,70983
0.08333716988563537,0.9166628241539001,42778
0.5369919061660766,0.4630081057548523,30992
0.8346395015716552,0.16536047756671907,21862
0.8569182634353638,0.14308172166347505,2330
0.5843095064163208,0.4156904935836792,63682
0.46635868549346926,0.5336413264274598,50413
0.5549281120300293,0.44507190585136414,4073
0.911737859249115,0.0882621556520462,33609
0.5662506759166718,0.4337493240833282,68539
0.7264253377914429,0.2735746830701828,70173
0.875456702709198,0.12454329133033752,36065
0.5094268023967743,0.4905732095241547,29650
0.8703154921531677,0.12968450486660005,15125
0.31747114658355713,0.682528841495514,72659
0.7755081057548523,0.22449187338352203,48203
0.8285209774971009,0.17147901952266692,43607
0.8472474336624145,0.15275258868932723,66334
0.5116575658321381,0.4883424282073975,42503
0.45072402954101565,0.5492759704589844,48746
0.6424239039421081,0.35757609009742736,69782
0.2539689540863037,0.7460310578346252,53713
0.7049573659896851,0.2950426399707794,69169
0.9051459431648254,0.09485407322645187,13711
0.18305038511753083,0.8169496178627014,34945
0.47262741923332213,0.5273725628852844,11381
0.4448078334331512,0.5551921844482421,32320
0.731857442855835,0.2681425750255585,52214
0.41099119186401367,0.5890087842941284,20538
0.5048802316188812,0.49511976838111876,48627
0.739427649974823,0.2605723440647125,36167
0.39444653391838075,0.6055534482002258,14562
0.2933285593986511,0.7066714644432068,644
0.7961749196052551,0.20382507145404816,6374
0.6454526782035828,0.35454732179641724,29133
0.47855228185653687,0.5214477121829987,5334
0.8260007977485657,0.17399917244911195,7282
0.3580592632293701,0.641940712928772,59535
0.34584293961524964,0.6541570544242858,26894
0.6656447887420655,0.33435521721839906,12504
0.708847987651825,0.29115200638771055,12544
0.44982444643974306,0.5501755356788636,13343
0.7690199971199035,0.23097998201847075,53978
0.15835829973220825,0.8416416883468628,51577
0.7378572344779968,0.26214276254177094,27505
0.6937620401382446,0.3062379777431488,48819
0.5548351168632507,0.44516488909721375,68743
0.4073456823825836,0.5926543116569519,58869
0.41202513575553895,0.5879748582839965,59685
0.5094542741775513,0.4905457317829132,7726
0.551686429977417,0.44831358194351195,41175
0.20688978731632232,0.7931102275848388,72273
0.0765947699546814,0.9234052062034607,42353
0.18288426995277404,0.8171157360076904,43213
0.20927734375,0.7907226324081421,33620
0.7449966073036194,0.2550033926963806,12404
0.6849315881729126,0.3150684177875519,54471
0.14554487466812133,0.8544551253318786,51270
0.5497787237167359,0.45022128224372865,69763
0.6253698706626892,0.3746301531791687,63029
0.38427557349205016,0.6157243967056274,24944
0.6065982937812805,0.39340174198150635,56172
0.6216452717781067,0.37835473418235777,41672
0.48160856366157534,0.5183914542198181,23676
0.4427781581878662,0.5572218418121337,54250
0.47185314893722535,0.5281468391418457,21563
0.6823949933052063,0.3176050126552582,58083
0.669994592666626,0.3300053834915161,57053
0.7934327960014343,0.20656720995903016,38880
0.49290975332260134,0.5070902287960053,57626
0.16131804287433624,0.838681960105896,51966
0.38171263933181765,0.6182873487472534,62528
0.873456346988678,0.12654364556074144,69249
0.17615321576595305,0.8238467812538147,5548
0.5369680047035217,0.4630319893360138,58253
0.5698175847530365,0.43018240928649903,44314
0.46329243779182433,0.536707592010498,44924
0.8932673931121826,0.10673262476921082,42422
0.7849904417991638,0.21500955522060394,71988
0.3202526390552521,0.6797473907470704,44072
0.670476746559143,0.3295232355594635,61738
0.21243232488632202,0.7875676870346069,30587
0.16537899225950242,0.834621012210846,29307
0.8132701516151428,0.1867298662662506,2437
0.40152939558029177,0.5984706044197082,9721
0.5161984503269196,0.4838015615940094,7101
0.22116565704345703,0.7788343548774719,11793
0.5830984234809875,0.4169016003608704,71606
0.5588245868682862,0.44117539525032046,41213
0.10597867965698242,0.8940213084220886,59603
0.34574577808380125,0.6542542099952697,21520
0.6665390968322754,0.3334609091281891,10036
0.6698280215263367,0.3301719963550568,9084
0.6138423323631287,0.3861576735973358,36988
0.6549810647964478,0.34501891732215884,7023
0.4917510628700256,0.5082489490509033,22036
0.4039532959461212,0.5960467100143433,66507
0.624358344078064,0.3756416797637939,66153
0.5451754212379456,0.4548245906829834,72581
0.40636464953422546,0.5936353325843811,48936
0.2677084535360336,0.7322915315628051,58849
0.8453226208686828,0.1546773910522461,15863
0.5964980244636535,0.40350198149681094,18353
0.9331379055976867,0.06686212047934532,64560
0.754823637008667,0.24517638385295867,774
0.7885534644126893,0.21144652664661406,69770
0.7132263064384461,0.2867736965417862,18049
0.5561282753944397,0.4438717305660248,46392
0.0808305561542511,0.9191694617271423,30800
0.7737314701080322,0.2262685477733612,31139
0.7199491858482361,0.2800508141517639,34401
0.35488555431365965,0.6451144456863404,35797
0.7737916827201843,0.22620829343795776,27048
0.7471633315086365,0.25283664762973784,21710
0.13820599168539047,0.8617940068244934,49088
0.3931999385356903,0.6068000793457031,33037
0.21126383543014526,0.7887361645698547,71625
0.6323685646057129,0.36763144135475156,47329
0.5164176046848297,0.4835823714733124,23456
0.679899799823761,0.320100200176239,15744
0.8921270251274109,0.10787298381328583,36091
0.4338821053504944,0.5661178529262543,1373
0.36332024335861207,0.636679756641388,67416
0.4126078486442566,0.5873921513557434,53268
0.41636906266212464,0.5836309432983399,20565
0.6264878034591674,0.373512202501297,2680
0.48674577474594116,0.5132542490959168,51555
0.8317051887512207,0.16829478442668916,25572
0.7013654470443725,0.2986345887184143,40262
0.8201960563659668,0.1798039495944977,59647
0.695361852645874,0.304638135433197,17125
0.49633821845054626,0.5036617636680603,21205
0.1557559385895729,0.8442440629005432,44510
0.4365228772163391,0.5634771585464478,25172
0.08868262693285942,0.9113173723220825,46406
0.599509596824646,0.40049039721488955,42541
0.6297716498374939,0.37022835612297056,36782
0.5987098217010498,0.40129018425941465,10381
0.5525440692901611,0.44745596051216124,9207
0.8095300078392029,0.19046997129917145,30380
0.24124638140201568,0.7587536334991455,30199
0.6959638118743896,0.30403618812561034,56811
0.4456051647663116,0.5543948292732239,15275
0.5927215814590454,0.407278436422348,39469
0.7667253851890564,0.23327459990978242,33198
0.25145684778690336,0.7485431790351867,37818
0.28350978493690493,0.7164902210235595,59420
0.7893244624137878,0.21067553758621216,12266
0.6784313917160034,0.3215686082839966,68556
0.7665198683738709,0.23348011076450348,42260
0.24721315503120422,0.7527868509292602,15898
0.5016199231147767,0.49838005304336547,3057
0.46829006671905515,0.5317099332809448,525
0.7724721550941467,0.22752784788608552,68702
0.4741979420185089,0.525802057981491,12848
0.7483895182609558,0.25161046385765073,30534
0.8295647859573364,0.17043520510196686,2351
0.6710319757461548,0.3289680302143097,9094
0.24046421349048613,0.759535801410675,47757
0.5224946737289429,0.47750532627105713,70546
0.41740143299102783,0.5825985550880433,66632
0.6510159492492675,0.3489840507507324,71746
0.7261053442955017,0.2738946944475174,66089
0.6743029594421387,0.3256970226764679,5822
0.4438379883766174,0.5561620473861695,18604
0.7333796739578247,0.2666203171014786,17325
0.9250962853431701,0.07490367740392685,53370
0.40310862064361574,0.5968913853168487,55484
0.41903620958328247,0.5809637784957886,24711
0.8455706834793091,0.1544293150305748,11098
0.568766987323761,0.4312329888343811,65762
0.658473813533783,0.34152619242668153,71877
0.8156982779502868,0.1843017131090164,29267
0.6725109577178955,0.32748903036117555,45086
0.33996288776397704,0.6600371122360229,49805
0.16388534605503083,0.8361146807670593,32058
0.8111444592475892,0.1888555109500885,37152
0.5463445246219635,0.45365548729896543,8045
0.7528397560119628,0.24716023802757264,29100
0.5185462236404419,0.48145381212234495,69521
0.7929370522499084,0.2070629417896271,71068
0.5560056090354919,0.4439943850040436,4746
0.4287052392959595,0.5712947309017181,21502
0.9438783884048462,0.05612161681056023,7193
0.686478316783905,0.313521671295166,54383
0.5372275531291961,0.4627724468708038,28740
0.8605283021926879,0.13947167247533798,61795
0.43213608860969543,0.5678639113903046,72977
0.7607144474983215,0.23928555548191072,29323
0.24958728551864623,0.7504127264022827,45177
0.7257587552070618,0.2742412179708481,33912
0.17978436648845672,0.8202156305313111,54118
0.25690590441226957,0.7430940747261048,68076
0.8054499626159668,0.194550085067749,43583
0.6825101017951966,0.31748992800712583,66661
0.144718998670578,0.8552809834480286,3804
0.7757028341293335,0.22429714500904083,10959
0.482966947555542,0.517033064365387,67885
0.521102386713028,0.478897625207901,59305
0.7401977062225342,0.2598023176193237,19171
0.3551857531070709,0.6448142409324646,71307
0.5791790127754212,0.42082099318504335,57335
0.5994478225708008,0.40055219531059266,18946
0.2721042424440384,0.7278957366943359,69056
0.6165521264076232,0.38344786763191224,68588
0.31225755214691164,0.6877424240112304,36634
0.5076065063476562,0.4923935294151306,62395
0.478813111782074,0.5211869180202484,15007
0.7384052872657776,0.26159471571445464,68826
0.8423138618469238,0.15768615901470184,53001
0.4732804536819458,0.5267195284366608,46636
0.09545582085847855,0.9045441746711731,54702
0.39446799755096434,0.6055320143699646,23275
0.46535653471946714,0.5346434652805329,57204
0.8131151914596557,0.18688482344150542,53099
0.8423951029777527,0.1576049119234085,57000
0.7133173108100891,0.28668267130851743,44276
0.10586642473936081,0.8941335678100586,36032
0.302567195892334,0.697432816028595,41953
0.5655383229255676,0.4344616889953613,56143
0.504098916053772,0.495901083946228,5263
0.45309354066848756,0.546906441450119,36987
0.2197732985019684,0.7802266955375672,66934
0.4764847159385681,0.5235152840614319,59591
0.6549774408340454,0.3450225591659546,31917
0.5382657051086426,0.4617342710494995,64425
0.5516311228275299,0.44836888313293455,55095
0.7636374592781067,0.2363625705242157,2450
0.6102848052978516,0.38971519470214844,65564
0.12971798628568648,0.870281994342804,70074
0.37615705728530885,0.6238429427146912,33073
0.5784199714660645,0.42158002853393556,13771
0.4427976071834564,0.557202410697937,15682
0.840415871143341,0.15958414375782012,21500
0.751296067237854,0.24870393574237823,31279
0.2299844056367874,0.7700156092643737,43829
0.8992338538169861,0.10076615959405899,2728
0.5658580303192139,0.4341419756412506,17464
0.3276507019996643,0.6723492741584778,45094
0.6129712700843811,0.3870287299156189,72490
0.5848439276218415,0.41515607833862306,71467
0.8676534175872803,0.13234659135341645,47031
0.80005441904068,0.1999455988407135,8526
0.29217709004879,0.7078228950500488,33639
0.26791917681694033,0.7320808291435241,9421
0.7612252593040466,0.238774773478508,13248
0.4529344618320465,0.547065532207489,56599
0.22321591675281524,0.7767840981483459,55510
0.35524576902389526,0.6447542190551758,61364
0.5377604722976684,0.46223952770233157,54058
0.5582109153270721,0.4417891025543213,63257
0.5625750899314881,0.437424898147583,44178
0.4288613021373749,0.5711386919021606,57122
0.5320788085460663,0.46792119145393374,72476
0.504329776763916,0.49567021131515504,20590
0.5101098656654358,0.48989012837409973,39546
0.8203020572662354,0.1796979546546936,7428
0.41918871402740476,0.5808113098144532,25765
0.747258472442627,0.25274151265621186,12321
0.21460742354393006,0.7853925824165344,31571
0.22592244744300843,0.774077546596527,45423
0.6094521403312683,0.39054782390594484,7717
0.6627932548522949,0.33720673322677613,71072
0.6408451795578003,0.3591548323631287,17889
0.5016810655593872,0.49831892251968385,61793
0.6340641975402832,0.36593581438064576,44339
0.4092336714267731,0.5907663226127624,37340
0.6626248240470887,0.33737518191337584,56351
0.1592477709054947,0.8407522320747376,30981
0.5431495785713196,0.4568504154682159,43609
0.6471537590026856,0.3528462678194046,13438
0.7627473115921021,0.237252676486969,40443
0.8587955713272095,0.14120442271232606,51877
0.930984377861023,0.0690156377851963,51078
0.9134611845016479,0.08653881698846817,55276
0.15676190555095673,0.843238115310669,36150
0.3358577489852905,0.6641422390937806,69219
0.4949763178825378,0.5050236821174622,37719
0.9204167485237121,0.07958327010273933,54451
0.9199997544288635,0.08000022098422051,34068
0.36905476450920105,0.6309452652931213,44077
0.14131857603788375,0.8586814165115356,37363
0.8348185896873475,0.16518139243125915,67636
0.685020637512207,0.31497936248779296,40115
0.6257691025733948,0.3742309033870697,51397
0.896522331237793,0.10347767919301987,33957
0.15392753779888152,0.8460724949836731,66495
0.6689791202545166,0.3310208857059479,26024
0.7745100617408752,0.2254899263381958,68822
0.6318621277809143,0.36813789010047915,67865
0.7308997988700867,0.26910018026828764,36801
0.250474089384079,0.7495259046554565,14474
0.3824212968349457,0.6175786972045898,71058
0.6873597860336303,0.31264020800590514,24466
0.3568370282649994,0.6431629896163941,7481
0.6696569681167602,0.33034302592277526,64829
0.4904379308223724,0.5095620810985565,44223
0.7563011765480041,0.24369883239269258,48486
0.4449321269989014,0.5550678968429565,32492
0.6675977587699891,0.33240225315093996,48629
0.09863349497318268,0.9013665080070495,63367
0.1196582093834877,0.8803417921066284,45993
0.8005185008049012,0.1994814991950989,48099
0.29671823382377627,0.7032817602157593,14205
0.7754935383796692,0.22450646460056306,32368
0.4264003336429596,0.573599660396576,61239
0.8243005514144898,0.17569943964481355,70132
0.8712468028068543,0.12875319570302962,61427
0.5730327248573304,0.42696728706359866,43252
0.5608051538467407,0.43919485807418823,34523
0.9191208600997924,0.08087914884090423,33393
0.25494848787784574,0.7450515031814575,33005
0.7190374851226806,0.28096250891685487,35788
0.2135488897562027,0.7864511370658874,25195
0.7228753566741943,0.27712464332580566,63011
0.7162021636962891,0.28379783034324646,11100
0.3669713258743286,0.6330286741256714,1286
0.5405831694602966,0.4594168245792389,18964
0.14894946217536925,0.8510505318641662,4592
0.9230523467063904,0.07694766595959664,9156
0.5303273260593414,0.469672691822052,23971
0.2800282150506973,0.7199717879295349,72430
0.08684875369071961,0.913151216506958,66682
0.1990106523036957,0.8009893417358398,43568
0.5979896068572998,0.4020103871822357,45432
0.3443164944648743,0.6556835174560547,70001
0.4085877001285553,0.5914122939109803,49817
0.6848667979240417,0.3151332259178162,72727
0.5950543403625488,0.4049456536769867,50971
0.45496655702590943,0.5450334250926971,69494
0.5290741443634033,0.4709258496761322,27593
0.8390045166015625,0.1609954982995987,51620
0.8097301483154297,0.1902698516845703,52616
0.25985406041145326,0.7401459693908692,4802
0.17915164232254027,0.8208483457565308,51219
0.3234839141368866,0.676516079902649,66703
0.7875875234603882,0.21241247057914733,3182
0.8651560783386231,0.13484390079975128,62082
0.46997868418693545,0.530021333694458,6559
0.6619577765464782,0.33804222345352175,9770
0.0725268617272377,0.9274731278419495,8466
0.35998989939689635,0.6400100827217102,29559
0.6174705743789672,0.3825294315814972,12001
0.12946940511465072,0.8705306053161621,37177
0.5505937039852142,0.4494062900543213,31745
0.37625173330307005,0.62374826669693,45152
0.7324013113975525,0.2675986707210541,62550
0.7827573418617249,0.21724266409873963,19851
0.20925128161907197,0.7907487154006958,66014
0.1078036367893219,0.8921963691711425,3803
0.12303843945264817,0.8769615650177002,6943
0.48007055521011355,0.5199294567108155,38152
0.36156962513923646,0.6384303569793701,5360
0.2892635315656662,0.7107364296913147,46605
0.5256503224372864,0.47434967160224917,22537
0.45611767172813417,0.543882304430008,33769
0.4949955344200134,0.5050044298171997,1519
0.4463932991027832,0.5536067128181458,21127
0.0705716423690319,0.9294283628463745,60806
0.4321350991725922,0.5678649306297302,31165
0.4481620371341705,0.551837968826294,59607
0.8529014825820923,0.14709853231906891,61440
0.7062223196029663,0.2937776565551758,67275
0.9145111203193664,0.08548886626958847,59575
0.6071070551872253,0.39289294481277465,52040
0.9135908007621765,0.08640921264886856,44663
0.956850528717041,0.043149442225694654,62729
0.3286069750785828,0.6713930130004883,55112
0.453811514377594,0.546188497543335,10956
0.8556889295578003,0.144311061501503,26345
0.5564226865768432,0.4435773015022278,32657
0.5628246068954468,0.4371753752231598,30518
0.1395622432231903,0.8604377627372741,10573
0.5667238891124725,0.43327611684799194,67027
0.11658757776021958,0.8834124207496643,70046
0.1696822851896286,0.8303176999092102,62900
0.9054854393005372,0.09451455324888229,34450
0.43969247937202455,0.5603075325489044,71910
0.5749468445777893,0.4250531494617462,36907
0.9006414175033569,0.09935861974954605,74182
0.3096555292606354,0.6903444528579712,48041
0.09667163640260697,0.9033283591270447,67753
0.6449929475784302,0.3550070285797119,53208
0.5295255064964295,0.4704744815826416,71442
0.5900058746337891,0.40999412536621094,64808
0.44552832245826723,0.5544716596603394,61609
0.8865170836448669,0.11348292529582978,67900
0.5758831143379212,0.4241168677806854,68127
0.7646942853927612,0.23530572652816772,37441
0.7874542355537415,0.2125457614660263,70186
0.7419861674308776,0.25801383554935453,16253
0.5928603291511536,0.4071396827697754,30504
0.590541672706604,0.4094583034515381,38173
0.9091425180435181,0.0908574789762497,16195
0.6765234470367432,0.32347652316093445,28357
0.15588029474020004,0.8441197037696838,49156
0.4685629367828369,0.5314370393753052,67616
0.49729448556900024,0.5027055203914642,53225
0.12023616731166839,0.8797638773918152,21490
0.3653112709522247,0.6346887111663818,68571
0.12916435152292252,0.8708356380462646,43160
0.7146525859832764,0.28534741401672364,12213
0.7845880866050721,0.21541191637516022,60766
0.7636582255363464,0.23634178638458253,41088
0.19270850121974945,0.8072914838790893,28113
0.17730396687984468,0.8226960301399231,13346
0.7747789859771729,0.22522102296352386,6285
0.17211589217185974,0.8278841257095337,35835
0.8559369206428528,0.1440630540251732,39692
0.6710827589035034,0.32891722619533537,477
0.6156766772270202,0.38432332277297976,52882
0.8000011682510376,0.19999882876873015,57353
0.46267939209938047,0.5373206317424775,5074
0.1789714515209198,0.8210285305976868,5642
0.5411309719085693,0.45886905789375304,73484
0.7193722009658814,0.28062779307365415,48552
0.25792862474918365,0.7420713901519775,6404
0.49872989058494566,0.5012701094150543,51676
0.7418380618095398,0.2581618964672089,43529
0.37893775701522825,0.6210622429847718,1425
0.23515300452709198,0.7648469805717468,18095
0.7925768494606018,0.20742314159870148,24413
0.07312037497758865,0.926879620552063,39061
0.5320279061794281,0.46797208189964296,20587
0.5212275505065918,0.4787724375724792,38988
0.10520597994327545,0.8947940230369568,65535
0.3982445538043976,0.60175541639328,36097
0.7614079713821411,0.2385920375585556,3048
0.5971416473388672,0.40285836458206176,12678
0.3741207838058472,0.6258792042732239,2557
0.5167989134788513,0.48320106267929075,36299
0.6081303119659424,0.3918696641921997,49318
0.495313823223114,0.504686176776886,6265
0.48347182273864747,0.516528183221817,28809
0.35561248660087585,0.6443875432014465,20092
0.5101199507713318,0.48988003730773927,38966
0.6788233995437623,0.3211765825748444,58173
0.705638074874878,0.29436192512512205,44162
0.5968241333961487,0.4031758725643158,12604
0.925884211063385,0.074115788936615,5174
0.18383451998233796,0.8161655187606811,28939
0.8339385271072388,0.16606149077415466,38084
0.8046788215637207,0.19532119631767272,41405
0.24349535405635833,0.7565046310424804,39232
0.740789794921875,0.25921021997928617,67413
0.7707645893096924,0.2292353928089142,69294
0.42496079206466675,0.5750392198562622,45890
0.594431459903717,0.405568528175354,40250
0.41041679978370665,0.5895831704139709,51042
0.5963796138763428,0.40362038016319274,7325
0.8690544962882996,0.13094552159309386,10094
0.6014866471290589,0.39851335883140565,8967
0.2981632620096207,0.7018367290496826,26125
0.5311128914356231,0.46888709664344785,25404
0.19236135482788086,0.807638657093048,17498
0.3841858744621277,0.6158141493797302,34108
0.8322357892990112,0.16776420474052428,25894
0.6552060127258301,0.34479398727416993,47650
0.1888342559337616,0.8111657500267029,59494
0.6775780916213989,0.32242190539836885,37502
0.1680348426103592,0.831965172290802,47626
0.6801379442214965,0.31986204385757444,33416
0.514800202846527,0.4851997852325439,23790
0.4297492504119873,0.5702507376670838,39401
0.44827191829681395,0.5517280697822571,50077
0.37580989599227904,0.6241901040077209,48257
0.5399274468421936,0.46007258296012876,30627
0.5933631777763366,0.40663681626319886,53274
0.3386092305183411,0.6613907217979431,8778
0.3668051779270172,0.6331948161125183,38314
0.6691962718963623,0.33080371022224425,65696
0.4739029765129089,0.5260970234870911,30018
0.0932493969798088,0.9067506074905396,49485
0.5852868795394898,0.4147131383419037,45235
0.4463842809200287,0.5536157190799713,28443
0.39715474247932436,0.6028452515602112,26487
0.31814960539340975,0.6818503856658935,68864
0.42374126315116883,0.5762587189674377,40222
0.2483956903219223,0.7516042709350585,40514
0.23316969871520996,0.76683030128479,44907
0.31532852053642274,0.6846714854240418,20128
0.40788877606391905,0.5921112298965454,1642
0.057541871815919875,0.9424581050872802,68909
0.11188597530126572,0.8881140112876892,68221
0.5115823030471802,0.4884176790714264,40172
0.14785726070404054,0.8521427273750305,24567
0.8418076038360596,0.15819243341684341,35885
0.307694810628891,0.6923051834106445,35822
0.6927490830421448,0.30725091099739077,51505
0.6360367178916931,0.36396328210830686,31215
0.355069226026535,0.6449307560920715,54485
0.7140400886535645,0.285959929227829,73434
0.5062620460987091,0.4937379598617554,57020
0.3672356903553009,0.6327642917633056,43667
0.5781886219978333,0.4218113660812378,20039
0.7437419414520263,0.25625802874565123,757
0.710865831375122,0.2891341745853424,71553
0.17181531488895416,0.828184711933136,53387
0.2625455677509308,0.7374544620513916,48086
0.7228359580039978,0.27716405391693116,40519
0.615886104106903,0.38411388993263246,39937
0.5016768038272857,0.49832319021224974,9406
0.6433702707290649,0.3566297054290771,36050
0.3090431332588196,0.6909568548202515,53049
0.5980764389038086,0.40192357301712034,43560
0.32270021438598634,0.6772997856140137,63365
0.3734289765357971,0.6265710473060608,53996
0.25566491186618806,0.7443350911140442,32905
0.5394026160240173,0.4605973780155182,43814
0.33139273524284363,0.6686072707176208,54057
0.8656819462776184,0.13431806862354279,42252
0.5235769093036652,0.4764230787754059,48647
0.2637948036193848,0.7362051606178284,16752
0.6450212955474853,0.35497870445251467,45479
0.8345123410224915,0.16548764407634736,8558
0.9108722686767579,0.08912773728370667,45555
0.3087222456932068,0.6912777423858643,52719
0.6266498446464539,0.3733501315116882,26829
0.9143899083137512,0.08561006784439087,4362
0.2724975645542145,0.727502453327179,68309
0.9238056659698486,0.07619433999061584,29644
0.1567498803138733,0.8432501435279847,41595
0.5390390515327453,0.4609609544277191,29523
0.84918692111969,0.1508130893111229,64523
0.1001973420381546,0.8998026609420776,33463
0.7530889868736267,0.2469109922647476,3133
0.1919613242149353,0.8080386996269227,66950
0.5067719638347625,0.4932280480861664,17279
0.5159119188785553,0.48408809304237366,25345
0.13785604238510132,0.8621439814567566,59416
0.39021939039230347,0.6097806215286254,32483
0.6002318978309631,0.39976810216903685,8399
0.30183530449867246,0.6981647133827209,46508
0.3310334265232086,0.6689665913581848,23869
0.5751585006713867,0.4248414933681488,47857
0.7441629767417908,0.25583701133728026,30141
0.32414849996566775,0.6758515000343323,23797
0.666217315196991,0.333782696723938,66019
0.5385969340801239,0.46140307784080503,63470
0.620101523399353,0.3798984825611115,41842
0.7346686363220215,0.2653313517570496,47195
0.5412893652915954,0.4587106466293335,35346
0.2940036952495575,0.7059963345527649,27137
0.7346998929977417,0.2653000771999359,47381
0.7978007197380066,0.2021993190050125,64869
0.7409477233886719,0.25905229449272155,7992
0.4421635389328003,0.5578364610671998,46347
0.5541403889656067,0.4458595812320709,41267
0.8020515084266663,0.19794849455356597,9024
0.7308795332908631,0.2691204696893692,45056
0.36240177750587466,0.6375982403755188,27309
0.8992583870887756,0.10074160844087601,17584
0.1274731546640396,0.8725268602371216,57470
0.5746978998184205,0.4253020823001862,14244
0.3991227149963379,0.6008772730827332,8356
0.35885130167007445,0.6411486864089966,22513
0.764051902294159,0.2359481304883957,33516
0.305589485168457,0.694410526752472,42389
0.8818754911422729,0.11812450289726258,3212
0.9021393656730652,0.0978606328368187,59531
0.7759953022003174,0.22400468289852143,23414
0.6760029077529908,0.3239970862865448,16829
0.6323954343795777,0.36760458946228025,15001
0.18396949470043183,0.8160305023193359,2993
0.14051380902528762,0.859486174583435,60860
0.70853271484375,0.29146726727485656,73382
0.6810023665428162,0.3189976364374161,28815
0.46617581248283385,0.5338241994380951,63453
0.5519483268260956,0.44805167317390443,46056
0.744792127609253,0.25520787835121156,47945
0.6973864674568176,0.30261354744434354,64509
0.07726513892412186,0.9227348566055298,70902
0.49468125104904176,0.5053187787532807,1414
0.1824109822511673,0.817589008808136,37767
0.42404008507728574,0.5759599208831787,6176
0.884199321269989,0.11580064743757248,8064
0.5824023723602295,0.41759764552116396,13109
0.6353539824485779,0.36464598774909973,34098
0.6908346176147461,0.309165358543396,40852
0.3268136739730835,0.6731863141059875,67210
0.7053030610084534,0.2946969628334045,54237
0.7945719957351685,0.20542798936367035,22887
0.3631486713886261,0.6368513226509094,71100
0.5471348524093628,0.4528651416301727,4664
0.19567713439464568,0.8043228507041931,61914
0.17826374769210815,0.8217362523078918,44270
0.14323707669973373,0.8567629456520081,29187
0.38166279792785646,0.6183372378349304,47380
0.4980106234550476,0.5019893407821655,68925
0.1034343883395195,0.8965656042099,54876
0.4491273283958435,0.5508726835250854,73604
0.43440212607383727,0.5655978798866272,74055
0.09922865480184555,0.9007713556289673,29160
0.2780564665794373,0.7219435214996338,27513
0.6929955363273621,0.3070044696331024,12268
0.10677199512720108,0.893228018283844,52753
0.5341548264026642,0.4658451974391937,447
0.17391723692417144,0.8260827422142029,48897
0.3241452693939209,0.6758547425270081,18417
0.40339143872261046,0.596608555316925,24877
0.6485019087791443,0.3514980673789978,5955
0.09466270655393601,0.9053372621536255,12669
0.090145543217659,0.9098544597625733,57937
0.7208340167999268,0.2791659742593765,38632
0.5827161788940429,0.4172838032245636,65559
0.5749332427978515,0.4250667154788971,34509
0.15938653349876403,0.8406134963035583,70603
0.1014124795794487,0.8985875129699707,27768
0.7342284679412842,0.26577153503894807,11494
0.18005331158638,0.8199466824531555,13907
0.8678865671157837,0.13211342245340346,6037
0.5877691388130188,0.4122308611869812,45980
0.5578710079193115,0.44212896227836607,64945
0.542249572277069,0.45775037407875063,33374
0.574263596534729,0.42573642134666445,42039
0.5620035648345947,0.43799641728401184,57085
0.6988745093345642,0.3011255025863647,66187
0.31738774478435516,0.6826122522354126,23047
0.6896610140800477,0.310338968038559,31624
0.6488147020339966,0.3511852860450745,702
0.6244377374649048,0.3755622625350952,7723
0.37429633140563967,0.6257036685943603,54886
0.32458615899085996,0.6754138231277466,35435
0.5860101342201233,0.41398985385894777,64301
0.3000181317329407,0.6999818682670593,29365
0.4836749076843262,0.5163250744342804,25322
0.11001812964677811,0.8899818897247315,50966
0.24920617640018464,0.7507938385009766,35787
0.2616892784833908,0.738310694694519,44978
0.06655081287026406,0.9334492206573486,61214
0.2534476399421692,0.7465523600578308,64574
0.12005313336849213,0.8799469113349915,48397
0.33007240295410156,0.6699276208877564,9986
0.7860714435577393,0.21392858326435088,59809
0.8025604724884033,0.1974395215511322,15723
0.7064925789833069,0.29350742101669314,37994
0.3544647753238678,0.6455352544784546,69849
0.8528164625167847,0.14718353897333145,56658
0.7528271198272705,0.24717288315296174,21145
0.6929206490516663,0.3070793688297272,20637
0.5888531923294067,0.41114681363105776,57272
0.6641090750694275,0.33589093685150145,32790
0.4354430913925171,0.564556896686554,39511
0.41088408827781675,0.5891159176826477,55437
0.10786227285861968,0.8921377420425415,48053
0.44147666096687316,0.5585233271121979,7679
0.30357406437397005,0.6964259386062622,42200
0.9066360116004943,0.09336396753787994,38591
0.7963335633277893,0.20366640388965607,12679
0.5495142340660095,0.4504857897758484,32541
0.3258521854877472,0.6741477847099304,63721
0.13089012801647187,0.8691098690032959,9294
0.6788323879241943,0.3211676061153412,7159
0.43156461119651796,0.5684353768825531,45822
0.5847872018814086,0.41521281003952026,14050
0.13945363014936446,0.8605463981628418,36609
0.5853917121887207,0.4146083116531372,56029
0.6602728843688965,0.33972710371017456,58719
0.5872869491577148,0.41271303296089173,61356
0.8913138747215271,0.10868611782789231,7816
0.3778374016284943,0.6221626281738282,37170
0.4296160459518433,0.570383894443512,36593
0.15203235745429994,0.8479676723480225,13798
0.33173818588256837,0.6682618379592895,66876
0.7550473570823669,0.24495263695716857,6652
0.8310574293136597,0.1689425528049469,23138
0.48973276019096373,0.5102672636508941,30425
0.9073328852653504,0.09266710877418519,28597
0.13052798062562943,0.8694720029830932,60835
0.7119085550308227,0.2880914330482483,22551
0.8285394191741944,0.17146058976650239,41692
0.24354396760463715,0.7564560174942017,67406
0.20588340163230895,0.7941165924072265,2274
0.8041508197784424,0.19584918320178984,60301
0.7575299143791199,0.24247005879878997,38821
0.10045028179883957,0.899549686908722,55090
0.2227029949426651,0.7772969841957093,53273
0.7893588900566101,0.21064109802246095,47416
0.24166817963123322,0.75833181142807,52818
0.3483863532543182,0.6516136169433594,50281
0.0755397617816925,0.924460232257843,61267
0.546046793460846,0.453953218460083,39660
0.32640262842178347,0.6735973834991456,18491
0.8070719242095947,0.19292807579040527,47987
0.6462292909622193,0.35377068519592286,54424
0.6461775898933411,0.35382242798805236,13313
0.18191627860069276,0.8180837154388427,25074
0.9111343860626221,0.08886561393737794,15775
0.578670334815979,0.4213296711444855,7268
0.6451716661453247,0.35482835173606875,20174
0.6483246803283691,0.35167531967163085,9355
0.08260134160518647,0.9173986554145813,16755
0.6058733105659485,0.394126695394516,32015
0.4435569107532501,0.5564430773258209,38317
0.3164690613746643,0.6835309624671936,65517
0.5645938754081726,0.4354061186313629,67316
0.8142884016036988,0.18571159541606902,70428
0.859128999710083,0.14087096154689788,56772
0.8481443166732788,0.15185568630695342,22916
0.28544900715351107,0.7145510196685791,21105
0.5839231133460998,0.41607687473297117,39319
0.5881959795951843,0.41180402636528013,20840
0.563458400964737,0.4365415990352631,58225
0.15588357150554658,0.8441164493560791,11119
0.3725471317768097,0.627452838420868,66117
0.8593936324119568,0.14060638844966888,20799
0.6169191837310791,0.3830808222293854,36631
0.8498257279396058,0.1501742571592331,63298
0.5269896984100342,0.4730103075504303,40163
0.7791865944862366,0.22081339955329896,23016
0.6843104362487793,0.31568955779075625,42639
0.6817942261695862,0.31820576786994936,47584
0.7299412369728089,0.27005872428417205,52477
0.6622990965843201,0.3377008855342865,64847
0.3905495166778564,0.6094505071640015,26055
0.37277052700519564,0.6272294759750366,69592
0.7784367442131043,0.22156327068805695,72532
0.12218559235334396,0.8778143882751465,72208
0.6824008107185364,0.31759918928146363,46307
0.30574346482753756,0.6942565202713012,56905
0.34445279836654663,0.6555471897125245,40743
0.35979297161102297,0.640207040309906,49405
0.6688210129737854,0.33117896914482114,7948
0.5072090983390808,0.49279088377952573,30160
0.741426157951355,0.25857381522655487,45411
0.5010415971279144,0.4989584028720856,46498
0.7414950132369995,0.2585049718618393,34862
0.22827016115188598,0.7717298269271851,9556
0.506313818693161,0.49368619322776797,37432
0.2456779181957245,0.75432208776474,63699
0.13017162084579467,0.8698283672332764,53655
0.7290436744689941,0.27095630168914797,2639
0.8877352833747864,0.11226474195718765,72170
0.3538008093833923,0.6461991667747498,17241
0.7896575093269348,0.21034246385097505,14523
0.647172212600708,0.35282779932022096,17027
0.442388528585434,0.5576114654541016,12734
0.6894142508506775,0.310585743188858,39570
0.2640247106552124,0.7359753012657165,25627
0.5474990606307983,0.4525009453296661,60866
0.7442842841148376,0.2557157129049301,2360
0.6459232449531556,0.3540767550468445,58298
0.7042123913764954,0.2957876205444336,1182
0.6239527463912964,0.37604724764823916,12363
0.36247496008872987,0.6375250339508056,9545
0.4511962354183197,0.5488037645816803,16133
0.7414683699607849,0.25853165090084074,5415
0.7515005946159363,0.24849940240383148,50672
0.6961676716804505,0.3038323402404785,39793
0.19184518456459046,0.8081548094749451,60882
0.861401104927063,0.13859888762235642,7864
0.611861526966095,0.3881384491920471,62815
0.6632777571678161,0.33672226071357725,65391
0.05282876789569855,0.9471711993217469,16108
0.5789723038673401,0.42102771401405337,12888
0.3739250600337982,0.6260749697685242,46097
0.5703640103340148,0.42963597774505613,61126
0.5141815960407257,0.4858184099197388,42224
0.31200907230377195,0.687990927696228,43266
0.45672948360443116,0.5432704985141754,656
0.30218408703804017,0.6978159308433532,5432
0.17973408997058868,0.8202659487724304,54994
0.552185881137848,0.4478140950202942,69265
0.2023514062166214,0.7976485967636109,67818
0.7133265733718872,0.28667342066764834,70251
0.40266844630241394,0.5973315596580505,1584
0.4704776406288147,0.5295223414897918,72980
0.7516053795814515,0.2483946144580841,16515
0.28204311728477477,0.7179568767547607,18655
0.7780328989028931,0.22196708023548126,74398
0.7047434449195862,0.2952565312385559,17458
0.6225543737411499,0.37744560837745667,34500
0.4462433993816376,0.55375657081604,17272
0.27409267127513887,0.7259073138237,73685
0.5763792634010315,0.42362075448036196,49925
0.9233422756195069,0.07665775120258331,70130
0.6244348764419556,0.3755651116371155,44501
0.2894688367843628,0.7105311751365662,30601
0.5789040565490723,0.4210959494113922,66101
0.6240594863891602,0.3759405195713043,47403
0.5521554231643677,0.4478445708751678,17300
0.5560123205184937,0.4439876556396484,16462
0.6066014766693115,0.39339850544929506,66697
0.3619165480136871,0.6380834400653839,10375
0.5774309039115906,0.42256909012794497,24725
0.5421630263328552,0.4578369498252869,50191
0.45407922863960265,0.5459207475185395,35611
0.31222931742668153,0.6877706527709961,42474
0.3819086909294128,0.6180913329124451,1220
0.6670484781265259,0.33295151591300964,32346
0.1876532942056656,0.8123467087745666,44083
0.7941439032554627,0.20585609078407288,72309
0.24827361106872559,0.7517264008522033,25695
0.8609311580657959,0.13906886130571366,15604
0.6191110372543335,0.3808889389038086,5929
0.6497961044311523,0.3502038955688477,72929
0.4615534067153931,0.5384466052055359,15270
0.7766740560531616,0.2233259290456772,19091
0.6008946418762207,0.3991053462028503,54116
0.47090429067611694,0.5290957093238831,45885
0.6755953669548035,0.3244046211242676,39440
0.4828634262084961,0.5171366035938263,27909
0.7661899328231812,0.23381008207798004,15261
0.43686325550079347,0.5631367444992066,58168
0.3714501798152924,0.6285498261451721,16649
0.6351944923400878,0.3648054897785187,4144
0.34448192119598386,0.6555180668830871,60417
0.2957757204771042,0.7042243003845214,36261
0.8411692380905151,0.1588307350873947,47868
0.5911839723587036,0.4088160157203674,24461
0.7311796307563782,0.2688203573226929,19237
0.35332664251327517,0.6466733455657959,43688
0.5172044277191162,0.4827955663204193,59442
0.41653494238853456,0.5834650278091431,53982
0.2773224413394928,0.7226775646209717,26705
0.6885527968406677,0.31144721508026124,115
0.696826183795929,0.303173816204071,17114
0.7997484683990479,0.20025149881839752,56257
0.6551476001739502,0.34485240578651427,64315
0.6542065024375916,0.3457934856414795,68390
0.18761830627918244,0.8123817086219788,21380
0.4170644700527191,0.5829355359077454,47331
0.5000106990337372,0.4999893307685852,5898
0.17690333724021912,0.8230966925621033,37103
0.8380863904953003,0.16191360652446746,72771
0.37619348168373107,0.6238065361976624,19377
0.3188799023628235,0.6811200857162476,40447
0.6262208819389343,0.3737791359424591,56245
0.2712164282798767,0.7287835597991943,45557
0.8035003542900085,0.19649966955184936,32382
0.8115853905677796,0.18841460347175598,55863
0.9179150223731994,0.0820849895477295,51080
0.2020655930042267,0.7979344010353089,26217
0.8725868940353394,0.12741308957338332,66645
0.14177293032407762,0.8582270622253418,66341
0.6064186811447143,0.39358132481575014,64797
0.8520740747451783,0.14792591631412505,47529
0.5985438227653503,0.4014562010765076,5066
0.4856393218040466,0.5143606960773468,37169
0.5233887314796448,0.4766112744808197,60204
0.20355046391487122,0.7964495301246644,48401
0.5564997971057892,0.4435002267360687,13447
0.5876113533973694,0.4123886704444885,13822
0.6487109184265136,0.35128909945487974,55518
0.5507972717285157,0.44920271039009096,50009
0.5635781288146973,0.43642187118530273,52974
0.6327177286148071,0.3672822773456573,69401
0.4713893413543701,0.5286106884479522,26750
0.12361591458320617,0.8763841152191162,11559
0.31283884644508364,0.6871611714363098,43279
0.09581586569547654,0.9041841268539429,12425
0.6209346652030945,0.37906535863876345,4220
0.9150542616844177,0.08494574576616287,6348
0.5724093794822693,0.4275906264781952,64377
0.3560474932193756,0.643952488899231,54657
0.4156781077384949,0.584321916103363,17180
0.23603564500808716,0.7639643549919128,45941
0.7339884042739868,0.26601160168647764,62746
0.13784970492124557,0.8621502876281738,5713
0.46952173113822937,0.5304782450199127,29417
0.1308357372879982,0.86916424036026,37478
0.1255791112780571,0.8744208931922912,29217
0.4564832210540771,0.5435167908668518,44007
0.8212291717529296,0.1787708282470703,15131
0.7612328648567199,0.23876714706420898,72602
0.09207198470830917,0.9079279899597168,37255
0.37727110981941225,0.6227288961410522,5091
0.32783345580101014,0.6721665501594544,36340
0.8461264729499817,0.1538735330104828,25685
0.14687772542238237,0.8531222701072693,30278
0.7008683919906616,0.29913160800933836,21041
0.6513587474822998,0.34864127039909365,24351
0.805891478061676,0.1941085159778595,46082
0.7570510745048523,0.24294890761375426,6206
0.9004286885261535,0.09957134276628495,21477
0.7595832586288452,0.2404167592525482,65656
0.42491101026535033,0.5750889897346496,20143
0.9093920230865479,0.09060797840356827,49510
0.8019246220588684,0.19807536900043488,30039
0.5776111006736755,0.42238890528678896,23922
0.8592274069786072,0.1407725840806961,45010
0.09364456981420517,0.9063554525375366,24328
0.30034272074699403,0.6996572732925415,13153
0.6777106285095215,0.322289377450943,58836
0.5077836275100708,0.4922163665294647,58471
0.5727843761444091,0.4272156238555908,54133
0.5536568641662598,0.4463431417942047,5930
0.8090678930282593,0.19093208014965057,40991
0.13776872754096986,0.8622312664985656,2087
0.8199524998664856,0.18004748225212097,18662
0.5325843632221222,0.4674156248569489,37072
0.5575053930282593,0.4424946248531342,23935
0.3770269453525543,0.6229730606079101,70537
0.5637049078941345,0.43629509806632993,42148
0.5521064937114716,0.44789351224899293,56476
0.0993855580687523,0.9006144642829895,13283
0.7441447973251343,0.25585519075393676,45658
0.42366945147514345,0.5763305485248565,15072
0.07234394103288651,0.9276560544967651,59522
0.35587801933288576,0.6441219687461853,13099
0.5747852563858032,0.42521474361419676,45921
0.7426164984703064,0.25738346576690674,44862
0.534637725353241,0.4653622508049011,53856
0.5129195332527161,0.48708043098449705,53717
0.5268378019332886,0.47316218018531797,25582
0.8616636395454407,0.1383363798260689,20742
0.4655743181705475,0.5344256639480591,56294
0.6310150504112244,0.36898494958877565,59998
0.21671346426010132,0.7832865238189697,39664
0.7268180131912232,0.2731820076704025,34998
0.6526429295539856,0.3473571062088013,40227
0.3471023261547089,0.6528976678848266,27363
0.618857228755951,0.38114275336265563,41530
0.27650622725486756,0.723493754863739,653
0.32564409971237185,0.6743559002876282,54164
0.08897593319416046,0.9110240578651428,50280
0.10903811007738114,0.8909618973731994,72253
0.5025187313556672,0.4974812924861908,44537
0.4812634289264679,0.5187365770339966,44207
0.33761921226978303,0.6623807907104492,33433
0.44032440185546873,0.5596755862236023,18464
0.5748776316642761,0.4251224160194397,64123
0.7817445516586303,0.21825547218322755,67913
0.6719099640846252,0.3280900478363037,65462
0.8754195451736451,0.12458048015832901,47297
0.1339865207672119,0.866013479232788,6560
0.5918099164962769,0.4081900715827942,8351
0.8237730622291565,0.17622692584991456,29665
0.6745299816131591,0.3254700094461441,36969
0.42463441491127013,0.5753655791282654,53079
0.8415883183479309,0.15841169357299806,43748
0.7385049700737,0.2614950329065323,51473
0.7071703553199769,0.2928296595811844,4913
0.8010179877281189,0.19898200035095215,27172
0.30813363194465637,0.6918663501739502,5397
0.1572871297597885,0.8427128672599793,14537
0.39980857968330386,0.6001914381980896,5267
0.2960763454437256,0.7039236664772034,62970
0.6641450762748718,0.33585494160652163,35667
0.5060818493366241,0.4939182043075562,1033
0.23450558185577391,0.765494453907013,40784
0.3724179148674011,0.6275820851325988,62012
0.5215414822101593,0.4784585118293762,19963
0.6446731209754943,0.35532687306404115,2297
0.8307488441467286,0.16925113797187805,67361
0.47059822678565977,0.5294017434120178,53034
0.4269217550754547,0.5730782628059388,11426
0.35321701765060426,0.6467829823493958,59857
0.5030416131019593,0.49695841073989866,2494
0.4060021162033081,0.5939978718757629,61468
0.6246707677841187,0.3753292322158813,12650
0.919866943359375,0.08013305962085723,7129
0.18313114047050477,0.8168688535690307,5919
0.36215240955352784,0.63784761428833,45777
0.41048356890678406,0.5895164370536804,57072
0.89107825756073,0.10892176032066345,50931
0.5289813339710235,0.47101866602897646,69462
0.9242314100265503,0.0757685735821724,73570
0.7325153589248657,0.2674846351146698,59063
0.5881537914276123,0.4118462324142456,20672
0.7436322689056396,0.25636774599552153,59960
0.41238410472869874,0.5876159191131591,45119
0.6885082840919494,0.3114916980266571,73901
0.48476389050483704,0.5152361214160919,27180
0.7737533211708069,0.22624664902687072,13644
0.6349842190742493,0.36501577496528625,25250
0.8812143802642822,0.11878561228513718,49211
0.5202848553657532,0.4797151267528534,52054
0.6321848511695862,0.3678151607513428,38510
0.5631099939346313,0.4368900120258331,40816
0.5788599133491517,0.42114009857177737,59928
0.7682840704917908,0.23171593844890595,71571
0.5618661165237426,0.4381338655948639,67064
0.7526532053947449,0.24734677970409394,50130
0.06683365628123283,0.9331663370132446,41249
0.5405172348022461,0.45948274731636046,26065
0.6828036665916443,0.31719633340835574,46892
0.14766444265842438,0.8523355484008789,6405
0.4629690945148468,0.5370309114456177,16468
0.6113718509674072,0.38862815499305725,62783
0.9041991114616394,0.09580090790987014,9805
0.7250616312026977,0.2749383568763733,14051
0.12316331565380097,0.8768366575241089,23343
0.3402245998382568,0.6597753643989563,20980
0.460308438539505,0.5396915316581726,58920
0.5561333894729614,0.4438666045665741,4130
0.5717130661010742,0.4282869279384613,46830
0.1440049111843109,0.8559950828552246,58341
0.3591132819652557,0.6408866882324219,26192
0.7381708741188049,0.26182912290096283,21090
0.23856192827224731,0.7614381074905395,39210
0.2026241272687912,0.7973758578300476,50251
0.050913382321596146,0.9490866184234619,25950
0.3788265764713287,0.6211734175682068,50774
0.1963765352964401,0.8036234617233277,12142
0.9019587397575378,0.09804126918315888,52707
0.10999236553907395,0.8900076508522033,40120
0.19485611319541932,0.8051438689231872,17285
0.6088974118232727,0.3911025881767273,18199
0.7881874918937684,0.2118125170469284,72711
0.6052855014801025,0.3947145164012909,64835
0.300105881690979,0.6998940944671631,47613
0.5968660712242126,0.4031339168548584,70797
0.1778871774673462,0.8221128106117248,2495
0.7202951788902283,0.2797048479318619,1806
0.2712847858667374,0.7287151932716369,28057
0.24157835841178893,0.7584216356277466,55491
0.7462409853935241,0.25375899076461794,23617
0.6282428145408631,0.3717571794986725,11318
0.6914018750190735,0.30859813690185545,32986
0.5524571776390076,0.447542804479599,61287
0.6640532374382019,0.3359467566013336,68890
0.6435451745986939,0.35645480155944825,64049
0.5090170681476593,0.4909829437732697,680
0.4850704848766327,0.5149295032024384,36339
0.6349748611450196,0.36502513885498045,1166
0.4818512201309204,0.5181487679481507,6393
0.7850383162498474,0.2149616599082947,8106
0.339013609290123,0.6609863638877869,23469
0.3383396565914154,0.661660349369049,22447
0.5611908793449402,0.4388091146945953,17091
0.2865813195705414,0.713418698310852,23781
0.5838459551334381,0.4161540329456329,56657
0.5378079295158387,0.4621920585632324,24398
0.6760900378227234,0.3239099562168121,13696
0.6555866479873658,0.3444133520126343,31807
0.1197709634900093,0.8802290320396423,1214
0.2627649039030075,0.7372351050376892,14949
0.18527622818946837,0.8147237539291382,30320
0.8296465754508973,0.1703533947467804,2881
0.46006211042404177,0.5399378955364227,48126
0.8382180452346801,0.1617819756269455,73068
0.2325416624546051,0.7674583196640015,22207
0.2235347330570221,0.7764652490615844,66010
0.08957331776618957,0.9104266881942749,49635
0.15295172184705735,0.8470482707023621,57911
0.7729299664497375,0.22707005441188813,22592
0.5040820479393006,0.49591795802116395,6426
0.6556304693222046,0.34436953663825987,12591
0.4541789829730988,0.5458210468292236,3581
0.23699961900711058,0.7630003929138184,41264
0.680482006072998,0.31951799988746643,36978
0.22753058969974518,0.772469413280487,18216
0.7279552221298218,0.2720448046922684,55528
0.4914650619029999,0.5085349261760712,324
0.24875840842723845,0.7512415766716003,2763
0.651383888721466,0.34861611723899844,74452
0.4307036161422729,0.5692963600158691,49868
0.5740635335445404,0.42593645453453066,17080
0.8710708498954773,0.12892912179231644,34915
0.3278569936752319,0.6721430063247681,26637
0.559591805934906,0.44040820002555847,21901
0.8184311866760254,0.18156881332397462,72444
0.6886838674545288,0.31131614446640016,37226
0.558963829278946,0.44103617668151857,840
0.23203230500221253,0.767967700958252,41032
0.16538586914539338,0.8346141219139099,25611
0.5230733692646027,0.4769266307353973,45378
0.7960365891456604,0.20396341383457184,55760
0.6616811513900757,0.3383188545703888,39835
0.711718475818634,0.2882815390825272,20859
0.7621446013450622,0.23785537779331206,41340
0.22471652030944825,0.7752834677696228,66357
0.6893478393554687,0.3106522083282471,6995
0.42063888907432556,0.5793611168861389,51537
0.3471312761306763,0.6528687357902527,27039
0.37596428394317627,0.6240357160568237,21746
0.81594398021698,0.1840560406446457,18416
0.39424692988395693,0.6057530522346497,72238
0.7976038932800293,0.20239609181880952,485
0.534140145778656,0.46585986018180847,43303
0.4928800165653229,0.5071199774742127,69807
0.5349074363708496,0.4650925636291504,56328
0.7026286125183105,0.2973713964223862,55400
0.38018626570701597,0.6198137283325196,38138
0.7050393700599671,0.29496062994003297,46990
0.2901595145463943,0.7098405003547669,12008
0.6772324800491333,0.32276753187179563,34879
0.3518000960350037,0.6481999158859253,25212
0.5365490436553955,0.463450962305069,46167
0.5781646728515625,0.4218353271484375,8170
0.1300908625125885,0.869909143447876,32129
0.8259988903999329,0.17400111258029938,36323
0.5665642261505127,0.4334357678890228,65497
0.39447158575057983,0.6055284261703491,41576
0.5881572246551514,0.4118427872657776,30142
0.39743446707725527,0.6025655150413514,58988
0.2639798730611801,0.7360201239585876,16886
0.2612441420555115,0.7387558460235596,36513
0.3413052499294281,0.6586947202682495,61571
0.5436780571937561,0.45632195472717285,15369
0.18528856933116913,0.8147114396095276,17898
0.5449627339839935,0.4550372719764709,37001
0.6438840389251709,0.35611597299575803,50098
0.8086663722991944,0.1913336396217346,8405
0.617012369632721,0.3829876184463501,60174
0.48559805750846863,0.5144019424915314,13315
0.16502661406993865,0.8349733710289001,57539
0.4014896035194397,0.5985104322433472,62001
0.5728456974029541,0.4271543025970459,20776
0.2679433137178421,0.7320567011833191,72365
0.4128637731075287,0.5871362447738647,51947
0.8411505699157715,0.15884946882724763,72285
0.7409850001335144,0.2590150207281113,50237
0.2846739083528519,0.7153261303901672,39001
0.10885941088199616,0.8911406040191651,6062
0.16986469328403472,0.8301353096961975,20357
0.16837631165981293,0.8316236972808838,4734
0.3869772970676422,0.6130227208137512,64420
0.6006048321723938,0.39939515590667723,39970
0.8257713317871094,0.1742286741733551,69883
0.8702402949333191,0.12975968569517135,25680
0.6704879999160767,0.32951202392578127,24423
0.849821412563324,0.15017857998609543,40560
0.518940907716751,0.48105907440185547,42784
0.19373318552970886,0.8062667846679688,46860
0.5878467440605164,0.41215324997901914,33423
0.42632236480712893,0.573677659034729,37282
0.11470465511083602,0.8852953314781189,25871
0.7695717573165893,0.23042822480201722,2310
0.47919650077819825,0.5208034992218018,71206
0.9252356171607972,0.07476438507437706,26685
0.6945729732513428,0.3054270535707474,13960
0.7875237464904785,0.21247624158859252,56130
0.32436634302139283,0.6756336927413941,72428
0.39570419788360595,0.604295802116394,50899
0.6331571102142334,0.3668428897857666,6014
0.3261911392211914,0.6738088607788086,8467
0.5805336236953735,0.4194663941860199,53005
0.8621341943740845,0.137865786254406,14421
0.730562174320221,0.2694378197193146,62634
0.492813366651535,0.5071866512298584,2981
0.24677979946136475,0.7532202124595642,27889
0.8701840519905091,0.1298159494996071,64564
0.3743459641933441,0.6256540656089783,72817
0.3493426859378815,0.650657320022583,4469
0.4562674522399902,0.5437325417995453,27467
0.3602907359600067,0.6397092580795288,70103
0.16415282636880874,0.8358471632003784,58172
0.3790299892425537,0.6209699749946594,34633
0.1883554846048355,0.8116444945335388,40808
0.07958002761006355,0.92041996717453,45550
0.2041402965784073,0.7958597064018249,64648
0.7527300834655761,0.2472698986530304,73837
0.8675028085708618,0.1324971690773964,69645
0.7533017873764039,0.2466982126235962,59453
0.7444569826126098,0.2555430144071579,9688
0.7726908802986145,0.22730911076068877,72256
0.6262869000434875,0.37371310591697693,55820
0.3068936109542847,0.6931064128875732,44096
0.5620802283287049,0.4379197359085083,63389
0.8865533351898194,0.11344667375087739,1492
0.44173184633255,0.5582681596279144,69446
0.5778812885284423,0.4221186816692352,35520
0.25626401901245116,0.7437359690666199,50316
0.6058861494064331,0.3941138803958893,45316
0.7860710501670838,0.21392897069454192,73878
0.16892569363117219,0.83107430934906,70861
0.2586236000061035,0.7413764119148254,65333
0.7434723973274231,0.25652760565280913,66150
0.9291207075119019,0.0708792969584465,70247
0.15581483840942384,0.8441851735115051,7218
0.306702321767807,0.6932976722717286,13939
0.6291004657745362,0.3708995282649994,1423
0.5654258608818055,0.4345741093158722,68340
0.6935489416122437,0.30645105242729187,52533
0.3500539720058441,0.6499460101127624,67305
0.23332291543483735,0.7666770935058593,40605
0.5914188504219056,0.40858114361763,48057
0.7134324312210083,0.2865675866603851,19438
0.7032889366149903,0.29671105146408083,12244
0.2581713557243347,0.7418286442756653,49639
0.15254074335098267,0.8474592685699462,24680
0.4803349196910858,0.5196650624275208,43269
0.8446865439414978,0.1553134262561798,49133
0.6988341689109803,0.30116584300994875,17892
0.7097634911537171,0.29023651480674745,60572
0.06043567359447479,0.939564299583435,52869
0.3296915590763092,0.6703084468841553,50110
0.7647570610046387,0.23524294495582582,64311
0.5318072676658631,0.46819270849227906,67804
0.18886514902114868,0.8111348628997803,63666
0.1370453417301178,0.8629546523094177,56826
0.8491345405578613,0.15086546540260315,4736
0.574954605102539,0.4250454008579254,51090
0.34731574058532716,0.6526842594146729,69873
0.40125200152397156,0.598747992515564,36130
0.642431890964508,0.3575681149959564,49526
0.8032283544540405,0.19677164256572724,45809
0.4948940098285675,0.5051059901714325,44194
0.05329099074006081,0.9467090129852295,34860
0.5975020289421081,0.4024979591369629,47668
0.7187102317810059,0.2812897562980652,37904
0.34471936225891114,0.6552806377410889,8427
0.532856571674347,0.4671433985233307,24428
0.5775007367134094,0.4224992573261261,25370
0.12861685901880265,0.8713831543922425,73277
0.7888391017913818,0.21116088330745697,64024
0.7174252390861511,0.28257474601268767,10672
0.08386524021625519,0.9161347627639771,40117
0.20062750875949859,0.7993724942207336,65568
0.18045619130134583,0.8195437908172607,2997
0.5497246980667114,0.4502752721309662,25949
0.6743398070335388,0.3256601929664612,27253
0.8157267212867737,0.18427330553531646,47540
0.7649240970611573,0.23507592380046843,43961
0.09143452793359756,0.9085654735565185,47768
0.4884813129901886,0.5115186691284179,35571
0.796079421043396,0.20392055809497833,57473
0.3114205479621887,0.6885794758796692,46656
0.36386772990226746,0.636132287979126,49249
0.06491880118846893,0.9350812077522278,66871
0.5671148300170898,0.43288519978523254,51141
0.32331548631191254,0.6766845226287842,22582
0.9492771744728088,0.050722824037075044,54679
0.9001718878746032,0.09982811361551285,23145
0.7236333608627319,0.27636662423610686,36589
0.7595480442047119,0.2404519647359848,21745
0.7492612838745117,0.25073873698711396,7256
0.436869865655899,0.5631301641464234,46953
0.9226966619491577,0.07730333805084229,59216
0.8195515751838685,0.18044840097427367,52738
0.4968740105628967,0.5031259834766388,20076
0.6649718523025513,0.3350281357765198,42056
0.2441870540380478,0.7558129549026489,3004
0.5610045671463013,0.4389954209327698,53756
0.17253658473491668,0.82746342420578,34467
0.3683923125267029,0.631607711315155,51794
0.37395023107528685,0.626049792766571,3138
0.17514091432094575,0.82485910654068,35092
0.06525086462497712,0.9347491502761841,45266
0.2799191415309906,0.7200808525085449,41561
0.554617828130722,0.4453822076320648,41674
0.5814939975738526,0.418505996465683,42359
0.8449778079986572,0.15502218306064605,52790
0.5707170128822326,0.4292829930782318,6433
0.36360853910446167,0.6363914608955383,32456
0.6060894370079041,0.3939105749130249,20664
0.5993932127952576,0.40060676336288453,13950
0.8249426126480103,0.17505737543106079,2998
0.4678810477256775,0.5321189403533936,5953
0.50820974111557,0.49179022908210757,18847
0.27994472086429595,0.7200552701950074,72814
0.7855820417404175,0.21441794335842132,10142
0.0717395305633545,0.9282604932785035,12959
0.7303108096122741,0.26968917846679685,31670
0.16546328961849213,0.8345366954803467,61329
0.9354205369949341,0.06457948759198189,36803
0.5398932456970215,0.46010676622390745,50892
0.8766237258911133,0.12337623685598373,19887
0.7573066115379333,0.24269337952136993,63302
0.2641840487718582,0.7358159899711609,50362
0.6658495187759399,0.3341504693031311,25117
0.8119260191917419,0.18807397186756133,14770
0.41520108580589293,0.5847988963127136,64234
0.8636586546897889,0.13634134829044342,55750
0.5750950694084167,0.42490493655204775,968
0.28129988014698026,0.7187001347541809,37436
0.5982953786849976,0.40170462131500245,42702
0.713418436050415,0.2865815669298172,39515
0.401755553483963,0.5982444524765015,58257
0.10055210888385772,0.8994478702545166,52840
0.4415151536464691,0.5584848403930665,11479
0.299107027053833,0.700892984867096,10291
0.5751362442970276,0.42486374974250796,13758
0.40538154244422914,0.5946184396743774,22270
0.7616450071334839,0.23835498988628387,52785
0.24938056170940398,0.7506194710731506,37249
0.28005367517471313,0.7199463248252869,2942
0.6156197786331177,0.38438023924827575,4860
0.5296943664550782,0.4703056514263153,34060
0.4756830334663391,0.5243169665336609,20935
0.1068635031580925,0.893136489391327,9070
0.7614571809768677,0.23854282796382903,28714
0.6426338791847229,0.3573661148548126,20346
0.493074494600296,0.5069255053997039,71305
0.9128132820129394,0.08718672841787338,62582
0.2833502531051636,0.7166497468948364,48766
0.37380107641220095,0.6261989116668701,57232
0.6496294140815735,0.3503705620765686,34656
0.3344642579555511,0.6655357360839844,36855
0.6813265681266785,0.318673437833786,57467
0.5762755990028381,0.423724377155304,502
0.8274407386779785,0.17255922257900239,6226
0.23376143872737884,0.766238534450531,65347
0.16161941587924958,0.8383805751800537,45323
0.3589835107326508,0.6410164713859559,62896
0.5441697359085083,0.4558302640914917,20866
0.604945719242096,0.3950542986392975,62394
0.7199412703514099,0.280058753490448,4564
0.2751824975013733,0.7248174786567688,21729
0.7113902330398559,0.28860974311828613,3051
0.06291761547327042,0.9370823979377747,41064
0.7093054056167603,0.29069457948207855,25443
0.7593265771865845,0.2406734496355057,16500
0.5440073847770691,0.45599260926246643,23030
0.524082338809967,0.4759176731109619,12659
0.754292893409729,0.24570708870887756,1837
0.7064364433288575,0.29356353282928466,56878
0.3333048403263092,0.6666951775550842,28686
0.19419726729393005,0.8058027267456055,5049
0.2995204508304596,0.7004795789718627,59696
0.548642885684967,0.4513570785522461,10100
0.6248905777931213,0.3751094400882721,9312
0.2894864708185196,0.7105135321617126,31688
0.6518158435821533,0.3481841504573822,39189
0.1374260514974594,0.8625739455223084,66570
0.07859258204698563,0.921407413482666,39331
0.37226288914680483,0.6277371525764466,37739
0.4783458411693573,0.5216541647911072,37008
0.11156019270420074,0.8884397745132446,16370
0.7425352096557617,0.25746479630470276,21258
0.6261452794075012,0.37385472655296326,70262
0.82154620885849,0.17845378816127777,57952
0.6160360813140869,0.38396390676498415,3349
0.4682605743408203,0.5317394435405731,53758
0.6800584912300109,0.3199414908885956,11779
0.6667866230010986,0.3332134008407593,53329
0.3799201786518097,0.6200798511505127,66725
0.6875708103179932,0.31242922842502596,69456
0.5959336757659912,0.40406631827354433,7367
0.29220120012760165,0.7077988028526306,4585
0.7980216145515442,0.20197836458683013,38940
0.46542643904685976,0.5345735430717469,27766
0.4378455102443695,0.5621545076370239,67772
0.4873740077018738,0.5126259803771973,53561
0.17741127610206603,0.8225887179374695,9190
0.780857264995575,0.21914273500442505,25454
0.5312946200370788,0.46870540976524355,16760
0.07972967624664307,0.9202703237533569,47145
0.5253906369209289,0.47460933923721316,23461
0.7353856325149536,0.26461437344551086,31038
0.24595248997211455,0.7540475010871888,22730
0.8704644203186035,0.1295355886220932,3285
0.821771252155304,0.1782287538051605,52559
0.930837094783783,0.06916292831301689,29737
0.371593713760376,0.6284062981605529,16010
0.2386133849620819,0.7613866090774536,19571
0.3111356109380722,0.6888643860816955,19916
0.10656930357217789,0.8934306740760803,53797
0.1367691621184349,0.8632308363914489,6760
0.5496730983257294,0.4503268897533417,71366
0.5295451045036316,0.47045490741729734,56281
0.8188543438911438,0.18114562928676606,24964
0.06611634120345115,0.9338836550712586,43397
0.6410402059555054,0.3589598059654236,65368
0.5733204126358032,0.42667960524559023,45431
0.5230160236358643,0.47698400020599363,11393
0.6927299499511719,0.30727003812789916,46592
0.49182395339012147,0.508176052570343,16751
0.318095862865448,0.681904137134552,62017
0.06729709729552269,0.932702898979187,32582
0.523464584350586,0.47653541564941404,3305
0.35766996145248414,0.6423300623893737,68430
0.28300113677978517,0.7169988632202149,53036
0.8515174627304077,0.14848252832889558,59463
0.8313152074813843,0.16868477165699006,65477
0.6583555221557618,0.3416444957256317,16330
0.9407740354537963,0.059225945919752124,9933
0.47622001767158506,0.5237799465656281,36171
0.5159094154834747,0.48409059047698977,48914
0.4483889639377594,0.5516110301017761,29862
0.14008914530277253,0.8599108576774597,17161
0.6937815427780152,0.3062184572219849,20165
0.3183270514011383,0.6816729784011841,61762
0.5585789024829865,0.44142110347747804,48253
0.3057090103626251,0.6942910194396973,8618
0.8820830225944519,0.11791698783636093,18308
0.36019782423973085,0.6398021817207337,32961
0.4379769444465637,0.5620230793952942,27035
0.5089401125907898,0.4910598635673523,28273
0.8906418919563294,0.10935808420181274,25202
0.7396227240562439,0.2603772789239883,54398
0.8594733953475953,0.1405266210436821,64440
0.6421336889266968,0.35786631107330324,40393
0.3413932383060455,0.65860675573349,5821
0.6505029201507568,0.3494970709085464,34274
0.8180037617683411,0.1819962441921234,238
0.562172281742096,0.4378277063369751,13133
0.845268189907074,0.15473183691501619,12154
0.6563980579376221,0.34360193014144896,35836
0.45010814666748045,0.5498918235301972,16658
0.5588653802871704,0.441134637594223,9764
0.4809161961078644,0.5190837979316711,25301
0.7364161252975464,0.2635838478803635,2692
0.4064654350280762,0.5935345530509949,67199
0.848888099193573,0.15111187547445298,74273
0.6796084046363831,0.3203916072845459,70506
0.6639243006706238,0.3360756993293762,10139
0.5294561862945557,0.4705438017845154,55725
0.787264370918274,0.21273561418056489,22279
0.7773695945739746,0.22263041138648987,18443
0.3372151851654053,0.6627847909927368,39004
0.8191818118095398,0.18081818521022797,65625
0.11077106893062591,0.8892289280891419,56957
0.6600231170654297,0.33997687697410583,15879
0.7936923503875732,0.20630765855312347,17765
0.7343557596206665,0.2656442284584045,32743
0.6386065125465393,0.3613934636116028,74033
0.8037638783454895,0.19623611867427826,28097
0.3705449879169464,0.6294549942016602,33018
0.8012526631355286,0.19874732196331024,6937
0.39330738186836245,0.606692624092102,54194
0.34316969513893125,0.6568302631378173,40312
0.7238071441650391,0.27619282603263856,37779
0.2523197680711746,0.7476802110671997,60945
0.6243145585060119,0.37568544745445254,26043
0.27215188443660737,0.7278481245040893,22979
0.44579861164093015,0.5542013883590698,22803
0.693385636806488,0.30661436915397644,45427
0.7681436777114868,0.2318563222885132,61141
0.720516300201416,0.2794836759567261,27911
0.3556439459323883,0.6443560719490051,26996
0.6742494583129883,0.3257505178451538,71344
0.4087376594543457,0.5912623643875122,56522
0.20293696820735932,0.7970629930496216,58311
0.31795588731765745,0.6820441007614135,59295
0.4262485861778259,0.5737513840198517,23758
0.5195718228816986,0.4804281949996948,53210
0.9245980858802796,0.07540190666913986,68373
0.7638569951057435,0.2361430197954178,13518
0.1834299623966217,0.8165700435638428,39747
0.42408986687660216,0.5759101748466492,4104
0.9018277764320374,0.09817221164703369,50873
0.4816626250743866,0.5183373749256134,32043
0.15791338086128234,0.8420866131782532,44729
0.7495358467102051,0.25046415328979493,963
0.6280836224555969,0.3719163775444031,58935
0.320632266998291,0.6793677330017089,64033
0.8458160519599914,0.15418392717838286,41727
0.5723143219947815,0.42768564224243166,1847
0.7766733169555664,0.22332666218280792,41110
0.7714486718177795,0.2285513311624527,71512
0.6329510569572449,0.36704893708229064,31126
0.5388029992580414,0.4611969828605652,64980
0.04956023246049881,0.9504397511482239,43441
0.1200636863708496,0.8799363136291504,57146
0.6513115048408509,0.34868848919868467,66857
0.5115965604782104,0.488403445482254,57441
0.37781213521957396,0.6221878886222839,25327
0.7364569067955017,0.2635431051254272,50348
0.24911889731884002,0.7508810997009278,10300
0.3981412410736084,0.6018587350845337,19052
0.1327595293521881,0.8672404885292053,37882
0.644369649887085,0.3556303739547729,30401
0.5636082887649536,0.4363916993141174,66360
0.5298666596412659,0.4701333403587341,9290
0.6401738405227662,0.3598261415958405,29463
0.4768616437911987,0.5231383800506592,37182
0.45580942630767823,0.5441905736923218,26659
0.2528225392103195,0.7471774578094482,21211
0.47934368848800657,0.520656305551529,23007
0.3734802663326263,0.6265197277069092,34411
0.8038403868675232,0.19615961313247682,28298
0.45156449675559995,0.5484355092048645,4493
0.7020200848579407,0.2979799211025238,65715
0.2284473568201065,0.7715526461601258,35212
0.3783951461315155,0.6216048717498779,60512
0.414933979511261,0.585066020488739,61298
0.7793435335159302,0.22065643668174745,4569
0.7671893835067749,0.23281059861183168,27652
0.3155868411064148,0.6844131469726562,34698
0.5589834809303283,0.4410165071487427,49476
0.3381658732891083,0.6618341445922852,54541
0.4072676122188568,0.5927323818206787,19371
0.5105239868164062,0.4894760012626648,67076
0.7355512738227844,0.2644487529993057,10046
0.728984785079956,0.27101521790027616,16333
0.5481499552726745,0.451850038766861,15888
0.6215920805931091,0.3784079611301422,51928
0.27806795239448545,0.7219320416450501,12320
0.9550089359283447,0.04499107077717781,59801
0.5827023267745972,0.4172976970672607,55050
0.5630921363830567,0.4369078516960144,27017
0.8084286570549011,0.19157134294509887,14563
0.39651105999946595,0.6034889221191406,780
0.3933906018733978,0.6066094160079956,6922
0.3402273565530777,0.6597726583480835,10785
0.5361904382705689,0.46380953788757323,36582
0.7793045043945312,0.2206955224275589,58554
0.6459606170654297,0.3540393829345703,55934
0.36113237142562865,0.6388676166534424,24278
0.15032805651426315,0.8496719598770142,7680
0.5522737264633178,0.44772626757621764,38529
0.7858843564987182,0.21411563754081725,32742
0.9187613010406495,0.08123871833086013,9845
0.540343052148819,0.4596569538116455,26019
0.5438448011875152,0.4561551809310913,22846
0.0859926775097847,0.9140072941780091,29274
0.6093342661857605,0.39066575169563295,505
0.7475654125213623,0.2524345874786377,24198
0.7408667922019958,0.2591332346200943,36850
0.6010143995285034,0.39898558259010314,18986
0.7541836857795715,0.24581629633903504,2991
0.7126070737838746,0.28739295303821566,71409
0.5010548770427704,0.49894511699676514,9707
0.47775381803512573,0.5222461521625519,64285
0.18628681302070618,0.8137132287025451,24857
0.4797604024410248,0.5202395617961884,27120
0.7507734537124634,0.24922656416893005,24085
0.48758052587509154,0.512419468164444,54409
0.8477506041526794,0.15224938094615936,22157
0.11079828441143036,0.8892017006874084,47867
0.8386363387107849,0.16136368066072465,20477
0.5012599706649781,0.49874003529548644,24483
0.7703572750091553,0.22964272797107696,45355
0.48673815131187437,0.5132618486881256,4811
0.7481562614440918,0.2518437534570694,32891
0.46454323530197145,0.5354567646980286,51550
0.8627066373825073,0.13729337751865386,8076
0.5638203620910645,0.4361796140670776,49197
0.7443153858184814,0.25568462908267975,46925
0.5793791890144349,0.4206208109855652,71460
0.6740736484527587,0.32592634558677674,39925
0.5404699444770813,0.4595300853252411,31107
0.6264432430267334,0.3735567569732666,35909
0.7000539541244507,0.29994608759880065,40050
0.7185148954391479,0.2814851045608521,72588
0.7537623763084411,0.24623760879039763,25951
0.8832069277763367,0.11679311394691468,73908
0.48607502579689027,0.5139250099658966,24629
0.3218015193939209,0.6781984806060791,20218
0.3407947063446045,0.6592052936553955,18030
0.38641831278800964,0.6135817050933838,11020
0.39852226972579957,0.6014777302742005,47103
0.565143346786499,0.43485665917396543,73087
0.8849515914916992,0.11504841744899749,52698
0.21277355551719665,0.7872264385223389,5905
0.2636843055486679,0.7363156676292419,5344
0.5638829290866851,0.43611708879470823,15258
0.6795800805091858,0.3204199194908142,70142
0.4627378582954407,0.5372621655464173,3883
0.8691942811012268,0.13080573379993438,23688
0.4995084166526794,0.5004915714263916,55254
0.44069522619247437,0.5593047857284545,50487
0.898101544380188,0.10189843773841858,18145
0.8312254071235656,0.1687745690345764,29018
0.5051044046878814,0.49489558339118955,25138
0.6517447710037232,0.34825522303581236,22214
0.45192354917526245,0.5480764627456665,15588
0.39266079664230347,0.6073391914367676,13115
0.5287885367870331,0.4712114930152893,19893
0.29762014746665955,0.702379834651947,67718
0.8250592827796936,0.17494072616100312,25390
0.5619860172271729,0.4380139946937561,3856
0.8386563897132874,0.16134358644485475,22993
0.6866905927658081,0.31330944299697877,55516
0.8324111819267273,0.16758882105350495,27815
0.30234583020210265,0.6976541638374328,68601
0.41067060828208923,0.5893293619155884,53128
0.2298257529735565,0.7701742053031921,11752
0.5849727869033814,0.4150272190570831,53853
0.8472701787948609,0.1527298331260681,33499
0.14356976002454758,0.8564302563667298,58980
0.6724543690681457,0.32754561901092527,55542
0.1556309789419174,0.8443690299987793,1991
0.6003912329673767,0.39960876703262327,61540
0.5823259353637695,0.41767404675483705,16599
0.8723965406417846,0.12760346084833146,4614
0.6812091827392578,0.3187908113002777,28417
0.3208678126335144,0.6791321873664856,21583
0.321494996547699,0.678505003452301,8172
0.7460350275039673,0.2539649695158005,9012
0.85411297082901,0.14588704854249954,401
0.48931083679199217,0.5106891691684723,53340
0.780843985080719,0.21915601789951325,16779
0.3869571387767792,0.6130428552627564,26519
0.12013081312179566,0.8798691868782044,23521
0.6547476887702942,0.34525232315063475,64259
0.13813496828079225,0.8618650436401367,4646
0.4074168026447296,0.5925831913948059,9640
0.5588994264602661,0.4411005795001984,27850
0.6241014957427978,0.37589848041534424,62931
0.7754042148590088,0.22459577918052673,21503
0.8212679862976074,0.17873200178146362,32885
0.5847562313079834,0.4152437627315521,62300
0.21410171687602997,0.7858983039855957,22516
0.23443206250667573,0.76556795835495,26361
0.31879777312278745,0.681202232837677,11651
0.7722904443740845,0.22770953476428984,12682
0.8690369844436645,0.1309630259871483,30453
0.5752719521522522,0.4247280478477478,3307
0.47829915285110475,0.5217008233070374,46847
0.11552022099494934,0.8844797730445861,37033
0.5959464907646179,0.4040535092353821,44404
0.6191313147544861,0.3808686792850494,35377
0.4110377311706543,0.5889622688293457,53744
0.9246563911437988,0.07534361183643341,10187
0.6288592696189881,0.37114073634147643,10943
0.25528632700443266,0.7447136998176574,24184
0.8583990573883057,0.14160096645355225,19910
0.3331788569688797,0.6668211460113526,15404
0.9435283899307251,0.0564716175198555,37377
0.41745156049728394,0.5825484275817872,2311
0.5474486112594604,0.4525514006614685,24654
0.4880577027797699,0.5119423031806946,40
0.8048619627952576,0.19513802528381347,39015
0.704559326171875,0.29544067978858946,3174
0.6179260730743408,0.3820739150047302,36976
0.5825084805488586,0.4174915313720703,41053
0.48288245797157286,0.5171175301074982,45669
0.7107598304748535,0.28924015164375305,63501
0.4525685548782349,0.5474314570426941,32711
0.5597931861877441,0.44020681381225585,8634
0.09094340801239013,0.909056556224823,45845
0.10398617833852768,0.8960138320922851,22221
0.7968597054481507,0.2031402736902237,20041
0.5401964604854583,0.45980351567268374,53103
0.6233354210853577,0.3766645908355713,49566
0.43293113708496095,0.5670688390731812,22390
0.6385886430740356,0.3614113390445709,34910
0.6355828166007995,0.36441715955734255,22143
0.22120281457901,0.77879718542099,23638
0.0549068383872509,0.9450931549072266,48394
0.5072268605232239,0.49277310371398925,31983
0.14389586001634597,0.8561041474342346,35728
0.32955175042152407,0.6704482316970826,20511
0.6191756844520568,0.38082435727119446,3395
0.2512653172016144,0.7487346529960632,46551
0.33293409943580626,0.6670658946037292,53637
0.709613847732544,0.2903861582279205,71756
0.09178526997566223,0.9082147359848023,5035
0.6077928185462952,0.3922071993350983,24694
0.7053356647491456,0.2946643501520157,24394
0.8135417342185974,0.18645829260349273,27102
0.6644001245498657,0.33559987545013426,14128
0.46444958448410034,0.5355504035949707,26585
0.7525341868400574,0.24746578335762023,36533
0.6113785147666931,0.3886214911937714,13594
0.5743914127349854,0.4256085991859436,17560
0.623753547668457,0.37624642848968504,68982
0.6511086344718933,0.3488913655281067,29515
0.6668366074562073,0.33316341042518616,62679
0.6126452445983886,0.38735476732254026,18710
0.16545366048812865,0.8345463395118713,39383
0.8878990888595581,0.11210091859102249,55989
0.43942286968231203,0.56057710647583,43994
0.19982292354106904,0.8001770734786987,8547
0.5575345396995545,0.44246546626091005,55790
0.5050896286964417,0.49491033554077146,9729
0.7053794503211975,0.29462054967880247,47033
0.889188289642334,0.11081169098615647,19491
0.08081576079130173,0.9191842555999756,32612
0.5667239785194397,0.4332760453224182,66330
0.4188340127468109,0.5811659812927246,59757
0.7469627976417541,0.2530372112989426,64774
0.6702070355415344,0.3297929704189301,48491
0.33067370653152467,0.6693263173103332,21612
0.5770400702953339,0.4229599595069885,3343
0.568834662437439,0.43116536140441897,40620
0.5856635689735412,0.4143364250659943,65760
0.16886696219444275,0.8311330556869507,23144
0.6345725655555725,0.36542744636535646,1764
0.8819459676742554,0.11805405020713806,36884
0.3816377282142639,0.618362295627594,8960
0.12880641520023345,0.8711935877799988,73611
0.42008153200149534,0.5799184799194336,12529
0.7969808101654052,0.20301918983459472,6637
0.5259686172008514,0.4740313649177551,16949
0.8025731801986694,0.19742680490016937,29254
0.3523577094078064,0.6476422786712647,74465
0.7027960658073426,0.2972039133310318,39772
0.6333424925804139,0.36665751934051516,49749
0.2382151573896408,0.761784839630127,44033
0.8362330436706543,0.16376697421073913,30304
0.829667615890503,0.1703323930501938,15872
0.6836563944816589,0.3163435757160187,20832
0.4068388342857361,0.5931611299514771,43494
0.32985862493515017,0.6701413869857789,44319
0.5004320979118347,0.49956789016723635,13008
0.8088353753089905,0.19116460680961608,62717
0.8780621290206909,0.12193785905838013,22161
0.1863954871892929,0.8136045098304748,61014
0.46707217693328856,0.5329278230667114,5158
0.7685452103614807,0.2314548075199127,1403
0.7208617210388184,0.27913827896118165,1231
0.11193443089723587,0.8880655765533447,9114
0.45771572589874265,0.5422842681407929,39006
0.32416502237319944,0.6758349895477295,27615
0.06835756599903106,0.9316424489021301,52813
0.42386305928230283,0.5761368930339813,68464
0.29185202717781067,0.7081479668617249,36775
0.8316540956497193,0.16834591031074525,23038
0.5416756629943847,0.45832433700561526,43065
0.31154277324676516,0.6884572148323059,71894
0.7527756333351135,0.24722438752651216,7837
0.6330119371414185,0.36698808073997496,56305
0.501196163892746,0.49880380630493165,64351
0.7159885287284851,0.28401148319244385,66567
0.6819784760475158,0.3180215537548065,9713
0.13138484805822373,0.8686151266098022,60325
0.12565201222896577,0.874347984790802,20098
0.660100269317627,0.3398997485637665,14399
0.909622597694397,0.09037737399339676,70728
0.7353528618812561,0.2646471500396729,31180
0.8882604002952575,0.11173957884311676,47944
0.3694377958774567,0.6305622100830078,22205
0.7867428064346313,0.21325720548629762,71790
0.7246127247810363,0.27538723647594454,5634
0.669853413105011,0.33014660477638247,71094
0.1276046708226204,0.8723953247070313,26382
0.5797376751899719,0.4202622830867767,65714
0.13482049703598023,0.8651794910430908,14048
0.6710253357887268,0.32897467613220216,65827
0.7574488162994385,0.2425512045621872,12111
0.15746026933193208,0.8425397276878357,36538
0.21723249554634094,0.7827675342559814,1327
0.5269018769264221,0.4730981469154358,28631
0.6659291505813598,0.3340708315372467,15700
0.6884891748428345,0.31151082515716555,69925
0.6164638519287109,0.38353613018989563,58205
0.1478853404521942,0.8521146535873413,42047
0.15642183721065522,0.8435781717300415,20410
0.14113849103450776,0.85886150598526,11608
0.6311121463775635,0.368887859582901,38955
0.34461137652397156,0.655388617515564,69984
0.407342666387558,0.5926573514938355,29026
0.7455236196517945,0.2544763594865799,69901
0.6560099601745606,0.34399003982543946,18796
0.6450026154518127,0.3549973726272583,24865
0.6362059235572814,0.3637940585613251,51521
0.6278928875923157,0.37210713028907777,23859
0.41883949041366575,0.5811604738235474,50060
0.461626935005188,0.538373076915741,57687
0.3298901915550232,0.6701098084449768,5224
0.6685843944549561,0.33141558468341825,15529
0.3703696310520172,0.6296303629875183,19913
0.6745235800743103,0.3254764139652252,22649
0.59832843542099,0.40167156457901,55742
0.5415278196334838,0.4584721863269806,950
0.7413477182388306,0.2586522936820984,53798
0.8398943901062011,0.1601056158542633,6657
0.7056700587272644,0.2943299233913422,13110
0.6149385452270508,0.3850614368915558,45692
0.8992796540260315,0.10072034150362015,40841
0.6592479109764099,0.34075207114219663,51206
0.8010446429252625,0.19895534515380858,40102
0.31854674518108367,0.681453263759613,72944
0.761736524105072,0.23826346397399903,5183
0.24774667918682097,0.7522533059120178,13042
0.8711870431900024,0.1288129821419716,7664
0.519233351945877,0.48076663017272947,57342
0.1455263763666153,0.854473614692688,54527
0.8114328980445862,0.18856709003448485,24201
0.47229976654052735,0.5277002215385437,69720
0.4544728875160217,0.5455271244049072,61437
0.3411617338657379,0.6588382840156555,48300
0.4936817228794098,0.5063182950019837,2352
0.662162721157074,0.33783727288246157,54715
0.6678370475769043,0.3321629524230957,42101
0.5019834458827972,0.49801653027534487,73569
0.5939463973045349,0.40605359673500063,30745
0.9404570817947387,0.05954291969537735,2060
0.6151699185371399,0.3848300755023956,37924
0.1760193645954132,0.8239806413650512,10949
0.7901493072509765,0.2098506659269333,51175
0.35356918573379514,0.6464308261871338,25736
0.4586771368980408,0.5413228571414948,62139
0.4344986915588379,0.56550133228302,33449
0.6239388704299926,0.37606111764907835,24295
0.35510528087615967,0.6448947429656983,55403
0.8849680542945861,0.1150319367647171,16568
0.798469877243042,0.20153014957904816,60480
0.32281026542186736,0.6771897435188293,26152
0.8396879434585571,0.1603120356798172,68809
0.7539544343948364,0.246045583486557,60833
0.7758002638816833,0.22419973611831664,1843
0.5944995403289794,0.4055004417896271,13825
0.4707807660102844,0.5292192161083221,56962
0.28008465766906737,0.7199153423309326,68953
0.3980611443519592,0.6019388318061829,32000
0.6542311072349548,0.3457688748836517,59293
0.059840718656778334,0.940159273147583,38708
0.8597131848335267,0.1402868315577507,66985
0.5854295253753662,0.41457049250602723,48290
0.8545658469200135,0.14543417990207672,58473
0.20025395452976227,0.7997460722923279,16867
0.5805306911468506,0.4194693148136139,41670
0.2987929105758667,0.7012071013450623,41072
0.6239482760429382,0.3760517179965973,66420
0.6834622740745544,0.3165377378463745,14120
0.7888981938362122,0.21110179424285888,41808
0.6820441007614135,0.31795588731765745,69089
0.5793892502784729,0.42061076164245603,63339
0.8873929023742676,0.11260711699724198,42244
0.4016307950019836,0.5983692049980164,60256
0.6312875747680664,0.36871243715286256,47437
0.4795669198036194,0.5204331040382385,64398
0.4850121378898621,0.5149878799915314,42613
0.7652342200279236,0.23476580083370208,45041
0.38113006949424744,0.6188699245452881,21364
0.7458427667617797,0.2541572332382202,29134
0.3238247364759445,0.6761752486228942,31691
0.411284464597702,0.5887155532836914,52457
0.8027624726295471,0.1972375363111496,25375
0.7304789423942566,0.26952105164527895,11363
0.39766226410865785,0.6023377060890198,31578
0.32517572641372683,0.6748242735862732,51420
0.6267034888267518,0.3732965350151062,6686
0.787757134437561,0.21224287748336793,32534
0.43377625942230225,0.5662237405776978,26201
0.6724473595619201,0.32755263447761535,30225
0.6851512312889099,0.3148487746715546,57026
0.23323674499988556,0.7667632579803467,35406
0.7471262216567993,0.25287377238273623,38535
0.44773120284080503,0.5522688031196594,56291
0.782373309135437,0.217626690864563,71457
0.3530340313911438,0.6469659686088562,5876
0.5771710276603699,0.4228289484977722,14593
0.6752317905426025,0.3247682094573975,61292
0.17253323197364806,0.8274667978286743,64904
0.6837526798248291,0.3162473142147064,66350
0.8172396063804627,0.1827604055404663,5763
0.4638322591781616,0.5361677050590515,2115
0.7092066884040833,0.2907933384180069,32486
0.45212958455085756,0.5478704094886779,2190
0.7692694306373596,0.23073056638240813,68681
0.4079585254192352,0.5920415043830871,46595
0.5950885653495789,0.4049114525318146,20714
0.7450991630554199,0.25490082800388336,72537
0.8496739983558654,0.1503260165452957,62119
0.4397746503353119,0.5602253317832947,71687
0.23189939856529235,0.7681006073951722,39198
0.5828654646873475,0.4171345293521881,64664
0.38054888844490053,0.6194511294364929,61180
0.5212761342525483,0.4787238657474518,74013
0.7265642404556274,0.27343577444553374,10698
0.7034210681915283,0.2965789377689362,10093
0.7077345132827759,0.2922654956579208,46471
0.7475989937782288,0.2524009943008423,58081
0.10203731805086136,0.8979626893997192,19697
0.4784091830253601,0.5215908527374268,35308
0.6488649725914002,0.3511350452899933,54489
0.4169560432434082,0.5830439686775207,7145
0.400998055934906,0.5990019083023072,56338
0.8611733198165894,0.13882669806480408,72683
0.6893288254737854,0.3106711685657501,69952
0.3231873393058777,0.6768126606941223,37594
0.743197762966156,0.25680218935012816,9023
0.386783367395401,0.6132166266441346,10894
0.8507912278175354,0.14920878261327744,14994
0.7327460050582886,0.2672539860010147,11089
0.2670309841632843,0.7329689979553222,43581
0.6196824729442596,0.38031752705574035,15997
0.3275247097015381,0.6724752902984619,30234
0.887074327468872,0.1129256933927536,16914
0.5082208335399627,0.49177915453910825,26547
0.8188746213912964,0.18112537860870362,21547
0.5199940919876098,0.48000590205192567,50779
0.4886385679244995,0.5113614499568939,55396
0.834305202960968,0.16569478809833527,47360
0.4606276273727417,0.5393723726272583,59405
0.7391446232795715,0.2608553469181061,60358
0.8051534533500672,0.19484653174877167,2010
0.41010168194770813,0.5898983120918274,59144
0.30796139538288114,0.692038607597351,60885
0.8648178696632385,0.1351821467280388,27802
0.7012508630752563,0.29874915480613706,41958
0.710096800327301,0.2899031937122345,64327
0.2052947074174881,0.7947052717208862,58254
0.6037088990211487,0.3962910890579224,55248
0.5404565870761872,0.45954341888427735,26787
0.7332902669906616,0.2667097359895706,8749
0.6462483525276184,0.3537516415119171,43892
0.5341988325119018,0.46580116748809813,56267
0.2592617034912109,0.740738308429718,19243
0.360605788230896,0.639394211769104,37338
0.8406416654586792,0.159358349442482,24923
0.30304389595985415,0.6969560861587525,54173
0.5717767834663391,0.4282232165336609,44430
0.66353919506073,0.3364608108997345,50667
0.05699571669101715,0.9430042982101441,10154
0.5767439842224121,0.42325601577758787,22938
0.7863806366920472,0.21361937522888183,67330
0.15304388701915742,0.8469561100006103,7417
0.08180994093418122,0.918190062046051,74434
0.6301938772201539,0.3698061406612396,59291
0.4129482746124268,0.5870517253875732,17013
0.09430131763219833,0.9056986808776856,21219
0.7896575331687927,0.21034245789051056,74274
0.6233313918113709,0.37666860818862913,46721
0.5532128691673279,0.4467871129512787,66714
0.3449219524860382,0.6550780415534974,36501
0.10901012420654296,0.8909898519515991,6371
0.2077718496322632,0.7922281742095947,30790
0.5401987671852112,0.4598012328147888,51709
0.19266176521778106,0.8073382139205932,10263
0.11653912216424941,0.8834608554840088,40477
0.7033906817436218,0.2966093420982361,20764
0.6074180841445923,0.39258189797401427,53061
0.21012456119060516,0.7898754358291626,40305
0.8745584130287171,0.12544154077768327,59316
0.3278951823711395,0.672104811668396,9264
0.9206107378005981,0.07938927412033081,41268
0.5855517148971557,0.4144482731819153,16613
0.6237027406692505,0.3762972354888916,30577
0.8298590660095215,0.17014090716838837,20804
0.6897789359092712,0.3102210879325867,59795
0.5116314768791199,0.48836851119995117,54840
0.17218986749649048,0.8278101086616516,11456
0.8740180253982544,0.1259819597005844,18035
0.529154223203659,0.47084574699401854,3508
0.6212080955505371,0.378791880607605,18140
0.9138917088508606,0.0861082762479782,35809
0.30025053322315215,0.6997494578361512,11857
0.16383708715438844,0.8361629128456116,38456
0.7341227650642395,0.2658772379159927,40293
0.6131249666213989,0.3868750274181366,20625
0.10080644637346267,0.8991935610771179,29822
0.5484943628311157,0.4515056490898132,1575
0.5366551518440247,0.4633448362350464,38428
0.3012352228164673,0.6987647771835327,13718
0.6842854738235473,0.3157145261764526,19373
0.44366219639778137,0.5563377857208252,47163
0.15653323978185654,0.8434667587280273,40730
0.6537410259246826,0.3462589681148529,63407
0.40594327449798584,0.5940567135810852,35165
0.6326813697814941,0.3673186540603638,72188
0.26155964434146883,0.7384403586387634,4067
0.5737529456615448,0.4262470602989197,25078
0.8248271942138672,0.17517277896404265,15057
0.40565823912620547,0.594341778755188,22573
0.6048555195331573,0.39514449834823606,37943
0.757858681678772,0.2421413242816925,64895
0.30279877185821535,0.6972012519836426,14645
0.26238259971141814,0.7376174211502076,31869
0.4590578317642212,0.5409421503543854,46788
0.8711079597473145,0.1288920298218727,28878
0.9397061705589295,0.060293841361999514,65081
0.271135413646698,0.7288645744323731,48879
0.4735398590564728,0.5264601349830628,31928
0.17964458763599395,0.8203554153442383,789
0.9118193030357361,0.08818071484565734,19265
0.7446483492851257,0.2553516387939453,32673
0.8131168961524964,0.186883145570755,59902
0.881300437450409,0.11869957596063614,46635
0.4574438989162445,0.542556083202362,5983
0.4473897576332092,0.552610206604004,213
0.6507212400436402,0.34927876591682433,2300
0.3370856583118439,0.6629143476486206,30674
0.3955546498298645,0.6044453263282776,12594
0.6702428102493286,0.32975718975067136,45756
0.1709532171487808,0.8290467977523803,35464
0.6522111892700195,0.34778882265090943,73061
0.503895390033722,0.4961046040058136,40105
0.6710535645484924,0.32894644141197205,44925
0.2620421379804611,0.7379578709602356,31695
0.5926956415176392,0.4073043644428253,3293
0.4426797091960907,0.5573202610015869,15816
0.9339833617210388,0.06601663827896118,29046
0.41384256482124326,0.5861574292182923,22922
0.273661932349205,0.7263380527496338,40692
0.2997337281703949,0.7002662777900696,17824
0.7487248063087464,0.2512751966714859,36331
0.5074511766433716,0.49254884719848635,1036
0.6727611422538757,0.3272388756275177,3081
0.2770634084939957,0.7229365706443787,16225
0.18575769066810607,0.8142423033714294,55456
0.7534683465957641,0.24653167724609376,27659
0.854445219039917,0.14555478990077972,51065
0.35321826934814454,0.6467817425727844,24981
0.7466703891754151,0.2533296436071396,66508
0.5982206583023071,0.4017793655395508,49907
0.1507699966430664,0.8492299914360046,70443
0.15801240205764772,0.8419875860214233,52748
0.1747705191373825,0.8252294898033142,60437
0.14115570336580277,0.8588443160057068,48144
0.2462940663099289,0.7537059307098388,63790
0.9158673167228699,0.08413268402218818,69148
0.2474912315607071,0.7525087714195251,40416
0.40697712898254396,0.5930229067802429,12441
0.5549420118331909,0.44505800008773805,36615
0.32760830521583556,0.672391700744629,59884
0.789271891117096,0.21072810888290405,59832
0.3657489538192749,0.6342510461807251,7480
0.3269017904996872,0.6730982184410095,62697
0.721125853061676,0.27887414693832396,13814
0.581525731086731,0.418474280834198,30228
0.5800105214118958,0.41998947858810426,36041
0.6591586351394654,0.34084137082099913,10183
0.6880253672599792,0.3119746267795563,72145
0.5664881587028503,0.43351184725761416,64678
0.8472015619277954,0.15279844403266907,41157
0.7650610327720642,0.23493898808956146,46891
0.7960183024406433,0.20398169457912446,58187
0.4785457193851471,0.5214542865753173,268
0.7202707409858704,0.27972927689552307,9799
0.4013799071311951,0.598620080947876,15138
0.5209227561950683,0.47907724380493166,67584
0.7086533188819886,0.2913467109203339,29780
0.40525569319725036,0.5947443008422851,821
0.909796667098999,0.09020336568355561,18360
0.47385703325271605,0.5261429667472839,23176
0.4177368998527527,0.5822630882263183,9106
0.5920287013053894,0.40797131657600405,60593
0.5276709198951721,0.4723290801048279,44969
0.5352432489395141,0.4647567331790924,31381
0.5123156726360321,0.4876843154430389,26314
0.47767579555511475,0.5223241984844208,73547
0.71117604970932,0.2888239502906799,41807
0.6723044753074646,0.3276955485343933,49019
0.8346054553985596,0.1653945192694664,29008
0.5058333456516266,0.49416667222976685,12601
0.6172842621803284,0.3827157258987427,45447
0.44712581634521487,0.5528741717338562,7706
0.8520946621894836,0.1479053318500519,2687
0.299716991186142,0.7002830266952514,63781
0.10880882441997528,0.8911912083625794,69681
0.31503385305404663,0.6849661469459534,63684
0.804221248626709,0.19577875435352327,44938
0.8306591749191284,0.1693408250808716,11374
0.6911450386047363,0.3088549613952637,58184
0.3942125141620636,0.6057874917984009,60071
0.7383058190345764,0.26169420778751373,721
0.3475838601589203,0.6524161100387573,15500
0.45159125328063965,0.5484087526798248,43377
0.23397221565246581,0.7660277843475342,47881
0.6555597901344299,0.34444020688533783,16531
0.9482871174812317,0.05171288847923279,11297
0.6687671422958374,0.3312328577041626,32998
0.4502588212490082,0.5497411787509918,8910
0.2774651050567627,0.7225348711013794,20603
0.2550918459892273,0.7449081420898438,14362
0.22691220939159393,0.7730877995491028,29388
0.8210251212120057,0.1789748877286911,73337
0.14528952836990355,0.8547104477882386,52898
0.23634653091430663,0.7636534690856933,57753
0.8435017466545105,0.15649827420711518,50066
0.21250765919685363,0.7874923348426819,22614
0.12323070019483566,0.8767693042755127,38598
0.4984409034252167,0.5015591025352478,59806
0.8603766202926636,0.13962338417768477,11996
0.4991002559661865,0.5008997678756714,36071
0.77966468334198,0.22033532857894897,58004
0.6030264735221863,0.3969734847545624,38644
0.20587297081947326,0.7941270232200622,46774
0.3397053718566895,0.6602946400642395,44535
0.45741707682609556,0.54258291721344,42287
0.5775770664215087,0.42242294549942017,64079
0.7669682383537293,0.23303177952766418,22546
0.6207153797149658,0.37928465008735657,18394
0.5701892495155334,0.42981075644493105,5987
0.23986773788928986,0.7601322650909423,54113
0.8266652226448059,0.17333477437496186,12937
0.6918686032295227,0.30813139081001284,50275
0.6473977327346802,0.35260226726531985,9009
0.2664152324199677,0.7335847973823547,9452
0.15970510244369507,0.8402948975563049,7980
0.20678589940071107,0.7932140946388244,39475
0.713413655757904,0.28658634424209595,62466
0.5734172463417053,0.42658276557922364,28043
0.46772136092185973,0.5322786509990692,24665
0.5000801086425781,0.4999199092388153,68937
0.4372995376586914,0.5627004623413085,28108
0.6297260046005249,0.37027400732040405,50162
0.1956488758325577,0.8043511033058166,33357
0.47916566729545595,0.5208343267440796,19736
0.557600998878479,0.442399001121521,32170
0.9514114379882812,0.04858857840299606,48186
0.4691009819507599,0.530899029970169,28462
0.26920610666275024,0.7307938814163208,67665
0.6115111231803894,0.38848887085914613,24889
0.2595250725746155,0.7404749155044555,6480
0.44196680188179016,0.5580331683158875,19569
0.6934516310691834,0.3065483570098877,21982
0.6059522509574891,0.394047749042511,18201
0.24455307722091674,0.7554469108581543,35135
0.2764450043439865,0.7235550284385681,46400
0.8260377764701843,0.1739622175693512,34825
0.20758373737335206,0.792416250705719,34908
0.5308149635791779,0.46918503642082215,54476
0.6922927975654602,0.3077071726322174,61797
0.5844091534614563,0.4155908703804016,56011
0.8453737258911133,0.1546262562274933,31244
0.8166016101837158,0.18339842557907104,9310
0.39533591866493223,0.6046640634536743,4423
0.6339981198310852,0.3660019040107727,13288
0.5794873476028443,0.42051262259483335,10475
0.450592452287674,0.5494075357913971,64434
0.4856813192367554,0.5143186688423157,46873
0.4530055642127991,0.5469944179058075,47782
0.18150927126407623,0.8184907078742981,42410
0.1220148354768753,0.877985155582428,4080
0.6452168226242065,0.3547831535339355,43346
0.6538575053215027,0.3461424887180328,62182
0.6052647709846497,0.39473519921302797,51559
0.8712456226348877,0.12875441014766692,56107
0.3347871840000153,0.6652128219604492,972
0.5828042387962341,0.4171957731246948,24180
0.8294769525527954,0.17052306234836578,18046
0.4325308263301849,0.5674691796302795,3800
0.598277497291565,0.40172250270843507,42075
0.44622103571891786,0.5537789404392243,12308
0.6652130961418152,0.3347869277000427,72081
0.46927101612091066,0.5307289779186248,55283
0.5211186230182647,0.47888137102127076,37544
0.18611179292201996,0.8138882040977478,62927
0.25117712914943696,0.7488229036331177,12039
0.6056852579116822,0.3943147361278534,46566
0.42946653962135317,0.5705334663391113,56710
0.1886632651090622,0.8113367080688476,18850
0.06842974722385406,0.9315702319145203,5346
0.5818984985351563,0.4181015133857727,62388
0.22131787240505219,0.7786821126937866,57684
0.09582308381795883,0.9041768908500671,51719
0.44844074845314025,0.5515592336654663,55822
0.8672502398490906,0.13274975568056108,25409
0.8171048879623413,0.18289512991905213,39700
0.5086049020290375,0.4913951098918915,53372
0.6567244172096253,0.34327558875083924,42932
0.8375838398933411,0.16241616308689116,58237
0.8271010994911194,0.17289888560771943,25828
0.4215197622776031,0.5784802317619324,22631
0.8599615335464478,0.14003849327564238,23924
0.4971523880958557,0.5028476178646087,45670
0.5730044126510621,0.42699556350708007,30863
0.6606116175651551,0.339388382434845,30961
0.5555671751499176,0.44443281292915343,41456
0.36198678612709045,0.6380132079124451,34943
0.7305053830146789,0.2694946229457855,51184
0.47891533374786377,0.5210846602916718,64899
0.5948129057884216,0.4051870763301849,16538
0.8021867632865906,0.1978132575750351,24053
0.37386330366134646,0.6261367082595826,15786
0.6131636381149292,0.38683634996414185,10584
0.48286316394805906,0.5171368241310119,61151
0.62970370054245,0.370296311378479,42454
0.44640703201293946,0.5535929799079895,35833
0.5667001485824585,0.43329985737800597,22819
0.3858712434768677,0.6141287684440613,1697
0.5790929079055787,0.42090709805488585,32623
0.5036969423294068,0.4963030517101288,59309
0.6180039882659912,0.3819960057735443,14544
0.40117769241333007,0.5988223373889923,10853
0.1508353278040886,0.8491646885871887,37772
0.5948334157466888,0.4051666080951691,63969
0.5875581741333008,0.41244186758995055,43134
0.7766152620315552,0.2233847439289093,73759
0.6741392612457275,0.3258607566356659,14230
0.6012222647666932,0.3987777590751648,54959
0.16591071784496308,0.8340892672538758,73139
0.8586833238601684,0.1413166865706444,69508
0.41647751331329347,0.5835224628448487,10103
0.7950336337089539,0.20496636033058166,66211
0.18838863968849182,0.8116113781929016,54230
0.678874397277832,0.3211256146430969,45744
0.05379470884799957,0.9462052822113037,1004
0.8890740633010864,0.11092590838670731,8709
0.7988996624946594,0.20110032558441163,35349
0.27644453644752504,0.7235554814338684,66473
0.08305084109306335,0.916949188709259,38995
0.8185112357139588,0.1814887434244156,30297
0.3175938963890076,0.6824061036109924,33185
0.656130599975586,0.34386940598487853,48790
0.5417097568511963,0.45829025506973264,35310
0.1318736657500267,0.868126368522644,42954
0.7071787357330322,0.29282126426696775,3621
0.6257603764533997,0.3742396593093872,57759
0.6563231468200683,0.3436768472194672,14607
0.6085489511489868,0.39145106077194214,41229
0.45994035005569456,0.5400596499443054,6202
0.38489786386489866,0.6151021480560303,40698
0.888229238986969,0.11177076697349549,60252
0.5842189908027648,0.41578099727630613,14188
0.30343614518642426,0.6965638518333435,66379
0.28506181836128236,0.7149381637573242,59069
0.32777110636234286,0.6722288966178894,37319
0.380737167596817,0.6192628264427185,27675
0.50986567735672,0.49013432264328005,4161
0.242752280831337,0.7572476983070373,43960
0.20128511190414428,0.7987148761749268,55794
0.5795640707015991,0.4204359233379364,65170
0.6967906355857849,0.3032093644142151,60193
0.2050674468278885,0.7949325561523437,50553
0.6100374341011048,0.3899625837802887,38592
0.3114171355962753,0.6885828614234925,20396
0.0837195172905922,0.916280460357666,59600
0.4522502303123474,0.5477497696876525,46499
0.47810491919517517,0.521895045042038,57089
0.4255998253822327,0.5744001746177674,47812
0.3600664436817169,0.6399335384368896,63648
0.8284064054489135,0.17159360647201538,2772
0.488990318775177,0.5110096871852875,65507
0.3035107910633087,0.6964891791343689,44614
0.8172538757324219,0.18274614810943604,5555
0.5130009710788727,0.48699902296066283,5257
0.658026146888733,0.34197384119033813,40231
0.8588513731956482,0.1411486029624939,69034
0.19143061935901642,0.8085694313049316,43777
0.8332409501075745,0.16675904393196106,62071
0.72388254404068,0.27611747682094573,51672
0.36534631848335264,0.6346536755561829,10435
0.7536290049552917,0.24637099504470825,36985
0.5642846882343292,0.4357153058052063,39557
0.2226482003927231,0.7773518085479736,45934
0.42563597559928895,0.5743639826774597,10926
0.7834876656532288,0.21651229560375213,5717
0.3076673448085785,0.692332649230957,58042
0.24468042254447936,0.7553195714950561,44481
0.45718504786491393,0.5428149580955506,50400
0.5109607934951782,0.48903921246528625,19708
0.6142431497573853,0.3857568323612213,48494
0.503794527053833,0.4962054431438446,38114
0.19646451473236085,0.8035354852676392,70358
0.5004408121109009,0.49955918788909914,33414
0.3039178967475891,0.6960820913314819,57775
0.3906594514846802,0.6093405365943909,40625
0.7685213685035706,0.23147863745689393,69999
0.5895620346069336,0.41043795347213746,43742
0.6623370170593261,0.33766300082206724,74093
0.24068920612335204,0.759310781955719,62532
0.5124632716178894,0.487536746263504,10743
0.3822327256202698,0.6177672863006591,49828
0.4441975295543671,0.5558024525642395,14238
0.7839199066162109,0.2160801410675049,21714
0.4845290660858154,0.515470951795578,39813
0.8915572762489319,0.10844272524118423,28502
0.37510191202163695,0.624898087978363,72163
0.39141923785209654,0.60858074426651,47582
0.6464828968048095,0.35351710915565493,52920
0.17990567088127135,0.82009437084198,58417
0.5446734309196473,0.45532655715942383,21103
0.649190092086792,0.35080990195274353,2731
0.43698112964630126,0.5630188226699829,44587
0.2552761763334274,0.7447238206863404,60002
0.10472079515457153,0.8952792048454284,60467
0.6785419583320618,0.3214580357074738,35318
0.5225559771060944,0.47744404673576357,38422
0.6983816742897033,0.30161831378936765,58246
0.23823730647563934,0.7617627024650574,57302
0.45141671895980834,0.5485832810401916,19410
0.09763370156288147,0.902366304397583,64140
0.42455717325210574,0.5754428386688233,32321
0.6605483412742614,0.33945165276527406,68272
0.49248242378234863,0.5075175642967225,29415
0.26673813760280607,0.7332618594169616,9198
0.8224214434623718,0.17757857143878936,20850
0.27591795921325685,0.7240820288658142,64663
0.46551690101623533,0.5344830751419067,47961
0.17035719454288484,0.8296428084373474,14722
0.6939957857131958,0.3060041904449463,52388
0.22565041184425355,0.774349594116211,38822
0.7203554034233093,0.27964461147785186,6060
0.7656874537467957,0.2343125581741333,37671
0.7832652688026428,0.21673472821712494,907
0.8422381758689881,0.1577618271112442,9574
0.3015537619590759,0.6984462380409241,55232
0.14122966825962066,0.8587703466415405,33266
0.337188321352005,0.6628116726875305,58238
0.18123302161693572,0.818766975402832,68238
0.6977845072746277,0.30221547186374664,71445
0.7647928833961487,0.23520710170269013,17915
0.22647557854652406,0.7735244274139405,22757
0.4162428915500641,0.583757096529007,28873
0.41463215947151183,0.5853678226470947,68727
0.23379138112068176,0.7662086009979248,71281
0.7243673920631408,0.27563261687755586,38692
0.5913161039352417,0.4086838781833649,25809
0.5397196471691131,0.46028037667274474,51975
0.7568933486938476,0.2431066781282425,18738
0.11909210681915283,0.8809079051017761,57420
0.3542012095451355,0.6457987785339355,16811
0.5390292823314666,0.4609707176685333,47805
0.20003315508365632,0.799966824054718,56082
0.5725386619567872,0.4274613320827484,60291
0.766545295715332,0.23345470428466797,944
0.4114833354949951,0.5885166585445404,69663
0.5298646807670593,0.4701353251934052,24671
0.4254251718521118,0.5745748162269593,70560
0.5662825226783752,0.43371747732162474,74385
0.7846771001815795,0.21532290279865265,65021
0.5363346934318542,0.4636652946472168,53409
0.2589466869831085,0.741053307056427,42229
0.5443399548530579,0.4556600391864777,70635
0.16442977488040925,0.8355702519416809,19779
0.8702907919883728,0.12970921099185945,47427
0.7014235138893128,0.2985764920711517,70792
0.8982668876647949,0.10173312574625015,45674
0.8060261368751526,0.19397388100624086,903
0.8668269753456116,0.13317302614450455,62267
0.46181325912475585,0.5381867110729217,22383
0.41917744278907776,0.5808225512504578,66791
0.5325439214706421,0.4674561083316803,59051
0.6926180720329285,0.30738192796707153,5087
0.38550058007240295,0.6144994258880615,73966
0.4906797707080841,0.5093202233314514,71646
0.24080340266227723,0.7591966271400452,33113
0.8272199511528016,0.17278003692626953,35649
0.4882568597793579,0.5117431700229644,36200
0.7421881318092346,0.2578118503093719,37523
0.9237173318862915,0.07628269642591476,39377
0.9269622683525085,0.07303773760795593,30852
0.6818863034248352,0.31811365485191345,18807
0.4934587895870209,0.5065412223339081,57780
0.5680344998836517,0.4319654941558838,27027
0.45336320996284485,0.5466368079185486,16987
0.26606319546699525,0.7339368104934693,68939
0.4669005751609802,0.5330994248390197,48996
0.7737286806106567,0.2262713074684143,2287
0.13080379515886306,0.8691962003707886,59059
0.610499358177185,0.3895006477832794,66490
0.5111881017684936,0.48881188631057737,28837
0.6783963680267334,0.3216036379337311,50354
0.8159656524658203,0.184034326672554,40449
0.3878398001194,0.6121601998806,20398
0.4268289804458618,0.5731710076332093,8389
0.7413788676261902,0.2586211532354355,19967
0.4178791880607605,0.5821208357810974,63183
0.26899453103542326,0.7310054779052735,26514
0.743562638759613,0.2564373344182968,29110
0.509753692150116,0.49024627208709715,46386
0.5704601526260376,0.42953985929489136,62117
0.28076920211315154,0.7192308306694031,48280
0.5227353990077972,0.4772645950317383,41494
0.5630268335342408,0.4369731545448303,5605
0.31556967496871946,0.6844303250312805,64143
0.38934393525123595,0.6106560587882995,1825
0.2167869746685028,0.7832130312919616,14947
0.8861574292182922,0.11384258419275284,46621
0.232918843626976,0.7670811533927917,12554
0.2907835304737091,0.7092164635658265,62338
0.6414342999458313,0.3585657238960266,43515
0.5130788743495941,0.48692113161087036,30673
0.5531811654567719,0.44681881070137025,26680
0.439570152759552,0.560429847240448,50450
0.6896293044090271,0.3103706955909729,28136
0.5310664236545563,0.46893357634544375,69175
0.6558114647865295,0.344188517332077,14014
0.5657776653766632,0.43422231674194334,54059
0.6068069934844971,0.3931930184364319,19316
0.7082903504371643,0.29170963168144226,57578
0.7958860278129578,0.20411397218704225,28627
0.1192748948931694,0.8807251214981079,72971
0.5734288334846497,0.4265711545944214,62054
0.8307851552963257,0.16921484470367432,28495
0.3636354088783264,0.6363646030426026,45405
0.6709991216659545,0.3290008544921875,59631
0.2309320628643036,0.769067931175232,47528
0.2239313840866089,0.7760686159133912,14849
0.12264767289161682,0.8773523211479187,5131
0.7727961659431457,0.227203831076622,70711
0.5842590808868409,0.4157409191131592,65382
0.6530195236206054,0.3469804525375366,71417
0.5586962759494781,0.44130371809005736,65892
0.7472880482673645,0.2527119517326355,31781
0.09890385121107101,0.9010961532592774,61602
0.3657759249210358,0.6342240571975708,67583
0.5425166487693787,0.45748335123062134,3426
0.5468768894672393,0.4531230807304382,3058
0.2606357544660568,0.7393642544746399,8154
0.6421129822731018,0.3578870058059692,24066
0.29427030086517336,0.7057297110557557,66948
0.2716290980577469,0.7283709049224854,69209
0.582086730003357,0.41791329383850095,56108
0.3391997218132019,0.660800290107727,63162
0.16510867178440095,0.8348913550376892,54928
0.6718627333641052,0.32813730239868166,15062
0.22773055136203765,0.7722694396972656,59502
0.5223477363586426,0.4776522696018219,16608
0.471279639005661,0.5287204027175904,15147
0.3437679648399353,0.6562320232391358,30283
0.6177784919738769,0.38222152590751646,28311
0.586898398399353,0.4131016254425049,28073
0.44153319001197816,0.5584668159484864,56696
0.8661280035972595,0.133871953189373,73141
0.6818032503128052,0.3181967318058014,39183
0.12153132110834122,0.878468656539917,4071
0.16114600747823715,0.8388539671897888,50106
0.7089357972145081,0.2910641968250275,44641
0.49604855179786683,0.5039514541625977,14734
0.8794399261474609,0.12056010663509369,67557
0.690909457206726,0.30909056067466734,73203
0.6656046628952026,0.3343953788280487,74051
0.12864799797534943,0.8713519930839538,5792
0.557105541229248,0.4428944945335388,13292
0.9412137508392334,0.058786258846521375,51558
0.717883288860321,0.2821167081594467,4511
0.6594701886177063,0.34052981734275817,9249
0.09222818613052368,0.9077718138694764,1831
0.539874792098999,0.4601251780986786,60497
0.3818976223468781,0.6181023716926575,55229
0.23688319325447083,0.7631168246269227,39115
0.4635903239250183,0.5364096760749817,65008
0.4564561367034912,0.5435438811779022,35715
0.6936856508255005,0.30631432831287386,56923
0.1566402554512024,0.8433597207069397,21822
0.5117467403411865,0.4882532596588135,66731
0.24347385466098787,0.7565261244773864,27358
0.682251763343811,0.31774824261665346,45619
0.6206906199455261,0.3793093919754028,275
0.7837965369224549,0.21620346307754518,39290
0.16518319249153138,0.8348168015480042,15360
0.9341197490692139,0.06588025540113449,29350
0.745511281490326,0.2544887214899063,9580
0.6812069654464722,0.3187930464744568,31400
0.3677850663661957,0.6322149395942688,67302
0.38189778923988343,0.6181021928787231,54514
0.8602487921714783,0.13975120782852174,29154
0.2873243600130081,0.7126756310462952,36659
0.4835998237133026,0.5164001822471619,62534
0.7905920505523681,0.2094079375267029,50539
0.8722301483154297,0.1277698442339897,2969
0.6565216302871704,0.3434783577919006,32392
0.16245847940444946,0.8375415444374085,7744
0.5616174221038819,0.4383825659751892,68648
0.4030043840408325,0.5969956159591675,16344
0.8881210923194885,0.11187889724969864,62406
0.5558113694190979,0.44418861865997317,11542
0.3589885592460632,0.6410114169120789,30305
0.314982932806015,0.6850170731544495,7041
0.09065555185079574,0.9093444585800171,13703
0.904982590675354,0.0950174167752266,19274
0.366396376490593,0.6336036205291748,1765
0.13995084017515183,0.8600491404533386,458
0.5783238530158996,0.42167614698410033,16387
0.3509758710861206,0.6490241527557373,49508
0.6764009118080139,0.3235990941524506,5924
0.45317901372909547,0.5468209743499756,35670
0.8285671591758728,0.1714328110218048,52085
0.44697741866111756,0.5530225515365601,14316
0.6365761637687684,0.3634238362312317,29823
0.06672564074397087,0.9332743406295776,63758
0.5055492222309113,0.4944508135318756,21272
0.2724327057600021,0.7275672912597656,67854
0.2646207958459854,0.7353792071342469,445
0.0876410186290741,0.9123589992523193,18925
0.2046630173921585,0.7953369736671447,74117
0.38749930262565613,0.6125007033348083,67878
0.8961603164672851,0.1038396880030632,45662
0.2271089106798172,0.7728911161422729,14255
0.3496237277984619,0.6503762602806091,32454
0.38189091086387633,0.6181091070175171,25568
0.807682478427887,0.19231752157211304,43180
0.8877570986747741,0.11224290281534195,21730
0.8464146733283997,0.153585347533226,10931
0.6027420639991761,0.397257936000824,11516
0.5852497458457947,0.41475027799606323,21318
0.31105183660984037,0.6889481663703918,56302
0.553465050458908,0.44653492569923403,16137
0.612794017791748,0.38720597624778746,65157
0.6744836926460266,0.3255163013935089,32337
0.46997070908546446,0.530029296875,37763
0.5412699699401855,0.45873003005981444,55434
0.5883154392242431,0.41168458461761476,54992
0.7199210882186889,0.2800789177417755,57903
0.6113778114318847,0.38862218856811526,67797
0.7388601303100586,0.26113984286785125,34242
0.7074837565422059,0.29251627922058104,74199
0.5587798774242401,0.44122010469436646,2783
0.08457224145531654,0.9154277443885803,10308
0.47559612393379214,0.5244038522243499,31930
0.7463818430900574,0.2536181390285492,55683
0.6071747779846192,0.39282522797584535,40046
0.6459017395973206,0.354098254442215,760
0.5691802084445954,0.4308197796344757,70347
0.5484600067138672,0.4515399634838104,39325
0.3145807504653931,0.685419249534607,30720
0.2525114595890045,0.7474885582923889,45031
0.9420569539070129,0.05794306546449661,71652
0.7653889060020447,0.23461111783981323,72792
0.5243449687957764,0.4756550192832947,69160
0.2845314532518387,0.7154685497283936,40351
0.14904256761074067,0.8509574294090271,29478
0.327448970079422,0.6725510597229004,8469
0.5011951446533203,0.4988048315048218,11790
0.8561301231384277,0.14386988878250123,58295
0.23704305589199065,0.762956953048706,52215
0.10470414459705353,0.8952958583831787,57756
0.6627593755722045,0.33724061846733094,50087
0.8020266532897949,0.19797331988811492,5071
0.43670826554298403,0.5632917523384094,26004
0.6549406170845031,0.34505937695503236,12083
0.9051718950271607,0.09482809603214264,20808
0.2097747504711151,0.7902252554893494,13553
0.7037823319435119,0.29621766209602357,45598
0.7578107953071594,0.242189222574234,15102
0.4435241997241974,0.556475830078125,38396
0.2567567974328995,0.7432432174682617,27966
0.4655687153339386,0.534431266784668,21545
0.5404518842697144,0.45954813361167907,13805
0.2734332501888275,0.726566743850708,4156
0.612950611114502,0.3870494067668915,20781
0.18842755556106566,0.8115724563598633,13038
0.6924307465553283,0.30756926238536836,5492
0.47067036032676696,0.5293296277523041,15622
0.4751505196094513,0.5248494803905487,47507
0.4993977427482605,0.5006022751331329,43125
0.28061299324035643,0.7193870067596435,50417
0.6968129396438598,0.3031870126724243,33186
0.5426019906997681,0.45739802718162537,21657
0.6749387502670288,0.3250612437725067,26477
0.8548749089241028,0.14512509256601333,51239
0.8832878112792969,0.11671216636896134,29148
0.08155849426984788,0.9184414982795716,38889
0.5717361271381378,0.4282638609409332,28514
0.6832694053649903,0.3167306035757065,51692
0.3382598578929901,0.6617401361465454,58501
0.7173278331756592,0.2826721787452698,13874
0.7599526524543763,0.2400473415851593,47495
0.8415177822113037,0.15848225653171538,71635
0.1394556477665901,0.8605443835258484,52512
0.2662370949983597,0.7337628722190856,12751
0.07846853733062745,0.9215314507484436,42169
0.6906341195106507,0.30936590433120725,46444
0.5259215533733368,0.47407843470573424,17383
0.6831847906112671,0.3168152153491974,63931
0.415889585018158,0.584110414981842,31989
0.7231101989746094,0.27688981890678405,42134
0.8521602869033813,0.14783973395824432,14337
0.12531369924545288,0.874686312675476,33359
0.4117741584777832,0.5882258534431457,73681
0.6415599346160888,0.3584400713443756,565
0.7024063348770142,0.29759368896484373,16130
0.8414315581321716,0.15856846421957016,64446
0.15878282934427262,0.8412172079086304,36062
0.8007243156433106,0.1992756962776184,42028
0.4715821802616119,0.528417831659317,11038
0.5203240513801575,0.4796759128570557,26259
0.6937607645988464,0.3062392473220825,71172
0.146212574839592,0.8537874102592469,13695
0.4160329818725586,0.5839670062065124,74412
0.6172019362449646,0.3827980637550354,47105
0.20267618000507354,0.7973238110542298,32030
0.8023000597953797,0.19769995510578156,8559
0.34848331809043886,0.6515167117118835,11551
0.37410564422607423,0.6258943438529968,11926
0.5196722865104675,0.4803277373313904,39802
0.6737629175186157,0.32623708844184873,55493
0.5966340780258179,0.40336592197418214,43108
0.7984592318534851,0.2015407770872116,19998
0.7036227464675904,0.29637725949287413,13392
0.4882073163986206,0.5117926836013794,52271
0.49295652508735655,0.5070434868335724,9147
0.48454118371009824,0.5154588162899018,33817
0.642715847492218,0.3572841346263885,23012
0.32530671954154966,0.6746932625770569,3065
0.4837536931037903,0.5162462890148163,25780
0.7710401296615601,0.22895986139774321,33267
0.45812220573425294,0.5418777823448181,8980
0.5607105851173401,0.43928945660591123,74007
0.5724323987960815,0.427567595243454,67773
0.7263917446136474,0.2736082494258881,28580
0.4409806728363037,0.5590193510055542,21611
0.8663061022758484,0.1336939141154289,52678
0.8668071031570435,0.1331929087638855,71847
0.762383782863617,0.2376162052154541,19313
0.5196736574172973,0.4803263545036316,27798
0.155961474776268,0.8440385222434997,71791
0.5136144101619721,0.4863856077194214,58512
0.8686848163604737,0.1313151776790619,57613
0.4818452835083008,0.5181546926498413,18442
0.6675646424293518,0.3324353575706482,380
0.3756787359714508,0.6243212819099426,50285
0.5840793967247009,0.4159205913543701,70446
0.8367337346076965,0.1632662907242775,28147
0.30299319624900817,0.6970067858695984,68870
0.6649872422218323,0.33501273989677427,42610
0.7549487352371216,0.24505127370357513,28151
0.7061712741851807,0.2938287049531937,31999
0.07188834100961686,0.9281116485595703,9376
0.25215412974357604,0.7478458642959595,39921
0.4294255435466766,0.5705744624137878,41694
0.6717431783676148,0.32825682163238523,22493
0.5067977547645569,0.4932022333145142,66185
0.579669988155365,0.42033002376556394,41820
0.2523949176073074,0.7476050853729248,33253
0.5708829522132873,0.4291170537471771,7291
0.8776882886886597,0.12231171876192093,10366
0.8790005803108215,0.12099940329790115,30543
0.33844029903411865,0.6615597128868103,48106
0.6352630257606506,0.36473692059516905,8162
0.48864794373512266,0.5113520503044129,48353
0.7079809546470642,0.2920190662145615,26349
0.3077529966831207,0.6922470331192017,26411
0.18934022188186644,0.8106597900390625,13507
0.3314819157123566,0.6685180902481079,31506
0.7733274340629578,0.22667255401611328,11950
0.9000010013580322,0.09999898374080658,2743
0.6793210625648498,0.3206789493560791,55247
0.6010241031646728,0.39897592067718507,56433
0.09614007472991944,0.9038599252700805,38927
0.14744597673416138,0.8525539994239807,19958
0.6977247476577759,0.30227527022361755,56728
0.6042728781700134,0.39572712779045105,181
0.9115213990211487,0.08847859054803849,19497
0.5243760883808136,0.47562387585639954,5327
0.8238542556762696,0.1761457860469818,55632
0.707115888595581,0.2928841322660446,49496
0.16858463883399963,0.831415331363678,52469
0.4098764479160309,0.5901235580444336,68053
0.22178903818130494,0.7782109618186951,52691
0.6032660245895386,0.3967340052127838,53573
0.7097593426704407,0.2902406632900238,51803
0.9123289942741394,0.08767099678516388,26511
0.1344223514199257,0.8655776619911194,14140
0.3659676253795624,0.6340323686599731,28293
0.7137308955192566,0.28626911640167235,56904
0.43678233623504636,0.5632176399230957,34006
0.20526053309440612,0.7947394609451294,17377
0.5000092685222626,0.4999907314777374,65935
0.6302047371864319,0.3697952628135681,26536
0.8033594727516175,0.19664053618907928,14314
0.883875596523285,0.11612439900636673,30177
0.9025202870368958,0.09747970551252365,67837
0.9278546690940856,0.07214534729719162,56141
0.7060813665390014,0.2939186245203018,49468
0.7151046872138977,0.2848952978849411,54440
0.48775437474250793,0.5122456312179565,17970
0.4496694028377533,0.5503305912017822,67686
0.1513868361711502,0.848613178730011,5429
0.33840133547782897,0.6615986585617065,31079
0.8626997709274292,0.1373002126812935,32101
0.4418386697769165,0.5581613421440125,29385
0.33846333622932434,0.6615366697311401,16578
0.19074537456035615,0.8092546343803406,38782
0.6394315719604492,0.3605684220790863,14697
0.8415123343467712,0.15848765075206755,59900
0.6326317548751831,0.3673682451248169,7990
0.7624957084655761,0.23750430047512056,49524
0.3793905317783356,0.6206094622612,24651
0.6662057161331176,0.3337942540645599,44748
0.39813666343688964,0.6018633008003235,9625
0.4433927595615387,0.5566072344779969,41924
0.3966245710849762,0.6033754348754883,5707
0.11189991682767868,0.8881000638008117,35473
0.63041011095047,0.36958988904953005,62340
0.20934676229953766,0.7906532287597656,52497
0.7893443584442139,0.21065565049648285,47516
0.4814378201961517,0.5185622036457062,4879
0.3854463517665863,0.6145536720752716,16581
0.6653571605682373,0.33464284539222716,59786
0.5937170624732971,0.4062829494476318,45145
0.42987048625946045,0.5701295018196106,43865
0.5572712182998657,0.44272878766059875,36832
0.21859747171401978,0.7814025163650513,43484
0.13951369971036912,0.8604863286018372,63128
0.1210864543914795,0.8789135575294494,67922
0.46951491832733155,0.530485087633133,58258
0.5969062805175781,0.40309369564056396,25201
0.5227428853511811,0.47725715637207033,41669
0.32202975153923036,0.6779702425003051,63326
0.5493964314460754,0.450603586435318,48161
0.21617114841938018,0.7838288307189941,26892
0.5693389892578125,0.4306610107421875,2781
0.8289405465126037,0.17105945348739623,42006
0.835194444656372,0.16480557024478912,34305
0.6727550387382507,0.32724493741989136,34008
0.45263668298721316,0.5473632991313935,1247
0.5505779147148132,0.4494220972061157,34039
0.9171560406684875,0.08284396827220916,20175
0.7996279478073121,0.2003720760345459,37059
0.3944935441017151,0.6055064678192139,73212
0.6224506974220276,0.37754927277565004,34645
0.5934143781661987,0.4065856099128723,51384
0.7728729367256164,0.22712708711624147,9999
0.7432729005813599,0.25672709941864014,3309
0.40876405239105223,0.5912359237670899,68108
0.3333898425102234,0.6666101336479187,63867
0.7995748877525329,0.20042510330677032,20561
0.3305172860622406,0.669482684135437,34629
0.663203489780426,0.33679649233818054,56871
0.48037572503089904,0.5196242570877075,26132
0.09474832117557526,0.9052516698837281,70043
0.8707756757736206,0.12922431230545045,57079
0.5113196790218353,0.4886803269386292,48933
0.48532689213752744,0.514673113822937,11300
0.36501857042312624,0.6349814057350158,73401
0.28514827191829684,0.714851713180542,9898
0.7218459486961365,0.2781540334224701,38987
0.7736063480377198,0.22639362514019012,36228
0.4816565990447998,0.5183434188365936,33020
0.5114108383655548,0.4885891854763031,41978
0.9411808252334595,0.05881916433572769,27293
0.6615712523460389,0.3384287416934967,2904
0.2756220459938049,0.7243779182434082,25435
0.7217719197273255,0.2782280683517456,72334
0.43689400553703306,0.5631059944629669,6838
0.6883923530578613,0.3116076588630676,71939
0.753558611869812,0.24644138514995576,6753
0.4773503065109253,0.5226496577262878,52998
0.19806365370750428,0.8019363284111023,48260
0.49966555237770083,0.5003344714641571,48783
0.114169941842556,0.8858300685882569,274
0.4098889231681824,0.5901110768318176,24033
0.8439012169837952,0.15609877854585646,33962
0.6002298831939697,0.39977009892463683,58560
0.841698408126831,0.15830158293247223,61543
0.7358142733573914,0.26418575644493103,60962
0.22990462481975554,0.7700953722000122,13589
0.5358484208583831,0.4641515851020813,66190
0.7567678332328797,0.2432321637868881,67030
0.37017688155174255,0.6298231363296509,54217
0.7619665503501892,0.23803346157073973,48695
0.20762467980384827,0.7923753142356873,33703
0.07480367124080659,0.9251963376998902,67001
0.5902305126190186,0.40976948142051695,49429
0.39446337819099425,0.6055366456508636,5883
0.08961831182241439,0.9103816747665405,5880
0.8401915788650512,0.15980840027332305,37156
0.43404669165611265,0.5659533023834229,71507
0.394960480928421,0.6050395488739013,37296
0.8082556962966919,0.19174430668354034,74272
0.7906730532646179,0.20932693779468536,45701
0.7679206252098083,0.2320793867111206,41180
0.77301584482193,0.2269841581583023,65959
0.8199428796768189,0.18005715012550355,35556
0.8406109571456909,0.15938905477523804,29305
0.5873138308525085,0.4126861870288849,43461
0.643921720981598,0.3560782790184021,52967
0.5238680958747863,0.47613189816474916,46305
0.7631004095077515,0.23689956665039064,68048
0.8856058239936828,0.11439417004585266,68225
0.26190764605998995,0.7380923151969909,67620
0.7626397371292114,0.23736026585102082,33099
0.15886841267347335,0.8411315679550171,2727
0.5157755792140961,0.48422445058822633,47527
0.6257635235786438,0.3742364704608917,69522
0.1058164656162262,0.8941835284233093,28162
0.6293023705482483,0.3706976354122162,42015
0.6403207778930664,0.35967923402786256,26678
0.8086712598800659,0.19132873713970183,42391
0.6182280302047729,0.38177194595336916,23624
0.2341527074575424,0.7658472895622254,64464
0.1744600236415863,0.8255399703979492,72594
0.5132826924324035,0.48671731948852537,67229
0.2120540887117386,0.7879459142684937,6624
0.6688503384590149,0.3311496555805206,10679
0.5715836405754089,0.42841637134552,39028
0.6622830510139466,0.3377169370651245,10446
0.7786555171012879,0.22134447991847991,28496
0.7352907657623291,0.2647092521190643,61965
0.8053731083869934,0.19462688863277436,21900
0.8248667240142822,0.17513326406478882,45283
0.3932521104812622,0.606747853755951,50492
0.812400507926941,0.18759949803352355,13280
0.11540936082601547,0.8845906138420105,31072
0.41139994859695433,0.5886000394821167,39547
0.6393573164939881,0.36064268946647643,27885
0.7136390686035157,0.28636090755462645,20336
0.286865708231926,0.7131342649459839,72912
0.39654037952423093,0.603459632396698,6820
0.4797209560871124,0.5202790260314941,19627
0.23930241763591767,0.7606975793838501,26324
0.27618602812290194,0.7238139867782593,53497
0.5044722020626068,0.49552775025367735,51343
0.7896608829498291,0.21033913791179656,8446
0.23866620361804963,0.7613337993621826,11895
0.6233931660652161,0.3766068458557129,25285
0.586940062046051,0.4130598962306976,62893
0.6448274254798889,0.3551725625991821,27926
0.5990259766578674,0.40097402930259707,37958
0.49814064502716066,0.5018593549728394,50526
0.5944547295570374,0.4055452704429626,12257
0.7555784225463867,0.2444215953350067,47109
0.41098936796188357,0.5890106320381164,47345
0.43780018091201783,0.5621998310089111,61968
0.9048198223114013,0.09518014788627624,6452
0.5965450644493103,0.4034549295902252,55815
0.2698445051908493,0.7301555037498474,35148
0.33345146775245665,0.6665485262870788,44363
0.12166193127632141,0.8783380866050721,28599
0.675049078464508,0.32495092749595644,24881
0.4854797422885895,0.5145202696323394,8247
0.1826532393693924,0.8173467516899109,14983
0.6551506876945495,0.3448493003845215,53921
0.09124798923730851,0.9087520241737366,21148
0.8112032532691955,0.18879672288894653,26801
0.5105188012123107,0.4894811809062958,27312
0.30727084875106814,0.6927291631698609,54456
0.8362852096557617,0.16371476352214814,72301
0.8553504467010498,0.14464957118034363,60985
0.1781490683555603,0.8218509435653687,69471
0.6483736395835876,0.3516263782978058,58769
0.49357035756111145,0.5064296126365662,12224
0.5908546924591065,0.40914533138275144,61908
0.5519636154174805,0.44803640246391296,13405
0.7426614403724671,0.25733859539031984,37246
0.33511388301849365,0.6648861289024353,35783
0.7130560278892517,0.28694396317005155,39199
0.6769413828849793,0.32305861115455625,72505
0.4930763065814972,0.5069236874580383,15762
0.3008515477180481,0.6991484761238098,68892
0.36732965111732485,0.6326703310012818,44666
0.9094154000282287,0.09058462083339691,34897
0.5633803129196167,0.4366196751594543,49958
0.5487248063087463,0.4512751877307892,57904
0.7751699447631836,0.22483005821704866,53211
0.47353740930557253,0.5264626026153565,20525
0.8900075078010559,0.10999249964952469,17522
0.23387229144573213,0.7661277055740356,55563
0.407553493976593,0.5924464941024781,71741
0.625381863117218,0.3746181309223175,44644
0.35554619431495665,0.6444538116455079,46993
0.6894689202308655,0.31053104996681213,23792
0.36956498622894285,0.6304350137710572,21024
0.10960720628499984,0.890392804145813,43379
0.5063784778118133,0.4936215341091156,36291
0.31681177020072937,0.6831882357597351,24338
0.2684002459049225,0.731599748134613,70772
0.5294194698333741,0.470580530166626,22861
0.8262915492057801,0.17370842397212982,47293
0.6946529984474182,0.30534698665142057,64423
0.7110187888145447,0.28898122906684875,71983
0.15714243948459625,0.8428575992584229,12072
0.4671197533607483,0.5328802287578582,25579
0.4623513460159302,0.5376486539840698,9507
0.8375950813293457,0.16240492463111877,55449
0.6389227867126465,0.36107721328735354,22694
0.04325489103794098,0.9567450881004333,18220
0.09772105365991593,0.9022789359092712,44456
0.7824534893035888,0.2175464928150177,4364
0.3271366059780121,0.6728633880615235,67537
0.10299770981073379,0.8970022916793823,16124
0.7254616737365722,0.27453831732273104,63932
0.8949809908866883,0.105019012093544,53960
0.5557243525981903,0.44427565932273866,31459
0.27377334237098694,0.7262266874313354,58791
0.37779228687286376,0.6222077012062073,34472
0.6429335713386536,0.35706642270088196,61940
0.8055399537086487,0.19446004629135133,6699
0.2784479379653931,0.72155202627182,48794
0.7072880387306213,0.2927119702100754,22123
0.5252045512199401,0.4747954666614532,71785
0.7511042714118957,0.24889572262763976,38957
0.6961206793785095,0.30387932658195493,8791
0.6409971952438355,0.3590027987957001,7056
0.8564720511436462,0.14352794885635375,10714
0.06331671178340911,0.9366832613945008,6852
0.49399392008781434,0.5060060620307922,71659
0.7650104284286499,0.23498955368995667,61839
0.5558235108852386,0.4441765010356903,32719
0.4918181478977203,0.508181881904602,60321
0.686191737651825,0.3138082593679428,19292
0.17756591439247132,0.8224341034889221,67494
0.8725041270256042,0.12749589681625367,52338
0.3921599507331848,0.6078400373458862,28760
0.25235005021095275,0.7476499438285827,54931
0.13126291632652282,0.8687370896339417,20570
0.7291559219360352,0.2708441108465195,22835
0.48311899304389955,0.5168810188770294,16166
0.523424357175827,0.4765756130218506,27085
0.6868499994277955,0.31314998865127563,43697
0.5845531582832336,0.41544686555862426,23241
0.1379561871290207,0.8620437979698181,48920
0.1782030463218689,0.8217969536781311,66375
0.40218437910079957,0.5978156328201294,46770
0.3434483051300049,0.6565516829490662,15055
0.7554422974586487,0.2445576846599579,14520
0.6564728498458863,0.3435271233320236,177
0.8519347429275512,0.14806525707244872,15825
0.5928928136825562,0.4071071743965149,50308
0.2049039661884308,0.7950960278511048,69914
0.6278182029724121,0.3721817970275879,63726
0.13669620901346208,0.863303804397583,25289
0.669780945777893,0.3302190601825714,48162
0.17898992002010344,0.8210100650787353,45286
0.6333346247673035,0.3666653633117676,42320
0.738701605796814,0.2612984120845795,57297
0.6495798110961915,0.35042019486427306,46710
0.5617319226264954,0.4382680535316467,56408
0.6377110958099366,0.3622888922691345,66976
0.6221796631813049,0.3778203248977661,5978
0.39280322194099426,0.6071967840194702,1041
0.6857005715370178,0.3142994403839111,42799
0.5272833108901978,0.4727166771888733,7300
0.5161318004131317,0.4838681876659393,29189
0.3609078943729401,0.6390921235084533,6017
0.5060390353202819,0.493960964679718,39899
0.4382665455341339,0.5617334485054016,49711
0.2845726579427719,0.7154273152351379,51067
0.5922307848930359,0.40776920318603516,2834
0.8076794266700744,0.19232059121131898,36185
0.1401690736413002,0.8598309278488159,7954
0.30357277691364287,0.6964272379875183,13724
0.8230472326278686,0.17695275843143463,17283
0.3833405256271362,0.6166594505310059,3998
0.8445335149765014,0.15546647310256959,32884
0.30071285367012024,0.6992871046066285,55987
0.4879166066646576,0.5120833873748779,70600
0.24966274797916413,0.750337278842926,36603
0.35747954845428465,0.6425204515457154,38240
0.1367289587855339,0.8632710337638855,70906
0.3034757494926453,0.6965242624282837,4476
0.5300854027271271,0.46991458535194397,1946
0.4711925148963928,0.5288074970245361,39798
0.7654544830322265,0.23454553484916688,69330
0.4418837189674377,0.5581162810325623,31045
0.22111882865428925,0.7788811564445496,8318
0.5503187775611877,0.44968122243881226,19633
0.1283172070980072,0.8716827630996704,2321
0.14957721829414367,0.8504227638244629,14149
0.905036461353302,0.09496352225542068,42602
0.7302715063095093,0.2697285175323486,8507
0.8234858512878418,0.1765141546726227,34578
0.6269786834716797,0.37302128672599794,28010
0.6120711088180542,0.38792888522148133,38386
0.07726975604891777,0.9227302312850952,42512
0.19574855268001556,0.8042514681816101,23495
0.0978823408484459,0.902117657661438,13400
0.8124908566474914,0.18750915229320525,4636
0.2854934066534042,0.7145066142082215,26427
0.8697673797607421,0.13023260235786438,47071
0.1601425975561142,0.8398573875427247,13580
0.4606240391731262,0.5393759787082673,23700
0.2334781914949417,0.7665218114852905,40868
0.4061213254928589,0.5938786864280701,5855
0.3220357418060303,0.6779642462730407,55443
0.7784985303878784,0.22150146067142487,51662
0.43592811822891236,0.5640718936920166,37530
0.11364619880914688,0.8863538146018982,73641
0.8809563636779785,0.11904363334178925,40099
0.4557130873203278,0.5442868947982789,16126
0.2509914219379425,0.749008572101593,74456
0.47406588196754457,0.5259341061115265,14486
0.6338917374610901,0.36610826253890993,27556
0.30135045647621156,0.698649549484253,45035
0.24139007925987244,0.7586099028587341,19141
0.5283639788627624,0.47163602113723757,50402
0.6325948715209961,0.3674051225185394,62211
0.8845831751823425,0.11541683524847031,54930
0.5549601912498474,0.44503982067108155,48238
0.6430364727973938,0.35696353316307067,37726
0.47664807438850404,0.523351925611496,28684
0.5510163545608521,0.44898365139961244,29579
0.267166206240654,0.7328337907791138,23159
0.6016520261764526,0.3983479678630829,68784
0.15585706681013106,0.8441429615020752,34231
0.571348512172699,0.428651487827301,24700
0.7043386697769165,0.29566132426261904,58296
0.8204861402511596,0.1795138657093048,56494
0.527884328365326,0.4721156358718872,31686
0.4131717622280121,0.5868282437324523,69575
0.31387842297554014,0.6861215949058532,53621
0.5616520881652832,0.4383479058742523,29763
0.13826181441545488,0.8617381811141968,24623
0.1148189902305603,0.8851810097694397,60691
0.31018651723861695,0.689813494682312,31788
0.7310777544975281,0.2689222514629364,42266
0.7414061307907105,0.25859389305114744,45917
0.3591299295425415,0.6408700942993164,72585
0.4609882652759552,0.5390117168426514,14402
0.5456576108932495,0.4543423891067505,8992
0.8712391495704651,0.12876088172197342,72150
0.6808489561080933,0.3191510558128357,62109
0.28810292184352876,0.7118970513343811,39458
0.4423300325870514,0.5576699554920197,36731
0.705685293674469,0.29431467950344087,61857
0.415553617477417,0.5844464063644409,51592
0.8460987448692322,0.15390124768018723,19873
0.5630897879600525,0.4369102120399475,65608
0.7776009559631347,0.22239903807640077,5861
0.384701269865036,0.6152987360954285,42473
0.412405264377594,0.587594735622406,36551
0.8691453099250793,0.13085469007492065,69780
0.6091679692268371,0.3908320188522339,7996
0.665627908706665,0.3343720674514771,2256
0.6066057682037354,0.3933942079544067,12025
0.13500023782253265,0.8649997353553772,50473
0.3490675210952759,0.6509324789047242,31129
0.5666583180427551,0.43334168791770933,37196
0.22387697100639342,0.7761230111122132,37615
0.7754045724868774,0.22459545135498046,25807
0.4878834903240204,0.5121165096759797,69406
0.6695439577102661,0.33045604825019836,14833
0.060922044515609744,0.9390779614448548,10537
0.3974610984325409,0.6025388956069946,64992
0.7000662088394165,0.29993380010128023,31906
0.16096790730953217,0.8390321016311646,36307
0.522769820690155,0.4772301912307739,57614
0.7937219858169555,0.2062780350446701,51275
0.29079148173332214,0.7092084884643555,62351
0.4413539290428162,0.5586460530757904,937
0.30064823627471926,0.6993517756462098,32878
0.613021194934845,0.38697880506515503,12703
0.6067574381828308,0.3932425558567047,28909
0.2569712698459625,0.7430287599563599,74174
0.33382203578948977,0.6661779642105102,20604
0.4305019438266754,0.5694980502128602,35348
0.6095720410346985,0.3904279232025146,73913
0.9054420709609985,0.09455792605876923,26591
0.14805637449026107,0.8519436478614807,68153
0.2448525071144104,0.7551475048065186,58870
0.5783229291439056,0.4216770470142365,28903
0.8296857118606568,0.17031427770853041,43706
0.3994554102420807,0.6005445718765259,72666
0.6414399385452271,0.35856003165245054,53389
0.6218230724334717,0.3781769335269928,37155
0.8077599167823791,0.19224009215831755,51686
0.9212450504302978,0.07875497192144394,54483
0.7400192856788635,0.25998071432113645,51251
0.19656424224376678,0.8034357309341431,1535
0.6095966935157776,0.3904032766819,55856
0.6717116236686707,0.3282883703708649,27880
0.7378777861595154,0.2621222048997879,8442
0.2677579641342163,0.7322420239448547,62587
0.6158297777175903,0.3841702103614807,26603
0.25914286971092226,0.7408571481704712,25741
0.7160119652748108,0.283988019824028,51736
0.2043171226978302,0.7956828832626343,26212
0.5284598529338836,0.4715401232242584,70873
0.6525910377502442,0.3474089503288269,10325
0.190370574593544,0.8096294522285461,9667
0.20891592502593995,0.791084086894989,34521
0.6176001071929932,0.3823999106884003,37645
0.4445910155773163,0.5554089665412902,48623
0.5421989500522614,0.4578010618686676,39091
0.6752188801765442,0.32478108406066897,46664
0.5161605417728424,0.4838394820690155,39260
0.8587858080863953,0.1412142127752304,63005
0.5995732307434082,0.4004267632961273,66383
0.2124505579471588,0.7875494480133056,34706
0.3123254179954529,0.6876745820045471,44402
0.6131892561912536,0.38681077361106875,42931
0.6617956757545471,0.33820433020591734,50108
0.3811255991458893,0.6188744187355042,57181
0.8164423942565918,0.18355764150619508,17363
0.6388841390609741,0.36111586093902587,41307
0.0648003175854683,0.9351996898651123,46652
0.06001833528280258,0.9399816751480102,3525
0.15386396199464797,0.8461360454559326,66615
0.13193417489528655,0.8680658340454102,54740
0.5529657781124115,0.44703420996665955,16825
0.7592649698257447,0.24073503613471986,53971
0.40952896475791933,0.5904710531234741,22711
0.4735201895236969,0.5264797925949096,29235
0.47678065299987793,0.5232193827629089,19422
0.3691886246204376,0.6308113813400269,72457
0.32503762245178225,0.6749623537063598,18554
0.5695085942745208,0.430491441488266,35972
0.5335534453392029,0.46644651889801025,59422
0.7339349746704101,0.26606502532958987,40633
0.42919559478759767,0.5708044052124024,34911
0.7175180554389954,0.2824819445610046,34171
0.3079246163368225,0.6920754075050354,34094
0.6068268418312073,0.39317315220832827,34081
0.34700220823287964,0.6529977917671204,25987
0.44325196743011475,0.5567480444908142,47132
0.3626234531402588,0.6373765468597412,23316
0.6968819618225097,0.30311800837516784,18439
0.4714814066886902,0.528518557548523,19579
0.40040658712387084,0.5995934247970581,41269
0.7481587290763855,0.25184125304222105,67130
0.1639692008495331,0.8360307812690735,56083
0.9003090262413025,0.09969099462032319,54231
0.6149480462074279,0.385051965713501,8580
0.13388506323099136,0.8661149382591248,59788
0.6948791861534118,0.30512078702449796,19724
0.3405216932296753,0.6594783067703247,8043
0.7866872906684875,0.21331269145011902,18365
0.6322436690330505,0.36775633692741394,6485
0.47589027881622314,0.5241097211837769,61252
0.7360111951828003,0.2639888286590576,61620
0.20835810005664826,0.791641891002655,69353
0.5952923536300659,0.40470765233039857,2061
0.6633314847946167,0.3366685390472412,39690
0.08346453905105591,0.916535472869873,19911
0.5773414134979248,0.42265859842300413,2339
0.40598503351211546,0.5940149664878845,59706
0.7230234622955323,0.27697653472423556,47256
0.24055466055870056,0.7594453454017639,23161
0.44103188514709474,0.5589681386947631,60516
0.08389070481061936,0.916109275817871,55301
0.5366837859153748,0.46331623792648313,63388
0.252014023065567,0.7479859709739685,45945
0.09569423198699951,0.9043057799339295,16234
0.6245988488197327,0.37540118098258973,56427
0.2010098934173584,0.7989901065826416,49527
0.7171384692192078,0.28286151587963104,41142
0.30278479158878324,0.6972151875495911,36750
0.1888536751270294,0.811146330833435,47133
0.4672400772571564,0.5327599227428437,72387
0.5028807878494262,0.49711918234825136,32112
0.5050363063812255,0.49496368765830995,72850
0.6906345129013062,0.30936546325683595,65555
0.7501103997230529,0.24988958835601807,33197
0.396226966381073,0.603773045539856,23214
0.8397080659866333,0.1602919042110443,40496
0.7664118051528931,0.23358817100524903,55682
0.8360483169555664,0.16395169198513032,36464
0.5592151165008545,0.4407848954200745,57959
0.16605893075466155,0.8339410662651062,14711
0.14393981993198396,0.8560601711273194,70587
0.5802473187446594,0.41975268721580505,18894
0.8076226234436035,0.19237734377384186,58217
0.37835163474082945,0.621648371219635,24139
0.7928799629211426,0.20712001919746398,35132
0.33716219663619995,0.6628377914428711,48190
0.5381498575210572,0.4618501603603363,72739
0.5655105113983154,0.43448947072029115,3002
0.23388398587703704,0.7661160111427308,74356
0.49362030029296877,0.5063797116279602,61471
0.2633726090192795,0.7366273999214172,36685
0.30640740394592286,0.693592631816864,43591
0.29165088534355166,0.7083491086959839,68209
0.464737868309021,0.5352621078491211,45190
0.39009957313537597,0.609900438785553,36442
0.6746297597885131,0.3253702461719513,63697
0.23219880163669587,0.7678012132644654,21861
0.4584494113922119,0.541550624370575,41682
0.12341163158416749,0.8765883445739746,40183
0.4165888845920563,0.5834111213684082,46005
0.6802149653434754,0.3197850525379181,3703
0.787664258480072,0.21233572363853453,26381
0.4237824261188507,0.5762176036834716,52267
0.6574963331222534,0.34250367283821104,25714
0.6334292769432068,0.3665707230567932,33552
0.9113914966583252,0.08860850781202316,7169
0.8769845962524414,0.12301537543535232,837
0.09048667252063751,0.9095132946968079,22929
0.3509288489818573,0.6490711569786072,49605
0.6601779460906982,0.3398220479488373,964
0.6331406235694885,0.36685938239097593,35770
0.38840314745903015,0.6115968585014343,71917
0.5593868970870972,0.4406131148338318,37116
0.501743370294571,0.498256641626358,26622
0.7083060264587402,0.2916939854621887,56288
0.9232986807823181,0.07670132964849471,3243
0.8389740705490112,0.16102593392133713,35989
0.14084098637104034,0.8591590285301208,36462
0.6159480929374694,0.384051913022995,54978
0.42767207622528075,0.5723279356956482,40440
0.4267426788806915,0.573257327079773,16423
0.2399536043405533,0.760046410560608,16963
0.43234480619430543,0.5676551818847656,70079
0.5705276608467102,0.4294723391532898,31728
0.08586064726114273,0.9141393542289734,66860
0.1616540089249611,0.838345980644226,19748
0.5605915904045105,0.439408415555954,28406
0.3058826863765717,0.694117295742035,15344
0.08954476863145829,0.9104552626609802,4412
0.445095294713974,0.5549046635627747,63057
0.7987794280052185,0.2012205719947815,8773
0.5537068963050842,0.4462931215763092,37145
0.43729197382926943,0.5627080202102661,29649
0.2218030422925949,0.7781969428062439,26751
0.7995184183120727,0.20048159062862397,42533
0.6953254580497742,0.3046745121479034,13091
0.42141292095184324,0.5785870909690857,14045
0.4478859484195709,0.5521140694618225,24759
0.37586610913276675,0.6241338968276977,68078
0.3176231324672699,0.6823768973350525,15852
0.4049178004264832,0.5950821995735168,63368
0.16619004607200621,0.8338099479675293,51817
0.2608791202306747,0.739120876789093,29312
0.1484335869550705,0.8515663981437683,48097
0.12956059128046035,0.8704394221305847,57306
0.2709560960531235,0.7290439009666443,37944
0.7473741292953491,0.2526258766651154,30646
0.7670365333557129,0.23296347558498381,45650
0.3861666262149811,0.6138334035873413,33264
0.5757537364959717,0.4242462575435638,60177
0.41779897809028627,0.5822009921073914,49759
0.9097644925117493,0.0902354970574379,73520
0.6053495287895203,0.3946504473686218,63242
0.7740643382072449,0.22593566477298738,11536
0.5641992926597595,0.435800701379776,26560
0.895108163356781,0.1048917979001999,28882
0.883149015903473,0.11685095131397247,40090
0.787836492061615,0.2121635526418686,8161
0.2808393657207489,0.7191606402397156,22080
0.7068626403808593,0.2931373417377472,10408
0.4339633762836456,0.5660365939140319,44506
0.6210693717002869,0.3789306581020355,5443
0.4453472435474396,0.5546527981758118,30440
0.3657786905765533,0.6342213034629822,5014
0.7857786417007446,0.21422134339809418,35622
0.2307007521390915,0.7692992568016053,10090
0.4459492385387421,0.5540507793426513,31895
0.3073603570461273,0.6926396489143372,27616
0.7565145015716552,0.24348548650741578,62282
0.2840741902589798,0.7159258127212524,3289
0.5120083153247833,0.48799167275428773,47679
0.09462819546461106,0.9053718090057373,54816
0.1289164185523987,0.8710835814476013,22377
0.2829391539096832,0.7170607924461365,69241
0.6062070012092591,0.393792986869812,40615
0.7788859009742737,0.22111409902572632,70610
0.5110127925872803,0.4889872193336487,30527
0.6578128695487976,0.34218713641166687,57051
0.5327466487884521,0.46725334525108336,46861
0.49812203645706177,0.5018779516220093,35679
0.6034779787063599,0.3965220391750336,36630
0.48610262870788573,0.5138973534107208,19621
0.5005704522132873,0.4994295179843903,36866
0.4253757357597351,0.5746242523193359,71927
0.4822853207588196,0.5177147030830384,9684
0.6620820045471192,0.3379179835319519,56200
0.6621192932128906,0.3378807008266449,9250
0.6279390811920166,0.37206090688705445,28874
0.5174060523509979,0.48259393572807313,40294
0.6902807116508484,0.309719318151474,70159
0.8847025394439697,0.1152974784374237,17492
0.8591686129570008,0.14083138704299927,62805
0.059716199338436124,0.9402837991714478,5513
0.9204812288284302,0.07951874136924744,40174
0.674804174900055,0.32519582509994505,53886
0.3727904438972473,0.6272095441818237,17932
0.1097372904419899,0.8902627348899841,42607
0.16724331974983214,0.8327566385269165,23589
0.5314445197582245,0.46855550408363345,28720
0.4569217324256897,0.5430782675743103,52610
0.8072065711021423,0.19279346615076065,59499
0.7672988533973694,0.2327011615037918,41637
0.40597993731498716,0.5940200805664062,13626
0.13241191804409028,0.8675880908966065,7330
0.18931310176849364,0.8106868982315063,52885
0.7104433298110961,0.28955665826797483,34909
0.6489811062812805,0.351018899679184,62722
0.41587767004966736,0.5841223120689392,21175
0.7601502656936645,0.23984971940517424,22521
0.08901283740997315,0.9109871506690979,59557
0.17723155915737152,0.8227684378623963,10674
0.46708003878593446,0.5329199492931366,44690
0.7449179649353027,0.2550820469856262,31963
0.23482852578163146,0.7651714563369751,35479
0.6268533706665039,0.3731466352939606,56389
0.279479643702507,0.7205203533172607,67038
0.8607846021652221,0.13921537697315217,56870
0.8920363545417785,0.10796364098787307,39392
0.6322631478309632,0.36773684024810793,55801
0.25745634734630585,0.7425436735153198,13610
0.5896505355834961,0.41034947633743285,49062
0.6564014434814454,0.34359856843948366,72813
0.3445308208465576,0.6554691672325135,46842
0.16282884478569032,0.8371711611747742,49504
0.4749562740325928,0.5250437140464783,8333
0.22392854690551758,0.7760714530944824,7278
0.6100250482559204,0.3899749755859375,57225
0.20335242450237273,0.7966476082801819,17837
0.8630830883979798,0.13691691756248475,14403
0.3764765202999115,0.6235235095024109,63514
0.904476809501648,0.0955231875181198,47864
0.6223847508430481,0.37761526703834536,2285
0.16499285399913788,0.8350071549415589,8249
0.8713644504547119,0.12863555550575256,4233
0.13315556049346924,0.8668444395065308,49576
0.09334267675876617,0.9066573023796082,52825
0.291520419716835,0.7084795832633972,26317
0.8965671539306641,0.10343286246061326,34904
0.2784749209880829,0.7215250849723815,3201
0.45438098907470703,0.545618987083435,27699
0.6182323694229126,0.3817676603794098,2723
0.4440284609794617,0.5559715509414673,10572
0.17164768874645234,0.8283523082733154,53363
0.5733139157295227,0.4266860783100128,18192
0.9195127725601197,0.08048720210790634,21429
0.43583266735076903,0.5641673445701599,35730
0.2946412622928619,0.7053587436676025,40714
0.42187273502349854,0.5781272649765015,19923
0.8410350441932678,0.15896494388580323,2593
0.30280393958091734,0.6971960544586182,37457
0.5037341952323914,0.4962657868862152,5995
0.12505182027816772,0.8749482274055481,72198
0.7809355020523071,0.21906448900699615,59370
0.5683800935745239,0.4316199004650116,20773
0.5522780656814575,0.44772194027900697,12825
0.3968706250190735,0.6031293749809266,32049
0.5663836359977722,0.4336163401603699,33932
0.8782366156578064,0.12176337987184524,4991
0.13433332741260529,0.86566663980484,30034
0.20707211196422576,0.792927885055542,71454
0.7549679636955261,0.24503204822540284,8677
0.8609224081039428,0.13907757848501207,53847
0.3573469281196594,0.6426530599594116,43429
0.5467984557151795,0.45320152640342715,47678
0.4081794857978821,0.5918204665184021,68343
0.44310136437416076,0.5568986296653747,34934
0.15634959638118745,0.8436503767967224,18906
0.3205224484205246,0.6794775485992431,31736
0.48673776984214784,0.5132622480392456,16332
0.6800053000450135,0.31999470591545104,40306
0.8148902654647827,0.1851097136735916,15531
0.7715772151947021,0.22842282056808472,47369
0.5951326012611389,0.40486742854118346,36858
0.7312149167060852,0.26878508627414704,8474
0.5453734993934631,0.4546265065670013,69196
0.8309365034103393,0.16906349658966063,11528
0.47034987807273865,0.529650092124939,44808
0.516370540857315,0.4836294770240784,53235
0.35236434936523436,0.6476356506347656,34780
0.07936327755451203,0.9206367254257202,26600
0.3349940776824951,0.6650059223175049,45004
0.9082308173179626,0.09176914691925049,3027
0.886966347694397,0.11303366124629974,64263
0.4860112488269806,0.5139887571334839,10756
0.5332255423069,0.46677443385124207,45377
0.8303880214691162,0.16961201876401902,21551
0.7489616632461548,0.2510383427143097,20453
0.4176678001880646,0.5823322117328644,72622
0.07661404758691788,0.9233859777450562,47991
0.6894920349121094,0.31050796508789064,14297
0.6277397871017456,0.37226020097732543,33286
0.9262677311897278,0.0737322524189949,59794
0.5839658975601196,0.4160341084003448,61418
0.9199741959571839,0.08002579659223556,58378
0.6318385362625122,0.3681614756584167,52153
0.7971825480461121,0.2028174489736557,14091
0.30987159013748167,0.6901284337043763,1732
0.36666540503501893,0.6333345770835876,7279
0.35574644804000854,0.6442535638809204,67147
0.2473582535982132,0.752641749382019,61951
0.8883182048797608,0.11168183088302612,442
0.5576217651367188,0.4423782408237457,39818
0.4138226628303528,0.5861773252487182,19225
0.6480392694473267,0.3519607484340668,60838
0.5647965908050537,0.43520339131355285,20004
0.5492157220840455,0.4507843017578125,13246
0.5215060651302338,0.4784939408302307,631
0.5522311151027679,0.44776888489723204,37242
0.63115895986557,0.36884103417396547,68972
0.7350412130355835,0.2649587720632553,50437
0.1521107256412506,0.8478892564773559,32352
0.2099801391363144,0.7900198817253112,3351
0.5979268074035644,0.40207316875457766,13827
0.8411638975143433,0.15883608758449555,16065
0.6583033800125122,0.3416966378688812,51523
0.34529535174369813,0.6547046303749084,67549
0.449316668510437,0.5506833255290985,11754
0.7534900903701782,0.2465098798274994,11273
0.8652333378791809,0.13476665019989015,39395
0.9009786963462829,0.09902132153511048,55778
0.4370023965835571,0.5629976034164429,19124
0.5627431511878968,0.43725687861442564,50136
0.5855357766151428,0.4144642174243927,50366
0.8587626218795776,0.14123738408088685,48998
0.44432947039604187,0.5556705236434937,65175
0.6842933177947998,0.3157066464424133,22182
0.4566039860248566,0.54339599609375,12841
0.788484001159668,0.21151599884033204,66261
0.7012227177619934,0.298777312040329,32985
0.5940476775169372,0.40595234036445615,38402
0.07576163485646248,0.924238383769989,26237
0.1662526547908783,0.8337473392486572,2299
0.7771375894546508,0.22286242246627808,71029
0.8526107788085937,0.14738922119140624,6758
0.8786588072776794,0.12134119719266892,43179
0.7723767042160035,0.22762331366539001,25142
0.6943758964538574,0.30562410950660707,772
0.279601514339447,0.720398485660553,47723
0.6572661876678467,0.3427337944507599,49370
0.8700517058372498,0.12994830459356307,5448
0.36201141476631166,0.6379885673522949,7226
0.19428911805152893,0.8057108640670776,41208
0.7088547110557556,0.2911453008651733,31393
0.4785460114479065,0.521453982591629,6431
0.09172146916389465,0.9082785367965698,37010
0.7059141993522644,0.2940857827663422,4610
0.30727458000183105,0.692725396156311,72979
0.502447634935379,0.4975523829460144,26714
0.16765576004981994,0.8323442459106445,6427
0.6781496286392212,0.3218503773212433,42060
0.6927662372589112,0.30723373889923095,11762
0.13097191751003265,0.8690280795097352,26447
0.18836214244365693,0.8116378426551819,3768
0.609682035446167,0.3903180003166199,11674
0.6904696106910706,0.30953038334846494,35088
0.6114214658737183,0.3885785400867462,63086
0.2335379809141159,0.7664620280265808,50488
0.5976187467575074,0.40238126516342165,40995
0.5579727172851563,0.4420272886753082,37105
0.6954957127571106,0.30450430512428284,26436
0.7865263223648071,0.21347366273403168,27475
0.2938986152410507,0.7061013817787171,12155
0.489351624250412,0.510648387670517,41931
0.1756395787000656,0.8243604302406311,24320
0.7059583067893982,0.29404168128967284,51822
0.9255186796188355,0.07448128685355186,14514
0.591394591331482,0.40860540270805357,24028
0.6912539839744568,0.30874603390693667,32638
0.5211480736732483,0.4788519322872162,52239
0.6815932750701904,0.3184067368507385,37140
0.21374414265155792,0.7862558841705323,63649
0.4488899290561676,0.5511100769042969,37414
0.8504855990409851,0.1495143800973892,32365
0.6552178144454956,0.3447821795940399,48011
0.5925958633422852,0.4074041545391083,49788
0.25047099888324736,0.7495290160179138,71047
0.24096270501613617,0.7590373039245606,42530
0.5517667353153228,0.44823328256607053,4347
0.3235004901885986,0.6764995455741882,31867
0.6675438642501831,0.3324561357498169,26483
0.30767115354537966,0.6923288464546203,10114
0.4341258227825165,0.565874207019806,11731
0.8144957184791565,0.18550425469875337,55300
0.6187530398368836,0.38124696016311643,58700
0.7086923599243165,0.29130764305591583,51057
0.6029940009117126,0.3970060110092163,23459
0.8901247382164001,0.10987525135278702,1273
0.5002946257591248,0.4997053682804108,69699
0.2067946046590805,0.7932054162025451,19891
0.8555684804916381,0.1444315105676651,12491
0.8832609415054321,0.11673908978700638,45308
0.5581409811973572,0.4418590128421783,42337
0.40440237522125244,0.5955976366996765,39874
0.5129931330680847,0.48700687289237976,30657
0.14490185379981996,0.8550981402397155,29038
0.8441483855247498,0.1558515802025795,47740
0.389608633518219,0.610391354560852,26312
0.7260655999183655,0.27393441200256347,17996
0.6366677165031434,0.3633322834968567,27888
0.9058367848396301,0.0941631779074669,20666
0.6362823367118835,0.3637176752090454,49020
0.36529908776283265,0.6347009301185608,25704
0.9217618584632874,0.07823817655444146,35998
0.4044153392314911,0.5955846667289734,73188
0.4042714536190033,0.5957285642623902,35968
0.195189905166626,0.8048100948333741,24185
0.6428348779678345,0.3571651041507721,64101
0.5350646376609802,0.4649353504180908,60268
0.8599431037902832,0.14005689322948456,13485
0.5290216922760009,0.47097828388214114,61684
0.6693113565444946,0.33068867325782775,30074
0.7426478505134583,0.25735213458538053,69423
0.4681864082813263,0.5318135976791382,37445
0.12072158753871917,0.8792784214019775,6683
0.09875301420688629,0.901246988773346,72144
0.5215006828308105,0.4784993052482605,28997
0.8656141519546509,0.13438585847616197,59001
0.09814998507499695,0.9018500447273254,36580
0.6706322312355042,0.3293677568435669,35757
0.14829644560813904,0.8517035484313965,3712
0.670477831363678,0.32952219247817993,69181
0.33225186467170714,0.6677481293678283,54284
0.42839973568916323,0.5716002583503723,29971
0.6410971999168396,0.3589028239250183,11193
0.8520398616790772,0.1479601591825485,5048
0.5672803223133087,0.4327196776866913,63989
0.44469199180603025,0.5553079962730407,10561
0.6280373692512512,0.3719626545906067,44948
0.22049459517002107,0.7795054078102112,39966
0.2595330893993378,0.7404669046401977,40207
0.7794614434242249,0.2205385833978653,51584
0.3018368899822235,0.698163115978241,14501
0.3831518828868866,0.6168481349945069,400
0.6445847868919372,0.3554152250289917,42118
0.8039123773574829,0.19608764052391053,8421
0.7134843945503235,0.28651562333106995,35469
0.32513731718063354,0.6748626947402954,11763
0.4851560711860657,0.5148439288139344,9000
0.9203987956047058,0.0796011969447136,42211
0.36336970925331114,0.6366302728652954,13766
0.7768579721450806,0.22314201891422272,8865
0.2145303338766098,0.785469651222229,59244
0.550191342830658,0.4498086631298065,54017
0.3557907462120056,0.6442092418670654,49147
0.1555648922920227,0.8444351315498352,45327
0.23425420820713044,0.7657457828521729,20221
0.7048369884490967,0.2951630115509033,3564
0.12179902493953705,0.8782009482383728,44266
0.6599495053291321,0.3400505125522614,20183
0.5085443496704102,0.49145567417144775,17815
0.15973023772239686,0.8402697682380676,59336
0.5836943626403809,0.4163056194782257,57642
0.4134489059448242,0.5865511298179626,60365
0.07091708406805992,0.9290829300880432,64623
0.6905623435974121,0.3094376564025879,41252
0.429734206199646,0.570265781879425,12827
0.7826833367347718,0.2173166573047638,129
0.5061303853988648,0.49386961460113527,68318
0.34898303747177123,0.6510169625282287,63127
0.16632769107818604,0.833672308921814,4294
0.21274282038211823,0.7872571825981141,55611
0.5679345965385437,0.4320654034614563,51019
0.6340104222297669,0.36598957180976865,68031
0.6873182892799378,0.3126817226409912,39560
0.6488981485366822,0.35110185742378236,7201
0.7674665451049805,0.2325334519147873,28792
0.7002519965171814,0.29974799156188964,61768
0.11029798239469528,0.889702045917511,53456
0.24161645770072937,0.7583835363388062,44702
0.7901170134544373,0.2098829835653305,59611
0.13668906837701797,0.8633109331130981,381
0.9250113606452942,0.07498861700296403,56618
0.5434813618659973,0.4565186440944672,50467
0.525712925195694,0.47428706884384153,18435
0.6551320075988769,0.344868004322052,49202
0.6634441494941712,0.3365558564662933,24765
0.8093038678169251,0.1906961292028427,37292
0.9473878383636475,0.05261217281222343,39903
0.8160720467567444,0.18392794132232665,72955
0.5591605544090271,0.4408394694328308,64122
0.578857958316803,0.42114201188087463,21131
0.3522325038909912,0.6477674961090087,60561
0.18512679487466813,0.814873206615448,19995
0.39112319350242614,0.6088768124580384,38902
0.12825944721698762,0.8717405557632446,51481
0.8712650418281556,0.1287349581718445,24207
0.8316684246063233,0.1683315634727478,55511
0.7931057691574097,0.20689424276351928,13275
0.2542813718318939,0.7457186341285705,28448
0.7282727837562561,0.2717272251844406,3560
0.29264984726905824,0.7073501229286194,28604
0.7876639127731323,0.21233612298965454,5449
0.7857425212860107,0.2142574518918991,16163
0.385863208770752,0.614136803150177,38046
0.4895950973033905,0.5104048728942872,4158
0.6267133831977845,0.3732865810394287,53082
0.7508656740188598,0.24913429915905,13039
0.2764351338148117,0.723564863204956,26957
0.49052285552024844,0.5094771444797516,23552
0.13401971906423568,0.8659802794456481,64816
0.6045835614204407,0.39541646242141726,11662
0.5423426806926728,0.45765734910964967,43741
0.4011605978012085,0.5988394141197204,68847
0.23369297683238982,0.766307020187378,39157
0.5584285616874695,0.44157143831253054,53114
0.6317686796188354,0.36823132634162903,35398
0.31561517119407656,0.6843848109245301,16232
0.7383269667625427,0.2616730362176895,54224
0.7298858046531678,0.2701141983270645,697
0.0981332704424858,0.9018667221069336,46783
0.7712817072868348,0.22871828377246856,28349
0.6656875252723694,0.33431248664855956,29396
0.8085099220275879,0.1914900451898575,67439
0.8162220120429993,0.1837779700756073,27437
0.8863852024078369,0.113614784181118,50996
0.5781970858573914,0.42180292010307313,56390
0.1766500025987625,0.8233500123023987,37991
0.48248736262321473,0.5175126373767853,73712
0.2637530267238617,0.7362469911575318,52251
0.42068434357643125,0.5793156623840332,44623
0.9396022319793701,0.06039775982499122,12285
0.5841789722442627,0.4158210515975952,254
0.574986743927002,0.42501325607299806,24329
0.23943882286548615,0.760561180114746,70284
0.159197399020195,0.8408025860786438,74291
0.4434558689594269,0.5565441131591797,633
0.14563784152269363,0.8543621897697449,33697
0.6831135392189026,0.3168864607810974,8704
0.42452036738395693,0.5754796266555786,53659
0.8212893843650818,0.17871062457561493,46275
0.8987554430961608,0.10124455094337463,32618
0.6459453225135803,0.3540546536445618,9519
0.5167241632938385,0.48327587842941283,18849
0.8909682512283326,0.10903172045946122,64614
0.8974843502044678,0.10251564383506775,46001
0.3545304358005524,0.645469582080841,18717
0.6794597268104553,0.3205402731895447,12991
0.9167514562606811,0.08324854969978332,43132
0.8992493271827697,0.10075065046548844,64248
0.29194609820842743,0.7080539107322693,65079
0.6249343991279602,0.37506558299064635,25372
0.5827242016792298,0.41727581024169924,13448
0.5199532151222229,0.48004680275917055,69106
0.5617918789386749,0.4382080912590027,29083
0.8854286670684814,0.11457134485244751,39886
0.6541597843170166,0.3458402156829834,29178
0.6276069641113281,0.37239304184913635,43219
0.45949997305870055,0.5405000030994416,9074
0.5398236572742462,0.46017634868621826,66762
0.6109700918197631,0.38902993202209474,62136
0.49280489087104795,0.5071951031684876,44525
0.295898973941803,0.7041010379791259,69237
0.4147361099720001,0.5852638721466065,53382
0.71652193069458,0.28347808718681333,56069
0.7654374122619629,0.23456261157989503,52997
0.09460791647434234,0.9053920388221741,62923
0.4061268329620361,0.5938731670379639,5736
0.3158870816230774,0.6841129183769226,22351
0.2654998004436493,0.7345001816749572,29051
0.6998260140419006,0.30017403364181516,49904
0.7228796720504761,0.2771203279495239,32158
0.9327509880065918,0.06724901348352433,28200
0.4518850862979889,0.5481149196624756,39685
0.059191378951072696,0.940808641910553,48297
0.1964639037847519,0.8035361051559449,14193
0.0884076863527298,0.9115923047065735,12326
0.6504805207252502,0.34951948523521426,49519
0.5603373646736145,0.4396626651287079,7402
0.5935199737548829,0.40648003220558165,54042
0.5068225026130676,0.4931775152683258,36859
0.44849388003349305,0.5515061259269715,21599
0.708684766292572,0.29131523966789247,10661
0.11300265043973923,0.8869973421096802,33590
0.5854676842689515,0.4145323157310486,29609
0.3997537612915039,0.6002462148666382,57293
0.2197028011083603,0.7802971839904785,11942
0.2049832373857498,0.7950167655944824,24585
0.40022100806236266,0.5997789859771728,16356
0.6615580320358276,0.3384419560432434,66903
0.45185590982437135,0.5481440782546997,14557
0.8693948030471802,0.13060521930456162,45246
0.1675693303346634,0.832430636882782,72280
0.824157178401947,0.1758428156375885,12507
0.20944210588932038,0.7905578732490539,31031
0.46806623935699465,0.5319337725639344,12901
0.9268699526786804,0.07313004583120346,19488
0.37078694701194764,0.6292130589485169,26183
0.7486728310585022,0.2513271629810333,6425
0.6426056623458862,0.3573943555355072,62792
0.5031611025333405,0.4968389213085175,37934
0.5297646820545197,0.4702353060245514,28325
0.2624705106019974,0.7375294685363769,32326
0.5264504432678223,0.47354957461357117,51417
0.3791975796222687,0.6208024024963379,63546
0.5122324883937835,0.48776748180389407,45562
0.5093635976314544,0.4906363904476166,42804
0.7131046295166016,0.2868953824043274,54557
0.3893920540809631,0.6106079697608948,30488
0.5639220356941224,0.43607794046401976,53529
0.37341679334640504,0.626583206653595,665
0.23807137310504914,0.7619286179542542,33671
0.24987679719924927,0.7501231551170349,40942
0.5909621834754943,0.40903782844543457,38577
0.2903944730758667,0.7096055507659912,2587
0.3069973111152649,0.6930026650428772,28978
0.6747598767280578,0.3252401351928711,34662
0.49111326932907107,0.5088867127895356,44005
0.8796823382377624,0.120317642390728,14503
0.25153063237667084,0.748469352722168,60888
0.7206871032714843,0.27931289076805116,16862
0.4712191581726074,0.5287808299064636,10973
0.10524896383285523,0.8947510600090027,29680
0.8941425561904908,0.1058574602007866,10605
0.4534366726875305,0.5465633332729339,59514
0.3041005343198776,0.695899486541748,58031
0.3058023124933243,0.69419766664505,6167
0.6001007556915283,0.3998992621898651,53066
0.7316919088363647,0.2683080732822418,57938
0.6821142435073853,0.31788575649261475,7181
0.28057085871696474,0.7194291591644287,7542
0.44038819074630736,0.5596118211746216,54218
0.6091374278068542,0.39086257815361025,36
0.831853985786438,0.1681460201740265,59071
0.1887078493833542,0.8112921833992004,65759
0.2871417343616486,0.7128582715988159,39382
0.614613163471222,0.3853868365287781,55215
0.400145024061203,0.5998549461364746,1261
0.699072003364563,0.3009279787540436,69000
0.6612119317054749,0.33878804445266725,47984
0.5245567679405212,0.47544326186180114,8823
0.4235253810882568,0.5764746308326721,63192
0.40154385566711426,0.5984561502933502,54811
0.7233709096908569,0.2766290545463562,40190
0.10497080087661743,0.8950291872024536,30897
0.3150363862514496,0.6849636197090149,62378
0.48707679510116575,0.5129232287406922,6650
0.4784551918506622,0.5215448081493378,12348
0.4426077663898468,0.5573922455310821,1639
0.7287632346153259,0.2712367534637451,57131
0.8543510198593139,0.14564898014068603,58545
0.5227567732334137,0.47724321484565735,69019
0.5648881554603576,0.4351118206977844,38810
0.4500081717967987,0.5499918341636658,53146
0.10262666493654252,0.8973733305931091,8591
0.2756174623966217,0.7243825197219849,36370
0.22232512533664703,0.7776748538017273,38076
0.8553003191947937,0.14469970911741256,71885
0.4274536192417145,0.5725463628768921,31597
0.4459100544452667,0.5540899693965912,27666
0.1625095397233963,0.8374904513359069,14218
0.6250932097434998,0.3749068021774292,39316
0.21030995845794678,0.7896900534629822,12080
0.4082075595855713,0.5917924404144287,5620
0.8707446575164794,0.12925535887479783,30972
0.22378198504447938,0.7762180089950561,72020
0.10867870897054673,0.891321313381195,52141
0.5320347666740417,0.4679652273654938,50785
0.5319538474082947,0.4680461406707764,21455
0.1457889974117279,0.8542109847068786,34309
0.2668309181928635,0.7331690669059754,45738
0.8018128871917725,0.19818711876869202,43815
0.5810597777366638,0.4189402461051941,19765
0.8350944519042969,0.16490555107593535,11505
0.45691375732421874,0.5430862426757812,58527
0.2573535442352295,0.7426464676856994,24897
0.7962762713432312,0.20372372269630432,27449
0.7084397673606873,0.2915602385997772,61897
0.43643848299980165,0.5635614931583405,63512
0.7151045799255371,0.2848954200744629,49185
0.6493684530258179,0.35063151717185975,9956
0.5241227805614471,0.4758772075176239,39302
0.8729159832000732,0.12708402723073958,12140
0.6083348155021667,0.3916651964187622,1386
0.2771620452404022,0.7228379607200622,59996
0.4040653109550476,0.5959346771240235,23265
0.8996842622756958,0.10031574070453644,18088
0.37046658992767334,0.6295334458351135,6703
0.8053442239761353,0.19465579390525817,44985
0.6407499551773072,0.3592500627040863,73440
0.10788663029670716,0.8921133995056152,5800
0.33840337991714475,0.6615966320037842,64130
0.8741990089416504,0.1258009970188141,72901
0.8497770190238952,0.1502229556441307,65789
0.4903556704521179,0.5096443235874176,14530
0.6787504196166992,0.3212495744228363,9808
0.32446985244750975,0.6755301713943481,24568
0.80699223279953,0.19300774335861207,3311
0.5432700872421264,0.45672990679740905,15939
0.5254030883312225,0.4745969116687775,13646
0.5275938153266907,0.47240622639656066,43749
0.532655668258667,0.467344331741333,33117
0.455459725856781,0.54454026222229,21335
0.6810633897781372,0.3189366042613983,36288
0.8209065556526184,0.17909343540668488,37448
0.38551397919654845,0.614486014842987,31498
0.3048637866973877,0.6951362252235412,52712
0.7737414360046386,0.22625852525234222,57189
0.8068335175514221,0.19316645264625548,67282
0.549191689491272,0.4508082866668701,8505
0.33250794410705564,0.6674920797348023,15619
0.8650060176849366,0.1349939912557602,10219
0.3363485813140869,0.6636513829231262,62912
0.7441938281059265,0.25580618977546693,49028
0.6144927144050598,0.38550724983215334,71131
0.5821740031242371,0.4178259909152985,10021
0.3639731824398041,0.6360268235206604,42467
0.4499435842037201,0.5500564098358154,13338
0.8271805644035339,0.1728194385766983,63327
0.31448411345481875,0.6855158805847168,15178
0.14817445129156112,0.8518255472183227,40629
0.3131270408630371,0.6868729948997497,56777
0.4958739519119263,0.5041260719299316,1796
0.596070158481598,0.4039298713207245,12483
0.6340701699256897,0.3659298181533813,18006
0.4070371150970459,0.5929629087448121,58996
0.5981949806213379,0.40180501341819763,31468
0.6670192241668701,0.33298075795173643,45689
0.13152189552783966,0.8684780955314636,38031
0.8187652707099915,0.18123473227024078,66788
0.5664193868637085,0.4335805833339691,1880
0.8040418982505798,0.19595811367034913,49992
0.20875965058803558,0.7912403225898743,61334
0.5804390072822571,0.4195609986782074,71629
0.5004373550415039,0.49956265091896057,64416
0.7092867374420166,0.29071326851844786,8565
0.8845761299133301,0.11542387157678605,37572
0.6609930276870728,0.33900695443153384,70172
0.7648377299308777,0.23516226410865784,67480
0.5877421259880066,0.41225786209106446,44472
0.848396110534668,0.15160386264324188,6529
0.22983254194259645,0.7701674818992614,35068
0.40602077841758727,0.5939791798591614,32052
0.6031886100769043,0.3968113839626312,23895
0.4541358768939972,0.5458641171455383,18283
0.9167528867721557,0.08324711173772811,49935
0.09159480035305023,0.9084051728248597,46433
0.9088908314704895,0.09110915809869766,41858
0.722335410118103,0.2776646137237549,61590
0.6312281370162964,0.36877185106277466,22435
0.6178945422172546,0.3821054458618164,35260
0.5722323894500733,0.42776764631271363,34028
0.6124387741088867,0.38756123185157776,21159
0.7269720077514649,0.2730279862880707,28024
0.23737263083457946,0.762627363204956,5565
0.15220135748386382,0.8477986335754395,49189
0.33446861505508424,0.6655313611030579,57349
0.46528891324996946,0.5347110748291015,39920
0.3804609298706055,0.6195390939712524,62140
0.14458636492490767,0.8554136514663696,4058
0.6435914635658264,0.35640853047370913,49282
0.7728268384933472,0.22717316448688507,59842
0.43770780563354494,0.5622921824455261,19678
0.8946637988090516,0.10533620268106461,67881
0.2417536735534668,0.7582463026046753,69513
0.7669455409049988,0.23305445313453674,53764
0.523305457830429,0.4766945242881775,10789
0.23318239152431489,0.7668176293373108,3726
0.4847908020019531,0.515209186077118,51241
0.6826723217964172,0.31732769012451173,28681
0.6432564377784729,0.35674357414245605,21007
0.606300413608551,0.3936996042728424,56518
0.8731337308883667,0.12686628252267837,69598
0.1800284653902054,0.8199715137481689,13130
0.5269173741340637,0.4730826437473297,7626
0.6052306532859802,0.39476932883262633,44168
0.41717739701271056,0.582822608947754,42796
0.31538237929344176,0.6846176385879517,55889
0.18473545014858245,0.8152645468711853,47950
0.638791286945343,0.36120871901512147,42272
0.12084466964006424,0.8791553497314453,31763
0.6914625287055969,0.3085374981164932,73407
0.5586559653282166,0.4413440465927124,62056
0.7123849153518677,0.28761508166790006,34644
0.4538109600543976,0.5461890220642089,60302
0.38514347076416017,0.6148565292358399,10611
0.4292235136032104,0.5707764744758606,8279
0.7290486693382263,0.2709513455629349,55261
0.31377109289169314,0.6862289071083069,26011
0.2506746470928192,0.7493253707885742,50645
0.4576758027076721,0.5423242032527924,45403
0.21963034868240355,0.7803696393966675,68941
0.6284940719604493,0.37150590419769286,24204
0.6562569737434387,0.34374299049377444,5200
0.754476523399353,0.24552346467971803,63767
0.6680833101272583,0.3319166719913483,986
0.4443573832511902,0.5556426048278809,37495
0.8971218705177307,0.1028781220316887,1254
0.8645795702934265,0.13542043566703796,34192
0.6497607350349426,0.350239223241806,73072
0.7492795467376709,0.2507204651832581,68456
0.6861816763877868,0.3138183057308197,45329
0.49645641446113586,0.5035435676574707,36135
0.49327042102813723,0.5067295491695404,1444
0.41518875360488894,0.5848112463951111,68537
0.4757432281970978,0.5242567837238312,1391
0.37684798836708067,0.6231520175933838,64169
0.7465746879577637,0.25342531502246857,53485
0.7027432799339295,0.2972567081451416,1458
0.6441471099853515,0.35585287809371946,23842
0.437250953912735,0.5627490758895874,20993
0.7932411789894104,0.2067588299512863,36585
0.516295713186264,0.48370431661605834,68659
0.15425765812397002,0.8457423210144043,44706
0.6999765992164612,0.30002343058586123,357
0.5253941893577576,0.4746057987213135,41394
0.3356501698493958,0.6643498539924622,30150
0.15840041339397432,0.8415996074676514,61476
0.38933345079422,0.61066654920578,47314
0.8858536124229431,0.11414637118577957,45221
0.45975348353385925,0.5402465105056763,67508
0.653602683544159,0.34639732241630555,44022
0.7803462505340576,0.21965375542640686,17724
0.8477534413337707,0.1522465616464615,51372
0.48350385427474973,0.5164961755275727,23608
0.6207721471786499,0.37922783493995665,71769
0.8592423677444458,0.14075761437416076,35756
0.5540697813034058,0.4459302008152008,29132
0.38415408730506895,0.6158459305763244,21744
0.2384544551372528,0.7615455389022827,5785
0.3765187442302704,0.6234812498092651,1998
0.7249555468559266,0.27504445016384127,41929
0.8796598792076111,0.1203401193022728,40840
0.34306725263595583,0.6569327354431153,10950
0.7142190933227539,0.28578092753887174,30892
0.9389359951019287,0.06106400266289711,67689
0.6947504878044128,0.3052495062351227,71742
0.623556399345398,0.3764435827732086,27629
0.12676396518945693,0.8732360243797302,8855
0.904025423526764,0.0959746152162552,56813
0.32293851375579835,0.6770614862442017,37573
0.5223944425582886,0.477605539560318,26145
0.8564036130905152,0.14359637051820756,31610
0.18313930332660674,0.8168606877326965,1172
0.5092709422111511,0.4907290399074554,44413
0.2805915594100952,0.7194084167480469,73391
0.725609815120697,0.2743901938199997,64957
0.1112827941775322,0.8887171745300293,46274
0.47671802043914796,0.5232819855213166,67786
0.4632784307003021,0.5367215752601624,53546
0.6785245537757874,0.32147541642189026,66547
0.3780984997749329,0.621901535987854,29175
0.8061004161834717,0.19389955699443817,53771
0.6216027736663818,0.3783972203731537,21091
0.14268075972795485,0.8573192596435547,16865
0.23817988336086274,0.761820125579834,65051
0.7385319113731384,0.261468106508255,68287
0.13011316061019898,0.869886827468872,53606
0.7296115517616272,0.27038841545581815,23286
0.6318321704864502,0.3681678533554077,50047
0.8649347186088562,0.13506527245044708,19490
0.6398330330848694,0.36016695499420165,1181
0.0740700826048851,0.9259299159049987,47227
0.5857475280761719,0.41425246000289917,35685
0.41453307271003725,0.5854669213294983,47480
0.21616785526275634,0.7838321328163147,21534
0.5077420234680176,0.4922580003738403,57251
0.11144377738237381,0.8885562181472778,51564
0.7130305528640747,0.2869694411754608,27441
0.30509488582611083,0.6949051141738891,33773
0.15689135789871217,0.8431086301803589,6212
0.9205185890197753,0.07948141694068908,32614
0.2601683109998703,0.7398316979408264,14189
0.09303780496120453,0.9069622159004211,57860
0.7570346117019653,0.2429653823375702,32591
0.2502751678228378,0.74972482919693,24050
0.28236626386642455,0.7176337242126465,60570
0.736720883846283,0.2632791310548782,67324
0.868249261379242,0.13175074756145477,71855
0.1434238389134407,0.8565761566162109,21011
0.5003010332584381,0.49969897270202634,16736
0.5049887716770172,0.49501124024391174,58594
0.4659852564334869,0.5340147495269776,7979
0.6832649946212769,0.3167350172996521,2296
0.36773476004600525,0.6322652339935303,25450
0.6763422608375549,0.3236577272415161,12951
0.7415297985076904,0.2584702044725418,38155
0.06342957764863968,0.9365704298019409,27531
0.4888092398643494,0.5111907601356507,69430
0.6888816118240356,0.3111183762550354,67084
0.190915247797966,0.8090847253799438,2384
0.33381432890892027,0.6661856651306153,72521
0.4120702087879181,0.5879298090934754,18325
0.48100006580352783,0.5189999163150787,64786
0.27419757544994355,0.7258024096488953,43785
0.41086162328720094,0.5891383528709412,49175
0.2829980909824371,0.7170019149780273,6341
0.12639866769313812,0.8736013412475586,39046
0.5436578691005707,0.4563421070575714,36667
0.32529974579811094,0.6747002482414246,12571
0.6702956795692444,0.329704350233078,27041
0.2760351687669754,0.7239648222923278,52977
0.736345636844635,0.2636543571949005,15663
0.29600436687469484,0.7039956450462341,73132
0.2378354161977768,0.7621646046638488,29627
0.6088712811470032,0.3911287307739258,43691
0.23414868712425232,0.7658513307571411,28867
0.8542885780334473,0.14571144431829453,48924
0.7680469036102295,0.2319531112909317,55575
0.46352686882019045,0.5364731311798095,43904
0.3660463631153107,0.6339536428451538,43771
0.6561328649520874,0.34386715292930603,62141
0.4165354549884796,0.5834645390510559,31943
0.4980096459388733,0.5019903898239135,24675
0.7599805593490601,0.24001941680908204,14939
0.394512540102005,0.6054874658584595,19388
0.49257971048355104,0.5074202716350555,66279
0.24507608115673066,0.754923939704895,47604
0.6761417388916016,0.32385828495025637,9431
0.7250469565391541,0.2749530255794525,37331
0.8739482045173645,0.12605180144309996,53526
0.28746268451213836,0.7125373244285583,20066
0.6886212229728699,0.31137878000736235,52472
0.7480386257171631,0.25196137130260465,26946
0.16927992999553682,0.830720067024231,50381
0.6687183380126953,0.33128164410591127,51312
0.6966326594352722,0.30336737632751465,68849
0.6065666079521179,0.39343337416648866,68984
0.7926425576210022,0.2073574662208557,39610
0.2999282509088516,0.7000717282295227,6424
0.8356991648674011,0.16430082321166992,47371
0.690944242477417,0.3090557515621185,20394
0.15958608388900758,0.8404139161109925,72159
0.5056941390037537,0.49430585503578184,4789
0.34475889801979065,0.6552411198616028,2387
0.6959266424179077,0.30407334566116334,28643
0.34849034547805785,0.6515096664428711,55707
0.250429567694664,0.7495704174041748,40295
0.7016151666641235,0.2983848452568054,43709
0.11032388657331467,0.8896761178970337,11987
0.7576663970947266,0.2423335999250412,37980
0.8599190473556518,0.1400809481739998,9274
0.7953513979911804,0.20464858412742615,29568
0.17337437570095063,0.8266256213188171,9203
0.08888502866029739,0.9111149549484253,52522
0.38401979804039,0.6159801721572876,42227
0.5501019597053528,0.4498980641365051,67238
0.14224965125322342,0.8577503323554992,12488
0.598090136051178,0.40190987586975097,42470
0.837087345123291,0.16291264295578003,25917
0.5782992601394653,0.4217007279396057,16165
0.8143693447113037,0.18563066124916078,66369
0.19762662947177886,0.8023733615875244,374
0.6633137583732605,0.3366862714290619,53289
0.24588823914527894,0.7541117787361145,5012
0.548321807384491,0.4516782104969025,72531
0.7573155283927917,0.24268444776535034,13322
0.8889898180961608,0.11101019531488418,16679
0.755556869506836,0.24444312751293182,56559
0.3648097038269043,0.6351902842521667,66953
0.11173863112926483,0.888261365890503,70990
0.7991654992103576,0.20083448886871338,51171
0.7039193034172058,0.29608069360256195,52363
0.9265277743339538,0.07347223907709122,45008
0.47216665744781494,0.5278333425521851,30578
0.6472251772880554,0.352774840593338,59348
0.5996059775352478,0.4003940224647522,13416
0.1505860358476639,0.8494139552116394,68631
0.833582592010498,0.16641742289066314,55803
0.8061774134635925,0.19382259249687195,67250
0.8507773399353027,0.1492226541042328,72523
0.08480626940727234,0.9151937246322632,29027
0.13103736340999603,0.8689626336097718,30098
0.8640951156616211,0.1359049141407013,7927
0.1687958300113678,0.8312041878700256,53634
0.6783783435821533,0.32162163257598875,54072
0.47661672830581664,0.5233832538127899,36454
0.40635731220245364,0.5936426758766175,61635
0.6432898163795471,0.35671019554138184,21394
0.846050763130188,0.15394924879074096,44217
0.6057932853698731,0.39420669078826903,70311
0.174423748254776,0.8255762577056884,65203
0.640358817577362,0.3596411764621735,49754
0.6366661548614502,0.3633338451385498,56218
0.39839478135108947,0.6016051888465881,14785
0.6282721042633057,0.3717279076576233,27374
0.6563959121704102,0.3436040699481964,41809
0.5624718964099884,0.43752811551094056,12775
0.5104739546775818,0.4895260512828827,12258
0.3181538641452789,0.6818461656570435,72146
0.2078096240758896,0.7921903729438782,47423
0.6065027594566346,0.3934972286224365,66933
0.8011106133460999,0.1988893836736679,66818
0.7954667687416077,0.2045332282781601,10836
0.5886892199516296,0.4113107740879059,14967
0.7498437762260437,0.2501562237739563,55062
0.08126377910375596,0.918736207485199,34167
0.7266084671020507,0.27339149713516236,33919
0.7796249508857727,0.22037503123283386,54598
0.5347056090831757,0.4652943730354309,28598
0.6004671216011047,0.39953288435935974,43231
0.6359928607940674,0.36400715708732606,72298
0.5815779685974121,0.41842201352119446,45393
0.4690257966518402,0.5309741973876954,61974
0.6763332843780517,0.32366671562194826,63013
0.8265313148498535,0.1734686940908432,55775
0.3230523645877838,0.6769476294517517,11401
0.9430472612380981,0.05695273503661156,53439
0.07400746047496795,0.9259925484657288,13191
0.643668258190155,0.3563317358493805,54326
0.510441118478775,0.4895588934421539,63224
0.6702018857002259,0.32979810833930967,67191
0.2662525922060013,0.7337474346160888,49165
0.8626757979393005,0.13732421547174453,58490
0.7508852243423462,0.2491147816181183,8298
0.0792575865983963,0.920742416381836,7042
0.23209081888198851,0.7679092168807984,65968
0.2904607534408569,0.7095392227172852,19850
0.5280410349369049,0.47195894122123716,66455
0.4938720762729645,0.506127905845642,16350
0.7070542335510254,0.2929457604885101,35727
0.6158221960067749,0.38417779803276064,46510
0.7354068040847779,0.26459317803382876,31421
0.3769872009754181,0.6230128169059753,9784
0.4973874926567078,0.5026124656200409,40018
0.45001771450042727,0.5499822854995727,7286
0.7747288346290588,0.22527117729187013,59212
0.4723310649394989,0.5276689767837525,57364
0.82647545337677,0.17352454364299774,49163
0.8379068851470948,0.1620930999517441,28838
0.05459052175283432,0.9454094886779785,23306
0.3875986933708191,0.6124013185501098,42235
0.27728626132011414,0.7227137327194214,71356
0.6290717840194702,0.37092819809913635,1350
0.8238247990608215,0.17617519497871398,29420
0.37854099869728086,0.6214589953422547,56057
0.9180631160736084,0.08193688243627548,15573
0.43806335926055906,0.5619366645812989,31784
0.6970619201660156,0.30293806493282316,22836
0.516195410490036,0.48380462527275087,16049
0.20311262905597688,0.7968873739242553,58049
0.8611595749855041,0.1388404369354248,33820
0.7146461844444275,0.2853538244962692,70706
0.7167348265647888,0.2832651615142822,54932
0.6189404010772706,0.3810596168041229,10194
0.6027838110923767,0.3972161829471588,42088
0.6110565423965454,0.3889434576034546,68493
0.512523078918457,0.48747692704200746,29668
0.10784543454647064,0.8921545743942261,56065
0.7371479988098144,0.2628520309925079,16870
0.5976255774497986,0.402374404668808,18957
0.10326868742704391,0.8967313289642334,41502
0.6709548711776734,0.32904512882232667,23762
0.7552644610404968,0.24473553001880646,39627
0.22288961112499237,0.7771103501319885,8490
0.7184568881988526,0.28154309988021853,45291
0.8059303045272828,0.19406969845294952,44664
0.4422962427139282,0.5577037274837494,17521
0.9477002501487732,0.05229978263378143,24220
0.5545575022697449,0.4454425036907196,64738
0.5580060362815857,0.4419939696788788,21440
0.06816159188747406,0.9318384170532227,46462
0.10371346473693847,0.8962865352630616,44396
0.6093733787536622,0.39062662720680236,50184
0.48617991209030154,0.5138200700283051,70559
0.42598927617073057,0.5740107417106628,60790
0.4062842309474945,0.5937157511711121,63261
0.3072753757238388,0.6927245855331421,61319
0.5233845174312591,0.4766154944896698,9823
0.5898299098014832,0.4101701259613037,13184
0.9069785118103028,0.09302149564027787,58626
0.446581768989563,0.5534182250499725,74250
0.7546004891395569,0.24539948999881744,47848
0.11492588967084885,0.8850741028785706,63197
0.6995082020759582,0.30049181580543516,67845
0.09246380925178528,0.9075361609458923,40562
0.8452633142471313,0.1547366738319397,22051
0.20673586428165436,0.7932641625404357,43637
0.7582330942153931,0.24176692366600036,42985
0.7065190076828003,0.2934810042381287,30412
0.8064258337020874,0.19357414543628693,37315
0.47269379496574404,0.5273061990737915,49415
0.4761777937412262,0.5238221764564515,55525
0.6400640964508056,0.3599358946084976,871
0.2913982212543488,0.7086017727851868,33901
0.2558943271636963,0.7441056609153748,54535
0.6701958417892456,0.32980417013168334,60957
0.8481042742729187,0.15189574360847474,61964
0.4910854518413544,0.5089145541191101,64694
0.9361959218978881,0.06380406767129898,30752
0.7085505127906799,0.291449511051178,4470
0.05142460763454437,0.9485753774642944,49338
0.5678939700126648,0.4321060061454773,6294
0.7606235265731811,0.2393764764070511,1170
0.7350364923477173,0.26496351659297945,26064
0.14844431281089782,0.8515556931495667,61669
0.10669269859790802,0.8933073163032532,60556
0.3046416252851486,0.6953583717346191,17931
0.1419382080435753,0.8580618262290954,55967
0.2797352701425552,0.7202647447586059,68504
0.5866751074790955,0.4133249044418335,74462
0.7903112292289733,0.20968874394893647,34479
0.7849120378494263,0.2150879681110382,72181
0.4561057686805725,0.5438942313194275,56426
0.74335116147995,0.2566488415002823,45871
0.41450177431106566,0.5854982376098633,40487
0.644063127040863,0.35593687295913695,25892
0.49434184432029726,0.5056581437587738,29162
0.7164116501808167,0.2835883378982544,44769
0.7315208196640015,0.2684791833162308,8866
0.12220053523778915,0.8777994751930237,5550
0.5204012274742127,0.4795987784862518,58649
0.6466459274291992,0.3533540666103363,29863
0.829125702381134,0.17087430655956268,31667
0.4573122501373291,0.5426877319812775,41273
0.4037018001079559,0.5962982058525086,33268
0.2329673081636429,0.7670327067375183,37192
0.14306524395942688,0.8569347620010376,57069
0.8940743803977966,0.10592562258243561,39870
0.295792219042778,0.7042078018188477,47207
0.5336825907230377,0.46631738543510437,34672
0.2816054970026016,0.7183945178985596,22834
0.150368395447731,0.8496316313743592,25743
0.40399360954761504,0.5960064053535461,27064
0.5049234747886657,0.4950765252113342,8424
0.7009606719017029,0.29903932809829714,69012
0.7289552569389344,0.2710447371006012,17116
0.48514094948768616,0.5148590624332428,58843
0.8066209077835083,0.19337910711765288,69943
0.44316471815109254,0.5568352818489075,69931
0.06760629117488862,0.9323937058448791,7001
0.9247160792350769,0.07528393119573593,47617
0.8292899847030639,0.17071004211902618,11979
0.3707020580768585,0.6292979717254639,15680
0.5244795083999634,0.4755205035209656,27894
0.7342582821846009,0.26574170887470244,8502
0.8930829167366028,0.10691710561513901,15975
0.8038289427757264,0.1961710810661316,35599
0.5955046713352203,0.40449534058570863,10513
0.11253030449151993,0.8874696612358093,11485
0.4006170392036438,0.5993829727172851,14098
0.14558734893798828,0.8544126868247985,7344
0.7770605683326721,0.22293940782546998,30728
0.5867087244987488,0.4132913053035736,46266
0.7855548858642578,0.21444510221481322,46693
0.0997652143239975,0.9002347588539124,8796
0.6425655126571655,0.35743446946144103,755
0.25085035264492034,0.7491496324539184,25656
0.8515260100364686,0.14847396761178971,37407
0.19895053803920745,0.8010494828224182,7781
0.6152372598648072,0.38476272821426394,59942
0.4687923014163971,0.5312077224254608,36400
0.5347498834133149,0.4652501106262207,69062
0.4129193663597107,0.5870806455612183,59599
0.3075649499893188,0.6924350380897522,20513
0.58048015832901,0.4195198595523834,16630
0.7927245259284973,0.20727546513080597,60765
0.39528161883354185,0.6047183752059937,20677
0.4512865126132965,0.548713481426239,24911
0.90049147605896,0.09950850754976273,59549
0.3073834955692291,0.6926165223121643,42264
0.377670019865036,0.6223299741744995,30156
0.6038124799728394,0.3961875081062317,45373
0.559646624326706,0.4403533458709717,38652
0.4580028533935547,0.5419971704483032,18784
0.8056094169616699,0.19439057409763336,65640
0.37684922814369204,0.6231507778167724,54512
0.5453086137771607,0.4546913743019104,44352
0.5443403661251068,0.4556596577167511,37624
0.3696513235569,0.6303486704826355,25233
0.7000227689743042,0.2999772697687149,53198
0.5439730882644653,0.45602691173553467,32366
0.12553517669439315,0.8744648575782776,61883
0.731524646282196,0.26847535371780396,42551
0.05680523589253426,0.9431947350502015,67559
0.31760323643684385,0.6823967695236206,38824
0.6670512437820435,0.332948762178421,28128
0.6922367215156555,0.3077632874250412,46055
0.4886897325515747,0.5113102734088898,22466
0.1372155413031578,0.8627844452857971,28614
0.5986140608787537,0.4013859272003174,24673
0.36327546238899233,0.6367245554924011,47631
0.6199097633361816,0.3800902247428894,67072
0.6444121837615967,0.35558786392211916,56602
0.6512842178344727,0.34871578216552734,11907
0.27340238392353056,0.7265976071357727,62296
0.3930849850177765,0.606915020942688,16189
0.8931133031845093,0.10688669830560685,67149
0.41069525480270386,0.5893047451972961,1686
0.3086447179317474,0.6913552522659302,58177
0.1613163486123085,0.8386836290359497,42895
0.7834924459457397,0.21650756299495696,956
0.4541347026824951,0.5458652913570404,36847
0.5668431878089905,0.4331567704677582,14814
0.6570905923843384,0.34290939569473267,14181
0.8238451480865479,0.17615484297275544,18152
0.5355552613735199,0.46444472670555115,33878
0.153639355301857,0.8463606119155884,36677
0.6588993191719055,0.34110067486763,16224
0.14285042881965637,0.8571495771408081,51779
0.6538436889648438,0.3461563229560852,69972
0.6122136831283569,0.38778634667396544,13328
0.5476066410541535,0.4523933231830597,22226
0.7452679753303528,0.25473205745220184,73497
0.4779825329780579,0.5220174729824066,67014
0.6982456088066101,0.3017543613910675,1929
0.19155662655830383,0.8084433913230896,89
0.5725568473339081,0.4274431705474854,55921
0.9202723979949952,0.07972760647535324,13746
0.5207848370075225,0.47921518683433534,73283
0.6440186619758606,0.3559813380241394,30589
0.5965093016624451,0.4034906983375549,1871
0.1372663050889969,0.8627336859703064,66194
0.3541192352771759,0.6458807945251465,67153
0.8796162843704224,0.12038374245166779,47885
0.8009689331054688,0.19903106689453126,56226
0.6893263459205627,0.3106736302375793,4088
0.2942636013031006,0.7057364106178283,15999
0.539517217874527,0.46048282980918886,69260
0.43128260374069216,0.5687173962593078,16955
0.8211302518844604,0.17886973321437835,70719
0.526366263628006,0.47363376021385195,66149
0.597668719291687,0.4023313164710999,57035
0.9218794703483582,0.07812052816152573,44080
0.6132279992103576,0.38677199482917785,72162
0.39856555461883547,0.6014344453811645,9129
0.6427576422691346,0.357242351770401,6011
0.523988139629364,0.4760118782520294,15150
0.5031897842884063,0.4968101978302002,50528
0.8210260987281799,0.17897391319274902,42506
0.5506488740444183,0.4493511199951172,55380
0.46735721826553345,0.532642787694931,41247
0.6865969181060791,0.31340308785438536,25057
0.7793099164962769,0.22069009840488435,67806
0.43826799392700194,0.561732006072998,53168
0.3966028869152069,0.6033971190452576,51131
0.5355467796325684,0.4644532322883606,61434
0.2949217796325684,0.7050782203674316,45262
0.3661928504705429,0.6338071703910828,15088
0.6341038465499877,0.36589616537094116,7111
0.4916571855545044,0.5083427786827087,50443
0.11336079090833664,0.8866392016410828,14410
0.5621677041053772,0.43783228993415835,4265
0.5274682581424713,0.4725317358970642,6367
0.7063615202903748,0.2936384677886963,68744
0.16716567575931549,0.8328343033790588,58010
0.29467002749443055,0.705329954624176,28451
0.4310692012310028,0.5689307808876037,20482
0.5458663940429688,0.45413360595703123,9485
0.5668065428733826,0.4331934809684753,11817
0.44690423011779784,0.5530957818031311,16380
0.5983557820320129,0.40164421796798705,69261
0.1150281086564064,0.8849718928337097,23382
0.7760833501815796,0.22391665279865264,42189
0.47103490829467776,0.5289650678634643,37903
0.9370133399963378,0.06298665925860406,40142
0.7816512584686279,0.21834874749183655,51150
0.5345770418643951,0.4654229342937469,57944
0.5772962450981141,0.422703754901886,37987
0.49540682435035704,0.5045931816101075,55710
0.540708589553833,0.45929139852523804,51836
0.31426222920417785,0.6857377767562867,7373
0.7043906450271606,0.29560935497283936,52006
0.16795260608196258,0.8320473790168762,46853
0.5392950713634491,0.4607049345970154,26553
0.19054479897022247,0.8094551920890808,6330
0.6088759541511536,0.3911240577697754,49719
0.39084898233413695,0.6091510057449341,15952
0.6237467169761658,0.3762532949447632,13040
0.6311187863349914,0.3688811957836151,52660
0.6247063994407653,0.37529358863830564,1520
0.19920715391635896,0.8007928252220153,70602
0.33256438970565794,0.6674356460571289,73155
0.7668864607810975,0.2331135481595993,35198
0.7711448431015014,0.22885515689849853,30093
0.8932249665260314,0.10677501261234283,20922
0.7858887553215027,0.2141112506389618,4326
0.5188262820243835,0.4811737179756165,22637
0.062231491506099704,0.9377684950828552,64573
0.331282252073288,0.6687177419662476,56041
0.588831651210785,0.41116833686828613,23146
0.0744924083352089,0.9255075931549073,47490
0.19037454724311828,0.8096254467964172,10826
0.6778143644332886,0.322185617685318,27908
0.21870289146900176,0.7812971115112305,43111
0.573730754852295,0.42626925706863406,50419
0.6738563299179077,0.3261436581611633,28489
0.8095547795295716,0.1904452234506607,59297
0.9445477247238159,0.0554522454738617,33246
0.6611661553382874,0.33883383870124817,48686
0.27415735721588136,0.7258426308631897,36267
0.8288997888565064,0.17110023498535157,23513
0.6487568497657776,0.3512431442737579,1787
0.5489237010478973,0.45107629895210266,43069
0.33129121363162994,0.6687088012695312,57604
0.6518844604492188,0.3481155276298523,41905
0.3961981117725372,0.6038018941879273,32963
0.36123244762420653,0.6387675285339356,73269
0.21745122075080872,0.7825487971305847,40610
0.5210259079933166,0.4789741218090057,56885
0.2148859828710556,0.7851140260696411,22920
0.326931494474411,0.6730684757232666,1968
0.5952880263328553,0.4047119736671448,72568
0.8796505928039551,0.12034940421581268,73700
0.7819060206413269,0.21809399425983428,35233
0.7471728205680848,0.25282720029354094,53111
0.7175541281700134,0.282445901632309,55092
0.3864719748497009,0.613528025150299,74420
0.7036153316497803,0.2963846832513809,40662
0.10019560903310776,0.8998044013977051,18719
0.916733729839325,0.0832662746310234,62561
0.5379933595657349,0.46200663447380064,3109
0.7250716805458068,0.2749283522367477,1656
0.26473634541034696,0.7352636456489563,38803
0.8128742694854736,0.18712576031684874,66015
0.7965381860733032,0.20346180200576783,8782
0.5698416352272033,0.43015835881233216,66785
0.7178478360176086,0.28215216994285586,56227
0.5558586359024048,0.4441413521766663,12576
0.9129979968070984,0.0870020106434822,27669
0.17411872148513793,0.8258812904357911,49148
0.8879446268081665,0.11205540448427201,19489
0.18829595744609834,0.8117040157318115,31957
0.39709078669548037,0.6029091954231263,68602
0.70819091796875,0.29180908799171446,13291
0.6155660033226014,0.38443397879600527,70221
0.5145488798618316,0.48545112609863283,55159
0.7508493423461914,0.2491506576538086,3945
0.836124837398529,0.16387515068054198,37534
0.5194577038288116,0.48054229021072387,9017
0.6018105626106263,0.3981894552707672,34159
0.3854944884777069,0.6145055055618286,22713
0.3731933176517487,0.6268066883087158,28819
0.6338783502578735,0.3661216557025909,63170
0.4481170177459717,0.5518829822540283,29508
0.8317463874816895,0.16825361251831056,18189
0.6956138134002685,0.30438617169857024,1749
0.49680742621421814,0.5031925797462463,12600
0.6314174056053161,0.3685825765132904,15522
0.6198862314224243,0.3801137745380402,43145
0.5358976364135742,0.46410236954689027,66009
0.21960661709308624,0.780393373966217,27289
0.469456946849823,0.530543041229248,17357
0.6853589057922364,0.31464108228683474,4453
0.3698895752429962,0.6301104187965393,51821
0.1713278502225876,0.8286721587181092,33571
0.7176661014556884,0.28233390748500825,1857
0.5949529647827149,0.40504704117774964,49849
0.5643600940704345,0.435639888048172,23080
0.48271310329437256,0.517286866903305,14698
0.17103233933448792,0.8289676666259765,37838
0.09321502894163132,0.906784963607788,24896
0.1573845237493515,0.8426154851913452,57372
0.758330237865448,0.24166979491710663,28006
0.5236550033092499,0.47634500861167905,21918
0.2785792797803879,0.7214207291603089,19588
0.49456058740615844,0.5054394125938415,50378
0.7138663411140442,0.2861336827278137,58505
0.9020808100700378,0.09791919887065888,15326
0.742540466785431,0.2574595481157303,16447
0.5397119581699371,0.4602880537509918,61275
0.4942895174026489,0.50571049451828,63332
0.5985908150672913,0.4014091968536377,56061
0.5478933393955231,0.4521066665649414,20323
0.6176656126976013,0.3823343992233276,68191
0.29357607662677765,0.7064239144325256,15558
0.4665504813194275,0.5334495067596435,18515
0.7005640745162964,0.2994359254837036,2133
0.09420165568590164,0.9057983517646789,68834
0.394906347990036,0.6050936579704285,34916
0.3952234834432602,0.6047765195369721,48067
0.8937880158424377,0.10621199011802673,61584
0.5946255922317505,0.4053744077682495,25591
0.29811142683029174,0.7018885850906372,47068
0.3325453817844391,0.6674546241760254,5982
0.1885220319032669,0.8114779591560364,23663
0.11043368726968765,0.8895663261413574,20550
0.3568487107753754,0.6431512951850891,31330
0.7069031596183777,0.29309684932231905,7733
0.6026842355728149,0.39731577038764954,54970
0.8091769576072693,0.19082303643226622,72573
0.4277653396129608,0.5722346186637879,54591
0.6880048871040344,0.3119951069355011,14431
0.6938311219215393,0.30616888105869294,67938
0.49031909108161925,0.5096808791160583,50801
0.4533161699771881,0.5466838240623474,67218
0.6419671058654786,0.35803288221359253,49969
0.3754316926002502,0.6245683073997498,2226
0.7439495086669922,0.25605049133300783,3001
0.6943819999694825,0.3056179881095886,51635
0.701981782913208,0.298018205165863,15993
0.4660899519920349,0.533910048007965,47422
0.5442704796791077,0.4557295262813568,57491
0.33563862442970277,0.6643613696098327,27007
0.42014449238777163,0.5798555254936218,3762
0.8427227377891541,0.15727730989456176,5844
0.8001528382301331,0.1998471885919571,74367
0.77215576171875,0.2278441995382309,30032
0.8329100370407104,0.16708997637033463,19259
0.6661157131195068,0.3338843405246735,72579
0.43262079954147337,0.5673792064189911,55553
0.2567499101161957,0.7432500720024109,23470
0.5159643232822418,0.48403570652008054,30250
0.502345222234726,0.4976547658443451,7835
0.8854214549064636,0.11457853466272354,59984
0.5365900754928589,0.46340994238853456,29827
0.48937326669692993,0.510626745223999,19715
0.5606113791465759,0.4393885850906372,67595
0.6323774576187133,0.36762256026268003,29089
0.6914223790168762,0.3085776150226593,63502
0.6434938311576843,0.35650617480278013,53494
0.4770225942134857,0.5229773879051208,6718
0.1757590353488922,0.8242409706115723,8924
0.7232050418853759,0.2767949789762497,42788
0.15949390232563018,0.8405061006546021,47555
0.4646444976329803,0.5353554964065552,64754
0.0249727014452219,0.975027322769165,16236
0.5017056465148926,0.4982943594455719,65022
0.22230617702007294,0.7776938438415527,54960
0.8457308888435364,0.15426911413669586,20341
0.7363015413284302,0.2636984348297119,64871
0.5720847129821778,0.4279152870178223,17169
0.20048727691173554,0.7995127320289612,3215
0.6538922548294067,0.3461077630519867,20903
0.4306509017944336,0.5693491160869598,7731
0.3223795503377914,0.6776204466819763,64165
0.1283367916941643,0.871663224697113,62405
0.46797521114349366,0.5320248186588288,33556
0.702188515663147,0.29781146049499513,19809
0.4793045938014984,0.5206954121589661,13671
0.9182944536209107,0.08170554712414742,69651
0.8895433902740478,0.1104566365480423,22303
0.6619894504547119,0.3380105376243591,38778
0.8884147763252258,0.11158517301082611,55645
0.811514675617218,0.18848533630371095,69289
0.5162043750286103,0.48379563689231875,24862
0.8318529963493347,0.16814699470996858,10980
0.23279968202114104,0.7672003149986267,18266
0.2339302808046341,0.7660697221755981,73011
0.5772379159927368,0.42276211380958556,67622
0.47093459963798523,0.5290654003620148,49472
0.04526173323392868,0.9547382831573487,5776
0.5232872724533081,0.47671270966529844,14436
0.5946126401424408,0.4053873598575592,33395
0.7642309427261352,0.23576905131340026,49616
0.1925557553768158,0.8074442267417907,46415
0.7440725445747376,0.25592744052410127,71277
0.5955875039100647,0.40441249012947084,32570
0.7744715929031372,0.22552840113639833,49913
0.9179814577102661,0.08201856464147568,2708
0.46861655712127687,0.5313834547996521,63851
0.8562993168830871,0.1437006801366806,20365
0.5692698359489441,0.4307301461696625,36057
0.3432490289211273,0.6567509770393372,10970
0.35217638611793517,0.6478236079216003,25542
0.18339162170886994,0.8166083693504333,20934
0.8656971216201782,0.13430289477109908,58357
0.4875279486179352,0.5124720513820649,8931
0.6829357624053956,0.31706422567367554,29437
0.5115234971046447,0.48847649097442625,42233
0.9175852060317993,0.08241479992866516,5206
0.4503390669822693,0.5496608972549438,57918
0.586374044418335,0.4136259615421295,34086
0.03879645988345146,0.9612035393714905,62310
0.1034958690404892,0.8965041399002075,61794
0.4263848066329956,0.5736151695251465,72911
0.28654331266880034,0.7134566903114319,37065
0.19428077340126038,0.8057192325592041,26806
0.4216061055660248,0.5783939063549042,74197
0.7039861917495728,0.29601377844810484,29639
0.5489728450775146,0.4510271728038788,65960
0.2230795592069626,0.7769204258918763,74043
0.7035056114196777,0.29649439454078674,23418
0.13611338138580323,0.8638866066932678,53214
0.15611835420131684,0.8438816428184509,7432
0.2032207280397415,0.7967792868614196,53183
0.5628397345542908,0.4371602475643158,41302
0.4790739595890045,0.5209260761737824,31583
0.6704650044441223,0.3295349955558777,65066
0.8059551000595093,0.19404492080211638,41817
0.7608105182647705,0.23918946981430053,31275
0.8655769467353821,0.13442303389310836,46602
0.3090167462825775,0.690983247756958,22228
0.4861838936805725,0.5138160943984985,42697
0.6191473245620728,0.3808526873588562,43129
0.8962339401245117,0.1037660613656044,70004
0.5774109482765197,0.42258906960487364,39208
0.5939690113067627,0.40603097081184386,20255
0.7662005424499512,0.23379945158958435,66283
0.4505276679992676,0.54947230219841,60396
0.31961899995803833,0.6803810119628906,17999
0.7503998637199402,0.24960013329982758,67449
0.42224029898643495,0.5777597069740296,30243
0.14190966486930848,0.8580903530120849,15048
0.49738357663154603,0.5026164412498474,43768
0.08603929132223129,0.9139607071876525,15466
0.823829197883606,0.17617079615592957,125
0.11699906289577484,0.8830009460449219,72696
0.25050919950008393,0.7494908094406127,23533
0.7663519740104675,0.23364801108837127,15316
0.19048477411270143,0.8095152258872986,40669
0.6080036401748657,0.39199634790420534,62272
0.547797441482544,0.4522025763988495,27423
0.22341617941856384,0.7765838384628296,62488
0.664637279510498,0.3353627026081085,56964
0.674813175201416,0.32518684267997744,29713
0.1791333943605423,0.8208665966987609,10306
0.642288064956665,0.35771194100379944,53455
0.5775379598140716,0.4224620461463928,32374
0.11368559151887894,0.8863143801689148,61568
0.5728882431983948,0.42711175680160524,53481
0.8302265286445618,0.16977349519729615,44008
0.7287076115608215,0.2712923914194107,35687
0.5620950579643249,0.43790496587753297,41871
0.19120882749557494,0.808791184425354,2894
0.25220841765403745,0.7477915644645691,16142
0.16032667756080626,0.8396733283996582,6975
0.4665801107883453,0.5334198951721192,70329
0.6862644910812378,0.3137354850769043,31445
0.11391121447086335,0.8860887885093689,59523
0.37106785774230955,0.6289321541786194,46928
0.7818993926048279,0.21810059547424315,39417
0.2957528650760651,0.7042471170425415,54277
0.2789951980113983,0.7210048079490662,11618
0.9009610772132873,0.09903893321752548,36779
0.24228560626506807,0.7577144145965576,36247
0.8095421552658081,0.19045782834291458,67403
0.6416926860809327,0.3583073318004608,56450
0.5916190028190613,0.40838099718093873,26972
0.7663819074630738,0.23361808955669403,6137
0.9207816004753113,0.07921836376190186,72928
0.22896529734134674,0.7710346937179565,14887
0.8304231524467468,0.16957684457302094,28418
0.42038917541503906,0.579610812664032,51999
0.5617900252342224,0.43820995688438413,16597
0.13413970023393632,0.8658602952957153,48849
0.30738048255443573,0.692619514465332,25488
0.18757163882255554,0.8124283432960511,54327
0.7455305337905884,0.25446946918964386,34581
0.5994896292686462,0.4005103886127472,7493
0.39756853580474855,0.6024315059185028,551
0.45591020584106445,0.5440898060798645,37342
0.6185512542724609,0.3814487338066101,2183
0.36526991724967955,0.634730088710785,50036
0.7519492030143737,0.2480508178472519,71435
0.12287076264619827,0.8771292448043824,36317
0.6200804948806763,0.3799195110797882,63540
0.7117709875106811,0.2882290244102478,45752
0.907488751411438,0.09251126497983933,54686
0.6394487977027893,0.3605512142181396,14664
0.5836966872215271,0.4163033366203308,26028
0.3983995497226715,0.601600456237793,64722
0.5478713512420654,0.45212866067886354,27174
0.7781795024871826,0.22182050049304963,18537
0.606415331363678,0.393584668636322,49320
0.8473217248916626,0.15267826318740846,54635
0.7842752695083618,0.21572472751140595,27694
0.3368715584278107,0.6631284713745117,23985
0.5764124870300293,0.4235875368118286,39629
0.4307068526744843,0.5692931413650513,52357
0.7013153791427612,0.2986846208572388,14884
0.49180705547332765,0.5081929385662078,5523
0.6632224321365356,0.3367775768041611,10721
0.4316957950592041,0.5683041930198669,64954
0.5270684599876404,0.4729315161705017,54578
0.2840586930513382,0.715941321849823,1088
0.734869384765625,0.2651305854320526,61307
0.5260639965534211,0.4739359974861145,34681
0.7124333143234253,0.2875666916370392,47241
0.662887704372406,0.337112283706665,42390
0.3799444973468781,0.6200555205345154,63671
0.7255281448364258,0.2744718253612518,4450
0.3509600043296814,0.6490400075912476,55679
0.22117553651332855,0.7788244605064392,33455
0.8171542882919312,0.18284570276737214,53835
0.680183720588684,0.3198162853717804,33660
0.8116052746772766,0.18839470744132997,64210
0.47315422296524046,0.5268457770347595,17836
0.8207156300544739,0.17928437292575836,42483
0.2427280753850937,0.7572719335556031,46025
0.2528273850679398,0.7471726059913635,33596
0.6180716753005981,0.3819283425807953,27184
0.5814640164375305,0.41853594183921816,50652
0.5694197535514831,0.43058023452758787,41550
0.27361770570278166,0.726382315158844,36365
0.5711058020591736,0.4288941740989685,34762
0.7287161827087403,0.27128379344940184,60651
0.7808344483375549,0.2191655606031418,19718
0.5960018634796143,0.40399813652038574,68859
0.5859011650085449,0.41409882307052615,9076
0.17685585618019103,0.8231441736221313,39376
0.42033679485321046,0.5796632051467896,2529
0.2638236373662949,0.7361763715744019,35379
0.6560640931129456,0.3439358949661255,69489
0.3077653110027313,0.6922346949577332,30047
0.6742112517356873,0.32578874230384824,66030
0.24684001505374908,0.753160011768341,53063
0.41726391315460204,0.5827360928058625,60094
0.6416972637176513,0.35830274820327757,66180
0.8931238174438476,0.10687616616487502,6553
0.07238259762525559,0.9276174068450928,32004
0.13961807638406754,0.8603818893432618,60566
0.25228010714054105,0.7477199077606201,31480
0.8172405123710632,0.18275947570800782,60832
0.212654972076416,0.787345039844513,46403
0.5320899784564972,0.4679100692272186,63387
0.05614568814635277,0.943854284286499,625
0.7728078484535217,0.2271921455860138,45251
0.6315305709838868,0.3684694170951843,36514
0.4047379732131958,0.5952620387077332,23021
0.9021864295005798,0.09781356304883956,61181
0.11544815301895142,0.8845518350601196,55677
0.48100840449333193,0.5189915895462036,39090
0.6435086131095886,0.3564913749694824,21167
0.2083778202533722,0.7916221857070923,30382
0.27584412693977356,0.7241558790206909,24948
0.5253836929798126,0.4746162950992584,20417
0.4621686637401581,0.5378313183784484,21019
0.6174773097038269,0.38252268433570863,73907
0.3895871460437775,0.610412871837616,58991
0.9217117190361023,0.07828828990459442,2722
0.5441485047340393,0.4558515131473541,16982
0.48771747946739197,0.5122825145721436,2084
0.5554712057113648,0.44452876448631284,22903
0.8663917541503906,0.13360824435949326,39565
0.598504114151001,0.4014958798885345,10644
0.27809221148490904,0.7219077825546265,60459
0.24200592041015626,0.7579940915107727,43537
0.5097476959228515,0.49025231003761294,22907
0.32349531054496766,0.6765046834945678,30486
0.5640896081924438,0.4359103739261627,51514
0.5579199671745301,0.44208004474639895,33297
0.2997137546539307,0.7002862215042114,43692
0.6456001281738282,0.3543998897075653,34558
0.774951434135437,0.2250485897064209,1014
0.5008539617061615,0.499146044254303,37803
0.7185696005821228,0.2814303934574127,43565
0.2317296326160431,0.7682703971862793,33709
0.3730369210243225,0.6269630551338196,65287
0.6773338079452514,0.322666198015213,3453
0.8582432985305786,0.14175669848918915,25479
0.7598847389221192,0.2401152580976486,65806
0.520575076341629,0.4794249176979065,47444
0.43077638149261477,0.5692236244678497,57974
0.661720585823059,0.33827940821647645,11082
0.46680864691734314,0.5331913590431213,55808
0.7370777368545532,0.26292228102684023,42575
0.44804430603981016,0.5519557058811188,40292
0.16447498202323912,0.8355250120162964,2618
0.33311809301376344,0.6668818950653076,11994
0.3966494917869568,0.6033505320549011,72674
0.21317826509475707,0.7868217587471008,68013
0.30270621180534363,0.6972937941551208,35050
0.8539037466049194,0.146096271276474,50499
0.679566502571106,0.3204334914684296,19038
0.7773780941963195,0.22262191772460938,1124
0.41745113134384154,0.5825488805770874,64182
0.3774203062057495,0.6225797176361084,55508
0.5411880612373352,0.45881194472312925,33353
0.6601915001869202,0.3398084878921509,55667
0.8069085597991943,0.1930914431810379,2886
0.906502366065979,0.09349765628576279,34894
0.522145539522171,0.4778544545173645,6410
0.7882519960403442,0.21174803078174592,33347
0.817998206615448,0.18200179934501648,74431
0.5302668273448944,0.4697331368923187,56125
0.418624609708786,0.5813753843307495,69182
0.7503643035888672,0.24963569343090058,68670
0.7753870487213135,0.22461292445659636,22177
0.62257080078125,0.377429211139679,31367
0.841830039024353,0.15816995799541472,8843
0.31897443532943726,0.6810255646705627,21642
0.4861220717430115,0.513877910375595,12578
0.46012866497039795,0.539871335029602,19335
0.43274506330490115,0.5672549366950989,39174
0.4774634659290314,0.52253657579422,4212
0.49371138215065,0.5062886357307435,43207
0.5014249980449677,0.4985750138759613,804
0.8172400712966919,0.18275993168354035,34187
0.38189602494239805,0.6181039810180664,42034
0.897066593170166,0.10293342322111129,417
0.7425030708312989,0.2574969410896301,65071
0.5855882644653321,0.414411735534668,69383
0.3091470777988434,0.6908529043197632,4837
0.7897815227508544,0.21021847128868104,62051
0.2730671912431717,0.7269328236579895,34054
0.6390713810920715,0.36092857718467714,46458
0.33044503927230834,0.6695549607276916,63809
0.15627672374248505,0.8437233090400695,25624
0.7101243138313293,0.2898756980895996,3695
0.8067372679710388,0.19326275885105132,69805
0.2226962924003601,0.7773037195205689,17536
0.4578806161880493,0.5421193957328796,15881
0.2926930397748947,0.7073069453239441,46121
0.6729009270668029,0.32709909081459043,16529
0.7749442815780639,0.22505573332309722,6895
0.45813063979148866,0.5418693542480468,45496
0.0757473424077034,0.9242526769638062,12893
0.6823450565338135,0.3176549732685089,52444
0.11844027489423752,0.8815597176551819,17942
0.5852543592453003,0.4147456228733063,53762
0.8677480816841125,0.13225194960832595,59352
0.3787041187286377,0.6212958574295044,25489
0.17449232041835785,0.8255077004432678,42620
0.5191824734210968,0.48081755042076113,65476
0.5526484847068787,0.4473515272140503,58717
0.6046281933784485,0.39537179470062256,24910
0.5182509660720825,0.48174902200698855,20493
0.5132816135883331,0.4867184281349182,475
0.5681540727615356,0.4318459391593933,27299
0.6288748502731323,0.37112514972686766,72296
0.6768574833869934,0.3231425166130066,59940
0.1911454379558563,0.8088545560836792,18306
0.13139364570379258,0.8686063885688782,68099
0.8986843466758728,0.101315675675869,55411
0.8400788545608521,0.1599211424589157,39095
0.269036066532135,0.7309639573097229,33210
0.1403921440243721,0.8596078753471375,22820
0.4007616460323334,0.5992383360862732,72408
0.22280170321464537,0.7771982908248901,10694
0.5609238386154175,0.43907617330551146,26439
0.3675374686717987,0.6324625015258789,55408
0.47643340826034547,0.5235665917396546,12115
0.8099759697914124,0.19002404510974885,6197
0.34496374130249025,0.6550362706184387,53202
0.49090964198112486,0.5090903878211975,46514
0.6519574284553528,0.34804258346557615,70549
0.585927176475525,0.4140728235244751,35568
0.6730913400650025,0.3269086480140686,48421
0.7424667358398438,0.2575332522392273,6805
0.6460512995719909,0.3539486825466156,72527
0.7427700400352478,0.2572299599647522,41308
0.4785532057285309,0.5214467763900756,56033
0.36752877235412595,0.632471227645874,11757
0.47916229367256163,0.5208377003669739,73883
0.40318451523780824,0.5968154907226563,38243
0.7506606101989746,0.24933939278125763,45054
0.5455246090888977,0.45447538495063783,45170
0.8987322092056275,0.10126778781414032,66439
0.2506612688302994,0.7493387341499329,20001
0.2906599879264832,0.7093400001525879,38455
0.8931844234466553,0.106815604865551,13467
0.545766282081604,0.4542336881160736,34665
0.7759592175483704,0.22404075562953948,42195
0.5877428412437439,0.4122571647167206,8988
0.3332879662513733,0.6667120337486268,61291
0.7892845511436463,0.210715451836586,24959
0.3939104795455933,0.6060895204544068,13916
0.5079536676406861,0.49204633235931394,19307
0.44369506239891054,0.556304931640625,37190
0.30507921874523164,0.694920790195465,71794
0.859714126586914,0.14028591066598892,63082
0.06430417373776436,0.9356958389282226,15425
0.16285190880298614,0.8371480822563171,27816
0.6991698503494262,0.3008301168680191,51073
0.5946991562843322,0.4053008496761322,62373
0.41786553263664244,0.582134461402893,27734
0.27519693076610563,0.7248030424118042,41102
0.7029556512832642,0.29704436361789704,55981
0.5169506788253784,0.48304932117462157,19747
0.8231918692588807,0.1768081843852997,66115
0.5123010635375976,0.48769890069961547,38019
0.4400841176509857,0.5599158942699433,24907
0.26666307747364043,0.7333369374275207,1513
0.408063668012619,0.5919363379478455,16422
0.8858437895774841,0.11415621638298035,37561
0.40696433186531067,0.5930356860160828,19350
0.8301276326179504,0.16987236440181733,47310
0.22492903769016265,0.7750709652900696,52397
0.4804216682910919,0.5195783257484436,15198
0.17134556770324708,0.8286544442176819,38415
0.22214479744434357,0.7778551936149597,43171
0.7671823859214782,0.23281760811805724,16890
0.6375374674797059,0.36246250867843627,30840
0.6949333667755127,0.30506661534309387,60878
0.3978878200054169,0.6021121740341187,28996
0.7479679107666015,0.25203209817409516,48963
0.9123165607452393,0.08768340796232224,4507
0.3568374812602997,0.6431625247001648,3754
0.6730624318122864,0.32693756818771363,55504
0.7816799998283386,0.218320032954216,12253
0.1448987528681755,0.8551012396812439,20489
0.48280724287033083,0.5171927630901336,56738
0.16612230837345124,0.833877682685852,1331
0.10296684503555298,0.8970331311225891,5829
0.33067524433135986,0.6693247556686401,72734
0.5739672183990479,0.42603279948234557,53582
0.21280336678028106,0.7871966361999512,13239
0.560306441783905,0.4396935701370239,11869
0.6977903723716736,0.302209609746933,72282
0.8460620403289795,0.15393800437450408,55855
0.4976871728897095,0.5023128449916839,65650
0.3150308847427368,0.6849691152572632,849
0.7931886672973633,0.20681132674217223,20849
0.5610946297645569,0.43890535831451416,39273
0.7370827198028564,0.2629172921180725,27702
0.8212129950523377,0.17878702878952027,70904
0.3905607402324677,0.6094392657279968,46703
0.7580681920051575,0.2419318288564682,29782
0.4414999485015869,0.5585000395774842,43997
0.5989705204963685,0.4010294497013092,74364
0.3771614670753479,0.6228385329246521,25235
0.15893417596817017,0.8410658121109009,12910
0.8701685070991516,0.12983150035142899,18714
0.4326934516429901,0.5673065543174743,27905
0.16462915241718293,0.8353708267211915,3834
0.20031552910804748,0.7996844410896301,3698
0.8090330123901367,0.19096697270870208,73366
0.4801382601261139,0.5198617398738861,59042
0.26460644900798796,0.7353935480117798,44097
0.4953112006187439,0.5046888053417206,2827
0.6004692196846009,0.39953077435493467,52505
0.5825210094451905,0.41747896671295165,2528
0.27584914267063143,0.7241508603096009,42440
0.20527672469615937,0.7947232604026795,61906
0.12654802054166794,0.8734519839286804,33092
0.1658457934856415,0.8341542243957519,42255
0.5832609295845032,0.4167391061782837,31383
0.13028571456670762,0.8697143077850342,8271
0.14838206321001052,0.85161794424057,36665
0.8013329029083252,0.19866710305213928,28167
0.6054985642433166,0.39450143575668334,3483
0.1337663158774376,0.8662336707115174,8216
0.3360440194606781,0.6639559745788575,14805
0.1836587056517601,0.8163412928581237,53858
0.30928823351860046,0.6907117605209351,26167
0.5619487643241883,0.43805122971534727,57966
0.496186363697052,0.5038136303424835,64911
0.5411493897438049,0.4588506281375885,9036
0.5873756766319275,0.41262431144714357,43671
0.6500864386558532,0.3499135673046112,57825
0.9118293762207031,0.08817062973976135,22001
0.19901902079582215,0.8009809732437134,41476
0.22855985760688782,0.7714401483535767,20424
0.8036937594413758,0.19630622565746308,1537
0.6732917785644531,0.3267082154750824,48855
0.23577327728271485,0.7642267346382141,40489
0.5566673278808594,0.44333266019821166,51831
0.6830521345138549,0.3169478356838226,6986
0.5025967657566071,0.4974032163619995,44919
0.1549990579485893,0.8450009226799011,74073
0.552324402332306,0.44767560958862307,46843
0.5491073668003082,0.45089263319969175,69814
0.13079208135604858,0.8692079186439514,64976
0.5090916216373443,0.49090837240219115,37840
0.35930954217910765,0.6406904697418213,43235
0.47418502569198606,0.5258149564266205,14043
0.5161531209945679,0.4838468849658966,11515
0.3942184865474701,0.6057814955711365,25928
0.9118993520736695,0.08810067921876907,36817
0.7273090124130249,0.27269099056720736,17785
0.34919593930244447,0.6508040428161621,34194
0.786497175693512,0.21350282430648804,53248
0.6052985787391663,0.3947013795375824,42860
0.48768017292022703,0.512319803237915,2239
0.4784277081489563,0.5215722858905792,42173
0.8223922729492188,0.17760773599147797,52848
0.1678829461336136,0.8321170687675477,27597
0.6677109479904175,0.332289046049118,57795
0.9074467420578003,0.0925532728433609,16913
0.4347154438495636,0.5652845740318299,36375
0.29648125171661377,0.7035187482833862,42276
0.5751001477241516,0.4248998463153839,53808
0.4131380617618561,0.5868619441986084,13470
0.6805038571357727,0.3194961190223694,43973
0.8766583561897278,0.12334167808294297,6109
0.5470059633255004,0.4529940128326416,49869
0.5142586350440979,0.4857413172721863,8530
0.2872824788093567,0.7127175211906434,42281
0.2744721442461014,0.7255278468132019,52062
0.15025683045387267,0.8497431635856628,10138
0.8949961066246033,0.10500387698411942,6001
0.28722476661205293,0.7127752423286438,44952
0.6271060466766357,0.37289395928382874,26567
0.6900305271148681,0.30996946096420286,34400
0.7177089571952819,0.28229103684425355,37742
0.14668181240558625,0.853318202495575,42076
0.7077744007110596,0.2922255635261536,58234
0.33736335635185244,0.6626366257667542,17733
0.9003867387771607,0.09961326867341995,28100
0.13110947608947754,0.8688905239105225,61812
0.7769431591033935,0.22305684983730317,33825
0.501635617017746,0.49836438298225405,74448
0.8791059255599976,0.12089409381151199,1802
0.27218625843524935,0.7278137326240539,58844
0.6897260546684265,0.3102739155292511,40457
0.24918278753757478,0.7508172035217285,45132
0.8728932499885559,0.12710677087306976,27097
0.8785868763923645,0.12141314446926117,50414
0.647731363773346,0.35226861834526063,65226
0.2514355808496475,0.7485644102096558,7118
0.21266684532165528,0.7873331785202027,6400
0.37905649542808534,0.6209434866905212,46193
0.590527081489563,0.4094729244709015,1567
0.7096907377243042,0.2903092592954636,1142
0.446666544675827,0.5533334493637085,20425
0.6666759490966797,0.3333240509033203,64063
0.6666504740715027,0.33334951996803286,23975
0.5301418900489807,0.46985810399055483,30441
0.7397408246994018,0.26025917530059817,12545
0.613252592086792,0.3867474257946014,50153
0.5041302442550659,0.4958697557449341,26816
0.20362564027309418,0.7963743567466736,41364
0.5754090905189514,0.424590927362442,44020
0.19845471680164337,0.8015452861785889,38748
0.6445359706878662,0.3554640293121338,65309
0.6083299279212951,0.39167008399963377,44833
0.3844470679759979,0.6155529260635376,41802
0.23560090661048888,0.7643990993499756,52322
0.40958306193351746,0.590416944026947,54909
0.20774990320205688,0.7922500729560852,73663
0.8633043885231018,0.13669560402631759,16695
0.6355337142944336,0.36446630358695986,59512
0.2470136344432831,0.7529863953590393,50042
0.34410545229911804,0.6558945655822754,60619
0.5538775682449341,0.44612242579460143,11541
0.8657410979270935,0.13425889611244202,7555
0.6393373847007752,0.3606625974178314,12519
0.3272359311580658,0.6727640748023986,7442
0.6929997682571412,0.30700023770332335,6725
0.7068181872367859,0.29318179488182067,51511
0.8280491828918457,0.17195080816745759,21734
0.4471443653106689,0.5528556108474731,3827
0.24447988867759704,0.7555200934410096,43406
0.5697412729263306,0.43025869131088257,35265
0.2754205584526062,0.7245794415473938,7802
0.289686793088913,0.7103132009506226,51443
0.6904694676399231,0.3095305383205414,24197
0.7074824094772338,0.29251760244369507,22965
0.7580577373504639,0.24194227457046508,10119
0.5567342162132263,0.4432657778263092,69416
0.8258713603019714,0.1741286039352417,18730
0.3405730307102203,0.6594269752502442,8198
0.19361913502216338,0.8063808679580688,18279
0.5325366377830505,0.4674633741378784,18296
0.6199118018150329,0.380088210105896,35393
0.31111510992050173,0.6888849139213562,57862
0.807575809955597,0.1924241989850998,69884
0.17320774793624877,0.8267922401428223,70110
0.7391572833061218,0.2608427286148071,54618
0.680880331993103,0.3191196918487549,21202
0.5724804878234864,0.42751952409744265,36461
0.5660489559173584,0.43395103216171266,20037
0.6198875784873963,0.38011242151260377,30317
0.06764769032597542,0.932352340221405,59338
0.1340307131409645,0.8659692764282226,43079
0.44134315848350525,0.5586568593978882,16461
0.8275083780288697,0.17249165177345277,53524
0.3590070724487305,0.6409929037094116,11294
0.27248344719409945,0.7275165557861328,56201
0.27693471014499665,0.7230652928352356,40983
0.45358264446258545,0.5464173793792725,60494
0.7872997045516967,0.2127003014087677,14792
0.6714681029319763,0.3285319089889526,52726
0.7130528092384338,0.28694719076156616,14118
0.2297178566455841,0.7702821254730224,8659
0.7675795316696167,0.23242048025131226,70157
0.20994483828544616,0.7900551795959473,31777
0.38000134825706483,0.6199986577033997,56501
0.5101294219493866,0.48987057209014895,2624
0.5579588651657105,0.44204113483428953,3187
0.514968067407608,0.48503194451332093,58623
0.45093950629234314,0.5490604877471924,47983
0.3087013989686966,0.6912985682487488,647
0.848941957950592,0.15105805099010466,5084
0.46509685516357424,0.5349031209945678,6258
0.5302023231983185,0.46979768872261046,3956
0.7202598094940186,0.2797401934862137,2127
0.9293680310249328,0.07063198015093804,63212
0.8109171986579895,0.18908278346061708,56354
0.6685263752937317,0.3314736247062683,23337
0.7282761096954345,0.2717238962650299,71179
0.4698508620262146,0.5301491379737854,29745
0.5825813710689545,0.41741863489151,9599
0.7304451823234558,0.2695548087358475,8086
0.9180063009262085,0.08199371695518494,54038
0.4833793580532074,0.516620647907257,24294
0.5142454981803894,0.4857544958591461,59169
0.38739584684371947,0.6126041412353516,47500
0.5474295496940613,0.4525704741477966,8876
0.9227692246437073,0.07723077237606049,53709
0.16687333434820176,0.8331266403198242,26442
0.5590100169181824,0.4409899592399597,46359
0.3451164305210114,0.6548835754394531,19236
0.9051751136779785,0.09482489973306656,59399
0.6802815318107605,0.3197184681892395,67304
0.5433430552482605,0.45665696263313293,42523
0.628564465045929,0.3714355230331421,12374
0.48577303886413575,0.5142269313335419,39643
0.46408459544181824,0.5359154164791107,70285
0.3378090411424637,0.6621909499168396,15941
0.586872398853302,0.4131275832653046,46470
0.4768326938152313,0.5231673181056976,50497
0.4791860818862915,0.5208139002323151,51075
0.4443974792957306,0.555602514743805,65505
0.7861040234565735,0.2138959765434265,30622
0.8780223727226257,0.12197764664888382,34794
0.22403957545757294,0.7759604215621948,44547
0.6642895698547363,0.3357104241847992,26148
0.8005878925323486,0.1994120866060257,66231
0.7865189909934998,0.21348100602626802,71614
0.4366622865200043,0.5633377313613892,62186
0.36782023310661316,0.6321797609329224,11459
0.35186437964439393,0.6481355905532837,47320
0.5092867255210877,0.49071328043937684,73621
0.31928409934043883,0.6807159066200257,4277
0.3866722404956818,0.6133277535438537,44305
0.7391500473022461,0.2608499526977539,3909
0.3196199119091034,0.680380117893219,38575
0.418336284160614,0.5816637217998505,18274
0.42851595878601073,0.5714840173721314,74094
0.4184617817401886,0.5815381884574891,69376
0.5389504611492157,0.4610495686531067,10360
0.1553422302007675,0.8446577668190003,22865
0.8989045023918152,0.10109549164772033,58412
0.2121174842119217,0.7878825187683105,63692
0.33974369168281554,0.6602563381195068,69155
0.5436126351356506,0.4563874065876007,7108
0.8791709423065186,0.1208290547132492,18497
0.5707851529121399,0.4292148530483246,54162
0.6356073975563049,0.3643926024436951,50113
0.20371325314044952,0.7962867617607117,68617
0.10749822407960892,0.8925017714500427,34769
0.48195157051086424,0.5180484533309937,33511
0.16857149600982665,0.8314285159111023,62802
0.06529382392764091,0.934706175327301,29924
0.3037136077880859,0.696286392211914,9240
0.4474960923194885,0.5525039255619049,32559
0.20330261290073395,0.7966973662376404,14565
0.44885684847831725,0.5511431634426117,19446
0.6148543953895569,0.38514561057090757,21325
0.430457079410553,0.569542920589447,10240
0.8826169610023499,0.11738304346799851,10133
0.7265629410743714,0.2734370708465576,60403
0.26111823618412017,0.73888179063797,37853
0.6268163561820984,0.37318365573883056,6925
0.7091333031654358,0.29086668491363527,51576
0.8068266153335572,0.19317338168621062,40971
0.5784675717353821,0.421532416343689,66748
0.3058428645133972,0.6941571235656738,1198
0.45481284856796267,0.5451871573925018,65834
0.6189356803894043,0.3810643136501312,69833
0.12172234207391738,0.8782776594161987,52908
0.7176717400550843,0.28232826590538024,11879
0.5112685561180115,0.48873146772384646,68923
0.8638790845870972,0.13612093031406403,44367
0.7837274312973023,0.2162725567817688,47591
0.8852113962173462,0.11478861272335053,27195
0.7204637050628662,0.2795363128185272,50053
0.585309910774231,0.41469011902809144,59773
0.6202421545982361,0.37975781559944155,42109
0.124183689057827,0.875816285610199,59045
0.4188887059688568,0.5811113238334655,58386
0.19151704907417297,0.8084829568862915,8108
0.9041402101516723,0.09585978835821152,18368
0.41075300574302676,0.5892469882965088,47980
0.8019262552261353,0.19807375371456146,69497
0.5734387457370758,0.42656123638153076,15227
0.5167989611625672,0.48320106863975526,68567
0.3047648429870605,0.6952351331710815,68692
0.5554487943649292,0.4445512056350708,4658
0.701700496673584,0.2982995092868805,3708
0.15160628855228425,0.848393714427948,32106
0.9085526585578918,0.09144731163978577,73089
0.6659333109855652,0.33406670689582824,38964
0.2957934319972992,0.7042065739631653,22412
0.25105119347572324,0.7489487767219544,16029
0.6354888558387757,0.36451115012168883,31716
0.5922873616218567,0.4077126502990723,63301
0.835067069530487,0.16493291556835174,432
0.31691011786460876,0.6830898761749268,46671
0.2872003585100174,0.7127996444702148,42995
0.506114912033081,0.49388510584831236,52286
0.7241190433502197,0.2758809596300125,1819
0.6115586042404175,0.38844139575958253,16343
0.45868144035339353,0.5413185775279998,54901
0.527232950925827,0.4727670133113861,52600
0.583016037940979,0.4169839322566986,66993
0.4540705502033234,0.5459294497966767,36316
0.302459654211998,0.6975403547286987,62179
0.552711546421051,0.44728842973709104,10830
0.7399047136306762,0.26009527742862704,5027
0.6961855053901672,0.3038144946098328,10686
0.8700620770454407,0.12993792295455933,44887
0.3648505866527557,0.6351494193077087,65932
0.7795359253883362,0.2204640746116638,20384
0.7098654866218567,0.29013450145721437,68437
0.5430157363414765,0.45698425769805906,57084
0.7547215461730957,0.24527848064899443,36948
0.6780167818069458,0.3219832003116608,7221
0.2321145385503769,0.7678854703903198,44823
0.6845549702644348,0.3154450237751007,67426
0.13521886318922044,0.8647811412811279,37879
0.5711064159870147,0.42889357209205625,49697
0.19255927801132203,0.807440710067749,12466
0.5092896282672882,0.4907103836536407,31744
0.7854197382926941,0.2145802766084671,39258
0.6356105446815491,0.3643894612789154,30027
0.46952231526374816,0.5304777085781097,73352
0.429997992515564,0.5700019955635071,13297
0.4794756531715393,0.5205243587493896,48917
0.48649296164512634,0.5135070443153381,19928
0.7147011041641236,0.28529892265796664,69673
0.6562859058380127,0.3437140941619873,5689
0.549609899520874,0.450390088558197,72441
0.4033143877983093,0.5966856002807617,29973
0.7059442877769471,0.29405569434165957,58486
0.4440834581851959,0.555916553735733,16667
0.7113576054573059,0.2886424094438553,29854
0.8392997741699219,0.1607002168893814,60697
0.27776900231838225,0.7222310185432435,5489
0.40057690143585206,0.599423098564148,14005
0.7595952272415161,0.24040477573871613,26343
0.5201881349086761,0.4798118591308594,64591
0.64274001121521,0.3572599828243256,72240
0.11404715925455093,0.8859528183937073,60606
0.8121204733848572,0.18787953555583953,69741
0.7395842909812927,0.26041569411754606,17776
0.38932443857192994,0.610675573348999,18759
0.8352516770362854,0.16474832892417907,52821
0.4813001811504364,0.5186998188495636,31033
0.9010232329368592,0.09897676110267639,48702
0.23524434566497804,0.7647556304931641,13217
0.5477709412574768,0.45222905874252317,17632
0.21674396097660065,0.7832560539245605,13122
0.3548309922218323,0.6451689958572387,28929
0.5727269053459167,0.4272730827331543,2627
0.583768880367279,0.4162310779094696,15496
0.6915210843086242,0.3084788978099823,42127
0.6399646878242493,0.36003530621528623,53095
0.22027533650398254,0.779724633693695,7876
0.7130770802497863,0.28692291378974916,32294
0.8158093690872192,0.18419062495231628,10106
0.6064624905586242,0.39353752732276914,49680
0.7588943600654602,0.2411056339740753,37857
0.6367111921310424,0.3632887780666351,17313
0.9068671584129333,0.09313284605741501,20486
0.6998429775238038,0.3001570194959641,63525
0.5350796103477478,0.4649204075336456,8756
0.8513171792030334,0.1486827939748764,40063
0.205811208486557,0.7941887855529786,53254
0.5593637466430664,0.44063624143600466,65480
0.08081003651022911,0.919189989566803,27403
0.4252132952213287,0.5747866809368134,626
0.613597059249878,0.3864029586315155,61210
0.7963245630264282,0.20367542207241057,63961
0.5022983074188232,0.4977016806602478,10244
0.5483913958072663,0.4516086220741272,44442
0.9406432867050171,0.059356722980737686,18593
0.1995003879070282,0.8004996061325074,73941
0.7955206871032715,0.20447928309440613,5693
0.7870527863502502,0.21294718086719513,10086
0.8101681232452392,0.189831879734993,43242
0.16528247892856598,0.8347175359725952,59485
0.30096986293792727,0.6990301370620727,17845
0.16927825808525085,0.8307217597961426,8741
0.20371647775173188,0.7962835192680359,66220
0.7776977777481079,0.22230222821235657,63019
0.6299403786659241,0.3700596332550049,62264
0.7968648195266723,0.2031351685523987,15461
0.49796187281608584,0.5020381093025208,32550
0.17219802141189575,0.8278019666671753,66118
0.4214533090591431,0.5785467028617859,29202
0.6929208278656006,0.3070791721343994,15624
0.7270655274391175,0.27293442487716674,66399
0.5141114711761474,0.48588855266571046,52206
0.435452276468277,0.5645477056503296,26292
0.9351553916931152,0.06484460309147835,19865
0.48021106123924256,0.5197889268398285,46050
0.6186500430107117,0.3813499689102173,59532
0.4361842393875122,0.5638157486915588,55495
0.20751165747642517,0.7924883604049683,21857
0.1918509691953659,0.8081490397453308,50905
0.23332534730434418,0.7666746616363526,4605
0.41768487095832824,0.5823150873184204,38842
0.6324810147285461,0.3675189673900604,69142
0.7304449200630188,0.2695550978183746,35639
0.252556124329567,0.7474438786506653,10255
0.13706032037734986,0.8629396915435791,18811
0.4952212631702423,0.5047787308692933,10531
0.7541747450828552,0.24582524299621583,68050
0.17726389765739442,0.822736120223999,48923
0.7779894590377807,0.22201054096221923,20825
0.2055806040763855,0.7944193840026855,1799
0.5953000068664551,0.4047000050544739,51418
0.5565116763114929,0.4434883177280426,27924
0.7623371005058288,0.23766289949417113,55673
0.5965622305870056,0.4034377932548523,72968
0.6256202340126038,0.3743797540664673,31842
0.6419948220252991,0.35800519585609436,70801
0.32430383563041687,0.6756961464881897,30564
0.23009480237960817,0.7699051856994629,50123
0.20692900121212005,0.7930710077285766,41228
0.45047873854637144,0.549521267414093,32563
0.6311593174934387,0.3688406705856323,5925
0.6727642059326172,0.32723581194877627,18930
0.5593420624732971,0.44065791368484497,32349
0.4694465398788452,0.5305534422397613,30769
0.8289434790611268,0.17105648815631866,40856
0.11462443023920059,0.8853755950927734,62230
0.17915453612804413,0.8208454728126526,41936
0.7448021769523621,0.25519782304763794,60560
0.45079430341720583,0.5492056965827942,51109
0.8053571343421936,0.19464284777641297,8668
0.508135849237442,0.49186416864395144,32259
0.4845209777355194,0.5154790282249451,33811
0.3670710504055023,0.6329289555549622,73178
0.3967666745185852,0.6032333135604858,53488
0.5122509837150574,0.48774902820587157,42485
0.6672069549560546,0.3327930271625519,59536
0.8799877882003784,0.12001221626996994,56926
0.1284849911928177,0.8715150117874145,6189
0.68256117105484,0.3174388349056244,49966
0.20384710729122163,0.7961528897285461,6791
0.40966746807098386,0.5903325200080871,73145
0.4009891331195831,0.5990108609199524,41779
0.3256745159626007,0.6743255019187927,15821
0.8741554141044616,0.12584459334611892,30672
0.48553977608680726,0.5144602298736572,63528
0.8940330386161804,0.10596696585416794,11745
0.48962311148643495,0.5103768646717072,45627
0.5006713390350341,0.49932863712310793,28488
0.5056682169437409,0.4943317651748657,53431
0.47431365847587587,0.5256863534450531,60122
0.8246431946754456,0.17535680234432222,68628
0.5699543952941895,0.43004557490348816,51519
0.5468564867973328,0.4531435251235962,64352
0.5547543346881867,0.44524566531181337,63150
0.5512327909469604,0.4487671911716461,36142
0.7292811155319214,0.2707188606262207,25688
0.43711591362953184,0.5628841042518615,7455
0.33801650404930117,0.6619835019111633,43942
0.8736079335212708,0.12639206498861313,50309
0.44356465339660645,0.5564353466033936,57884
0.26250213086605073,0.737497889995575,4606
0.541495966911316,0.4585039973258972,36854
0.19386377632617952,0.8061362266540527,39249
0.18655378818511964,0.8134462118148804,21094
0.34703049063682556,0.6529695510864257,71787
0.8206737399101257,0.17932626605033875,27240
0.8370094895362854,0.16299048960208892,45630
0.43806535601615904,0.5619346618652343,33310
0.586281418800354,0.41371859312057496,17294
0.42842121720314025,0.5715787649154663,66205
0.3668832778930664,0.6331167101860047,64421
0.6229974746704101,0.3770025193691254,35779
0.3793866395950317,0.6206133723258972,47475
0.5412971019744873,0.4587029039859772,71783
0.6017968654632568,0.39820313453674316,19067
0.46460182666778566,0.5353981971740722,27671
0.9186192274093627,0.08138080835342407,20509
0.30311753153800963,0.6968824744224549,71107
0.5856507301330567,0.4143492579460144,60138
0.32743367552757263,0.6725663423538208,68312
0.7125472903251648,0.2874527096748352,47989
0.8280346989631653,0.17196528017520904,28737
0.44417067170143126,0.5558293521404266,67798
0.4965944826602936,0.503405499458313,57983
0.8534639358520508,0.14653602838516236,48531
0.42665453553199767,0.5733454346656799,5366
0.46982290744781496,0.5301770806312561,28212
0.17339906394481658,0.8266009330749512,54717
0.3595690310001373,0.6404309391975402,67501
0.5074928164482116,0.49250719547271726,59734
0.689244520664215,0.31075549125671387,28245
0.5208533883094788,0.47914663553237913,46991
0.5513347506523132,0.4486652374267578,38498
0.6438973069190979,0.35610268712043763,56659
0.7856119394302368,0.21438807547092437,35239
0.43671168088912965,0.5632883071899414,52489
0.7205894589424133,0.27941053211688993,46812
0.8833081245422363,0.11669190526008606,30128
0.4781825542449951,0.5218174517154693,57422
0.7404573202133179,0.2595426678657532,46986
0.6608668327331543,0.33913315534591676,46845
0.21244239807128906,0.7875576019287109,48942
0.6853526592254638,0.31464734077453616,5255
0.6223840713500977,0.3776159703731537,34198
0.49019128680229185,0.5098087191581726,10206
0.2839135229587555,0.716086494922638,58510
0.8138867020606995,0.18611331582069396,72731
0.5083568096160889,0.4916432201862335,20124
0.4149389982223511,0.5850610256195068,50096
0.4192647933959961,0.5807352185249328,54609
0.5949751257896423,0.4050248622894287,59408
0.8217240691184997,0.17827593982219697,65112
0.5911174654960633,0.4088825523853302,37248
0.7679815173149109,0.23201845288276673,32512
0.16433930695056914,0.835660707950592,61755
0.6003835916519165,0.399616414308548,33891
0.5125845313072205,0.4874154508113861,35203
0.5988972783088684,0.40110270380973817,72567
0.3896463215351105,0.610353660583496,18844
0.5648576617240906,0.43514235615730285,50592
0.4148838520050049,0.5851161479949951,22256
0.5920433878898621,0.407956600189209,68552
0.3271598696708679,0.67284015417099,69183
0.47210949659347534,0.5278904855251312,59177
0.18742326498031617,0.8125767230987548,14182
0.23366850316524507,0.7663314819335938,25886
0.3709583401679993,0.6290416836738586,63974
0.4428598165512085,0.5571401834487915,63386
0.3100106596946716,0.6899893045425415,22216
0.2696735054254532,0.7303264975547791,59360
0.5136258482933045,0.4863741397857666,50399
0.556508207321167,0.44349178671836853,18305
0.6245755910873413,0.3754244208335876,36598
0.22639533281326293,0.7736046433448791,24913
0.634806215763092,0.3651937782764435,26269
0.12126789838075638,0.8787320971488952,51693
0.6928148388862609,0.30718514919281004,17720
0.06325911805033683,0.9367408633232117,19778
0.5751043796539307,0.42489561438560486,44155
0.596119737625122,0.40388027429580686,65717
0.5040317952632904,0.4959681689739227,60412
0.2649884164333344,0.7350115776062012,47892
0.5035039365291596,0.49649605751037595,58894
0.47562500834465027,0.5243749916553497,23298
0.35405226349830626,0.6459477543830872,30911
0.7306863188743591,0.26931368112564086,59493
0.7756206274032593,0.22437937557697296,17502
0.36526299118995664,0.6347370266914367,18685
0.27444369792938234,0.7255562901496887,55954
0.6851991772651672,0.3148008167743683,36529
0.7929031252861023,0.20709690749645232,22318
0.542708295583725,0.45729169249534607,62591
0.14707015156745912,0.8529299139976502,45130
0.2861289978027344,0.7138709783554077,8769
0.3353473871946335,0.6646525979042053,19474
0.8652719497680664,0.13472803980112075,38474
0.5998698353767395,0.4001301407814026,227
0.36960987448692323,0.6303901195526123,53652
0.8792483806610107,0.12075164318084716,13578
0.27102355659008026,0.7289764404296875,21023
0.619679594039917,0.38032041788101195,45053
0.45168601274490355,0.5483139812946319,10849
0.24676849842071533,0.7532315135002137,72176
0.28626922965049745,0.7137307763099671,64751
0.8571613907814026,0.14283863753080367,35944
0.40601351857185364,0.5939864873886108,43280
0.1411712184548378,0.8588287711143494,64479
0.7915902733802795,0.20840974450111388,46604
0.3980985462665558,0.6019014596939087,50092
0.1320333257317543,0.8679666638374328,66576
0.5747746527194977,0.4252253293991089,37646
0.781080174446106,0.21891978979110718,51112
0.1012895092368126,0.8987105011940002,6579
0.531968355178833,0.46803162693977357,56630
0.35997151732444765,0.6400285124778747,39415
0.7592012763023377,0.24079870879650117,46906
0.33316482305526735,0.6668351888656616,43384
0.5794079065322876,0.4205920875072479,36347
0.41426084041595457,0.585739153623581,13207
0.29825776219367983,0.7017422199249268,6562
0.5704504489898682,0.4295495510101318,33585
0.718843936920166,0.28115604519844056,64397
0.41468955874443053,0.5853104591369629,23311
0.714143693447113,0.2858562976121902,48464
0.648512065410614,0.35148794054985044,8406
0.5340057611465454,0.46599425077438356,32339
0.8688602447509766,0.1311397671699524,66073
0.6052236318588257,0.39477636218070983,44533
0.37431253790855407,0.6256874561309814,56617
0.5283324182033539,0.47166758179664614,67679
0.14785421788692474,0.8521457791328431,9382
0.3577284336090088,0.6422715544700622,11249
0.42489691972732546,0.5751030802726745,70453
0.3132184863090515,0.6867815017700195,62149
0.7701433300971985,0.2298566699028015,17606
0.8118123412132263,0.1881876528263092,9121
0.7504337549209594,0.2495662659406662,64785
0.5591227412223816,0.44087722301483157,74027
0.6695340156555176,0.330465966463089,43817
0.8970723271369934,0.10292766094207764,71425
0.9379316449165345,0.062068378925323485,46395
0.3911154747009277,0.6088845252990722,73204
0.7171082258224487,0.282891771197319,56670
0.0765886813402176,0.9234113216400146,53687
0.29849642515182495,0.701503586769104,13018
0.7374974489212036,0.26250257194042204,6947
0.7836618781089782,0.21633813977241517,44575
0.7057719349861145,0.29422806203365326,54836
0.880950653553009,0.11904932260513305,71361
0.5969392657279968,0.4030607581138611,1363
0.8153489589691162,0.18465104103088378,62126
0.8907540798187256,0.10924593359231949,17173
0.2761243313550949,0.7238756537437439,43245
0.46068544387817384,0.5393145740032196,23002
0.5334817171096802,0.46651827692985537,72506
0.2803595632314682,0.7196404457092285,64559
0.8137136697769165,0.18628631681203842,68454
0.6232575178146362,0.37674246430397035,17704
0.16222058236598969,0.837779426574707,39066
0.733828353881836,0.26617163717746734,2363
0.13205744922161103,0.8679425358772278,54564
0.9257030367851258,0.0742969661951065,28945
0.08658131957054138,0.9134186744689942,70414
0.8520273923873901,0.14797261208295823,14913
0.22099570631980897,0.7790042757987976,59606
0.37131104469299314,0.6286889433860778,15782
0.29013519287109374,0.7098648190498352,5552
0.6446971893310547,0.35530277490615847,2221
0.5576515913009643,0.44234837889671325,7657
0.5471858263015748,0.4528142035007477,33438
0.29078553318977357,0.7092144608497619,8052
0.8031170248985291,0.19688296616077422,34047
0.3575347900390625,0.6424652099609375,49303
0.4204565405845642,0.5795434713363647,65058
0.12608001977205277,0.8739199638366699,51026
0.25416859686374665,0.7458313941955567,62929
0.19312037527561188,0.8068796277046204,72027
0.38345096707344056,0.616549015045166,61063
0.3508799493312836,0.6491200804710389,16145
0.6761693477630615,0.32383066415786743,43947
0.6177608489990234,0.3822391450405121,28624
0.6225963592529297,0.3774036169052124,53427
0.2500024110078812,0.7499975800514221,32258
0.6259625673294067,0.37403743267059325,6677
0.5529775381088257,0.44702247381210325,26662
0.4965514540672302,0.5034485399723053,28464
0.6735364079475403,0.32646358013153076,61542
0.613951563835144,0.3860484421253204,32186
0.06674273535609246,0.933257234096527,20686
0.08623967915773392,0.9137603163719177,44256
0.7719386935234069,0.22806130349636078,24104
0.889055073261261,0.1109449177980423,71584
0.5965264558792114,0.4034735679626465,53825
0.7587430357933045,0.2412569671869278,32913
0.09642432481050492,0.9035756587982178,37434
0.8152337670326233,0.1847662329673767,67101
0.7985409498214722,0.20145903527736664,62855
0.5746812224388123,0.4253187656402588,49637
0.14111701101064683,0.858882999420166,67926
0.8408763647079468,0.15912362635135652,22353
0.9210973978042603,0.07890257760882377,65790
0.468069988489151,0.531930023431778,32279
0.44248671531677247,0.5575133204460144,27390
0.5223229646682739,0.4776770114898682,22296
0.24601722061634063,0.7539827942848205,58107
0.6706373929977417,0.3293626129627228,71046
0.7360313653945922,0.26396865844726564,27254
0.19719131886959076,0.8028087019920349,68128
0.7941887140274048,0.20581129491329192,66888
0.8669580221176147,0.13304197639226914,59060
0.5750753521919251,0.42492462396621705,56087
0.3371196508407593,0.6628803253173828,8238
0.3181837499141693,0.6818162322044372,4846
0.22912621796131133,0.7708737850189209,56592
0.857097589969635,0.14290241599082948,12762
0.801500141620636,0.19849983751773834,34877
0.4177621781826019,0.5822378277778626,34669
0.7914650440216064,0.20853494703769684,18949
0.1252528354525566,0.8747471809387207,10464
0.5882538914680481,0.4117461085319519,22528
0.9336065649986267,0.06639342457056045,42356
0.11574408262968064,0.8842559099197388,33606
0.4866412341594696,0.5133587777614593,46715
0.815384566783905,0.18461544811725616,29940
0.8595038890838623,0.14049611389636993,51347
0.13303777277469636,0.866962218284607,44490
0.6737183928489685,0.32628161907196046,48140
0.7604190111160278,0.23958097994327546,20110
0.8319372296333313,0.1680627554655075,68747
0.44520551562309263,0.5547944903373718,23699
0.14726925790309905,0.8527307152748108,68609
0.6997467517852783,0.3002532750368118,9792
0.26332253217697144,0.7366774916648865,32511
0.6859619975090027,0.31403800249099734,69582
0.5400637447834015,0.45993627309799195,24248
0.47633291482925416,0.5236670970916748,44618
0.6505312204360962,0.3494687914848328,47387
0.10665066093206406,0.8933493733406067,44867
0.27211871147155764,0.7278812885284424,39109
0.30361380577087405,0.6963862180709839,46585
0.48508633971214293,0.5149136304855346,65238
0.6485312104225158,0.3514688014984131,10832
0.6450268864631653,0.3549730837345123,16659
0.6688624620437622,0.33113754391670225,14170
0.667000150680542,0.3329998731613159,65259
0.09510596692562104,0.9048940539360046,6872
0.630688464641571,0.36931154131889343,28936
0.26162763833999636,0.7383723735809327,24200
0.4183251976966858,0.5816748142242432,70645
0.2339016616344452,0.7660983204841614,49274
0.6595375418663025,0.340462452173233,58908
0.7070175290107727,0.2929824531078339,49909
0.07657349407672882,0.9234265089035034,51427
0.5895021796226502,0.41049779057502744,24990
0.5795478224754333,0.42045220732688904,10567
0.08417272567749023,0.9158272862434387,44744
0.5531606912612915,0.44683932065963744,7519
0.1813405394554138,0.8186594486236572,57622
0.4405168354511261,0.5594831347465515,65106
0.2504647046327591,0.7495352864265442,31762
0.5230305135250092,0.47696949243545533,69285
0.4154622137546539,0.5845377922058106,18234
0.2405170500278473,0.7594829678535462,54906
0.5597154140472412,0.4402845919132233,33766
0.39799047708511354,0.6020095348358154,17299
0.49861650466918944,0.501383489370346,71358
0.2940893113613129,0.7059106707572937,58138
0.3831289350986481,0.6168710589408875,3137
0.6576331615447998,0.3423668384552002,10596
0.5967349290847779,0.4032650887966156,25604
0.7427837729454041,0.2572162598371506,25749
0.6149312376976013,0.3850687563419342,36073
0.8839195013046265,0.11608052998781204,9938
0.6409802317619324,0.3590197741985321,16431
0.7464248418807984,0.25357514023780825,59679
0.10122343599796295,0.8987765789031983,51373
0.6813845753669738,0.3186154067516327,15209
0.7013465523719787,0.2986534535884857,8539
0.890316903591156,0.1096830889582634,19295
0.5417516708374024,0.4582483172416687,40498
0.8379668951034546,0.16203310787677766,15633
0.41544222831726074,0.5845577597618103,43166
0.14426104426383973,0.8557389855384827,42510
0.8749533414840698,0.12504669427871704,2475
0.1584062784910202,0.8415937185287475,73307
0.12939546406269073,0.8706045508384704,57961
0.18925660252571105,0.8107433915138245,50021
0.4854050040245056,0.5145949840545654,18876
0.7397725820541382,0.26022742688655853,61099
0.791126823425293,0.20887317657470703,30182
0.8622857689857483,0.1377142146229744,47006
0.6129812479019165,0.38701875805854796,26395
0.36431618928909304,0.6356838345527649,71919
0.45801420211791993,0.541985833644867,55008
0.42967031002044676,0.5703296780586242,30008
0.1579099714756012,0.8420900583267212,57465
0.2769739627838135,0.7230260491371154,56416
0.7533385634422303,0.2466614365577698,58185
0.5665290594100952,0.43347095847129824,18751
0.4778864324092865,0.5221136093139649,64886
0.5377155900001526,0.4622844457626343,4497
0.7454499840736389,0.2545499950647354,16670
0.2060261607170105,0.7939738512039185,55986
0.8759047746658325,0.12409523129463196,16475
0.6395989298820496,0.3604010701179504,36013
0.3249130308628082,0.6750869631767273,31331
0.5804306983947753,0.419569319486618,22562
0.8413594245910645,0.15864056944847107,63376
0.28594602942466735,0.7140539765357972,67350
0.6864919185638427,0.31350806951522825,8789
0.8115565776824951,0.18844341933727266,21235
0.6107409119606018,0.38925909996032715,66485
0.5798252820968628,0.4201746940612793,42151
0.45511112213134763,0.5448889017105103,52365
0.5544691324234009,0.4455308377742767,37507
0.4782803773880005,0.5217196464538574,43825
0.35726470947265626,0.6427353024482727,12979
0.5065432608127594,0.4934567391872406,63426
0.12195763736963272,0.8780423521995544,50690
0.7873687982559204,0.21263120472431182,54393
0.8910417079925537,0.10895829051733016,20941
0.5743231654167176,0.4256768524646759,54148
0.8464779138565064,0.153522065281868,39148
0.6499470114707947,0.3500529766082764,3851
0.5752159118652344,0.4247840642929077,18235
0.5128693401813507,0.4871306657791138,51130
0.8785459995269775,0.12145402133464814,51880
0.9420116901397705,0.05798832252621651,46049
0.2997399687767029,0.7002600193023681,19285
0.09933648407459258,0.9006635069847106,34477
0.7385252594947815,0.26147472858428955,23107
0.36268300414085386,0.6373169660568238,42915
0.4776413321495056,0.5223586678504943,52012
0.5938682317733764,0.406131774187088,15483
0.5523768424987793,0.4476231813430786,41047
0.7893672227859497,0.2106327623128891,5056
0.4553405106067657,0.5446595013141632,17064
0.8713166356086731,0.12868339121341704,53512
0.15039042085409166,0.8496096134185791,29586
0.5003226041793823,0.49967739582061765,24824
0.18911585807800294,0.810884153842926,70848
0.4852253258228302,0.5147746682167054,31712
0.3664048552513123,0.6335951209068298,61849
0.6194511413574219,0.38054885268211364,71513
0.15113681554794312,0.84886314868927,63396
0.3571992516517639,0.6428007483482361,40441
0.5192003190517426,0.4807996809482574,49304
0.18635433912277222,0.8136456608772278,39077
0.8284371495246887,0.17156285643577576,10659
0.28093512952327726,0.7190648794174195,863
0.9034137725830078,0.09658621102571488,63829
0.7764397501945496,0.22356023788452148,40307
0.42207794189453124,0.5779220819473266,28301
0.8031518936157227,0.19684812426567078,46610
0.10485057681798934,0.8951494097709656,15743
0.5763361096382141,0.42366389036178587,682
0.5123210191726685,0.4876789808273315,52459
0.521592092514038,0.47840793132781984,33399
0.622428548336029,0.37757147550582887,18926
0.7889961242675781,0.21100387275218963,40269
0.574375319480896,0.42562469840049744,9768
0.8956763982772827,0.1043235793709755,3028
0.3820694088935852,0.6179305791854859,61806
0.546064966917038,0.453935033082962,54459
0.45214064717292785,0.5478594243526459,72494
0.617573618888855,0.38242637515068056,19810
0.43330101370811464,0.566698956489563,68131
0.516211724281311,0.4837882876396179,474
0.2940094232559204,0.7059905648231506,32053
0.5477522015571594,0.45224780440330503,54399
0.1767900913953781,0.8232099413871765,60688
0.780391001701355,0.21960898637771606,17553
0.7044709682464599,0.29552902579307555,53985
0.17260690033435822,0.8273931026458741,22345
0.16819050312042236,0.8318095207214355,47590
0.8875821471214295,0.112417833507061,38596
0.15541101545095443,0.8445889949798584,19273
0.2846239387989044,0.715376079082489,3610
0.5428240537643433,0.4571759343147278,15989
0.4042417049407959,0.5957583069801331,22892
0.40406595468521117,0.5959340572357178,60197
0.15748797953128815,0.8425119996070862,64752
0.3070890724658966,0.692910897731781,57059
0.8168411493301392,0.1831588178873062,23600
0.693403136730194,0.306596839427948,39598
0.6265335202217102,0.3734664261341095,27852
0.39916146397590635,0.600838565826416,9921
0.8194916367530822,0.1805083394050598,30337
0.5050260126590729,0.49497398138046267,47276
0.6669459581375122,0.3330540060997009,64971
0.9308423876762391,0.06915761083364487,652
0.6823089718818665,0.3176910400390625,20095
0.4463657319545746,0.5536342799663544,5863
0.34974207282066344,0.6502579331398011,47519
0.4810443103313446,0.5189556896686554,37705
0.29086555242538453,0.7091344594955444,33779
0.3358389735221863,0.6641610264778137,16592
0.1123204067349434,0.8876796007156372,20322
0.666800034046173,0.3331999838352203,67755
0.8709681510925293,0.12903184741735457,15470
0.10844924151897431,0.8915507435798645,31685
0.44303815364837645,0.5569618344306946,49447
0.15401614010334014,0.8459838390350342,65225
0.13132005631923677,0.8686799287796021,8858
0.7055280923843383,0.2944718986749649,73682
0.6564440727233887,0.34355591535568236,59959
0.712995982170105,0.2870040237903595,434
0.22990770339965821,0.7700923085212708,1034
0.17625009417533874,0.8237499117851257,46793
0.7484878540039063,0.251512148976326,32419
0.6210680127143859,0.3789320051670074,35174
0.5905111312866211,0.4094888687133789,20586
0.5161919295787811,0.48380808234214784,27688
0.7129296779632568,0.2870703399181366,59511
0.1273345708847046,0.8726654171943664,39909
0.5070624947547913,0.49293750524520874,48408
0.8941149950027466,0.10588500201702118,52936
0.2080782324075699,0.7919217467308044,43503
0.42953814268112184,0.570461881160736,49871
0.8400231242179871,0.15997684001922607,64720
0.16142203509807587,0.8385779619216919,1961
0.8892281770706176,0.11077181845903397,4418
0.565264630317688,0.434735369682312,6511
0.6408230185508728,0.3591769576072693,37003
0.21331423819065093,0.7866857528686524,15599
0.5867575764656067,0.41324240565299986,15324
0.2948550820350647,0.7051448822021484,65353
0.4782311201095581,0.5217688620090485,27600
0.864607298374176,0.13539269417524338,51901
0.5489191293716431,0.45108087062835694,59289
0.642817211151123,0.35718279480934145,68658
0.749490487575531,0.25050951540470123,60513
0.6445030093193054,0.35549700260162354,48489
0.3767520785331726,0.6232479453086853,45684
0.5102861523628235,0.48971384167671206,67613
0.26443238854408263,0.7355676054954529,62807
0.3549172043800354,0.6450827956199646,10586
0.7964340925216675,0.20356591045856476,73525
0.3496940314769745,0.650305962562561,4252
0.5931849956512452,0.4068149864673615,11483
0.7935399651527405,0.20646002590656282,68288
0.6175744891166687,0.38242552280426023,61912
0.6768908381462098,0.3231091648340225,28852
0.7111706495285034,0.2888293445110321,2301
0.6605040788650512,0.33949595093727114,12618
0.41342063546180724,0.5865793585777282,65771
0.6609095931053162,0.3390904009342194,46393
0.5688552975654602,0.4311447083950043,71371
0.3111778676509857,0.6888221263885498,10399
0.5716397762298584,0.4283602058887482,26054
0.28121471405029297,0.718785285949707,38539
0.6474613189697266,0.3525386869907379,2438
0.8481579780578613,0.15184201896190644,23780
0.36159180402755736,0.6384082198143005,16291
0.31969779133796694,0.6803021788597107,22280
0.6182156562805176,0.38178438544273374,64837
0.46044492721557617,0.5395550608634949,43120
0.5551747679710388,0.4448252260684967,43800
0.26157574653625487,0.7384242296218873,68754
0.26453489661216734,0.7354650855064392,55390
0.8873032331466675,0.11269673556089402,36017
0.329760879278183,0.6702391505241394,12715
0.4903000473976135,0.509699958562851,11821
0.5123448073863983,0.4876551926136017,46835
0.28164586424827576,0.7183541297912598,35280
0.7846659302711487,0.21533406674861907,51732
0.8390992283821106,0.16090078055858612,33075
0.559148770570755,0.44085122346878053,34273
0.09246091544628143,0.9075390815734863,49663
0.4512264788150787,0.5487735152244568,11640
0.9405698895454406,0.059430117905139926,32497
0.5651341795921325,0.434865802526474,32078
0.41590446829795835,0.5840954899787902,5467
0.11402009278535843,0.8859798908233643,14195
0.7854278922080994,0.21457209289073945,28762
0.8154643535614013,0.18453564047813414,14665
0.3624496042728424,0.6375503897666931,11405
0.6768730044364929,0.32312700152397156,54212
0.3377602994441986,0.6622397065162658,12587
0.7675324440002441,0.23246757686138153,27194
0.8954022169113159,0.10459775775671006,26143
0.7146502614021302,0.2853497266769409,30043
0.6201187610626221,0.379881227016449,9091
0.6561814308166504,0.34381855726242067,47468
0.41025986671447756,0.5897401571273804,30521
0.07516838312149048,0.9248316049575805,69419
0.040881001949310304,0.9591189861297608,51447
0.8933207988739014,0.10667920857667923,22978
0.754521906375885,0.24547805190086364,72763
0.23834721744060516,0.7616528034210205,38573
0.7392327547073364,0.2607672721147537,48508
0.7451213240623474,0.2548786699771881,67211
0.59146568775177,0.40853431820869446,35171
0.6155737996101379,0.3844262003898621,25642
0.517178338766098,0.48282169103622435,5833
0.12421133518218994,0.87578866481781,65685
0.7956858396530151,0.2043141633272171,34917
0.7615233421325683,0.2384766399860382,11421
0.3891201615333557,0.6108798384666443,16427
0.5517919182777404,0.44820810556411744,36399
0.6943136572837829,0.30568636059761045,9635
0.5945276856422425,0.405472332239151,65500
0.7198792695999146,0.2801207363605499,48150
0.55260009765625,0.4473999202251434,23627
0.6259472489356994,0.3740527510643005,44632
0.10522546619176865,0.8947745203971863,49844
0.340316903591156,0.659683108329773,16704
0.7898520946502685,0.21014789640903472,36710
0.16821702420711518,0.8317829728126526,34734
0.7950420022010803,0.2049580067396164,4400
0.25511937141418456,0.7448806166648865,71723
0.1249487578868866,0.8750512599945068,27718
0.9101418137550354,0.08985820263624192,19278
0.10383403897285462,0.896165955066681,18881
0.6312972187995911,0.3687027871608734,58372
0.4408546268939972,0.5591453552246094,24187
0.44504026770591737,0.5549597382545471,21065
0.5614453673362731,0.43855467438697815,30364
0.5998947381973266,0.4001052677631378,43270
0.7979034185409546,0.20209658443927764,31410
0.45607409477233884,0.5439259171485901,16455
0.35346713066101076,0.6465328812599183,59552
0.5884733438491822,0.4115266501903534,27967
0.3242633819580078,0.6757366299629212,12002
0.19894043505191802,0.8010595798492431,67205
0.9284615159034729,0.07153850123286247,49330
0.7822080016136169,0.21779198348522186,60285
0.5416425406932831,0.458357447385788,57358
0.7825135946273803,0.21748642027378082,31702
0.3693995177745819,0.6306005120277405,67366
0.5065881729125976,0.49341179728507994,54800
0.5911603569984436,0.40883965492248536,24334
0.29148380160331727,0.7085161805152893,1176
0.7895399451255798,0.21046006679534912,62323
0.8474078893661499,0.15259212255477905,15153
0.18039999008178711,0.8196000218391418,67918
0.8906879782676697,0.1093120351433754,15075
0.09378378093242645,0.9062162280082703,48170
0.46420947909355165,0.5357904970645905,60776
0.46022491455078124,0.5397750735282898,48472
0.2621899127960205,0.7378100633621216,23871
0.8819662213325501,0.11803377121686935,35762
0.5327920854091645,0.4672078788280487,61112
0.7179901361465454,0.2820098489522934,38903
0.628843367099762,0.3711566388607025,47808
0.36330549120903016,0.6366945266723633,36157
0.2232496976852417,0.7767503142356873,55652
0.5583800435066223,0.4416199207305908,29661
0.31568950712680816,0.684310507774353,138
0.4580163061618805,0.5419837236404419,65990
0.608165979385376,0.39183400869369506,12808
0.7783353090286255,0.22166468799114228,2609
0.8624325871467591,0.1375673770904541,43010
0.8891022205352783,0.11089777201414108,7162
0.32147839665412903,0.6785215735435486,49934
0.19417221546173097,0.8058277726173401,3442
0.6565923929214478,0.3434076189994812,73666
0.38555867671966554,0.6144413352012634,55126
0.5439801514148712,0.45601987838745117,37440
0.11622708439826965,0.8837728857994079,26032
0.6825246572494507,0.3174753308296204,6665
0.3641657531261444,0.635834276676178,17826
0.5675841391086578,0.4324158370494843,30885
0.08823248893022537,0.9117675185203552,30219
0.762070095539093,0.2379298985004425,43425
0.5197650611400604,0.48023493885993956,2976
0.2549275904893875,0.7450724005699157,12891
0.6970499277114868,0.3029500603675842,19610
0.8785333037376404,0.12146670371294022,46616
0.757377028465271,0.24262298047542571,2230
0.4536361575126648,0.5463638067245483,73567
0.6641058087348938,0.33589417338371275,68178
0.14987034797668458,0.8501296877861023,37634
0.6697990298271179,0.3302009403705597,3594
0.36996718049049376,0.6300328493118286,4146
0.6500063180923462,0.3499936699867249,72511
0.5953792631626129,0.40462071895599366,8747
0.3453316330909729,0.6546683311462402,7678
0.5513029038906098,0.44869711995124817,885
0.7027565002441406,0.29724349081516266,64381
0.42582130432128906,0.5741786777973175,11053
0.45105208158493043,0.5489479124546051,8518
0.19890747368335723,0.801092517375946,38836
0.42155312895774844,0.578446877002716,13203
0.6136447787284851,0.3863552212715149,61610
0.6908688306808471,0.3091311752796173,72706
0.1016548901796341,0.8983451128005981,9425
0.49561573266983033,0.5043842732906342,13941
0.8117955565452576,0.18820444345474244,48974
0.34046943187713624,0.6595305562019348,51905
0.9111723184585572,0.088827683031559,61971
0.7025694847106934,0.2974304735660553,29322
0.7563649415969849,0.24363505244255065,67707
0.6441182732582093,0.35588170886039733,9390
0.4054673194885254,0.5945326685905457,61747
0.7378668546676636,0.26213312745094297,5320
0.3445671796798706,0.6554328322410583,35492
0.4722637176513672,0.5277362883090972,12388
0.7449260592460633,0.25507392883300783,20845
0.2515720695257187,0.7484279274940491,9804
0.696221125125885,0.30377884209156036,64012
0.6396053075790405,0.36039469838142396,12758
0.18231680393218994,0.81768319606781,40483
0.47526670098304746,0.5247332513332367,5039
0.5385483503341675,0.4614516496658325,9909
0.16674479842185974,0.8332551717758179,43571
0.5906216263771057,0.40937836170196534,13034
0.6394009232521057,0.3605990707874298,60243
0.2798421084880829,0.7201578974723816,2410
0.18842423260211943,0.8115757584571839,15876
0.4488097608089447,0.5511902570724487,52637
0.22360661923885344,0.7763933897018432,49414
0.6396251320838928,0.3603748381137848,15674
0.400577700138092,0.59942227602005,18302
0.8207853555679321,0.17921465039253234,26523
0.12923915088176727,0.8707608580589294,4847
0.6252768874168396,0.37472313046455386,28560
0.3789632976055145,0.62103670835495,27835
0.5311192035675049,0.46888076663017275,47876
0.39138191342353823,0.6086181163787842,41679
0.3927407681941986,0.6072592496871948,46228
0.44228978753089904,0.5577102422714233,10888
0.5955028295516968,0.40449717044830324,54707
0.21858172118663788,0.7814182758331298,51755
0.6666388988494873,0.3333611011505127,36460
0.5915313243865967,0.408468621969223,28632
0.49326783418655396,0.506732189655304,66946
0.722766387462616,0.27723362743854524,64894
0.8534270167350769,0.14657299667596818,32062
0.6317206382751465,0.36827934980392457,71858
0.9245682716369629,0.07543172612786293,53412
0.604015564918518,0.39598443508148196,68002
0.22413425147533417,0.7758657336235046,34368
0.6261184692382813,0.37388153076171876,60126
0.15630640387535094,0.8436935663223266,37284
0.7976031303405762,0.20239687860012054,40812
0.19312921464443206,0.8068707823753357,29118
0.637019157409668,0.36298086047172545,61765
0.8001509428024292,0.19984904527664185,60375
0.8248621821403503,0.17513785064220427,3715
0.906987464427948,0.09301250874996185,66554
0.3651636004447937,0.6348363637924195,44885
0.2123966932296753,0.7876033186912537,63727
0.2096480369567871,0.7903519630432129,57141
0.669814121723175,0.3301859021186829,17658
0.5318545639514923,0.46814541816711425,42366
0.7186063289642334,0.2813936471939087,11891
0.44454382061958314,0.5554561913013458,41932
0.8689548373222351,0.13104515820741652,47509
0.15287963896989823,0.8471203327178956,73882
0.6031027793884277,0.39689722657203674,47248
0.7775638818740844,0.22243610620498658,36258
0.25108695328235625,0.748913025856018,31852
0.3845286965370178,0.6154713034629822,64303
0.6294991970062256,0.370500773191452,63536
0.8683587074279785,0.1316413089632988,47265
0.43607147336006163,0.5639285206794739,34503
0.43786802887916565,0.5621319532394409,49669
0.910471773147583,0.08952821493148803,60464
0.6613998532295227,0.3386001348495483,49606
0.6607922196388245,0.33920777440071104,35934
0.6715489745140075,0.3284510612487793,10946
0.4873176753520966,0.5126823127269745,18499
0.49838436841964723,0.5016156435012817,52405
0.264420685172081,0.7355793118476868,8415
0.5363078951835633,0.4636921226978302,5253
0.45379878878593444,0.5462012231349945,38945
0.14013977944850922,0.8598602175712585,70333
0.3454135298728943,0.6545864939689636,53515
0.4097514867782593,0.5902485013008117,42797
0.16960067749023439,0.8303993225097657,61453
0.7556146621704102,0.24438532292842866,25985
0.22756461799144745,0.7724353671073914,43092
0.4835292220115662,0.5164707601070404,37935
0.41671671271324157,0.583283293247223,31124
0.15754421055316925,0.842455780506134,47379
0.2116045594215393,0.7883954405784607,49974
0.7037178039550781,0.29628220200538635,59135
0.0799165278673172,0.9200834631919861,71126
0.7316014051437378,0.26839858293533325,36934
0.5864291787147522,0.4135708034038544,41368
0.5703625440597534,0.42963744401931764,64023
0.6569476127624512,0.343052351474762,28080
0.07451644539833069,0.9254835605621338,16101
0.5865638256072998,0.41343616247177123,4773
0.8664286255836486,0.13357136845588685,73539
0.44877396821975707,0.5512260317802429,71717
0.7599326729774475,0.24006733298301697,24267
0.06863384544849396,0.9313661336898804,36518
0.5751935482025147,0.4248064398765564,39683
0.6346589922904968,0.3653409957885742,37832
0.6839410185813903,0.3160589814186096,6586
0.7997103452682495,0.20028963983058928,70974
0.8876795768737793,0.11232040375471115,42455
0.41075308322906495,0.589246928691864,30963
0.8228033900260925,0.1771966189146042,48711
0.8048902869224548,0.19510969519615173,44120
0.5900424838066101,0.4099575102329254,29457
0.20988309681415557,0.7901168823242187,56715
0.6525768399238586,0.34742316603660583,13520
0.14032500833272935,0.8596749901771545,48221
0.29734126925468446,0.702658748626709,73272
0.44847776293754577,0.5515222668647766,73599
0.8391745448112488,0.1608254760503769,21505
0.645837152004242,0.35416285395622255,16424
0.12688356190919875,0.8731164455413818,867
0.31452364921569825,0.6854763746261596,69701
0.8263500094413757,0.17364999353885652,62693
0.8985374093055725,0.10146257728338241,52699
0.16855171024799348,0.8314482927322387,47002
0.6497730851173401,0.3502269506454468,41750
0.9118816614151001,0.08811832219362259,19537
0.7725534081459046,0.22744659185409546,36772
0.857863974571228,0.14213604032993316,66883
0.10379959344863891,0.8962003946304321,12267
0.7586348176002502,0.24136519134044648,28596
0.030524450168013573,0.969475531578064,59030
0.42729816436767576,0.5727018356323242,49597
0.22476877570152282,0.7752312302589417,2062
0.747361671924591,0.2526383429765701,23314
0.5504035115242004,0.44959651231765746,7809
0.7689799904823303,0.2310200184583664,14147
0.5994199514389038,0.40058005452156065,61972
0.4566527664661407,0.5433472394943237,47999
0.6696820735931397,0.3303179144859314,26378
0.31480735540390015,0.6851926565170288,68688
0.8039368391036987,0.1960631400346756,20058
0.6468995451927185,0.353100460767746,73408
0.39159069061279295,0.608409297466278,53270
0.5728638768196106,0.4271361410617828,61401
0.5760273575782776,0.42397262454032897,72059
0.6299881935119629,0.3700118064880371,2400
0.13338076770305635,0.8666192173957825,59311
0.3225493490695953,0.6774506330490112,73724
0.9193894028663635,0.080610591173172,60203
0.2711857110261917,0.7288142919540406,23599
0.3685250699520111,0.6314749479293823,10701
0.6834333062171936,0.3165666997432709,17599
0.6392184257507324,0.3607815682888031,40203
0.5299329638481141,0.47006704211235045,36326
0.11782944649457931,0.8821705460548401,16085
0.46318693161010743,0.5368130326271057,49121
0.4643383324146271,0.5356616735458374,8278
0.4591823160648346,0.5408176839351654,68873
0.6121770560741424,0.38782293200492857,63055
0.7742343425750733,0.2257656693458557,54366
0.4283961296081543,0.5716038584709168,59232
0.7564659595489502,0.24353403449058533,15913
0.6469206571578979,0.3530793309211731,25357
0.6379549860954284,0.362045031785965,19689
0.09357595294713975,0.9064240455627441,50973
0.8474173307418823,0.15258266925811767,46650
0.7070373296737671,0.29296265840530394,52832
0.6663801312446594,0.33361987471580506,70665
0.693125307559967,0.306874680519104,59419
0.8012133598327636,0.19878662824630738,192
0.7874118447303772,0.2125881403684616,42555
0.15363560020923614,0.846364414691925,31403
0.6186619758605957,0.38133804202079774,27841
0.7583099246025086,0.24169008433818817,57077
0.7954341053962708,0.2045659065246582,7539
0.7789048433303833,0.22109516561031342,64540
0.9178037762641906,0.08219621628522873,56352
0.5110513627529144,0.4889486491680145,43237
0.49810497760772704,0.5018949985504151,40709
0.35727503299713137,0.6427249670028686,51666
0.5992567539215088,0.40074325203895567,30782
0.7711232423782348,0.2288767695426941,49349
0.07796844393014908,0.922031569480896,40934
0.31873092651367185,0.6812690377235413,11913
0.5390460312366485,0.46095397472381594,69858
0.5704277634620667,0.4295722484588623,51871
0.5501102328300476,0.4498897671699524,31444
0.63455810546875,0.3654419004917145,57811
0.6304524302482605,0.36954753994941714,33752
0.5433427572250367,0.4566572427749634,49562
0.6076410293579102,0.3923589885234833,72354
0.26755750775337217,0.7324425101280212,61867
0.46706825494766235,0.5329317629337311,17486
0.7414206862449646,0.25857930481433866,56555
0.8613344430923462,0.1386655703186989,753
0.37623003125190735,0.6237699627876282,40824
0.5922013044357299,0.40779868960380555,38345
0.34890117049217223,0.6510988116264343,46269
0.5306689202785492,0.46933106780052186,52897
0.4313058614730835,0.568694120645523,24346
0.8032609462738037,0.1967390298843384,4381
0.6753263831138611,0.3246736407279968,9557
0.45696830153465273,0.5430316984653473,822
0.5640521287918091,0.4359478771686554,10400
0.6137160062789917,0.38628398776054385,5942
0.13121747374534606,0.8687825322151184,28552
0.6628944873809814,0.3371055006980896,66729
0.7040578842163085,0.2959421217441559,38570
0.34443711638450625,0.6555628657341004,23851
0.6869478106498719,0.31305217146873476,53043
0.3513082444667816,0.6486917495727539,22775
0.3670977294445038,0.6329023003578186,26193
0.800104808807373,0.19989519119262694,70732
0.6421784639358521,0.3578215420246124,53557
0.18743091821670532,0.8125691294670105,62370
0.11547263115644454,0.8845273852348328,13444
0.9087077975273132,0.09129222482442856,56812
0.841122817993164,0.1588771790266037,45149
0.07397923171520233,0.9260207653045655,57455
0.617289924621582,0.38271005153656007,21101
0.6837126851081848,0.31628731489181516,40660
0.7613391995429992,0.23866080939769746,12256
0.8656483888626099,0.13435162603855133,29932
0.6152737736701965,0.3847262144088745,26683
0.35811883211135864,0.6418811678886414,39106
0.41367005109786986,0.5863299369812012,53809
0.11146705448627472,0.8885329246520997,55485
0.12012926787137986,0.8798707127571106,73596
0.7795549988746643,0.2204450011253357,2732
0.522270393371582,0.477729594707489,10022
0.7600216031074524,0.23997841477394105,30508
0.3008927345275879,0.6991072654724121,24224
0.5603908419609069,0.4396091282367706,39053
0.659386670589447,0.3406133234500885,49988
0.5788055300712586,0.42119446992874143,50733
0.49828729033470154,0.5017127096652985,16175
0.07469547390937806,0.9253045201301575,43497
0.41374441981315613,0.5862555503845215,4231
0.5458987832069397,0.4541012167930603,25748
0.44115267395973207,0.5588473320007324,25266
0.14966238737106324,0.8503376007080078,40006
0.8706940174102783,0.12930600047111512,47135
0.14364570379257202,0.856354296207428,27284
0.056207848340272905,0.9437921404838562,62708
0.8973408102989197,0.10265920609235764,73170
0.10177931040525437,0.8982206821441651,27584
0.2325639009475708,0.7674361109733582,43423
0.33188876509666443,0.6681112408638,44109
0.8443004727363587,0.15569953322410585,54290
0.5706135511398316,0.4293864369392395,71279
0.49975925087928774,0.5002407491207123,2580
0.21337928473949433,0.7866207003593445,59923
0.7006343960762024,0.2993656396865845,24077
0.8688040494918823,0.13119594752788544,40146
0.23785556554794313,0.7621444344520569,10563
0.11166146993637086,0.8883385300636292,58779
0.8317631602287292,0.16823682487010955,61125
0.12144603431224824,0.8785539388656616,10699
0.6782600998878479,0.3217398524284363,49311
0.07937325239181518,0.9206267595291138,20613
0.6725980877876282,0.3274019181728363,61221
0.3245882153511047,0.6754117608070374,55072
0.8365483999252319,0.16345158219337463,23583
0.5196555376052856,0.48034443855285647,18576
0.49039633870124816,0.5096036791801453,73989
0.1280525490641594,0.8719474911689759,199
0.5349592506885529,0.4650407373905182,6692
0.8946961045265198,0.10530387908220291,51768
0.564604890346527,0.43539515137672424,22201
0.8339132905006409,0.16608670353889465,68509
0.4190653920173645,0.5809346199035644,18599
0.4438694417476654,0.5561305761337281,39630
0.39709253907203673,0.6029074430465698,43498
0.18820582330226898,0.8117941856384278,44054
0.27348304986953736,0.7265169620513916,61697
0.5221171259880066,0.4778828799724579,67265
0.6505778789520263,0.3494221389293671,36545
0.3616559088230133,0.6383440971374512,3630
0.059610451012849806,0.9403895378112793,14082
0.06059431657195091,0.9394056677818299,61312
0.5474391937255859,0.4525607883930206,17129
0.25251780450344086,0.7474822044372559,58899
0.5406182765960693,0.4593817234039307,4027
0.3804851949214935,0.6195148348808288,41008
0.3439115583896637,0.6560884594917298,54142
0.47020465731620786,0.5297953307628631,19032
0.5862112402915954,0.4137887418270111,47275
0.462113356590271,0.537886667251587,35317
0.6988288283348083,0.3011711597442627,29361
0.47278276085853577,0.5272172451019287,40901
0.09120644479990006,0.9087935447692871,61005
0.33767381906509397,0.662326169013977,6492
0.18372090458869933,0.8162790656089782,47937
0.11328104436397553,0.8867189288139343,26098
0.4685757040977478,0.5314242720603943,11314
0.0831285372376442,0.916871452331543,33396
0.4046416401863098,0.5953583478927612,66243
0.8073704838752747,0.19262953996658325,37830
0.6784502744674683,0.32154970765113833,36586
0.2546698600053787,0.7453301548957825,58051
0.4836563766002655,0.5163435995578766,26406
0.3882206857204437,0.6117793083190918,52964
0.201884987950325,0.7981149911880493,57793
0.10801778584718705,0.8919822096824646,25639
0.7520436525344849,0.24795635044574738,59598
0.17164058685302735,0.8283594131469727,7482
0.2737320750951767,0.7262679219245911,69965
0.5039695143699646,0.496030455827713,11134
0.12396422922611236,0.8760357737541199,42571
0.36402701735496523,0.6359729647636414,55947
0.9243356585502625,0.07566435933113098,73127
0.5814266443252564,0.4185733497142792,21157
0.7790791273117066,0.22092086672782899,670
0.7863438367843628,0.21365616023540496,47978
0.09539880454540253,0.9046011924743652,59279
0.5314507007598877,0.4685492992401123,69550
0.8897566556930542,0.11024336516857147,36155
0.5000408470630646,0.4999591469764709,42176
0.3522809982299805,0.6477190256118774,57913
0.6423726558685303,0.35762734413146974,60495
0.3925809502601624,0.6074190378189087,71291
0.23180930614471434,0.7681906938552856,21137
0.8210614681243896,0.17893849909305573,4129
0.18912476748228074,0.8108752369880676,47440
0.6239667773246765,0.37603322267532346,10599
0.8809954285621643,0.11900456696748733,12641
0.6210959196090698,0.37890409827232363,18608
0.307317715883255,0.6926822662353516,7681
0.6718681335449219,0.32813183069229124,55663
0.43520774245262145,0.5647922635078431,34392
0.5180814981460571,0.4819185256958008,8722
0.47205160856246947,0.5279483914375305,23480
0.1604277342557907,0.839572274684906,49206
0.7495917439460754,0.2504082381725311,31547
0.8132031321525574,0.1867968648672104,73810
0.49573063254356386,0.5042693555355072,10850
0.4663067638874054,0.5336932420730591,20671
0.7774527072906494,0.2225472718477249,19806
0.5630246520042419,0.4369753360748291,22266
0.41192432641983034,0.5880756855010987,56276
0.07294851839542389,0.9270515084266663,4163
0.6561977386474609,0.34380226135253905,48285
0.575139319896698,0.4248607039451599,36039
0.595181941986084,0.40481808185577395,55308
0.6611574649810791,0.3388425350189209,60938
0.8134556174278259,0.18654436469078065,55235
0.7840646028518676,0.21593539416790009,58427
0.49790557026863097,0.5020944178104401,67951
0.7130374550819397,0.2869625598192215,8953
0.5723535537719726,0.42764642238616946,56168
0.6861987233161926,0.31380130648612975,4813
0.4025256156921387,0.5974743604660034,50476
0.20670065581798552,0.7932993650436402,57268
0.28797055780887604,0.7120294332504272,71028
0.33546164631843567,0.6645383596420288,37514
0.37447218894958495,0.625527822971344,72700
0.7064923405647278,0.29350765347480773,61767
0.6381814837455749,0.36181851029396056,33285
0.6737501740455627,0.3262498140335083,49373
0.4479621112346649,0.5520378708839416,68712
0.376267409324646,0.6237325966358185,36870
0.4429221868515015,0.5570778131484986,58127
0.17219546139240266,0.8278045415878296,10882
0.3183239340782166,0.6816760897636414,65542
0.7633678793907166,0.23663210272789,6693
0.059212151914834976,0.9407878398895264,64255
0.7991602301597596,0.2008397698402405,18636
0.3506267428398132,0.6493732810020447,30902
0.7718900084495545,0.22811000049114227,60323
0.15160768628120422,0.8483922958374024,63437
0.20039473176002504,0.7996052980422974,44902
0.8608182191848754,0.13918178230524064,24457
0.6262351036071777,0.3737648963928223,34936
0.5826844453811646,0.41731558442115785,65272
0.2627817869186401,0.7372182130813598,26467
0.5749493837356567,0.42505061626434326,39262
0.5274953842163086,0.47250463962554934,14859
0.0614410437643528,0.9385589599609375,43893
0.7631954669952392,0.23680450320243834,63455
0.26384077668190004,0.7361592292785645,25859
0.683311152458191,0.31668885350227355,71403
0.706174886226654,0.293825101852417,10594
0.5767682194709778,0.42323178648948667,55086
0.3775800406932831,0.622419935464859,70516
0.1395002156496048,0.8604997754096985,9135
0.28547916412353513,0.7145208358764649,5032
0.8332650423049927,0.166734978556633,56365
0.37173870801925657,0.6282612681388855,56405
0.8028457641601563,0.19715424478054047,43984
0.39909499883651733,0.6009050011634827,74140
0.6080940008163452,0.3919059932231903,11129
0.7777581095695496,0.2222419023513794,37770
0.3571342647075653,0.6428657054901123,66609
0.3313012719154358,0.6686987400054931,53537
0.7356032729148865,0.26439672112464907,71924
0.5275668740272522,0.47243310809135436,10742
0.6177903413772583,0.3822096586227417,37300
0.8115403771400451,0.18845963776111602,58301
0.6394592761993408,0.36054075956344606,43531
0.1197868213057518,0.8802131772041321,10541
0.7544158935546875,0.24558407664299012,54977
0.6556774020195008,0.34432260394096376,10870
0.8614317893981933,0.13856822699308396,7877
0.7480730175971985,0.2519270032644272,19859
0.5580908775329589,0.4419091403484344,53013
0.8796134948730469,0.1203864872455597,69888
0.5939412474632263,0.40605875849723816,53733
0.8914156556129456,0.1085843414068222,23913
0.700942873954773,0.29905710816383363,34789
0.1438545450568199,0.8561454772949219,33704
0.3658837258815765,0.63411625623703,33635
0.43481634855270385,0.5651836514472961,7728
0.5644706726074219,0.4355293452739716,54268
0.515975832939148,0.484024178981781,56406
0.8493909239768982,0.1506090819835663,36444
0.47074768543243406,0.5292523145675659,1450
0.6488729834556579,0.35112701654434203,10844
0.7706522583961487,0.22934772968292236,33610
0.7279735326766967,0.27202645838260653,1098
0.4974468469619751,0.5025531351566315,43273
0.4504980146884918,0.5495019733905793,2166
0.7350444436073303,0.26495557725429536,31841
0.5845027923583984,0.4154972076416016,19314
0.17372030913829803,0.8262797117233276,49535
0.7056344985961914,0.29436550140380857,65647
0.6054319262504577,0.3945680856704712,35238
0.31701129078865053,0.6829887390136719,62327
0.42819634079933167,0.5718036532402039,27873
0.6618693709373474,0.3381306052207947,27243
0.4009557068347931,0.5990443050861358,31014
0.5399695694446563,0.46003042459487914,33484
0.7644165396690369,0.23558347225189208,73730
0.639708399772644,0.3602916181087494,57075
0.2814821511507034,0.7185178518295288,18139
0.23052287995815277,0.769477128982544,1793
0.19771582782268524,0.8022841691970826,59889
0.323022598028183,0.6769773840904236,61093
0.4754725813865662,0.5245274066925049,57538
0.738438081741333,0.26156189739704133,22872
0.346794593334198,0.653205394744873,8450
0.8280144333839417,0.17198556661605835,46606
0.694210684299469,0.30578932762145994,33733
0.7611692786216736,0.23883073031902313,44427
0.22706004679203035,0.772939944267273,9127
0.538931405544281,0.46106860041618347,33918
0.1331625461578369,0.866837477684021,18277
0.5683556795120239,0.4316443204879761,35021
0.10343197137117385,0.8965680241584778,52003
0.4926176488399506,0.5073823153972625,9736
0.5358728885650634,0.4641271233558655,73137
0.18453228175640107,0.8154677271842956,52672
0.2624434381723404,0.7375565886497497,2645
0.23706830739974977,0.7629317045211792,51230
0.6149020791053772,0.38509790897369384,51064
0.3405406534671783,0.6594593524932861,41162
0.5779076337814331,0.4220923721790314,52315
0.8741963148117066,0.1258036658167839,67523
0.4938222348690033,0.5061777651309967,25813
0.6994042038917542,0.3005957931280136,40579
0.5398133099079132,0.46018668413162234,40494
0.5214209616184234,0.478579044342041,33105
0.7275279641151429,0.2724720239639282,52200
0.09323253780603409,0.9067674279212952,43735
0.4314566731452942,0.5685433268547058,41763
0.7185444116592408,0.2814555883407593,9277
0.23218100965023042,0.7678189754486084,53448
0.7410540223121643,0.25894598066806795,63121
0.1645171195268631,0.8354828715324402,21029
0.8374601602554321,0.16253981590270997,29775
0.6276442885398865,0.372355717420578,51895
0.5257823228836059,0.47421770095825194,55995
0.42022496461868286,0.5797750353813171,51221
0.07782744020223617,0.9221725463867188,68261
0.23342835605144502,0.7665716767311096,65837
0.8813367486000061,0.11866324245929719,59877
0.7188773512840271,0.2811226487159729,66679
0.6474377870559692,0.35256221890449524,23367
0.23270756900310516,0.7672924518585205,37659
0.7920367479324341,0.2079632520675659,60324
0.5819376826286315,0.4180623173713684,32109
0.4712028443813324,0.5287971675395966,74038
0.2458142191171646,0.7541857719421386,43913
0.1424354523420334,0.8575645685195923,26699
0.4091635882854462,0.5908363819122314,71223
0.17532095611095427,0.8246790170669556,55053
0.34084486961364746,0.6591551065444946,42466
0.6875437021255493,0.31245629489421844,66354
0.1684468686580658,0.8315531134605407,980
0.12663995176553727,0.8733600497245788,43110
0.6944187998771667,0.30558122992515563,53926
0.16568352580070494,0.8343164682388305,70058
0.9365594983100891,0.06344051212072373,66137
0.0944717526435852,0.9055282473564148,44854
0.39155218601226804,0.608447813987732,33190
0.25811674296855924,0.7418832659721375,43585
0.4988085269927979,0.5011914908885956,39672
0.11945564746856689,0.8805443406105041,13586
0.9101982712745667,0.08980173170566559,31184
0.7357755780220032,0.2642244130373001,15577
0.7357757687568665,0.2642242223024368,29756
0.08553785979747772,0.9144621372222901,3637
0.24147917032241822,0.7585208177566528,40348
0.3328255951404572,0.6671743869781495,39623
0.6790163278579712,0.32098364233970644,11969
0.2831162571907043,0.7168837785720825,27490
0.5620873451232911,0.4379126369953156,47481
0.9105051755905151,0.08949483633041382,2308
0.45060974955558775,0.5493902444839478,60240
0.4804045021533966,0.5195955276489258,49695
0.7186638116836548,0.28133619129657744,52007
0.24224544763565065,0.7577545762062072,21491
0.2437538355588913,0.7562461376190186,58036
0.6953786611557007,0.3046213507652283,43424
0.793782091140747,0.2062179058790207,65707
0.489272540807724,0.510727447271347,71203
0.3333398997783661,0.6666600704193115,28519
0.30443425178527833,0.6955657839775086,15960
0.5797316789627075,0.4202683389186859,50033
0.1019692599773407,0.8980307698249816,73601
0.6385846734046936,0.36141532063484194,63372
0.6899991393089294,0.3100008726119995,111
0.8491270422935486,0.15087293088436127,32371
0.27176994681358335,0.7282300353050232,72134
0.235770782828331,0.7642291903495788,68452
0.6065990090370178,0.3934009552001953,4700
0.3633699297904968,0.6366300702095031,28862
0.6142832517623902,0.3857167482376099,12048
0.10505420565605164,0.8949458003044128,50198
0.7784222841262818,0.22157771587371827,51750
0.3500059247016907,0.6499940872192382,51407
0.337455153465271,0.6625448226928711,41650
0.5467130541801453,0.4532869398593903,9083
0.6327335596084595,0.36726643443107604,7912
0.8761689186096191,0.12383107393980027,18514
0.570905339717865,0.42909468412399293,25834
0.1670876055955887,0.8329123973846435,31960
0.48571026921272276,0.5142897605895996,53406
0.4305760025978088,0.5694239854812622,70920
0.22660436630249023,0.7733956575393677,16339
0.4357317328453064,0.5642682552337647,53444
0.090630804002285,0.9093691945075989,58377
0.33646819591522215,0.6635318160057068,68962
0.7112417936325073,0.2887582004070282,47503
0.7590341925621032,0.24096583127975463,22720
0.7172109723091126,0.28278903365135194,56672
0.32787437438964845,0.6721256256103516,12933
0.6186911821365356,0.3813088059425354,45702
0.5871162652969361,0.4128837168216705,53134
0.15697481036186217,0.8430251955986023,21550
0.5132422626018525,0.48675777316093444,46719
0.5724969267845154,0.42750308513641355,18995
0.1210722953081131,0.8789276838302612,11213
0.6818416714668274,0.3181583404541016,73609
0.38619115948677063,0.6138088583946228,64866
0.49365128874778746,0.506348717212677,73576
0.2353813350200653,0.7646186590194702,40361
0.47591820955276487,0.5240817904472351,15046
0.45131216645240785,0.5486878275871276,26295
0.47998945116996766,0.5200105428695678,43608
0.44672647714614866,0.553273493051529,19469
0.824566125869751,0.17543385028839112,28868
0.2703006327152252,0.7296993494033813,16887
0.4456510841846466,0.5543489158153534,18304
0.6255539298057556,0.3744460463523865,54377
0.4619349539279938,0.5380650401115418,73285
0.7677696943283081,0.23223031163215638,16094
0.09153154492378235,0.9084684610366821,10180
0.8531626462936401,0.14683735817670823,54672
0.4923653781414032,0.5076346218585968,66693
0.42767813205718996,0.5723218441009521,16618
0.180935537815094,0.8190644979476929,5013
0.2207881361246109,0.7792118668556214,55982
0.1425631046295166,0.8574368953704834,25230
0.7874404311180114,0.21255957186222077,51380
0.590711236000061,0.4092887580394745,13677
0.1374697357416153,0.8625302910804749,57216
0.58703111410141,0.41296889781951907,66930
0.6191999077796936,0.3808000922203064,61615
0.5129300713539123,0.48706992268562316,65875
0.9318536758422852,0.06814632788300515,11839
0.7513941526412964,0.24860582649707794,14553
0.24231308698654175,0.7576869130134583,3394
0.6832296013832092,0.3167704105377197,11788
0.8885086655616761,0.1114913359284401,24324
0.509064668416977,0.4909352958202362,7874
0.48045981526374815,0.5195401966571808,22527
0.13182709664106368,0.8681729078292847,35759
0.7466259121894836,0.2533740997314453,71323
0.37905778288841246,0.620942223072052,1022
0.11810286343097687,0.8818971395492554,22849
0.41607452630996705,0.583925461769104,9394
0.7890753865242004,0.21092461347579955,59592
0.19011102020740508,0.8098889827728272,69756
0.6842165946960449,0.315783417224884,8241
0.807830536365509,0.19216949939727784,56078
0.6229446768760681,0.37705532014369963,39997
0.4377411723136902,0.5622588634490967,64233
0.6744644999504089,0.3255355179309845,21821
0.6462554335594177,0.35374454259872434,7150
0.871396517753601,0.12860346287488938,41513
0.6036071896553039,0.396392822265625,58751
0.5723021507263184,0.4276978552341461,64689
0.8872754454612732,0.11272455900907516,68416
0.2751150667667389,0.7248849272727966,5325
0.15290231108665467,0.8470976948738098,38858
0.20289734303951262,0.7971026539802551,38154
0.9269865393638611,0.07301345393061638,42476
0.8324628114700318,0.16753715872764588,25998
0.8587884187698365,0.14121158570051193,26968
0.3545828819274902,0.6454171299934387,27036
0.1633342057466507,0.8366657733917237,44249
0.7584291696548462,0.24157082438468933,48538
0.7062428951263428,0.2937570929527283,26777
0.5605894565582276,0.43941051363945005,62497
0.32462247610092165,0.6753775477409363,62368
0.5962167739868164,0.4037832021713257,58492
0.43454797863960265,0.565451979637146,27380
0.7068248152732849,0.29317519068717957,29445
0.7829859375953674,0.2170140564441681,29116
0.21607017815113067,0.7839298129081727,69516
0.4552928149700165,0.5447071850299835,8818
0.4508493900299072,0.5491505861282349,44617
0.2087538242340088,0.7912461638450623,33830
0.113430717587471,0.8865693211555481,49078
0.28949856460094453,0.7105014562606812,1672
0.6186741709709167,0.3813258409500122,38435
0.5697525620460511,0.43024746179580686,23181
0.218254753947258,0.7817452669143676,70372
0.3035282611846924,0.6964717149734497,58884
0.43283980488777163,0.5671601951122284,37326
0.5437671542167664,0.45623284578323364,1381
0.5013797998428344,0.49862018823623655,58683
0.36333675384521485,0.6366632223129273,65015
0.4719474494457245,0.5280525743961334,43720
0.2401582658290863,0.7598417282104493,63904
0.7098006248474121,0.29019941091537477,28807
0.07874031215906144,0.9212597131729126,39097
0.9132377862930298,0.0867622286081314,60749
0.8368148684501648,0.16318514049053193,25625
0.9176978826522827,0.08230211436748505,40763
0.8206000924110413,0.17939992249011993,8189
0.8275276064872742,0.17247240841388703,21544
0.5062694728374482,0.4937305450439453,30051
0.8525072574615479,0.14749274998903275,69441
0.7854673027992248,0.21453269720077514,51677
0.37261641025543213,0.627383577823639,11792
0.42928125858306887,0.5707187533378602,40342
0.9188194155693055,0.08118057698011398,17282
0.5865447521209717,0.4134552299976349,22648
0.6332221865653992,0.3667777836322784,30480
0.5350909888744354,0.4649090528488159,33812
0.24412389993667602,0.755876088142395,41498
0.1285693407058716,0.8714306473731994,11822
0.08896672874689102,0.911033296585083,57696
0.8888961434364319,0.11110386103391648,68913
0.5848640084266663,0.4151360094547272,29316
0.4396267056465149,0.5603733003139496,60555
0.6380097389221191,0.3619902551174164,34731
0.839643371105194,0.16035663783550264,62790
0.7748420834541321,0.22515790462493895,43345
0.38490572571754456,0.615094268321991,27973
0.29695033431053164,0.7030496716499328,8914
0.14946997463703154,0.8505300164222718,48224
0.5833885073661804,0.4166114866733551,49629
0.4755964934825897,0.5244035243988037,35351
0.7797263622283935,0.2202736556529999,66715
0.8916111469268799,0.10838886946439744,2758
0.3995846390724182,0.6004153609275817,3758
0.4334309697151184,0.5665690422058105,49390
0.10682880580425262,0.8931711792945862,50772
0.13805992305278778,0.86194007396698,57437
0.40400577187538145,0.5959942221641541,40167
0.8696648359298706,0.13033514767885207,27709
0.4140299022197723,0.585970115661621,38327
0.23143442571163178,0.768565547466278,45764
0.7605769395828247,0.23942307233810425,45585
0.7229440450668335,0.2770559638738632,63748
0.5499439001083374,0.4500561058521271,26460
0.26172672510147094,0.738273286819458,19722
0.4120681345462799,0.5879318833351135,27185
0.8139454603195191,0.18605454862117768,48735
0.2777743607759476,0.7222256541252137,26557
0.560820209980011,0.439179790019989,16854
0.6055518507957458,0.3944481611251831,51862
0.6890627026557923,0.31093727946281435,13906
0.3849467933177948,0.6150532007217407,5247
0.6803008198738099,0.3196991622447968,54555
0.5194014191627503,0.48059858083724977,43552
0.610796082019806,0.3892039358615875,891
0.9429511666297913,0.05704885348677635,60330
0.797971761226654,0.20202823877334594,49063
0.7644086122512818,0.235591384768486,56865
0.8985053777694703,0.10149463117122651,43796
0.5298397004604339,0.47016029953956606,31628
0.6962910413742065,0.30370893478393557,3438
0.25670290887355807,0.7432971000671387,38694
0.6258969902992249,0.3741030216217041,72487
0.6208277821540833,0.3791722357273102,26250
0.2992700546979904,0.7007299184799194,18366
0.6056275963783264,0.3943724036216736,26407
0.34018889665603635,0.6598111033439636,62336
0.34432215094566343,0.655677855014801,40363
0.39236873388290405,0.6076312899589539,4230
0.3855026543140411,0.6144973516464234,60575
0.5429582118988037,0.45704181790351867,48619
0.5217414796352386,0.47825852036476135,17006
0.8254096031188964,0.17459040582180024,1633
0.7066497564315796,0.2933502376079559,220
0.7881027221679687,0.2118972659111023,30668
0.8748265147209168,0.12517346143722535,19804
0.18010520040988923,0.8198948264122009,21777
0.582693898677826,0.41730608344078063,9919
0.5327087700366974,0.4672912240028381,11616
0.3945732355117798,0.6054267525672913,67870
0.30446304082870485,0.695536994934082,72358
0.4807824730873108,0.519217562675476,19287
0.25116099417209625,0.748838996887207,39757
0.27235891222953795,0.7276411056518555,64222
0.6844101667404174,0.3155898451805115,61204
0.35067473649978637,0.6493252635002136,40232
0.17511250376701354,0.824887502193451,63837
0.15941548049449922,0.8405845165252686,27848
0.7191921472549438,0.2808078765869141,21715
0.5310401439666748,0.4689599096775055,6757
0.49173927307128906,0.5082606971263885,2649
0.5358283817768097,0.4641716003417969,31085
0.5661237835884094,0.43387619256973264,7953
0.22364866733551025,0.7763513326644897,20364
0.6965396523475647,0.30346034169197084,43634
0.8224337697029114,0.17756620645523072,23618
0.2613410472869873,0.7386589884757996,26323
0.21940802931785583,0.7805919885635376,58784
0.9101510167121887,0.08984899818897248,56246
0.35701958537101747,0.642980420589447,8830
0.4712253987789154,0.5287745833396912,51904
0.22526130676269532,0.7747387051582336,37512
0.390587842464447,0.609412157535553,60337
0.4890971004962921,0.5109028935432434,14821
0.7260956764221191,0.2739043146371841,14654
0.8129577279090882,0.18704226911067962,57519
0.3335230380296707,0.6664769411087036,44931
0.8381747961044311,0.16182520985603333,57404
0.6039763808250427,0.3960236132144928,8054
0.6923494577407837,0.3076505422592163,21190
0.6591173410415649,0.3408826529979706,34369
0.6664673566818238,0.3335326910018921,26868
0.8199164032936096,0.1800835981965065,62619
0.575614196062088,0.42438581585884094,23126
0.7559267401695251,0.2440732479095459,1277
0.6059366822242737,0.39406332969665525,3314
0.2080404967069626,0.7919595241546631,66801
0.7516659259796142,0.24833405911922454,41495
0.45316098928451537,0.5468390047550201,40399
0.81451416015625,0.1854858547449112,55435
0.4538774788379669,0.5461225092411042,70847
0.5339177310466766,0.4660822629928589,252
0.688629424571991,0.3113705813884735,1735
0.352526581287384,0.647473418712616,40188
0.7797733783721924,0.22022660672664643,66496
0.49048749804496766,0.5095124959945678,71488
0.6550084471702575,0.344991534948349,60680
0.6450299501419068,0.35497007966041566,24802
0.7364795804023743,0.2635204136371613,12623
0.5109111487865448,0.4890888690948486,60132
0.20795584321022034,0.7920441627502441,12994
0.36622052192687987,0.6337794780731201,69320
0.2805748969316483,0.719425106048584,709
0.5910011768341065,0.4089988112449646,36561
0.24077203273773193,0.7592279314994812,47874
0.20317241847515105,0.7968275904655456,23251
0.33753462433815,0.6624653816223145,145
0.415241938829422,0.5847580790519714,4473
0.19206440448760986,0.8079355835914612,40684
0.6827773094177246,0.31722270250320433,9725
0.884186327457428,0.11581364274024963,25068
0.659838080406189,0.34016194343566897,2418
0.7265990734100342,0.27340090572834014,67899
0.7225441932678223,0.2774558037519455,36558
0.5862885355949402,0.4137114703655243,57765
0.7561645984649659,0.243835386633873,66719
0.6052907586097718,0.39470923542976377,61978
0.8047112941741943,0.1952887237071991,54045
0.4411712884902954,0.5588287115097046,29805
0.6242765069007874,0.37572346329689027,3639
0.6914955139160156,0.3085044980049133,30926
0.6900419235229492,0.3099580854177475,26859
0.7182357788085938,0.28176422119140626,62217
0.5434260129928589,0.45657398700714114,3875
0.7604428291320801,0.2395571768283844,35570
0.07844887822866439,0.9215511083602905,64011
0.29271302223205564,0.7072869896888733,50906
0.5824557065963745,0.4175443112850189,5549
0.34761221408843995,0.6523877739906311,17589
0.09092170298099518,0.9090782880783081,54455
0.5557263135910034,0.4442736804485321,60127
0.8818239092826843,0.11817608773708344,30775
0.4448194980621338,0.5551805078983307,15979
0.5998085856437683,0.4001914083957672,25874
0.8452024221420288,0.1547975495457649,33048
0.1946939468383789,0.8053060650825501,26352
0.09818990081548691,0.901810085773468,36950
0.27367148399353025,0.7263285160064697,3868
0.754162335395813,0.24583766162395476,70762
0.6987932324409485,0.30120679140090945,5936
0.2823753297328949,0.7176246643066406,54666
0.8315606594085694,0.1684393584728241,62160
0.6674103975296021,0.3325896173715591,7973
0.791908574104309,0.20809142291545868,30529
0.7266034007072448,0.2733966261148453,23437
0.6816166400909424,0.31838335394859313,50516
0.3000822812318802,0.699917733669281,66909
0.29200018644332887,0.7079998135566712,73872
0.34527493715286256,0.6547250390052796,55519
0.7749230623245239,0.22507692873477936,18520
0.23781608045101166,0.762183940410614,23616
0.7341346144676208,0.2658653974533081,50041
0.4529880523681641,0.5470119476318359,32840
0.4074234664440155,0.59257652759552,13127
0.6773885607719421,0.32261145710945127,59397
0.7068287134170532,0.29317129254341123,37836
0.8117880344390869,0.18821194171905517,34982
0.5801592826843261,0.41984071135520934,915
0.8906462073326111,0.10935379564762115,70406
0.5625386238098145,0.43746137619018555,17968
0.3529257416725159,0.6470742583274841,7065
0.5701118886470795,0.42988807559013364,17542
0.46495681405067446,0.5350431978702546,16663
0.7583884596824646,0.2416115492582321,19574
0.2775171250104904,0.7224829077720643,16781
0.07347167655825615,0.9265283226966858,2103
0.27261762917041776,0.7273823499679566,38833
0.6580793261528015,0.34192068576812745,71698
0.5682329654693603,0.43176702260971067,60257
0.6388357639312744,0.36116425395011903,73967
0.7120769858360291,0.2879230558872223,1073
0.3614103853702545,0.638589608669281,71576
0.7949273467063904,0.20507265329360963,21974
0.3541160821914673,0.6458839178085327,3396
0.07759249061346055,0.9224074959754944,33591
0.6229240298271179,0.37707597613334654,36645
0.7879506468772888,0.21204935312271117,36415
0.21312750577926637,0.7868724822998047,56937
0.9299374341964721,0.07006257772445679,19402
0.21655620634555817,0.7834437966346741,49141
0.749801778793335,0.2501982182264328,15011
0.6728705763816833,0.32712942361831665,54169
0.6367114186286926,0.3632886052131653,57003
0.7807196378707886,0.2192803740501404,30548
0.5655611872673034,0.43443883061408994,46952
0.5166464030742646,0.483353590965271,28374
0.3314895868301392,0.6685104012489319,72932
0.3867461919784546,0.6132538080215454,4504
0.1632084459066391,0.8367915630340577,69096
0.76335209608078,0.23664785027503968,1901
0.7182613849639893,0.28173860609531404,68821
0.5584333300590515,0.44156667590141296,5541
0.39573456048965455,0.6042654514312744,10736
0.1543765753507614,0.8456234335899353,675
0.48928952813148496,0.510710483789444,26423
0.5110680043697358,0.4889319956302643,15128
0.822430419921875,0.17756956815719604,31004
0.9270799994468689,0.07292000353336334,28704
0.7989814281463623,0.20101857781410218,41562
0.1870582789182663,0.8129417181015015,22457
0.5277721345424652,0.4722278773784637,70540
0.10331607162952423,0.8966839194297791,2291
0.58272385597229,0.4172761559486389,41345
0.5522113800048828,0.44778863787651063,1917
0.7485658764839173,0.2514341562986374,55675
0.3531959891319275,0.6468040227890015,18533
0.10958316028118134,0.8904168367385864,56929
0.46553586721420287,0.5344641387462616,43306
0.5086016476154327,0.4913983643054962,53736
0.6608425259590149,0.339157497882843,45061
0.5064899861812592,0.4935100138187408,49096
0.34871373772621156,0.651286244392395,3636
0.3949378073215485,0.605062198638916,8534
0.4362249314785004,0.5637750625610352,20553
0.8891730785369873,0.11082690060138703,22917
0.3986878633499146,0.6013121485710144,54492
0.30084792375564573,0.6991520881652832,54827
0.2120654046535492,0.7879346013069153,73252
0.8552663326263428,0.1447336941957474,37096
0.7041368007659912,0.2958631932735443,69290
0.6192039012908935,0.3807961046695709,61297
0.7410562992095947,0.2589436948299408,48474
0.872704803943634,0.12729522138833999,60040
0.3211392879486084,0.6788607239723206,3223
0.6053835868835449,0.39461636543273926,56529
0.25284130275249483,0.7471587181091308,72839
0.15919768214225768,0.8408023118972778,70576
0.21770560145378112,0.7822944045066833,21999
0.5889697790145874,0.41103026270866394,63486
0.6528666853904724,0.34713330268859866,33982
0.13512785136699676,0.864872145652771,74237
0.514472633600235,0.48552739024162295,3012
0.11352374702692032,0.8864762783050537,26950
0.1219111979007721,0.8780887961387634,70905
0.8888355016708374,0.11116448193788528,8342
0.28659529983997345,0.7134047031402588,67738
0.36785340309143066,0.6321465849876404,44967
0.1678784668445587,0.8321215629577636,21397
0.5463411092758179,0.45365890860557556,28642
0.7429814338684082,0.25701857805252076,4895
0.7591228008270263,0.24087720811367036,62104
0.4943969130516052,0.5056030631065369,43642
0.824497926235199,0.17550210058689117,23896
0.21063021719455718,0.7893698215484619,10122
0.35698276162147524,0.6430172324180603,36829
0.6569830179214478,0.3430169641971588,51062
0.09974560290575027,0.9002544045448303,3143
0.41467543244361876,0.5853245735168457,18013
0.5149824440479278,0.48501755595207213,41295
0.8935614585876465,0.10643853843212128,22897
0.3289298593997955,0.67107013463974,32394
0.544098824262619,0.4559012115001678,29280
0.5301189720630646,0.46988106369972227,38819
0.7335891366004944,0.2664108693599701,5677
0.763731575012207,0.23626842200756074,11855
0.6881930828094482,0.3118068754673004,55839
0.15109484195709227,0.8489051580429077,24342
0.7835384488105774,0.21646156311035156,20236
0.28971453607082365,0.7102854609489441,24594
0.8953773140907287,0.1046227052807808,61891
0.5551949381828308,0.4448050677776337,65315
0.6907017350196838,0.30929823517799376,54004
0.474847686290741,0.5251522898674011,14758
0.49389076232910156,0.5061092555522919,41665
0.49470369815826415,0.5052962720394134,49494
0.6632191896438598,0.3367808163166046,29848
0.5550208210945129,0.44497916102409363,72075
0.6556137561798095,0.3443862795829773,41045
0.5563305139541626,0.44366949796676636,55959
0.7337991118431091,0.26620090901851656,52579
0.43914289474487306,0.5608570992946624,73528
0.42764835953712466,0.5723516702651977,73488
0.5266067028045655,0.4733932793140411,72116
0.6453020572662354,0.3546979367733002,19617
0.5998571634292602,0.40014283657073973,28946
0.7928210377693177,0.20717895328998565,20508
0.6948577284812927,0.3051422595977783,7174
0.7375712990760803,0.2624287098646164,14528
0.9240747928619385,0.07592519372701645,28383
0.6591678142547608,0.34083219766616824,64497
0.709798002243042,0.2902019888162613,37728
0.47140509486198423,0.5285948991775513,55501
0.2900273323059082,0.7099726676940918,45081
0.1449368417263031,0.8550631761550903,59638
0.9054458618164063,0.0945541352033615,35204
0.09970962405204772,0.9002903699874878,44503
0.18206276893615722,0.8179372549057007,9054
0.4356725513935089,0.5643274068832398,9060
0.3972291827201843,0.6027707934379578,67182
0.21024474501609802,0.7897552847862244,6466
0.20050378143787384,0.7994962096214294,12787
0.8407600402832032,0.15923995077610015,26848
0.33086236119270324,0.6691376566886902,6914
0.286385315656662,0.7136146903038025,69877
0.27591549456119535,0.7240845203399658,51020
0.6197056770324707,0.3802943050861359,42100
0.6021524667739868,0.3978475511074066,34954
0.9210103869438171,0.0789896309375763,37275
0.3595499277114868,0.6404500603675842,52151
0.7543896198272705,0.24561038613319397,9031
0.718943178653717,0.281056797504425,7824
0.7966977953910828,0.20330222845077514,60225
0.6953697562217712,0.3046302556991577,14442
0.8691779017448426,0.13082209527492522,29232
0.1623714029788971,0.8376285791397095,30077
0.6104349970817566,0.3895650327205658,41567
0.04489908702671528,0.955100929737091,44480
0.7192537188529968,0.2807462811470032,20981
0.22471541464328765,0.7752846121788025,13928
0.7168043255805969,0.283195698261261,69758
0.5569806814193725,0.4430193483829498,30701
0.8657972097396851,0.13420281708240508,32087
0.7064769864082336,0.2935229867696762,55423
0.7519966006278992,0.24800339639186858,70884
0.376245790719986,0.6237541794776916,4801
0.09745235294103623,0.9025476574897766,55576
0.13570314645767212,0.864296841621399,48856
0.875717842578888,0.12428213506937028,19973
0.41944348216056826,0.5805565237998962,60504
0.8149756789207458,0.18502432107925415,31205
0.5801821827888489,0.4198178470134735,36607
0.6922432661056519,0.307756707072258,20208
0.6758288741111755,0.32417113780975343,48237
0.32800869941711425,0.6719913125038147,35971
0.1196547046303749,0.8803452968597412,61278
0.15401672571897507,0.8459832668304443,28800
0.1143689975142479,0.885630989074707,17238
0.4399371325969696,0.5600628972053527,64989
0.8489203572273254,0.15107962340116501,11201
0.4116996109485626,0.5883003950119019,11125
0.2961345136165619,0.7038654685020447,64588
0.7904644131660461,0.20953557789325714,10418
0.3252809762954712,0.6747190356254578,26788
0.6811318516731262,0.3188681185245514,26243
0.508322685956955,0.49167731404304504,42457
0.2229026198387146,0.7770973920822144,33534
0.574308454990387,0.4256915509700775,30154
0.7729055643081665,0.22709441781044007,41332
0.58638516664505,0.4136148154735565,20504
0.4539958655834198,0.5460041522979736,72920
0.45849581360816954,0.541504180431366,47492
0.47533337473869325,0.5246666252613068,23013
0.4639675855636597,0.5360324203968048,43986
0.7976315975189209,0.20236838459968567,52378
0.8625935196876526,0.1374065101146698,31726
0.6019071102142334,0.39809290170669553,61855
0.7402856945991516,0.25971429944038393,70912
0.6319929599761963,0.3680070400238037,54785
0.4141463041305542,0.5858536720275879,14312
0.6907674908638001,0.309232497215271,6482
0.8502919793128967,0.14970802366733552,42761
0.42608641386032103,0.57391357421875,60830
0.7107652306556702,0.2892347753047943,31986
0.4631348192691803,0.5368651628494263,61124
0.7819489240646362,0.21805107295513154,25221
0.5604685425758362,0.43953145742416383,66850
0.5746811032295227,0.4253188669681549,6706
0.6957009911537171,0.30429900288581846,15248
0.2057969391345978,0.7942030429840088,51383
0.7029285550117492,0.29707142114639284,24302
0.5054454505443573,0.49455454349517824,72407
0.18825011253356932,0.8117498755455017,28436
0.4026312232017517,0.5973687529563904,61490
0.5032937169075012,0.4967062473297119,24555
0.3738843023777008,0.6261156916618347,36926
0.3493915259838104,0.6506084561347961,61991
0.4808671295642853,0.5191328763961792,72556
0.4378158926963806,0.5621841311454773,1932
0.8764912486076355,0.12350875586271286,64764
0.2086031585931778,0.7913968324661255,59918
0.5248844087123871,0.47511560320854185,5580
0.6518494486808777,0.34815054535865786,27025
0.8677127003669739,0.13228729516267776,36256
0.07415567487478256,0.9258443117141724,22953
0.8019650697708129,0.1980349153280258,16790
0.11728022247552872,0.8827197670936584,65332
0.6914218187332153,0.3085781753063202,22086
0.23157517611980438,0.7684248447418213,37701
0.2128913849592209,0.7871086001396179,62653
0.5042461514472961,0.49575385451316833,41627
0.5507384419441224,0.44926156997680666,28363
0.776604688167572,0.22339530289173126,37914
0.15588615834712982,0.8441138625144958,27903
0.857361114025116,0.1426389068365097,44273
0.35327214002609253,0.6467278718948364,65402
0.7845444440841675,0.2154555529356003,67442
0.7491342544555664,0.2508657485246658,48347
0.7576675653457642,0.2423324316740036,99
0.3351233959197998,0.6648765921592712,51226
0.20072927474975585,0.799270749092102,15400
0.6810453414916993,0.31895466446876525,11260
0.20105957090854645,0.7989404439926148,66050
0.3312147378921509,0.6687852382659912,20231
0.31564832031726836,0.6843517184257507,2917
0.6825452327728272,0.3174547553062439,1785
0.846820592880249,0.15317940413951875,73387
0.9101369142532348,0.08986308723688126,25901
0.6961393713951111,0.30386061668395997,5059
0.5473454594612122,0.4526545226573944,6737
0.6833099126815796,0.31669009327888487,45933
0.23066876828670502,0.7693312764167786,70580
0.8018787384033204,0.19812124371528625,38847
0.9499537229537964,0.05004627481102943,46450
0.5501282751560211,0.4498717188835144,63895
0.539626669883728,0.4603733241558075,42082
0.6466194868087769,0.3533805191516876,23531
0.8164950132369995,0.18350500464439393,63078
0.6448043704032898,0.35519564151763916,14366
0.1608856201171875,0.8391143798828125,48363
0.7049932837486267,0.29500671327114103,32678
0.7645572781562805,0.23544272780418396,54234
0.7379013061523437,0.2620986998081207,49016
0.8265887379646302,0.173411263525486,47282
0.8356259942054749,0.1643739938735962,39853
0.45865035653114317,0.5413496196269989,35952
0.5559540629386902,0.4440459072589874,19014
0.7623565316200256,0.23764345943927764,18111
0.4625235080718994,0.5374764800071716,5006
0.47793174982070924,0.5220682501792908,8019
0.1947346419095993,0.8052653670310974,9773
0.3859076976776123,0.6140923142433167,74271
0.14989202618598937,0.8501079678535461,56861
0.28861897587776186,0.7113810300827026,4599
0.8877872467041016,0.11221273988485336,55868
0.5100534498691559,0.48994656801223757,32293
0.767230224609375,0.23276978731155396,25694
0.31747881770133973,0.6825211882591248,32745
0.13546323478221894,0.8645367860794068,48415
0.6790692687034607,0.3209307372570038,64099
0.7129264831542969,0.28707349896430967,5115
0.6776257395744324,0.32237428426742554,15236
0.5442115902900696,0.4557884097099304,26088
0.4484163522720337,0.5515836417675019,73075
0.3976693689823151,0.6023306488990784,34907
0.8373451113700867,0.16265491545200347,54102
0.6124052166938782,0.3875947892665863,18025
0.8245628237724304,0.17543718516826629,27089
0.4432984948158264,0.5567015051841736,22990
0.3652967631816864,0.6347032308578491,22446
0.5208691537380219,0.4791308581829071,42977
0.41624470353126525,0.5837553024291993,57675
0.7606838345527649,0.2393161714076996,59758
0.5695806682109833,0.4304193377494812,1335
0.1728187993168831,0.8271812081336976,25810
0.7939232110977172,0.20607680678367615,40968
0.6160959005355835,0.38390407562255857,30984
0.5022509753704071,0.49774899482727053,14010
0.5559125602245331,0.44408748149871824,55807
0.6446540474891662,0.35534595847129824,6380
0.4211487054824829,0.578851318359375,35462
0.5708049654960632,0.4291949927806854,73624
0.1762862205505371,0.8237138152122497,15726
0.030842572823166846,0.9691574215888977,57629
0.26960027813911436,0.7303997278213501,31422
0.09128495901823044,0.9087150454521179,12294
0.23143446147441865,0.768565547466278,33351
0.19269593060016632,0.807304072380066,52589
0.6472368955612182,0.35276308059692385,46520
0.5601268172264099,0.4398731827735901,30245
0.42275298237800596,0.5772470355033874,18578
0.36598745584487913,0.6340125441551209,69525
0.699189293384552,0.300810718536377,64624
0.5755146384239197,0.4244853615760803,30058
0.16126261353492738,0.8387373924255371,15218
0.13353644013404847,0.866463577747345,23966
0.8122141003608704,0.18778587877750397,38909
0.46734282970428465,0.5326571583747863,60244
0.2515076547861099,0.7484923720359802,4516
0.8152850866317749,0.18471491038799287,72039
0.47657922506332395,0.5234207689762116,22918
0.8287527084350585,0.17124729454517365,61564
0.4929005324840546,0.5070994138717652,30460
0.3578117609024048,0.6421881794929505,3404
0.21517618298530578,0.7848238229751587,6593
0.254289972782135,0.745710015296936,57356
0.6300927042961121,0.369907283782959,57213
0.47435552477836607,0.5256445050239563,9170
0.1437578484416008,0.8562421441078186,17847
0.5614729464054108,0.4385270595550537,26319
0.7953586935997009,0.20464130342006684,46115
0.5152541279792786,0.4847458481788635,71470
0.14412021338939668,0.8558798193931579,30477
0.28643000721931455,0.7135700225830078,54900
0.6228162050247192,0.37718379497528076,28347
0.8170795202255249,0.1829204797744751,27976
0.7852002620697022,0.2147997498512268,13309
0.9026248812675476,0.0973750963807106,62315
0.5557629406452179,0.4442370653152466,52903
0.3567884385585785,0.643211567401886,44584
0.8213339686393738,0.17866603434085845,62142
0.3357632040977478,0.6642368078231812,73086
0.6172695755958557,0.3827304244041443,50847
0.16692481935024261,0.8330751657485962,43760
0.5005522906780243,0.4994476974010468,45514
0.4428459584712982,0.5571540355682373,57190
0.5263285934925079,0.4736714005470276,57960
0.7169180870056152,0.28308193683624266,13549
0.47863128781318665,0.5213687121868134,5232
0.3483944535255432,0.6516055464744568,690
0.4061626553535461,0.5938373446464539,24327
0.8336936831474304,0.16630630940198898,60180
0.7768799662590027,0.2231200307607651,49567
0.4450015962123871,0.5549984097480773,68439
0.5302192628383636,0.4697807490825653,66738
0.3151713192462921,0.6848286747932434,30235
0.8789508819580079,0.12104911059141159,43524
0.39760777950286863,0.6023922324180603,56165
0.7671834349632263,0.23281656503677367,59134
0.15102740228176117,0.8489726185798645,53810
0.4427785038948059,0.557221508026123,12108
0.7519363522529602,0.24806363582611085,14278
0.4866168200969696,0.5133831858634949,28745
0.8354833364486695,0.1645166590809822,73331
0.17221518158912658,0.827784788608551,7061
0.2581005096435547,0.7418994903564453,54405
0.7875128269195557,0.21248718798160554,6399
0.4699476003646851,0.5300523936748505,15823
0.6773965239524842,0.32260347008705137,26104
0.6248805403709412,0.37511945366859434,4544
0.7431926608085633,0.2568073242902756,48117
0.14740534722805024,0.8525946617126465,10167
0.09819636642932891,0.9018036246299743,31229
0.6824692487716675,0.31753073930740355,47570
0.47965745329856874,0.5203425765037537,27298
0.4929518818855286,0.5070481061935425,48484
0.6736289620399475,0.326371031999588,70471
0.3106454312801361,0.6893545746803283,62269
0.4628419280052185,0.5371580719947815,35602
0.6362902164459229,0.36370975375175474,1040
0.7360084176063537,0.26399158239364623,14002
0.6858824491500854,0.3141175389289856,71396
0.2099142014980316,0.790085780620575,44916
0.5107877850532532,0.48921223878860476,13512
0.6679715156555176,0.3320285022258759,23301
0.609484076499939,0.3905158877372742,53779
0.5892877817153931,0.4107122242450714,48860
0.2741239547729492,0.7258760571479798,20878
0.6407518267631531,0.35924816131591797,74400
0.24191931188106536,0.7580807089805603,70026
0.247311070561409,0.7526889443397522,74424
0.3943618178367615,0.6056381821632385,46084
0.6545102715492248,0.34548972845077514,5804
0.6878838419914246,0.31211615800857545,54818
0.49262772798538207,0.507372260093689,3863
0.7750347137451172,0.22496528625488282,67347
0.722962760925293,0.277037239074707,26911
0.15479836463928223,0.8452016353607178,71639
0.8092821836471558,0.19071784615516663,67704
0.1287124201655388,0.8712875962257385,74220
0.7547197699546814,0.24528020918369292,59088
0.35076740980148313,0.6492326140403748,5361
0.3712596893310547,0.6287403225898742,57137
0.4383015275001526,0.5616984605789185,54536
0.7997378468513489,0.20026212334632873,31879
0.17781703174114227,0.8221829652786254,61625
0.596683406829834,0.40331661105155947,28359
0.9241968154907226,0.07580322176218032,20629
0.5939571738243103,0.4060428023338318,39217
0.6318943738937378,0.36810562014579773,21407
0.3950977146625519,0.6049023032188415,27710
0.08915140628814697,0.9108485817909241,23142
0.06852203235030174,0.9314779758453369,25691
0.1344556838274002,0.8655443072319031,27583
0.2118859052658081,0.7881141066551208,14075
0.5194838464260101,0.4805161654949188,50843
0.0731835499405861,0.9268164753913879,2181
0.7256704092025756,0.2743295967578888,19603
0.41195773482322695,0.5880422592163086,872
0.6945987820625306,0.305401211977005,49239
0.6865577578544617,0.31344223618507383,27596
0.8679508566856384,0.13204914033412934,71562
0.34847419857978823,0.6515257835388184,13437
0.25453909635543825,0.7454609036445617,51644
0.43785822987556455,0.5621417582035064,52035
0.8710976004600525,0.12890240848064421,12792
0.7562520742416382,0.24374790489673615,59970
0.41383209228515627,0.5861679077148437,43864
0.2956977605819702,0.7043022513389587,47421
0.556501841545105,0.4434981942176819,53611
0.3285300016403198,0.6714700341224671,73327
0.7064565539360046,0.2935434579849243,62129
0.7211711525917053,0.27882884740829467,28575
0.30751500129699705,0.6924850344657898,30549
0.2974835753440857,0.7025164484977722,65956
0.6031910300254821,0.39680899381637574,54736
0.5313835144042969,0.46861647963523867,613
0.6896117448806762,0.31038823127746584,47967
0.8541321277618408,0.14586787968873977,47352
0.27520731687545774,0.7247926950454712,47770
0.5588305473327637,0.4411694288253784,11714
0.878657853603363,0.1213421568274498,38610
0.6126053929328918,0.3873946011066437,65475
0.2108408033847809,0.7891592264175415,4870
0.82760568857193,0.1723942995071411,71506
0.6516757249832154,0.3483242690563202,46185
0.8165453195571899,0.18345471024513244,9267
0.7608015894889831,0.23919841945171355,6527
0.5809740662574768,0.4190259277820587,35478
0.6255682349205017,0.37443175315856936,58291
0.8478402376174927,0.1521597683429718,26346
0.6348613858222961,0.3651386141777039,57271
0.6636441230773926,0.33635584712028505,3209
0.6101447343826294,0.3898552417755127,71993
0.4703859150409698,0.5296140789985657,66712
0.6137482285499573,0.3862518072128296,67744
0.3590152859687805,0.6409847140312195,7653
0.6118469834327698,0.38815301060676577,32171
0.23571477234363555,0.7642852306365967,35915
0.4632637560367584,0.5367362439632416,27860
0.17181447744369507,0.828185498714447,33220
0.33443225622177125,0.6655677437782288,35784
0.40551180243492124,0.5944881916046143,1183
0.37301462292671206,0.6269853949546814,18503
0.7085772275924682,0.29142276644706727,33916
0.35504857301712034,0.6449514150619506,35449
0.4686537027359009,0.5313462674617767,35035
0.25565279126167295,0.7443472146987915,1762
0.7217459559440613,0.2782540202140808,33409
0.6971673607826233,0.3028326690196991,70670
0.6806676268577576,0.31933239102363586,43490
0.6782019853591919,0.3217980325222015,32862
0.6197952508926392,0.38020471334457395,32660
0.35721426606178286,0.6427857279777527,43551
0.2052728682756424,0.7947271585464477,17597
0.3033346801996231,0.6966653227806091,25140
0.5678679943084717,0.4321319878101349,28432
0.8509481906890869,0.14905179738998414,1818
0.15912902355194092,0.8408709764480591,52411
0.6912946581840516,0.30870539546012876,46969
0.7409808397293091,0.25901913940906524,72206
0.3065737158060074,0.6934262990951539,45509
0.8985900044441223,0.10140999257564545,7607
0.81371990442276,0.18628010749816895,54475
0.7625804662704467,0.23741952776908876,19173
0.7357009768486023,0.2642990052700043,33839
0.3871437072753906,0.6128562808036804,59975
0.7726115226745606,0.22738848626613617,57702
0.7383788585662842,0.26162117123603823,22474
0.22080673575401305,0.7791932702064515,32082
0.5227299213409424,0.47727007865905763,12914
0.2569428563117981,0.7430571436882019,20102
0.6563220977783203,0.34367793798446655,24866
0.28300547003746035,0.7169945478439331,62657
0.590158224105835,0.4098417520523071,21241
0.654935073852539,0.34506493210792544,36355
0.7002211809158325,0.299778813123703,72211
0.9185592889785766,0.08144071027636528,10802
0.38510429859161377,0.6148957133293151,68703
0.158851158618927,0.841148853302002,56858
0.5453011095523834,0.4546988785266876,64392
0.7720252990722656,0.22797469794750214,71942
0.4051924109458923,0.5948075652122498,40791
0.5508656740188599,0.44913430213928224,40378
0.8332797408103942,0.16672025620937347,51571
0.40215290784835817,0.5978470861911773,34773
0.21440298557281495,0.7855970025062561,47827
0.6999582767486572,0.3000417113304138,41527
0.09380649030208588,0.9061935544013977,2719
0.23888626396656037,0.7611137390136719,66387
0.5025665760040283,0.49743342995643614,23296
0.7193679094314576,0.2806320995092392,33394
0.5039827108383179,0.49601733684539795,28702
0.5646859049797058,0.4353140652179718,897
0.7728691339492798,0.2271309018135071,70331
0.43759047985076904,0.562409520149231,20437
0.1820144236087799,0.8179855704307556,35962
0.89255450963974,0.1074454888701439,69276
0.3695561796426773,0.6304438173770904,58616
0.8803598284721375,0.11964017897844315,66601
0.2848323583602905,0.7151676416397095,63873
0.30294228792190553,0.6970577001571655,36372
0.4352156162261963,0.5647843718528748,56825
0.7320017576217651,0.2679982453584671,64852
0.3282485127449036,0.6717514872550965,6002
0.5624703884124755,0.4375296413898468,48830
0.5912850499153137,0.4087149441242218,44546
0.12234449684619904,0.8776555180549621,50374
0.505640858411789,0.49435911178588865,64724
0.5160013496875763,0.48399866819381715,5326
0.5669171810150146,0.4330828130245209,53663
0.251597011089325,0.7484029650688171,23523
0.6308186054229736,0.3691813826560974,482
0.2456783324480057,0.7543216586112976,29705
0.42431882619857786,0.5756811499595642,19056
0.591727340221405,0.4082726716995239,51392
0.45604513883590697,0.5439548552036285,69218
0.5832149744033813,0.4167850255966187,71544
0.592917513847351,0.4070824861526489,17251
0.7846736073493957,0.21532643139362334,32427
0.850469434261322,0.14953055381774902,17077
0.8976476788520813,0.10235232412815094,12036
0.6500260949134826,0.3499738872051239,64163
0.4730010986328125,0.5269989013671875,42246
0.09356141090393066,0.9064385652542114,7487
0.3425659894943237,0.6574340105056763,16051
0.8031023740768433,0.19689764976501464,53276
0.16086853444576263,0.8391314625740052,55202
0.4745276927947998,0.5254722952842712,8307
0.4122511863708496,0.5877488136291504,3873
0.3317041456699371,0.6682958245277405,15683
0.32965523600578306,0.6703447699546814,47788
0.6771954536437989,0.32280455231666566,21333
0.8398110151290894,0.16018900275230408,223
0.37896980047225953,0.6210301995277405,72269
0.5860988974571228,0.41390112042427063,46094
0.5979987502098083,0.40200126767158506,57405
0.7891361236572265,0.21086388528347016,24849
0.9104633808135987,0.08953660875558853,36212
0.12105409353971482,0.8789459109306336,7520
0.10784422010183334,0.8921557903289795,5602
0.7827646136283875,0.21723542213439942,12335
0.3502648651599884,0.6497351288795471,43480
0.12816529124975204,0.8718347191810608,20155
0.5580238699913025,0.4419761002063751,49882
0.6715163946151733,0.3284836202859879,32476
0.5211948454380035,0.4788051664829254,28857
0.5539226233959198,0.44607738256454466,51913
0.7887725234031677,0.21122748851776124,40217
0.4296130836009979,0.5703868985176086,45893
0.7230098009109497,0.27699020504951477,4329
0.868705415725708,0.13129458725452423,1679
0.7690309047698974,0.23096907436847686,46250
0.40759633779525756,0.5924036502838135,35927
0.588472056388855,0.4115279734134674,12190
0.09452161937952042,0.9054783463478089,66342
0.43423123359680177,0.5657687544822693,33630
0.824162757396698,0.1758372515439987,63245
0.8808414816856385,0.1191584974527359,41001
0.7662540435791015,0.2337459594011307,14705
0.5623139262199401,0.43768606781959535,20073
0.5580616652965545,0.44193835854530333,44963
0.7252377271652222,0.27476228177547457,33490
0.4477298319339752,0.5522701382637024,73468
0.5580748617649078,0.4419251084327698,67906
0.8873350381851196,0.11266495287418365,55291
0.6834505796432495,0.31654942631721494,53076
0.49182976484298707,0.508170211315155,39800
0.3126277387142181,0.6873722791671752,5860
0.3947467923164368,0.6052531957626343,61702
0.7203755140304565,0.27962446212768555,6076
0.9077052235603332,0.09229476898908615,54103
0.16049788594245912,0.8395021319389343,47947
0.3961523473262787,0.6038476467132569,50150
0.36069446206092837,0.639305567741394,53574
0.9463005542755127,0.05369944274425507,44252
0.5370779156684875,0.46292208433151244,20575
0.47391369938850403,0.5260862886905671,67877
0.4618571221828461,0.5381428480148316,60085
0.7900830626487731,0.20991691946983337,3778
0.17505207359790803,0.8249479293823242,44890
0.7535663843154907,0.24643360078334808,1222
0.10277537703514099,0.8972246289253235,69111
0.42739919424057005,0.5726008296012879,12422
0.09198826402425767,0.9080116987228394,41988
0.5072375535964966,0.49276241660118103,71353
0.7209302663803101,0.2790697455406189,21593
0.7325988650321961,0.26740113496780393,61489
0.6435419321060181,0.35645805597305297,43175
0.5926332712173462,0.4073667168617249,33813
0.5638914585113526,0.43610856533050535,27343
0.8833539724349976,0.11664602607488632,54348
0.6639561533927918,0.3360438525676727,57228
0.5949042201042175,0.40509578585624695,6876
0.5523664712905884,0.44763351082801817,31334
0.56688951253891,0.4331104815006256,16157
0.7637016892433166,0.23629832565784453,28584
0.6586053252220154,0.3413946866989136,25637
0.48734705448150634,0.5126529574394226,52795
0.599994695186615,0.40000531673431394,28034
0.12155161201953887,0.8784483790397644,62601
0.42648346424102784,0.5735165476799011,61641
0.9215292572975159,0.0784707248210907,51778
0.793226420879364,0.20677357017993928,4249
0.13474888056516648,0.865251111984253,34460
0.6553587436676025,0.34464127421379087,23880
0.8205637097358703,0.17943628430366515,7846
0.3023111939430237,0.6976888060569764,55924
0.6118131518363953,0.3881868660449982,63394
0.6341305017471314,0.3658695101737976,29920
0.41227110028266906,0.5877289056777955,46378
0.8841235876083374,0.11587638705968857,39003
0.3942760705947876,0.6057239294052124,65358
0.22669901847839355,0.7733009934425354,16731
0.8556417346000671,0.1443582534790039,6233
0.6546891212463379,0.34531090259552,18505
0.6853300213813782,0.3146699905395508,33789
0.3994928300380707,0.6005071640014649,35677
0.30257628560066224,0.6974236965179443,44115
0.4968174874782562,0.5031825006008148,7719
0.7097021102905273,0.2902978897094727,544
0.11886485368013382,0.8811351299285889,50341
0.2692150861024857,0.7307849168777466,7970
0.6747386217117309,0.325261390209198,65922
0.9086169362068176,0.09138306081295014,60107
0.49504922032356263,0.5049507975578308,809
0.5086567819118499,0.491343230009079,15727
0.7599246263504028,0.24007538557052613,42073
0.6513986945152282,0.34860131740570066,38367
0.8163322806358337,0.18366773426532745,5538
0.5039361596107483,0.4960638463497162,64804
0.49386528730392454,0.506134670972824,56360
0.6162609815597534,0.3837390303611755,35881
0.7293436884880066,0.27065630853176115,63635
0.8913432359695435,0.10865675806999206,16040
0.7272336602210998,0.27276632785797117,44673
0.8627321600914002,0.13726784884929658,51492
0.6963341712951661,0.30366586446762084,35834
0.2204606205224991,0.7795393705368042,65674
0.31983975470066073,0.6801602244377136,4250
0.38829946517944336,0.6117005109786987,7341
0.23392752110958098,0.7660724759101868,2619
0.5678514957427978,0.4321485161781311,8627
0.3228748142719269,0.6771251797676087,64890
0.6389957427978515,0.36100426912307737,65363
0.1976399838924408,0.8023599982261658,10241
0.6636258721351623,0.33637412786483767,17057
0.5530772626399993,0.44692276120185853,9662
0.5923328518867492,0.40766712427139284,1466
0.7370528459548951,0.2629471331834793,7666
0.769352388381958,0.23064758479595185,37643
0.12635033279657365,0.8736496686935424,38129
0.6669291615486145,0.33307084441185,45485
0.31268011331558226,0.6873198866844177,58665
0.4026931583881378,0.5973067998886108,3236
0.16030756533145904,0.8396924257278442,58315
0.5900521039962768,0.40994787216186523,3368
0.7923712849617004,0.20762872099876403,54904
0.3608860433101654,0.6391139626502991,53249
0.7132034301757812,0.2867965817451477,21906
0.31072134971618653,0.6892786264419556,71895
0.5051655352115632,0.4948344588279724,31936
0.29038465619087217,0.7096153259277344,29770
0.08681695312261581,0.913183045387268,19017
0.636701500415802,0.3632985055446625,45093
0.7990630388259887,0.20093696117401122,52337
0.473871123790741,0.5261288642883301,162
0.7529615163803101,0.24703849852085114,59294
0.687333345413208,0.31266669034957884,12803
0.2749742239713669,0.725025749206543,57941
0.27319606244564054,0.7268039584159851,54754
0.16280198991298675,0.8371980309486389,71128
0.8427766919136047,0.15722331255674363,5474
0.384006404876709,0.6159936189651489,30726
0.6534989714622498,0.34650102257728577,5135
0.46609678864479065,0.533903181552887,57178
0.7747359156608582,0.22526408433914186,37021
0.7112697720527649,0.2887302488088608,31919
0.8239269852638245,0.17607303857803344,43293
0.7163901448249816,0.2836098402738571,9102
0.6722491025924683,0.3277509033679962,66287
0.39571029543876646,0.6042897224426269,68190
0.8488038182258606,0.15119618475437163,25797
0.5967989444732666,0.40320104360580444,23929
0.541989517211914,0.45801047682762147,53204
0.5178561508655548,0.48214384317398074,59925
0.12431840598583221,0.8756815791130066,48825
0.49441389441490174,0.5055860936641693,35156
0.44159252047538755,0.5584074974060058,58897
0.5576272487640381,0.4423727512359619,60298
0.11595621407032013,0.8840438008308411,63338
0.7994161605834961,0.20058384239673616,70601
0.7934769630432129,0.20652301013469695,44336
0.8977607369422913,0.10223928689956666,52324
0.6173155426979064,0.38268442153930665,26923
0.6743991613388062,0.3256008207798004,14819
0.09936214089393616,0.9006378412246704,30705
0.4813173830509186,0.5186826169490815,4999
0.9194599747657776,0.08053998798131942,25530
0.7124218940734863,0.2875781089067459,33196
0.5481728911399841,0.4518271327018738,49671
0.6691852688789368,0.33081469535827634,50914
0.5256805419921875,0.4743194580078125,33214
0.1457110419869423,0.8542889356613159,48820
0.6104684114456177,0.3895316064357758,12332
0.7631403803825378,0.23685961067676545,73146
0.9043312072753906,0.09566881954669952,14422
0.1058433398604393,0.8941566705703735,41687
0.8637933492660522,0.13620664775371552,13959
0.6245528340339661,0.37544718384742737,36549
0.4859455943107605,0.514054399728775,61707
0.9185249090194703,0.08147506713867188,45071
0.14076518267393112,0.8592348098754883,12396
0.5903035879135132,0.4096964359283447,26006
0.6942190647125244,0.3057809352874756,22129
0.3889918625354767,0.6110081315040589,5767
0.46926253437995913,0.5307374596595764,25726
0.37883699536323545,0.6211629867553711,7500
0.09772578477859498,0.902274227142334,40011
0.743671989440918,0.25632802546024325,46227
0.8987277865409851,0.10127218812704086,1464
0.5145956337451935,0.48540438413619996,69755
0.0814749389886856,0.9185250639915467,31236
0.22744230628013612,0.7725576758384705,12636
0.8476680874824524,0.15233190059661866,52349
0.4457107961177826,0.554289186000824,48274
0.8957002878189086,0.10429971367120743,20309
0.4122046589851379,0.5877953588962554,69913
0.8351541042327881,0.16484589576721193,24240
0.33686661422252656,0.663133418560028,48620
0.6023235201835633,0.39767649173736574,46321
0.6615561127662659,0.33844388127326963,48760
0.34659594893455503,0.6534040570259094,13401
0.2570570230484009,0.7429429769515992,48220
0.7863159060478211,0.21368411779403687,15928
0.39442682862281797,0.6055731534957886,6342
0.7783265113830566,0.2216734915971756,68936
0.6133849143981933,0.38661509156227114,25537
0.7212288975715637,0.2787710964679718,2009
0.7808607459068299,0.21913925409317017,5301
0.5569597959518433,0.44304022192955017,50454
0.3639389336109161,0.6360610842704773,8379
0.2311953127384186,0.7688047051429748,41933
0.5826237559318542,0.41737625002861023,62359
0.5763476312160491,0.4236523509025574,50205
0.59013512134552,0.40986486673355105,11077
0.7831187129020691,0.21688127219676973,52413
0.4916425347328186,0.5083574414253235,41441
0.20673470497131347,0.7932653069496155,69322
0.6591669082641601,0.34083308577537536,58538
0.06509444564580917,0.9349055647850036,73870
0.6949479103088378,0.30505210161209106,48149
0.5548941850662231,0.4451058268547058,67887
0.9154404878616333,0.08455950617790223,25087
0.623925244808197,0.37607476115226746,30265
0.4471929848194122,0.5528070330619812,58729
0.823032796382904,0.17696720361709595,28506
0.20829181969165803,0.7917081832885742,37089
0.21141459345817565,0.7885853767395019,53984
0.799116563796997,0.2008834272623062,15171
0.6202895164489746,0.3797104775905609,16542
0.8206267952919006,0.17937321662902833,48454
0.2046446681022644,0.7953553199768066,35126
0.9373595952987671,0.06264041066169738,21042
0.6493722677230835,0.35062773823738097,16687
0.291093248128891,0.7089067339897156,5454
0.390852552652359,0.6091474533081055,46712
0.19587295651435851,0.8041270494461059,20301
0.6285520792007446,0.37144792079925537,63467
0.40787376165390016,0.5921262502670288,12548
0.29822959899902346,0.7017704010009765,66543
0.629832661151886,0.3701673686504364,38826
0.857355785369873,0.14264420419931412,63899
0.552733588218689,0.44726640582084654,23840
0.10773943811655044,0.8922605752944947,43450
0.8635786056518555,0.13642138987779617,33792
0.09948081821203232,0.9005191683769226,73037
0.5336385369300842,0.46636144518852235,41449
0.2958320200443268,0.7041679501533509,67578
0.4849210739135742,0.5150789022445679,64067
0.22331550419330598,0.7766844749450683,17891
0.7065753936767578,0.29342460334300996,38972
0.06789475306868553,0.9321052193641662,4816
0.7445837378501892,0.2554162532091141,70837
0.09246612936258317,0.907533872127533,7843
0.7967314958572388,0.20326849818229675,52555
0.5889767110347748,0.41102330684661864,33699
0.5302362263202667,0.46976372599601746,57274
0.57788365483284,0.42211633920669556,74464
0.21120084524154664,0.7887991309165955,25671
0.9418703556060791,0.05812967792153358,22689
0.6782212257385254,0.32177873849868777,56217
0.13911777287721633,0.8608822345733642,6195
0.45778459310531616,0.5422154068946838,69409
0.6442830204963684,0.35571697950363157,55913
0.6070963859558105,0.39290361404418944,11127
0.7291292309761047,0.2708707809448242,61495
0.7497345685958863,0.250265434384346,31044
0.5693127155303955,0.43068729639053344,13317
0.3125914216041565,0.6874085664749146,39489
0.3718346118927002,0.6281654000282287,4990
0.18942520320415496,0.8105748057365417,68292
0.7181928634643555,0.2818071454763412,35205
0.480688738822937,0.5193112552165985,8493
0.22404994070529938,0.7759500861167907,34673
0.8494734525680542,0.15052657723426818,10394
0.7701699614524842,0.22983004450798034,57127
0.5186142683029175,0.48138573169708254,54143
0.26310049891471865,0.7368995070457458,46399
0.862204086780548,0.13779590278863907,28125
0.7223035812377929,0.27769640684127805,35601
0.6289239168167114,0.37107607126235964,71893
0.8466245174407959,0.15337546914815903,70419
0.6600262284278869,0.3399737596511841,73638
0.27396630942821504,0.7260336756706238,10814
0.6398959517478943,0.3601040422916412,66937
0.9327857971191407,0.06721419394016266,44819
0.3947730422019958,0.6052269518375397,56499
0.6327389359474183,0.3672610640525818,30552
0.7524382114410401,0.2475618064403534,40508
0.18952385187149048,0.8104761719703675,73353
0.681598448753357,0.3184015452861786,50829
0.9196151256561279,0.08038487583398819,66954
0.5733742952346802,0.4266256928443909,33835
0.4940922439098358,0.5059077441692352,16118
0.178964364528656,0.8210356116294861,52253
0.36082327365875244,0.6391767382621765,14019
0.6743829607963562,0.32561705112457273,51916
0.20209703743457794,0.7979029774665832,14555
0.5913873314857483,0.4086126446723938,25733
0.3999649345874786,0.6000350713729858,52667
0.7882464170455933,0.21175358593463897,60082
0.42916346788406373,0.5708365678787232,2331
0.3224549114704132,0.6775451064109802,62754
0.4807252824306488,0.5192746877670288,22530
0.6370975136756897,0.3629024803638458,26932
0.7515579700469971,0.24844201207160949,53283
0.5339517891407013,0.46604823470115664,29244
0.8404464244842529,0.1595535933971405,2794
0.774487829208374,0.22551218569278716,36479
0.512057775259018,0.4879422426223755,6949
0.08613273501396179,0.9138672828674317,72040
0.4895921409130096,0.510407829284668,1676
0.529880428314209,0.470119571685791,29381
0.8876772880554199,0.11232272386550904,69247
0.10594555735588074,0.8940544724464417,40301
0.40939187407493594,0.5906081080436707,34626
0.8042811632156373,0.19571881890296935,15094
0.5866098761558532,0.41339012384414675,22877
0.12603494226932527,0.8739650845527649,42329
0.44670858383178713,0.5532914400100708,11509
0.8782348275184632,0.12176517397165298,27030
0.7841414332389831,0.21585856080055238,8226
0.5581076622009278,0.44189231395721434,10017
0.602600347995758,0.3973996639251709,24434
0.8191265821456909,0.18087338507175446,57779
0.36831286549568176,0.6316871523857117,45025
0.7452115058898926,0.2547884941101074,27060
0.12584451138973235,0.8741554737091064,4443
0.8806634068489074,0.11933659613132477,61277
0.43900845646858216,0.5609915614128113,63112
0.8864518642425537,0.1135481357574463,29607
0.09406051188707351,0.9059394955635071,68396
0.8237856268882752,0.17621436417102815,46893
0.5098782777786255,0.49012174010276793,42399
0.7647858381271362,0.2352141708135605,24776
0.7036037445068359,0.29639625549316406,71499
0.6693703770637512,0.33062961101531985,41640
0.40398810505867006,0.5960119128227234,69473
0.879853618144989,0.12014636248350144,211
0.7564154386520385,0.243584543466568,11469
0.25765091776847837,0.7423490762710572,49699
0.19663746356964112,0.8033625364303589,62531
0.5355128169059753,0.46448715925216677,30750
0.16971269845962525,0.8302872776985168,10707
0.1419856444001198,0.8580143213272095,54259
0.18823979198932647,0.8117601990699768,45771
0.5849286437034606,0.41507135033607484,48901
0.28184340000152586,0.7181566238403321,45625
0.388754278421402,0.6112457394599915,25787
0.617159390449524,0.38284059166908263,36668
0.26171483993530276,0.7382851719856263,14494
0.42359262704849243,0.5764073491096496,42167
0.6922646045684815,0.30773538947105405,59095
0.7092851877212525,0.2907147973775864,67422
0.24181731939315795,0.7581827163696289,66955
0.24268099069595336,0.7573190093040466,34668
0.6410503268241883,0.35894964933395385,19244
0.6220078825950622,0.3779921293258667,59161
0.4075234293937683,0.5924765825271606,21083
0.45635034441947936,0.5436496675014496,59313
0.7229889512062073,0.2770110756158829,74262
0.9204066276550293,0.07959336638450623,48483
0.765827751159668,0.23417224884033203,46834
0.3409185171127319,0.659081506729126,42807
0.5008952260017395,0.4991048097610474,17902
0.721879756450653,0.27812024354934695,13978
0.43498321771621706,0.565016770362854,38985
0.47701115608215333,0.5229888617992401,5678
0.7212102890014649,0.27878968715667723,55862
0.7201237320899964,0.2798762619495392,65004
0.9189342975616455,0.08106569647789001,9235
0.29017274379730223,0.7098272800445556,40661
0.6877325654029847,0.31226744055747985,16809
0.6966655492782593,0.30333445966243744,10902
0.3335811674594879,0.6664188265800476,42540
0.4685432553291321,0.5314567565917969,55243
0.7347400784492493,0.26525990962982177,14488
0.5246231853961945,0.4753768026828766,45736
0.8494107484817505,0.15058923214673997,53759
0.3120124042034149,0.6879876017570495,35236
0.46613544821739195,0.533864551782608,61013
0.37811564803123476,0.6218843340873719,42330
0.9247614502906799,0.07523857206106185,53533
0.6348538279533387,0.365146142244339,56910
0.41134645938873293,0.5886535167694091,66116
0.3037740528583527,0.6962259769439697,22768
0.848229169845581,0.15177083909511566,58640
0.5643101096153259,0.4356898725032806,66519
0.746085786819458,0.25391421616077425,44158
0.7211801409721375,0.2788198798894882,8975
0.6108214259147644,0.38917856812477114,59505
0.8434300422668457,0.1565699428319931,51412
0.43238894939422606,0.567611038684845,21422
0.6466355919837952,0.35336439609527587,62507
0.5931292772293091,0.4068707048892975,7030
0.7305277228355408,0.26947228610515594,58120
0.5959842324256897,0.4040157854557037,40891
0.7488914370536804,0.25110854506492614,45499
0.6786008477210999,0.3213991582393646,58045
0.595328938961029,0.40467104911804197,49474
0.6789004921913147,0.3210995078086853,33397
0.7912104010581971,0.208789598941803,73860
0.3092767000198364,0.6907232880592347,65336
0.4220113933086395,0.577988576889038,65420
0.3028299152851105,0.6971701145172119,345
0.6548700451850891,0.345129930973053,70149
0.8434187054634095,0.15658130049705504,30158
0.1784949392080307,0.8215050458908081,72678
0.904814076423645,0.09518590718507766,629
0.10173446238040924,0.8982655167579651,12956
0.297922083735466,0.7020779132843018,36429
0.892405915260315,0.10759408622980118,9591
0.7672276973724366,0.23277231454849243,14889
0.3586467862129211,0.6413532257080078,23335
0.5566896319389343,0.4433103859424591,11099
0.2789300918579102,0.7210699081420898,21223
0.647960650920868,0.3520393371582031,2389
0.9252942800521851,0.07470574304461479,11984
0.7865653514862061,0.213434636592865,27103
0.4698772966861725,0.5301227152347565,53434
0.12884364277124405,0.8711563348770142,16034
0.2968326061964035,0.7031673908233642,42479
0.3230132877826691,0.6769866943359375,28398
0.30531120896339414,0.6946887731552124,70946
0.4669615805149078,0.5330384492874145,38480
0.2539452284574509,0.7460548043251037,59176
0.6416267037391663,0.35837327837944033,62027
0.5413928925991058,0.4586070775985718,5842
0.23019751608371736,0.769802451133728,29332
0.5021373152732849,0.4978627026081085,37990
0.7670212507247924,0.23297873735427857,59207
0.7582131028175354,0.24178687930107118,38423
0.7472749710083008,0.25272504389286043,49865
0.6699286818504333,0.33007130324840545,10951
0.4477382361888885,0.5522617340087891,73222
0.6876810908317565,0.31231892108917236,65326
0.2311496078968048,0.7688504099845886,3565
0.7043633937835694,0.29563658833503725,22510
0.42649292945861816,0.5735070824623107,74321
0.10364265888929367,0.8963573455810547,2236
0.3513150990009308,0.6486849069595337,49741
0.9157971143722534,0.08420286923646927,34620
0.4673575222492218,0.5326424598693847,12929
0.2523649722337723,0.7476350665092468,70448
0.21955681145191192,0.7804431557655335,58077
0.5011696100234986,0.4988303780555725,35275
0.10288020074367524,0.8971197962760925,42791
0.5129974663257599,0.48700252175331116,11920
0.7396862387657166,0.2603137671947479,56266
0.3478657156229019,0.6521342992782593,67866
0.23443235754966735,0.7655676603317261,39671
0.7273068904876709,0.2726931214332581,25870
0.19942334294319153,0.800576639175415,10406
0.6083399653434753,0.3916600525379181,9058
0.8054730653762817,0.19452693015336991,12695
0.8446165084838867,0.15538349747657776,24383
0.6439993143081665,0.3560006618499756,23964
0.40494783520698546,0.595052170753479,17148
0.866060733795166,0.13393926173448562,5422
0.4519160985946655,0.5480838775634765,56770
0.5346384525299073,0.46536152958869936,19271
0.3821199119091034,0.6178800940513611,813
0.41004605293273927,0.5899539589881897,17371
0.6807586908340454,0.3192413091659546,59663
0.6086487412452698,0.3913512349128723,63491
0.6501562118530273,0.3498438000679016,1002
0.8592460870742797,0.14075392931699754,59955
0.5798637509346009,0.42013623714447024,54592
0.6239139199256897,0.3760860741138458,52013
0.6217429280281067,0.3782570600509644,1439
0.754514479637146,0.2454855740070343,46537
0.5701515078544617,0.42984848022460936,47871
0.5061081230640412,0.49389188885688784,66470
0.5968895316123962,0.40311044454574585,67125
0.42317458987236023,0.5768254101276398,6822
0.8552293419837952,0.14477067589759826,56285
0.5219874441623688,0.47801256775856016,15751
0.053632061928510666,0.9463679432868958,35956
0.709743344783783,0.2902566283941269,51237
0.7134551882743836,0.2865448176860809,50133
0.73754323720932,0.2624567776918411,9456
0.8723260521888733,0.1276739239692688,8751
0.5543962359428406,0.445603746175766,47023
0.7236557602882385,0.2763442397117615,4093
0.06076064631342888,0.9392393708229065,10528
0.8335504531860352,0.16644954085350036,7784
0.7295891284942627,0.27041086852550505,45136
0.6540216088294983,0.3459784030914307,26224
0.7026045799255372,0.2973954200744629,66686
0.7870058298110962,0.21299416720867156,714
0.6561993598937989,0.3438006579875946,40767
0.6176431894302368,0.3823568344116211,52584
0.7849159121513367,0.21508408188819886,72472
0.7775057315826416,0.22249425053596497,35692
0.5177214980125427,0.48227850198745725,61552
0.9415519833564758,0.05844803228974342,61661
0.5225051522254944,0.4774948477745056,17480
0.5671891331672668,0.43281084299087524,16452
0.7650745868682861,0.23492541611194612,60073
0.8634277820587158,0.13657221794128419,58279
0.2645335555076599,0.735466468334198,12045
0.6656770944595337,0.3343229055404663,73704
0.8104208946228028,0.18957908749580382,4405
0.9184228420257569,0.08157715201377869,46859
0.5402069330215454,0.45979304909706115,73413
0.8442461133003235,0.15575389862060546,15551
0.37693783044815066,0.6230621576309204,18479
0.4794398546218872,0.5205601572990417,73078
0.7372417569160461,0.262758269906044,49889
0.20434760749340058,0.7956523656845093,28472
0.462799996137619,0.5372000217437745,64769
0.5447482109069824,0.45525177717208865,5090
0.7810238242149353,0.2189761906862259,27935
0.11837899535894394,0.8816210389137268,2869
0.9236300945281982,0.07636993229389191,9412
0.30714995265007017,0.6928500413894654,20497
0.4168871223926544,0.583112919330597,3616
0.8050477623939514,0.19495223462581635,61520
0.7570347309112548,0.2429652750492096,40764
0.8547650218009949,0.14523497521877288,7593
0.7203217387199402,0.27967825531959534,64555
0.5782068967819214,0.4217931151390076,30335
0.1131597101688385,0.886840307712555,28459
0.21518971920013427,0.7848102807998657,64968
0.20057398974895477,0.7994259834289551,45828
0.8801843166351319,0.11981567740440369,41708
0.6647684931755066,0.3352315306663513,19760
0.4527128219604492,0.5472871840000153,17421
0.5740733981132508,0.4259266138076782,33467
0.23049043715000153,0.7695095300674438,17265
0.5576555132865906,0.44234448075294497,24057
0.25245578289031984,0.7475442290306091,28679
0.15265888571739197,0.8473411083221436,61086
0.5350329160690308,0.4649670600891113,55063
0.6472482204437255,0.352751761674881,32654
0.2778048157691956,0.7221951961517334,56120
0.42851485013961793,0.5714851260185242,10222
0.8231477260589599,0.176852285861969,68017
0.48110458850860593,0.5188953816890717,38860
0.7368496417999267,0.2631503462791443,69577
0.4964629888534546,0.5035370230674744,17349
0.43788554072380065,0.5621144533157348,68563
0.8315273761749268,0.168472620844841,67778
0.24688840806484222,0.7531115770339966,21178
0.07397477477788925,0.9260252237319946,31206
0.5806429386138916,0.41935707330703736,53514
0.7599366784095765,0.24006332457065582,55639
0.17840309143066407,0.8215969204902649,6248
0.6278098344802856,0.37219014167785647,12082
0.6719865679740906,0.3280134528875351,65428
0.8716034889221191,0.12839652150869368,62242
0.7434010148048401,0.25659896433353424,47268
0.772695803642273,0.2273042231798172,801
0.8294593334197998,0.17054067850112914,4791
0.5657033324241638,0.43429667949676515,10592
0.8273092269897461,0.1726907879114151,54258
0.5285971522331238,0.47140284776687624,57692
0.3224190056324005,0.6775810241699218,37238
0.5743108987808228,0.42568910121917725,69766
0.37854938507080077,0.6214506387710571,1035
0.7427853226661683,0.257214680314064,27859
0.40897282361984255,0.5910271763801574,20439
0.350457364320755,0.6495426058769226,53813
0.5407502770423889,0.4592497110366821,4616
0.3950116991996765,0.6049883008003235,13505
0.803245747089386,0.19675424993038176,34964
0.47842311263084414,0.5215769112110138,53151
0.40079588294029234,0.5992041230201721,37637
0.7579959392547607,0.24200408458709716,61072
0.4980130672454834,0.5019869267940521,41057
0.5306536436080933,0.46934632658958436,56091
0.7341960072517395,0.26580393612384795,20914
0.06630552485585213,0.9336944818496704,59912
0.7257549047470093,0.2742450892925262,3789
0.3488539278507233,0.6511460781097412,63223
0.4065163850784302,0.5934836387634277,28685
0.6099895358085632,0.39001046419143676,43329
0.40706934928894045,0.5929306626319886,2804
0.3652960121631622,0.6347039937973022,26169
0.7185885787010193,0.28141140937805176,45614
0.20269846618175508,0.7973015308380127,32605
0.48794202208518983,0.5120579659938812,74122
0.6116819620132447,0.3883180201053619,30218
0.7345416069030761,0.26545838415622713,30575
0.28121920824050906,0.7187808156013489,9343
0.18548365235328673,0.8145163655281067,46677
0.750352966785431,0.24964699745178223,52177
0.0698719561100006,0.930128014087677,34990
0.7741247534751892,0.22587524056434632,3979
0.6945949077606202,0.30540511608123777,42367
0.4650969088077545,0.5349031090736389,22038
0.2931685745716095,0.706831431388855,70439
0.6008699536323547,0.3991300702095032,30343
0.6456055879592896,0.3543944120407104,3936
0.295536869764328,0.7044631481170655,52227
0.39435494542121885,0.6056450486183167,25830
0.8629206776618957,0.1370793402194977,60415
0.19886353313922883,0.8011364579200745,44720
0.3009470224380493,0.6990529537200928,3855
0.2121927708387375,0.7878072261810303,40949
0.9000820279121399,0.09991796761751175,14895
0.38281765580177307,0.6171823740005493,64332
0.6362648487091065,0.36373515129089357,71295
0.4220249533653259,0.577975058555603,57317
0.506157636642456,0.4938423454761505,3415
0.04463272243738174,0.9553672909736634,843
0.3294637590646744,0.6705362319946289,17412
0.6529003262519837,0.3470997095108032,65965
0.7604851126670837,0.23951489925384523,31274
0.27202206254005434,0.7279778957366944,13702
0.5281294584274292,0.4718705117702484,21843
0.6111949563026429,0.38880502581596377,19305
0.4506572484970093,0.5493427574634552,69948
0.7507967233657837,0.24920326173305513,44034
0.5129784047603607,0.4870215833187103,41258
0.7523430228233338,0.24765698313713075,26814
0.8715442776679992,0.12845569849014282,44341
0.4233483374118805,0.5766516506671906,22787
0.5120175123214722,0.48798252940177916,12185
0.6511226892471313,0.34887731075286865,21899
0.5691903114318848,0.43080970644950867,67177
0.339326411485672,0.6606735944747925,12752
0.6394888997077942,0.3605111062526703,58130
0.3420382797718048,0.6579617142677308,72065
0.792163896560669,0.20783612430095671,63024
0.5097824513912201,0.4902175784111023,55114
0.1365096688270569,0.8634903073310852,32947
0.4779837131500244,0.52201629281044,25311
0.6353021740913392,0.36469781398773193,68123
0.2674239069223404,0.7325760960578919,38022
0.07473039776086807,0.9252695798873901,36786
0.4414418339729309,0.5585581660270691,44686
0.6551186561584472,0.3448813736438751,66142
0.5849510073661804,0.4150490045547485,58821
0.76029132604599,0.23970867395401002,19425
0.6511838912963868,0.3488161116838455,66892
0.17603215277194978,0.8239678502082824,64819
0.5171042203903198,0.4828958034515381,22257
0.45599343776702883,0.5440065741539002,49314
0.3862374067306519,0.6137625694274902,31151
0.6874600648880005,0.31253997087478635,674
0.42138046622276304,0.5786195278167725,41662
0.27864775657653806,0.7213522791862488,49534
0.10709834843873978,0.8929016590118408,71218
0.42832393050193784,0.5716760635375977,18094
0.7924834609031677,0.20751653611660004,54758
0.585093080997467,0.41490691900253296,55061
0.6851993441581726,0.3148006498813629,9468
0.5041244626045227,0.49587552547454833,24391
0.6406862616539002,0.35931373238563535,54198
0.18099288642406464,0.8190071225166321,33164
0.12600606232881545,0.8739939332008362,38147
0.8071523189544678,0.19284767806529998,20904
0.6301598072052002,0.3698401987552643,45126
0.41446652412414553,0.58553346991539,18294
0.4160302996635437,0.5839696884155273,48180
0.8174954056739807,0.18250456750392913,50836
0.134218966960907,0.865781056880951,3009
0.9167003154754638,0.08329968452453614,21863
0.6294069170951844,0.3705930829048157,15014
0.19683741331100463,0.8031625986099243,59377
0.7940265297889709,0.20597346723079682,54566
0.8875192523002624,0.11248072981834412,66460
0.5570008516311645,0.4429991126060486,72404
0.5369916319847107,0.46300838589668275,16107
0.834315276145935,0.16568473875522613,2477
0.7718709588050843,0.22812902331352233,73592
0.4956577718257904,0.5043422460556031,65577
0.690380334854126,0.30961970090866087,36522
0.692888867855072,0.30711114704608916,36763
0.4166797935962677,0.5833202242851258,46202
0.5849135041236877,0.41508651375770567,51981
0.49242526292800903,0.507574737071991,52826
0.5423381924629211,0.45766177773475647,56340
0.4597593367099762,0.5402406811714172,3717
0.6168415069580078,0.3831584990024567,39298
0.144380821287632,0.8556191921234131,5789
0.10297630429267883,0.8970237135887146,70528
0.2417644590139389,0.758235502243042,23820
0.436349093914032,0.5636509180068969,31034
0.18552882969379425,0.8144711852073669,8312
0.2550787806510925,0.7449212312698364,47066
0.8366166472434997,0.16338331997394562,14464
0.5847134947776794,0.4152864933013916,850
0.11254845410585404,0.8874515533447266,50856
0.7466229200363159,0.2533770531415939,63440
0.7509559750556946,0.24904401302337648,65431
0.5363199472427368,0.46368005871772766,17877
0.47961029410362244,0.5203897416591644,21328
0.8331165075302124,0.1668834865093231,6842
0.6863458514213562,0.31365416049957273,6996
0.8972862958908081,0.10271373093128204,62306
0.3858919024467468,0.6141081094741822,63304
0.26121176183223727,0.7387882113456726,44856
0.8317437291145324,0.168256276845932,55739
0.3089286148548126,0.6910713672637939,41713
0.11523883640766144,0.8847611427307129,72806
0.5025281786918641,0.4974718034267426,44754
0.7356121301651001,0.2643878698348999,50805
0.34327337741851804,0.6567265868186951,52226
0.43205605149269105,0.5679439663887024,10345
0.6051887035369873,0.3948113024234772,22847
0.3917316973209381,0.6082682728767395,56940
0.6552037954330444,0.34479622840881347,37725
0.1784790873527527,0.8215209484100342,8265
0.2023499310016632,0.7976500868797303,60427
0.2990110516548157,0.7009889602661132,33906
0.9311445951461792,0.06885544210672379,66603
0.3077346831560135,0.6922653079032898,32546
0.8462924957275391,0.15370749831199645,11888
0.22135395407676697,0.7786460638046264,37435
0.5151057481765747,0.4848942160606384,2314
0.20120423138141633,0.798795759677887,43670
0.31859728693962097,0.6814027070999146,29227
0.2949165940284729,0.7050834059715271,73053
0.06299271658062935,0.9370072960853577,54537
0.3153562068939209,0.6846437811851501,18023
0.250538045167923,0.7494619607925415,61545
0.8650445818901062,0.13495538979768754,30408
0.44203671216964724,0.5579632997512818,28101
0.466134124994278,0.5338658809661865,56914
0.5547462105751038,0.44525380730628966,30293
0.5702755451202393,0.4297244608402252,73880
0.41007978320121763,0.5899202346801757,42994
0.7750503301620484,0.22494968473911287,55404
0.6013918399810791,0.3986081719398499,17517
0.6327317833900452,0.3672682046890259,21995
0.8424131751060486,0.15758683979511262,51284
0.5885133624076844,0.41148664355278014,15747
0.33332122564315797,0.666678786277771,15040
0.2630231291055679,0.7369768738746643,35792
0.21205029189586638,0.7879497289657593,30748
0.43906601071357726,0.5609339714050293,58728
0.8607835173606873,0.1392164945602417,24852
0.17282218039035796,0.8271778106689454,54815
0.6892076969146729,0.3107922822237015,42699
0.5146317780017853,0.4853682339191437,471
0.8898602366447449,0.11013976037502289,36388
0.4401715874671936,0.5598284363746643,47095
0.7560685276985168,0.24393143653869628,26830
0.7928615808486938,0.20713842511177064,39834
0.4581046044826508,0.5418953895568848,51222
0.8813179135322571,0.11868208348751068,25000
0.6909401893615723,0.3090597987174988,6035
0.8509291291236878,0.14907090216875077,8257
0.11595297157764435,0.8840470314025879,20541
0.9359268546104431,0.06407315358519554,58513
0.41120808124542235,0.5887919306755066,27440
0.5168329000473022,0.4831670880317688,42242
0.527231103181839,0.4727689027786255,60065
0.5787778854370117,0.42122209072113037,68275
0.5443005204200745,0.45569948554039,30318
0.6093304634094239,0.39066951870918276,31733
0.08724035769701004,0.9127596378326416,6146
0.6600840330123902,0.33991596698760984,35300
0.6122557640075683,0.3877442479133606,9521
0.4055275559425354,0.5944724321365357,37429
0.8501484990119934,0.14985149800777436,44177
0.153673392534256,0.8463265895843506,5370
0.7985798478126526,0.20142016112804412,29891
0.3689531147480011,0.6310468792915345,45352
0.5809987306594848,0.4190012693405151,67968
0.3622805893421173,0.6377194046974182,4558
0.12627478837966918,0.8737251996994019,12729
0.5988360404968261,0.4011639475822449,41482
0.5904951095581055,0.40950489044189453,13601
0.6720056653022766,0.3279943287372589,65595
0.7813003659248352,0.2186996430158615,20639
0.1763986587524414,0.8236013293266297,24546
0.6645653247833252,0.3354346930980682,29711
0.9435941219329834,0.056405884027481076,68353
0.6446820139884949,0.3553179681301117,1600
0.08164521902799607,0.9183547735214234,26390
0.6480117201805115,0.3519882678985596,51247
0.4960325598716736,0.5039674460887908,25439
0.7854283809661865,0.21457163691520692,25027
0.6160371780395508,0.38396282196044923,35146
0.681440246105194,0.318559730052948,48131
0.1081458330154419,0.8918541431427002,33947
0.6596213817596436,0.3403786063194275,61659
0.7567459583282471,0.24325403571128845,26307
0.769166374206543,0.23083364963531494,22307
0.30855969786643983,0.6914402723312378,68825
0.29790794253349306,0.7020920634269714,73142
0.3697323679924011,0.6302676558494568,17386
0.1804749608039856,0.8195250272750855,63347
0.45466233491897584,0.5453376471996307,4205
0.709734833240509,0.2902651786804199,30883
0.7646569848060608,0.23534300923347473,45263
0.4719558358192444,0.5280441761016845,32825
0.4408505618572235,0.5591494560241699,71171
0.8146404147148132,0.1853595495223999,60626
0.4698385238647461,0.5301614940166474,60449
0.5477387547492981,0.45226125717163085,45572
0.4826725959777832,0.517327356338501,38431
0.8104564189910889,0.18954360485076904,64740
0.5019474565982819,0.49805254936218263,33983
0.8262352705001831,0.1737647235393524,21437
0.14169132113456726,0.8583086848258972,70409
0.6545056462287903,0.3454943299293518,615
0.2206476867198944,0.7793522953987122,27954
0.5022912085056305,0.4977088153362274,4876
0.42013118267059324,0.5798688292503357,49246
0.24933892488479614,0.750661063194275,96
0.5151466012001038,0.4848534107208252,17050
0.15369199514389037,0.8463079690933227,51476
0.8892414689064025,0.11075853705406188,28812
0.8881926298141479,0.11180739402770996,53348
0.5781887888908386,0.4218111991882324,9857
0.6602387070655823,0.3397612690925598,51394
0.458217054605484,0.541782945394516,45628
0.42353988289833067,0.5764601409435273,13151
0.542884910106659,0.45711507797241213,2512
0.5367265820503235,0.46327343583106995,25829
0.5779721975326538,0.4220277965068817,21936
0.7294305443763733,0.2705694645643234,19177
0.751928198337555,0.24807179868221282,56112
0.5649543285369873,0.4350456476211548,36033
0.699364161491394,0.3006358206272125,35769
0.5199360489845276,0.48006396889686587,45357
0.8729181051254272,0.12708187699317933,20223
0.4517232358455658,0.5482767701148987,61722
0.5789677321910858,0.4210322856903076,49668
0.5309832155704498,0.4690167665481567,14500
0.3367875337600708,0.6632124543190002,17818
0.7969384789466858,0.20306150019168853,47041
0.6511720776557922,0.34882792830467224,42614
0.5860633611679077,0.4139366507530212,71133
0.05450096353888512,0.945499038696289,31998
0.5679391145706176,0.4320608913898468,66060
0.6444840431213379,0.3555159687995911,40356
0.7790189385414124,0.22098106145858765,73857
0.7685646772384643,0.2314353197813034,281
0.5274316132068634,0.47256839871406553,3788
0.4880576252937317,0.5119423627853393,20136
0.8084281325340271,0.19157186448574065,72840
0.2410358875989914,0.7589641332626342,47122
0.5061329126358032,0.4938670933246613,73423
0.5595780313014984,0.44042194485664365,74446
0.7791159868240356,0.22088399827480315,7878
0.8249869108200073,0.17501309812068938,30617
0.19179386794567108,0.8082061529159545,58703
0.5661362290382386,0.4338637709617615,35616
0.15253579318523408,0.8474641919136048,22975
0.8975182056427002,0.10248178094625474,51328
0.8208853006362915,0.17911470234394072,67896
0.7315525531768798,0.26844743490219114,62951
0.410206663608551,0.589793348312378,19650
0.42900131940841674,0.5709986805915832,32019
0.17992736101150514,0.8200726628303527,26069
0.8785636186599731,0.12143637239933014,65578
0.046620077639818194,0.9533799409866333,38706
0.3617048621177673,0.6382951378822327,51176
0.507230257987976,0.49276975393295286,12552
0.6545270919799805,0.34547290205955505,25097
0.18760820031166076,0.8123918056488038,51346
0.6552197575569153,0.3447802722454071,58489
0.17214697301387788,0.827853000164032,51345
0.23137039542198182,0.7686296105384827,27287
0.7315929770469666,0.2684070110321045,41022
0.310383540391922,0.6896164774894714,59518
0.1380912110209465,0.861908781528473,30306
0.7510757207870483,0.2489242821931839,19162
0.8249466061592102,0.17505339086055755,50168
0.7060359716415405,0.2939639985561371,73670
0.5013871788978577,0.4986127972602844,1593
0.7292057871818542,0.270794215798378,71697
0.645496928691864,0.35450307130813596,29044
0.7526532292366028,0.24734677970409394,19682
0.27446081340312956,0.7255391716957093,55303
0.5378894209861755,0.46211057901382446,65220
0.6957425594329834,0.3042574465274811,29616
0.8727275729179382,0.1272724375128746,9842
0.852651059627533,0.14734895825386046,12490
0.41564565896987915,0.5843543350696564,53110
0.26173647344112394,0.7382635116577149,73324
0.4744363069534302,0.5255637168884277,6844
0.64394211769104,0.3560578942298889,26792
0.6130460143089295,0.3869539678096771,39482
0.48169496059417727,0.5183050215244294,32347
0.7219278454780579,0.2780721396207809,70452
0.1549980267882347,0.8450019359588623,32433
0.2538079798221588,0.7461920142173767,47699
0.37957704067230225,0.6204229593276978,29369
0.15688925385475158,0.8431107521057128,60478
0.6834104537963868,0.31658952832221987,38483
0.07895138710737229,0.9210486531257629,27250
0.49316580295562745,0.5068342208862304,967
0.41917545199394224,0.5808245778083801,62265
0.23376709520816802,0.7662329077720642,34746
0.2959349036216736,0.7040650725364686,17590
0.7587823987007141,0.24121761322021484,65504
0.7555541753768921,0.2444458395242691,21370
0.6199693202972412,0.3800307035446167,48467
0.6173051118850708,0.3826949119567871,39330
0.18972768485546113,0.8102723121643066,23788
0.4550793647766113,0.5449206471443176,48886
0.8424322128295898,0.1575677901506424,35595
0.8990198969841003,0.10098009556531906,11048
0.8256614446640015,0.17433859705924987,53189
0.79657381772995,0.20342617630958557,21624
0.11791420578956605,0.8820858240127564,55489
0.28320689499378204,0.7167931079864502,61949
0.6297749638557434,0.37022502422332765,68943
0.22861891090869904,0.7713810801506042,31432
0.6404866337776184,0.35951335430145265,37055
0.482020103931427,0.5179798781871796,20665
0.1159313976764679,0.8840686202049255,9215
0.6041897892951965,0.3958102107048035,31606
0.8628971815109253,0.13710280656814575,5212
0.3851742446422577,0.6148257255554199,13478
0.7589107751846313,0.24108922183513642,7782
0.4504260718822479,0.5495739579200745,8551
0.5299142181873322,0.4700857698917389,2329
0.5454744815826416,0.4545255184173584,19248
0.7674567222595214,0.23254325687885286,4917
0.3971098244190216,0.6028901696205139,12458
0.42008734345436094,0.5799126744270324,51606
0.590099036693573,0.4099009811878204,12061
0.30829601883888247,0.6917039513587951,1296
0.3765305280685425,0.6234694838523864,41104
0.3097235202789307,0.6902764916419983,25502
0.4935475021600723,0.5064525067806244,62836
0.4538315236568451,0.5461684882640838,5626
0.06963918060064316,0.9303608298301697,52932
0.7341957330703736,0.2658042639493942,159
0.5945227384567261,0.40547727346420287,4626
0.5827078223228455,0.4172921419143677,9739
0.7629053950309753,0.23709458708763123,48248
0.8701625108718872,0.129837466776371,59350
0.3570376098155975,0.6429623961448669,22884
0.5682177126407624,0.43178226947784426,11142
0.7450184226036072,0.2549815833568573,22542
0.7688316822052002,0.23116831183433534,23336
0.7750396966934204,0.22496027052402495,19558
0.8458995938301086,0.15410039722919464,32187
0.4872510492801666,0.5127489387989044,37790
0.7702171802520752,0.22978280186653138,17347
0.740193247795105,0.25980676114559176,74164
0.06285465657711028,0.9371453642845153,9890
0.6404993772506714,0.3595006227493286,12410
0.523809415102005,0.476190584897995,50061
0.31439646482467654,0.6856035470962525,67572
0.6811835289001464,0.3188164889812469,72307
0.15590912699699402,0.8440908789634705,28609
0.5554725885391235,0.4445274114608765,2744
0.41095042824745176,0.5890495777130127,47083
0.8582833051681519,0.14171670973300934,8373
0.6135685086250305,0.38643149137496946,57962
0.624299955368042,0.3757000505924225,54865
0.5613769292831421,0.4386230707168579,23160
0.900003457069397,0.09999656081199645,8833
0.7976512551307678,0.2023487389087677,21887
0.33756322860717775,0.6624367713928223,57161
0.5799651980400086,0.4200347661972046,56990
0.8477920889854431,0.1522079139947891,26138
0.44443615674972536,0.5555638551712037,23970
0.6608646512031555,0.33913534283638,52339
0.599170696735382,0.40082929730415345,65979
0.46094393730163574,0.5390560746192932,26970
0.6520795583724975,0.34792044162750246,63252
0.34522473216056826,0.6547752737998962,57430
0.645539128780365,0.35446085333824157,36276
0.6643286943435669,0.33567134141921995,13020
0.48517197370529175,0.5148280143737793,57512
0.5329910218715668,0.4670089840888977,17156
0.12159231752157211,0.8784076929092407,9581
0.8683888077735901,0.13161121755838395,23130
0.8822522163391113,0.11774777919054032,23698
0.16488518565893173,0.8351148128509521,41853
0.6254035115242005,0.37459648251533506,3860
0.5256553053855896,0.4743447184562683,47044
0.6355583786964416,0.36444162130355834,69129
0.4938754975795746,0.5061245083808898,73526
0.2560211896896362,0.7439788103103637,31693
0.1436125010251999,0.8563875198364258,1599
0.7682270169258117,0.2317729949951172,73797
0.6034109830856323,0.3965890109539032,27919
0.2306971549987793,0.7693028450012207,5658
0.4570309817790985,0.542969012260437,64862
0.5903236269950867,0.40967637300491333,5639
0.8520268559455871,0.14797312170267105,17721
0.41968745589256284,0.5803125381469727,16188
0.13728349506855012,0.8627165079116821,53192
0.577944016456604,0.4220559895038605,51816
0.31904423236846924,0.6809557795524597,13823
0.5722551107406616,0.4277449190616608,42152
0.48823118209838867,0.5117688298225402,47800
0.7015883564949036,0.2984116435050964,30292
0.7613606810569763,0.23863932490348816,8589
0.7210548043251037,0.27894522845745084,14577
0.5981460571289062,0.40185393691062926,58833
0.6187773108482361,0.3812226951122284,32452
0.5132956087589264,0.4867044031620026,18572
0.6316382884979248,0.3683617293834686,39467
0.728618609905243,0.2713814079761505,33843
0.6159247279167175,0.3840752959251404,33016
0.14676946103572847,0.8532305359840393,51867
0.8617113113403321,0.13828871101140977,33464
0.7976460099220276,0.20235396921634674,22933
0.29095375835895537,0.709046232700348,18859
0.659036660194397,0.3409633576869965,19954
0.05993521437048912,0.9400647640228271,64344
0.21877771019935607,0.7812222957611084,10352
0.05506116673350334,0.9449388265609742,67019
0.875365948677063,0.12463404983282089,48122
0.2303999751806259,0.7696000099182129,27959
0.4853403568267822,0.5146596133708954,21679
0.849341070652008,0.15065892338752745,69026
0.27841037809848784,0.7215896248817444,13722
0.6808900475502014,0.3191099584102631,12773
0.575635576248169,0.4243644535541534,33944
0.6563104748725891,0.34368954300880433,71298
0.747459101676941,0.2525409162044525,65413
0.7533500075340271,0.24664999842643737,53845
0.2570391595363617,0.7429608583450318,8937
0.5525477826595306,0.44745224714279175,60276
0.26617005169391633,0.7338299512863159,3503
0.6235427618026733,0.37645721435546875,60995
0.5615221738815308,0.43847785592079164,58443
0.4691977322101593,0.5308022737503052,15123
0.1401301935315132,0.8598698019981384,50091
0.6917707562446594,0.30822923183441164,63630
0.8664896607398986,0.13351034373044968,4587
0.7166205883026123,0.2833794057369232,74304
0.8536104321479797,0.14638958871364594,67138
0.7045657277107239,0.2954342782497406,54617
0.3448686063289642,0.6551313996315002,4661
0.7940276145935059,0.20597238838672638,38669
0.16238235533237458,0.8376176357269287,62380
0.5932908296585083,0.4067091643810272,17893
0.8752827525138855,0.12471721172332764,19847
0.5200130820274353,0.47998693585395813,20348
0.7616603970527649,0.2383395880460739,53504
0.8952033996582032,0.10479656010866165,28954
0.6854373335838317,0.3145626723766327,71097
0.6306230425834656,0.3693769633769989,56474
0.8656095743179322,0.1343904286623001,48722
0.8258615970611572,0.17413839995861052,50812
0.7331509351730346,0.26684904396533965,70605
0.6232394814491272,0.3767605185508728,48492
0.544584721326828,0.45541527271270754,56040
0.8557245135307312,0.14427548348903657,39491
0.33294986486434935,0.6670501470565796,52762
0.5007033705711365,0.49929662346839904,13621
0.7552575469017029,0.2447424739599228,8619
0.8316372513771058,0.16836272478103637,13132
0.50985187292099,0.49014815092086794,63585
0.4651160895824432,0.5348839044570923,19182
0.44786410331726073,0.5521358966827392,16775
0.8272307753562927,0.17276922911405562,5477
0.5433779239654541,0.4566220760345459,36711
0.25133275985717773,0.7486672520637512,32943
0.9373829007148743,0.06261709108948707,56722
0.7412561655044556,0.2587438464164734,46491
0.7069315791130066,0.2930684328079224,4725
0.3590349853038788,0.6409650206565857,38578
0.1378602549433708,0.8621397018432617,19720
0.5420818746089935,0.4579181671142578,41260
0.5487753033638001,0.45122469067573545,19186
0.5501973569393158,0.4498026490211487,41087
0.6541278123855591,0.3458721607923508,53822
0.12822744697332383,0.8717725157737732,30310
0.47686869502067564,0.5231313109397888,29339
0.31947605311870575,0.680523955821991,3646
0.04926009848713875,0.9507399201393127,46379
0.702228045463562,0.29777195751667024,17596
0.1951199561357498,0.8048800468444824,21411
0.5544880092144012,0.4455120265483856,1711
0.5617227196693421,0.43827730417251587,57819
0.09152268767356872,0.9084773421287536,24382
0.6153553605079651,0.3846446454524994,67757
0.6533753871917725,0.346624618768692,26605
0.8622615098953247,0.1377384901046753,11366
0.7286805510520935,0.27131944298744204,43102
0.6284815907478333,0.3715184211730957,4385
0.37346609234809874,0.6265339255332947,31663
0.5237693071365357,0.47623070478439333,26654
0.8437736749649047,0.15622633397579194,51341
0.452523797750473,0.5474762201309205,26318
0.6298552870750427,0.37014471292495726,65294
0.5115674912929535,0.4884324908256531,65591
0.23322442770004273,0.7667755484580994,51697
0.39683343172073365,0.6031665444374085,37606
0.42287757992744446,0.57712242603302,73504
0.5620846509933471,0.43791534900665285,16852
0.7611151337623596,0.23888484239578248,41899
0.73772292137146,0.2622771054506302,8366
0.41997138857841493,0.5800286054611206,73363
0.07607185244560241,0.92392817735672,4421
0.8948193788528442,0.10518063455820084,14304
0.2326245814561844,0.7673754215240478,24809
0.499529629945755,0.5004704236984253,40539
0.35013375282287595,0.649866235256195,43333
0.5131588697433471,0.48684111833572385,50588
0.5663142442703247,0.43368575572967527,43878
0.5955434560775756,0.4044565260410309,64109
0.6514622569084167,0.3485377550125122,26344
0.29763515293598175,0.7023648858070374,22495
0.21682925522327423,0.7831707239151001,63141
0.8277886033058166,0.17221144139766692,70723
0.5972730040550231,0.4027270019054413,34280
0.11767351031303405,0.8823264956474304,69476
0.3372708946466446,0.6627291202545166,29915
0.7918123722076416,0.20818764567375184,61231
0.5515578269958497,0.4484421730041504,25820
0.35767563581466677,0.6423243761062623,50264
0.5945305466651917,0.4054694652557373,7985
0.618206262588501,0.38179370760917664,45066
0.5490631103515625,0.450936883687973,69733
0.5975310504436493,0.40246893763542174,49548
0.6993302464485168,0.3006697237491608,32016
0.2497144639492035,0.7502855658531189,10035
0.608841872215271,0.39115814566612245,15348
0.350512421131134,0.649487578868866,52844
0.20368118584156036,0.7963188529014588,47887
0.322825026512146,0.6771749496459961,21496
0.8168041348457337,0.18319582641124726,11988
0.5543000638484955,0.44569994807243346,72000
0.7368668556213379,0.26313313841819763,70062
0.606323528289795,0.39367648363113406,37916
0.07838077992200851,0.9216192364692688,15491
0.5214134991168976,0.4785864889621735,27482
0.6898094773292541,0.31019052267074587,64013
0.4163887083530426,0.5836112976074219,15562
0.819230568408966,0.18076941668987273,20769
0.617054569721222,0.38294545412063596,61514
0.6338847398757934,0.3661152422428131,36877
0.2531586617231369,0.7468413472175598,13472
0.35197157263755796,0.6480284214019776,19264
0.3762778341770172,0.6237221837043763,50745
0.8183770060539246,0.1816230058670044,63749
0.09531378149986267,0.9046862006187439,19512
0.3513424932956696,0.6486574649810791,30941
0.2555920481681824,0.7444079399108887,9233
0.4753486573696136,0.5246513366699219,9061
0.31833942532539367,0.681660532951355,45206
0.47557632327079774,0.5244236886501312,54418
0.5814584255218506,0.4185415983200073,64941
0.6853439688682557,0.3146560549736023,50233
0.17048027515411376,0.8295197367668152,41351
0.5350536584854126,0.46494634747505187,59455
0.6090483844280243,0.3909516215324402,71493
0.22211215794086456,0.7778878569602966,73634
0.8069116830825805,0.19308829605579375,22630
0.5456915736198426,0.45430843234062196,11583
0.13066009283065796,0.869339895248413,10566
0.08739300668239594,0.9126070022583008,40071
0.7721931099891662,0.22780687510967254,52817
0.31755271553993225,0.6824472665786743,42174
0.7932479023933411,0.20675211250782013,72822
0.7858200192451477,0.21417995989322663,3900
0.21947534382343292,0.7805246710777283,10049
0.601029348373413,0.3989706218242645,4720
0.6129284381866456,0.38707154989242554,43569
0.7874904870986938,0.21250949501991273,69168
0.2178355097770691,0.7821645021438599,7614
0.828603196144104,0.17139679193496704,13368
0.3274730831384659,0.6725269198417664,25607
0.426282000541687,0.5737179815769196,12112
0.3539929986000061,0.646006977558136,58181
0.12174686044454575,0.8782531380653381,13624
0.6749118089675903,0.32508822083473204,58288
0.0510704904794693,0.9489294767379761,509
0.5789101481437683,0.4210898280143738,64241
0.8264699339866638,0.17353006601333618,33245
0.26141236424446107,0.7385876417160034,18108
0.7530940532684326,0.24690594971179963,47907
0.8975692629814148,0.10243071019649505,6349
0.6683794736862183,0.3316205143928528,50915
0.6394844651222229,0.3605155646800995,52482
0.7828916549682617,0.21710833609104158,49763
0.32251726984977724,0.6774827241897583,71706
0.5288565754890442,0.4711434364318848,36602
0.8491292715072631,0.15087072253227235,41523
0.2976322680711746,0.7023677110671998,36457
0.424283891916275,0.5757161557674408,29028
0.5228356719017029,0.4771643698215485,70316
0.28215684592723844,0.7178431749343872,2820
0.8042634844779968,0.1957365095615387,4357
0.7582194566726684,0.24178054332733154,27801
0.8277406334877014,0.1722593754529953,73424
0.5914965450763703,0.4085034251213074,60735
0.36619104743003844,0.633808970451355,63744
0.8306192398071289,0.1693807691335678,3990
0.4903289020061493,0.5096710920333862,32950
0.7098472118377686,0.29015278816223145,48312
0.7993791937828064,0.2006208300590515,28680
0.6278559565544128,0.3721440374851227,22723
0.7857452869415283,0.21425468921661378,49755
0.7785346746444702,0.22146532833576202,32606
0.5127979218959808,0.4872020721435547,14882
0.2212550312280655,0.7787449836730957,61059
0.4563751816749573,0.5436248183250427,22478
0.6756445527076721,0.3243554413318634,11130
0.04940830692648888,0.9505917072296143,58673
0.7368269085884094,0.2631730854511261,8479
0.5652021765708923,0.43479780554771424,37301
0.5561405062675476,0.4438594877719879,8933
0.4382243812084198,0.5617756605148315,72512
0.13769159018993377,0.862308394908905,58863
0.8126326441764832,0.18736734986305237,58781
0.67015380859375,0.32984619140625,37804
0.679906141757965,0.3200938493013382,68756
0.5885958433151245,0.41140414476394654,14793
0.5679201483726501,0.43207985162734985,25165
0.28635902106761935,0.7136409997940063,73563
0.198491433262825,0.8015085697174072,53386
0.8495808482170105,0.150419157743454,53666
0.641705846786499,0.3582941353321075,31303
0.5424448668956756,0.45755513310432433,31581
0.6671152114868164,0.33288476467132566,48026
0.6183044910430908,0.3816955327987671,9352
0.1038791611790657,0.896120834350586,27318
0.4375364720821381,0.5624635100364686,72042
0.6949708342552186,0.305029159784317,8908
0.34517812728881836,0.6548218727111816,57920
0.5020363807678223,0.4979636013507843,37751
0.21062715649604796,0.7893728137016296,53154
0.5006775200366974,0.4993224859237671,66675
0.5232667922973633,0.4767332077026367,58388
0.5857235074043274,0.4142764925956726,68985
0.36565394401550294,0.6343460440635681,68402
0.4220788419246674,0.5779211640357971,52481
0.6144270896911621,0.38557290434837344,11373
0.6931220889091492,0.30687793493270876,55925
0.4318870782852173,0.5681129455566406,7263
0.2515434265136719,0.748456609249115,13993
0.6516773581504822,0.34832260608673093,27321
0.46718411445617675,0.5328158736228943,2653
0.20718016922473909,0.7928198099136352,66689
0.6057153820991517,0.3942846357822418,47688
0.28104967176914214,0.7189503312110901,12609
0.8142261743545532,0.18577380776405333,11706
0.46031084656715393,0.5396891713142395,33580
0.44018121957778933,0.5598188042640686,67934
0.7657881617546082,0.23421182930469514,43695
0.8234249711036682,0.17657504677772523,39161
0.6802558779716492,0.31974411606788633,41782
0.8745524644851684,0.12544755786657333,64962
0.3678528904914856,0.6321471214294434,43908
0.3486516773700714,0.6513482928276062,74306
0.2989519894123077,0.7010480046272278,46299
0.4540931820869446,0.5459068298339844,44680
0.18961220979690552,0.8103878140449524,47429
0.7043732881546021,0.2956267178058624,23026
0.48062007427215575,0.5193799197673797,5217
0.18059298694133757,0.8194070339202881,63036
0.4495361685752869,0.5504638314247131,57357
0.42726271152496337,0.5727372765541077,21504
0.4352787733078003,0.5647212028503418,69282
0.49632456302642824,0.5036754608154297,35673
0.6521523833274842,0.3478476285934448,47318
0.8645473480224609,0.13545263558626175,2550
0.7441318392753601,0.2558681517839432,42759
0.9521772623062134,0.047822744399309156,25613
0.2509939432144165,0.7490060567855835,38533
0.697393000125885,0.302606999874115,37864
0.1393655002117157,0.8606344938278199,12897
0.5013115167617798,0.49868849515914915,68769
0.4169084429740906,0.5830915451049805,67377
0.5349632024765014,0.4650367975234985,18622
0.6864839911460876,0.3135159909725189,830
0.8542901635169983,0.14570983052253722,26772
0.25365960896015166,0.7463403940200806,51286
0.3520701348781586,0.6479298353195191,18179
0.8490563154220581,0.15094370841979982,52625
0.16219510436058043,0.8378048777580261,68558
0.8378499150276184,0.16215006411075591,47899
0.7812096953392029,0.21879028975963594,72330
0.19431470930576325,0.805685305595398,1945
0.4845758259296417,0.5154241740703582,42452
0.22810138761997223,0.771898603439331,52846
0.5165531039237976,0.4834468960762024,10455
0.84771329164505,0.15228670239448547,54511
0.12695397734642028,0.8730460166931152,6628
0.1675077944993973,0.832492196559906,41602
0.23262470960617065,0.7673752665519714,61591
0.16485198587179184,0.83514803647995,55198
0.8258217811584473,0.17417823374271393,13582
0.6741095662117005,0.325890439748764,19462
0.576174259185791,0.4238257646560669,70887
0.7436060190200806,0.25639398097991944,15268
0.6381874084472656,0.36181256771087644,29054
0.6025278449058533,0.39747215509414674,15756
0.4977965533733368,0.5022034168243408,9068
0.8239087104797364,0.17609128654003142,14970
0.8564153671264648,0.14358463883399963,8882
0.04397475123405457,0.9560252666473389,52619
0.4133408904075623,0.5866590976715088,42171
0.8795569658279419,0.12044304311275482,61147
0.7514400362968445,0.24855995774269105,61799
0.28041152358055116,0.7195884823799134,42901
0.3216621458530426,0.6783378839492797,30348
0.600830489397049,0.39916951656341554,41382
0.4327355146408081,0.5672644972801208,7755
0.5486010074615478,0.4513989984989166,73661
0.8416639566421509,0.1583360403776169,4884
0.10138576477766037,0.8986142396926879,35535
0.2656889855861664,0.7343109965324401,8007
0.47249796986579895,0.52750204205513,61324
0.4294393062591553,0.5705607056617736,9633
0.48843730688095094,0.5115626931190491,26331
0.41438682079315187,0.5856131672859192,594
0.19930504113435746,0.8006949663162232,57055
0.3589759051799774,0.6410240888595581,73811
0.8967539548873902,0.10324604660272599,42201
0.3590987682342529,0.6409012198448181,62328
0.8869499683380127,0.11305002421140671,27655
0.8191323399543762,0.18086762726306915,36333
0.6535355567932128,0.3464644193649292,23379
0.7743298053741455,0.22567018866539001,29222
0.6994143486022949,0.30058565437793733,26219
0.6842127323150635,0.3157873034477234,4051
0.49062647819519045,0.5093735218048095,27260
0.5791302561759949,0.4208697438240051,24630
0.3592054724693298,0.6407945275306701,18915
0.6714324116706848,0.32856760621070863,52499
0.90232834815979,0.09767167866230012,17533
0.4130693912506104,0.5869306087493896,20703
0.32383531928062437,0.6761646866798401,22791
0.5009258687496185,0.4990741372108459,342
0.10701768696308137,0.8929823040962219,67134
0.5118350088596344,0.488165009021759,69986
0.4577707707881927,0.5422292172908783,4892
0.4578750193119049,0.5421249508857727,7683
0.7892252326011657,0.21077474653720857,23786
0.3310664176940918,0.6689335703849792,43486
0.5912430763244629,0.408756947517395,1648
0.20778568983078002,0.792214322090149,2531
0.13636208325624466,0.863637900352478,65917
0.29007282555103303,0.7099272012710571,21996
0.6733869552612305,0.326613050699234,69361
0.4974384605884552,0.5025615394115448,72709
0.31185256838798525,0.6881474494934082,14968
0.307826554775238,0.6921734571456909,28511
0.32368760108947753,0.6763123869895935,43317
0.14471016973257064,0.8552898287773132,11068
0.5271735906600952,0.4728264153003693,10193
0.24320902228355407,0.7567909836769104,9268
0.6192272663116455,0.38077275156974794,43036
0.09082295149564742,0.9091770768165588,24706
0.42434356212615965,0.5756564557552337,47153
0.5899789452552795,0.4100210785865784,59500
0.4092739105224609,0.590726089477539,38795
0.3375899314880371,0.6624100565910339,15280
0.29780773520469667,0.7021922588348388,59410
0.7154423356056213,0.2845576763153076,30475
0.7213497996330261,0.27865021526813505,37786
0.587567937374115,0.41243205666542054,30709
0.8705534100532532,0.12944657504558563,17759
0.46830816864967345,0.5316918611526489,45471
0.48075167536735536,0.5192483246326447,12657
0.636044442653656,0.36395555138587954,58581
0.6777487158775329,0.3222512900829315,23823
0.7503016352653503,0.24969835877418517,57294
0.2870729982852936,0.7129270076751709,18177
0.8144346833229065,0.1855653077363968,69728
0.3202959179878235,0.6797040700912476,63695
0.1529318481683731,0.8470681548118592,65089
0.5567943692207337,0.44320563077926634,64390
0.38344019651412964,0.6165597796440124,68579
0.5224415600299835,0.477558434009552,4998
0.6628113746643066,0.3371886134147644,21339
0.4562840163707733,0.5437159776687622,26570
0.7202998757362366,0.27970012128353117,6205
0.6675326585769653,0.3324673116207123,43354
0.2700260430574417,0.7299739480018616,54260
0.8783734679222107,0.12162652909755707,10580
0.5982597827911377,0.4017402112483978,18594
0.46811469793319704,0.5318853259086609,66431
0.29170563220977785,0.7082943916320801,31508
0.13986070305109025,0.8601392984390259,55199
0.7656465888023376,0.2343534469604492,55463
0.7297590255737305,0.2702409833669662,63722
0.8405689001083374,0.1594310849905014,41055
0.6988245844841003,0.3011754274368286,64395
0.5662631273269654,0.43373689651489256,64697
0.4194501399993896,0.5805498361587524,29499
0.5492612421512604,0.4507387638092041,25863
0.6200859665870666,0.3799140155315399,66873
0.6207332134246826,0.37926678657531737,71341
0.5866370677947998,0.41336293816566466,63680
0.6667275190353393,0.3332724690437317,39895
0.30400819182395933,0.695991826057434,27716
0.06832758858799934,0.9316724300384521,26413
0.6458161354064942,0.35418386459350587,62342
0.48543972373008726,0.5145603060722351,18912
0.6278273344039917,0.37217267155647277,8290
0.8050514698028565,0.19494852125644685,59891
0.846325695514679,0.15367428958415985,53836
0.831715178489685,0.16828483045101167,41380
0.3757604777812958,0.6242395162582397,47174
0.6180519580841064,0.38194808959960935,30005
0.6463024616241455,0.35369750261306765,42513
0.808447003364563,0.19155299961566924,73546
0.43060452342033384,0.5693954944610595,16778
0.8080235838890075,0.19197641015052797,44338
0.2883547216653824,0.7116452932357789,1415
0.7265556812286377,0.2734442979097366,14443
0.3059260308742523,0.6940739870071411,38741
0.35454457998275757,0.6454554319381713,27122
0.37569981813430786,0.6243001580238342,34024
0.5391598820686341,0.46084012389183043,3511
0.5409224629402161,0.4590775728225708,47036
0.22943202555179595,0.7705679655075073,20158
0.21096881926059724,0.7890311479568481,39859
0.19545758366584778,0.8045424342155456,16385
0.6637266278266907,0.3362733632326126,72770
0.08339576721191407,0.9166042447090149,43728
0.21584719121456147,0.7841528296470642,9698
0.85184565782547,0.1481543481349945,31489
0.12638362646102905,0.873616361618042,69669
0.07452107071876526,0.9254789352416992,59019
0.5152697741985321,0.4847302258014679,55644
0.5326208174228668,0.46737918853759763,68738
0.294483545422554,0.7055164575576782,38392
0.747046148777008,0.2529538571834564,29279
0.5032718896865844,0.49672811627388,29881
0.763574743270874,0.2364252597093582,45153
0.7162811398506165,0.28371888399124146,12144
0.8763170599937439,0.12368291765451431,10631
0.41956220269203187,0.5804377853870392,55011
0.4078876733779907,0.5921123385429382,27149
0.3163857251405716,0.6836142539978027,46869
0.3127582609653473,0.6872417569160462,6831
0.37235777974128725,0.6276422262191772,20315
0.33745391964912413,0.6625460505485534,69191
0.21814179718494414,0.7818582057952881,44453
0.11126696169376374,0.8887330293655396,73826
0.5703176736831665,0.42968233227729796,27588
0.8243789196014404,0.17562109231948853,50208
0.14697810113430024,0.8530219197273254,37855
0.8977187633514404,0.10228124260902405,55388
0.322588375210762,0.6774116158485413,36730
0.41702657341957095,0.5829734206199646,41601
0.591833233833313,0.4081667363643646,28313
0.744733989238739,0.25526603758335115,27132
0.3586987316608429,0.6413012623786927,64735
0.06966027617454529,0.9303397297859192,41237
0.340835964679718,0.6591640591621399,14484
0.5009660422801971,0.4990339457988739,13006
0.5177933692932128,0.48220661878585813,14356
0.7494643688201904,0.2505356281995773,37309
0.32898716926574706,0.6710128307342529,17731
0.24582428932189943,0.7541756868362427,32044
0.4912483274936676,0.5087516367435455,55419
0.2550316691398621,0.74496830701828,49234
0.37357485890388487,0.6264251232147217,32140
0.8795259475708008,0.12047404944896697,36014
0.6847024202346802,0.3152975618839264,57721
0.6746066570281982,0.32539333701133727,42024
0.4351466715335846,0.5648533463478088,6569
0.6751983761787415,0.32480162382125854,32639
0.5201814949512482,0.4798184931278229,52696
0.39798483848571775,0.6020151615142822,9854
0.5452611804008484,0.4547388255596161,8459
0.7375489950180054,0.2624509930610657,33575
0.8791131496429443,0.12088687419891357,9827
0.35953529477119445,0.6404647111892701,47127
0.4467063248157501,0.5532936692237854,72810
0.552411150932312,0.4475888431072235,56877
0.16343990266323088,0.8365601062774658,8655
0.1416420519351959,0.8583579301834107,14122
0.6052188634872436,0.3947811722755432,35627
0.8494851231575012,0.150514879822731,73107
0.7760834097862244,0.22391659021377563,30877
0.8089966773986816,0.19100332260131836,7038
0.14496423602104186,0.8550357818603516,63129
0.7136625528335572,0.2863374352455139,46460
0.5047341883182526,0.4952658236026764,954
0.22066852152347566,0.7793314695358277,70356
0.8339163422584533,0.16608364880084991,35289
0.7857745528221131,0.21422547101974487,35404
0.30223485827445984,0.6977651357650757,40480
0.4668894648551941,0.5331105530261994,47752
0.2635884016752243,0.7364115715026855,25112
0.8628258228302002,0.1371741473674774,39905
0.29419938623905184,0.7058006048202514,43646
0.42299972772598265,0.5770002484321595,56663
0.3367795586585999,0.6632204294204712,66500
0.8877556920051575,0.11224431693553924,36883
0.7917825222015381,0.20821751952171325,2864
0.8175988316535949,0.18240117132663727,19254
0.6729087233543396,0.327091258764267,8608
0.3963343560695648,0.6036656498908997,26841
0.24664502441883088,0.7533549904823303,1163
0.6667802810668946,0.33321974277496336,64207
0.22433988451957704,0.7756600975990295,56093
0.9089482665061951,0.0910517305135727,2443
0.7280040383338928,0.27199597358703614,23201
0.42165055871009827,0.5783494591712952,70041
0.7432834386825562,0.25671657025814054,66307
0.9063741445541382,0.09362584501504898,25631
0.5531062841415405,0.446893709897995,14096
0.5687069416046142,0.43129305839538573,33165
0.3937328398227692,0.6062671542167664,59237
0.26033138334751127,0.7396685719490051,72865
0.1378653511404991,0.8621346473693847,12359
0.5881924867630005,0.4118075132369995,24580
0.29261739253997804,0.7073826193809509,50507
0.8790234804153443,0.12097650468349457,22878
0.836367928981781,0.163632071018219,19003
0.31026791632175443,0.6897320866584777,48192
0.7235752701759338,0.27642472088336945,62021
0.1713940382003784,0.8286059856414795,57847
0.7470425009727478,0.2529574990272522,48657
0.40843542814254763,0.5915645718574524,27937
0.5980655193328858,0.40193445682525636,25543
0.5220266461372376,0.4779733598232269,40086
0.46180952787399293,0.5381904780864716,10320
0.11720140427350997,0.8827985882759094,58000
0.5681044042110444,0.4318955898284912,24657
0.8613525629043579,0.1386474221944809,41781
0.44436811804771426,0.5556318700313568,8116
0.310830557346344,0.689169454574585,11251
0.8782857298851013,0.12171428948640824,9490
0.06651938334107399,0.9334805965423584,9732
0.15485357344150544,0.8451464056968689,44821
0.4560553550720215,0.543944674730301,64438
0.7852096915245056,0.21479029953479767,45219
0.8696950435638428,0.13030493557453154,22058
0.8267268657684326,0.17327312231063843,18428
0.6709213614463806,0.32907862067222593,12496
0.8039147257804871,0.19608528017997742,1792
0.09192140698432923,0.9080785751342774,45525
0.7262284159660339,0.2737715870141983,8640
0.3599031209945679,0.6400968551635742,13324
0.42763911485671996,0.57236088514328,7892
0.7697375059127808,0.23026248514652253,21595
0.3287640631198883,0.6712359309196472,42421
0.1264638602733612,0.8735361576080323,22935
0.6830215811729431,0.3169784307479858,25925
0.6696321487426757,0.33036787509918214,17250
0.6644810676574707,0.33551894426345824,54437
0.09151559919118882,0.9084843993186951,52198
0.8687812566757203,0.13121871799230575,10056
0.5658075094223023,0.4341924965381622,57644
0.5018927872180938,0.4981072187423706,71714
0.21813847720623017,0.7818614959716796,56967
0.5536066651344299,0.4463933765888214,9723
0.3119153678417206,0.6880846381187439,57537
0.7966825366020203,0.2033174753189087,24685
0.33498369455337523,0.6650162935256958,68407
0.6587333440780639,0.34126664996147155,49645
0.45091770887374877,0.5490823030471802,61676
0.3685543417930603,0.6314456343650818,14545
0.8437366127967835,0.15626337230205536,74345
0.7107963800430298,0.28920363783836367,44643
0.3670093059539795,0.6329906821250916,18959
0.4977625906467438,0.5022374570369721,61001
0.5559228837490082,0.44407710433006287,13365
0.683162271976471,0.31683772802352905,19165
0.18240257501602172,0.8175974249839782,48279
0.43171114325523374,0.5682888448238372,67004
0.5644629597663879,0.4355370342731476,29101
0.566713958978653,0.4332860350608826,31899
0.8653097510337829,0.1346902370452881,30645
0.5377624988555908,0.4622375190258026,56973
0.8483371376991272,0.1516628533601761,1748
0.17647111415863037,0.8235288619995117,73828
0.8409648537635803,0.15903513133525848,19555
0.6454189777374267,0.3545809924602509,68531
0.47824143767356875,0.5217585563659668,4089
0.13736216425895692,0.8626378178596497,52274
0.645686936378479,0.3543130397796631,66192
0.627409827709198,0.372590160369873,28297
0.8054257750511169,0.19457423090934753,50505
0.5088135063648224,0.49118647575378416,24339
0.1591457635164261,0.8408542513847351,31727
0.752777373790741,0.2472226530313492,32619
0.5949497938156127,0.4050501883029938,36046
0.6254772305488586,0.37452276349067687,5673
0.2065704047679901,0.7934295773506165,56336
0.41602712869644165,0.5839728593826294,55475
0.5120274722576141,0.4879725456237793,58692
0.0918031558394432,0.9081968307495117,64811
0.35564799308776857,0.6443519949913025,62899
0.46244136095046995,0.53755863904953,19839
0.3226607799530029,0.6773392200469971,60075
0.35654975175857545,0.6434502482414246,50788
0.8458473443984985,0.15415264815092086,67792
0.829282796382904,0.1707172304391861,62353
0.14589554965496063,0.8541044592857361,1258
0.5752464890480041,0.42475350499153136,12043
0.701694393157959,0.2983056098222733,15321
0.5359106957912445,0.46408931612968446,579
0.11497255563735961,0.8850274324417114,46737
0.33004003167152407,0.6699599623680115,24760
0.7767886161804199,0.22321139872074128,56140
0.8230016112327576,0.1769983798265457,2519
0.8637205362319946,0.1362794578075409,68989
0.36929829716682433,0.6307017087936402,65725
0.570645272731781,0.42935471534729003,21191
0.8206522345542908,0.17934773564338685,50351
0.4684757173061371,0.5315242648124695,36911
0.6242737412452698,0.3757262468338013,66795
0.43829827308654784,0.5617017149925232,44023
0.8731143951416016,0.12688560634851456,34835
0.27766997516155245,0.7223300218582154,22209
0.27868116796016695,0.7213188290596009,66610
0.466222757101059,0.5337772309780121,5971
0.3547948062419891,0.6452052116394043,52896
0.9169572353363037,0.08304276466369628,1257
0.4297058582305908,0.5702941536903381,24495
0.7525600910186767,0.24743989408016204,4029
0.5721927106380462,0.4278073042631149,45515
0.2293849319219589,0.7706150889396668,23865
0.30508444309234617,0.6949155449867248,32532
0.5317948937416077,0.46820510029792783,47365
0.595521092414856,0.40447893738746643,37682
0.7223622798919678,0.27763774394989016,29722
0.198793488740921,0.8012065052986145,22261
0.8674141883850097,0.1325858160853386,25754
0.4966931402683258,0.5033068537712098,25808
0.5845966815948487,0.41540334224700926,19081
0.4480378270149231,0.5519621729850769,2928
0.9075302481651306,0.09246975928544998,38512
0.5642884016036988,0.43571160435676576,26542
0.4553390920162201,0.5446608901023865,7479
0.7978918552398682,0.2021081656217575,55128
0.48249966502189634,0.5175003409385681,32235
0.8851749181747437,0.11482507288455963,9646
0.2209613263607025,0.779038667678833,9386
0.4960536420345306,0.5039464056491851,52126
0.44341198205947874,0.5565880060195922,59127
0.7001385807991027,0.29986140727996824,43851
0.8739553928375244,0.12604462057352067,20921
0.7193838715553283,0.2806161314249039,39751
0.4449962735176086,0.5550037145614624,59187
0.14281559586524964,0.8571843981742859,40549
0.6705644607543946,0.32943554520606994,15166
0.9237396597862244,0.07626033574342728,29687
0.7481499314308167,0.25185005068778993,73656
0.6104249596595764,0.3895750641822815,53738
0.500699371099472,0.4993006408214569,46528
0.3924399077892303,0.607560110092163,28633
0.9038846135139466,0.09611538350582123,48769
0.6422179222106934,0.35778205990791323,31472
0.5639761686325073,0.4360238313674927,69902
0.6577542662620545,0.34224570393562315,2509
0.666405177116394,0.33359484672546386,3796
0.44815324544906615,0.551846730709076,47055
0.4011700749397278,0.5988299131393433,4574
0.323123037815094,0.6768769383430481,14753
0.8333735227584839,0.16662651002407075,15392
0.9006888747215271,0.09931111484766006,20249
0.8148528337478638,0.18514716625213623,42315
0.8345367431640625,0.16546324044466018,30015
0.6646541237831116,0.335345858335495,17463
0.25854646861553193,0.7414535403251648,51015
0.5584735691547393,0.44152645468711854,51485
0.7202934980392456,0.27970650494098664,12546
0.1186174437403679,0.8813825368881225,22476
0.34837324023246763,0.6516267657279968,57830
0.8958032608032227,0.10419677942991257,21048
0.10992932021617889,0.8900706529617309,28585
0.6308449387550354,0.3691550552845001,9136
0.7976086616516114,0.2023913621902466,14155
0.8004846811294556,0.19951529502868653,16717
0.4084883153438568,0.5915116906166077,66095
0.6864359855651856,0.31356401443481446,46047
0.4869032084941864,0.5130967736244202,37009
0.8235641241073608,0.17643588185310363,21600
0.6634125113487244,0.3365874826908112,42303
0.33424227237701415,0.6657577276229858,16153
0.15051809847354888,0.8494818925857544,52277
0.5423759937286377,0.4576240062713623,49316
0.5969965934753418,0.40300341248512267,55830
0.8544018507003784,0.14559817612171172,27402
0.4442139983177185,0.5557860136032104,19615
0.6622707366943359,0.33772924542427063,15177
0.5410404920578002,0.4589594841003418,15710
0.24050989747047424,0.7594900608062745,54560
0.5045028150081634,0.4954971671104431,48707
0.3675993502140045,0.632400643825531,28522
0.3790889769792557,0.6209110140800476,37784
0.5334764361381531,0.4665235698223114,29538
0.5751255512237549,0.42487441897392275,1577
0.15567413866519927,0.844325864315033,6514
0.5647281885147095,0.4352718472480774,68582
0.19811297059059144,0.801887047290802,11276
0.7750271797180176,0.22497277557849885,14927
0.716124951839447,0.28387507796287537,38376
0.7563026547431946,0.2436973422765732,14958
0.8839183926582337,0.11608158648014069,62513
0.38052600622177124,0.6194739699363708,37462
0.17864167988300322,0.821358323097229,13380
0.6042208313941956,0.39577917456626893,36715
0.7659974217414856,0.2340025931596756,45553
0.6208101034164428,0.37918991446495054,23049
0.4385357916355133,0.5614642143249512,72871
0.6117964625358582,0.3882035255432129,38113
0.7806993007659913,0.21930069625377654,912
0.21305553913116454,0.7869444608688354,12432
0.4073244035243988,0.5926755785942077,17361
0.48437833189964297,0.5156216621398926,37612
0.5102341771125793,0.4897658109664917,10689
0.479770427942276,0.5202295780181885,71762
0.9149675250053406,0.08503246903419495,33030
0.26188868284225464,0.7381113409996033,31464
0.40464197397232055,0.5953580260276794,46769
0.34820881485939026,0.6517911791801453,28407
0.6450261235237121,0.35497387647628786,61619
0.46862014532089236,0.5313798606395721,60194
0.6638231158256531,0.3361768364906311,70465
0.6718320846557617,0.3281679034233093,3301
0.8300018787384034,0.16999812722206115,12640
0.562280935049057,0.43771907687187195,41490
0.5704388499259949,0.4295611441135406,63174
0.9294996619224548,0.0705003559589386,27320
0.18934762179851533,0.8106523990631104,7913
0.9134634494781494,0.08653654456138611,33257
0.6909618258476258,0.3090381920337677,39741
0.7359464764595032,0.2640535026788712,6936
0.9095128655433655,0.09048715829849244,9982
0.48370872139930726,0.5162912666797638,44849
0.8212056994438172,0.1787943035364151,12815
0.3813377797603607,0.6186622142791748,45758
0.5183159530162811,0.4816840708255768,33248
0.5353990912437439,0.4646009147167206,73003
0.6082822263240815,0.39171779751777647,57503
0.7344391822814942,0.26556081473827364,67298
0.5026938855648041,0.4973061203956604,42671
0.551303768157959,0.44869622588157654,25414
0.571321964263916,0.428678023815155,16306
0.3455370903015137,0.6544629335403442,63479
0.7801090240478515,0.219890958070755,25292
0.7960766792297364,0.20392334461212158,39369
0.5562982320785522,0.4437017500400543,44695
0.11261592507362365,0.8873841047286988,57262
0.7335753202438354,0.266424697637558,70679
0.34111860394477844,0.6588813900947571,39821
0.8382558703422547,0.16174408793449402,6311
0.19529954195022584,0.8047004699707031,11840
0.6876039743423462,0.31239601969718933,27557
0.4705940067768097,0.5294059872627258,61027
0.09632637053728103,0.9036736130714417,30322
0.7581948161125183,0.2418051540851593,13353
0.35442381501197817,0.6455761551856994,62195
0.10221595466136932,0.8977840542793274,51127
0.8090230107307435,0.1909769743680954,57736
0.6138640403747558,0.3861359715461731,18713
0.5228166699409484,0.4771833658218384,60004
0.19367289543151855,0.8063270688056946,13487
0.8469215989112854,0.15307839214801788,44613
0.47916240692138673,0.5208376049995422,543
0.2045770525932312,0.7954229474067688,34597
0.33025042116642,0.6697495818138123,40647
0.7265197515487671,0.27348023653030396,45320
0.8402457118034363,0.15975431054830552,64639
0.2563738852739334,0.7436260938644409,68998
0.6235954880714416,0.37640451788902285,3190
0.11088174134492874,0.8891182661056518,3171
0.15250672549009323,0.8474932432174682,68189
0.7280048608779908,0.2719951421022415,26566
0.17875343561172485,0.8212465524673462,49363
0.12560970932245255,0.8743902802467346,50964
0.15863244980573654,0.841367530822754,41938
0.10438844263553619,0.895611560344696,61030
0.10165108293294907,0.8983488917350769,59707
0.581218934059143,0.41878106594085696,11600
0.6675450563430786,0.3324549674987793,15160
0.4894078016281128,0.5105922162532807,40177
0.483905553817749,0.5160944700241089,19342
0.42051032185554504,0.5794896721839905,19369
0.3826369047164917,0.6173630714416504,44993
0.2689924895763397,0.7310075283050537,59545
0.659046721458435,0.34095324873924254,12493
0.08391798436641693,0.9160819888114929,32778
0.40381249189376833,0.5961874961853028,24962
0.47862325310707093,0.5213767766952515,5836
0.057627690583467485,0.9423723220825195,59034
0.9060389637947083,0.09396102428436279,69500
0.2457752376794815,0.7542247414588928,28463
0.8871507048606873,0.11284931600093842,30458
0.2190797060728073,0.7809203028678894,61150
0.4930648565292358,0.5069351494312286,53995
0.15169187188148497,0.8483081459999084,33869
0.6986130714416504,0.3013869524002075,5788
0.44616857171058655,0.5538314282894135,66851
0.5912705183029174,0.4087294936180115,37599
0.7125721335411072,0.28742786645889284,65668
0.16745240688323976,0.8325476050376892,29260
0.8365097880363465,0.1634902060031891,22271
0.633949875831604,0.36605011820793154,68140
0.48958890438079833,0.510411125421524,10029
0.8016789317131042,0.19832106530666352,41923
0.28553650081157683,0.7144635319709778,37273
0.1877150356769562,0.8122849583625793,24670
0.4092236697673798,0.5907763242721558,46702
0.5446656107902527,0.45533437728881837,67300
0.8542114853858948,0.14578852355480193,7476
0.8996333837509155,0.10036660581827164,66701
0.7463478088378906,0.2536521703004837,60146
0.34389030933380127,0.6561097025871276,64984
0.20121805965900422,0.7987819671630859,48310
0.26760314404964447,0.7323968648910523,40814
0.8703621864318848,0.12963780611753464,40175
0.6985578417778016,0.3014421582221985,69512
0.6917917728424072,0.30820824205875397,71143
0.5187660932540894,0.4812339186668396,55037
0.8169052600860596,0.18309475779533385,13216
0.578921890258789,0.42107810378074645,5663
0.6389383673667908,0.36106162071228026,13321
0.42803390622138976,0.5719660758972168,28157
0.8588380813598633,0.14116191118955612,57628
0.7573485493659973,0.2426514595746994,23496
0.7017433404922485,0.2982566595077515,21461
0.751128351688385,0.24887166023254395,65110
0.2177536219358444,0.7822463989257813,51428
0.40293381214141843,0.5970661878585816,14832
0.15104123950004578,0.8489587306976318,38801
0.7640135169029236,0.23598649203777314,70367
0.6620304703712463,0.33796952962875365,16459
0.323562353849411,0.6764376401901245,5282
0.6919389486312866,0.3080610722303391,13815
0.3207492411136627,0.6792507529258728,22397
0.655873703956604,0.344126307964325,53288
0.9274571776390076,0.07254283279180526,51191
0.37108624577522276,0.6289137601852417,65446
0.4589455187320709,0.541054505109787,30862
0.5698844969272614,0.4301154911518097,39152
0.6975066065788269,0.30249338746070864,25953
0.6034122347831726,0.39658774733543395,18939
0.28872335255146026,0.7112766385078431,32234
0.22524552345275878,0.7747544884681702,18620
0.35192379355430603,0.6480762124061584,60952
0.821387767791748,0.17861221134662628,37521
0.8614942908287049,0.13850567489862442,34549
0.9079805731773376,0.0920194149017334,15807
0.5674798786640167,0.43252010345458985,38572
0.7036505103111267,0.2963494896888733,68521
0.49116180539131166,0.5088382244110108,6063
0.7861756324768067,0.21382435262203217,8491
0.9010885834693909,0.09891139864921569,70783
0.6120941281318665,0.38790586590766907,20022
0.5007041573524476,0.49929581880569457,46748
0.12650631964206696,0.8734936833381652,39011
0.19460079073905945,0.805399227142334,2066
0.11796550452709198,0.8820344805717468,24636
0.089225934445858,0.9107740640640258,226
0.39452815651893614,0.6054718494415283,54996
0.5243063151836396,0.4756936848163605,14917
0.6899662613868713,0.3100337266921997,70594
0.6657089114189148,0.3342910945415497,34318
0.38750742077827455,0.61249258518219,11182
0.6100504279136658,0.3899495542049408,43007
0.5606982171535492,0.4393018126487732,47304
0.10391831248998643,0.8960816740989686,691
0.7105134725570679,0.2894865334033966,67247
0.3719675660133362,0.6280324339866639,43914
0.5992039203643799,0.40079607963562014,34474
0.08305763900279999,0.9169423460960389,61513
0.7220876574516296,0.2779123455286026,24868
0.4714545488357544,0.5285454750061035,36053
0.8193398118019104,0.18066020011901857,12761
0.23302966952323914,0.7669703125953674,53513
0.1400268018245697,0.8599732041358947,33019
0.3120258510112762,0.6879741668701171,47424
0.6418157339096069,0.35818426609039306,58752
0.4629208207130432,0.5370791494846344,45569
0.5029509902000427,0.49704902768135073,4679
0.6385870575904846,0.3614129364490509,62506
0.5486810803413391,0.45131890177726747,40501
0.8355222821235657,0.16447775363922118,20536
0.5042176187038422,0.4957823693752289,34491
0.20849235951900483,0.7915076375007629,19927
0.5289779543876648,0.47102206349372866,24949
0.6488550543785095,0.35114491581916807,48241
0.8507559657096863,0.14924401342868804,4885
0.2821258187294006,0.7178741693496704,19922
0.6150854349136352,0.38491458892822267,31389
0.46232768297195437,0.5376723408699036,72063
0.618683648109436,0.3813163697719574,17832
0.6751249670982361,0.32487504184246063,14109
0.2744421035051346,0.7255578994750976,70909
0.40053102374076843,0.5994689464569092,56006
0.3464250147342682,0.6535749912261963,21288
0.27211318016052244,0.7278867840766907,20620
0.907245147228241,0.09275486618280411,28655
0.4906685769557953,0.5093314349651337,43003
0.577191698551178,0.4228083372116089,23833
0.23204642534255981,0.7679535508155823,27754
0.12137843370437622,0.8786215662956238,9273
0.6047340750694274,0.3952659606933594,8075
0.8513445854187012,0.14865539073944092,17854
0.720920467376709,0.27907954156398773,39484
0.7001509428024292,0.29984904229640963,69879
0.22931133806705475,0.7706886410713196,20965
0.7901710033416748,0.20982896983623506,65513
0.9231032013893128,0.07689680010080338,56349
0.5456015348434449,0.4543984651565552,72094
0.6850900650024414,0.3149099588394165,68507
0.4664483904838562,0.5335516035556793,22385
0.5721433162689209,0.42785670757293703,14945
0.852070951461792,0.147929048538208,25496
0.6399120330810547,0.3600879669189453,38580
0.41639271974563596,0.583607280254364,1967
0.8506978154182434,0.1493022009730339,2362
0.19868763983249665,0.8013123631477356,51653
0.5612536907196045,0.43874629139900206,24305
0.46843468546867373,0.5315653145313263,70222
0.839877700805664,0.16012227535247803,72778
0.41825892329216,0.5817410826683045,51061
0.13857140392065048,0.8614286065101624,63730
0.7481416702270508,0.2518583446741104,19712
0.18603577017784118,0.8139642357826233,38616
0.37669637203216555,0.6233036398887635,31523
0.1149723470211029,0.8850276350975037,27668
0.34917387962341306,0.6508261203765869,4681
0.7449781656265259,0.25502186119556425,71420
0.8889524698257446,0.11104753911495209,45731
0.7107383608818054,0.2892616331577301,61739
0.43510698080062865,0.5648930370807648,55601
0.6048130631446839,0.3951869487762451,10124
0.8714556217193603,0.1285443753004074,65209
0.5709524095058441,0.42904760837554934,69063
0.27135591208934784,0.7286440968513489,8781
0.1253430500626564,0.8746569633483887,44425
0.12254970073699951,0.8774503111839295,32699
0.7717243790626526,0.2282756060361862,26214
0.2393576294183731,0.7606423854827881,10816
0.779580807685852,0.22041920721530914,49505
0.4780437767505646,0.5219562351703644,28908
0.4442885160446167,0.5557114839553833,40859
0.3556042850017548,0.6443957448005676,1079
0.14182104766368867,0.8581789493560791,73961
0.5159674227237702,0.4840325593948364,39998
0.30774075984954835,0.6922592520713806,58015
0.8317353963851929,0.16826461553573607,56273
0.4633188247680664,0.5366811573505401,6101
0.8121146559715271,0.18788534998893738,22148
0.8731044054031372,0.12689561843872071,49795
0.16736274361610412,0.8326372265815735,4680
0.4867185950279236,0.5132813692092896,10673
0.6304211854934693,0.36957881450653074,60565
0.48242554664611814,0.5175745069980622,40821
0.7781431317329407,0.22185684442520143,7060
0.4156273305416107,0.5843726873397828,68661
0.6525665283203125,0.3474334955215454,48758
0.6975994110107422,0.30240060687065123,60515
0.3972806692123413,0.6027193188667297,20278
0.5383798956871033,0.4616201102733612,5518
0.6416569232940674,0.358343118429184,25149
0.4591832458972931,0.5408167839050293,59562
0.6661283850669861,0.3338716268539429,6905
0.16093787252902986,0.8390621185302735,21803
0.7428941369056702,0.2571058630943298,25687
0.5591189980506897,0.4408809900283813,12663
0.6360400199890137,0.3639600038528442,1860
0.25870855152606964,0.7412914276123047,16766
0.8980850100517273,0.10191500335931777,68734
0.6485107660293579,0.35148921608924866,40313
0.283012729883194,0.7169872641563415,48584
0.7492416143417359,0.2507583528757095,41961
0.7257853150367737,0.27421467304229735,18763
0.15835809111595153,0.8416419386863708,9756
0.6992854118347168,0.3007146120071411,44422
0.9130286812782288,0.08697131276130676,10539
0.21841881573200225,0.7815811634063721,73173
0.5773794770240783,0.42262054085731504,3618
0.7235323309898376,0.2764676809310913,42694
0.44051108956336976,0.5594889283180237,47395
0.3971612572669983,0.6028387308120727,18024
0.7460512757301331,0.25394873023033143,16682
0.7837302684783936,0.21626970469951629,20061
0.6141556024551391,0.38584436774253844,35020
0.5895937561988831,0.41040627360343934,13088
0.8220051527023315,0.1779948353767395,11116
0.5687364220619202,0.4312635838985443,15034
0.3408664703369141,0.6591335415840149,2852
0.39708932638168337,0.6029106736183166,15487
0.8304846525192261,0.16951535642147064,60479
0.46634806990623473,0.5336519420146942,34577
0.6299151420593262,0.3700848579406738,28919
0.08975659757852554,0.9102433800697327,43143
0.29542627930641174,0.7045737385749817,36248
0.5888109803199768,0.41118901371955874,68438
0.8109363317489624,0.1890636533498764,35045
0.4532091677188873,0.5467908382415771,8009
0.9306657075881958,0.06933429911732673,28933
0.5978324294090271,0.4021675407886505,9700
0.5019010663032532,0.49809891581535337,41443
0.3403399795293808,0.6596600174903869,58089
0.5868986368179321,0.41310134530067444,43326
0.5555228650569916,0.4444771409034729,31739
0.3295939266681671,0.6704060912132264,21957
0.713741147518158,0.2862588703632355,22514
0.8833028674125671,0.11669715344905854,20347
0.7899113655090332,0.21008863747119905,44921
0.06937948316335678,0.9306204915046692,12635
0.22986573874950408,0.7701342582702637,71398
0.47422137260437014,0.5257786512374878,3118
0.5008304178714752,0.4991695761680603,73210
0.446485435962677,0.553514552116394,11418
0.2681013882160187,0.7318986058235168,27773
0.5916749477386475,0.40832502841949464,2153
0.6373199343681335,0.36268008351325987,12311
0.5214553058147431,0.4785447120666504,7933
0.4859065592288971,0.514093428850174,6976
0.761474859714508,0.23852516412734986,49186
0.7011318922042846,0.2988680899143219,73357
0.8993827342987061,0.10061726123094558,61889
0.7462283611297608,0.25377163887023924,17296
0.4696681559085846,0.5303318560123443,52688
0.44880893230438235,0.5511910736560821,53699
0.8444873213768005,0.1555126667022705,5315
0.5369660019874573,0.46303398013114927,65733
0.6881538510322571,0.3118461728096008,57322
0.7813558340072632,0.218644180893898,58363
0.39855926632881167,0.6014407515525818,15180
0.7603746771812439,0.2396253079175949,70864
0.2304546654224396,0.7695453524589538,9088
0.6171716332435608,0.3828283727169037,60853
0.6488818168640137,0.35111815929412843,55260
0.22695755064487458,0.7730424642562866,11904
0.7303948163986206,0.2696051955223083,74006
0.576876449584961,0.42312354445457456,8875
0.6948795318603516,0.3051204741001129,8935
0.5000124037265777,0.4999875843524933,66711
0.5881958961486816,0.4118041217327118,34419
0.6194256782531739,0.38057432770729066,15148
0.30516563057899476,0.6948343515396118,54014
0.4750332415103912,0.5249667525291443,37267
0.7883138298988343,0.21168617010116578,30850
0.8360496520996094,0.16395034193992614,69861
0.2791439563035965,0.7208560347557068,7617
0.8313058495521546,0.1686941236257553,12346
0.4300747811794281,0.5699252128601074,27050
0.46832895278930664,0.5316710352897644,57859
0.8020513176918029,0.197948682308197,6185
0.4590133309364319,0.5409866690635681,14284
0.8742746829986572,0.12572530806064605,20794
0.8318244099617005,0.16817558109760283,64748
0.5863108396530151,0.41368916630744934,17519
0.21634609401226043,0.7836539149284363,63119
0.6644461274147033,0.33555386066436765,62800
0.34335660338401797,0.6566434025764465,36417
0.841760790348053,0.1582391753792763,20256
0.7808843135833741,0.21911567449569702,10875
0.38391110897064207,0.6160888791084289,21418
0.63537437915802,0.3646256148815155,73585
0.29294117987155915,0.7070588231086731,72001
0.22962867617607116,0.7703713178634644,65230
0.45201675295829774,0.5479832351207733,51772
0.5597541987895965,0.44024580121040346,74106
0.07629032135009765,0.9237096905708313,36386
0.6569224953651428,0.3430774688720703,35612
0.29596657752990724,0.7040334224700928,23194
0.775251591205597,0.2247484177350998,4094
0.6394622683525085,0.3605377316474915,27099
0.6739626884460449,0.32603731751441956,48042
0.4542491972446442,0.5457507848739624,20833
0.47259657382965087,0.5274034380912781,6516
0.5833520650863647,0.4166479170322418,4690
0.8030932784080506,0.19690672159194947,47166
0.7627947568893433,0.23720523715019226,36319
0.5027535200119019,0.49724645614624025,7011
0.3135395169258118,0.6864605069160461,70819
0.6946055173873902,0.3053944826126099,48105
0.8380738019943237,0.16192619800567626,5764
0.3033711016178131,0.6966289043426513,6214
0.37203565835952757,0.6279643416404724,59371
0.7274139642715454,0.2725860297679901,2516
0.6650978326797485,0.3349021553993225,58947
0.27048868536949155,0.7295113205909729,50636
0.38589532375335694,0.6141046762466431,9936
0.4636679649353027,0.536332082748413,50247
0.4081102252006531,0.591889762878418,16246
0.07305903732776642,0.9269409894943237,63214
0.8080583691596985,0.19194163084030152,4245
0.5715050578117371,0.4284949541091919,28012
0.17066213488578796,0.8293378710746765,51330
0.8695678234100341,0.1304321989417076,53641
0.9168727993965149,0.0831272229552269,7319
0.46863882541656493,0.5313611567020416,9397
0.29979428350925447,0.7002057194709778,54336
0.6061687469482422,0.39383127093315123,6651
0.41089009642601015,0.5891099095344543,5599
0.26997325420379636,0.7300267457962036,11868
0.7451365232467652,0.25486344695091245,24427
0.5081359624862671,0.49186400771141053,25717
0.494793701171875,0.505206310749054,12482
0.785958206653595,0.2140418231487274,3864
0.15065727084875108,0.849342691898346,62019
0.7563181281089782,0.24368188083171843,20005
0.5909781694412232,0.4090218126773834,53171
0.34491344094276427,0.6550865650177002,74049
0.3220879077911377,0.6779121160507202,1299
0.09762504398822784,0.9023749709129334,54207
0.4453762173652649,0.5546238005161286,8783
0.8085445404052735,0.19145544171333312,16074
0.8889335870742798,0.11106641292572021,38851
0.44416865706443787,0.5558313429355621,48478
0.812342393398285,0.1876575767993927,3929
0.4311161696910858,0.5688838362693787,70690
0.7800382494926452,0.21996174156665801,42715
0.42191250920295714,0.5780874490737915,32566
0.6035105466842652,0.39648947715759275,47696
0.5481920123100281,0.45180798768997193,29090
0.628211784362793,0.3717882037162781,65239
0.8236663699150085,0.17633364498615264,47238
0.39372013211250306,0.6062798619270324,21373
0.6986184477806091,0.3013815492391586,13326
0.5358634173870087,0.4641366064548492,66539
0.42804120779037474,0.5719587802886963,40412
0.4447439670562744,0.5552559912204742,39112
0.3689929246902466,0.6310070633888245,24958
0.3841390311717987,0.6158609628677368,3931
0.2012356549501419,0.7987643361091614,27721
0.8182464241981506,0.18175359666347504,23208
0.6709335803985595,0.32906641364097594,11747
0.4521418571472168,0.5478581428527832,22042
0.24830445945262908,0.7516955494880676,47910
0.6429347634315491,0.3570652186870575,7515
0.3493434309959412,0.6506565809249878,58829
0.12831239700317382,0.8716875910758972,7183
0.5696295619010925,0.430370432138443,57972
0.8231847524642945,0.17681524455547332,15256
0.4591698467731476,0.5408301532268525,38051
0.0775114730000496,0.922488534450531,23723
0.7431059837341308,0.2568939834833145,41701
0.604391622543335,0.3956083655357361,12960
0.2671597182750702,0.7328402876853943,45288
0.31841283440589907,0.6815871953964233,61960
0.8462095618247986,0.15379044115543367,67341
0.4866967976093292,0.5133031845092774,42696
0.8456425428390503,0.1543574497103691,8743
0.5197320878505707,0.48026790618896487,74375
0.5182605445384979,0.481739467382431,9223
0.7167303681373596,0.2832696199417114,53123
0.48245421051979065,0.5175457715988159,39996
0.5294310688972473,0.4705689549446106,64449
0.7475595951080323,0.25244041383266447,43300
0.8397548198699951,0.16024519503116608,24281
0.6195489168167114,0.38045108914375303,3995
0.7416097521781921,0.2583902716636658,6475
0.7805533289909363,0.219446662068367,13427
0.6790436983108521,0.32095624804496764,12523
0.14566571414470672,0.8543342709541321,69695
0.6311188340187073,0.36888118982315066,19771
0.22537035644054412,0.7746296644210815,72377
0.7271806955337524,0.2728193014860153,25847
0.1707050010561943,0.8292950034141541,49944
0.23466965258121492,0.7653303503990173,53990
0.5136314153671264,0.48636856079101565,5716
0.5801623344421387,0.4198376536369324,16230
0.45312448740005495,0.5468755006790161,5171
0.3855855941772461,0.6144144415855408,35994
0.6851016283035278,0.31489836871623994,16527
0.254109600186348,0.7458904147148132,1442
0.5735679388046264,0.42643206715583803,66966
0.40823999643325803,0.5917600274085999,64128
0.40396576523780825,0.5960342049598694,5533
0.5016352772712708,0.4983647406101227,44316
0.4231481790542603,0.5768518209457397,18944
0.7121299743652344,0.2878700435161591,7787
0.368520188331604,0.631479811668396,14497
0.4082840263843536,0.5917160034179687,71526
0.6289627075195312,0.37103731036186216,63042
0.6304541826248169,0.36954580545425414,1349
0.4198430359363556,0.580156946182251,57421
0.8074858784675598,0.192514106631279,6861
0.38713846206665037,0.6128615379333496,11703
0.9175676465034485,0.08243233859539031,62992
0.49159485697746275,0.5084051191806793,73446
0.7759136319160461,0.2240863710641861,20623
0.5023467659950256,0.4976532220840454,50675
0.2267836809158325,0.7732163310050965,9913
0.47197691798210145,0.528023099899292,49533
0.7249451875686646,0.2750548183917999,59444
0.7883571147918701,0.21164287328720094,6049
0.47998708486557007,0.520012903213501,43746
0.7354029297828675,0.26459704637527465,17237
0.4446123540401459,0.5553876698017121,62572
0.43461148738861083,0.5653884887695313,43534
0.8227120280265808,0.17728797644376754,20197
0.8101632595062256,0.189836722612381,22312
0.5987223267555237,0.4012776792049408,63864
0.3947391927242279,0.6052607893943787,13095
0.2553847521543503,0.7446152329444885,52032
0.2571646422147751,0.7428353309631348,69032
0.8433892488479614,0.15661073923110963,37552
0.869588840007782,0.13041117638349534,5772
0.7585641384124756,0.24143585860729216,15704
0.6216865181922913,0.37831348180770874,32704
0.6599712491035461,0.34002875089645385,6232
0.38532087206840515,0.6146791338920593,11402
0.5645288109779358,0.4354711890220642,11755
0.5372670948505401,0.46273291707038877,4109
0.7025612115859985,0.2974387913942337,61842
0.5820896029472351,0.41791040301322935,27091
0.6975711703300476,0.3024288356304169,41452
0.5558844983577729,0.4441155016422272,27328
0.8571796536445617,0.1428203359246254,36756
0.8261146545410156,0.1738853335380554,66951
0.8357043266296387,0.16429567337036133,9818
0.8358266115188598,0.16417339742183684,30517
0.9257138967514038,0.07428613603115082,21780
0.470823860168457,0.5291761219501495,39234
0.47612900733947755,0.5238710045814514,45317
0.551341199874878,0.4486587822437286,9671
0.19788939952850343,0.8021105885505676,44782
0.5028409779071807,0.49715903401374817,1589
0.5820564866065979,0.41794353723526,31573
0.732149851322174,0.2678501158952713,33241
0.7648706316947937,0.23512938022613525,22611
0.4565151214599609,0.5434848725795746,36027
0.638995361328125,0.3610046565532684,26862
0.8222361326217651,0.17776388227939605,9288
0.45994720458984373,0.5400527954101563,16003
0.8599426746368408,0.1400573283433914,57834
0.6729610562324524,0.3270389139652252,16337
0.795590615272522,0.204409396648407,51461
0.7220815420150757,0.27791843712329867,49489
0.6755946636199951,0.3244053542613983,7724
0.7468772411346436,0.2531227648258209,49032
0.223097825050354,0.776902174949646,14006
0.5117418110370636,0.4882581889629364,74228
0.759753155708313,0.24024685025215148,53882
0.33812116384506224,0.6618788242340088,70491
0.49938529133796694,0.5006147086620331,12540
0.7795429944992065,0.22045698761940002,2491
0.5701416909694672,0.42985830307006834,56403
0.5419575154781342,0.4580425202846527,5015
0.5513145685195923,0.4486854255199432,33146
0.8741488933563233,0.12585108876228332,68819
0.8795260906219482,0.12047390937805176,17346
0.46661251187324526,0.5333875000476838,72127
0.3349176049232483,0.6650824069976806,60492
0.8600530743598938,0.13994692862033845,70624
0.8277717471122742,0.17222824692726135,65801
0.6263061761856079,0.37369382977485655,32373
0.3833893299102783,0.6166107058525085,71367
0.7641801595687866,0.23581982254981995,12075
0.811652934551239,0.18834702372550965,44385
0.12871171087026595,0.8712883114814758,25332
0.4147019922733307,0.5852980136871337,24255
0.853337025642395,0.14666295200586318,43896
0.6158658266067505,0.3841341733932495,60731
0.4217158377170563,0.5782841444015503,58783
0.08052774667739868,0.9194722414016724,57763
0.39913091659545896,0.600869071483612,27369
0.8260499477386475,0.17395009696483613,64322
0.3361422061920166,0.6638577938079834,64144
0.4891134977340698,0.5108864784240723,10685
0.44591605067253115,0.5540839433670044,2747
0.14898383021354675,0.8510161399841308,24458
0.6367856979370117,0.36321430206298827,33931
0.11101348102092742,0.8889865159988404,71168
0.5429985702037812,0.4570014476776123,28111
0.509688812494278,0.49031115770339967,35446
0.15463030189275742,0.8453697085380554,68198
0.04696150049567223,0.953038489818573,35040
0.23052456676959993,0.7694754481315613,13439
0.799760389328003,0.20023959875106812,61330
0.15568714141845702,0.844312846660614,42539
0.3707544803619385,0.6292455434799195,7570
0.814254903793335,0.1857450932264328,14615
0.14662371575832367,0.853376305103302,14459
0.6718523263931274,0.32814767956733704,23995
0.4711034715175629,0.5288965225219726,53801
0.6348509907722473,0.3651490092277527,60418
0.7756076574325561,0.2243923306465149,73224
0.6550435900688172,0.34495638608932494,66510
0.7745404124259949,0.2254595786333084,47498
0.42896407246589663,0.57103590965271,22658
0.7819190502166748,0.21808094680309295,27722
0.735475218296051,0.26452476978302003,11620
0.5766810178756714,0.4233189821243286,18938
0.6314891099929809,0.3685108840465546,46039
0.6776441931724548,0.32235578894615174,55564
0.5832678556442261,0.41673213243484497,46507
0.7812101483345032,0.21878985464572906,5891
0.44669113755226136,0.5533088564872741,33418
0.33775668740272524,0.6622432708740235,71245
0.6929272890090943,0.30707268714904784,32164
0.2739612400531769,0.7260387659072876,42573
0.5552358746528625,0.44476414322853086,55353
0.28857464492321017,0.7114253401756286,25141
0.8630334615707398,0.13696650862693788,30716
0.6940048336982727,0.3059951663017273,26822
0.07635970264673234,0.9236403107643127,56410
0.10028351843357086,0.8997164726257324,66029
0.818089234828949,0.18191075026988984,62744
0.6290101289749146,0.37098986506462095,35719
0.8982929229736328,0.101707124710083,73026
0.660631513595581,0.3393684923648834,59066
0.8236431837081909,0.17635682225227356,44800
0.7397544145584106,0.2602455735206604,22622
0.08016015142202378,0.9198398351669311,5712
0.603284728527069,0.39671528339385986,23091
0.6735849976539612,0.3264150083065033,43922
0.6721677303314209,0.3278322875499725,2814
0.5655659556388855,0.434434050321579,18727
0.4569067358970642,0.5430932760238647,42007
0.4522216320037842,0.5477783799171447,32595
0.295074263215065,0.7049257636070252,39778
0.4200842440128326,0.5799157500267029,43621
0.47002307176589964,0.5299768805503845,7271
0.6238301396369934,0.37616985440254214,62607
0.38499854803085326,0.6150014758110046,52866
0.8951791286468506,0.10482086539268494,46787
0.79856276512146,0.20143723487854004,37352
0.3824158251285553,0.6175841689109802,54128
0.3557539522647858,0.6442460536956787,22194
0.14734319746494293,0.8526568055152893,14529
0.632406222820282,0.3675937533378601,72539
0.5761587738990783,0.4238412618637085,59414
0.4948195517063141,0.5051804423332215,68538
0.7834775805473327,0.2165224403142929,43378
0.8191856622695923,0.18081433176994324,4283
0.7317776560783387,0.26822234988212584,55465
0.3773456275463104,0.622654390335083,17211
0.3437333643436432,0.6562666416168212,69254
0.7654322504997253,0.23456774652004242,70181
0.5596516966819763,0.44034830331802366,2906
0.6006429016590118,0.39935710430145266,28533
0.7318772196769714,0.26812281310558317,23847
0.78605877161026,0.21394124031066894,45787
0.27694795429706576,0.7230520367622375,45400
0.1805191934108734,0.8194808244705201,6555
0.7263370156288147,0.2736629694700241,8926
0.41155070066452026,0.5884492874145508,52360
0.5936545133590698,0.4063454806804657,13811
0.18388357758522034,0.8161164045333862,46658
0.9290539622306824,0.07094601988792419,8942
0.7846729397773743,0.21532703936100006,69140
0.414576256275177,0.5854237318038941,35509
0.5807450771331787,0.4192549347877502,36010
0.45175049901008607,0.5482495307922364,35150
0.41347951292991636,0.5865204691886902,24445
0.4496677994728088,0.550332224369049,18700
0.3467860817909241,0.6532139301300048,44286
0.5252360820770263,0.47476393580436704,36879
0.5241872251033783,0.47581278085708617,12515
0.896521019935608,0.10347900688648223,2559
0.5538216769695282,0.44617830514907836,47933
0.4742258429527283,0.5257741689682007,4457
0.6942204475402832,0.30577954053878786,56652
0.8493752956390381,0.15062470585107804,62684
0.31509916186332704,0.6849008440971375,59778
0.4263981819152832,0.5736018121242523,9062
0.8575017094612122,0.14249827563762665,2241
0.3731826364994049,0.6268173575401306,21975
0.6356844902038574,0.3643155038356781,30082
0.6920799255371094,0.3079200804233551,47384
0.7681592345237732,0.2318407654762268,14922
0.7397543430328369,0.26024565994739535,34888
0.80536367893219,0.19463628828525542,58841
0.7408172249794006,0.2591827780008316,33114
0.39434616565704345,0.6056538462638855,25254
0.573204755783081,0.42679527401924133,6085
0.6486141920089722,0.3513858258724213,40580
0.7786380171775817,0.22136199474334717,18857
0.6109027981758117,0.38909718990325926,56469
0.349813175201416,0.6501868367195129,24165
0.32981091141700747,0.670189094543457,10905
0.3556066036224365,0.6443933844566345,1898
0.38733757138252256,0.6126624345779419,29011
0.8805245161056519,0.11947549730539322,64572
0.11679251044988632,0.8832074880599976,73801
0.44595458507537844,0.5540454030036926,18564
0.5590924739837646,0.4409075140953064,36250
0.6686208963394165,0.3313790917396545,40208
0.2589410364627838,0.7410589933395386,60226
0.13228382617235185,0.8677161574363709,38662
0.8445226192474365,0.15547737330198289,61683
0.8283197283744812,0.1716802805662155,42348
0.4645694255828857,0.5354305624961853,35039
0.424786651134491,0.5752133727073669,39437
0.21338980197906493,0.786610198020935,11078
0.15844725370407103,0.841552734375,47785
0.17000478506088257,0.8299951910972595,22368
0.5912387847900391,0.40876120924949644,31455
0.194247829914093,0.805752182006836,50955
0.3062806010246277,0.6937194228172302,43750
0.17157672941684723,0.828423273563385,23593
0.45278279185295106,0.5472172141075134,22002
0.43674435615539553,0.5632556498050689,42527
0.5429221510887146,0.4570778667926788,56692
0.6363969206809997,0.36360307335853576,1323
0.13889075666666031,0.8611092448234559,34859
0.3100410342216492,0.6899589776992798,19768
0.7248321175575256,0.2751678884029388,9992
0.13034585416316985,0.8696541309356689,13111
0.7150108933448791,0.28498910665512084,29009
0.17961224913597107,0.8203877449035645,29285
0.34774674773216246,0.652253270149231,43854
0.7012789607048034,0.298721045255661,35131
0.6785439729690552,0.32145602703094484,66957
0.46323418617248535,0.5367658019065857,58767
0.26004675328731536,0.7399532198905945,5999
0.9232555270195008,0.07674450352787972,3219
0.9096243977546692,0.09037559479475021,57369
0.6131682157516479,0.3868318021297455,70781
0.5638310790061951,0.43616892099380494,33138
0.3561836838722229,0.643816328048706,69421
0.09725947976112366,0.9027405142784118,34638
0.6790609359741211,0.3209390640258789,24970
0.45858967304229736,0.5414103329181671,7516
0.777065920829773,0.22293407022953032,63901
0.8482811927795411,0.1517188221216202,39261
0.5616276383399963,0.43837236166000365,35120
0.5577055811882019,0.4422944009304047,35090
0.6875086784362793,0.3124912977218628,58636
0.15150412619113923,0.8484958529472351,54662
0.32329651713371277,0.6767034888267517,11500
0.5899785399436951,0.4100214660167694,66695
0.5360146403312683,0.4639853537082672,74324
0.6270485877990722,0.37295141220092776,18110
0.2509059011936188,0.7490941166877747,27846
0.7434762358665467,0.25652374923229215,13564
0.9005334973335266,0.09946650564670563,60716
0.2444445788860321,0.7555554032325744,49276
0.8539734482765198,0.14602654576301574,9195
0.7067516446113586,0.2932483434677124,38883
0.5944186091423035,0.4055813789367676,61776
0.4077263355255127,0.5922736763954163,9255
0.6468744158744812,0.3531255960464478,31562
0.6134213805198669,0.3865786254405975,56604
0.8790351510047912,0.12096486538648606,57128
0.6872843980789185,0.31271558105945585,43967
0.44233435988426206,0.5576656401157379,15813
0.48832291960716245,0.5116770565509796,68714
0.7233527898788452,0.2766472280025482,69850
0.49968459606170657,0.5003154277801514,27712
0.7773294448852539,0.22267054319381713,38448
0.789084005355835,0.21091602146625518,13717
0.8357817649841308,0.16421825289726258,17618
0.735739004611969,0.26426099240779877,53502
0.4108241260051727,0.5891759157180786,35850
0.7837245106697083,0.21627549827098846,8229
0.7209942579269409,0.279005753993988,62928
0.6428250551223755,0.35717493295669556,52828
0.45681113600730894,0.5431888699531555,28625
0.4691468060016632,0.5308532118797302,59641
0.5293460726737976,0.4706539213657379,43366
0.13878236413002015,0.8612176418304444,22601
0.5716080963611603,0.42839192748069765,48817
0.13899968564510345,0.8610003113746643,68868
0.7886621236801148,0.2113378554582596,18904
0.4201820969581604,0.5798178672790527,49015
0.16414925158023835,0.8358507513999939,53868
0.5746662855148316,0.42533372044563295,41945
0.8149072885513305,0.18509269654750823,63959
0.2638466715812683,0.7361533045768738,65980
0.5966710925102234,0.4033289015293121,64456
0.31317455768585206,0.686825430393219,26116
0.31880369782447815,0.6811963081359863,2056
0.6287107706069947,0.3712892234325409,36530
0.6408502459526062,0.3591497540473938,9819
0.06229865178465843,0.9377013683319092,45474
0.7544427275657654,0.2455572873353958,71204
0.13133966773748398,0.8686603307723999,31092
0.5173488199710846,0.4826511800289154,6940
0.4493722259998322,0.5506277740001678,67131
0.07204674333333969,0.9279532551765441,43056
0.6759925365447998,0.3240074336528778,44933
0.5161150395870209,0.48388493061065674,58634
0.4810160040855408,0.5189839720726013,38528
0.14251210987567903,0.8574878573417664,9101
0.5887857437133789,0.41121424436569215,50271
0.544359815120697,0.455640172958374,64038
0.5778713583946228,0.4221286416053772,45904
0.21751823723316194,0.7824817657470703,2182
0.8768432259559631,0.1231567457318306,67609
0.5964813828468323,0.4035186290740967,73371
0.8481937527656556,0.15180625319480895,23882
0.42826780676841736,0.571732223033905,66782
0.3868977904319763,0.6131022095680236,70689
0.6995315194129944,0.30046845972537994,44219
0.19499410688877106,0.8050058841705322,73291
0.30734952688217165,0.6926504731178283,1812
0.14660434424877167,0.8533956408500671,54256
0.5376920640468598,0.4623079180717468,24739
0.6562439799308777,0.3437560111284256,50749
0.15996393114328383,0.8400360822677613,19367
0.7558067679405213,0.24419322609901428,49807
0.3761804044246674,0.6238195776939393,71647
0.6350631713867188,0.3649368226528168,71
0.6104972004890442,0.3895027875900269,16936
0.44536293745040895,0.5546370625495911,26785
0.36470677256584166,0.6352932095527649,74081
0.43399051427841184,0.5660094976425171,64770
0.23905605673789979,0.7609439611434936,3733
0.2414431095123291,0.7585568904876709,11388
0.9087592244148255,0.09124078005552291,45869
0.512092000246048,0.48790799379348754,9939
0.44691744446754456,0.5530825555324554,53577
0.11042687445878982,0.8895731210708618,33473
0.6049553155899048,0.39504467248916625,41083
0.8250949501991272,0.17490505576133727,20771
0.7109050035476685,0.2890949845314026,18458
0.5858917713165284,0.4141082584857941,55274
0.4238076448440552,0.5761923551559448,22021
0.26305330395698545,0.7369467139244079,26625
0.46464415788650515,0.5353558421134949,72226
0.84959557056427,0.15040442943572999,9754
0.7664458513259887,0.2335541546344757,69490
0.6524345874786377,0.3475654125213623,44735
0.5681944370269776,0.4318055510520935,19803
0.30524064898490905,0.6947593569755555,50738
0.743455684185028,0.25654429793357847,59314
0.33863455057144165,0.6613654613494873,32103
0.3714710474014282,0.6285289406776429,564
0.5519546806812287,0.4480453372001648,52373
0.8829316377639771,0.1170683816075325,29824
0.4700033485889435,0.529996681213379,63432
0.42622450590133665,0.5737754821777343,39691
0.15092756748199462,0.8490724325180053,5529
0.7147732019424439,0.2852267861366272,64295
0.52420654296875,0.47579345703125,66412
0.2875544667243958,0.7124455451965332,3176
0.16939470767974854,0.8306052565574646,56512
0.47730457186698916,0.5226954519748688,58971
0.7339117646217346,0.2660882145166397,35701
0.5336372911930084,0.4663627088069916,71573
0.2002459168434143,0.7997540712356568,49292
0.5928157329559326,0.4071842789649963,66608
0.5491702795028687,0.4508297085762024,26003
0.7908111572265625,0.2091888576745987,16410
0.368412584066391,0.6315874338150025,57810
0.5410253703594208,0.4589746117591858,15533
0.3156551122665405,0.6843448877334595,32631
0.5958022117614746,0.40419774651527407,43874
0.6149928450584412,0.3850071609020233,72054
0.1942760705947876,0.8057239532470704,22411
0.7655286908149719,0.23447129130363464,5163
0.755552864074707,0.24444713294506074,18521
0.7084974050521851,0.29150261282920836,48843
0.2585416704416275,0.7414583206176758,66638
0.6022377848625183,0.3977622091770172,16267
0.8638014435768128,0.13619856387376786,10571
0.3814882695674896,0.6185117125511169,18634
0.5344224095344543,0.4655775785446167,52123
0.4890358567237854,0.5109641134738923,60269
0.6719898819923401,0.32801011204719543,46394
0.756418788433075,0.24358119666576386,20280
0.24608270227909088,0.7539173007011414,63976
0.8415369153022766,0.15846308469772338,67639
0.6159897923469544,0.38401021957397463,12242
0.30913095474243163,0.6908690690994262,2332
0.7648404479026795,0.23515954613685608,68980
0.4658546209335327,0.5341453850269318,24493
0.2566901683807373,0.7433098316192627,53293
0.279953595995903,0.7200464010238647,25012
0.6057038545608521,0.394296133518219,53402
0.6464700937271118,0.3535299181938171,17404
0.6722477078437805,0.32775227427482606,16277
0.5292938232421875,0.4707061469554901,46509
0.8248265027999878,0.17517350018024444,7316
0.5710176825523376,0.4289823353290558,53505
0.7889259338378907,0.21107409298419952,30426
0.4608760178089142,0.5391239762306214,64813
0.5876383662223816,0.4123616397380829,65563
0.5016426026821137,0.498357355594635,33188
0.5988785743713378,0.4011214256286621,15890
0.34881985783576963,0.6511801362037659,10033
0.11000228673219681,0.8899977087974549,56730
0.5307045876979828,0.46929540038108825,29652
0.5379561305046081,0.4620438635349274,17653
0.464681601524353,0.5353183627128602,69126
0.8227648258209228,0.17723517417907714,4570
0.11222897171974182,0.8877710223197937,33262
0.7197495102882385,0.2802504777908325,2617
0.06995641440153122,0.9300435662269593,25926
0.7221296191215515,0.2778703808784485,7412
0.5860334515571595,0.41396657228469846,31406
0.787108588218689,0.2128914028406143,12204
0.29644638001918794,0.7035536408424378,20454
0.172354057431221,0.8276459097862243,44818
0.629322099685669,0.3706779360771179,42205
0.6270687580108643,0.3729312241077423,16802
0.08974235355854035,0.9102576375007629,22550
0.6036437153816223,0.39635627865791323,42516
0.6090070128440856,0.3909929871559143,22009
0.3426685929298401,0.657331395149231,51032
0.2417537361383438,0.7582462430000305,20083
0.6972593069076538,0.30274070203304293,41893
0.40616822242736816,0.5938317537307739,1690
0.6634751439094544,0.33652483820915224,56186
0.5724778532981872,0.4275221586227417,17234
0.48800723552703856,0.5119927585124969,4819
0.07923029959201813,0.9207697033882141,6676
0.6983419775962829,0.30165802240371703,8726
0.3353702425956726,0.6646297812461853,73372
0.439860999584198,0.5601390182971955,44147
0.559159129858017,0.4408408761024475,11308
0.04588439166545868,0.9541156053543091,63558
0.7259138107299805,0.27408620417118074,5173
0.6636681079864502,0.3363318622112274,26480
0.6259591341018677,0.3740408718585968,23211
0.383230584859848,0.6167694091796875,63554
0.4226046323776245,0.5773953557014465,41585
0.7220598936080933,0.27794010043144224,45147
0.14093029797077178,0.8590697288513184,43139
0.1943658024072647,0.8056341886520386,22041
0.2451332002878189,0.7548668146133423,25968
0.4285656809806824,0.5714343309402465,4529
0.42225576639175416,0.5777442514896393,30579
0.6549065351486206,0.3450934588909149,67776
0.5673670053482056,0.4326329708099365,39950
0.9017675042152404,0.09823248982429504,43582
0.44120609760284424,0.5587939083576202,61028
0.3140674829483032,0.6859325170516968,31598
0.7938166379928588,0.20618337988853455,68906
0.15538390576839448,0.8446160912513733,67779
0.32688863277435304,0.6731113314628601,36083
0.1419684261083603,0.8580315589904786,39749
0.8987391591072083,0.10126082599163055,58624
0.7059738516807557,0.29402615427970885,586
0.6307750582695008,0.3692249357700348,62804
0.37736388444900515,0.6226361393928528,25984
0.7167735934257508,0.28322639167308805,8531
0.6539975881576539,0.34600242376327517,37091
0.21872559785842896,0.7812744140625,39513
0.25011897683143614,0.7498810529708863,64706
0.5387150645256042,0.46128490567207336,54114
0.29963364005088805,0.7003663182258606,19731
0.7473585724830627,0.25264141857624056,22040
0.32787718176841735,0.6721228361129761,4040
0.548495227098465,0.4515047788619995,28316
0.5219533324241639,0.47804667353630065,995
0.2992546230554581,0.7007453799247741,64142
0.3699026942253113,0.6300973057746887,65173
0.44674964547157286,0.5532503366470337,51352
0.917725431919098,0.08227457106113434,53691
0.6708562731742859,0.32914370894432066,34779
0.6951886057853699,0.3048114091157913,45401
0.8400469303131104,0.1599530726671219,35190
0.8360669732093811,0.16393304616212845,7564
0.18279762268066407,0.817202377319336,25544
0.5667126059532166,0.4332874000072479,29069
0.3526195168495178,0.6473804473876953,1190
0.49203060269355775,0.5079694151878357,12692
0.6169971823692322,0.38300280570983886,1194
0.7872294783592224,0.21277050971984862,66348
0.7385034441947937,0.26149654686450957,21634
0.5213243722915649,0.47867563366889954,25784
0.6863169550895691,0.3136830449104309,49235
0.7971579790115356,0.20284202098846435,63114
0.19434164166450502,0.8056583881378174,2266
0.5480903804302215,0.45190961956977843,52603
0.40092092752456665,0.5990790903568268,48272
0.14726457595825196,0.8527354001998901,73296
0.11445424258708954,0.8855457782745362,15244
0.57322558760643,0.4267744183540344,56627
0.5785677373409271,0.42143225073814394,56330
0.6875186324119568,0.3124813407659531,29183
0.7252933621406555,0.27470664083957674,28362
0.16118532419204712,0.8388146758079529,73093
0.4288472592830658,0.5711527705192566,36272
0.8687296628952026,0.13127031475305556,37736
0.7179727673530578,0.2820272117853165,28786
0.3473643124103546,0.652635681629181,20893
0.2687364876270294,0.731263542175293,9978
0.8819013476371765,0.11809864044189453,6273
0.573446786403656,0.4265532076358795,56955
0.5259271502494812,0.47407283186912536,68731
0.5914756178855896,0.408524352312088,67733
0.791084599494934,0.20891541838645936,49556
0.5572546124458313,0.4427453696727753,72639
0.8201257705688476,0.179874250292778,35073
0.40185609459877014,0.5981438994407654,23767
0.7033620476722717,0.29663795232772827,51228
0.6262051463127136,0.3737948417663574,3947
0.30737757980823516,0.6926224231719971,38341
0.10658897906541824,0.8934110164642334,9448
0.19675575494766234,0.8032442688941955,379
0.5153461754322052,0.4846538305282593,44579
0.7392372965812684,0.2607627213001251,72845
0.29549880921840666,0.7045011878013611,43648
0.6984949469566345,0.30150502920150757,16823
0.11155098378658294,0.8884490251541137,9332
0.8214115738868714,0.17858843505382538,1624
0.6129262208938598,0.3870737969875336,18780
0.615127444267273,0.38487253785133363,53963
0.6355188727378845,0.36448112726211546,18011
0.5717600345611572,0.4282399475574493,43295
0.6797369837760925,0.32026301622390746,39355
0.2952896744012833,0.7047102928161622,28159
0.9321705222129821,0.067829480022192,32128
0.6674457669258118,0.33255423307418824,26097
0.901953113079071,0.09804686903953552,42004
0.5714943051338196,0.4285056948661804,57211
0.44336613416671755,0.5566338539123535,50693
0.25757941901683806,0.7424205660820007,72772
0.18762530386447906,0.8123747110366821,46870
0.5873988270759583,0.41260117292404175,53160
0.7265393376350403,0.27346067428588866,37371
0.6962185978889466,0.3037814021110535,19439
0.6385561704635621,0.3614438116550446,67538
0.4407844603061676,0.55921550989151,25772
0.1886870175600052,0.811312997341156,48831
0.5561744928359985,0.4438254952430725,57556
0.513733160495758,0.4862668216228485,48452
0.44375007748603823,0.5562498867511749,19989
0.5576597094535828,0.4423403084278107,39350
0.38308743834495546,0.6169125199317932,47557
0.11383429765701295,0.886165726184845,52448
0.2747723877429962,0.7252275943756104,39371
0.43274078369140623,0.5672591924667358,3941
0.8937402486801147,0.10625972449779511,55003
0.7941438436508179,0.20585613548755646,33178
0.45867403149604796,0.5413259744644165,16345
0.1572780877351761,0.8427219033241272,36210
0.34378925561904905,0.656210744380951,53653
0.6383211374282837,0.3616788566112518,8711
0.8828570127487183,0.11714299619197846,29842
0.8433307886123658,0.15666920840740203,29628
0.49442710280418395,0.505572897195816,39276
0.19265576601028442,0.8073442578315735,37484
0.7175267457962036,0.2824732780456543,25261
0.5935292840003967,0.4064707398414612,70303
0.27280164659023287,0.727198350429535,21383
0.8977086424827576,0.10229137241840362,42290
0.6953582286834716,0.3046417832374573,24984
0.7529026985168457,0.24709730446338654,55701
0.8390941262245178,0.1609058767557144,55145
0.6750120520591736,0.32498795390129087,1122
0.24169637262821198,0.7583036184310913,32124
0.5950448036193847,0.4049552083015442,4197
0.42662473320961,0.5733752727508545,53849
0.19991867542266845,0.8000813364982605,26865
0.6776206493377686,0.3223793566226959,65900
0.21775550544261932,0.7822445154190063,32462
0.6371037840843201,0.362896203994751,65105
0.5156154990196228,0.48438451290130613,42878
0.5881977796554565,0.4118022084236145,72753
0.8469886302947998,0.15301138460636138,36025
0.5187535583972931,0.4812463939189911,1001
0.49337570667266845,0.5066243171691894,60538
0.08645527958869934,0.9135447263717651,36826
0.6850423812866211,0.3149576187133789,42031
0.4006048321723938,0.5993951916694641,34686
0.5348671436309814,0.465132874250412,63291
0.42984509468078613,0.570154893398285,57312
0.5890942573547363,0.4109057366847992,41590
0.78796888589859,0.21203113198280335,62367
0.6202473521232605,0.37975265383720397,55222
0.9047283172607422,0.09527166932821274,20819
0.14119272977113723,0.8588072657585144,42450
0.48436092734336855,0.5156390786170959,50466
0.494564950466156,0.5054350376129151,65693
0.5454988181591034,0.4545011937618256,67057
0.7411616325378418,0.25883838534355164,47586
0.6690701842308044,0.33092978596687317,48728
0.2110654294490814,0.7889345765113831,51649
0.6939329028129577,0.30606708526611326,48410
0.5378125250339508,0.4621874809265137,65825
0.4614840388298035,0.5385159492492676,69976
0.22937160730361938,0.7706283569335938,41117
0.329321551322937,0.670678436756134,43283
0.47156665921211244,0.5284333229064941,67869
0.5769196152687073,0.4230803847312927,59466
0.5434587180614472,0.45654126405715945,13421
0.6107308864593506,0.38926913738250735,62398
0.8063466787338257,0.19365330338478087,4531
0.8555681824684143,0.14443182796239853,72209
0.7381846666336059,0.26181534826755526,41016
0.3526975095272064,0.6473024964332581,781
0.350683856010437,0.6493161797523499,69647
0.4941457986831665,0.5058542013168335,43930
0.6491438388824463,0.3508561372756958,17861
0.13629662692546846,0.8637033939361572,53994
0.5180646419525147,0.48193535804748533,49744
0.39171047806739806,0.6082895278930665,52904
0.6958173155784607,0.3041826844215393,22529
0.30219316482543945,0.6978068470954895,16358
0.8869716048240661,0.11302840262651444,4365
0.8393914937973023,0.1606084942817688,55034
0.9082785725593567,0.09172143191099166,32666
0.7913670301437378,0.2086330085992813,64444
0.8165570616722106,0.18344294130802155,74441
0.30143693685531614,0.6985630512237548,681
0.1546395167708397,0.8453604817390442,10895
0.43695966601371766,0.5630403280258178,9502
0.2045615643262863,0.7954384446144104,48350
0.43460476994514463,0.5653952479362487,67954
0.3023265779018402,0.6976734280586243,12065
0.5354980945587158,0.4645018696784973,36616
0.802918815612793,0.19708115458488465,33963
0.8601272702217102,0.1398727238178253,74021
0.18058142066001892,0.8194185853004455,45990
0.41306065320968627,0.5869393467903137,5733
0.5787084698677063,0.42129155397415163,24746
0.6266815781593322,0.37331843972206114,30595
0.5111219346523285,0.48887806534767153,3221
0.20516653060913087,0.794833493232727,34442
0.611625874042511,0.388374125957489,7484
0.5424008905887604,0.4575990855693817,15645
0.6795988798141479,0.32040112614631655,46591
0.862417471408844,0.13758254647254944,35967
0.14457582980394362,0.855424165725708,51930
0.524829626083374,0.475170361995697,21162
0.17868466377258302,0.821315348148346,64749
0.6946195244789124,0.30538046956062315,10362
0.14388751238584518,0.8561125159263611,6673
0.6997689843177796,0.300231009721756,11307
0.17166445553302764,0.8283355355262756,51939
0.9310539364814758,0.06894607543945312,25034
0.6506218671798706,0.34937813878059387,29647
0.6368851065635681,0.3631149113178253,60474
0.28649203181266786,0.7135079860687256,52864
0.5100776672363281,0.4899223029613495,71005
0.05264569893479347,0.9473543167114258,28922
0.7207401156425476,0.2792598932981491,34105
0.6186262369155884,0.38137378096580504,8936
0.48709813952445985,0.512901884317398,25690
0.16724276840686797,0.8327572226524353,37795
0.22798948287963866,0.7720105290412903,48334
0.8310930967330933,0.1689068853855133,34420
0.9180090427398682,0.08199096024036408,35684
0.41641485691070557,0.5835851192474365,2142
0.6959829449653625,0.30401703119277956,26608
0.6071612238883972,0.39283875226974485,39321
0.7106907725334167,0.2893092393875122,13926
0.7383779883384705,0.2616219788789749,24440
0.5059792459011078,0.49402073621749876,45793
0.8608880400657654,0.13911196291446687,35251
0.8742780447006225,0.1257219135761261,31198
0.6964499711990356,0.3035500556230545,20757
0.34739498496055604,0.6526050209999085,67203
0.5970696568489074,0.40293034315109255,35347
0.7073697566986084,0.292630261182785,22754
0.13876716494560243,0.8612328290939331,67219
0.4699228644371033,0.5300771474838257,21766
0.3305170893669128,0.6694828987121582,56609
0.5569771885871887,0.44302281737327576,45911
0.4190992534160614,0.5809007406234741,22497
0.6927966475486755,0.30720332860946653,12725
0.8990723252296448,0.1009276881814003,72849
0.3403113126754761,0.6596887111663818,66427
0.7288056373596191,0.2711943805217743,2955
0.7094881772994995,0.29051180481910704,73238
0.3021827131509781,0.6978172659873962,71088
0.2892144858837128,0.7107855439186096,14476
0.8927644610404968,0.10723553746938705,69387
0.5242142915725708,0.4757857143878937,3054
0.34908043742179873,0.6509195804595947,69047
0.5791287422180176,0.42087124586105346,27171
0.4103433907032013,0.5896566092967988,7292
0.21756960153579713,0.7824303984642029,7210
0.280475389957428,0.719524621963501,72175
0.7094620704650879,0.29053791165351867,24783
0.5706609487533569,0.42933903336524964,25653
0.7864934802055359,0.2135065495967865,40565
0.7920847296714782,0.2079153001308441,34101
0.8402868747711182,0.15971312224864959,42547
0.6290379166603088,0.37096209526062013,30457
0.23193660080432893,0.7680633902549744,42393
0.588230299949646,0.41176968812942505,24369
0.5271647989749908,0.4728352248668671,9460
0.4176450252532959,0.5823549628257751,13152
0.4276923954486847,0.5723076343536377,53542
0.8088938117027282,0.19110618233680726,56260
0.3456400573253632,0.6543599247932435,63655
0.7198842287063598,0.28011577427387235,28763
0.7278849482536316,0.2721150815486908,67047
0.5430354356765748,0.45696460008621215,66411
0.8271456956863403,0.17285431027412415,40535
0.4597832679748535,0.540216714143753,66309
0.09686531275510787,0.9031347274780274,23263
0.42824777364730837,0.5717522501945496,36074
0.563984727859497,0.4360152781009674,56882
0.5486426770687103,0.4513573288917542,14453
0.803549301624298,0.19645067155361176,72386
0.17837473154067993,0.8216252803802491,62329
0.7659329175949097,0.23406705856323243,42059
0.21288997530937195,0.7871100306510925,12958
0.6442402124404907,0.3557597815990448,22499
0.11608196049928665,0.883918035030365,33588
0.5133760929107666,0.48662389516830445,33233
0.9139159202575684,0.08608405888080597,5289
0.7055998206138611,0.2944001734256744,41825
0.4617179334163666,0.5382820546627045,18787
0.07132908850908279,0.9286708831787109,931
0.553303188085556,0.4466968417167664,17690
0.1719699829816818,0.8280300259590149,36606
0.8748853206634521,0.12511467635631562,1228
0.8725005745887756,0.12749941796064376,58637
0.7754088282585144,0.22459117472171783,16327
0.27481271624565123,0.7251873016357422,3402
0.5783279061317443,0.4216720938682556,57163
0.6478633284568787,0.3521366655826569,28663
0.16480064392089844,0.8351993799209595,18358
0.5085357129573822,0.49146427512168883,49264
0.7482502579689025,0.2517497330904007,71873
0.3179541289806366,0.6820458889007568,14999
0.45648515224456787,0.5435148477554321,64627
0.4111384987831116,0.5888614892959595,49023
0.6836686849594116,0.31633129715919495,73109
0.438483065366745,0.5615169644355774,38142
0.5595437705516815,0.440456235408783,59364
0.542017787694931,0.4579822063446045,12107
0.4988193452358246,0.5011806607246398,60603
0.5058964133262634,0.49410358667373655,32383
0.09272583425045014,0.9072741508483887,66280
0.678232729434967,0.321767258644104,17639
0.6748406767845154,0.3251593589782715,12342
0.5756202042102814,0.42437979578971863,43841
0.5692045867443085,0.4307954370975494,65048
0.10332521945238113,0.8966747760772705,73436
0.8573117613792419,0.14268822968006134,59236
0.06307183280587196,0.9369281649589538,62276
0.8881225466728211,0.1118774488568306,67735
0.39898709654808046,0.601012933254242,60710
0.2723849415779114,0.7276150703430175,35005
0.44193158745765687,0.5580684065818786,31902
0.8984657526016235,0.10153424739837646,61771
0.8080291152000427,0.1919708877801895,46813
0.8338657736778259,0.16613425314426422,12401
0.1863478183746338,0.8136521816253662,56220
0.8081045389175415,0.19189544022083282,50616
0.2628027856349945,0.73719722032547,37493
0.5631949782371521,0.4368050336837769,20168
0.6851359367370605,0.31486403942108154,12201
0.530304777622223,0.4696952223777771,55571
0.6297847032546997,0.37021530270576475,57289
0.34555163979530334,0.6544483661651611,32649
0.5571707963943482,0.4428292214870453,6479
0.6556678891181946,0.34433209896087646,1310
0.9377567172050476,0.062243294715881345,63623
0.49777472615242,0.5022252917289733,25088
0.4834930121898651,0.5165070176124573,2288
0.4411052405834198,0.5588947772979737,18397
0.39424853920936587,0.6057514667510986,55149
0.7130777835845947,0.2869222015142441,40469
0.7595565557479859,0.24044345319271088,71017
0.7994787573814393,0.20052123069763184,64474
0.4386901021003723,0.5613099098205566,30020
0.7054207801818848,0.2945792257785797,50937
0.328948450088501,0.6710515737533569,40715
0.4047271072864532,0.5952728748321533,52768
0.6403026938438415,0.3596972942352295,16355
0.753342616558075,0.2466573864221573,38130
0.8013366818428039,0.1986633062362671,61091
0.506153118610382,0.4938468873500824,69428
0.3428439795970917,0.6571560263633728,47710
0.6630905508995056,0.3369094431400299,33868
0.6687305688858032,0.33126943111419677,58369
0.5276029348373413,0.47239705324172976,32942
0.8259958505630494,0.17400415241718292,42545
0.7552753686904907,0.2447246193885803,73728
0.9224421262741089,0.07755789905786514,32297
0.6739565372467041,0.326043438911438,48302
0.2941193640232086,0.705880630016327,56438
0.879514503479004,0.12048549354076385,67428
0.6836910486221314,0.3163089692592621,40817
0.12396286129951477,0.8760371327400207,64593
0.6385939359664917,0.36140605211257937,17081
0.6790240287780762,0.3209759831428528,18254
0.2520740181207657,0.7479260087013244,66555
0.08026865422725678,0.9197313189506531,13023
0.8676470875740051,0.13235292136669158,40035
0.7434239387512207,0.2565760433673859,56859
0.31576284766197205,0.6842371225357056,59213
0.6378953933715821,0.36210460066795347,51636
0.7859629154205322,0.21403707265853883,17713
0.5424229502677917,0.4575770616531372,66304
0.06270060539245606,0.937299382686615,54279
0.7544499278068543,0.2455500453710556,43385
0.6922284245491028,0.30777154564857484,32821
0.2750703066587448,0.7249297142028809,23518
0.47610092759132383,0.5238990962505341,42210
0.8174411058425903,0.18255890309810638,13077
0.5664695262908935,0.4335304856300354,54141
0.6121726155281066,0.38782739639282227,67178
0.6396457433700562,0.3603542327880859,70254
0.30510178208351135,0.6948982119560242,73455
0.8423722863197327,0.15762772858142854,25200
0.12384763658046723,0.8761523485183715,29793
0.5907160401344299,0.4092839479446411,2542
0.630842125415802,0.369157874584198,19843
0.6512198567390441,0.34878015518188477,20901
0.7413305163383483,0.25866949558258057,34215
0.20707031190395356,0.792929720878601,24749
0.49970892667770384,0.5002911031246186,58251
0.6781393766403199,0.3218606412410736,10971
0.49968127608299256,0.5003187179565429,41862
0.7227596879005432,0.2772403031587601,7885
0.7848355412483216,0.2151644617319107,47485
0.7024495601654053,0.29755045771598815,1167
0.11113232672214508,0.8888676762580872,62477
0.8796929836273193,0.12030702978372573,14219
0.4359487533569336,0.5640512347221375,34688
0.6855984330177307,0.31440157294273374,16432
0.7920098066329956,0.20799018144607545,33000
0.264123809337616,0.7358761548995971,59153
0.8471617221832275,0.1528382658958435,23323
0.8374625205993652,0.16253747344017028,26107
0.7355626702308655,0.2644373208284378,16791
0.47993441820144656,0.5200656175613403,47182
0.3976477086544037,0.6023522973060608,73038
0.750432288646698,0.24956769347190857,3566
0.7467597961425781,0.25324022471904756,5186
0.33906241655349734,0.6609375834465027,42257
0.7588226437568665,0.2411773532629013,6537
0.4911072850227356,0.5088927507400512,25841
0.26860900819301603,0.7313910126686096,3172
0.546751594543457,0.4532484233379364,1165
0.6870973587036133,0.3129026353359222,19146
0.40668818950653074,0.5933117985725402,278
0.5860102891921997,0.4139897048473358,5511
0.558709728717804,0.4412902593612671,5741
0.5144651889801025,0.4855347812175751,43243
0.8026446104049683,0.19735541045665742,2114
0.3858287513256073,0.6141712248325348,44199
0.4823247671127319,0.5176752150058747,51998
0.7726832389831543,0.22731677889823915,13970
0.4959345102310181,0.5040655016899109,8816
0.37203197479248046,0.6279680490493774,39705
0.36265733242034914,0.6373426675796509,2910
0.5540645003318787,0.4459355235099792,51958
0.10647000521421432,0.8935299873352051,50031
0.8378561496734619,0.16214386522769927,43766
0.35807045102119445,0.6419295310974121,30143
0.5960152208805084,0.4039847791194916,20945
0.926008653640747,0.07399132698774338,17747
0.5772706508636475,0.4227293372154236,71130
0.3268191754817963,0.6731808185577393,18591
0.6126883625984192,0.3873116374015808,61966
0.24096989035606384,0.7590300917625428,32181
0.5590158820152282,0.4409841299057007,37554
0.5927781283855438,0.4072218894958496,24541
0.6228655695915222,0.3771344244480133,15445
0.2483613222837448,0.7516386866569519,34882
0.41528401970863343,0.584715974330902,34439
0.6528802871704101,0.3471197187900543,3417
0.3181512475013733,0.6818487286567688,33503
0.6793737530708313,0.32062622904777527,67338
0.916071891784668,0.08392811119556427,40815
0.736764645576477,0.26323533058166504,21983
0.36136874556541443,0.638631272315979,698
0.547485625743866,0.45251440405845644,70846
0.25152894854545593,0.7484710812568665,51471
0.3105068564414978,0.6894931316375732,51764
0.5090696513652802,0.4909303545951843,15882
0.3891643822193146,0.610835599899292,1291
0.42172475457191466,0.5782752633094788,59580
0.3545850455760956,0.645414936542511,63409
0.28047927618026736,0.7195207357406617,24379
0.8775004029273987,0.1224996104836464,55619
0.7539971113204956,0.2460028797388077,1609
0.8448034167289734,0.15519658774137496,50403
0.538356751203537,0.461643260717392,14624
0.626178526878357,0.3738214671611786,40880
0.33030927181243896,0.66969074010849,42663
0.6098687052726746,0.3901313245296478,58732
0.07721368372440338,0.9227863311767578,30345
0.20014218091964722,0.7998577952384949,68733
0.15315961241722106,0.8468404054641724,73024
0.6887978434562683,0.31120216846466064,53233
0.5893301367759705,0.4106698513031006,3154
0.5285463452339172,0.47145369052886965,24829
0.7738122344017029,0.2261877477169037,16701
0.3914147913455963,0.6085851907730102,32771
0.2879124402999878,0.7120875716209412,49564
0.9011839032173157,0.09881610274314881,64935
0.18088550865650177,0.8191145062446594,17809
0.39982317984104154,0.6001768350601197,17556
0.8006096959114075,0.1993902862071991,33151
0.8256127715110779,0.17438724637031555,47356
0.8627861380577088,0.13721385449171067,56127
0.21772306263446808,0.782276964187622,38612
0.6130760669708252,0.3869239330291748,35408
0.5153873145580292,0.4846126794815063,31435
0.9209589958190918,0.07904103696346283,42406
0.15366590321063994,0.8463340997695923,67725
0.4401099860668182,0.5598899960517884,68642
0.4142307698726654,0.5857692241668702,27534
0.5383875489234924,0.46161248683929446,45489
0.6844565033912658,0.31554350852966306,10173
0.8829812169075012,0.1170187771320343,50758
0.2902183264493942,0.7097816705703736,70375
0.6405896663665771,0.3594103217124939,68543
0.2671917736530304,0.7328082323074341,67146
0.23858926296234131,0.7614107608795166,29315
0.355060350894928,0.6449396729469299,7360
0.4621630012989044,0.53783700466156,33722
0.31829444169998167,0.6817055583000183,27297
0.32829650640487673,0.6717034697532653,19322
0.6134636640548706,0.3865363299846649,54096
0.19678189158439635,0.8032180905342102,19485
0.5662752866744996,0.4337247312068939,62600
0.57697035074234,0.42302964329719545,45906
0.44550464749336244,0.5544953346252441,5563
0.8491108536720275,0.1508891463279724,37593
0.32972775101661683,0.6702722549438477,56024
0.8254568934440613,0.17454313337802888,34546
0.6864291548728942,0.31357085704803467,32573
0.5638410687446594,0.4361589074134827,32558
0.5310601592063904,0.46893985867500304,65003
0.6738277435302734,0.32617227435112,68296
0.7220304012298584,0.277969616651535,68351
0.15178164839744568,0.8482183456420899,9200
0.5017500460147858,0.49824999570846557,62350
0.454990553855896,0.5450094401836395,56779
0.12275058180093765,0.8772494316101074,32029
0.376715886592865,0.623284125328064,1902
0.8577049493789672,0.14229506254196167,26793
0.7643052220344544,0.2356947898864746,32723
0.7736257791519165,0.22637422382831573,67829
0.6519049167633056,0.3480950891971588,17540
0.5555737257003784,0.4444262981414795,4624
0.4396282613277435,0.5603717565536499,67966
0.8215539813041687,0.1784459948539734,67081
0.8197611570358276,0.18023885190486907,54280
0.8520530343055726,0.14794693142175674,54614
0.5871292352676392,0.4128707468509674,28138
0.5453040361404419,0.45469595193862916,44984
0.6566736102104187,0.34332637786865233,4595
0.6277187585830688,0.3722812294960022,63269
0.1357344478368759,0.8642655611038208,70627
0.24306752383708954,0.7569324731826782,773
0.7761663794517517,0.22383364140987397,21812
0.880407190322876,0.11959279626607895,10818
0.8718038201332092,0.12819618135690689,34151
0.11095958799123765,0.8890404105186462,30358
0.06776431500911713,0.9322356820106507,40796
0.6599916696548462,0.3400083303451538,49313
0.45232188105583193,0.5476781129837036,48132
0.5139018952846527,0.4860981345176697,55706
0.8327198505401612,0.16728014647960662,14505
0.6035110712051391,0.3964889407157898,62840
0.2854572176933289,0.714542806148529,74243
0.6551203250885009,0.344879686832428,37602
0.3371487736701965,0.6628512144088745,2779
0.27436873912811277,0.7256312489509582,50684
0.5178957104682922,0.48210428953170775,36179
0.5313856899738312,0.46861429810523986,74362
0.8559139370918274,0.14408607184886932,10994
0.6694717049598694,0.3305282950401306,17782
0.6257591605186462,0.3742408096790314,22434
0.24808988273143767,0.7519101500511169,65841
0.6464725136756897,0.35352749824523927,20702
0.24802935719490052,0.751970636844635,15728
0.7757986664772034,0.22420137524604797,27326
0.12031655460596084,0.8796834588050843,50224
0.5460513174533844,0.45394869446754454,20633
0.12687849551439284,0.8731215238571167,34454
0.39898406267166137,0.6010159611701965,67103
0.4674887120723724,0.532511293888092,4266
0.3522381722927094,0.6477618217468262,28967
0.6344668388366699,0.36553317308425903,42107
0.8582414627075196,0.1417585074901581,19445
0.454105532169342,0.5458944737911224,5564
0.5611014246940613,0.43889856338500977,50491
0.23438980877399446,0.7656102299690246,36574
0.3247342109680176,0.6752658009529113,57827
0.5728903174400329,0.42710967659950255,27643
0.669278347492218,0.3307216227054596,49073
0.7339839577674866,0.26601606607437134,2751
0.34499606490135193,0.6550039291381836,899
0.33054893612861636,0.6694510579109192,56350
0.37043576836586,0.6295642256736755,366
0.8330060839653015,0.1669938862323761,47870
0.44401791095733645,0.5559820771217346,27696
0.5517526865005493,0.4482473015785217,63007
0.9431124448776245,0.056887532025575636,74325
0.5095398426055908,0.49046016335487364,36486
0.7844635128974915,0.21553648710250856,20973
0.0887165054678917,0.9112834692001343,72781
0.1125143125653267,0.8874857068061829,23353
0.38889606595039367,0.6111039400100708,7641
0.3581746339797974,0.6418253898620605,16409
0.42445269227027893,0.5755473375320435,69734
0.27849755585193636,0.7215024709701539,67800
0.5045263886451721,0.4954736173152924,13144
0.6077882647514343,0.3922117352485657,3701
0.7356168866157532,0.2643830984830856,30209
0.4344887375831604,0.5655112504959107,33602
0.43211962580680846,0.5678803563117981,66045
0.6071605205535888,0.3928394913673401,55407
0.7741123795509338,0.22588764131069183,20566
0.7118180155754089,0.2881819784641266,42938
0.15329841822385787,0.8467015624046326,13268
0.48943597078323364,0.5105640530586243,20890
0.5375732243061065,0.46242676973342894,43767
0.9259359836578369,0.07406402677297592,66826
0.5441135883331298,0.4558864176273346,69650
0.6240346670150757,0.3759653329849243,63593
0.057683318853378296,0.9423166751861572,36178
0.6035821318626404,0.39641786813735963,50726
0.8493189573287964,0.15068102031946182,18545
0.5260060608386994,0.4739939570426941,34804
0.12176378965377807,0.8782362222671509,26102
0.658860981464386,0.34113901257514956,45847
0.6557512164115906,0.3442487895488739,30056
0.38489521145820615,0.6151047825813294,20187
0.392119437456131,0.6078805685043335,84
0.21910794973373413,0.7808920860290527,21591
0.4442355394363403,0.5557644605636597,72440
0.2375282883644104,0.7624716877937316,6666
0.16378009617328643,0.8362199068069458,62192
0.7156991839408875,0.28430084586143495,63496
0.21282266676425934,0.787177312374115,28121
0.7321510434150695,0.26784892976284025,2902
0.3734589219093323,0.6265410900115966,11437
0.5451328039169312,0.4548671543598175,60483
0.7072987079620361,0.2927013099193573,69511
0.1933198630809784,0.8066801309585572,50455
0.6830808758735657,0.3169191271066666,59894
0.7907110452651978,0.20928893983364105,64413
0.8959591746330261,0.10404087156057358,33483
0.4208481729030609,0.5791518330574036,59516
0.7877983331680298,0.21220163702964784,5269
0.49800812005996703,0.5019918978214264,67819
0.6306750535964966,0.3693249344825745,37909
0.3871822714805603,0.6128177165985107,2442
0.4968112289905548,0.5031887948513031,27986
0.8391524314880371,0.16084757149219514,24317
0.7845376014709473,0.2154623955488205,4042
0.1925291210412979,0.8074708819389343,9888
0.42533456683158877,0.5746654510498047,35468
0.5198698878288269,0.4801301062107086,32731
0.7033831477165222,0.29661684632301333,36900
0.7975510358810425,0.2024489551782608,39088
0.764966356754303,0.23503364324569703,66906
0.6423851847648621,0.3576148211956024,50707
0.7914119005203247,0.20858811736106872,13739
0.08275100886821747,0.9172489762306213,18839
0.8467648386955261,0.15323515236377716,22776
0.2656603932380676,0.7343395948410034,61655
0.6461005330085754,0.3538994550704956,62360
0.7254024624824524,0.2745975464582443,35296
0.14051806628704072,0.8594819068908691,34560
0.7156617641448975,0.28433823883533477,68188
0.21093061268329621,0.7890693783760071,42302
0.5224252283573151,0.4775747716426849,22398
0.6575950622558594,0.34240493178367615,23433
0.631430721282959,0.36856927871704104,73849
0.38147510290145875,0.6185248970985413,40110
0.6731528282165528,0.32684715986251833,15109
0.6566110849380493,0.34338892102241514,45256
0.5261849403381348,0.4738150596618652,38648
0.43733243346214296,0.5626675724983216,196
0.23635472357273102,0.7636452794075013,37984
0.3171160817146301,0.6828838944435119,57647
0.4428726851940155,0.55712730884552,3271
0.30488319098949435,0.6951168298721313,56098
0.6113940834999084,0.38860592246055603,58762
0.5974857449531555,0.4025142252445221,4464
0.9076176524162293,0.09238235056400299,27450
0.2628836363554001,0.7371163606643677,16756
0.6540364384651184,0.345963591337204,19019
0.8785798907279968,0.12142009288072586,15673
0.8877653837203979,0.11223461478948593,5534
0.5574386954307556,0.4425612986087799,34490
0.5898653745651246,0.4101346075534821,16403
0.7219369769096374,0.2780630052089691,29850
0.8892983675003052,0.1107016533613205,315
0.6196863055229187,0.38031370639801027,63765
0.3526171803474426,0.6473828077316284,73071
0.7219746351242066,0.27802537083625795,29218
0.5754871964454651,0.42451280951499937,8915
0.843482494354248,0.15651753097772597,17743
0.5071083962917328,0.4928916096687317,49796
0.7454008221626282,0.25459919273853304,73884
0.6640313029289245,0.33596869111061095,22557
0.48964539766311643,0.5103546380996704,38075
0.43363227844238283,0.5663677394390106,32447
0.5548849046230316,0.44511511325836184,3029
0.6625343918800354,0.3374656021595001,52167
0.22102778553962707,0.7789722084999084,19381
0.16601815223693847,0.8339818477630615,37888
0.15575417578220369,0.8442457795143128,59491
0.7846001863479615,0.21539982855319978,7581
0.3251482486724854,0.6748517513275146,3556
0.8159002542495728,0.1840997517108917,64653
0.5389359712600708,0.46106404066085815,42689
0.4799817383289337,0.5200182795524597,4594
0.6939405918121337,0.30605940222740174,13204
0.1013870507478714,0.8986129522323608,2816
0.7468854904174804,0.2531145066022873,50367
0.2569975137710571,0.7430024743080139,35117
0.16089652478694916,0.8391034960746765,65455
0.529518723487854,0.47048128843307496,56611
0.3570733904838562,0.6429265975952149,36784
0.33843973875045774,0.6615602374076843,71830
0.46800767779350283,0.5319923162460327,20778
0.1875900834798813,0.8124099135398865,21635
0.3568244636058807,0.6431755423545837,27594
0.7586049556732177,0.2413950651884079,1813
0.17500754594802856,0.8249924421310425,40761
0.9204715251922607,0.07952848672866822,1481
0.8882996320724488,0.11170037686824799,27458
0.399990177154541,0.6000097990036011,45873
0.6345967769622802,0.3654032289981842,43321
0.3131285548210144,0.6868714451789856,1478
0.7320519924163819,0.2679480105638504,64166
0.8016295552253723,0.19837044477462767,16383
0.4197033762931824,0.5802966356277466,13049
0.2677438259124756,0.7322561621665955,71641
0.09733729362487793,0.9026626944541931,65147
0.1599509298801422,0.8400490522384644,16815
0.6988188862800598,0.3011811077594757,72766
0.5790319681167603,0.42096800804138185,10256
0.5126106858253479,0.4873893439769745,64087
0.24505560398101806,0.7549443721771241,16300
0.2367868572473526,0.7632131338119507,5502
0.260868114233017,0.7391319155693055,61191
0.6650554180145264,0.3349445819854736,68382
0.9326331973075866,0.06736677289009094,42519
0.16338237524032592,0.8366176009178161,64532
0.27714290022850036,0.7228571057319642,29184
0.5686514556407929,0.43134852647781374,35333
0.707266092300415,0.29273390471935273,56502
0.5860541343688965,0.4139458417892456,38123
0.4034601151943207,0.5965398550033569,12451
0.4639263689517975,0.536073637008667,55307
0.36347995400428773,0.6365200400352478,43570
0.1734260469675064,0.8265739321708679,70067
0.8003566861152649,0.19964334666728972,40823
0.46553410291671754,0.534465879201889,42111
0.7439104795455933,0.2560895442962646,35041
0.8717175364494324,0.12828245162963867,10425
0.3967325806617737,0.6032674074172973,4572
0.34898529648780824,0.6510147094726563,33670
0.5459953546524048,0.45400468111038206,73648
0.622281801700592,0.3777181923389435,73582
0.6428597211837769,0.3571402966976166,56954
0.2814736604690552,0.718526291847229,44451
0.33106800317764284,0.6689319968223572,58879
0.7907862663269043,0.20921372771263122,34227
0.40187710523605347,0.5981228709220886,49404
0.6707558631896973,0.32924413681030273,13250
0.7227092623710633,0.27729073762893675,26707
0.8829894900321961,0.11701052039861679,28397
0.5445783317089081,0.4554217100143433,17514
0.25441008508205415,0.7455899238586425,39509
0.7948005318641662,0.2051994651556015,18276
0.18124906420707704,0.8187509298324585,59963
0.5643274843692779,0.43567251563072207,49366
0.8197590351104737,0.18024096935987471,22461
0.37763739228248594,0.6223626255989074,50965
0.50530144572258,0.4946985423564911,58277
0.6754090785980225,0.3245909035205841,45282
0.5873480916023255,0.4126518964767456,46804
0.18815283477306366,0.8118471503257751,23888
0.39750781655311584,0.6024921655654907,14601
0.46398574113845825,0.5360142648220062,27979
0.49155208468437195,0.508447939157486,198
0.5948412537574768,0.4051587462425232,26309
0.7231314897537231,0.27686850130558016,54157
0.6419581651687623,0.35804181098937987,57649
0.4502894699573517,0.5497105598449707,10440
0.114298777282238,0.8857012152671814,16801
0.3691575825214386,0.6308424234390259,48324
0.5003021121025085,0.4996978998184204,2575
0.6092400193214417,0.3907600164413452,53572
0.5046757936477662,0.4953242301940918,3576
0.1908385634422302,0.8091614484786988,68732
0.6707106351852417,0.32928934693336487,22125
0.8259810090065003,0.17401899695396422,7950
0.5388363361358642,0.4611636996269226,73940
0.6273087620735168,0.3726912200450897,55940
0.8463013648986817,0.1536986291408539,25032
0.6405065059661865,0.35949353575706483,69005
0.25512658059597015,0.7448734283447266,28629
0.405253928899765,0.594746059179306,1571
0.46919267177581786,0.5308073282241821,69644
0.8632083773612976,0.13679162859916688,2808
0.5533593773841858,0.4466406166553497,47155
0.43134355545043945,0.5686564803123474,28975
0.07170472592115402,0.9282952666282653,42940
0.10473973602056504,0.8952602267265319,43702
0.5459089994430542,0.45409096479415895,30261
0.5368736028671265,0.463126403093338,64597
0.3769966006278992,0.6230034232139587,1830
0.5406594455242157,0.4593405485153198,18846
0.692072582244873,0.30792742371559145,60254
0.6775535941123962,0.32244640588760376,11360
0.06638790369033813,0.9336120843887329,33408
0.2377072513103485,0.7622927546501159,28069
0.64224214553833,0.35775784850120546,58682
0.45233250260353086,0.5476674973964691,62429
0.7249343872070313,0.2750656187534332,15808
0.07577053382992745,0.9242294669151306,69911
0.5567866444587708,0.44321333765983584,59550
0.23134395778179168,0.768656063079834,37869
0.2845234274864197,0.7154765725135803,26558
0.8802481651306152,0.11975186318159103,25708
0.41490764617919923,0.5850923418998718,72105
0.7324928879737854,0.2675071179866791,58384
0.8309560060501099,0.16904399394989014,27444
0.5477855443954468,0.45221444964408875,11151
0.4403631865978241,0.5596368193626404,40770
0.8437216281890869,0.15627835392951966,53686
0.6168275117874146,0.3831724524497986,37577
0.8620103478431702,0.13798964619636536,36848
0.6272864580154419,0.3727135419845581,30038
0.2710804879665375,0.728919517993927,384
0.13105423897504806,0.8689457774162292,2350
0.42075586318969727,0.5792441487312316,50926
0.416571444272995,0.5834285378456116,10207
0.6910812973976135,0.308918708562851,17447
0.653465986251831,0.34653401374816895,68052
0.3449835658073425,0.6550164341926574,29526
0.4399721920490265,0.56002779006958,65526
0.8432058691978455,0.15679416954517364,2098
0.6448843836784363,0.3551156044006348,33085
0.8354254007339478,0.16457462012767793,39426
0.5320925712585449,0.4679074168205261,69011
0.5139291703701019,0.4860708057880402,33240
0.4633693635463715,0.5366306483745575,12884
0.29791385531425474,0.7020861506462097,14524
0.7784538865089417,0.22154610157012938,49220
0.6032608389854431,0.3967391669750214,20284
0.2310815632343292,0.7689184546470642,3383
0.5117237210273743,0.4882762908935547,57997
0.12633255124092102,0.8736674785614014,42247
0.6517833352088929,0.34821667671203616,24961
0.182855960726738,0.8171440482139587,5672
0.46079915165901186,0.5392008721828461,69024
0.5835625171661377,0.4164374828338623,19620
0.06331444382667542,0.9366855502128602,54659
0.4251609742641449,0.5748390078544616,48631
0.7937303304672241,0.20626964569091796,21430
0.5845514237880707,0.4154485821723938,55223
0.6261834740638733,0.37381653785705565,41046
0.2826296269893646,0.7173703670501709,45128
0.2144148349761963,0.7855851769447326,6780
0.5746657609939575,0.4253342688083649,53925
0.6812555074691773,0.31874449253082277,26576
0.5922630429267883,0.4077369749546051,53296
0.2554742842912674,0.7445257067680359,31521
0.8496512174606323,0.1503487914800644,25566
0.5753429770469666,0.4246570229530334,47571
0.6825266242027282,0.3174733579158783,55881
0.4086036026477814,0.5913963794708252,41146
0.7125757217407227,0.28742424845695497,25570
0.36454087495803833,0.6354591369628906,605
0.46772667169570925,0.5322733402252198,5271
0.19013387560844422,0.8098661184310914,16932
0.3057863086462021,0.6942136883735657,27055
0.3069725394248962,0.6930274724960327,4348
0.7214517235755921,0.27854828238487245,65376
0.865661084651947,0.13433892726898194,28218
0.715966546535492,0.28403349220752716,63317
0.5836400628089905,0.41635997891426085,66252
0.35059242844581606,0.6494075417518616,60087
0.8723616123199462,0.12763842195272446,17096
0.6817574739456177,0.3182425320148468,62023
0.5147220551967621,0.48527793288230897,30603
0.8847420930862426,0.11525796055793762,21509
0.6304336905479431,0.3695663094520569,46086
0.3189958930015564,0.6810041069984436,27065
0.7465565919876098,0.2534434378147125,60287
0.4047536015510559,0.595246410369873,53722
0.1673409342765808,0.8326590776443481,43501
0.8013850927352906,0.1986149251461029,8892
0.13946618884801865,0.8605338335037231,6331
0.7503349304199218,0.2496650606393814,73969
0.33533887267112733,0.664661169052124,50398
0.8967874050140381,0.10321259200572967,6708
0.47710943818092344,0.5228905320167542,69556
0.5399933993816376,0.4600066065788269,39684
0.5309452712535858,0.4690547287464142,34674
0.12052578181028366,0.8794742107391358,18821
0.09139458388090134,0.908605408668518,69553
0.5428947448730469,0.45710524916648865,4349
0.7952037215232849,0.2047962576150894,4145
0.6666329026222229,0.3333670854568481,52221
0.90580233335495,0.094197678565979,71817
0.5277301073074341,0.47226988673210146,62228
0.36656245589256287,0.6334375262260437,34545
0.4616051733493805,0.5383948266506196,35699
0.7932552337646485,0.20674475729465486,21940
0.686426329612732,0.31357365250587466,7410
0.887541127204895,0.11245887279510498,5116
0.8746131181716919,0.12538689076900483,5465
0.31344135403633117,0.6865586280822754,11513
0.45735353231430054,0.5426464557647706,52935
0.5643238365650177,0.4356761693954468,14683
0.8306174755096436,0.16938251852989197,9577
0.4371868669986725,0.562813115119934,48731
0.24863781332969664,0.7513621568679809,57831
0.6626998901367187,0.3373000979423523,72077
0.4210606157779694,0.5789393901824951,57423
0.2522719532251358,0.7477280497550964,686
0.7725242972373962,0.22747567892074586,71115
0.41565462946891785,0.5843453645706177,6430
0.5871928930282593,0.41280707716941833,39337
0.34374953508377076,0.6562504291534423,4110
0.4929893434047699,0.5070106089115143,18392
0.09380500465631485,0.9061949968338012,13073
0.48311957716941833,0.5168804585933685,31022
0.5326381027698517,0.46736191511154174,7259
0.38405879139900206,0.6159412145614624,49143
0.25935643911361694,0.7406435370445251,29879
0.4528845548629761,0.5471154510974884,13359
0.08607067316770553,0.9139293074607849,40020
0.5922241330146789,0.4077758610248566,67974
0.19035922586917878,0.8096407771110534,74285
0.8675594210624695,0.13244059234857558,50302
0.4496707201004028,0.5503293037414551,21725
0.6844078183174134,0.3155921995639801,3364
0.5983448505401612,0.4016551375389099,60662
0.3676328420639038,0.6323671460151672,65195
0.8487777233123779,0.15122230648994445,49129
0.3822914958000183,0.6177084922790528,2126
0.31922392547130585,0.680776059627533,34740
0.5049023985862732,0.49509758353233335,50895
0.5902554512023925,0.40974454283714296,60781
0.447001188993454,0.5529988050460816,7147
0.5732256174087524,0.426774400472641,58701
0.8397536039352417,0.1602463960647583,15357
0.8656972765922546,0.13430273681879043,23735
0.9053001523017883,0.09469982832670212,12089
0.5286010026931762,0.4713989973068237,7120
0.5824538707733155,0.41754613518714906,43856
0.6342162489891052,0.3657837599515915,3125
0.2921545743942261,0.707845413684845,73874
0.38673277497291564,0.6132672309875489,33884
0.06510908901691437,0.9348909139633179,52815
0.41434888243675233,0.5856510996818542,47882
0.533151650428772,0.46684837341308594,41216
0.14759099632501602,0.852409029006958,7134
0.31312272548675535,0.6868772864341736,25750
0.6704787015914917,0.32952128648757933,65874
0.8951539039611817,0.10484612882137298,21849
0.07678629755973816,0.9232136845588684,195
0.5045232474803925,0.4954767346382141,26080
0.7435117483139038,0.25648824870586395,24485
0.3454780042171478,0.6545220136642456,34712
0.29304193556308744,0.7069580674171447,52789
0.265422922372818,0.7345770597457886,32979
0.1270212709903717,0.8729787468910217,46286
0.3916636645793915,0.6083363652229309,69313
0.7422961950302124,0.2577038198709488,18996
0.36387869715690613,0.6361212849617004,41656
0.49648918509483336,0.5035108089447021,73231
0.2303164482116699,0.7696835994720459,17628
0.6631524801254273,0.3368475079536438,42032
0.11533855348825454,0.8846614956855774,13971
0.8964301586151123,0.10356986224651336,17538
0.524880564212799,0.47511942982673644,33712
0.5447474122047424,0.45525259971618653,10657
0.26853481531143186,0.731465196609497,17769
0.40621342658996584,0.5937865734100342,13841
0.632279896736145,0.3677200973033905,69469
0.544610059261322,0.455389940738678,18827
0.3887054204940796,0.6112946271896362,65133
0.6020493507385254,0.3979506313800812,24717
0.604685115814209,0.3953148663043976,62032
0.4478965103626251,0.5521035075187684,41790
0.5537193298339844,0.44628067016601564,72630
0.16547785699367523,0.8345221281051636,38172
0.7503042578697204,0.2496957451105118,49793
0.7345067977905273,0.2654932141304016,39403
0.6379559755325317,0.36204399466514586,1044
0.38608933091163633,0.6139106631278992,70752
0.9106806516647339,0.08931933790445327,36271
0.9190256595611572,0.08097430318593979,65069
0.37743889093399047,0.6225611090660095,35240
0.25093662440776826,0.7490633606910706,23370
0.6976189017295837,0.3023811310529709,39888
0.6081283330917359,0.3918716549873352,37538
0.23324503004550934,0.766754937171936,56262
0.6142581820487976,0.3857418358325958,36450
0.6973699569702149,0.30263004899024964,32465
0.04345656260848045,0.9565434455871582,13977
0.18171631097793578,0.8182837009429932,60392
0.3042318940162659,0.6957680821418762,58461
0.18402874767780303,0.8159712553024292,49500
0.6075089752674103,0.3924910008907318,582
0.4396603643894196,0.5603396534919739,23375
0.39963665008544924,0.6003633260726928,34259
0.2915524810552597,0.7084475159645081,64666
0.7834581136703491,0.2165418803691864,43405
0.11642292737960816,0.8835770845413208,30116
0.25049388110637666,0.74950612783432,35924
0.18314192891120912,0.8168580889701843,45750
0.47308961153030393,0.526910412311554,8621
0.807080602645874,0.19291939735412597,70858
0.14469402730464936,0.8553059697151184,14778
0.7520977854728699,0.2479022204875946,42631
0.3800994336605072,0.6199005722999573,38144
0.45678998827934264,0.5432100296020508,12585
0.30397970974445343,0.6960202574729919,70112
0.10297177881002426,0.8970282316207886,11799
0.3237705767154694,0.6762294292449951,65833
0.7684342265129089,0.2315657764673233,25577
0.5256352424621582,0.4743647754192352,51054
0.5331683099269867,0.46683170795440676,43718
0.9056304931640625,0.0943695455789566,31401
0.6933776021003724,0.3066224157810211,46698
0.31071667075157167,0.6892833232879638,8426
0.23309531509876252,0.7669046521186829,59851
0.5326812982559204,0.4673187077045441,46277
0.5373187482357025,0.4626812517642975,72938
0.2144640177488327,0.7855359673500061,64610
0.20927764773368834,0.7907223463058471,1031
0.1491681233048439,0.8508319020271301,34035
0.6974989652633667,0.3025010138750076,52368
0.2660530388355255,0.7339469790458679,6066
0.5814719438552857,0.41852806210517884,13794
0.5981746554374695,0.4018253207206726,43073
0.5800521492958068,0.41994779706001284,74157
0.4485965967178345,0.551403385400772,30778
0.6327199101448059,0.3672800898551941,46654
0.7804391384124756,0.21956084072589874,40151
0.578300940990448,0.4216990828514099,38990
0.23232169151306153,0.7676783204078674,8684
0.16446428149938583,0.835535728931427,34568
0.5209200561046601,0.47907994389534,74063
0.08283711224794388,0.9171628952026367,25241
0.40265892148017884,0.5973410844802857,36805
0.4117893218994141,0.5882106900215149,19977
0.34235537648200987,0.6576446175575257,4872
0.6917037487030029,0.3082962453365326,62775
0.5635365962982177,0.4364634394645691,12164
0.8032143473625183,0.19678564965724946,34164
0.8588702321052551,0.14112975299358368,25239
0.2488587886095047,0.7511412143707276,43566
0.8783419251441955,0.12165805399417877,30910
0.5167738437652588,0.48322615027427673,17715
0.4625109851360321,0.5374890327453613,7768
0.09417001903057098,0.9058300018310547,61760
0.7389428377151489,0.2610571593046188,61354
0.32415788173675536,0.6758421301841736,30511
0.1741507261991501,0.8258492827415467,65934
0.6239081501960755,0.37609186172485354,25360
0.1920291692018509,0.8079708099365235,26154
0.16800029277801515,0.8319997072219849,28610
0.48714407086372374,0.5128559112548828,3886
0.5831775784492492,0.41682242751121523,12798
0.9207683086395264,0.07923168987035752,38273
0.7074446320533753,0.2925553470849991,40493
0.7550662636756897,0.24493373036384583,26451
0.5903510212898254,0.4096489787101746,29572
0.34124075770378115,0.6587592363357544,12497
0.5671679973602295,0.4328320145606995,65677
0.3741405427455902,0.6258594751358032,26384
0.2328961670398712,0.7671038627624511,36962
0.1660849332809448,0.8339151024818421,12744
0.28655973076820374,0.7134402871131897,10075
0.7093809723854065,0.2906190425157547,73348
0.23903535306453705,0.7609646320343018,60892
0.0964146301150322,0.9035853624343873,73197
0.9022362351417541,0.09776380956172943,47914
0.7921489000320434,0.20785111486911773,65503
0.6440770745277404,0.355922931432724,57435
0.18296878933906555,0.8170312285423279,40056
0.45238766074180603,0.5476123213768005,62983
0.2802692770957947,0.7197307109832763,59039
0.5962342262268067,0.40376577377319334,62834
0.15671729743480683,0.8432827115058898,58429
0.37351765036582946,0.626482355594635,3512
0.5646751284599304,0.43532487750053406,28729
0.7291670203208923,0.2708329826593399,9695
0.4800769746303558,0.5199230015277863,23768
0.43909565210342405,0.5609043121337891,29575
0.7463767170906067,0.25362327694892883,58360
0.12998809218406676,0.8700118780136108,10578
0.6584008693695068,0.3415991187095642,60471
0.5499222695827484,0.4500777244567871,52835
0.45723925828933715,0.5427607655525207,62449
0.4906593203544617,0.5093406558036804,7580
0.6183571100234986,0.3816428899765015,13499
0.8111592054367065,0.18884080350399018,47721
0.717823612689972,0.28217636942863467,13561
0.7974275350570679,0.20257246792316436,36759
0.6407742619514465,0.3592257499694824,29548
0.6091399908065795,0.3908600270748138,38557
0.7489051103591919,0.25109484791755676,52893
0.6326696872711182,0.36733030080795287,40685
0.6822120785713196,0.3177879214286804,70353
0.23052038848400117,0.7694796085357666,55081
0.5886327385902405,0.411367267370224,55636
0.3760827124118805,0.6239172339439392,20728
0.7791553497314453,0.22084465622901917,25732
0.2914904892444611,0.7085095286369324,57054
0.13949872702360153,0.8605012536048889,58214
0.26068746447563174,0.7393125176429749,41803
0.7372789263725281,0.26272109150886536,45624
0.499033534526825,0.5009664416313171,59085
0.8728556632995605,0.12714433819055557,37073
0.15450558066368103,0.8454944252967834,336
0.6302462458610535,0.3697537362575531,28409
0.7534152269363403,0.24658477008342744,57341
0.5060105979442596,0.49398940801620483,41089
0.6941211581230163,0.3058788478374481,30641
0.04627512767910957,0.9537248730659484,56991
0.6602366805076599,0.3397632956504822,8495
0.7327200055122376,0.26727999150753023,59777
0.6491927385330201,0.35080727338790896,69838
0.34965487718582156,0.6503451108932495,48789
0.16426053941249846,0.8357394337654114,3845
0.26897482872009276,0.7310251951217651,8837
0.835711407661438,0.16428857147693635,14870
0.7973281502723694,0.20267187654972077,69893
0.8036463856697083,0.19635363221168517,48463
0.47805570960044863,0.5219443082809448,48499
0.6777915000915528,0.32220850586891175,6556
0.37393755912780763,0.6260624408721924,45124
0.7731951832771301,0.22680481374263764,70745
0.7086426019668579,0.2913573861122131,69178
0.883485758304596,0.11651423126459122,35870
0.1388638734817505,0.8611361265182496,60602
0.4981754899024963,0.5018245279788971,70071
0.7512178182601928,0.2487821877002716,322
0.2617954730987549,0.7382045269012452,5568
0.7304645895957946,0.2695353955030441,53790
0.8097874522209167,0.19021254479885102,21044
0.09266411811113358,0.9073358535766601,69030
0.1129017025232315,0.8870983004570008,14830
0.497868549823761,0.5021314442157745,58085
0.4423243165016174,0.5576756834983826,51263
0.6053393959999085,0.394660621881485,16031
0.5168300688266754,0.4831699192523956,40918
0.5645899176597595,0.435410076379776,33377
0.18063972592353822,0.8193602681159973,14226
0.7062047362327576,0.2937952756881714,37733
0.47193562388420107,0.5280643582344056,21806
0.2212497115135193,0.7787503004074097,8666
0.3062922477722168,0.6937077641487122,27206
0.44988115429878234,0.5501188337802887,28657
0.5959912300109863,0.4040087699890137,34885
0.8602064371109008,0.13979354053735732,39435
0.6056370615959168,0.3943629443645477,44711
0.4880836009979248,0.5119164049625397,67977
0.4454186618328094,0.5545813322067261,1986
0.6206411004066468,0.3793588995933533,17531
0.6032855391502381,0.39671446681022643,19152
0.8094673037528992,0.19053269028663636,6419
0.5354835152626037,0.46451646089553833,13535
0.637066125869751,0.362933874130249,23349
0.49688929319381714,0.5031107485294342,50426
0.5505548357963562,0.44944515228271487,27637
0.8394539833068848,0.16054602861404418,43988
0.7124433755874634,0.2875566124916077,46071
0.24488584101200103,0.7551141619682312,11623
0.7503435134887695,0.249656480550766,15135
0.5563036203384399,0.4436963737010956,19176
0.17484253644943237,0.8251574754714965,33708
0.594741952419281,0.4052580416202545,1419
0.33507267832756044,0.664927339553833,9282
0.6075423717498779,0.3924576461315155,34613
0.7516600847244262,0.24833992421627044,68591
0.17377305626869202,0.8262269616127014,32945
0.5300204277038574,0.46997957229614257,50405
0.35265993475914004,0.6473400473594666,43588
0.3202060222625732,0.6797939658164978,39665
0.14529575854539872,0.8547042369842529,7097
0.826290738582611,0.1737092465162277,36955
0.45516560673713685,0.5448343992233277,61373
0.15178023725748063,0.8482197642326355,42064
0.4185929775238037,0.5814070165157318,6913
0.279222571849823,0.720777404308319,29835
0.49994661211967467,0.5000533938407898,10277
0.6042883276939393,0.3957116365432739,63260
0.6502721786499024,0.3497278094291687,14495
0.6526327967643738,0.3473671853542328,44959
0.22164032757282257,0.7783596515655518,70261
0.6694844007492066,0.33051560521125795,31356
0.42942793369293214,0.5705720722675324,63644
0.7023619294166565,0.2976380825042725,11057
0.6593060731887818,0.34069395065307617,70497
0.6743517994880677,0.32564821243286135,4337
0.7743268847465515,0.2256731152534485,48891
0.5245157718658447,0.47548419833183286,17472
0.5568097472190857,0.4431902527809143,42765
0.7656551241874695,0.23434485793113707,55424
0.7081994891166687,0.2918005108833313,5228
0.19467614889144896,0.805323851108551,49353
0.25329701900482177,0.7467029929161072,32378
0.4572188913822174,0.5427810966968536,3649
0.718600332736969,0.28139966130256655,7655
0.866304361820221,0.13369563817977906,61907
0.38767595291137696,0.6123240232467652,34880
0.17520391047000886,0.8247960925102233,40366
0.15706371366977692,0.8429362893104553,26633
0.17741115838289262,0.8225888609886169,23352
0.3566809445619583,0.6433190822601318,71799
0.7832311987876892,0.21676881611347198,14862
0.21263639330863954,0.787363612651825,41343
0.6161457061767578,0.38385431170463563,15945
0.46634878516197203,0.5336512267589569,62169
0.8704331755638123,0.12956680059432985,66936
0.8626290678977966,0.13737090826034545,40367
0.07376492321491242,0.9262350797653198,28889
0.4183069407939911,0.5816930651664733,54289
0.45700719952583313,0.5429928183555603,4037
0.2945080667734146,0.7054919242858887,48146
0.6336276412010193,0.3663723647594452,41163
0.42361188530921934,0.576388132572174,37251
0.6617678284645081,0.33823217153549195,23614
0.8605347514152527,0.13946522772312164,1318
0.9189870715141296,0.08101292848587036,36223
0.7721916437149048,0.22780835628509521,34201
0.6038302302360534,0.39616976380348207,53042
0.526451689004898,0.4735483229160309,15938
0.30374009609222413,0.6962599158287048,67079
0.8450417160987854,0.15495829284191132,42831
0.2550044387578964,0.7449955463409423,25431
0.42901580333709716,0.5709842026233674,54352
0.8539696216583252,0.14603036046028137,19111
0.7164825439453125,0.2835174769163132,25341
0.15448279976844786,0.8455171942710876,9085
0.5998263716697693,0.4001736521720886,55347
0.09708373099565507,0.9029162764549256,36554
0.8732498049736023,0.12675020098686218,28233
0.3998883247375488,0.6001116871833801,65039
0.7787460207939148,0.22125398516654968,12433
0.7454932808876038,0.25450671911239625,38365
0.4555253028869629,0.544474720954895,65231
0.5619975209236145,0.43800246715545654,46424
0.3633350610733032,0.6366649389266967,30765
0.5618049442768097,0.4381950318813324,27417
0.35657876133918764,0.6434212327003479,9901
0.8697826147079468,0.13021737039089204,13819
0.80047208070755,0.19952791035175324,72343
0.09942562729120255,0.9005743741989136,29643
0.2797293961048126,0.7202705979347229,31647
0.7128484725952149,0.28715150952339175,44229
0.7857704401016236,0.21422958374023438,36712
0.5993217587471008,0.4006782293319702,13745
0.6998491525650025,0.3001508593559265,20658
0.6468662023544312,0.3531338095664978,31122
0.267716646194458,0.732283353805542,36197
0.18097376823425293,0.8190262317657471,31884
0.13802841752767564,0.8619715809822083,61431
0.6690771222114563,0.3309228837490082,23866
0.8910865068435669,0.10891350507736205,60116
0.5944117903709412,0.4055882155895233,69382
0.6368457078933716,0.36315425038337706,13898
0.6699633240699768,0.33003668785095214,8036
0.7547065258026123,0.24529350996017457,41256
0.7313320517539978,0.2686679482460022,17905
0.6199049830436707,0.3800950050354004,2892
0.5296832740306854,0.47031676173210146,70744
0.4870535910129547,0.5129464089870452,23776
0.8164346218109131,0.1835653752088547,32429
0.6868801832199096,0.3131198167800903,50037
0.5391989469528198,0.4608010590076447,29890
0.46829304099082947,0.5317069590091705,48425
0.7017758011817932,0.2982241779565811,59907
0.880529260635376,0.11947074383497239,35024
0.5349231719970703,0.4650768220424652,29597
0.3019567847251892,0.6980432391166687,35268
0.48051507472991944,0.519484943151474,37809
0.25530565679073336,0.7446943283081054,10478
0.41601744294166565,0.5839825510978699,3279
0.37138872146606444,0.6286112785339355,57256
0.13334566801786424,0.8666543364524841,52520
0.9389023184776306,0.06109768748283386,5881
0.6300975203514099,0.3699024856090546,72089
0.1445477545261383,0.8554522275924683,41512
0.4221635520458221,0.5778364419937134,4395
0.7941186666488648,0.2058813214302063,26347
0.915602171421051,0.08439783602952958,18387
0.6832951903343201,0.3167047917842865,53320
0.09326999634504318,0.9067300081253051,45536
0.24332540929317475,0.756674611568451,44006
0.5354857683181763,0.4645142436027527,67364
0.5039234161376953,0.4960766017436981,15005
0.41007102131843565,0.5899289965629577,49975
0.7202163696289062,0.2797835975885391,43150
0.7513285398483276,0.24867146611213684,4393
0.9277236700057984,0.07227634638547897,66552
0.7902347445487976,0.2097652792930603,48530
0.6294061779975891,0.3705938279628754,7628
0.7402118682861328,0.25978816449642184,38097
0.8610933542251586,0.13890666365623475,27972
0.9180717587471008,0.0819282203912735,42251
0.7788903594017029,0.22110964953899384,35587
0.5759454727172851,0.4240545332431793,62915
0.7515780806541443,0.24842195212841034,66902
0.4329931318759918,0.5670068681240081,23680
0.6330760955810547,0.36692389845848083,38028
0.10243309140205384,0.8975669145584106,17680
0.49372164607048036,0.5062783420085907,16522
0.5557283282279968,0.4442716896533966,56270
0.26368757486343386,0.7363124012947082,60430
0.8283684492111206,0.1716315597295761,24774
0.8102296710014343,0.18977031707763672,34241
0.6589588522911072,0.34104114174842837,21070
0.5723059296607971,0.4276940286159515,73160
0.685464334487915,0.3145356774330139,52850
0.8890913605690003,0.11090865731239319,42278
0.8501518487930297,0.14984814673662186,59709
0.10034990012645721,0.8996501088142395,57484
0.20526753962039948,0.7947324514389038,1942
0.5504419922828674,0.4495580196380615,29164
0.4554519534111023,0.5445480525493622,57080
0.8064561367034913,0.19354388117790222,42923
0.4799615919589996,0.5200384259223938,35636
0.6176019787788392,0.3823980510234833,28658
0.2199159562587738,0.7800840377807617,53037
0.4674163401126862,0.5325836896896362,58876
0.8959312796592712,0.10406870245933533,72780
0.5038716197013855,0.49612839221954347,24782
0.5066364705562592,0.49336354732513427,43713
0.7745795130729676,0.22542048394680023,20145
0.864263904094696,0.1357361137866974,58206
0.6412205696105957,0.35877941846847533,58328
0.1743805229663849,0.8256194710731506,57233
0.650655460357666,0.349344539642334,67575
0.6243127107620239,0.3756872832775116,37002
0.6937045931816102,0.3062954068183899,9952
0.22396220862865449,0.7760378122329712,18371
0.5368349492549896,0.46316505074501035,73773
0.7381435036659241,0.2618564963340759,19926
0.32253222465515136,0.6774677634239197,2248
0.3607810020446777,0.6392189741134644,6634
0.5702889561653137,0.42971105575561525,44796
0.4048503637313843,0.5951496481895446,2377
0.7575247883796692,0.24247519969940184,36329
0.3661644995212555,0.6338354825973511,23128
0.5002662301063537,0.49973374605178833,13656
0.399259352684021,0.600740623474121,46683
0.5743582904338836,0.42564172148704527,48915
0.8511947274208069,0.14880528450012206,10630
0.33660706877708435,0.6633929252624512,74048
0.538328230381012,0.46167179346084597,49453
0.5303208112716675,0.4696791708469391,38444
0.6845736742019654,0.3154263436794281,17248
0.278960582613945,0.7210394263267517,68307
0.3045742392539978,0.6954257726669312,6082
0.7072725892066956,0.29272742867469786,45376
0.16384432315826417,0.8361557006835938,65609
0.8044631838798523,0.1955368161201477,72025
0.38498146533966066,0.6150185465812683,65941
0.21830568611621856,0.7816943168640137,2232
0.6674868822097778,0.3325130879878998,6840
0.5831850051879883,0.41681495904922483,41141
0.3435231626033783,0.6564768552780151,59869
0.5909661054611206,0.4090339124202728,46133
0.7574268341064453,0.24257318079471588,47172
0.5379127204418183,0.4620873034000397,25418
0.3967909157276154,0.6032090783119202,60219
0.5765320181846618,0.4234679937362671,1271
0.5145569622516633,0.4854430079460144,55559
0.7261041164398193,0.2738958984613419,34432
0.8206158518791199,0.17938416302204133,4673
0.7196076393127442,0.2803923666477203,44446
0.7033501863479614,0.2966498494148254,36679
0.4461826741695404,0.5538173735141754,16400
0.31125425100326537,0.6887457847595215,27002
0.5003654479980468,0.4996345520019531,8454
0.5208695352077484,0.4791304647922516,38818
0.3150531411170959,0.684946870803833,31893
0.27896125614643097,0.7210387468338013,56028
0.4754375457763672,0.5245624423027039,59375
0.5427969098091125,0.45720309019088745,69119
0.6046594142913818,0.39534056186676025,20328
0.5946361184120178,0.4053638815879822,32042
0.40601280331611633,0.593987238407135,9846
0.462659752368927,0.5373402595520019,44009
0.3891290664672852,0.6108709454536438,29079
0.16667919158935546,0.8333208322525024,66756
0.59969402551651,0.4003059804439545,7639
0.43579291105270385,0.5642070829868316,4375
0.6898510456085205,0.31014893651008607,40415
0.5687752783298492,0.43122469186782836,52760
0.47426775097846985,0.5257322132587433,66300
0.8687718629837036,0.13122813999652863,53898
0.070897077023983,0.9291029095649719,55028
0.2266693741083145,0.7733306169509888,68085
0.8055011391639709,0.19449885189533234,20161
0.8620265245437622,0.13797346949577333,52960
0.4947046756744385,0.5052953124046325,41209
0.6365877389907837,0.36341225504875185,56498
0.3112166166305542,0.6887833714485169,60372
0.6712239027023316,0.3287761390209198,42718
0.6345046520233154,0.3654953598976135,30251
0.08134415000677109,0.9186558246612548,9987
0.6415853023529052,0.35841466784477233,64728
0.4230700969696045,0.5769299268722534,72018
0.18895944505929946,0.8110405683517456,49895
0.8064216375350952,0.1935783416032791,66834
0.31203911304473875,0.6879608869552613,16056
0.43615036010742186,0.5638496160507203,3736
0.31063196063041687,0.6893680334091187,7608
0.8016290068626404,0.1983709752559662,1487
0.6340198636054992,0.3659801363945007,62571
0.3763230502605438,0.6236769437789917,71574
0.2621079295873642,0.7378920674324035,61106
0.12566042095422744,0.8743395805358887,9686
0.8380455136299133,0.16195446848869324,53842
0.10234072804450989,0.8976592898368836,4878
0.6365870356559753,0.3634129464626312,58963
0.9310182452201843,0.06898177713155747,53294
0.6682130217552185,0.3317869663238525,63654
0.5420454740524292,0.45795451998710635,354
0.28627368807792664,0.7137263059616089,8035
0.6276594519615173,0.3723405361175537,71331
0.7380913496017456,0.26190864443778994,54441
0.22540140748023987,0.7745985865592957,58213
0.5255607962608337,0.4744392156600952,15058
0.7927249193191528,0.20727504789829254,72701
0.5883299708366394,0.411670047044754,58569
0.6778937101364135,0.3221062958240509,72184
0.4550117373466492,0.5449882686138153,24471
0.8214093089103699,0.17859069705009462,70520
0.7787710070610047,0.22122900784015656,48833
0.4980847716331482,0.5019152104854584,43001
0.2617509335279465,0.7382490754127502,57495
0.5415517389774323,0.4584483027458191,63477
0.6139667868614197,0.3860332131385803,58587
0.398676198720932,0.6013238191604614,71766
0.7213498592376709,0.27865014374256136,31792
0.7452760696411133,0.25472394526004793,66074
0.7932124376296997,0.20678754448890685,52714
0.39123901128768923,0.6087610006332398,15421
0.587215530872345,0.4127844572067261,67921
0.5505033731460571,0.44949662685394287,45337
0.7840933680534363,0.21590665876865386,73005
0.845249617099762,0.15475039184093475,14625
0.2546070545911789,0.7453929424285889,40689
0.2179091364145279,0.7820908546447753,50927
0.7661995530128479,0.233800408244133,70818
0.37337605357170106,0.6266239285469055,63615
0.6802129626274109,0.3197870373725891,47332
0.7887906193733215,0.2112093985080719,1401
0.44748382568359374,0.5525161623954773,29129
0.39789292216300964,0.6021070718765259,59943
0.4496851861476898,0.5503148436546326,13880
0.7004439473152161,0.2995560646057129,17042
0.4013941287994385,0.5986058592796326,5094
0.49522660970687865,0.5047734260559082,38002
0.25184657871723176,0.7481534242630005,33500
0.4597533464431763,0.5402466535568238,12563
0.22357428073883057,0.7764256954193115,33907
0.5197869002819061,0.48021308779716493,24262
0.42771376967430114,0.5722862243652344,20630
0.28082654178142546,0.7191734671592712,68440
0.2536745309829712,0.7463254690170288,31543
0.8196987032890319,0.18030131459236146,52061
0.16963528394699096,0.830364716053009,28170
0.4595625936985016,0.5404374003410339,37240
0.3012077271938324,0.6987922668457032,63629
0.26326771080493927,0.7367323040962219,55288
0.8742128133773803,0.12578718066215516,59014
0.6352246403694153,0.36477537751197814,6436
0.4056514918804169,0.5943485260009765,67098
0.5614456415176392,0.4385543644428253,69643
0.9358315348625184,0.06416843384504319,13955
0.17675126791000367,0.8232487559318542,32724
0.5768116235733032,0.4231883943080902,17903
0.5744313836097718,0.4255685925483704,39137
0.7194761872291565,0.28052383065223696,26669
0.5032523393630981,0.4967476546764374,72230
0.3100212424993515,0.6899787545204162,7672
0.6118684649467468,0.3881315290927887,7674
0.8885539889335632,0.11144602149724961,57600
0.5161685645580292,0.48383142352104186,55733
0.35850425958633425,0.6414957404136657,45974
0.8315054655075074,0.1684945583343506,64872
0.5828421950340271,0.417157781124115,50903
0.32347235083580017,0.6765276551246643,60734
0.6347966194152832,0.36520336866378783,60627
0.8565638780593872,0.14343612492084504,40093
0.29288609623908995,0.7071138978004455,46389
0.31477602422237394,0.6852239847183228,60162
0.4785583555698395,0.5214416682720184,1976
0.6502039551734924,0.3497960388660431,36970
0.7432147979736328,0.2567851781845093,69271
0.4873689472675323,0.5126310288906097,51980
0.5174527645111084,0.4825472295284271,30560
0.489104813337326,0.5108951807022095,55370
0.547329044342041,0.452670955657959,66684
0.811375641822815,0.18862434923648835,50456
0.09463737308979034,0.9053626179695129,60779
0.3126883149147034,0.6873116612434387,31399
0.7017056703567505,0.29829431176185606,26846
0.5176206290721893,0.4823793649673462,14511
0.8021980881690979,0.19780189990997316,71258
0.6310686826705932,0.3689312994480133,17293
0.4104514062404633,0.5895486235618591,72544
0.8176860451698303,0.18231392800807952,54130
0.8472397208213807,0.15276029109954833,32435
0.7540825486183167,0.24591745138168336,30823
0.558742880821228,0.44125714898109436,14175
0.17488254904747008,0.8251174569129944,13543
0.7171798586845398,0.282820126414299,45120
0.326223623752594,0.6737763524055481,9119
0.3277650952339172,0.6722349166870117,38959
0.9204954862594604,0.07950451821088791,32554
0.64817715883255,0.35182284116744994,65816
0.896465539932251,0.10353447049856186,69319
0.4075247526168823,0.5924752473831176,57307
0.28784901201725005,0.7121509671211242,24097
0.5320503354072571,0.46794965863227844,23681
0.14748553037643433,0.8525144577026367,28666
0.5896082997322083,0.4103916883468628,20869
0.09954458475112915,0.9004554152488708,8012
0.5614491105079651,0.43855084776878356,30377
0.697766923904419,0.3022330641746521,2433
0.1192703440785408,0.8807296752929688,12137
0.3941113829612732,0.6058886110782623,3273
0.7078826069831848,0.29211738109588625,42729
0.2224819242954254,0.7775180459022522,64636
0.7343556165695191,0.26564439833164216,43641
0.21008215546607972,0.7899178624153137,1155
0.4528632700443268,0.5471367061138153,12801
0.7864036440849305,0.2135963559150696,45817
0.2548011213541031,0.7451988935470581,44206
0.25031970739364623,0.7496802806854248,48228
0.7166295289993286,0.2833704799413681,39068
0.09091155230998993,0.9090884327888489,40827
0.38044137358665464,0.6195586442947387,18586
0.22596488893032074,0.774035108089447,13912
0.6608656167984008,0.3391343653202057,61301
0.6686911225318909,0.33130890130996704,59274
0.3850429058074951,0.6149571061134338,48904
0.4696586012840271,0.530341386795044,16235
0.354057514667511,0.645942485332489,8884
0.15770631432533264,0.8422937154769897,60935
0.6458515405654908,0.35414847135543825,2579
0.4071056187152863,0.5928943753242493,23673
0.499308580160141,0.5006914138793945,63662
0.9449500799179077,0.05504989251494408,53680
0.12377996593713761,0.8762200355529786,22193
0.7044802069664001,0.2955197930335999,70224
0.17059483230113984,0.8294051766395569,28749
0.8017842173576355,0.19821580052375792,53903
0.1566498264670372,0.8433501720428467,67985
0.43539526462554934,0.5646047472953797,47748
0.7488431692123413,0.2511568307876587,27987
0.941622793674469,0.05837717279791832,5967
0.5821195363998413,0.4178804814815521,70809
0.277315092086792,0.722684907913208,43937
0.4629662215709686,0.5370337903499603,9451
0.31571953892707827,0.6842804551124573,39687
0.5917809128761291,0.4082190752029419,13727
0.28441532850265505,0.7155847072601318,32473
0.4247248113155365,0.575275182723999,63390
0.18661220669746398,0.8133877992630005,4066
0.3643428862094879,0.6356571078300476,30623
0.5856873869895936,0.41431260108947754,60752
0.5705484032630921,0.42945160865783694,42362
0.5942498445510864,0.4057501554489136,5740
0.7390207767486572,0.2609792411327362,11924
0.565143245458603,0.43485674262046814,20199
0.22372696697711944,0.7762730121612549,25386
0.5632360339164734,0.4367639720439911,11862
0.5828358888626098,0.4171641170978546,47179
0.5188233613967895,0.48117663860321047,30596
0.8356937050819397,0.16430630385875702,28415
0.07484801560640335,0.9251519680023194,5820
0.8441657543182373,0.15583421885967255,6499
0.10060493499040604,0.8993950724601746,67370
0.7542371273040771,0.24576286673545839,33567
0.5704452991485596,0.429554694890976,4140
0.7227947354316712,0.27720527052879335,32766
0.3071265906095505,0.6928734064102173,56477
0.6735068082809448,0.32649317383766174,65001
0.5607019782066345,0.43929803371429443,39054
0.7413786768913269,0.25862129032611847,49025
0.40614637136459353,0.5938536345958709,32708
0.6505704402923584,0.34942954778671265,9761
0.09609032720327378,0.9039096832275391,24529
0.5082479894161225,0.4917520463466644,32919
0.9319463014602661,0.06805367916822433,21697
0.842078685760498,0.15792133808135986,9208
0.21336427927017212,0.7866357326507568,19355
0.6601609587669373,0.3398390471935272,49135
0.454666405916214,0.5453336000442505,54570
0.4570149898529053,0.5429849624633789,16294
0.8502842068672181,0.14971578121185303,14113
0.4809589684009552,0.5190410196781159,65524
0.5118054032325745,0.4881945788860321,64021
0.6154038190841675,0.384596174955368,37074
0.18331189155578614,0.8166881084442139,46281
0.21708102226257325,0.7829189777374268,15231
0.6443370223045349,0.35566296577453616,58001
0.25894944071769715,0.7410505890846253,69017
0.6454287528991699,0.35457123517990113,17263
0.7054183959960938,0.2945816069841385,12352
0.7341889023780823,0.2658111035823822,28424
0.9104791283607483,0.08952089697122574,27396
0.40180147290229795,0.5981985330581665,58679
0.8746205568313599,0.1253794327378273,9196
0.9117212295532227,0.08827875554561615,22315
0.43044894337654116,0.5695510745048523,451
0.19455376267433167,0.8054462671279907,68169
0.8278504490852356,0.17214955091476442,27523
0.44079098105430603,0.559209018945694,25143
0.632951021194458,0.3670489966869354,8335
0.6707929015159607,0.3292070865631104,72469
0.7430825352668762,0.2569174826145172,44382
0.552952241897583,0.44704777002334595,54055
0.3277642995119095,0.6722357153892518,70087
0.2700355052947998,0.7299645066261291,72946
0.8043305397033691,0.1956694483757019,42068
0.5838671565055847,0.4161328196525574,63373
0.8064740777015686,0.19352593421936035,23114
0.09322252869606018,0.9067774653434754,20628
0.6636638283729553,0.3363362193107605,31907
0.6394923567771912,0.3605076611042023,8683
0.7438136577606201,0.25618632435798644,39677
0.7415289521217346,0.25847104787826536,15518
0.1565912574529648,0.843408751487732,17974
0.4306104838848114,0.5693894922733307,53397
0.7904050827026368,0.20959489643573762,25485
0.7814582467079163,0.21854175627231598,50202
0.7698223471641541,0.2301776647567749,28367
0.8347732186317444,0.16522677540779113,66193
0.8041362404823303,0.19586375653743743,18553
0.7694787502288818,0.2305212587118149,28336
0.40122929215431213,0.5987707257270813,25503
0.4447908103466034,0.5552091836929322,1865
0.3599150061607361,0.6400850176811218,38176
0.49702255725860595,0.5029774308204651,8237
0.44342520236968996,0.5565748095512391,32833
0.7425865173339844,0.2574134588241577,50166
0.61639404296875,0.38360596895217897,24146
0.3264721602201462,0.6735278487205505,16571
0.7220040082931518,0.2779960066080093,42089
0.43529210090637205,0.564707899093628,8588
0.33999990820884707,0.6600000858306885,6965
0.6574388980865479,0.34256107807159425,54791
0.46107503175735476,0.5389249682426452,2684
0.8828173995018005,0.1171826109290123,41918
0.7322668194770813,0.26773319840431214,4640
0.7400968551635743,0.2599031537771225,37789
0.5191021859645844,0.4808978259563446,38762
0.8567076444625854,0.14329236447811128,50760
0.7628479599952698,0.23715204000473022,15718
0.5335901618003845,0.46640983819961546,72420
0.5359962582588196,0.4640037417411804,33517
0.5621038317680359,0.437896192073822,18003
0.4993405282497406,0.5006594777107238,45667
0.6486090421676636,0.3513909339904785,40905
0.5730730772018433,0.42692692279815675,58090
0.2410833418369293,0.758916687965393,40045
0.6165107727050781,0.38348922729492185,26517
0.7254673600196838,0.27453266084194183,37918
0.5766371846199035,0.42336282730102537,68489
0.5536447167396545,0.4463552713394165,54125
0.6496975898742676,0.3503024220466614,28994
0.6464823365211487,0.3535176694393158,3716
0.5307749390602112,0.46922504901885986,26986
0.4091253697872162,0.5908746242523193,32249
0.5538397908210755,0.44616019129753115,14876
0.7820440292358398,0.21795597076416015,35916
0.7929764032363892,0.20702358782291413,70632
0.16837499141693116,0.8316250085830689,21930
0.21795653700828552,0.7820434689521789,29103
0.24365265369415284,0.7563473463058472,66754
0.4548319637775421,0.5451680123806,57083
0.7795405268669129,0.22045948207378388,30447
0.49618315100669863,0.5038168370723725,27353
0.42670785188674926,0.5732921481132507,27853
0.8001770615577698,0.19982292056083678,67534
0.4381673216819763,0.5618326902389527,43614
0.3266771912574768,0.6733228206634522,41964
0.4230360805988312,0.5769639253616333,6457
0.8574512958526611,0.14254872053861617,58797
0.48256826400756836,0.5174317419528961,25293
0.29040561616420746,0.7095943927764893,41051
0.5250421106815338,0.47495790123939513,56343
0.5113125145435333,0.48868749737739564,68210
0.34806926250457765,0.6519307494163513,68920
0.417521607875824,0.5824784100055694,9929
0.8143876314163208,0.18561238050460815,45363
0.5072515785694123,0.49274841547012327,72614
0.09593779593706131,0.9040621995925904,37185
0.7657694935798645,0.23423052132129668,3661
0.11485044658184052,0.8851495504379272,74450
0.14356212615966796,0.8564378976821899,7302
0.5909792184829712,0.40902078747749326,58264
0.3298207581043243,0.6701792478561401,47399
0.9064465165138245,0.0935534805059433,37111
0.0907190904021263,0.9092809319496155,70966
0.5775571465492249,0.4224428594112396,3078
0.8850894927978515,0.11491053700447082,28106
0.4389589250087738,0.5610410988330841,48613
0.502765417098999,0.49723458886146543,61724
0.6481809854507447,0.3518190085887909,68346
0.5845617532730103,0.41543824076652525,60630
0.365595805644989,0.6344042181968689,52431
0.31877419352531433,0.6812258362770081,28241
0.478933709859848,0.5210663139820099,29893
0.31568695306777955,0.6843130588531494,21045
0.5086672067642212,0.4913327991962433,8787
0.35099582076072694,0.6490042090415955,10239
0.9009541749954224,0.0990458071231842,51425
0.4702974796295166,0.5297025263309478,16420
0.4190848708152771,0.580915105342865,8614
0.5880059003829956,0.41199408769607543,69470
0.1563708633184433,0.8436291098594666,7556
0.510401314496994,0.489598685503006,26336
0.8442578434944152,0.1557421863079071,73275
0.4896917402744293,0.5103082597255707,33191
0.6470580577850342,0.3529419630765915,26834
0.42650561928749087,0.5734943866729736,46744
0.2810721039772034,0.7189278841018677,56068
0.3054422795772552,0.6945577263832092,36262
0.729778790473938,0.2702212005853653,60652
0.6043700218200684,0.39562995433807374,34096
0.3535216271877289,0.6464783906936645,68599
0.33651999235153196,0.663480019569397,32527
0.4690015912055969,0.5309983968734742,60792
0.7654856443405151,0.23451433777809144,27681
0.48202975988388064,0.5179702341556549,22402
0.5068815052509308,0.49311851263046264,56946
0.2011691689491272,0.7988308429718017,48173
0.7437177062034607,0.25628232061862943,11349
0.8345416069030762,0.16545841693878174,7749
0.6314919233322144,0.3685080766677856,35189
0.7222022891044617,0.2777977228164673,64466
0.15647490620613097,0.8435250878334045,52125
0.31899999976158144,0.6809999942779541,51464
0.21084468066692352,0.7891553401947021,64651
0.6756043910980225,0.32439560890197755,18597
0.25597199201583865,0.7440280437469482,23821
0.8674571990966797,0.13254280686378478,72429
0.6756201982498169,0.32437983751296995,38461
0.21058417558670045,0.7894158244132996,50379
0.4409497380256653,0.5590502679347992,59243
0.5527264058589936,0.4472736120223999,73262
0.1440149575471878,0.8559850454330444,33545
0.5969480872154236,0.40305193662643435,7321
0.7222403645515442,0.27775966823101045,5670
0.5324796497821808,0.4675203800201416,31371
0.10121432840824127,0.898785674571991,13371
0.15122514814138413,0.8487748622894287,8954
0.3162042677402496,0.6837957501411438,23499
0.23261774182319642,0.7673822641372681,34705
0.34965606927871706,0.650343918800354,3121
0.5433234989643096,0.4566765308380127,23240
0.3271683990955353,0.6728316187858582,28096
0.1421935573220253,0.8578064441680908,51647
0.10830128192901611,0.891698694229126,20526
0.32979423403739927,0.6702057719230652,11539
0.17464579939842223,0.8253542304039001,51403
0.6527551531791687,0.3472448766231537,20951
0.37500251531600953,0.6249974608421326,56939
0.42947469353675843,0.570525324344635,24482
0.6005573153495789,0.3994427025318146,33076
0.7167926907539368,0.28320730924606324,29276
0.20833312273025512,0.7916668772697448,63360
0.21665484607219695,0.7833451390266418,67849
0.931819486618042,0.0681805171072483,29995
0.5543446660041809,0.4456553339958191,43915
0.42533168792724607,0.5746682941913605,6574
0.1749663919210434,0.8250336289405823,16172
0.4331797420978546,0.566820251941681,9759
0.6870679497718811,0.31293203234672545,2792
0.6809023380279541,0.3190976560115814,8310
0.3963347375392914,0.6036653041839599,29167
0.7800118684768677,0.2199881374835968,5
0.5356405854225159,0.4643593907356262,7859
0.3317826449871063,0.6682173728942871,42374
0.5100029170513153,0.48999708890914917,73360
0.4973209619522095,0.5026790261268616,57842
0.6637827754020691,0.33621721863746645,39373
0.1732326030731201,0.8267673850059509,47301
0.334525591135025,0.6654744148254395,36733
0.24650316536426545,0.7534968256950378,53304
0.9116714835166931,0.08832852244377136,38772
0.7660404920578003,0.23395949304103852,55852
0.7439026713371277,0.2560973107814789,67401
0.14981407523155213,0.8501859068870544,26203
0.3951599657535553,0.6048400402069092,22305
0.8980381846427917,0.10196183323860168,54138
0.11277495175600052,0.8872250556945801,69018
0.2921190977096558,0.7078809022903443,16797
0.8940315127372742,0.10596850961446762,52487
0.8854748964309692,0.11452513188123703,45101
0.6040133893489837,0.39598662257194517,20777
0.4511073112487793,0.5488926649093628,18818
0.4273350477218628,0.5726649284362793,29271
0.8674268603324891,0.13257312625646592,10613
0.48759709000587464,0.5124029278755188,47793
0.8192844271659852,0.18071558475494384,26398
0.6222637057304382,0.3777363121509552,71992
0.18557275235652923,0.8144272565841675,57566
0.6811487078666687,0.3188512742519379,66846
0.9089152812957764,0.09108470976352692,45971
0.8444851875305176,0.15551481544971466,41823
0.7347306609153748,0.26526935696601867,45732
0.9153201341629028,0.08467988967895508,24386
0.5187432646751404,0.4812567293643951,4035
0.5372275829315185,0.4627723813056946,10918
0.5328592598438263,0.46714075803756716,70582
0.34423820972442626,0.6557617783546448,10948
0.33851972222328186,0.6614802956581116,11780
0.6180226445198059,0.38197736740112304,40237
0.06512878239154815,0.934871232509613,13142
0.6661133170127869,0.33388670086860656,47769
0.20059160888195038,0.7994083762168884,45087
0.5789263427257538,0.4210736513137817,22052
0.6429123997688293,0.35708763003349303,68938
0.6728471755981446,0.32715282440185545,43594
0.5004393577575683,0.4995606243610382,68891
0.541311651468277,0.4586883544921875,7791
0.5780697345733643,0.42193026542663575,63157
0.553476870059967,0.44652310013771057,25146
0.5814199447631836,0.41858007311820983,62907
0.5978282809257507,0.40217172503471377,71819
0.16422082483768463,0.8357791662216186,61169
0.5606077194213868,0.43939228653907775,33061
0.2818720132112503,0.718127965927124,57104
0.3682712435722351,0.6317287683486938,43513
0.48904613852500917,0.5109538793563843,32418
0.9282095551490783,0.07179046869277954,35974
0.3712121248245239,0.6287879109382629,48104
0.4467177987098694,0.5532822370529175,17993
0.14299779236316681,0.8570021867752076,70914
0.6240936040878295,0.3759064137935638,20583
0.26926458179950713,0.7307354092597962,11547
0.7126946091651917,0.2873054265975952,57727
0.09642750024795532,0.9035725116729736,7603
0.4058517336845398,0.5941482782363892,14141
0.5142481088638305,0.48575188517570494,69551
0.1187363550066948,0.8812636375427246,51478
0.7354413866996765,0.26455859541893006,27068
0.650729525089264,0.34927046298980713,69101
0.5087187707424163,0.4912812113761902,19453
0.23708896338939667,0.762911033630371,37802
0.9391400694847107,0.060859888792037964,11690
0.6024447679519653,0.3975552201271057,37184
0.5861041784286499,0.41389578580856323,35716
0.3606866955757141,0.6393132925033569,14378
0.8649244427680969,0.13507554531097413,63267
0.7482181191444397,0.25178191661834715,62020
0.08185547739267349,0.9181445360183715,61614
0.911191189289093,0.08880881518125534,26741
0.8358769178390503,0.1641230672597885,60760
0.777751088142395,0.22224891781806946,61877
0.5281761050224304,0.47182390093803406,21871
0.24093832373619078,0.7590617060661315,20788
0.3545609891414642,0.6454390168190003,42365
0.7956592321395874,0.20434077680110932,19161
0.7941645503044128,0.2058354526758194,28764
0.7539656162261963,0.24603438675403594,56938
0.47693180441856386,0.5230682015419006,16270
0.7372292518615723,0.2627707451581955,27948
0.31142873167991636,0.6885712623596192,34793
0.41831167340278624,0.5816883325576783,17783
0.2134723871946335,0.7865275859832763,29904
0.7377711176872254,0.26222886741161344,60900
0.280263277888298,0.7197367191314697,19242
0.8577715158462524,0.14222849905490875,8902
0.7372228622436523,0.262777116894722,2837
0.13130205422639846,0.8686979413032532,17479
0.8731860995292664,0.12681391537189485,69048
0.7744601488113403,0.22553985714912414,32065
0.6559900164604187,0.3440100014209747,44539
0.13398220837116243,0.8660178184509277,70040
0.4087569534778595,0.591243052482605,43520
0.5673650622367858,0.4326349377632141,33808
0.7168140172958374,0.2831859469413757,9209
0.7341494679450988,0.26585052013397215,1289
0.6949724793434143,0.30502750873565676,9955
0.7022147059440613,0.2977852880954742,34258
0.7684313416481018,0.2315686523914337,30316
0.6058627843856812,0.3941372215747833,55846
0.6153003931045532,0.3846996009349823,35122
0.3660391390323639,0.6339608907699585,14088
0.7851064085960389,0.2148936063051224,12274
0.42381157279014586,0.5761884450912476,35544
0.8083039164543152,0.19169608056545256,50508
0.09544833451509475,0.9045516610145569,7025
0.6982243657112122,0.3017756402492523,72035
0.5787450909614563,0.42125492691993716,48951
0.40082964301109314,0.5991703510284424,53904
0.5365164160728455,0.463483589887619,66917
0.3024716228246689,0.697528338432312,11083
0.6019403100013733,0.39805968999862673,59483
0.1417347103357315,0.8582652568817138,58476
0.38383321166038514,0.6161667704582214,15436
0.8217483520507812,0.1782516896724701,31731
0.7943532347679139,0.2056467801332474,42243
0.627649450302124,0.3723505258560181,45881
0.6900004386901856,0.30999954640865324,34533
0.4770286440849304,0.5229713559150696,69079
0.32879320383071897,0.671206796169281,54553
0.5152266979217529,0.4847733199596405,66958
0.39190405011177065,0.6080959439277649,3419
0.49059072732925413,0.5094092786312103,24987
0.5228625416755677,0.4771374762058258,24025
0.2874739468097687,0.7125260472297669,24177
0.8522390723228455,0.1477609321475029,54965
0.22795668244361877,0.7720433235168457,13251
0.08697454035282134,0.9130254745483398,2194
0.2603121429681778,0.7396878480911255,30282
0.41462157368659974,0.5853784441947937,46802
0.1459121361374855,0.8540878653526306,63277
0.6857521057128906,0.3142478883266449,66081
0.4392112553119659,0.5607887148857117,10343
0.508881688117981,0.491118323802948,65746
0.5740866661071777,0.42591331601142884,59756
0.8542407512664795,0.1457592651247978,31719
0.22650716602802276,0.7734928488731384,21648
0.6971630454063416,0.30283697247505187,15292
0.5515492737293244,0.4484507143497467,9056
0.6270986914634704,0.37290131449699404,11467
0.26168272495269773,0.7383172512054443,15695
0.1794990986585617,0.8205008864402771,56771
0.6413923621177673,0.3586076259613037,68060
0.6292836427688598,0.3707163751125336,41885
0.8455308318138123,0.15446917116641998,32952
0.15629883706569672,0.8437011480331421,1585
0.056651099026203154,0.9433489084243775,37174
0.160369810461998,0.8396302103996277,31838
0.47023279666900636,0.5297672033309937,35581
0.15523466765880584,0.8447653532028199,1484
0.0706537276506424,0.9293462753295898,58362
0.5259534060955048,0.4740466058254242,5976
0.6982080221176148,0.30179200172424314,56513
0.5990387678146363,0.4009612321853638,62090
0.4992882490158081,0.5007117092609406,31149
0.7623666405677796,0.2376333624124527,20693
0.43229675889015196,0.567703241109848,8601
0.5379437148571015,0.46205629110336305,61723
0.18970125615596772,0.810298752784729,70657
0.8179108142852783,0.18208918273448943,44848
0.45018842816352844,0.5498115956783295,65613
0.20862684845924379,0.7913731575012207,59807
0.54781574010849,0.4521842420101166,30665
0.4717218816280365,0.5282781183719635,54920
0.8657324552536011,0.134267558157444,48113
0.3034632384777069,0.6965367555618286,3602
0.6949270486831665,0.3050729751586914,28911
0.45789010524749757,0.542109876871109,70154
0.3784901976585388,0.621509850025177,61989
0.6624885678291321,0.33751143217086793,61880
0.17617911100387573,0.8238208770751954,22664
0.550806975364685,0.44919305443763735,64121
0.4115141868591309,0.5884858131408691,54210
0.2718895673751831,0.728110408782959,16444
0.5116973161697388,0.4883026957511902,23944
0.6437851309776306,0.3562148690223694,52051
0.8699926733970642,0.13000733256340027,44582
0.5408647298812866,0.45913527607917787,31305
0.5333837747573853,0.46661621928215025,16324
0.6086953759193421,0.39130463600158694,39796
0.6378787279129028,0.3621212661266327,74268
0.8036350250244141,0.19636500477790833,36118
0.2127280503511429,0.7872719526290893,26847
0.48854037523269656,0.5114596307277679,71062
0.561256867647171,0.4387431204319,12419
0.607383644580841,0.39261634945869445,1524
0.7828967452049256,0.21710326373577118,54915
0.6159279704093933,0.3840720057487488,14635
0.2914134323596954,0.708586585521698,60533
0.7564789414405823,0.24352105259895324,6743
0.2962880373001099,0.7037119746208191,12358
0.4529584884643555,0.5470415234565735,58376
0.5148433387279511,0.4851566791534424,17699
0.37430402636528015,0.6256959557533264,52172
0.5447551965713501,0.4552447974681854,20173
0.5618725836277008,0.438127464056015,9622
0.31219868659973143,0.6878013134002685,3345
0.44290647506713865,0.5570935189723969,13362
0.6437601685523987,0.3562398135662079,14042
0.40879355669021605,0.5912064492702485,2681
0.3822925269603729,0.6177074790000916,64823
0.7715036392211914,0.22849634289741516,15714
0.09859068393707275,0.9014093160629273,6269
0.7876336336135864,0.21236636042594909,67972
0.7622955918312073,0.23770441114902496,58191
0.7324675440788269,0.2675324589014053,60310
0.2790712475776672,0.7209287405014038,57019
0.5708986520767212,0.42910133600234984,19294
0.7668912410736084,0.2331087738275528,57606
0.7782776117324829,0.22172240614891053,74471
0.8007148504257202,0.1992851108312607,28084
0.8912463903427124,0.10875360518693925,4022
0.8748052597045899,0.1251947358250618,58143
0.5272644758224487,0.47273550033569334,39013
0.5885287284851074,0.4114712536334991,6632
0.819473946094513,0.18052604049444199,65183
0.2729752480983734,0.7270247578620911,65284
0.1928134709596634,0.8071865320205689,4209
0.606064522266388,0.3939354658126831,40389
0.09300376176834106,0.9069962501525879,1175
0.08041109889745712,0.9195888757705688,4901
0.41506412625312805,0.5849358916282654,31186
0.6915928602218628,0.30840715765953064,1174
0.5073569715023041,0.49264301657676696,23317
0.3053595006465912,0.6946405053138733,8364
0.12164472043514252,0.8783552765846252,28219
0.5121426939964294,0.4878573060035706,70898
0.6818294048309326,0.31817060708999634,63946
0.6923158049583436,0.30768418312072754,73442
0.8049207925796509,0.19507919549942015,68940
0.3338646709918976,0.666135311126709,73117
0.8428674340248108,0.1571325585246086,67726
0.30346959233284,0.6965303897857666,6526
0.8028233528137207,0.1971766471862793,37025
0.4710110366344452,0.5289889574050903,17965
0.432648116350174,0.5673518896102905,25594
0.26682730615139005,0.7331726789474488,50084
0.5958379030227661,0.4041620850563049,49782
0.635871160030365,0.3641288340091705,58355
0.15900231897830963,0.8409976959228516,72621
0.6012383937835694,0.39876159429550173,20852
0.5034187197685241,0.4965812861919403,65137
0.40044211149215697,0.5995578944683075,29839
0.29833877384662627,0.7016612410545349,57777
0.17655810415744783,0.8234418869018555,22676
0.6226203560829162,0.37737964391708373,48089
0.5746130347251892,0.4253869831562042,35966
0.11381434351205826,0.8861856460571289,16871
0.7778276324272155,0.22217236161231996,27393
0.3410975456237793,0.6589024543762207,37543
0.6606154561042785,0.33938451409339904,27657
0.37592533826828,0.6240746557712555,49794
0.6842316508293151,0.3157683312892914,27480
0.8579024195671081,0.1420975685119629,41729
0.7052900195121765,0.2947099834680557,15515
0.825899064540863,0.17410091459751129,41378
0.7291242599487304,0.27087571322917936,3011
0.3491941630840302,0.6508058309555054,36478
0.5390654146671295,0.460934579372406,60024
0.07780387997627258,0.9221961021423339,36205
0.5759195804595947,0.42408041954040526,21074
0.6002041280269623,0.3997958660125732,50568
0.3455187499523163,0.6544812560081482,4246
0.21983134150505065,0.7801686882972717,64296
0.679556953907013,0.3204430520534515,53668
0.5876346826553345,0.4123652994632721,27563
0.266272646188736,0.7337273716926574,27071
0.5431041836738586,0.4568958282470703,64734
0.7767402052879333,0.2232597827911377,48840
0.32021400332450867,0.6797859907150269,51146
0.3814215660095215,0.6185784220695496,54066
0.5368658125400543,0.46313419938087463,73944
0.5845956921577453,0.41540429592132566,16696
0.6355801224708557,0.36441987156867983,15183
0.6230887293815612,0.3769112825393677,44284
0.3228816032409668,0.6771183967590332,64065
0.594825828075409,0.4051741898059845,74463
0.19773189425468446,0.802268099784851,7707
0.26994829773902895,0.7300516963005066,14965
0.600044059753418,0.39995590448379514,54652
0.8725887775421143,0.12741123586893083,51082
0.6389190673828125,0.3610809326171875,41293
0.40651572346687315,0.5934842705726624,65655
0.6802734017372132,0.31972662210464475,58674
0.7174739241600037,0.2825260818004608,43790
0.6700665473937988,0.32993345260620116,63900
0.2127088040113449,0.7872911930084229,12284
0.6729348063468933,0.3270651578903198,20207
0.3770059883594513,0.6229940176010131,1060
0.7839219808578491,0.21607801616191863,59666
0.37802948951721194,0.6219704985618592,63068
0.6178878903388977,0.3821121037006378,6897
0.8009093403816223,0.1990906625986099,32837
0.16156873404979705,0.8384312868118287,71968
0.5193507313728333,0.4806492567062378,48420
0.4791181683540344,0.5208818435668945,23717
0.8891483902931213,0.11085160672664643,40873
0.6762369513511658,0.3237630486488342,66188
0.7959394097328186,0.20406059324741363,4654
0.804412305355072,0.19558770954608917,29727
0.8508508205413818,0.14914920926094055,39251
0.7101817011833191,0.2898182928562164,71730
0.5837944030761719,0.4162056028842926,8880
0.11468338817358018,0.8853166103363037,36005
0.6125688076019287,0.3874312162399292,20500
0.48148093223571775,0.5185190856456756,56790
0.8921118140220642,0.10788818597793579,30830
0.6165475010871887,0.3834524989128113,52304
0.3363964319229126,0.6636035561561584,40705
0.5860177040100097,0.4139823138713837,24238
0.4856057524681091,0.514394223690033,38481
0.53679940700531,0.46320058703422545,32393
0.2639501363039017,0.7360498666763305,52940
0.837243115901947,0.16275685429573059,10281
0.2361807107925415,0.7638192653656006,6530
0.4726236045360565,0.5273763954639434,72975
0.7247226953506469,0.27527728080749514,17123
0.6947218775749207,0.30527815520763396,42185
0.1345750391483307,0.8654249787330628,43191
0.6945620179176331,0.305437970161438,72864
0.7416193008422851,0.25838067531585696,56519
0.35618285536766053,0.643817126750946,17644
0.758186423778534,0.24181357324123381,11332
0.14670165181159972,0.8532983541488648,45276
0.4936684548854828,0.5063315093517303,73297
0.7028305530548096,0.29716947078704836,66566
0.4832489788532257,0.5167510390281678,53199
0.5220331370830535,0.47796685099601743,36217
0.6948324680328369,0.30516757667064665,11097
0.9137586236000061,0.08624138534069062,24371
0.11809426695108413,0.8819057464599609,23086
0.7326468110084534,0.2673532009124756,7468
0.44001453518867495,0.5599854469299317,6759
0.7701892971992492,0.229810693860054,24136
0.7611213088035583,0.23887868523597716,65489
0.17468155324459075,0.825318431854248,72096
0.5196959137916565,0.480304080247879,28323
0.218417689204216,0.7815822958946228,60363
0.1625284194946289,0.8374715805053711,35460
0.4883000612258911,0.5116999566555023,7822
0.6252729892730713,0.37472700476646426,6484
0.6711027383804321,0.32889723777770996,68654
0.21063970625400544,0.7893603086471558,57112
0.5385194957256317,0.4614804983139038,38875
0.8691869497299194,0.13081303983926773,49821
0.7596417784690856,0.24035823345184326,20042
0.5723196625709533,0.42768033146858214,52181
0.37970155477523804,0.620298445224762,18934
0.5272215247154236,0.4727784514427185,12103
0.6501417636871338,0.3498582005500793,14077
0.189835587143898,0.8101644396781922,65873
0.17371196746826173,0.8262880325317383,13996
0.888186800479889,0.11181319802999497,9923
0.38607763648033144,0.613922381401062,64940
0.4902938544750214,0.5097061395645142,48632
0.64596928358078,0.3540307104587555,41730
0.6604112386703491,0.3395887613296509,12066
0.8106436967849732,0.18935630321502686,44051
0.7103883624076843,0.2896116316318512,2323
0.6508426904678345,0.34915731549263,375
0.8642385125160217,0.13576147109270095,57632
0.8971301198005677,0.10286988019943237,21765
0.510494738817215,0.4895052671432495,51734
0.41314845681190493,0.5868515610694885,35857
0.06918465867638587,0.930815327167511,33331
0.43492347598075864,0.5650765120983123,20756
0.4572268486022949,0.5427731513977051,60559
0.7313473939895629,0.268652606010437,65397
0.4823220133781433,0.5176779866218567,73198
0.17550623416900635,0.8244937539100647,13632
0.8274161458015442,0.17258385121822356,17031
0.5102732837200165,0.48972671627998354,31643
0.25694594383239744,0.7430540442466735,31299
0.30340819954872134,0.6965917825698853,71616
0.5299356281757355,0.4700644016265869,66589
0.718543815612793,0.2814561903476715,25286
0.3791103959083557,0.6208895802497864,20469
0.37835612893104553,0.62164386510849,11853
0.3492609441280365,0.6507390379905701,24522
0.6650513768196106,0.3349486529827118,44241
0.38063440322875974,0.6193655610084534,19133
0.653514051437378,0.346485960483551,65532
0.5886590123176575,0.411340993642807,47211
0.5968384504318237,0.4031615316867828,54030
0.8015184044837952,0.19848158359527587,24014
0.6368092060089111,0.3631908118724823,12558
0.47562420964241026,0.5243757843971253,70512
0.8399300336837768,0.16006997227668762,22378
0.540035480260849,0.459964519739151,64873
0.33290708661079405,0.6670928955078125,58886
0.4611814796924591,0.5388185501098632,60176
0.6648079514503479,0.33519203662872316,73769
0.7919200539588929,0.20807993412017822,4417
0.4369278967380524,0.5630720853805542,9843
0.33919217586517336,0.6608078002929687,16394
0.5178425312042236,0.4821574866771698,59972
0.5681336998939515,0.43186628818511963,11543
0.6750879168510437,0.3249120652675629,21596
0.31167093515396116,0.6883290648460388,11941
0.6723273634910584,0.3276726245880127,3714
0.48551930785179137,0.5144806683063508,52761
0.7559365510940552,0.24406342804431916,11567
0.6308589458465577,0.36914107799530027,73557
0.4523614585399628,0.5476385354995728,46819
0.8185161232948304,0.1814839005470276,69944
0.4664053976535797,0.5335946202278137,39229
0.37279547452926637,0.6272045493125915,61634
0.3427087843418121,0.6572912096977234,4919
0.11315982937812805,0.8868401646614075,54980
0.5254382014274597,0.4745617747306824,74015
0.4590936183929443,0.5409063935279846,44719
0.23308505713939667,0.7669149398803711,59476
0.713476026058197,0.2865240007638931,55687
0.05553183779120445,0.9444681882858277,15200
0.6275748014450073,0.37242521047592164,70871
0.8475579977035522,0.15244201123714446,26773
0.3704871654510498,0.6295128107070923,45176
0.13649636805057525,0.8635036468505859,50262
0.31991044878959657,0.6800895690917969,20209
0.8032522082328797,0.1967477858066559,62862
0.5050377368927002,0.49496227502822876,48021
0.6106055974960327,0.38939441442489625,65850
0.519058221578598,0.4809417903423309,7965
0.7993021607398987,0.20069783926010132,12521
0.31027541160583494,0.689724600315094,34396
0.28231834471225736,0.7176816582679748,44358
0.648915708065033,0.35108426213264465,67644
0.6481095552444458,0.3518904447555542,13932
0.44122164249420165,0.5587783575057983,22945
0.48625512719154357,0.5137448728084564,43091
0.8675759315490723,0.13242406398057938,34296
0.7721607923507691,0.22783920168876648,5947
0.8756609439849854,0.1243390530347824,70281
0.30702307224273684,0.6929768919944763,73640
0.5756552040576934,0.4243447959423065,32929
0.18529118299484254,0.8147088050842285,59831
0.7928957104682922,0.20710428059101105,59330
0.36317946910858157,0.6368205428123475,15208
0.6835718750953674,0.3164281189441681,12784
0.5271676421165467,0.47283234596252444,52900
0.19574095606803893,0.8042590618133545,16822
0.6268491148948669,0.37315086722373964,73217
0.7463668704032898,0.25363313853740693,32756
0.24520649909973144,0.7547935247421265,50056
0.539376175403595,0.46062382459640505,50765
0.06551357507705688,0.9344864249229431,730
0.5012632966041565,0.49873671531677244,62979
0.4790587663650513,0.5209412515163422,44518
0.39976353049278257,0.600236451625824,15394
0.7118382096290589,0.28816180527210233,70176
0.6650974869728088,0.3349025249481201,16707
0.5247785389423371,0.47522146105766294,41889
0.6488196015357971,0.35118038654327394,70431
0.442651629447937,0.557348370552063,30013
0.866756820678711,0.1332431763410568,8642
0.6061914801597595,0.39380850791931155,36035
0.791339635848999,0.20866035521030427,81
0.7781105518341065,0.22188946902751921,27090
0.08008581846952438,0.919914186000824,62757
0.5914161801338196,0.4085837960243225,630
0.6856673717498779,0.3143326222896576,56436
0.21672098338603973,0.783279025554657,21446
0.17722995579242706,0.8227700591087341,61116
0.17226527631282806,0.8277347207069397,875
0.5585842251777648,0.4414157569408417,7107
0.7277166485786438,0.27228337824344634,12821
0.4138730525970459,0.5861269712448121,6544
0.7078701019287109,0.2921299159526825,73636
0.6184576511383056,0.38154236078262327,42664
0.7924106121063232,0.20758939087390899,2219
0.46515552401542665,0.5348445177078247,47104
0.458560585975647,0.541439414024353,4752
0.6547085762023925,0.345291405916214,27368
0.598444151878357,0.40155582427978515,55591
0.43988593220710753,0.560114049911499,16903
0.46708871722221373,0.5329112708568573,66165
0.1341191828250885,0.865880823135376,56371
0.7148923635482788,0.2851076304912567,24656
0.29053149223327634,0.7094685316085816,57464
0.4039978802204132,0.5960021138191223,31204
0.5093012452125549,0.49069876670837403,66611
0.17889585196971894,0.8211041331291199,6166
0.60263991355896,0.39736011028289797,73062
0.6205193758010864,0.379480642080307,59880
0.4849950075149536,0.5150050163269043,64258
0.44844321012496946,0.5515567898750305,70609
0.4255383968353271,0.5744616031646729,64217
0.2003197878599167,0.799680209159851,16132
0.7391435503959656,0.2608564555644989,12068
0.3369735211133957,0.663026487827301,12291
0.4711388170719147,0.5288611888885498,54924
0.7043475866317749,0.2956523984670639,35445
0.27689077854156496,0.7231091856956482,13859
0.33833548426628113,0.6616644859313965,55430
0.6905763983726502,0.3094236195087433,34356
0.5228815138339996,0.4771184802055359,58207
0.12583242803812028,0.8741675615310669,63358
0.21482959091663362,0.7851704120635986,46335
0.36853028535842897,0.6314697027206421,54596
0.8704408049583435,0.12955919951200484,18845
0.5278327524662018,0.4721672356128693,25616
0.8093022465705871,0.1906977504491806,21112
0.4894571840763092,0.5105428159236908,30381
0.3493506252765656,0.6506494045257568,52217
0.4558190286159515,0.544180977344513,53384
0.7127048254013062,0.28729517459869386,14370
0.5284174680709839,0.4715825021266937,22810
0.13906275629997253,0.8609372258186341,71251
0.8013635277748108,0.1986364722251892,21921
0.589590847492218,0.41040916442871095,40486
0.3624789774417877,0.6375210165977478,51748
0.5872184991836548,0.4127814948558807,58520
0.1824629858136177,0.8175370216369628,67872
0.8291813492774963,0.17081865072250366,68388
0.3962973177433014,0.603702712059021,51170
0.7812642455101013,0.2187357634305954,47434
0.6359578490257263,0.3640421271324158,1514
0.297066330909729,0.7029336929321289,58394
0.876629650592804,0.12337037324905395,72668
0.8996857404708862,0.10031425505876541,57897
0.34621523022651673,0.6537847518920898,3952
0.3578728914260864,0.6421271085739135,51104
0.4681429922580719,0.5318570137023926,40926
0.1429962545633316,0.8570037484169006,42
0.8670050740242005,0.13299494087696076,21476
0.49471070766448977,0.5052892565727234,1645
0.3724221348762512,0.6275779128074646,66887
0.13859736025333405,0.8614026784896851,19717
0.5862298130989074,0.4137701869010925,30919
0.8319155216217041,0.16808449029922484,65561
0.6901907801628113,0.30980919003486634,44458
0.4615199327468872,0.5384800553321838,32842
0.3274389624595642,0.6725610494613647,8050
0.47369048595428465,0.5263095259666443,34082
0.6412178993225097,0.35878207683563235,18238
0.6266654253005981,0.3733345687389374,2518
0.5617014527320862,0.43829854130744933,32396
0.4783832967281342,0.5216167390346527,1292
0.6662195563316345,0.3337804675102234,56223
0.5448462009429932,0.4551537692546844,14702
0.09022443294525147,0.9097755789756775,22709
0.4984166443347931,0.5015833795070648,23973
0.7326805472373963,0.2673194706439972,58129
0.4681708514690399,0.5318291664123536,28389
0.8444338202476501,0.15556614696979523,51890
0.7685277342796326,0.23147226572036744,68590
0.5831650853157043,0.4168349266052246,17191
0.3703683793544769,0.6296316146850586,41503
0.21352923810482025,0.7864707589149476,31564
0.09439211040735244,0.9056078791618347,57489
0.08865389078855515,0.9113461017608643,24995
0.37394264340400696,0.6260573625564575,52658
0.6600071907043457,0.3399928271770477,15923
0.42484031319618226,0.5751596808433532,48406
0.16586265563964844,0.8341373324394226,25947
0.42136269211769106,0.5786372780799866,51147
0.37891714572906493,0.621082878112793,11584
0.5625400066375732,0.43745996952056887,30232
0.731552255153656,0.26844772696495056,20459
0.8362833380699157,0.16371670067310334,1290
0.6067618012428284,0.3932381749153137,56075
0.7248042702674866,0.2751957356929779,57320
0.5602662622928619,0.4397337198257446,63052
0.7291078805923462,0.2708921402692795,49126
0.6917988896369934,0.3082010865211487,10466
0.4930082023143768,0.5069918215274811,68158
0.38416733145713805,0.6158326625823974,17354
0.4767530560493469,0.5232469499111175,829
0.4643829703330994,0.5356170177459717,70190
0.843249785900116,0.1567502200603485,17874
0.5555604457855224,0.444439560174942,48838
0.5168050944805145,0.48319491744041443,20226
0.8769662857055665,0.1230336919426918,20483
0.17190955579280853,0.8280904412269592,21739
0.2514388471841812,0.74856116771698,50565
0.3829429268836975,0.6170570611953735,50615
0.8435315370559693,0.15646847188472748,38622
0.8734681606292725,0.1265318363904953,47270
0.6173772931098938,0.3826227068901062,22867
0.6825186967849731,0.3174812853336334,32028
0.248973548412323,0.7510264396667481,37558
0.34818962812423704,0.6518103837966919,42939
0.7542182922363281,0.24578170776367186,56080
0.1061899110674858,0.8938100934028625,37379
0.3724619269371033,0.6275380492210388,67781
0.13986392170190812,0.860136091709137,48213
0.7715639472007751,0.22843601703643798,60598
0.8484249234199523,0.15157505720853806,68603
0.7934694766998291,0.20653051733970643,26450
0.22622146904468537,0.7737785458564759,63420
0.1849644511938095,0.8150355219841003,18851
0.4857660412788391,0.5142339468002319,36897
0.2910352826118469,0.7089647054672241,59513
0.20451715886592864,0.7954828262329101,38269
0.5698299765586853,0.43017004132270814,3428
0.5902952015399933,0.40970479846000674,9299
0.6699489235877991,0.33005107045173643,19520
0.17137803733348847,0.8286219596862793,40828
0.26045984625816343,0.739540159702301,46289
0.5363077223300934,0.46369229555130004,3283
0.8300276279449463,0.16997236460447313,28102
0.6780298233032227,0.3219701826572418,70704
0.823415219783783,0.1765848070383072,68958
0.3998408496379852,0.6001591444015503,1995
0.51628178358078,0.48371819853782655,36230
0.5179531633853912,0.48204681277275085,8232
0.2500622868537903,0.7499377131462097,34972
0.9166097402572632,0.08339024484157562,61947
0.2188396543264389,0.7811603546142578,73273
0.34496864676475525,0.6550313711166382,59971
0.7959169149398804,0.20408304333686828,72003
0.6900827169418335,0.30991728901863097,35583
0.7204369306564331,0.27956309020519254,29882
0.5540788292884826,0.4459211826324463,49603
0.1836852341890335,0.8163147568702698,3119
0.3349437028169632,0.665056312084198,64089
0.6288088798522949,0.37119110226631163,73080
0.5513323426246644,0.4486677050590515,66127
0.8025308966636657,0.1974691241979599,38297
0.8759937524795532,0.12400624752044678,25019
0.7292124032974243,0.2707875967025757,24621
0.30031185150146483,0.6996881246566773,73856
0.8713602781295776,0.12863972783088684,33991
0.49766136407852174,0.5023386299610137,33204
0.6290010333061218,0.37099896669387816,46313
0.8771517515182495,0.1228482410311699,41036
0.42220872044563296,0.5777912974357605,14166
0.5563937067985535,0.44360628724098206,60227
0.13496797680854797,0.8650320172309875,42492
0.5791831612586975,0.42081682085990907,25914
0.3329012095928192,0.6670987963676452,37239
0.3878736674785614,0.6121263265609741,61898
0.3409067988395691,0.6590932488441468,71525
0.6909419298171997,0.30905807912349703,50035
0.5476785898208618,0.4523214101791382,64458
0.3719777762889862,0.6280222296714782,14132
0.7200856685638428,0.2799143075942993,26900
0.8851028680801392,0.11489711999893189,15023
0.17694840133190154,0.8230516076087951,25487
0.6675098419189454,0.3324901401996613,11120
0.4304442763328552,0.5695557236671448,37928
0.8773243308067322,0.12267563492059708,33457
0.6866146087646484,0.3133854031562805,37986
0.4225983679294586,0.577401626110077,40396
0.5126588523387909,0.48734116554260254,70807
0.8219229340553283,0.17807709276676179,8365
0.30766853094100954,0.6923314809799195,11114
0.37026554346084595,0.629734480381012,41118
0.7481550812721253,0.2518449366092682,22653
0.6131663084030151,0.3868336915969849,33254
0.6204127788543701,0.379587197303772,52076
0.7522595286369324,0.24774050414562226,12800
0.6485398411750793,0.3514601647853851,71250
0.35196072459220884,0.6480392813682556,40522
0.5945003151893615,0.4054996907711029,67325
0.16769717633724213,0.8323028445243835,22326
0.8548497796058655,0.14515018910169603,39037
0.6461466193199158,0.3538534104824066,24696
0.5233221054077148,0.4766778826713562,3934
0.5431828141212464,0.4568171799182892,50319
0.8423708438873291,0.1576291412115097,66138
0.24676814079284667,0.7532318711280823,12619
0.16859987378120422,0.8314001441001893,49375
0.41717368364334106,0.5828263103961945,35493
0.7415122985839844,0.2584876835346222,68374
0.3091582417488098,0.6908417582511902,2211
0.8381010293960571,0.16189897060394287,73380
0.7565720677375793,0.24342793524265288,57290
0.4485714972019196,0.551428496837616,48185
0.5412074029445648,0.4587925970554352,58495
0.7734126448631287,0.22658734619617463,14318
0.36210944056510924,0.6378905653953553,20624
0.1317804828286171,0.868219542503357,54563
0.7096959114074707,0.29030407667160035,56137
0.18377962112426757,0.8162203907966614,16759
0.5149016797542572,0.4850983262062073,7687
0.9120697379112244,0.08793028891086578,43855
0.8605100035667419,0.1394899696111679,67711
0.7349604964256287,0.2650395095348358,41310
0.1286462977528572,0.8713537216186523,35744
0.9240535736083985,0.07594640851020813,17806
0.813237726688385,0.18676224946975709,13541
0.08307023495435714,0.9169297575950622,41903
0.18081320226192474,0.8191867947578431,34243
0.6151978254318238,0.38480218648910525,48177
0.4643649458885193,0.5356350719928742,45975
0.45817314386367797,0.5418268501758575,6096
0.2482833057641983,0.751716697216034,41028
0.6887219190597534,0.31127808690071107,44032
0.3002179443836212,0.6997820734977722,73631
0.5043699502944946,0.4956300318241119,32439
0.8966099619865417,0.1033900648355484,15510
0.5101728558540344,0.4898271501064301,34409
0.6590824246406555,0.340917581319809,68030
0.6600713729858398,0.3399286329746246,35749
0.633753752708435,0.36624624133110045,32722
0.37036254405975344,0.6296374440193176,72152
0.9183897614479065,0.08161025792360306,15579
0.6332678437232971,0.36673216223716737,50039
0.9159278869628906,0.08407212123274803,42683
0.5717238903045654,0.428276127576828,13536
0.15821023136377335,0.8417897820472717,19498
0.9080137014389038,0.09198629707098008,45006
0.09208173602819443,0.9079182744026184,60206
0.15907257795333862,0.8409274101257325,73235
0.36459463834762573,0.6354053616523743,31574
0.12167154550552368,0.8783284664154053,48468
0.6211645603179932,0.37883542776107787,38379
0.4506704270839691,0.5493295788764954,25161
0.6428656697273254,0.3571343243122101,4173
0.8344370245933532,0.1655629962682724,54998
0.541084223985672,0.4589157819747925,7244
0.6001751184463501,0.399824857711792,41220
0.0858132302761078,0.9141867756843567,42847
0.8276236414909363,0.17237637042999268,69557
0.26007857322692873,0.7399214267730713,71020
0.3586121201515198,0.6413879156112671,34540
0.7362447023391724,0.2637552976608276,31730
0.22819405496120454,0.7718059420585632,61954
0.5417419254779816,0.4582580804824829,73854
0.6589425206184387,0.3410574972629547,46067
0.13506255000829698,0.8649374604225158,22966
0.7065058708190918,0.29349410235881807,44626
0.5654232144355774,0.4345768094062805,43296
0.34339497685432435,0.6566050291061402,59262
0.2912969529628754,0.7087030529975891,61678
0.8677324533462525,0.13226756155490876,29700
0.7961378812789917,0.20386209785938264,44781
0.39341297149658205,0.606587028503418,64035
0.13666409105062485,0.863335931301117,6200
0.5026682436466217,0.4973317444324493,61020
0.470058012008667,0.5299419641494751,63934
0.6696192502975464,0.3303807497024536,4254
0.1693749189376831,0.8306250810623169,48103
0.6799189805984497,0.32008100748062135,74109
0.25683013796806337,0.7431698679924011,46553
0.8004403471946716,0.19955964982509614,35613
0.508417397737503,0.4915825963020325,36639
0.08267872929573059,0.917321252822876,15253
0.8954193592071533,0.10458064079284668,26052
0.6810821413993835,0.31891786456108095,14349
0.9109368085861206,0.0890631690621376,24421
0.22588422596454621,0.7741157531738281,13
0.42384287118911745,0.5761571288108825,42364
0.7909153461456299,0.20908465683460237,33988
0.7886754631996155,0.211324542760849,1530
0.820192563533783,0.17980743646621705,21462
0.7862185716629029,0.21378142833709718,40308
0.23254612386226653,0.7674538969993592,18989
0.3427572548389435,0.657242751121521,14216
0.8492609024047851,0.15073906183242797,21271
0.6351771712303161,0.3648228347301483,38901
0.4130676746368408,0.586932373046875,5956
0.5527456998825073,0.4472543179988861,40065
0.5832152843475342,0.4167846739292145,16265
0.563575941324234,0.43642404675483704,14277
0.6442593097686767,0.35574069023132326,62011
0.5625317335128784,0.43746829628944395,53100
0.6979844450950623,0.3020155668258667,36051
0.9286833286285401,0.07131666988134384,22087
0.29372806549072267,0.7062719345092774,55728
0.5657249927520752,0.43427497148513794,72337
0.7350336909294128,0.2649663180112839,54386
0.5158047556877137,0.4841952741146088,16905
0.2536751240491867,0.746324872970581,21004
0.6206317067146301,0.37936830520629883,21809
0.7393206715583801,0.2606793403625488,45943
0.19874019026756287,0.8012598395347595,48673
0.64612797498703,0.35387203097343445,19502
0.7112242460250855,0.28877576589584353,42072
0.3895175874233246,0.6104823827743531,73794
0.5755258679389954,0.42447409629821775,22998
0.743976378440857,0.25602359175682066,57608
0.8324613332748413,0.16753866672515869,2972
0.6763934969902039,0.3236065059900284,31212
0.11186899691820144,0.8881309986114502,12946
0.6751950144767761,0.3248049974441528,31210
0.892872405052185,0.10712759345769882,7699
0.4448183476924896,0.5551815986633301,58639
0.8082263588905334,0.19177363812923431,21239
0.762172520160675,0.23782750368118286,53583
0.12635776102542878,0.8736422300338745,64650
0.515986967086792,0.4840130090713501,9265
0.29798118472099305,0.7020188331604004,20316
0.7862551093101502,0.21374488472938538,12163
0.19928287267684935,0.8007171511650085,41570
0.9073722839355469,0.09262769669294357,67794
0.20987438261508942,0.7901256322860718,72785
0.38486251831054685,0.6151374936103821,43365
0.13264577388763427,0.8673542141914368,63555
0.09088615030050277,0.9091138243675232,38202
0.620253038406372,0.3797469615936279,2096
0.47758265137672423,0.5224173784255981,35029
0.8447878956794739,0.15521212816238403,5928
0.645188307762146,0.35481170415878294,58431
0.633199954032898,0.3668000340461731,38952
0.6090069591999054,0.3909930408000946,32141
0.6268146157264709,0.37318538427352904,65701
0.5084837675094604,0.49151621460914613,1867
0.7042279958724975,0.29577199518680575,35647
0.31552783846855165,0.6844721794128418,41480
0.1797123819589615,0.8202876329421998,51648
0.5868269324302673,0.41317306756973265,6977
0.7133514165878296,0.28664860129356384,30367
0.5176152169704438,0.4823847711086273,35620
0.8940847039222717,0.10591527670621873,15276
0.5961333632469177,0.4038666248321533,11804
0.6422794461250305,0.3577205419540405,26909
0.5345143914222718,0.46548559665679934,38071
0.20152682960033416,0.7984731554985046,51309
0.4922795116901398,0.5077204644680023,25245
0.4168173372745514,0.5831826448440551,58965
0.3722745656967163,0.6277254223823547,15855
0.650279986858368,0.3497200131416321,39801
0.8625741600990295,0.13742587566375733,3432
0.754309332370758,0.245690655708313,18237
0.8464998483657837,0.15350017547607422,60937
0.5147954821586609,0.48520452380180357,47956
0.37116950154304507,0.6288304924964905,20580
0.8115035772323609,0.1884964257478714,10470
0.7597011923789978,0.2402988314628601,14730
0.5970596432685852,0.4029403507709503,62968
0.06033971533179283,0.9396602869033813,20899
0.89241703748703,0.10758294761180878,32867
0.5502053201198578,0.44979469776153563,25253
0.10389588922262191,0.8961041212081909,61429
0.6456095814704895,0.354390424489975,63278
0.6215037345886231,0.37849627137184144,53549
0.49074583649635317,0.5092541456222535,72317
0.6110270142555236,0.3889729857444763,27268
0.31670109629631044,0.683298897743225,71480
0.5261314809322357,0.47386852502822874,1603
0.6773437261581421,0.3226562738418579,60447
0.6363214135169983,0.36367862224578856,65785
0.6688865542411804,0.3311134397983551,35065
0.6565374732017517,0.3434625506401062,48511
0.7936015963554383,0.20639841258525848,48871
0.5801831483840942,0.41981685161590576,20263
0.3285930335521698,0.6714069724082947,46501
0.2966789722442627,0.7033210158348083,42600
0.13016073107719422,0.8698392391204834,55218
0.40184683799743653,0.5981531858444213,61782
0.6749850153923035,0.32501500248909,19864
0.1506218731403351,0.8493781208992004,30915
0.7655018329620361,0.23449817597866057,39573
0.36608174443244934,0.6339182615280151,16810
0.6406546592712402,0.35934529900550843,71169
0.8218869209289551,0.17811309397220612,32498
0.41589964628219606,0.584100353717804,59234
0.6067203998565673,0.3932796061038971,71608
0.6766541957855224,0.323345822095871,51396
0.4829733967781067,0.517026561498642,21689
0.6403287291526795,0.3596712529659271,19834
0.614089024066925,0.38591099381446836,39661
0.5779192924499512,0.4220806837081909,28664
0.7588946461677551,0.24110536575317382,58060
0.6011647939682007,0.39883520007133483,20480
0.41414413452148435,0.5858558654785156,4096
0.3711589813232422,0.6288410305976868,25127
0.500978022813797,0.499021977186203,17396
0.2948352873325348,0.7051647186279297,55602
0.629967451095581,0.37003253698349,32466
0.5584137916564942,0.44158619046211245,314
0.140003003180027,0.859997010231018,41217
0.48819077014923096,0.511809241771698,29646
0.5034110426902771,0.4965889394283295,47521
0.3661918044090271,0.6338082075119018,40528
0.5302988409996032,0.46970118284225465,50295
0.5036043703556061,0.49639562964439393,16054
0.6644924283027649,0.3355075687170029,31273
0.8590322732925415,0.14096773266792298,45963
0.7069784641265869,0.29302155375480654,42645
0.37590288519859316,0.6240971088409424,52311
0.7388298869132995,0.26117011308670046,48967
0.7752620697021484,0.2247379332780838,18315
0.757002055644989,0.242997944355011,60399
0.890471351146698,0.10952863842248917,14535
0.7063431859016418,0.29365681409835814,39746
0.3277727484703064,0.6722272396087646,67384
0.5675131201744079,0.432486891746521,2785
0.604628050327301,0.39537195563316346,54989
0.4643819332122803,0.5356180667877197,29583
0.061919520050287245,0.9380804896354675,1752
0.3673609733581543,0.6326390504837036,45983
0.6413122296333313,0.3586877822875977,49187
0.36797178983688356,0.6320281982421875,54586
0.43092880845069886,0.5690711975097656,62976
0.6489844202995301,0.35101557374000547,48548
0.129971544444561,0.8700284600257874,67044
0.8190226197242737,0.1809773713350296,33383
0.2431812584400177,0.7568187594413758,46189
0.8205475211143494,0.17945248186588286,52184
0.823267686367035,0.17673231065273284,23152
0.38558855652809143,0.614411461353302,440
0.5937832593917847,0.4062167704105377,54683
0.664601743221283,0.335398268699646,46568
0.7780973076820373,0.22190269231796264,63661
0.5528149843215943,0.44718501567840574,11235
0.5972520112991333,0.40274803042411805,61932
0.642817497253418,0.3571824967861176,59114
0.327925318479538,0.6720746636390686,51915
0.5219634890556335,0.4780364990234375,19812
0.6743958353996277,0.3256041705608368,34927
0.5958804845809936,0.4041195333003998,66965
0.6551440477371215,0.3448559641838074,69589
0.7499352097511292,0.2500647932291031,71903
0.4908320665359497,0.5091679155826568,37734
0.5299777686595917,0.47002221941947936,14595
0.8210824131965637,0.17891760766506196,28046
0.5501302003860473,0.4498698115348816,67244
0.7520425915718079,0.24795740246772766,30718
0.07836626768112183,0.9216337203979492,14279
0.26318187415599825,0.7368181586265564,68194
0.3237500488758087,0.6762499570846557,10521
0.721636426448822,0.2783635675907135,49464
0.2857074081897736,0.7142926096916199,59282
0.796558165550232,0.20344183146953582,57275
0.5369032263755799,0.46309677958488465,53761
0.06703275069594383,0.932967233657837,58552
0.2133212596178055,0.7866787552833557,6520
0.7077566742897033,0.2922433137893677,48008
0.7289767384529113,0.27102322578430177,29525
0.7498147249221802,0.25018528401851653,13048
0.5942676186561584,0.40573241114616393,11311
0.5666258215904236,0.4333741545677185,63072
0.07357371300458908,0.9264263033866882,61219
0.22249202132225038,0.7775079727172851,37774
0.28131274580955506,0.7186872601509094,42228
0.3351752758026123,0.6648247241973877,16874
0.9286732316017151,0.07132678404450417,66365
0.5692331671714783,0.4307668149471283,31699
0.6483667373657227,0.3516332685947418,26455
0.13564813435077666,0.8643518805503845,51522
0.28228208124637605,0.7177178978919982,67441
0.8381760954856873,0.1618239015340805,71401
0.7001036047935486,0.29989639222621917,29506
0.10990989804267884,0.8900900959968567,53955
0.49088523387908933,0.5091147780418396,17381
0.4255499243736267,0.5744500815868377,40370
0.40084564685821533,0.5991543591022491,37183
0.7409896492958069,0.2590103805065155,13374
0.28305107057094575,0.7169489145278931,52661
0.4370443344116211,0.5629556536674499,6145
0.8351248383522034,0.16487514078617097,22600
0.2271568149328232,0.7728431820869446,70953
0.7350064754486084,0.2649935096502304,7423
0.4296727955341339,0.5703272342681884,68329
0.813772177696228,0.18622779250144958,30036
0.5222196340560913,0.4777803897857666,12595
0.8570075988769531,0.14299242943525314,46631
0.696498715877533,0.30350127816200256,63874
0.3227581143379211,0.677241849899292,429
0.13756904602050782,0.8624309420585632,15521
0.7559714078903198,0.24402858912944794,67587
0.22619064450263976,0.7738093495368957,29858
0.1378280445933342,0.8621719598770141,50075
0.5686850905418396,0.4313149094581604,51470
0.5107526779174805,0.4892472863197327,68024
0.4560222506523132,0.5439777374267578,71013
0.3405129611492157,0.6594870448112488,25771
0.1302985891699791,0.8697013974189758,32387
0.22847091853618623,0.7715290784835815,66425
0.8768144488334656,0.12318555414676666,52392
0.8680318832397461,0.13196810632944106,45880
0.34290508925914764,0.6570949196815491,30618
0.5717422366142273,0.4282577335834503,53841
0.1853168487548828,0.8146831393241882,4670
0.30838521420955656,0.6916147589683532,15865
0.46668829917907717,0.5333116888999939,70228
0.47439858317375183,0.5256013929843902,53724
0.6250535845756531,0.37494640350341796,4108
0.4019184947013855,0.5980815052986145,14209
0.5752631306648255,0.42473686933517457,36141
0.6474166631698608,0.35258334279060366,34750
0.6316214203834534,0.3683785855770111,48423
0.5083522796630859,0.4916477084159851,26515
0.5277975022792816,0.4722025156021118,46522
0.1061409741640091,0.8938589930534363,36690
0.48311032056808473,0.5168896973133087,29569
0.8066195487976074,0.19338042736053468,31905
0.11164993792772293,0.8883500695228577,61718
0.5189055860042572,0.4810944080352783,66597
0.11557571887969971,0.8844242691993713,28930
0.5358435571193695,0.4641564548015594,50171
0.4922729194164276,0.5077270567417145,48500
0.7949659347534179,0.20503406822681428,35807
0.8713119983673095,0.12868798524141312,28825
0.48327457904815674,0.5167254388332367,18665
0.6197007298469543,0.38029929995536804,3830
0.6116473555564881,0.38835266828536985,22222
0.5828901529312134,0.4171098470687866,19710
0.7250680804252625,0.2749319225549698,72263
0.292402508854866,0.7075974822044373,73209
0.7273922085762023,0.2726077973842621,4787
0.2520989954471588,0.7479010343551635,38409
0.6589023351669312,0.3410976827144623,36059
0.5370711326599121,0.46292888522148135,15398
0.8292503237724305,0.17074971795082092,60870
0.8104780554771424,0.1895219475030899,30011
0.4011355221271515,0.598864471912384,48029
0.42639516592025756,0.5736048340797424,49277
0.2760326713323593,0.7239673376083374,72227
0.6661641597747803,0.3338358163833618,73575
0.88880854845047,0.11119144856929779,59129
0.4507266581058502,0.5492733299732209,13576
0.8967873930931092,0.10321261435747146,59484
0.8359855771064758,0.16401441097259523,69448
0.8433164596557617,0.15668355524539948,38217
0.14002757668495178,0.8599724054336548,13981
0.6467667102813721,0.3532333135604858,72318
0.31033462285995483,0.689665412902832,22520
0.8820996165275574,0.11790037155151367,9159
0.8326939225196839,0.1673060566186905,41854
0.6520007967948913,0.34799923896789553,62493
0.6024747490882874,0.3975252389907837,49237
0.6598718285560607,0.3401282012462616,13123
0.3167365550994873,0.6832634687423706,43339
0.4852043092250824,0.5147956907749176,68257
0.5834020495414733,0.416597980260849,50859
0.13516272157430648,0.8648372888565063,16197
0.6238113284111023,0.3761886775493622,66038
0.4441240310668945,0.5558759808540344,61962
0.4767195701599121,0.5232804477214813,35697
0.43533931374549867,0.5646606981754303,18653
0.36847640872001647,0.631523585319519,874
0.2412763625383377,0.7587236404418946,17253
0.2630931466817856,0.7369068145751954,27486
0.6239251732826233,0.37607484459877016,16671
0.7585813522338867,0.24141865670681,72196
0.22306373417377473,0.7769362926483154,65329
0.401586252450943,0.5984137535095215,56995
0.7136716365814209,0.2863283514976501,50634
0.797793173789978,0.20220684707164766,25448
0.5826291024684906,0.4173709094524384,65300
0.3436690986156464,0.6563308954238891,38225
0.4408962905406952,0.5591036796569824,51849
0.4703423023223877,0.5296576857566834,4982
0.8747290015220642,0.1252709612250328,20697
0.7673765182495117,0.23262350559234618,7326
0.08810263872146606,0.9118973612785339,74086
0.4483969986438751,0.5516030192375183,55545
0.6666735410690308,0.3333264648914337,44394
0.5742984771728515,0.42570157051086427,6391
0.906460702419281,0.0935392588376999,34293
0.7332313776016235,0.2667686194181442,3977
0.5297388553619384,0.47026113867759706,57815
0.7425963282585144,0.257403689622879,3117
0.7514518022537231,0.2485482156276703,32509
0.829717481136322,0.17028251886367798,22625
0.14701776802539826,0.852982223033905,42375
0.38238292932510376,0.6176170825958252,18426
0.5581715106964111,0.4418284833431244,17181
0.5213939011096954,0.47860610485076904,35281
0.29523314237594606,0.704766845703125,14935
0.6929237842559814,0.307076221704483,19154
0.20158643424510955,0.7984135508537292,14024
0.48112701773643496,0.5188729941844941,61282
0.34521501064300536,0.6547850131988525,73529
0.7694447875022888,0.23055522441864013,23894
0.4907652258872986,0.5092347800731659,13558
0.13540363907814026,0.8645963549613953,23544
0.10527777820825576,0.8947222232818604,4830
0.5751471996307373,0.4248528003692627,69141
0.5501297533512115,0.44987022280693056,63559
0.3546376287937164,0.6453623652458191,38275
0.07363570332527161,0.9263642787933349,44432
0.4043855905532837,0.5956144213676453,31570
0.7494483232498169,0.2505516648292542,61820
0.18100126087665558,0.8189987182617188,32944
0.6935344099998474,0.3064656496047974,33568
0.6317411184310913,0.3682588815689087,6498
0.7003453254699707,0.2996546387672424,60712
0.23086752593517304,0.7691324710845947,41890
0.3914457023143768,0.6085543274879456,64583
0.382737523317337,0.6172624826431274,33112
0.10040256530046462,0.8995974063873291,18251
0.15473514199256896,0.8452648639678955,17368
0.902933931350708,0.09706606417894363,35888
0.4578503131866455,0.5421496629714966,39295
0.9034239053726196,0.09657606780529022,20569
0.5875017762184143,0.4124982297420502,11462
0.6973755240440369,0.30262442529201505,37955
0.6306316137313843,0.3693683803081512,34801
0.20894062519073486,0.7910593748092651,36816
0.17292172014713286,0.8270783305168152,61363
0.5482822060585022,0.4517178118228912,2868
0.13672198802232743,0.8632779955863953,15277
0.9238264560699463,0.07617354542016982,6298
0.5391464471817017,0.46085352897644044,53031
0.1540684461593628,0.8459315538406372,30664
0.52295281291008,0.4770471632480621,55567
0.7296427011489868,0.27035734355449675,31904
0.28537086844444276,0.7146291255950927,42921
0.14720549583435058,0.8527944922447205,45011
0.8360479950904847,0.16395199596881865,20507
0.43031119704246523,0.5696887850761414,58846
0.5682707786560058,0.4317292034626007,29507
0.7880043268203736,0.21199565827846528,66328
0.6135274350643158,0.3864725649356842,24914
0.08433419167995453,0.9156658291816712,44275
0.7856015563011169,0.21439845860004425,21233
0.42545345425605774,0.5745465517044067,3180
0.912202513217926,0.08779747784137726,62132
0.5347021877765655,0.46529784202575686,42296
0.2101207047700882,0.7898792862892151,57309
0.7763626098632812,0.22363739013671874,3914
0.21449263393878937,0.7855073690414429,26232
0.6165717720985413,0.3834282398223877,20276
0.898259699344635,0.10174032300710678,10242
0.4333168983459473,0.5666830956935882,966
0.5822422504425049,0.41775776743888854,45513
0.6173725724220276,0.38262741565704345,41916
0.34794391989707946,0.652056097984314,13460
0.7589982867240905,0.2410017430782318,35480
0.7689029812812805,0.2310970187187195,60953
0.23254022300243377,0.7674597501754761,25066
0.5405877351760864,0.45941224694252014,60880
0.6091058135032654,0.3908942222595215,62842
0.37308832406997683,0.6269116759300232,927
0.09852304905653,0.9014769196510315,69228
0.5002768576145172,0.4997231483459473,2642
0.3464755952358246,0.6535243988037109,24951
0.895089042186737,0.10491095036268235,36767
0.7882663130760192,0.21173368394374847,29567
0.8623178243637085,0.1376821964979172,69189
0.8609435439109803,0.1390564888715744,9583
0.20390644073486328,0.7960935711860657,7396
0.61157066822052,0.3884293377399445,61455
0.8628316521644592,0.13716834932565689,3474
0.9017045140266419,0.09829546958208084,32190
0.7237139582633972,0.27628605961799624,15767
0.29519346356391907,0.7048065423965454,11836
0.19544187188148499,0.8045581340789795,11944
0.6534219145774841,0.3465780794620514,41688
0.7494564175605773,0.25054357945919037,28090
0.10122046619653702,0.8987795114517212,48305
0.8840244770050049,0.11597549915313721,11981
0.7674884796142578,0.2325115531682968,47829
0.3055525064468384,0.6944474935531616,33487
0.5403777837753296,0.4596222221851349,955
0.24033689200878144,0.7596631169319152,41203
0.0499779999256134,0.9500220060348511,6920
0.7548334479331971,0.24516652822494506,35107
0.6485408663749694,0.35145915150642393,6873
0.8372483968734741,0.16275162398815154,54988
0.792276918888092,0.20772306025028228,47726
0.19624456763267517,0.8037554383277893,73645
0.07347451895475388,0.9265254855155944,71019
0.48480578064918517,0.5151942193508148,53966
0.28500494062900544,0.7149950742721558,30300
0.4197178065776825,0.580282199382782,61433
0.8637820601463317,0.13621791899204255,70523
0.202872234582901,0.7971277952194213,70574
0.32773877382278443,0.6722612380981445,38146
0.1773875206708908,0.8226125001907348,50653
0.5089113175868988,0.4910886585712433,21770
0.15306731760501863,0.8469327092170715,45556
0.7618408322334289,0.23815916776657103,44715
0.48903090357780454,0.5109690845012664,70220
0.5215887725353241,0.47841122150421145,68199
0.616555392742157,0.38344460129737856,70922
0.40459338426589964,0.5954066038131713,6071
0.5236068725585937,0.47639312148094176,36360
0.7543154120445251,0.24568457305431365,35477
0.4538606464862823,0.5461393654346466,9872
0.5746077835559845,0.42539222836494445,38961
0.18365970849990845,0.8163402676582336,29625
0.2628726601600647,0.7371273398399353,19784
0.7065780639648438,0.2934219539165497,23586
0.5285977065563202,0.47140228748321533,74245
0.6195771813392639,0.3804227888584137,54126
0.33438664078712466,0.665613341331482,12336
0.26244614720344545,0.7375538349151611,54247
0.3680567145347595,0.6319433212280273,32198
0.2861300349235535,0.7138699412345886,46917
0.09932578206062317,0.9006742358207702,64853
0.4474512696266174,0.5525487184524536,63132
0.7454765796661377,0.25452339053153994,26333
0.6908864736557007,0.30911354422569276,10577
0.8556660175323486,0.14433397203683854,46885
0.496090030670166,0.5039099454879761,7616
0.31870208978652953,0.6812979102134704,49619
0.5452446043491364,0.4547554075717926,40927
0.36821643114089964,0.6317835450172424,7391
0.7093267798423767,0.2906732469797134,53264
0.22401081919670104,0.7759891748428345,15484
0.33003217577934263,0.6699678182601929,11646
0.7965055227279663,0.20349451005458832,67863
0.3101740598678589,0.6898259401321412,28746
0.2735229581594467,0.726477038860321,52047
0.19059653282165528,0.8094034552574157,14001
0.5954910635948181,0.40450894832611084,64470
0.3130788683891296,0.6869211435317993,6598
0.5578102707862854,0.4421897232532501,53339
0.4638772368431091,0.5361227512359619,35155
0.2334340363740921,0.7665659785270691,9794
0.8094823837280274,0.19051762223243712,17038
0.5218483507633209,0.4781516492366791,15715
0.4609572470188141,0.5390427350997925,23812
0.6031450629234314,0.39685494899749757,9385
0.7522248029708862,0.247775200009346,44861
0.6309038996696472,0.36909610629081724,42117
0.7136466145515442,0.28635338842868807,10128
0.522281551361084,0.477718448638916,28827
0.9326351642608642,0.0673648476600647,47640
0.5702428877353668,0.42975711822509766,6552
0.5158994257450104,0.48410054445266726,22200
0.36456910371780393,0.635430884361267,31373
0.8539887070655823,0.1460112825036049,49067
0.24320106208324432,0.7567989230155945,33930
0.20560912489891053,0.7943908929824829,32799
0.17736716866493224,0.8226328134536743,16413
0.8700098633766175,0.12999013662338257,12509
0.26857663691043854,0.7314233660697937,55899
0.1480824679136276,0.8519175291061402,30469
0.606018579006195,0.39398143291473386,45360
0.15235029458999633,0.8476496815681458,60623
0.5038309633731842,0.49616904854774474,43514
0.07502367049455642,0.9249763369560242,18603
0.10568540692329406,0.8943146109580994,5780
0.6843389749526978,0.3156610012054443,66409
0.2722430288791656,0.7277569532394409,56256
0.848324453830719,0.15167552828788758,36067
0.16353046596050264,0.836469542980194,10409
0.8978448510169983,0.10215513855218887,21851
0.27028999030590056,0.7297100067138672,21082
0.6769168496131897,0.3230831503868103,73646
0.4747473239898682,0.5252526760101318,51110
0.4885528862476349,0.5114471197128296,64459
0.6163406491279602,0.3836593508720398,20062
0.19709780663251877,0.8029021978378296,32839
0.8344263911247254,0.16557360589504241,27226
0.5680333018302918,0.43196670413017274,43888
0.4099957883358002,0.5900042057037354,70207
0.07475226670503617,0.9252477407455444,62130
0.1687893033027649,0.8312106966972351,33852
0.4982620418071747,0.5017379462718964,46343
0.8934714198112488,0.10652857124805451,40989
0.15430242717266082,0.8456975817680359,59948
0.794710373878479,0.20528960824012757,47713
0.2505513221025467,0.7494486570358276,71640
0.6735446691513062,0.32645532488822937,29314
0.5532774746417999,0.44672253727912903,27301
0.5093681573867798,0.4906318366527557,69887
0.492656809091568,0.5073431968688965,37798
0.8274915814399719,0.17250843048095704,32245
0.2841177642345428,0.7158822417259216,14609
0.5772971510887146,0.42270286083221437,53055
0.19702712297439576,0.8029728889465332,48503
0.47286170721054077,0.5271382868289948,71468
0.2987553894519806,0.7012446165084839,55054
0.430311381816864,0.569688618183136,22022
0.4927612662315369,0.5072387337684632,51652
0.7398965001106262,0.2601034611463547,47080
0.24956730008125305,0.7504327297210693,39304
0.7907141804695129,0.20928582549095154,4781
0.4661447048187256,0.533855277299881,7340
0.8209108591079712,0.17908914089202882,48611
0.7028032064437866,0.2971967697143555,18029
0.28137686252593996,0.7186231136322021,1411
0.4769507884979248,0.5230492115020752,10987
0.3960447609424591,0.6039552330970764,68408
0.5640976846218109,0.4359023153781891,4188
0.5942599892616272,0.40573999285697937,37029
0.45983399748802184,0.5401660084724427,33017
0.1899229556322098,0.8100770473480224,7983
0.954775047302246,0.04522495418787002,63247
0.8467264771461487,0.15327351689338684,13944
0.09919514060020447,0.900804853439331,46597
0.5071196973323822,0.4928802788257599,29511
0.8399160027503967,0.1600839912891388,60299
0.646314549446106,0.3536854386329651,64193
0.8116166949272156,0.1883833199739456,38404
0.34835065007209776,0.6516493916511535,38804
0.2932008296251297,0.7067991733551026,27631
0.8846416354179383,0.11535835266113281,41467
0.8688818573951721,0.13111814856529236,57148
0.8283018112182617,0.17169817984104158,48596
0.6021605849266052,0.3978394031524658,70238
0.35710538625717164,0.6428946137428284,23620
0.22156113684177398,0.7784388661384583,4049
0.27138290703296664,0.7286170840263366,10304
0.702358090877533,0.2976419270038605,26133
0.4796980023384094,0.5203019976615906,25972
0.7283483505249023,0.2716516375541687,33535
0.8640045523643494,0.13599544018507004,15976
0.9076304793357849,0.09236951023340226,31266
0.7083233952522278,0.29167663753032685,21724
0.16684575974941254,0.8331542253494263,19640
0.8084162712097168,0.19158371388912201,34565
0.10410719364881516,0.8958928227424622,12234
0.5471615254878998,0.45283849239349366,10574
0.35407663583755494,0.6459233641624451,25710
0.32621062994003297,0.6737893581390381,34464
0.3084376215934753,0.6915623903274536,39807
0.2579082787036896,0.742091703414917,27233
0.1750165641307831,0.8249834179878235,26020
0.910232663154602,0.08976732343435287,14305
0.6431656599044799,0.35683435797691343,57236
0.6378922700881958,0.36210774779319765,52296
0.5882700443267822,0.4117299795150757,61651
0.45231417417526243,0.5476858377456665,29790
0.41918535232543946,0.5808146595954895,72076
0.15962406396865844,0.8403759241104126,40547
0.10854773074388505,0.8914522647857666,932
0.49163256883621215,0.5083674132823944,31181
0.6566493391990662,0.3433506965637207,29065
0.7357712388038635,0.2642287999391556,13672
0.7925892114639282,0.2074108123779297,28906
0.10094530135393143,0.8990546822547912,62096
0.49805024862289426,0.5019497632980346,19275
0.44093107581138613,0.5590689063072205,53763
0.7486374616622925,0.2513625413179398,66511
0.6978814125061035,0.302118581533432,34938
0.8516873359680176,0.14831264317035675,46297
0.7361887693405151,0.26381121277809144,34650
0.4095175087451935,0.5904824733734131,51363
0.6179002165794373,0.3820997655391693,71009
0.6909841299057007,0.30901585817337035,32410
0.13321764171123504,0.8667823672294617,35497
0.7680471420288086,0.23195285797119142,55296
0.6962578892707825,0.30374211072921753,32630
0.5236721158027648,0.47632789611816406,67756
0.5547350347042084,0.445264995098114,17527
0.22269824743270875,0.7773017644882202,23434
0.7299530148506165,0.2700470149517059,2606
0.7226473212242126,0.27735265493392947,28446
0.8158288478851319,0.18417113721370698,54095
0.27498285174369813,0.7250171303749084,68356
0.5803559780120849,0.4196440100669861,49111
0.47369102835655214,0.5263089656829834,63855
0.5851479351520539,0.41485207676887514,4501
0.8804122924804687,0.11958772093057632,51257
0.46734521389007566,0.5326547920703888,5368
0.635067594051361,0.36493241786956787,71287
0.7857261538505554,0.21427385210990907,72190
0.6117330312728881,0.3882669687271118,60212
0.7934319257736206,0.20656809210777283,38081
0.8442521214485168,0.15574788004159928,59751
0.5443643450736999,0.45563567876815797,9790
0.8051732659339905,0.19482672214508057,22109
0.645955753326416,0.35404422879219055,15119
0.41164764761924744,0.5883523344993591,53675
0.7955750823020935,0.20442492365837098,52609
0.9120955348014832,0.08790445029735565,25416
0.5212782919406891,0.47872166633605956,68645
0.8930863499641418,0.10691364109516144,27292
0.14345203340053558,0.8565479516983032,55452
0.6722002387046814,0.3277997553348541,46195
0.363304477930069,0.6366955280303955,34260
0.24753715693950654,0.7524628639221191,31333
0.5811571955680848,0.4188427984714508,59848
0.25944329500198365,0.7405566811561585,19219
0.5908732175827026,0.40912675857543945,58768
0.2729218780994415,0.7270781397819519,2146
0.843291413784027,0.15670859813690186,18480
0.18135294914245606,0.818647027015686,13946
0.7682792544364929,0.23172070682048798,40320
0.5534899652004241,0.4465100169181824,21852
0.7386191368103028,0.26138085424900054,41437
0.871922779083252,0.12807719260454178,25125
0.44539735913276673,0.5546026468276978,11717
0.6482036709785461,0.3517963171005249,23270
0.06267311796545982,0.9373268723487854,60678
0.401295667886734,0.5987043261528016,49419
0.23078030049800874,0.769219696521759,42122
0.719716477394104,0.2802835375070572,2315
0.16632842421531677,0.8336715698242188,44762
0.7936770796775818,0.20632294118404387,72604
0.5950703501701355,0.4049296736717224,19664
0.25921216011047366,0.7407878398895263,13864
0.6633961200714111,0.3366038978099823,4169
0.6061625719070435,0.3938374578952789,63517
0.43756277561187745,0.5624372303485871,43876
0.9100987672805786,0.08990125358104706,9977
0.8258387804031372,0.1741612285375595,2234
0.7361299276351929,0.263870045542717,21791
0.857972252368927,0.14202775359153746,29510
0.6706655025482178,0.3293345093727112,64253
0.6495205044746399,0.3504794955253601,33682
0.17831134796142578,0.8216886401176453,31199
0.17899706065654755,0.8210029482841492,25768
0.5879196405410767,0.4120803773403168,33049
0.2586208492517471,0.7413791537284851,65967
0.8274497747421264,0.17255021631717682,65037
0.6289227604866028,0.3710772514343262,3084
0.8271962761878967,0.17280371487140656,73242
0.4992339491844177,0.5007660806179046,71828
0.4221287190914154,0.5778712868690491,50739
0.49134877920150755,0.508651214838028,55705
0.6874350547790528,0.31256491541862486,68192
0.683599328994751,0.31640066504478453,41583
0.2670500725507736,0.7329499363899231,57417
0.8255434274673462,0.1744565635919571,21213
0.8832106590270996,0.11678935438394547,53881
0.4813534259796143,0.5186465919017792,72891
0.08106217831373215,0.9189378142356872,59061
0.8432055950164795,0.15679441690444945,67539
0.3271573156118393,0.6728426933288574,22827
0.4381227433681488,0.5618772745132447,51472
0.23308684229850768,0.7669131636619568,68022
0.808707594871521,0.19129240810871123,24041
0.39636346101760866,0.6036365389823913,68494
0.2429088443517685,0.7570911407470703,73962
0.7352612733840942,0.26473871767520907,53843
0.19729605317115784,0.8027039527893066,32132
0.2860559165477753,0.7139440774917603,69006
0.27438908219337466,0.7256109476089477,21026
0.8294780254364014,0.17052194476127625,67720
0.6612013339996338,0.3387986600399017,61979
0.8698663353919983,0.13013366460800171,17137
0.5753767311573028,0.4246232807636261,29887
0.7819053173065186,0.2180946320295334,31081
0.29318593740463256,0.7068140387535096,34948
0.7621615648269653,0.237838414311409,69445
0.9057798504829406,0.09422016590833664,30813
0.18528920710086821,0.8147107839584351,67577
0.5799056887626648,0.42009434700012205,110
0.8689411520957947,0.13105885088443756,61187
0.41188769936561587,0.5881123065948486,22039
0.8266085505485534,0.1733914315700531,42182
0.6794737100601196,0.3205263078212738,6992
0.2563360780477524,0.7436639189720153,28525
0.31548593044281004,0.6845140933990479,60070
0.3199930727481842,0.6800069332122802,68882
0.8002812504768372,0.19971874952316285,32274
0.8801551818847656,0.11984481513500214,43712
0.5106517195701599,0.489348316192627,63652
0.9386362552642822,0.061363746970891954,55024
0.3049286723136902,0.6950713276863099,52316
0.8146403193473816,0.1853596657514572,6991
0.8165213108062744,0.18347867727279663,60800
0.3110691845417023,0.6889308571815491,70399
0.6001200556755066,0.3998799562454224,1297
0.4067609190940857,0.5932390928268433,71240
0.7256128430366516,0.2743871510028839,30259
0.23931219577789306,0.7606878161430359,64000
0.753078281879425,0.24692172408103943,12631
0.1919829785823822,0.8080169916152954,41500
0.6548048377037048,0.34519516229629515,58080
0.31386942863464357,0.6861305832862854,40723
0.6173850655555725,0.3826149344444275,72174
0.4571451246738434,0.5428548932075501,62357
0.22473675906658172,0.7752632260322571,59160
0.20395852327346803,0.796041464805603,222
0.7602339148521423,0.23976610600948334,72873
0.23301918506622316,0.76698077917099,42350
0.8066546797752381,0.19334532916545868,55200
0.8333463072776794,0.16665370166301727,4581
0.8387427210807801,0.16125730574131011,32412
0.6476036429405212,0.35239637494087217,57334
0.5304789245128632,0.4695210635662079,65858
0.605285108089447,0.39471489787101743,64933
0.17712976932525634,0.8228702306747436,65633
0.7066791892051697,0.29332083463668823,35382
0.4437773168087006,0.5562226712703705,42094
0.6158611893653869,0.38413879871368406,16813
0.09498744308948517,0.9050125360488892,71234
0.5775928020477294,0.4224072277545929,7202
0.4358628630638123,0.5641371011734009,34139
0.3495976448059082,0.6504023671150208,67336
0.338856440782547,0.6611435532569885,40590
0.7465266585350037,0.2534733504056931,68246
0.6746934652328491,0.32530654072761533,67311
0.735230278968811,0.2647697329521179,56317
0.5531145334243774,0.44688546657562256,62190
0.6565007925033569,0.3434992074966431,73673
0.9065515518188476,0.09344842433929443,13936
0.6258010745048523,0.3741989016532898,50250
0.22984766960144043,0.7701523065567016,70432
0.45317760705947874,0.5468223989009857,12534
0.46827622652053835,0.5317237615585327,19270
0.8782895326614379,0.12171047329902648,53065
0.6178375720977783,0.38216239809989927,26689
0.4120113432407379,0.5879886388778687,59674
0.10824721902608872,0.8917527675628663,28465
0.6608747243881226,0.3391252875328064,65805
0.5918869972229004,0.40811299085617064,2073
0.48484268188476565,0.5151572942733764,37408
0.3535611093044281,0.6464388966560364,1957
0.3147863507270813,0.6852136373519897,13652
0.5810379385948181,0.41896206736564634,18388
0.9452970385551452,0.054702983051538465,57957
0.7469575524330139,0.2530424386262894,21134
0.5888601303100586,0.4111398637294769,2916
0.6028162717819214,0.3971837401390076,30164
0.4657572269439697,0.5342427551746368,19856
0.7766249418258667,0.22337506711483002,53191
0.2572494387626648,0.7427505373954773,47601
0.2744723320007324,0.7255276679992676,58057
0.6097022652626037,0.39029773473739626,48100
0.8466222882270813,0.153377702832222,59542
0.37144196033477783,0.628558075428009,57870
0.811677610874176,0.18832239508628845,45305
0.840202808380127,0.15979721248149872,51385
0.5214386940002441,0.4785612940788269,57315
0.4604277789592743,0.5395722389221191,22802
0.45211411714553834,0.5478858590126038,43577
0.43707175850868224,0.5629282474517823,49799
0.45916584730148313,0.5408341526985169,52192
0.43997216820716856,0.560027825832367,35943
0.4372118949890137,0.5627881050109863,69955
0.7523138523101807,0.24768615663051605,38825
0.8042258977890014,0.19577412605285643,34719
0.37748339772224426,0.6225166082382202,72599
0.7736695647239685,0.2263304501771927,26117
0.4395477294921875,0.5604522585868835,30547
0.6973418354988098,0.3026581645011902,62473
0.279228013753891,0.7207719922065735,52241
0.35921419262886045,0.640785813331604,38466
0.9085955500602723,0.09140446037054062,50942
0.6771937489509583,0.32280624508857725,28853
0.1817940354347229,0.818205988407135,34587
0.1112313449382782,0.8887686729431152,70955
0.3883130669593811,0.6116869449615479,16090
0.5102334678173065,0.4897665560245514,59342
0.18475771844387054,0.8152422666549682,61811
0.8624834060668946,0.13751657754182817,43707
0.38303340673446656,0.6169665932655335,69344
0.661046028137207,0.3389539897441864,70536
0.7953996777534484,0.20460034012794495,26819
0.17454464733600616,0.8254553556442261,10603
0.5472151637077332,0.45278485417366027,3429
0.6328739881515503,0.3671260476112366,28752
0.6450923681259155,0.35490761399269105,67697
0.7658921360969544,0.2341078519821167,58564
0.6423324346542358,0.3576675832271576,23304
0.5460184931755065,0.4539815068244934,17390
0.2358602315187454,0.7641397833824157,39815
0.5059161305427551,0.49408386945724486,67530
0.6121431350708008,0.3878568530082703,13973
0.32925665974617,0.6707433462142944,64136
0.1263493224978447,0.8736506581306458,55551
0.8225192189216614,0.1774807631969452,41609
0.8958382487297059,0.10416175574064254,4978
0.19657737910747528,0.8034226059913635,38877
0.49082416892051695,0.5091757953166962,21001
0.6095402598381042,0.3904597580432892,67194
0.8322567701339721,0.16774325370788573,40481
0.7792445898056031,0.2207554131746292,67256
0.45299779772758486,0.5470022082328796,4520
0.8883235573768615,0.11167645156383514,8248
0.684367549419403,0.3156324863433838,63775
0.1046397179365158,0.895360267162323,63497
0.8602179288864136,0.1397820770740509,62209
0.8013337969779968,0.1986662119626999,19247
0.19605589807033538,0.8039440751075745,7206
0.5326715052127838,0.4673284888267517,4880
0.24079421162605286,0.7592057943344116,30513
0.44083369374275205,0.5591663002967835,28166
0.5649258613586425,0.4350741446018219,65214
0.3498314380645752,0.6501685619354248,63592
0.31985560059547424,0.6801443934440613,17150
0.21097027957439424,0.7890297174453735,4052
0.4487407445907593,0.5512592673301697,11257
0.3614922523498535,0.6385077714920044,60672
0.27413198053836824,0.725868022441864,31027
0.5139435291290283,0.4860564827919006,13813
0.5171710014343261,0.48282901048660276,71566
0.6226845860481263,0.3773154079914093,9204
0.39589576721191405,0.604104220867157,61260
0.24898258745670318,0.7510174155235291,37036
0.20616537928581238,0.7938346266746521,2900
0.5465318202972412,0.4534681737422943,15664
0.6099406719207764,0.3900593459606171,69136
0.7858656167984008,0.21413434147834778,5229
0.3269169211387634,0.6730831265449524,50557
0.13710366636514665,0.8628963232040405,54953
0.5993735909461975,0.4006263971328735,28617
0.08350147902965546,0.9164985537528991,40406
0.15553323924541473,0.844466757774353,45632
0.3535359799861908,0.6464640378952027,44082
0.9172692179679871,0.08273077756166458,27784
0.782882821559906,0.21711718440055847,44326
0.40625898241996766,0.5937410235404968,45281
0.6124760389328003,0.38752397894859314,30187
0.46346662044525144,0.5365333676338195,68201
0.7041235208511353,0.29587647318840027,68371
0.28845707774162294,0.7115429282188416,61909
0.7942832350730896,0.2057167798280716,51000
0.6383901119232178,0.36160985231399534,30390
0.4247174859046936,0.5752824604511261,32788
0.9168387651443481,0.08316125124692916,62546
0.4773437142372131,0.5226562559604645,60910
0.5333604753017426,0.46663953065872193,59579
0.8165967106819153,0.18340326547622682,63022
0.60778888463974,0.39221111536026,27271
0.10455042868852615,0.8954495787620544,44727
0.57597736120224,0.42402263879776003,69824
0.42327871918678284,0.5767212867736816,55945
0.7092916131019592,0.29070837795734406,40818
0.20664674937725067,0.793353259563446,46358
0.16102178990840912,0.8389782071113586,22202
0.31048105359077455,0.6895189404487609,52474
0.7574108839035034,0.24258911609649658,3571
0.37198803424835203,0.628011965751648,58555
0.46327447295188906,0.53672553896904,38874
0.7733105182647705,0.2266894668340683,2956
0.07982852160930634,0.9201714992523193,55336
0.6561810374259949,0.34381895065307616,42335
0.5340459704399109,0.4659540057182312,8122
0.7319555282592773,0.26804445385932923,16112
0.8264011144638062,0.17359887361526488,69560
0.16278916001319885,0.8372108578681946,43116
0.23689471185207367,0.763105285167694,23390
0.12448146045207978,0.8755185604095459,29208
0.5098579108715058,0.4901421070098877,9595
0.6274722337722778,0.3725277543067932,68983
0.5105579853057861,0.4894419968128204,17835
0.9313287138938904,0.0686712995171547,58375
0.48048835396766665,0.5195116400718689,32343
0.6432636737823486,0.3567363202571869,72694
0.4639849841594696,0.5360150337219238,61165
0.8853477597236633,0.11465223878622055,18819
0.13690443336963654,0.8630955457687378,24474
0.21394599974155426,0.786053991317749,28593
0.4414881646633148,0.5585118472576142,71538
0.3962376952171326,0.6037623405456543,63275
0.6468923807144165,0.3531075894832611,41868
0.1991608202457428,0.8008391737937928,17090
0.5729405641555786,0.4270594358444214,51976
0.5004711747169495,0.499528831243515,70434
0.39722925424575806,0.6027707576751709,54403
0.2988749623298645,0.7011250376701355,69744
0.8771204710006714,0.12287952452898025,59337
0.45621512532234193,0.5437848567962646,44763
0.7475687742233277,0.25243120193481444,28840
0.7571513175964355,0.2428486943244934,50821
0.8622442960739136,0.13775572478771209,46887
0.2904848217964172,0.7095151901245117,42888
0.4345175504684448,0.5654824495315551,10181
0.7135576009750366,0.28644238114356996,5659
0.4065721809864044,0.5934278130531311,47312
0.7626837491989136,0.2373162567615509,25997
0.6997556924819947,0.3002443253993988,8515
0.9028709650039672,0.09712903946638107,33079
0.755443000793457,0.24455699920654297,453
0.21660981476306915,0.7833901524543763,43038
0.27362080216407775,0.7263791799545288,10841
0.5498777866363526,0.45012221932411195,63968
0.6017176628112793,0.3982823371887207,53716
0.9260398149490356,0.07396018281579017,57863
0.494048660993576,0.505951315164566,36922
0.6301327109336853,0.36986730694770814,66222
0.5348585784435272,0.46514140963554385,58025
0.6900474786758423,0.30995250344276426,33665
0.5821842432022095,0.41781572699546815,431
0.8634642839431763,0.13653570413589478,28579
0.4774391770362854,0.5225608289241791,22783
0.379030442237854,0.620969557762146,57361
0.4693951904773712,0.5306047916412353,8197
0.7390862107276917,0.26091377139091493,9995
0.5545866966247559,0.44541329741477964,49783
0.705852746963501,0.294147264957428,9795
0.15701841711997985,0.8429816007614136,29801
0.6317393898963928,0.3682606160640717,40261
0.18792818784713744,0.8120718121528625,31815
0.5992222189903259,0.40077775716781616,13725
0.7712986946105957,0.22870132327079773,11266
0.5330800890922547,0.4669199287891388,69996
0.6580706477165222,0.34192935824394227,63348
0.8067409753799438,0.1932590365409851,40266
0.7281107664108276,0.2718891978263855,34576
0.5605916857719422,0.43940830826759336,53695
0.26869878470897673,0.731301212310791,42816
0.34752928018569945,0.6524707436561584,37308
0.10402788668870926,0.8959721207618714,269
0.4425999343395233,0.5574000954627991,9481
0.6149757981300354,0.38502418994903564,49911
0.4124327778816223,0.5875672101974487,45325
0.5294497549533844,0.4705502688884735,63158
0.6580161809921264,0.341983824968338,40969
0.5895690321922302,0.4104309618473053,5195
0.08616007268428802,0.9138399243354798,13469
0.8245324850082397,0.17546748816967012,43128
0.37593874335289,0.6240612387657165,9511
0.35131171345710754,0.6486882925033569,47494
0.868031132221222,0.13196886330842972,23210
0.6099969744682312,0.39000306725502015,8669
0.9434177160263062,0.05658228099346161,60770
0.25620813071727755,0.7437918782234192,4449
0.7497917652130127,0.25020825266838076,65906
0.4878623247146606,0.5121376752853394,33795
0.4800093412399292,0.5199906527996063,69009
0.43276512026786806,0.567234891653061,61367
0.7803501009941101,0.21964986622333527,69568
0.7161895871162415,0.28381038904190065,21946
0.520214992761612,0.4797850251197815,54871
0.6324911236763,0.3675088703632355,30439
0.3388313949108124,0.6611686229705811,9632
0.8717386364936829,0.12826136350631714,34984
0.1604088395833969,0.8395911693572998,66612
0.4427639186382294,0.5572360455989838,64235
0.6252417802810669,0.374758243560791,38168
0.4900333285331726,0.5099666655063629,29562
0.6728814482688904,0.3271185338497162,9627
0.736179769039154,0.26382026076316833,25816
0.5632773399353027,0.43672266602516174,20475
0.4591918885707855,0.54080810546875,60650
0.30506539940834043,0.6949345946311951,39203
0.5970027923583985,0.40299721360206603,39775
0.7546753406524658,0.24532465636730194,42261
0.8183164954185486,0.18168350756168367,35232
0.6362704515457154,0.3637295484542847,72316
0.8251901268959045,0.1748098611831665,24036
0.7525174140930175,0.24748259782791138,53697
0.46254320740699767,0.5374567985534668,42164
0.47820417284965516,0.5217958152294159,10431
0.7890327930450439,0.21096720397472382,44874
0.8494497418403626,0.1505502700805664,4087
0.668121612071991,0.33187838196754454,33494
0.5754099369049073,0.4245900332927704,20067
0.2503629714250565,0.7496370196342468,74260
0.2093614935874939,0.790638530254364,70297
0.4145682454109192,0.5854317665100097,62704
0.756315290927887,0.24368470013141633,59215
0.46946966648101807,0.5305303275585175,48987
0.7787862181663513,0.22121381759643555,4005
0.9223105430603027,0.07768945842981338,35923
0.671435022354126,0.328564977645874,2508
0.3216714680194855,0.678328537940979,71891
0.5629146218299865,0.4370853900909424,28620
0.5981991648674011,0.4018008589744568,19829
0.8275739431381226,0.1724260449409485,32031
0.7992954254150391,0.20070458054542542,37087
0.7611106991767883,0.23888929784297944,31518
0.7741083621978759,0.2258916586637497,10928
0.6461483478546143,0.3538516163825989,44665
0.32907787561416624,0.6709221243858338,24264
0.5808403730392456,0.4191595852375031,40863
0.264716237783432,0.7352837562561035,64991
0.17083671540021897,0.8291632771492005,65224
0.8220405817031861,0.17795940339565278,1046
0.8499184608459472,0.15008154213428498,12457
0.16043170690536498,0.839568269252777,38538
0.7909358143806458,0.20906416177749634,51625
0.6788233160972595,0.321176677942276,48854
0.44772120118141173,0.5522788047790528,65318
0.13737351298332215,0.8626264691352844,13663
0.37148061990737913,0.6285193562507629,11734
0.7499364852905274,0.2500635415315628,30815
0.845820426940918,0.15417956113815307,3836
0.48464069962501527,0.5153592944145202,61576
0.483991414308548,0.5160085678100585,9958
0.6525496363639831,0.34745036959648135,68887
0.5350302398204804,0.46496973633766175,28333
0.3528148472309113,0.6471851348876954,53938
0.39293559193611144,0.607064402103424,61592
0.8432357430458068,0.15676425993442536,34837
0.4256328046321869,0.5743671655654907,1622
0.29970947802066805,0.7002905011177063,20907
0.26100669503211976,0.7389932870864868,9607
0.43034319281578065,0.569656777381897,17445
0.8352008104324341,0.16479917466640473,6528
0.31895931959152224,0.6810406684875489,12869
0.7216573834419251,0.27834264039993284,24258
0.5704931259155274,0.42950685024261476,25071
0.9033054113388062,0.09669460207223893,20407
0.5104076325893402,0.48959238529205323,56751
0.4136219918727875,0.586378026008606,31379
0.4762948453426361,0.5237051606178283,51663
0.5006567597389221,0.4993432581424713,17555
0.678690230846405,0.321309769153595,19239
0.6346197009086609,0.3653802931308746,64220
0.3649157226085663,0.6350842714309692,27581
0.19081372916698455,0.8091862678527832,50579
0.3729353487491608,0.6270646572113037,19195
0.6733490109443665,0.3266509771347046,343
0.660412585735321,0.3395873785018921,37988
0.24397903084754943,0.7560209512710572,65255
0.6113694667816162,0.3886305272579193,941
0.27612180411815646,0.7238781809806824,58765
0.2585933119058609,0.7414067029953003,69646
0.18546963930130006,0.8145303606987,22962
0.46191282868385314,0.5380871951580047,4615
0.3419177532196045,0.6580822229385376,57192
0.2229916751384735,0.777008318901062,3874
0.6045117616653443,0.39548822641372683,2089
0.3977032244205475,0.6022968053817749,71563
0.7074855685234069,0.2925144225358963,617
0.14572907388210296,0.8542709231376648,70412
0.15048739612102507,0.8495126128196716,71803
0.8888481855392456,0.11115180402994156,61060
0.6568678140640258,0.343132221698761,16064
0.6036508083343506,0.396349173784256,4310
0.5683498382568359,0.43165016174316406,72137
0.42464261651039126,0.5753573775291443,41545
0.8668112993240357,0.13318868577480317,4013
0.5578548908233643,0.4421451210975647,47009
0.6859524488449097,0.3140475511550903,21212
0.6230088829994201,0.3769910931587219,66634
0.5177062451839447,0.48229373097419737,32341
0.7613518714904786,0.23864813148975372,47386
0.9288036465644837,0.0711963266134262,51578
0.41988763213157654,0.5801123380661011,23530
0.23893036246299743,0.7610696315765381,7738
0.7782671689987183,0.22173284292221068,23000
0.4503229081630707,0.5496770858764648,64260
0.8527569890022277,0.1472430109977722,40941
0.2454125851392746,0.7545874118804932,23972
0.8208807945251465,0.17911921441555023,11573
0.5864054441452027,0.41359453201293944,33174
0.33331390023231505,0.6666861176490784,23892
0.8242854475975037,0.17571453452110292,46583
0.49638511538505553,0.5036148846149444,10330
0.6810721158981323,0.31892784833908083,62689
0.9051443815231324,0.09485564082860946,52705
0.3245438039302826,0.6754562258720398,5347
0.4376348197460175,0.562365198135376,13180
0.6789791584014893,0.3210208475589752,54522
0.5561658382415772,0.44383413791656495,40257
0.7169511437416076,0.2830488562583923,52824
0.8044777274131775,0.195522278547287,37541
0.2843997597694397,0.7156002640724182,31063
0.870351004600525,0.12964899986982345,67993
0.47459942698478697,0.5254005789756775,73565
0.5102958142757416,0.4897041916847229,15884
0.4585441410541534,0.541455888748169,30410
0.8839576482772827,0.1160423532128334,29111
0.48670101165771484,0.5132990002632141,40073
0.45214606523513795,0.547853970527649,21350
0.05444672405719757,0.9455532789230346,11497
0.4522721230983734,0.5477278709411622,56358
0.5989625930786133,0.40103739500045776,58075
0.3334795594215393,0.6665204524993896,21274
0.9162479877471924,0.08375199288129806,57336
0.19476068913936614,0.8052393317222595,15498
0.6253942847251892,0.37460572123527525,73410
0.5885412454605102,0.41145874857902526,42944
0.22999136745929719,0.770008647441864,49559
0.5193870544433594,0.4806129217147827,14460
0.28960745334625243,0.7103925704956054,15113
0.9117784857749939,0.08822149336338043,5946
0.4051673114299774,0.5948326706886291,31976
0.5152890622615814,0.48471093773841856,69969
0.7366827011108399,0.26331732869148256,52915
0.3260785758495331,0.6739214539527894,58135
0.337082701921463,0.6629173278808593,52065
0.85415678024292,0.1458432286977768,61183
0.6157530665397644,0.3842469334602356,69950
0.4844798266887665,0.5155201852321625,13840
0.24140479266643525,0.7585952043533325,15819
0.819112765789032,0.18088720142841339,54430
0.778643786907196,0.22135621011257173,12581
0.5794454216957092,0.4205545723438263,59703
0.7136991739273071,0.286300802230835,12620
0.7261422276496887,0.2738577753305435,12826
0.500383734703064,0.499616277217865,24965
0.3726468026638031,0.6273531913757324,67175
0.5548097193241119,0.4451902866363525,40982
0.5300309538841248,0.4699690580368042,43236
0.5542243003845215,0.44577571749687195,41313
0.5589416146278381,0.4410583972930908,23018
0.347302520275116,0.652697479724884,17688
0.6846646785736084,0.3153353214263916,48837
0.47972687482833865,0.5202731013298034,23918
0.7173010468482971,0.2826989471912384,38771
0.8589373350143432,0.14106263667345048,23962
0.30658175349235534,0.6934182286262512,56621
0.4069670379161835,0.593032956123352,15285
0.4327624499797821,0.5672375798225403,72161
0.6021594047546387,0.39784060716629027,43504
0.07463309168815613,0.9253669023513794,46188
0.5958834767341614,0.40411652326583863,68832
0.6290237069129944,0.37097631096839906,1171
0.523308378458023,0.47669161558151246,30114
0.30655827820301057,0.6934417128562927,35149
0.5468558311462403,0.4531441509723663,7882
0.08349560350179672,0.9165044069290161,71724
0.8453811287879944,0.15461888313293456,4045
0.3358811616897583,0.6641188383102417,16702
0.17927542924880982,0.8207245588302612,73555
0.17857626080513,0.8214237809181213,65565
0.13783732801675797,0.8621626734733582,9052
0.29964288175106046,0.7003571152687073,22533
0.857294750213623,0.1427052542567253,53506
0.7471333622932435,0.25286664366722106,30844
0.6910435557365417,0.3089564353227615,56538
0.6317097663879394,0.3682902157306671,28564
0.6332091927528382,0.36679081320762635,64349
0.8452058076858521,0.1547941654920578,29253
0.17687613964080812,0.8231238603591919,11242
0.6820840716362,0.3179159343242645,70346
0.8293151497840882,0.17068488597869874,3130
0.5513722896575928,0.4486277103424072,25182
0.6322068095207214,0.36779322028160094,39678
0.27774466276168824,0.7222553372383118,20219
0.5639940738677979,0.43600592017173767,32761
0.6956599712371826,0.30434001088142393,40842
0.3339509844779968,0.6660490155220031,20339
0.8244648456573487,0.17553514540195464,16281
0.6510101675987243,0.34898983836174013,20976
0.5591463446617126,0.4408536672592163,66186
0.04761574864387512,0.9523842692375183,19541
0.5649921774864197,0.4350077986717224,23167
0.12438764423131943,0.8756123661994935,20017
0.5720703363418579,0.42792966961860657,56424
0.22161445617675782,0.7783855319023132,37557
0.7741752028465271,0.2258247822523117,30556
0.3483360230922699,0.6516640067100525,70063
0.7815261840820312,0.21847383677959442,35270
0.418572324514389,0.5814276695251465,16342
0.7096585750579834,0.2903414100408554,44751
0.16879487186670303,0.831205141544342,10838
0.17483843266963958,0.8251615405082703,55702
0.8930341243743897,0.10696586072444916,24527
0.4787414312362671,0.5212585628032684,7356
0.6891196846961976,0.310880309343338,41017
0.7378094792366028,0.2621905207633972,73398
0.7348158597946167,0.2651841461658478,22942
0.22020598948001863,0.7797940373420715,9785
0.7649765610694885,0.23502346277236938,24778
0.6080058217048645,0.3919941604137421,41440
0.7897941112518311,0.21020591557025908,8362
0.5240799725055695,0.47592003345489503,14449
0.43918598890304567,0.5608140110969544,30729
0.8585757732391357,0.14142420887947083,24934
0.7820693612098694,0.21793061792850493,26062
0.081031234562397,0.9189687848091126,23756
0.38614943325519563,0.6138506054878234,60592
0.840777599811554,0.15922239422798157,67481
0.3872117817401886,0.6127882122993469,48691
0.6041274428367615,0.39587255716323855,59496
0.7880136370658875,0.21198637187480926,40588
0.07266339063644409,0.927336597442627,19838
0.24634819924831391,0.7536518216133118,24578
0.507519644498825,0.4924803376197815,24955
0.39847210645675657,0.6015278935432434,57449
0.5522331655025482,0.4477668344974518,45468
0.42491886019706726,0.5750811338424683,3739
0.5580414116382599,0.4419585883617401,67920
0.5636178493499756,0.4363821387290955,35603
0.5931677699089051,0.406832230091095,37663
0.4647340953350067,0.5352659344673156,39341
0.4532085478305817,0.5467914581298828,66474
0.4972356617450714,0.5027643144130707,6313
0.584530234336853,0.4154697895050049,1058
0.7905343294143676,0.2094656765460968,21057
0.3565284550189972,0.6434715628623963,4403
0.5855925798416137,0.41440737843513487,53972
0.7045014023780822,0.2954986333847046,49874
0.649369740486145,0.35063028037548066,61618
0.5813734412193299,0.4186265587806702,45173
0.1885022670030594,0.8114977359771729,53592
0.6307505011558533,0.3692494690418243,48800
0.6276051163673401,0.3723948895931244,66967
0.5634017944335937,0.4365982115268707,52822
0.10364279299974441,0.8963572025299072,28242
0.6086116909980774,0.39138826727867126,26165
0.1845047503709793,0.8154952526092529,9142
0.20539138913154603,0.7946086049079895,41593
0.1753256857395172,0.8246742963790894,1499
0.6668551564216614,0.3331448197364807,73785
0.4502949833869934,0.5497049927711487,24524
0.6645910263061523,0.33540897965431216,64454
0.6191606998443604,0.38083928227424624,44317
0.6022663474082947,0.39773361682891845,29013
0.624029815196991,0.3759701669216156,30296
0.2916315793991089,0.7083684206008911,5796
0.8189699411392212,0.18103004693984986,59816
0.8342479467391968,0.16575207114219664,55770
0.42860754728317263,0.5713924407958985,58881
0.8159487843513489,0.18405119478702545,14883
0.45898914337158203,0.5410108685493469,67421
0.31071761846542356,0.6892823934555053,58794
0.6494205474853516,0.3505794584751129,32033
0.9460404753684998,0.053959548473358154,65380
0.18319514095783235,0.8168048739433289,9247
0.7467438220977783,0.2532561898231506,17955
0.5490689516067505,0.450931054353714,30960
0.31412375569343565,0.6858762264251709,42048
0.49277240633964536,0.5072275757789612,2500
0.662760329246521,0.3372396945953369,43144
0.3167896389961243,0.6832103610038758,5993
0.5580223381519318,0.44197765588760374,66051
0.17392944991588594,0.8260705709457398,20413
0.7490724205970765,0.2509275436401367,44994
0.7216294288635254,0.27837055921554565,40491
0.8896023511886597,0.11039765477180481,12312
0.769164502620697,0.23083548247814178,52754
0.4274852752685547,0.5725147187709808,60616
0.27133719325065614,0.7286628127098084,22782
0.568734085559845,0.4312659025192261,66881
0.6270565629005432,0.37294343709945676,18489
0.7817027926445007,0.21829720139503478,63985
0.5493139505386353,0.4506860375404358,28137
0.28581216037273405,0.7141878247261048,69438
0.26296422481536863,0.7370357751846314,48519
0.699105167388916,0.30089483261108396,67546
0.3079702317714691,0.6920297741889954,44246
0.7889525651931762,0.2110474318265915,69842
0.3643680393695831,0.6356319785118103,20217
0.27802581489086153,0.7219741940498352,72053
0.391240668296814,0.6087593317031861,53255
0.39420721530914304,0.6057928204536438,14604
0.6123039364814759,0.38769603371620176,47451
0.42118567824363706,0.5788143396377563,55744
0.15073966681957246,0.8492603302001953,16223
0.7339770674705506,0.2660229682922363,53983
0.07813450694084167,0.9218654751777648,4432
0.593994927406311,0.4060050964355469,48646
0.7279006004333496,0.27209939658641813,61281
0.7829717874526978,0.21702819764614106,25798
0.604188883304596,0.39581112265586854,39364
0.6161380052566529,0.3838619768619537,36890
0.6997356295585633,0.30026436448097227,62106
0.4720211148262024,0.5279788732528686,14580
0.7767404794692994,0.2232595354318619,28581
0.1670719563961029,0.8329280257225037,6546
0.5776878833770752,0.4223121166229248,28154
0.38232637047767637,0.6176736354827881,70530
0.15937815010547637,0.8406218409538269,20939
0.6633141279220581,0.3366858661174774,37317
0.536198902130127,0.4638011157512665,50594
0.2265873521566391,0.7734126567840576,12005
0.2785398632287979,0.7214601397514343,37979
0.3870414555072784,0.6129585146903992,70450
0.48088291883468626,0.5191170930862427,66123
0.5823791861534119,0.41762079000473024,67080
0.17503421604633332,0.8249657869338989,25225
0.7173561692237854,0.28264384567737577,44669
0.20527316331863404,0.794726824760437,59909
0.3769487142562866,0.6230512857437134,25183
0.6585371613502502,0.3414628803730011,73
0.21079121828079223,0.7892087936401367,23910
0.5823849081993103,0.4176150858402252,38915
0.05320209488272667,0.9467979073524475,13775
0.881680965423584,0.11831905543804169,9737
0.5094456553459168,0.4905543506145477,22409
0.7676592588424682,0.23234073519706727,53262
0.2631672233343124,0.7368327736854553,40561
0.7841699361801148,0.2158300668001175,61587
0.6097988247871399,0.39020119309425355,18955
0.81559898853302,0.1844010055065155,55657
0.716885256767273,0.28311475217342374,64031
0.07478149235248566,0.9252185106277466,35919
0.36225557923316953,0.6377444267272949,73669
0.4964890003204346,0.5035110235214233,19793
0.5618057489395142,0.4381942808628082,31267
0.5742990255355835,0.42570099234580994,12104
0.5959051609039306,0.40409483313560485,7413
0.5553323328495026,0.444667661190033,49595
0.7790433645248414,0.2209566444158554,72395
0.4136460065841675,0.5863539934158325,52326
0.10518641322851181,0.8948135852813721,55
0.2853191435337067,0.7146808385849,53714
0.47605852484703065,0.5239414811134339,51137
0.6100802421569824,0.3899197459220886,59108
0.5361673533916473,0.4638326704502106,50020
0.729038667678833,0.2709613412618637,20189
0.5442962408065796,0.45570377111434934,1039
0.8326574087142944,0.1673425704240799,29978
0.8437857627868652,0.15621424615383148,64579
0.7437706232070923,0.25622938573360443,28202
0.4597648739814758,0.5402351379394531,61316
0.7114135384559631,0.28858641982078553,50212
0.4337190330028534,0.5662809669971466,57876
0.8455977439880371,0.154402257502079,30070
0.37311939597129823,0.6268806219100952,60150
0.8419329643249511,0.15806702226400376,2915
0.498274028301239,0.5017259538173675,8663
0.1241147443652153,0.875885272026062,58108
0.7257725119590759,0.27422748506069183,6690
0.5487364172935486,0.45126359462738036,41956
0.4446182489395142,0.5553817808628082,58146
0.5945861101150512,0.40541385412216185,15603
0.4022373676300049,0.597762656211853,24459
0.6010364890098572,0.39896350502967837,61605
0.9323184728622437,0.06768153831362725,1054
0.6712692379951477,0.3287307620048523,67105
0.23908023536205292,0.7609197616577148,37799
0.10039042830467224,0.8996095538139344,6927
0.4458435893058777,0.5541564166545868,59090
0.5153198421001435,0.48468017578125,43663
0.43059645891189574,0.5694035410881042,71113
0.7898091435432434,0.2101908564567566,70180
0.6590647578239441,0.34093523025512695,15843
0.1827945590019226,0.8172054409980773,16934
0.519390606880188,0.48060941100120547,286
0.7990187883377076,0.2009812116622925,54215
0.6579218983650208,0.3420781046152115,58483
0.400741183757782,0.5992588043212891,49847
0.12272152602672577,0.8772784829139709,43798
0.4922849953174591,0.5077149868011475,51301
0.7030518889427185,0.29694809913635256,20692
0.32803735435009,0.6719626545906067,51259
0.8454339027404785,0.15456612408161163,540
0.5232518911361694,0.4767480969429016,18648
0.8808168172836304,0.1191831573843956,59323
0.502328896522522,0.49767109751701355,32425
0.21614469587802887,0.7838553071022034,58441
0.8032472848892211,0.19675272405147554,6149
0.2339645057916641,0.7660354852676392,72445
0.243707874417305,0.7562921285629273,22224
0.8736647367477417,0.12633524388074874,24976
0.7079522371292114,0.2920477867126465,14171
0.4198582708835602,0.5801417469978333,62718
0.21751149594783784,0.7824885129928589,19035
0.3080357193946838,0.6919642686843872,52865
0.5356764912605285,0.46432353258132936,35527
0.7377796053886414,0.2622204124927521,19137
0.9183720707893371,0.08162791877985001,14812
0.6562065839767456,0.34379340410232545,51655
0.31588364243507383,0.6841163754463195,12145
0.8227091789245605,0.1772908240556717,36605
0.6179640769958497,0.3820359230041504,19437
0.7350530624389648,0.26494695246219635,17821
0.72221759557724,0.27778238654136655,29695
0.27538595497608187,0.7246140718460083,40067
0.07775556445121765,0.9222444415092468,37921
0.8915312051773071,0.10846879780292511,24099
0.7112438559532166,0.28875612318515775,48606
0.6511358141899108,0.3488641917705536,67161
0.6152788758277893,0.3847211182117462,64746
0.43584365844726564,0.5641563415527344,38525
0.8659561395645141,0.13404385149478912,688
0.35972610116004944,0.6402738928794861,56301
0.4750800371170044,0.5249199628829956,74255
0.8527683973312378,0.14723159074783326,44142
0.5073824048042297,0.4926175832748413,3816
0.3647127151489258,0.6352872490882874,48262
0.6530268311500549,0.3469731569290161,38720
0.6383015036582946,0.3616985321044922,19549
0.2925183892250061,0.7074816226959229,15364
0.18590931892395018,0.8140906810760498,58122
0.7414594292640686,0.258540540933609,1201
0.5278852224349976,0.47211477160453796,14489
0.7333916902542115,0.26660834550857543,11519
0.3182413101196289,0.6817587018013,71815
0.29473971724510195,0.7052602648735047,57640
0.6554377198219299,0.34456228017807006,30048
0.8842594027519226,0.1157406136393547,5668
0.26336505115032194,0.7366349577903748,36471
0.7059046268463135,0.2940953552722931,23606
0.42886061668395997,0.571139395236969,38124
0.21250104904174805,0.7874989151954651,37129
0.27649969458580015,0.7235002875328064,57588
0.6826645374298096,0.31733545660972595,34777
0.5610963106155396,0.43890370726585387,45389
0.7064085364341736,0.2935914576053619,49764
0.907514750957489,0.09248526990413666,51491
0.5825131893157959,0.4174868166446686,44851
0.06479443460702897,0.9352055788040161,12995
0.13061632215976715,0.8693836450576782,71328
0.5144956827163696,0.4855043351650238,26555
0.8447409987449646,0.15525901317596436,43138
0.45659109950065613,0.5434089004993439,52939
0.6883469343185424,0.31165305376052854,65258
0.5073846459388733,0.4926153540611267,64337
0.2678986847400665,0.732101309299469,10280
0.24256154298782348,0.7574384689331055,42202
0.8862618327140808,0.11373817920684814,47840
0.6591403007507324,0.3408597052097321,61987
0.42660513520240784,0.5733948707580566,23279
0.6023258924484253,0.39767411947250364,47054
0.740511691570282,0.25948831140995027,30990
0.8111540794372558,0.18884591460227967,23221
0.7281041741371155,0.2718958020210266,68532
0.7201961755752564,0.27980381846427915,73073
0.7737668514251709,0.22623316049575806,63391
0.42769336700439453,0.5723066210746766,53260
0.8113778233528137,0.18862216919660568,41957
0.16433008909225463,0.8356698989868164,49459
0.8549334764480591,0.1450665608048439,34997
0.776012372970581,0.2239876478910446,51641
0.8809213995933532,0.11907859444618225,53257
0.7492365717887879,0.25076342523097994,65859
0.25334352850914,0.7466564297676086,30631
0.6652784824371338,0.33472153544425964,72801
0.20945529043674468,0.7905447363853455,7891
0.4505210220813751,0.5494789898395538,52890
0.8669613122940063,0.133038666844368,24016
0.5818778157234192,0.41812220215797424,68495
0.7031280636787415,0.296871954202652,64389
0.29232838153839114,0.7076716303825379,32521
0.4286109745502472,0.5713890433311463,66338
0.6185630559921265,0.3814369559288025,50781
0.860161554813385,0.13983844518661498,70839
0.9110390305519104,0.08896096646785737,72765
0.8099573016166687,0.1900427132844925,53520
0.4380132079124451,0.5619867980480194,5300
0.6241151452064514,0.37588484287261964,72466
0.8859116077423096,0.11408842504024505,62355
0.437030166387558,0.5629698038101196,13803
0.65840984582901,0.34159015417099,46753
0.5025134801864624,0.4974865257740021,62318
0.43864181637763977,0.5613581776618958,4149
0.5816851019859314,0.4183149039745331,52957
0.6235269784927369,0.3764730215072632,46743
0.6734310150146484,0.3265689849853516,73954
0.1424407973885536,0.8575592279434204,54955
0.4500142872333527,0.5499856829643249,3434
0.25474846065044404,0.7452515363693237,42909
0.8885762453079223,0.11142376512289047,54346
0.04608437046408653,0.9539156198501587,38253
0.3424555897712708,0.6575443983078003,28623
0.4294074475765228,0.5705925703048706,3907
0.6771566033363342,0.3228434145450592,25777
0.8416469931602478,0.158352991938591,47040
0.7151827216148376,0.2848172903060913,23629
0.33087496757507323,0.6691250085830689,15542
0.5968232154846191,0.40317681431770325,29262
0.20360658168792725,0.7963934421539307,37807
0.3815172016620636,0.618482768535614,24628
0.435151731967926,0.5648482501506805,25849
0.457691365480423,0.5423086047172546,70590
0.873373520374298,0.12662649899721146,17122
0.4335824608802795,0.566417521238327,7209
0.7272034883499146,0.2727965205907822,2306
0.46494304537773135,0.5350569486618042,38433
0.11768832802772522,0.8823116898536683,36583
0.4396270036697388,0.5603729724884033,18687
0.4116880834102631,0.5883119225502014,12634
0.5873707056045532,0.41262927651405334,2139
0.6525236248970032,0.34747637510299684,31545
0.5407834589481354,0.4592165231704712,70354
0.6335236549377441,0.36647634506225585,16994
0.33395875692367555,0.6660412430763245,39416
0.39359232783317566,0.6064076662063599,68260
0.5892865657806396,0.4107134521007538,66745
0.6004441380500793,0.3995558738708496,1521
0.4112080276012421,0.5887920141220093,70981
0.22637317180633545,0.7736267924308777,73639
0.4978332221508026,0.5021667838096618,61679
0.7211187839508056,0.27888122797012327,812
0.6944210171699524,0.3055789828300476,42238
0.3782481670379639,0.6217518210411072,68951
0.8187142848968506,0.18128569126129152,57338
0.5381836056709289,0.46181638836860656,4290
0.3205984830856323,0.6794015407562256,39084
0.1297117590904236,0.8702882647514343,26061
0.8586010575294495,0.14139894843101503,30818
0.7232936978340149,0.2767063170671463,18054
0.4496865153312683,0.5503134846687316,46318
0.20069632828235626,0.799303662776947,33977
0.4215628445148468,0.5784371376037598,21841
0.5820979952812195,0.41790197491645814,8286
0.6346866250038147,0.3653133749961853,12279
0.2740378022193909,0.7259621977806091,21627
0.3336764395236969,0.6663235545158386,21795
0.5533890128135681,0.4466110169887543,958
0.7602614402770996,0.23973854780197143,64439
0.1329641282558441,0.8670358777046203,43905
0.8994933843612671,0.1005065992474556,7361
0.470378053188324,0.529621934890747,52342
0.7454048037528992,0.254595211148262,46207
0.10100335478782654,0.898996639251709,9289
0.14114109575748443,0.858858871459961,74112
0.5274191498756409,0.4725808322429657,67326
0.6494194746017456,0.3505805253982544,29965
0.35870684385299684,0.6412931442260742,35862
0.7351085066795349,0.26489147543907166,56131
0.41150965690612795,0.5884903550148011,2373
0.7225785970687866,0.2774213582277298,64606
0.7150941014289856,0.28490590751171113,48139
0.3941184043884277,0.6058815956115723,66783
0.5693728685379028,0.4306271135807037,11271
0.4655394792556763,0.5344605147838593,4092
0.47897650599479674,0.5210234820842743,65152
0.3734438598155975,0.626556134223938,61104
0.6306960225105286,0.3693039774894714,28706
0.11669298261404037,0.8833070039749146,64469
0.5898467421531677,0.41015323996543884,57877
0.8992708563804627,0.10072913020849228,65264
0.4910124123096466,0.50898756980896,15120
0.6120633363723755,0.3879366755485535,66246
0.2176122784614563,0.7823877453804016,36199
0.7112858414649963,0.28871414065361023,53816
0.6001410961151123,0.39985889196395874,62789
0.24053467214107513,0.7594653367996216,48320
0.28358656764030454,0.7164134621620178,25644
0.3686769187450409,0.6313230872154236,35500
0.4060687243938446,0.5939312934875488,5277
0.6052435755729675,0.394756418466568,66422
0.2638734936714172,0.7361265063285828,65653
0.772964072227478,0.22703595459461212,53930
0.5027722179889679,0.4972277879714966,28327
0.39135351181030276,0.6086465120315552,71734
0.1237831324338913,0.8762168884277344,63331
0.1641647756099701,0.8358352184295654,54710
0.35310643911361694,0.646893572807312,32817
0.4391506612300873,0.5608493685722351,41769
0.30040040612220764,0.69959956407547,50117
0.5825493574142456,0.4174506485462189,5897
0.40607093572616576,0.5939290642738342,48214
0.3311713218688965,0.6688286781311035,43054
0.8733662128448486,0.12663378119468688,43268
0.5145792901515961,0.4854207277297974,18389
0.8107147812843323,0.1892852246761322,7003
0.6785821914672852,0.3214177906513214,31375
0.5881009340286255,0.4118990540504456,2047
0.32036384344100954,0.6796361684799195,19108
0.2587972104549408,0.7412027955055237,30370
0.7418229460716248,0.25817708671092987,49354
0.8173796772956848,0.18262033760547638,32057
0.6490283966064453,0.3509716033935547,62939
0.815758490562439,0.18424153923988343,11258
0.49584375619888305,0.5041562795639039,62967
0.6414517879486084,0.35854820907115936,69425
0.6734149098396301,0.32658510804176333,28283
0.8541833281517028,0.14581665694713591,55255
0.6446112632751465,0.355388742685318,32232
0.11724034696817398,0.8827596306800842,37023
0.33440321385860444,0.6655967831611633,70532
0.4842118799686432,0.5157881140708923,38252
0.15665673315525055,0.8433432698249816,27537
0.18323613107204437,0.8167638659477234,32219
0.8302390575408936,0.16976094543933867,57507
0.31205235719680785,0.6879476428031921,32269
0.5277399837970733,0.4722600162029266,71665
0.3475749552249908,0.6524250388145447,63906
0.0768430083990097,0.9231569766998291,46422
0.5167455315589905,0.483254474401474,3805
0.2706671625375748,0.7293328523635865,15687
0.4144324004650116,0.5855675935745239,38989
0.6837574958801269,0.31624249219894407,23921
0.2120291382074356,0.7879708647727967,67234
0.4066550374031067,0.5933449745178223,5235
0.638730812072754,0.36126919388771056,31202
0.08256503120064736,0.9174349546432495,66583
0.7980423688888549,0.20195764005184175,60347
0.3277744591236115,0.6722255229949952,67319
0.8248989224433899,0.17510107457637786,51027
0.21175061166286469,0.788249385356903,65624
0.7367695569992065,0.2632304668426514,7543
0.34626327753067015,0.653736698627472,52647
0.7112040996551514,0.28879591524600984,45491
0.39529678225517273,0.6047032594680786,9518
0.4728780448436737,0.5271219730377197,53607
0.6170783877372742,0.3829216182231903,28384
0.4032764136791229,0.5967235565185547,5553
0.7558587074279786,0.24414129853248595,13125
0.5630110263824463,0.43698895573616026,23432
0.8366401076316834,0.16335987746715547,73897
0.38652628660202026,0.6134737253189086,71781
0.267005643248558,0.7329943537712097,31163
0.7044886708259582,0.2955113112926483,40446
0.2596410483121872,0.7403589367866517,12355
0.3456972301006317,0.6543027639389039,27009
0.4744424641132355,0.5255575597286224,57586
0.7477468132972718,0.25225318074226377,57412
0.8508677840232849,0.14913224279880524,67979
0.16841319799423218,0.8315868020057678,29224
0.37268670201301574,0.6273132920265198,61580
0.7922931790351868,0.20770682096481324,9032
0.8898174285888671,0.1101825550198555,73207
0.8321125149726868,0.1678874671459198,38518
0.5645790457725525,0.43542095422744753,14857
0.13060372322797775,0.8693962812423706,41949
0.6461449861526489,0.3538550138473511,53309
0.8835448861122132,0.11645513623952866,58852
0.6741994738578796,0.3258005023002625,67850
0.5874698042869568,0.4125301957130432,24150
0.2833037436008453,0.7166962504386902,69187
0.2874924957752228,0.7125074982643127,23976
0.39163233041763307,0.6083676815032959,45456
0.4476436495780945,0.5523563265800476,69334
0.9531741976737976,0.04682580754160881,11187
0.3652582883834839,0.634741735458374,2663
0.18353032171726227,0.816469669342041,43957
0.7071752309799194,0.2928247630596161,56115
0.6920626282691955,0.30793735682964324,4904
0.4694540977478027,0.5305459082126618,3041
0.45312326550483706,0.5468767285346985,8151
0.5549124360084534,0.44508756399154664,13642
0.45367918014526365,0.5463208079338073,3320
0.267703652381897,0.7322963237762451,50151
0.7180726289749145,0.28192734718322754,262
0.5691151976585388,0.4308847963809967,61497
0.5684826016426087,0.43151737451553346,35665
0.7293538331985474,0.27064616680145265,55685
0.9243941903114319,0.07560581266880036,47213
0.17936397194862366,0.8206360220909119,29781
0.6853756070137024,0.31462438106536866,5371
0.41363874077796936,0.5863612413406372,3074
0.5946097195148468,0.40539029240608215,63604
0.6658089280128479,0.33419105410575867,61012
0.515375804901123,0.48462420105934145,47338
0.39799764156341555,0.6020023703575135,44059
0.8694058060646057,0.13059419244527817,63299
0.8159523010253906,0.18404772579669954,36768
0.6862401604652405,0.3137598246335983,34741
0.3490942597389221,0.6509057283401489,64291
0.5183876037597657,0.4816123902797699,6320
0.4703351557254791,0.5296648025512696,2342
0.611280357837677,0.3887196481227875,44797
0.27439579367637634,0.7256042003631592,65467
0.5121936023235321,0.48780636191368104,18628
0.1644228845834732,0.8355770945549011,13014
0.2836006313562393,0.716399359703064,65396
0.8639063358306884,0.1360936626791954,60530
0.4723897993564606,0.5276102244853973,11036
0.26178410053253176,0.7382159233093262,26920
0.5493706047534943,0.45062939524650575,72565
0.16277797818183898,0.8372220039367676,30148
0.47675018310546874,0.5232498168945312,68220
0.2842252850532532,0.7157747268676757,67847
0.6619221806526184,0.33807783424854276,47170
0.7439062237739563,0.256093767285347,40204
0.14108021259307862,0.8589197397232056,14638
0.8884791135787964,0.11152092218399048,52731
0.9204384207725524,0.07956157922744751,57076
0.7135663866996765,0.28643361330032346,42660
0.4719657897949219,0.528034222126007,19673
0.8940219521522522,0.10597804039716721,44395
0.37570189237594603,0.6242981076240539,12386
0.3342430114746094,0.6657569885253907,8920
0.43013858795166016,0.5698614001274109,34042
0.8547490477561951,0.14525092840194703,16228
0.30964246988296507,0.6903575301170349,36663
0.800264036655426,0.19973596334457397,37848
0.24991535544395446,0.750084638595581,70076
0.6999892830848694,0.30001072585582733,10285
0.6128647565841675,0.3871352195739746,51775
0.8377411603927613,0.16225882321596147,62409
0.4710285007953644,0.5289715051651,59597
0.5259536683559418,0.4740463137626648,29761
0.5323673129081726,0.46763270497322085,9173
0.6213493466377258,0.37865065336227416,25056
0.8729447245597839,0.1270552769303322,44100
0.23247474431991577,0.7675252914428711,70625
0.06562867388129234,0.9343713521957397,32499
0.18833856880664826,0.8116613984107971,24011
0.5324864745140075,0.4675135433673859,13760
0.8461617946624755,0.1538381829857826,24603
0.6229553818702698,0.3770445644855499,43738
0.5390209794044495,0.4609790027141571,36718
0.6578115940093994,0.3421884059906006,37863
0.6950833678245545,0.30491661429405215,35957
0.14574144929647445,0.8542585253715516,36336
0.7849963188171387,0.21500369906425476,34791
0.16226315051317214,0.8377368330955506,73351
0.8221641659736634,0.17783583849668502,53424
0.4353981137275696,0.5646018743515014,60067
0.499063777923584,0.5009362280368805,66979
0.4284880518913269,0.5715119481086731,48577
0.42875116467475893,0.5712488412857055,65499
0.8639777421951294,0.13602221459150315,54552
0.7501492142677307,0.24985080659389497,58219
0.1842159777879715,0.8157840132713318,37582
0.628363847732544,0.37163612246513367,57343
0.7159032344818115,0.284096771478653,55079
0.35402897000312805,0.6459710717201232,9474
0.43274033069610596,0.567259669303894,42092
0.3898807346820831,0.6101192653179168,71522
0.6503205299377441,0.3496794760227203,58786
0.9068595051765442,0.09314050078392029,14828
0.9215044021606446,0.07849557399749756,57292
0.20506245493888856,0.7949375510215759,26718
0.6387240886688232,0.36127589344978334,30987
0.7528588533401489,0.2471411257982254,53190
0.38207702040672303,0.6179229617118835,55906
0.6392737746238708,0.36072624921798707,20481
0.7781178593635559,0.22188215255737304,48273
0.5185939550399781,0.481406033039093,31494
0.18875592052936555,0.8112440586090088,40845
0.25746106803417207,0.7425389409065246,3076
0.6010509014129639,0.3989491045475006,58725
0.7549301147460937,0.24506990015506744,1352
0.8427152633666992,0.15728471875190736,42840
0.25521911680698395,0.7447808861732483,46330
0.5751943588256836,0.42480563521385195,61089
0.2445613294839859,0.7554386734962464,60595
0.2108621746301651,0.7891378164291382,44312
0.26075986325740813,0.7392401576042176,2361
0.7705019235610961,0.2294980466365814,70736
0.6613759279251099,0.33862406611442564,33986
0.7471140623092651,0.2528859257698059,65864
0.7044735431671143,0.2955264627933502,52173
0.8488713502883911,0.15112863779067992,39666
0.6364952206611634,0.36350477337837217,44651
0.8313918471336365,0.16860815286636352,12215
0.3160442590713501,0.6839557528495789,5324
0.4840772211551666,0.5159227848052979,63091
0.19532538056373597,0.8046746373176574,54636
0.3976032793521881,0.6023967266082764,53227
0.35622761845588685,0.6437723994255066,30821
0.48334287405014037,0.5166571140289307,15895
0.08704454898834228,0.9129554390907287,18143
0.25215929448604585,0.747840678691864,17003
0.3359797239303589,0.6640202641487122,56017
0.8917497992515564,0.10825024098157883,61475
0.8342110991477967,0.16578889340162278,34939
0.3507381021976471,0.6492619037628173,69280
0.7315443277359008,0.2684557050466537,42131
0.11114400774240493,0.8888560056686401,49402
0.7668206572532654,0.23317933082580566,66177
0.21282369196414946,0.7871763229370117,2167
0.7630780696868896,0.23692193627357483,42267
0.8853692889213562,0.11463069468736649,13412
0.6364789843559265,0.36352100372314455,62313
0.47245306372642515,0.5275469601154328,47411
0.8696649670600891,0.13033502399921418,23308
0.09388945102691651,0.9061105489730835,22750
0.7835619807243347,0.21643801033496857,22833
0.6167886018753052,0.3832113862037659,5990
0.707878303527832,0.2921216577291489,38201
0.4636707901954651,0.536329197883606,37016
0.24020116329193114,0.7597988367080688,39291
0.5675307393074036,0.4324692726135254,35827
0.8299961686134338,0.17000382840633393,73067
0.1782654494047165,0.8217345237731933,4198
0.5578190088272095,0.4421809911727905,72978
0.7502335190773011,0.24976647794246673,7457
0.2987731218338013,0.7012268424034118,16354
0.5994676351547241,0.4005323529243469,56916
0.6676009058952331,0.3323991119861603,30914
0.607230830192566,0.39276917576789855,19031
0.8039801836013794,0.19601981937885285,26904
0.5048113286495208,0.4951886773109436,45942
0.6195384621620178,0.3804615318775177,37471
0.5372457206249237,0.46275428533554075,41819
0.461400705575943,0.5385993242263794,41968
0.29717835783958435,0.7028216242790222,27943
0.34955846071243285,0.6504415512084961,27674
0.6568484425544738,0.34315154552459715,2099
0.8140902400016785,0.18590973317623138,27636
0.5287309288978577,0.4712690651416779,71102
0.5349565148353577,0.46504345536231995,34015
0.7710944175720215,0.2289055734872818,44103
0.5454462766647339,0.4545537233352661,23401
0.3089821994304657,0.6910177946090699,35567
0.38610331416130067,0.6138966798782348,65117
0.43279064893722535,0.5672093272209168,66800
0.8137567520141602,0.18624323904514312,2689
0.38602861762046814,0.6139713764190674,3822
0.8594825387001037,0.1405174672603607,54228
0.4398531377315521,0.5601468682289124,3629
0.3848206400871277,0.6151793956756592,26492
0.8020336747169494,0.1979663223028183,68536
0.3749856173992157,0.6250143647193909,63971
0.27962221801280973,0.720377790927887,20789
0.9114973306655884,0.0885026752948761,4216
0.8032034754753112,0.19679654240608216,18667
0.7961755990982056,0.2038244217634201,30651
0.6126474857330322,0.3873524844646454,57180
0.7645978331565857,0.23540216982364653,6891
0.10099569261074066,0.899004316329956,21754
0.4367940127849579,0.5632060170173645,26248
0.47211664319038393,0.5278833389282227,67197
0.7056312799453736,0.29436870813369753,33
0.3191383838653564,0.6808616161346436,30865
0.5986421227455139,0.4013578712940216,14315
0.40428749322891233,0.5957124948501586,53119
0.6787551283836365,0.3212448596954346,50253
0.657784104347229,0.3422159135341644,49814
0.6548948168754578,0.34510517716407774,64544
0.8770929098129272,0.12290710359811782,64973
0.21399180889129638,0.7860081911087036,17607
0.21307560801506042,0.786924409866333,59672
0.44760252833366393,0.5523975133895874,32490
0.33649243116378785,0.6635075688362122,65344
0.8367963790893554,0.16320363581180572,73886
0.8799404740333557,0.12005953639745712,36507
0.2343488961458206,0.7656511068344116,11563
0.29337167739868164,0.7066282987594604,24007
0.3680209755897522,0.6319790244102478,14382
0.7769303441047668,0.2230696439743042,5758
0.48987788558006284,0.5101220905780792,71583
0.41727095246315005,0.5827290296554566,14618
0.2762312561273575,0.7237687587738038,52098
0.5735996007919312,0.4264004409313202,41297
0.8273695707321167,0.17263040840625762,39036
0.3856452703475952,0.6143547415733337,45505
0.8863571763038636,0.11364283412694931,4741
0.6425718426704407,0.35742815732955935,8582
0.26893829107284545,0.7310617327690124,53164
0.8431505560874939,0.15684944093227388,34787
0.48793519735336305,0.512064802646637,38532
0.2755430907011032,0.7244568943977356,16436
0.7317927002906799,0.2682072728872299,23669
0.26977275013923646,0.730227267742157,943
0.4573413372039795,0.542658680677414,38014
0.6940048336982727,0.30599517226219175,57576
0.16611234545707704,0.8338876366615295,12020
0.5481061220169068,0.45189387202262876,12859
0.15250990390777588,0.847490108013153,7823
0.09336378276348115,0.9066362261772156,30798
0.5698123931884765,0.43018758893013,21298
0.1432577610015869,0.8567422389984131,70472
0.5193023145198822,0.4806976914405823,55289
0.31447904109954833,0.6855209827423095,55068
0.8348335742950439,0.1651664286851883,45657
0.5058212399482727,0.4941787660121918,17335
0.8448373794555664,0.15516261458396913,40209
0.45753533244132993,0.5424646735191345,14512
0.7378806591033935,0.26211935877799986,12533
0.34191601276397704,0.6580839872360229,30336
0.45615519881248473,0.543844747543335,30554
0.9278571844100952,0.07214282974600791,69208
0.6993375182151794,0.30066247582435607,22217
0.7105328202247619,0.2894671857357025,225
0.5568798363208771,0.4431201577186584,63448
0.7392715573310852,0.2607284277677536,4386
0.6208059668540955,0.37919402718544004,48276
0.8342089772224426,0.16579103767871856,26978
0.30854066610336306,0.6914593577384949,47231
0.847191858291626,0.15280812829732895,41464
0.4345638155937195,0.5654361844062805,2376
0.40004608035087585,0.5999539136886597,6290
0.7592609882354736,0.24073899388313294,61422
0.12460675090551376,0.8753932356834412,11983
0.3563955307006836,0.6436044812202454,4314
0.685676884651184,0.31432307958602906,24500
0.12092384546995164,0.8790761828422546,61376
0.32942512035369875,0.6705748796463012,38711
0.6577180862426758,0.3422819197177887,41671
0.65877286195755,0.34122711420059204,32648
0.38138213753700256,0.6186178803443909,41470
0.665978980064392,0.3340210258960724,41390
0.5728527665138244,0.42714723944664,46252
0.6430933594703674,0.3569066524505615,38930
0.3713321924209595,0.6286677956581116,35648
0.5393818736076355,0.4606181561946869,4977
0.45880516767501833,0.5411948323249817,12879
0.5112425506114959,0.48875741958618163,38756
0.7262349605560303,0.27376502752304077,12726
0.3245942950248718,0.6754057288169861,24607
0.6312497019767761,0.36875033378601074,65506
0.8255493521690369,0.17445064783096315,68265
0.7456369161605835,0.2543631076812744,28587
0.4820004105567932,0.5179995656013489,36373
0.5883808970451355,0.4116190969944,57253
0.8567769527435303,0.14322308152914048,7758
0.5671864867210388,0.43281354308128356,3888
0.8433009147644043,0.15669907331466676,69408
0.8685110688209534,0.13148891627788545,23967
0.687693452835083,0.31230653524398805,46181
0.43191455602645873,0.5680854439735412,70999
0.8089764356613159,0.19102355241775512,3919
0.5575628519058228,0.4424371361732483,70133
0.579107666015625,0.42089232206344607,7498
0.27226257920265196,0.7277374386787414,58022
0.8487440466880798,0.15125595331192015,14108
0.7068869113922119,0.29311308860778806,59529
0.72315514087677,0.27684485614299775,48566
0.726787519454956,0.27321249842643736,47392
0.5841968417167663,0.41580315828323366,60913
0.6433560252189636,0.3566439986228943,50662
0.06645969897508622,0.9335402965545654,54452
0.06360183954238892,0.9363981723785401,3003
0.6339041233062744,0.36609586477279665,27232
0.5992458820343017,0.4007541298866272,15613
0.5923144459724426,0.40768555998802186,54783
0.9136704683303833,0.08632951378822326,40028
0.7790347456932067,0.22096522748470307,39653
0.5187507271766663,0.4812492549419403,74218
0.3289100587368011,0.6710899472236633,49381
0.16401830911636353,0.8359816789627075,58324
0.6125784039497375,0.3874216079711914,17761
0.5623781442642212,0.43762187361717225,36933
0.27418129444122313,0.7258186936378479,11403
0.3733533024787903,0.6266466736793518,43121
0.27372493743896487,0.726275098323822,19000
0.1587824046611786,0.8412175893783569,25803
0.4733340561389923,0.5266659379005432,56539
0.4794686734676361,0.5205313265323639,71950
0.46239527463912966,0.5376047313213348,71834
0.7624054789543152,0.2375945121049881,45612
0.36740581393241883,0.6325941920280457,58023
0.6403548955917359,0.3596451222896576,51012
0.7021957516670227,0.29780426919460296,67327
0.09564583152532577,0.9043541431427002,46732
0.1311394527554512,0.8688605427742004,11715
0.4241763472557068,0.5758236527442933,32137
0.15335117876529694,0.8466488122940063,10725
0.566911256313324,0.43308873772621154,32350
0.8847757697105407,0.1152242049574852,46346
0.6341113328933716,0.36588866710662843,7
0.6164888620376587,0.38351112604141235,53908
0.6845129251480102,0.3154870331287384,71555
0.6204779028892518,0.37952210903167727,72807
0.5416659474372864,0.4583340406417847,52170
0.37340264320373534,0.6265973448753357,69709
0.4648303210735321,0.5351696729660034,60472
0.6059388518333435,0.3940611779689789,58340
0.5425969362258911,0.4574030935764313,7514
0.7915018916130065,0.20849811136722565,25752
0.7564739465713501,0.24352604150772095,3266
0.6603621482849121,0.33963786363601683,47001
0.7886902332305908,0.2113097697496414,72311
0.30991207957267763,0.6900879144668579,41519
0.23568182587623596,0.7643181562423706,16636
0.589828372001648,0.41017162799835205,37289
0.47210146188735963,0.5278985440731049,11394
0.7685611248016357,0.23143889904022216,50696
0.730156135559082,0.26984387934207915,51685
0.2848628103733063,0.7151371836662292,3790
0.5306918025016785,0.46930818557739257,19384
0.624423086643219,0.3755769312381744,64693
0.16233218908309938,0.8376677989959717,51848
0.15725405812263488,0.8427459359169006,42764
0.8581179022789002,0.14188207685947418,63902
0.11403773874044418,0.8859622597694397,41712
0.15080077946186066,0.8491992115974426,63638
0.7462039709091186,0.25379602015018465,12785
0.1034681335091591,0.8965318441390991,61813
0.6983613491058349,0.3016386449337006,73551
0.5773034930229187,0.42269653677940366,51643
0.3559475004673004,0.6440525054931641,43289
0.818984079360962,0.18101591169834136,35529
0.8489927411079407,0.15100726187229158,3648
0.6555202603340149,0.34447973370552065,6316
0.5371926963329315,0.4628072500228882,39893
0.4391448199748993,0.5608551859855652,61320
0.1906749874353409,0.8093249917030334,36419
0.8012844800949097,0.1987155258655548,87
0.541106104850769,0.458893883228302,41239
0.6106303215026856,0.38936969041824343,57067
0.0673429362475872,0.9326570987701416,74061
0.14236407727003098,0.8576359391212464,16047
0.666651701927185,0.3333482682704926,50845
0.35137850046157837,0.6486215353012085,66875
0.4104916214942932,0.5895084023475647,30339
0.6385861158370971,0.3614138841629028,12010
0.7460576295852661,0.25394236743450166,27070
0.6682804226875305,0.3317195475101471,26761
0.9378145813941956,0.06218545362353325,43344
0.15350916981697083,0.8464908242225647,68651
0.725976312160492,0.2740236759185791,17052
0.5392406821250916,0.46075932383537294,5138
0.313350248336792,0.6866497278213501,35100
0.13880343437194825,0.8611965894699096,40516
0.6275136232376098,0.37248638868331907,70721
0.13681914657354355,0.8631808638572693,15269
0.4736692190170288,0.5263308048248291,13076
0.6095124840736389,0.3904874920845032,15886
0.7954810380935669,0.20451896786689758,10998
0.5645368337631226,0.435463148355484,33200
0.2874243348836899,0.7125756502151489,26162
0.6455439567565918,0.3544560432434082,45770
0.640455961227417,0.3595440685749054,15216
0.10532139390707015,0.8946785926818848,56838
0.5996409177780151,0.4003591001033783,64273
0.7016801118850708,0.2983198881149292,1634
0.37535250186920166,0.6246474862098694,21248
0.16514401137828827,0.8348559975624085,13070
0.8580825209617615,0.14191744923591615,18093
0.6888103604316711,0.3111896634101868,46454
0.09771834164857865,0.902281665802002,69055
0.8449508428573609,0.15504918098449708,35115
0.6079949378967285,0.39200504422187804,34653
0.4289689600467682,0.5710310459136962,11667
0.8609969139099121,0.13900307416915894,43761
0.6096710801124573,0.3903289377689362,4525
0.8713174223899841,0.12868256270885467,55586
0.7825109004974365,0.2174891024827957,28618
0.603081464767456,0.3969185411930084,19309
0.268866366147995,0.7311336398124695,18573
0.8115782380104065,0.1884217619895935,63905
0.7572594165802002,0.24274057149887085,29749
0.7539300084114074,0.2460700035095215,69333
0.7605268955230713,0.23947311639785768,44929
0.905702006816864,0.09429795891046525,39558
0.44179950952529906,0.558200478553772,54435
0.24261140525341035,0.7573886036872863,71377
0.7215924024581909,0.2784075796604156,38491
0.20479345619678496,0.7952065587043762,57670
0.6677597165107727,0.3322402834892273,62715
0.5696875214576721,0.4303124725818634,34307
0.6216210722923279,0.37837895154953005,1387
0.8289279222488404,0.1710720807313919,25916
0.8445539116859436,0.15544609427452089,31329
0.15592620372772217,0.8440737843513488,45391
0.5598935127258301,0.440106475353241,4213
0.1537770301103592,0.846222972869873,49521
0.4689173996448517,0.5310825824737548,24820
0.7001065969467163,0.2998934268951416,54523
0.24647645354270936,0.7535235524177551,28074
0.08196901977062225,0.9180310249328614,18418
0.4818177938461304,0.5181822180747986,25046
0.6335813760757446,0.3664186537265778,60739
0.41680142283439636,0.5831986188888549,56866
0.5550032019615173,0.4449967861175537,3270
0.4116172671318054,0.5883827328681945,47940
0.26291109025478365,0.7370889067649842,35488
0.7848429203033447,0.21515705287456513,6434
0.7609407544136048,0.23905921578407288,26272
0.4545987010002136,0.5454013049602509,11648
0.6362998366355896,0.3637001395225525,45309
0.35415075421333314,0.6458492517471314,28197
0.20864612758159637,0.7913538455963135,53780
0.49696214199066163,0.503037840127945,24596
0.3150136351585388,0.6849863648414611,68034
0.1787043482065201,0.8212956547737121,28845
0.06295988336205482,0.9370401263236999,31591
0.5526529312133789,0.44734708070755,66380
0.7095445156097412,0.2904554963111877,38556
0.5661955595016479,0.43380444645881655,29983
0.6495968103408813,0.3504032015800476,30208
0.512788063287735,0.48721195459365846,29393
0.38361488580703734,0.6163851022720337,22795
0.4295543015003204,0.5704456925392151,32424
0.3120171815156937,0.6879827618598938,35264
0.6830821752548217,0.3169178247451782,69676
0.20677001178264617,0.7932299852371216,5749
0.6762377500534058,0.32376220226287844,3185
0.8069973349571228,0.19300268590450287,69953
0.744575583934784,0.2554244130849838,12037
0.7301486492156982,0.26985135674476624,64677
0.5388788223266602,0.46112118363380433,37496
0.4044337570667267,0.5955662608146668,60487
0.22248923182487487,0.7775107502937317,10501
0.49567570090293883,0.5043242812156677,40663
0.6277515769004822,0.37224839329719545,25649
0.900082802772522,0.09991717487573623,18286
0.3072301745414734,0.6927698254585266,61512
0.3369661748409271,0.6630338191986084,52902
0.8501307368278503,0.14986925572156906,34856
0.4119835734367371,0.5880164265632629,32290
0.11616045981645584,0.8838395714759827,69760
0.4453984797000885,0.554601514339447,63763
0.15743947625160218,0.8425605416297912,71304
0.21313799321651458,0.7868620038032532,54086
0.11236348748207092,0.8876365065574646,54362
0.3737294673919678,0.6262705326080322,44995
0.15749339163303375,0.8425066351890564,16169
0.39521493315696715,0.6047850370407104,6323
0.7696805119514465,0.23031947016716003,68796
0.6498544573783874,0.350145548582077,16243
0.520274692773819,0.4797252893447876,47175
0.31368069648742675,0.6863192796707154,12409
0.4885671079158783,0.5114328861236572,9554
0.5133770167827606,0.4866229832172394,73042
