founder_id,retention_status,prediction_probability
52685,Left,0.438340702824399
30585,Left,0.15009081476393404
54656,Stayed,0.9604213274156187
33442,Left,0.231292916709717
15667,Stayed,0.9906128366453093
3496,Stayed,0.8434398706520424
46775,Left,0.31396547381805573
72645,Left,0.21963882418561492
4941,Stayed,0.5066737118664436
65181,Left,0.269973850205588
49522,Left,0.30791764210213896
8195,Stayed,0.9821502380690438
52948,Stayed,0.895116820100488
35067,Left,0.3436168709836305
53650,Left,0.07579717082047806
49803,Stayed,0.5459132711620808
2213,Left,0.21213034708995124
48091,Stayed,0.5666130762199764
49462,Stayed,0.6012782756809912
16073,Stayed,0.7388097316784253
54967,Left,0.26995189437461176
35183,Left,0.34066247446051295
455,Stayed,0.7350181765090051
36359,Left,0.12679265475934873
36048,Left,0.39313544363689534
54081,Left,0.20503582017307298
17189,Left,0.3531343868695659
31516,Left,0.33650348736074626
3586,Stayed,0.8870360267610352
49198,Left,0.2183259092858117
60686,Left,0.21963456990081606
14616,Left,0.2620660751229583
12605,Stayed,0.8624526487899784
27617,Stayed,0.6300824079629325
23602,Left,0.062345780274424945
20883,Stayed,0.7847663213697291
64272,Left,0.141394884072203
71141,Left,0.05315547208556588
62438,Left,0.49275963159500424
55672,Stayed,0.9662898207056055
18843,Stayed,0.5557627979670158
59459,Left,0.40829309087539195
56488,Stayed,0.8543439352715919
11062,Left,0.16415735676254234
70350,Left,0.3454022334282297
25065,Left,0.374668881740622
59563,Left,0.4606547942576672
6080,Left,0.1554294813629954
65256,Left,0.39504123499145116
55816,Left,0.4534220578329415
48154,Stayed,0.7407981064696975
19598,Left,0.15489539089738352
45711,Left,0.3096924420951868
31921,Left,0.35977430557149437
28968,Left,0.1540840452524854
42658,Left,0.28914453435505433
33024,Left,0.12012664238879696
12971,Stayed,0.9288093306871349
5719,Left,0.14761790638591168
9331,Stayed,0.5432557030143934
64168,Stayed,0.77367812161619
20332,Stayed,0.9800390690063047
11169,Stayed,0.5294760541094995
30757,Left,0.3875480006919037
60983,Stayed,0.5430950089816433
26913,Left,0.09168185362670554
7546,Stayed,0.697453765654648
67990,Stayed,0.9650692284103272
34301,Left,0.12929787058942316
14321,Left,0.19793333792350995
53135,Stayed,0.7471542019207773
14669,Left,0.2502601296982197
43491,Left,0.06843276433763286
54054,Stayed,0.5446547693456432
7163,Left,0.3904502129308631
26780,Stayed,0.7508709963254327
13903,Stayed,0.882424376477529
6649,Stayed,0.612313743566253
51846,Stayed,0.6244246584280988
26809,Stayed,0.6007040690935175
64951,Stayed,0.9588938964535333
23719,Stayed,0.7260907452992141
11190,Left,0.37750369877064915
29869,Stayed,0.9350138972065601
42562,Stayed,0.7979858465064963
3032,Stayed,0.8627787651385666
26880,Stayed,0.578162743996103
47539,Stayed,0.8413081084818883
4786,Stayed,0.8296982171096278
68000,Left,0.4912351852942793
42053,Stayed,0.8771328739286484
54995,Left,0.4574728078460528
1279,Left,0.1267045824397791
13376,Stayed,0.8688404521110226
13169,Stayed,0.7931483527015502
33968,Left,0.4251012540074607
25662,Left,0.44166885265539146
34240,Stayed,0.8797996091499869
72123,Left,0.29474711587871766
11833,Left,0.1947770358481305
63405,Stayed,0.6785474276063764
26938,Stayed,0.9915281362009167
49495,Stayed,0.8960032936229053
13947,Stayed,0.9656444955103027
62520,Left,0.21578828391632926
52157,Stayed,0.8388712611416483
24543,Left,0.04582619074003442
54581,Stayed,0.6177094592607932
1091,Left,0.4414572334123602
33481,Left,0.3052930518794583
11336,Stayed,0.7012039516204115
2108,Stayed,0.9750708698115421
6469,Stayed,0.8269779433141137
66001,Stayed,0.8433862335993568
39357,Left,0.4855292891344194
29600,Stayed,0.6170757066874145
34896,Stayed,0.5069933437739242
49124,Stayed,0.5275608107884419
27997,Stayed,0.9196545296737836
31155,Left,0.14069641644308598
38313,Left,0.4358799885325062
7135,Stayed,0.8496112539517182
39553,Stayed,0.94299738956599
6794,Stayed,0.7366474080805737
14519,Left,0.21541102249345714
14011,Left,0.28674637731473024
16439,Left,0.45478651342750537
6335,Stayed,0.9614884444259008
19394,Stayed,0.7460928636784346
71080,Stayed,0.9572944699157132
60021,Left,0.3824847759992504
44982,Left,0.47163977147575303
8899,Left,0.22860253581890863
128,Left,0.1891044743966531
69732,Left,0.3227885418948185
46987,Left,0.16489487073991022
73607,Left,0.3412584818072005
45755,Left,0.33489287692691805
1881,Stayed,0.915053544513653
31115,Left,0.2166307098557425
15295,Left,0.24401624805897637
15968,Left,0.13304529143493654
4666,Left,0.07683763866437651
45346,Stayed,0.9618030558689407
17550,Stayed,0.956345243877869
61929,Left,0.09423064005426017
832,Stayed,0.9155474797699442
10269,Stayed,0.8461891608684105
62491,Stayed,0.76597524819499
41981,Left,0.3243919247464819
43687,Stayed,0.5182423149585201
41828,Left,0.24193313754451407
70755,Stayed,0.8177138606785729
9802,Left,0.42372619256113675
43886,Stayed,0.7831659006449377
69600,Left,0.23201862098144424
66482,Left,0.2612990788756423
62883,Left,0.12131404466397648
61496,Left,0.2550311884654034
39479,Stayed,0.5774306578040683
40258,Left,0.20934248748859935
46253,Stayed,0.5356122941165707
36030,Stayed,0.7460049454271843
67337,Left,0.14878224257008382
63733,Stayed,0.549277871545494
65401,Stayed,0.685026771528879
44205,Stayed,0.9643321272656448
17621,Stayed,0.6589259883685555
26677,Stayed,0.5007608532963058
32453,Stayed,0.8184353610260813
27160,Stayed,0.8025017449608207
3355,Stayed,0.976969197618844
63591,Left,0.3183369404930661
30940,Left,0.38067789883305825
17316,Left,0.18969832764165526
54762,Stayed,0.757191413533636
45422,Stayed,0.5510105034313287
21229,Left,0.2477660704940866
31471,Left,0.3944357065456195
63696,Stayed,0.936229444488118
52508,Stayed,0.9496781049568809
43399,Stayed,0.8238595651542555
25234,Stayed,0.7891067295222931
52082,Left,0.33913316867732646
51526,Stayed,0.67521943724507
1448,Left,0.21988734284503642
61644,Stayed,0.7474231596494915
62199,Left,0.44978632415950387
44932,Left,0.2300880214939276
12577,Stayed,0.991821873151354
6010,Stayed,0.7021183466682255
64073,Stayed,0.5069380932953841
22751,Stayed,0.8627324670912335
8242,Left,0.14850549850444855
72186,Left,0.2728683081231322
34340,Left,0.3261119390389958
48939,Left,0.48182457719984917
68996,Left,0.43294496481242883
24222,Left,0.3552409564307798
20691,Stayed,0.6196651669690527
21750,Stayed,0.5151901341961741
50869,Left,0.348198055346993
67224,Stayed,0.7374040013617933
27073,Left,0.42406248484194137
45079,Left,0.25158878967166426
22285,Stayed,0.7541826806245235
42992,Left,0.14290909189808096
68339,Stayed,0.5270123256719224
29539,Left,0.1615335591269528
10792,Left,0.1617464647672006
8611,Left,0.1968818882195573
68083,Stayed,0.9244368830905533
66525,Left,0.10630216981535112
63058,Stayed,0.7264007116210861
47545,Stayed,0.7272778446890443
41659,Left,0.07861929990870865
61640,Stayed,0.7659194437614325
68045,Stayed,0.8111464574000816
16937,Stayed,0.8195114715189694
3887,Stayed,0.9738946524998965
411,Stayed,0.8211863819468663
44012,Left,0.2971346201938097
61460,Left,0.34176134688320897
6502,Stayed,0.5027255840592093
550,Left,0.12251137405262867
58222,Left,0.4354688752146713
74399,Left,0.3176238656483985
35388,Stayed,0.5616863169218904
73312,Left,0.2723933316238691
39168,Left,0.43206734581309225
47804,Left,0.30041346494228854
40010,Left,0.2092763744515453
13905,Left,0.44437058825813636
31436,Stayed,0.5499544011130636
65592,Stayed,0.775862901518178
42685,Stayed,0.972131184707415
34175,Left,0.4683320941419163
20796,Left,0.14309363092170108
4985,Stayed,0.8053965455079853
66271,Left,0.1205560815100035
34253,Left,0.15804923022074543
40806,Stayed,0.911490006180293
25507,Stayed,0.5332837779772187
48200,Left,0.49772471503648746
44235,Stayed,0.9516775108261075
10619,Left,0.23260723075476053
48496,Stayed,0.8049837405315676
1604,Stayed,0.9816780932800108
74100,Stayed,0.8571881906493273
24677,Stayed,0.602194613109125
21907,Left,0.3824176420876388
45560,Left,0.3111108540334169
10407,Left,0.08550275498637293
27496,Left,0.2872088864544021
59803,Stayed,0.9063920740036175
18658,Left,0.2510079016231293
47111,Left,0.31726898794743585
43850,Left,0.39090726463583925
35837,Stayed,0.6494876000063992
39187,Stayed,0.8870100086151963
31448,Stayed,0.6473546498039023
29706,Left,0.22719229559638154
5170,Stayed,0.6993433205186266
47039,Stayed,0.9162453804806627
69917,Stayed,0.7675360584960104
47372,Stayed,0.721157946653298
68950,Stayed,0.8473966456654335
19452,Left,0.24370143244510162
39231,Left,0.18844573530030906
14620,Left,0.1651271624014241
65534,Left,0.47570113514956497
12054,Stayed,0.6342664102952766
22049,Left,0.39236015239807553
65463,Left,0.270684335039963
71859,Stayed,0.9423627747986469
72339,Stayed,0.8394262133558936
73620,Left,0.4381917160045177
68295,Stayed,0.9153858493485515
24974,Left,0.41106979646678804
13459,Left,0.21014265685873207
1119,Left,0.13449951526168744
22683,Stayed,0.9959711092681623
12690,Left,0.04014534679968644
29982,Left,0.4761888854751443
30647,Stayed,0.7331406280269588
26730,Left,0.4502270545754762
71804,Left,0.31752842144732774
45922,Stayed,0.50635565002835
53315,Left,0.1753188313324855
3841,Stayed,0.8186749546677238
68736,Left,0.280689124921807
27838,Stayed,0.6583605282588636
8148,Stayed,0.7334506244709216
1737,Stayed,0.8700004441816038
47561,Left,0.3888633320961256
71552,Stayed,0.8184937015120735
628,Stayed,0.6086560446841341
30614,Stayed,0.9632242653718015
69721,Left,0.4467036758195947
3336,Left,0.211999779497382
39576,Stayed,0.9045077254651293
14517,Left,0.47739065749803783
5856,Left,0.11807829920729734
21096,Stayed,0.9686161589929242
33959,Stayed,0.8742761454443643
67477,Stayed,0.98356337534385
51506,Left,0.4102385977218675
8401,Left,0.417281446616336
10174,Stayed,0.6727153826384854
43469,Stayed,0.6251245505508158
10767,Left,0.2894976123497147
61148,Left,0.2561773737739759
47101,Left,0.1320221703784509
34252,Stayed,0.7616291926730031
72488,Left,0.26568808138261535
15836,Left,0.13751630666111803
23177,Stayed,0.9978815696115393
61913,Left,0.16751153208203104
15607,Stayed,0.8752517645510479
38449,Stayed,0.7333441610719093
52700,Left,0.28832329553428965
53989,Stayed,0.9574539676119018
20476,Stayed,0.7910878535691489
23081,Left,0.09671040494862715
70050,Left,0.177470026784008
46513,Stayed,0.8324247887991552
49400,Left,0.20113699461110177
66699,Left,0.3053120935178547
56983,Left,0.21561067425962416
20888,Stayed,0.958042849765105
62950,Stayed,0.9896788586693768
39788,Left,0.16011935394346297
10063,Left,0.35597536418775294
5611,Left,0.11338085026984535
31701,Stayed,0.8560404940360182
74016,Left,0.22979596261480886
51706,Stayed,0.5984735202988042
61645,Stayed,0.6550396974123637
4422,Left,0.11978056172897342
68185,Left,0.1449943483047886
41928,Stayed,0.8645176495216124
4780,Left,0.30082734899653535
61488,Stayed,0.9383513530674837
6272,Left,0.28649387664016285
47809,Stayed,0.8713541852017803
45328,Left,0.4507233578528552
66735,Left,0.04022113467536701
40975,Stayed,0.7113427244897003
21269,Left,0.14546782786408835
5396,Stayed,0.5957226101219646
34952,Left,0.16139991125167116
73470,Stayed,0.6185071998118011
55157,Left,0.16138980215093174
4414,Left,0.10646955282190887
67914,Stayed,0.5043280062299192
51608,Stayed,0.6021572621457226
64134,Left,0.07272129817438515
17437,Stayed,0.613061779345403
6351,Stayed,0.8150540148873654
64061,Stayed,0.6949372801011664
38205,Left,0.2686035656905657
6964,Left,0.09083776837734532
34223,Left,0.2929683306071734
44837,Left,0.48325012008206497
25154,Stayed,0.6402808543435818
53316,Left,0.32955622646423866
40894,Stayed,0.6265152631983119
32212,Left,0.3942693486657618
49209,Stayed,0.5343261316559423
59853,Stayed,0.9905637669041824
52031,Left,0.24776523206165335
54131,Left,0.3101416611043872
62311,Left,0.3791709679025514
20428,Left,0.24237722099616094
65509,Stayed,0.7393037733675838
19429,Stayed,0.5938494857117823
19657,Left,0.40671171062632094
69186,Left,0.1847208278332847
26234,Left,0.14742359976970257
17643,Stayed,0.8933831887770857
55006,Left,0.028418583564970273
28047,Left,0.2448608359025075
54089,Left,0.3700177739574754
19380,Stayed,0.9025931992118442
8194,Left,0.21253802030130386
61058,Left,0.15278436982702256
46239,Stayed,0.9833184235743587
28182,Stayed,0.6027597197564373
66104,Stayed,0.7073946770725342
42248,Left,0.22209678733358582
63340,Left,0.4406111170841061
58239,Left,0.19392426291789988
28439,Stayed,0.8319720985200639
1371,Stayed,0.8284480828371767
5498,Left,0.3568108787766343
68570,Left,0.24929853411876748
60542,Stayed,0.7469073974028324
29017,Stayed,0.5278011468957566
67940,Left,0.2492952965603542
48208,Left,0.19911349173371276
38036,Left,0.38527683553008485
7384,Left,0.2999585910310262
63845,Left,0.3454850408124076
70047,Stayed,0.9658192207478502
61283,Left,0.323541929881897
56649,Stayed,0.9016696874202405
8689,Left,0.20248640385099273
46757,Left,0.11615128269129005
57892,Left,0.3996232429219884
28674,Left,0.4199873830109209
58308,Left,0.39514127400810567
44477,Stayed,0.828323056506906
66747,Left,0.4499688911693038
2039,Left,0.18161285175152786
16276,Left,0.43676871464741984
53226,Left,0.47703343312871876
71744,Stayed,0.872847695060876
54302,Stayed,0.6446479520707464
59650,Left,0.21554943532766635
14656,Stayed,0.9189420296900691
49584,Left,0.2691184120121767
55278,Left,0.37436182450190386
41010,Stayed,0.7499871441051615
9285,Stayed,0.8397532529996258
14165,Left,0.4578186699238289
35000,Stayed,0.6373928023384688
43434,Stayed,0.5111427575638707
45457,Stayed,0.6034762785163744
65519,Stayed,0.6411196617036805
51729,Left,0.29003382463007993
2777,Stayed,0.5992812831714023
20154,Left,0.09813516950144183
24805,Left,0.3277052423039114
7252,Left,0.1618855987998793
46908,Left,0.39765562328551124
58921,Stayed,0.86044800989042
41255,Left,0.45711104053656354
6392,Left,0.13396845294520895
10913,Left,0.469103754360884
40244,Left,0.07686154916418128
23498,Left,0.058385728022457874
12797,Left,0.0817526288864514
13952,Stayed,0.9052694802433704
7299,Left,0.37385060118379276
51827,Left,0.3774102466379867
16114,Left,0.13882625151402192
28237,Stayed,0.7297219811812473
46691,Left,0.33734862449724856
40790,Stayed,0.5861612356833639
47835,Stayed,0.8790648114120786
5786,Stayed,0.7648646097518711
35101,Stayed,0.887430232339324
52966,Left,0.24795345837928492
35427,Stayed,0.951528651680978
44635,Stayed,0.9517246975166292
11436,Left,0.32165745128651474
27262,Left,0.18532895878250957
25297,Stayed,0.9105887854472136
40270,Left,0.43378352084910615
71547,Stayed,0.5082359589385435
11007,Left,0.4248648572945004
46107,Stayed,0.8034905565497173
2196,Left,0.2777112880069932
70255,Stayed,0.6705145523808286
54940,Stayed,0.9573346569447236
46594,Stayed,0.7063277613575332
63568,Left,0.18753207448287446
17532,Left,0.1231711797667403
12180,Stayed,0.5419912267310885
49322,Left,0.35919729860424593
29439,Left,0.2383547794106414
5954,Stayed,0.8206910187853315
44804,Stayed,0.6218885133566857
7028,Left,0.4714548312805444
48351,Stayed,0.8297183417260372
5103,Stayed,0.9476237006201516
29414,Left,0.3114032204158177
16425,Stayed,0.8899176955073567
43025,Left,0.2849048085936871
43459,Left,0.4788062689875074
34353,Stayed,0.581694731683793
39402,Stayed,0.9015040782378508
15042,Stayed,0.9897978187496252
5147,Stayed,0.551150554051902
46402,Left,0.4993475399310268
7168,Stayed,0.6140854333628759
56244,Stayed,0.572213387040476
13660,Left,0.06039729635618438
21185,Stayed,0.9822029605609701
58245,Stayed,0.9744524064430566
69077,Left,0.1312402909814605
18776,Stayed,0.5342553340325046
18501,Stayed,0.5766680014754344
18113,Stayed,0.963641894415563
43182,Stayed,0.6173030357744659
9315,Stayed,0.9988481204615948
13854,Stayed,0.9630810563038938
38501,Stayed,0.9634665431723697
47546,Left,0.25523582908727566
197,Left,0.4660383342087866
5119,Stayed,0.9555457113362298
53492,Left,0.4331516127990646
41538,Left,0.42141020924872974
5908,Stayed,0.5705389923495408
47537,Stayed,0.6872999013166665
60919,Left,0.07700913319309427
73586,Left,0.47166630841800733
10747,Left,0.4454540742474052
10065,Left,0.28931954838326124
68529,Left,0.2854396019681936
43628,Stayed,0.9266367234773958
62894,Stayed,0.805515993294662
73323,Left,0.17486304165586444
26113,Stayed,0.5011380637481673
54391,Left,0.32142722769164594
73699,Stayed,0.5578125617681154
8973,Left,0.21378672049169745
27063,Left,0.3841244808825966
12499,Left,0.41289637877298396
57240,Left,0.42339816414348436
16086,Stayed,0.882225839721021
57498,Stayed,0.8170235330403613
25678,Left,0.4605967951458827
5399,Stayed,0.5082741464485915
26921,Stayed,0.6379454815092142
24789,Stayed,0.8698005394043125
10344,Stayed,0.9146660166675387
21539,Stayed,0.9130422356931243
49035,Left,0.41673020189003834
58333,Left,0.44130072110151264
60726,Left,0.24871510692040563
21483,Stayed,0.9872527712560992
25077,Left,0.2187607604784999
26164,Stayed,0.5587119196134375
66848,Stayed,0.7601657342657205
69390,Left,0.37630270208190286
58365,Stayed,0.9663021139808653
36404,Left,0.08582557878366426
66793,Stayed,0.6075424474260351
39806,Stayed,0.5413314119138481
20549,Stayed,0.6396428111136027
52091,Stayed,0.6108230761118123
70166,Stayed,0.7535712118138439
24781,Stayed,0.9468005500752001
50004,Left,0.26533747285848225
56271,Stayed,0.7894854188813651
40007,Stayed,0.5182371386420226
70983,Left,0.35410036460850675
42778,Stayed,0.9913729484781818
30992,Left,0.48105845255010127
21862,Left,0.1987232831846214
2330,Left,0.10025730308722797
63682,Left,0.34575045001804444
50413,Stayed,0.9291394181053184
4073,Left,0.4702809457667913
33609,Left,0.28872052083686506
68539,Left,0.2095225318282034
70173,Left,0.21419822276881437
36065,Left,0.16034734234380452
29650,Stayed,0.5613522339334134
15125,Left,0.12479077002953658
72659,Stayed,0.7969711323424826
48203,Left,0.24612519468552424
43607,Left,0.15003184088269647
66334,Left,0.1019538694244642
42503,Left,0.41406010868113136
48746,Stayed,0.6218871027700402
69782,Left,0.22396697133104426
53713,Stayed,0.791640458435566
69169,Stayed,0.6992212145779121
13711,Left,0.0674961830893951
34945,Stayed,0.7965027526550732
11381,Left,0.45191139409328684
32320,Stayed,0.7950201333023061
52214,Left,0.19257623896049458
20538,Stayed,0.7386511223457558
48627,Stayed,0.8723055417618255
36167,Left,0.28579206305648924
14562,Stayed,0.5272182611757783
644,Stayed,0.6354024135602282
6374,Left,0.19193086526757358
29133,Left,0.282375462444561
5334,Left,0.36222746889585644
7282,Left,0.0638106364896557
59535,Stayed,0.507559952453349
26894,Stayed,0.983345223421091
12504,Left,0.17852304200955207
12544,Stayed,0.6855105972431376
13343,Stayed,0.535140793520854
53978,Left,0.38998294610252615
51577,Stayed,0.8334717260288755
27505,Left,0.37346507459457945
48819,Stayed,0.6294945324815352
68743,Left,0.2159023523287342
58869,Stayed,0.8684790996924118
59685,Stayed,0.72778671029303
7726,Stayed,0.7130929888964874
41175,Left,0.2963265634310144
72273,Stayed,0.9903183959161221
42353,Stayed,0.8835170000332901
43213,Stayed,0.8753485006274533
33620,Stayed,0.9008409149725288
12404,Left,0.3856223586008286
54471,Left,0.2659437259103832
51270,Stayed,0.8813293070027448
69763,Left,0.4185672690957521
63029,Stayed,0.5562363341797747
24944,Stayed,0.666786688633427
56172,Left,0.49906666307347264
41672,Left,0.4521032488927189
23676,Stayed,0.7645326371410703
54250,Stayed,0.557416223040612
21563,Stayed,0.5385222594278245
58083,Left,0.22639756499890648
57053,Stayed,0.8365300394314561
38880,Left,0.26446394346504637
57626,Left,0.4250093226960945
51966,Stayed,0.9702531437337721
62528,Left,0.3728286942941772
69249,Left,0.1062069534216805
5548,Stayed,0.7190877946586574
58253,Left,0.2516593300800701
44314,Left,0.3935256060446235
44924,Left,0.4159529098806742
42422,Left,0.059619526863711435
71988,Left,0.2516002902575993
44072,Stayed,0.7147363746768219
61738,Stayed,0.8093194415743371
30587,Stayed,0.8011825454186489
29307,Stayed,0.6864714295903276
2437,Left,0.0972800685415332
9721,Stayed,0.5421487080911908
7101,Left,0.32342396191427897
11793,Stayed,0.6550193056319223
71606,Stayed,0.655197975828192
41213,Left,0.3376718364414606
59603,Stayed,0.8800426486222801
21520,Stayed,0.972087733532377
10036,Left,0.2146167704672785
9084,Left,0.4130633643736454
36988,Left,0.4837390406178358
7023,Left,0.4131725112736822
22036,Stayed,0.6305176586752183
66507,Left,0.40081574832852357
66153,Left,0.45157331770415715
72581,Left,0.25562403241494397
48936,Left,0.46650095721388307
58849,Stayed,0.9513825176062971
15863,Left,0.15699053889757292
18353,Left,0.43339323565515664
64560,Left,0.07185981304335622
774,Left,0.09582388906293818
69770,Left,0.23197442541346786
18049,Left,0.2341861313508986
46392,Left,0.47873155460073036
30800,Stayed,0.9117094499286911
31139,Left,0.3206868113658672
34401,Left,0.17843691684475643
35797,Stayed,0.6363438522884896
27048,Left,0.39066637259554093
21710,Left,0.14502143139571247
49088,Stayed,0.8157602384297795
33037,Stayed,0.5292849030703901
71625,Stayed,0.9150775854267258
47329,Left,0.4258624566477217
23456,Left,0.3694923368820206
15744,Left,0.31740107303139625
36091,Left,0.07565687028967487
1373,Left,0.3507400982889398
67416,Stayed,0.8857325555951514
53268,Stayed,0.9767851890126263
20565,Stayed,0.7364799437534636
2680,Left,0.3071096453890452
51555,Left,0.411992400917309
25572,Left,0.18984442183175157
40262,Left,0.2609133631966009
59647,Left,0.10367612580121587
17125,Left,0.2301767785866953
21205,Left,0.4770243207751179
44510,Stayed,0.991026019251156
25172,Stayed,0.697447706435815
46406,Stayed,0.9950890363795382
42541,Left,0.19442410837200805
36782,Left,0.4333335098370487
10381,Stayed,0.8203645347345573
9207,Left,0.2780554970153989
30380,Left,0.20801137922140095
30199,Stayed,0.7321710118167916
56811,Left,0.25476310997058854
15275,Left,0.39366384191230824
39469,Left,0.2156862679049257
33198,Left,0.09254118516955205
37818,Stayed,0.9643743602622401
59420,Stayed,0.8149040669168944
12266,Left,0.15808308122276096
68556,Stayed,0.8695425562055087
42260,Left,0.10111140069483351
15898,Stayed,0.6120544016723003
3057,Stayed,0.6068131990991773
525,Stayed,0.9515119216658746
68702,Left,0.2560040883561963
12848,Left,0.3789277071595329
30534,Left,0.3063252649303588
2351,Left,0.3665690537929006
9094,Left,0.25264346374211766
47757,Stayed,0.9712322288330603
70546,Stayed,0.6335783800582819
66632,Left,0.3009981061986707
71746,Stayed,0.852996484665047
66089,Stayed,0.6849072527686001
5822,Left,0.2793658934370764
18604,Stayed,0.539526142708375
17325,Left,0.28239841819619477
53370,Left,0.08596113526481969
55484,Left,0.47205618779707487
24711,Stayed,0.5320052805600215
11098,Left,0.08661628635631637
65762,Stayed,0.5161790617474104
71877,Stayed,0.9211400915170356
29267,Left,0.09912946597138038
45086,Left,0.18574222756831577
49805,Stayed,0.7707852848503883
32058,Stayed,0.9277347939395653
37152,Left,0.10366833596263846
8045,Left,0.35922812566506696
29100,Left,0.14565677899819002
69521,Left,0.32416629581373396
71068,Stayed,0.5222224200310004
4746,Stayed,0.6063206226459092
21502,Stayed,0.6615646442800133
7193,Left,0.054761195534698916
54383,Left,0.3546130205276608
28740,Stayed,0.9555774496302821
61795,Left,0.14318554538517067
72977,Stayed,0.5361763978845965
29323,Left,0.10923622105633488
45177,Left,0.4726321609530132
33912,Stayed,0.6977672864493555
54118,Stayed,0.9365618806973959
68076,Left,0.44152713954213757
43583,Left,0.2837598926881631
66661,Left,0.28794078686059316
3804,Stayed,0.9882069392115519
10959,Left,0.3649075799971935
67885,Left,0.431545033125391
59305,Stayed,0.5527666223682043
19171,Left,0.23394429534842964
71307,Stayed,0.96888443908222
57335,Stayed,0.5350274424424075
18946,Left,0.3457313221819568
69056,Stayed,0.6802835470100324
68588,Stayed,0.566962987767801
36634,Stayed,0.5482355808556608
62395,Stayed,0.6824797753967276
15007,Stayed,0.8704232329467771
68826,Left,0.3335225818932592
53001,Stayed,0.6703947850137948
46636,Left,0.3547984642144354
54702,Stayed,0.9903854422493193
23275,Left,0.48168303517238004
57204,Stayed,0.6383459347498139
53099,Left,0.2208682829393993
57000,Left,0.17011443886739872
44276,Left,0.28626801081813597
36032,Stayed,0.9374047449279144
41953,Stayed,0.648851539277743
56143,Left,0.2588384110881167
5263,Stayed,0.5657516817482411
36987,Stayed,0.6008534626155142
66934,Left,0.4719583018254786
59591,Left,0.261662014357162
31917,Left,0.3710740602534752
64425,Left,0.22598412454496272
55095,Stayed,0.6016379261580425
2450,Left,0.19152716848202392
65564,Left,0.4101528176147109
70074,Stayed,0.8178446165070342
33073,Left,0.32337582379238644
13771,Left,0.2430659954846202
15682,Stayed,0.572577736568888
21500,Left,0.17855807216564684
31279,Left,0.23420049245808505
43829,Stayed,0.6476622975424672
2728,Left,0.11809565861390202
17464,Left,0.1993063228665094
45094,Stayed,0.6499877606581314
72490,Stayed,0.6303335062207888
71467,Left,0.41921189819312266
47031,Left,0.16230023373004984
8526,Left,0.17472055194222325
33639,Stayed,0.9434050946645778
9421,Stayed,0.9002502487590545
13248,Stayed,0.8171422130113104
56599,Stayed,0.7332860026406225
55510,Stayed,0.9800063652789871
61364,Stayed,0.6916096351163901
54058,Stayed,0.5934915952475602
63257,Left,0.48443118599124285
44178,Stayed,0.5502534853623356
57122,Stayed,0.9653274252254351
72476,Stayed,0.6619705403047019
20590,Left,0.38431563760434473
39546,Stayed,0.91165844091252
7428,Left,0.16838503170269575
25765,Left,0.42278189719911713
12321,Left,0.1586905663402931
31571,Stayed,0.9693698004251534
45423,Stayed,0.8145817979069
7717,Left,0.49751485217970026
71072,Stayed,0.9298752020932741
17889,Stayed,0.541669813977689
61793,Left,0.40670953353119227
44339,Left,0.3792815259452901
37340,Stayed,0.7005675677980308
56351,Stayed,0.8946238587836162
30981,Stayed,0.8070807881957427
43609,Stayed,0.8628861005114157
13438,Left,0.49108138952123426
40443,Left,0.13977958122797932
51877,Left,0.1467521574760757
51078,Left,0.05060232061626
55276,Left,0.10051632313856716
36150,Stayed,0.6845454850388528
69219,Stayed,0.6917034957613428
37719,Stayed,0.9195242712324062
54451,Left,0.07136436509823511
34068,Left,0.10438605102405372
44077,Stayed,0.7623672615669301
37363,Stayed,0.8527903856181314
67636,Left,0.2576688352397428
40115,Left,0.24214310980654227
51397,Left,0.252562473480615
33957,Left,0.17903581004528688
66495,Stayed,0.7350264638991465
26024,Left,0.41666874665178344
68822,Left,0.12483873347805638
67865,Left,0.16971981105573974
36801,Left,0.14505706604468627
14474,Stayed,0.8562886749569795
71058,Stayed,0.5199460828906243
24466,Left,0.3572376259395082
7481,Left,0.44274071188574227
64829,Left,0.4512521161637384
44223,Left,0.4862563554486113
48486,Stayed,0.5049351869075092
32492,Left,0.3655215654342175
48629,Left,0.47389198754897965
63367,Stayed,0.8579021271926178
45993,Stayed,0.9928549806016925
48099,Stayed,0.8821919635768445
14205,Stayed,0.5862299698294938
32368,Left,0.2147898917278905
61239,Stayed,0.5503188238145987
70132,Left,0.13608596273091747
61427,Left,0.16106645561022628
43252,Stayed,0.7576656234624167
34523,Left,0.45747246293981986
33393,Left,0.06757113805820199
33005,Stayed,0.8410004524723854
35788,Left,0.23404928489891974
25195,Stayed,0.7198792330582753
63011,Left,0.19340688699775174
11100,Left,0.10155564992287276
1286,Stayed,0.9627468128835575
18964,Stayed,0.7973759600719129
4592,Stayed,0.9133440618547326
9156,Left,0.11053099561154953
23971,Left,0.3015100377127212
72430,Stayed,0.5360449455677647
66682,Stayed,0.9910493814922586
43568,Stayed,0.7076697225075835
45432,Left,0.36644492584125304
70001,Stayed,0.9376865211364607
49817,Left,0.3268255648004747
72727,Left,0.3192340687409675
50971,Stayed,0.8681096400708722
69494,Left,0.4595766947205152
27593,Left,0.3125921664839276
51620,Left,0.17985957970252248
52616,Left,0.42918043365121805
4802,Stayed,0.6223380430366727
51219,Stayed,0.8078395790361558
66703,Left,0.37546246824461776
3182,Left,0.14617522326068208
62082,Left,0.12755239824883288
6559,Left,0.3311699531887724
9770,Left,0.23489885790841963
8466,Stayed,0.9845811766717845
29559,Stayed,0.8384458716636612
12001,Left,0.4981985942104179
37177,Stayed,0.9628537794606504
31745,Stayed,0.8795117791726432
45152,Stayed,0.656526248042369
62550,Left,0.17853458291932003
19851,Left,0.2868293371973933
66014,Stayed,0.7934942871263427
3803,Stayed,0.9934185762363849
6943,Stayed,0.7159818424355235
38152,Stayed,0.6318177501096428
5360,Stayed,0.5517955979674294
46605,Stayed,0.947931917873953
22537,Left,0.4493305263556944
33769,Stayed,0.6462420255244744
1519,Left,0.44935167591369507
21127,Left,0.42498203086513653
60806,Stayed,0.9841582799301973
31165,Stayed,0.9305753671351182
59607,Left,0.2982581589751445
61440,Left,0.10667605780693211
67275,Left,0.3788452219483854
59575,Left,0.07887222897400867
52040,Left,0.475445316581222
44663,Left,0.09418884349165577
62729,Left,0.05242641377173938
55112,Stayed,0.5433750725681259
10956,Left,0.349008234149124
26345,Left,0.09734991903837677
32657,Left,0.4065685588947673
30518,Left,0.2640857348301485
10573,Stayed,0.6972436648618372
67027,Left,0.37889823263707895
70046,Stayed,0.8692282248977633
62900,Stayed,0.9781185381657758
34450,Left,0.2087384954830832
71910,Left,0.4265804110566942
36907,Left,0.23502666186748933
74182,Left,0.10539584395794864
48041,Stayed,0.940197174473721
67753,Stayed,0.968892426824709
53208,Left,0.24280230788975268
71442,Stayed,0.7826180612962301
64808,Left,0.41395062164863466
61609,Left,0.41048610905279953
67900,Left,0.13550295871391166
68127,Left,0.4729280000280104
37441,Stayed,0.8161908086513695
70186,Left,0.13927318406900566
16253,Left,0.2229052483776556
30504,Stayed,0.547362237596158
38173,Left,0.41959529848850186
16195,Left,0.10767345868384852
28357,Left,0.2865652879949156
49156,Stayed,0.9960083712168559
67616,Left,0.39004496676381806
53225,Left,0.31744778326674516
21490,Stayed,0.9257085771469027
68571,Left,0.4679019433032244
43160,Stayed,0.8987025860296599
12213,Left,0.46176292047473433
60766,Left,0.2828728360208098
41088,Left,0.2224013403943386
28113,Stayed,0.5451560365773657
13346,Stayed,0.8296387524467514
6285,Left,0.20900866444399574
35835,Stayed,0.8136588877887818
39692,Left,0.13736725337372
477,Left,0.3352813009694386
52882,Left,0.4940049810799474
57353,Left,0.19902760693876775
5074,Stayed,0.9240148824874806
5642,Stayed,0.8114226767966902
73484,Stayed,0.5969242450670572
48552,Left,0.22438748674508915
6404,Stayed,0.903738312400781
51676,Stayed,0.5090513998535968
43529,Left,0.327344619361052
1425,Stayed,0.5930877491274519
18095,Stayed,0.9812005064238579
24413,Left,0.2521407710925159
39061,Stayed,0.9935313215829378
20587,Left,0.36368875840498577
38988,Left,0.2796389305008961
65535,Stayed,0.6899429185944739
36097,Stayed,0.9584213082267946
3048,Left,0.3734580395286799
12678,Left,0.2985855036710093
2557,Stayed,0.6209829882499175
36299,Left,0.41493019081945787
49318,Left,0.2867254921848729
6265,Left,0.31073775204274967
28809,Stayed,0.6130095345595145
20092,Stayed,0.7175516274820816
38966,Stayed,0.9217449648785678
58173,Stayed,0.8017068265183606
44162,Left,0.22211608599462448
12604,Left,0.408810244971492
5174,Left,0.09837124646985425
28939,Stayed,0.8129458354469217
38084,Stayed,0.6719855817163292
41405,Left,0.20526736311920377
39232,Stayed,0.6439705300956183
67413,Left,0.30864518016384646
69294,Left,0.3682178373511272
45890,Left,0.48166603358684584
40250,Left,0.40401919456584867
51042,Stayed,0.5585325900229385
7325,Stayed,0.568174227771843
10094,Left,0.15639129067388688
8967,Left,0.3415491355219938
26125,Stayed,0.923875880262617
25404,Stayed,0.6758049371599323
17498,Stayed,0.9256576485569912
34108,Stayed,0.6483242590571825
25894,Left,0.2718894968470856
47650,Stayed,0.6942805443495031
59494,Stayed,0.7073275907853865
37502,Left,0.17887145115583894
47626,Stayed,0.920488611406051
33416,Stayed,0.75857104045206
23790,Stayed,0.5872149284126027
39401,Stayed,0.6289222672241261
50077,Stayed,0.5267316158416828
48257,Stayed,0.5422734245276128
30627,Left,0.34388942758102986
53274,Left,0.2881561221197403
8778,Stayed,0.5489535819581354
38314,Stayed,0.9493993649976499
65696,Stayed,0.7260191942847037
30018,Left,0.3337425367610852
49485,Stayed,0.9924413367345006
45235,Stayed,0.5090847300439779
28443,Left,0.44701411387267154
26487,Left,0.4013352326731202
68864,Stayed,0.9520282234261129
40222,Stayed,0.6003012306296021
40514,Stayed,0.7753918525850068
44907,Stayed,0.9816959663025397
20128,Stayed,0.5074003533988453
1642,Stayed,0.9543025833152252
68909,Stayed,0.9956716048881666
68221,Stayed,0.9885400273086187
40172,Stayed,0.9079656688562665
24567,Stayed,0.9169639513482698
35885,Left,0.13673361378742635
35822,Stayed,0.7601076100727041
51505,Left,0.15238054048215968
31215,Left,0.4408034336460409
54485,Stayed,0.7905844305402162
73434,Stayed,0.8004646175206934
57020,Left,0.45147411489293715
43667,Stayed,0.6522461154549828
20039,Left,0.35543997641795483
757,Left,0.20526761840939786
71553,Left,0.22238686821647358
53387,Stayed,0.6795379917551874
48086,Stayed,0.7808876568267774
40519,Left,0.47084626537528057
39937,Left,0.45995278783053156
9406,Stayed,0.5733930059702503
36050,Left,0.3083142508936362
53049,Stayed,0.9492937310023013
43560,Left,0.34506799708946656
63365,Left,0.498715420994797
53996,Stayed,0.6214010945307841
32905,Stayed,0.9733091608099604
43814,Stayed,0.8866269522401878
54057,Stayed,0.8962727110222125
42252,Left,0.1914373138885263
48647,Stayed,0.5060265593176829
16752,Stayed,0.9595603350531663
45479,Left,0.3140448112781882
8558,Left,0.08854009330431023
45555,Left,0.09062245678966493
52719,Stayed,0.578783802215994
26829,Left,0.21830508233425872
4362,Left,0.11071430722240129
68309,Stayed,0.717818506282026
29644,Left,0.2483730029334427
41595,Stayed,0.9581844434921473
29523,Stayed,0.5656826617679159
64523,Left,0.08575598423464169
33463,Stayed,0.9648097133937678
3133,Left,0.3521254428589953
66950,Stayed,0.9803042554310806
17279,Left,0.3178121345961474
25345,Left,0.454065408256621
59416,Stayed,0.9645106201980456
32483,Stayed,0.6037962090819048
8399,Left,0.45712610520350383
46508,Stayed,0.834958935509964
23869,Left,0.4494271743288143
47857,Left,0.2631011265171681
30141,Stayed,0.5871412697766967
23797,Stayed,0.7033325375743517
66019,Left,0.2653086488511785
63470,Left,0.3341963283990291
41842,Left,0.18302099055436152
47195,Left,0.22003824073091838
35346,Stayed,0.7457799326877205
27137,Stayed,0.7960045645850358
47381,Left,0.38177839536940644
64869,Left,0.12355292751384192
7992,Left,0.12957129313957236
46347,Stayed,0.8829697584048215
41267,Stayed,0.9049363980503277
9024,Left,0.2162310250874581
45056,Left,0.15648166789197765
27309,Left,0.43500353045518225
17584,Left,0.13384176859084254
57470,Stayed,0.9755505585097662
14244,Stayed,0.8707999599477424
8356,Stayed,0.9182555897664609
22513,Stayed,0.6366035807806003
33516,Left,0.35966218504187525
42389,Left,0.4764508829362065
3212,Left,0.18311530802378911
59531,Left,0.12351060049064466
23414,Left,0.15429459679993135
16829,Left,0.15621945779379356
15001,Left,0.4492281903030643
2993,Stayed,0.7273855452493103
60860,Stayed,0.9885479817941957
73382,Left,0.23753468477479245
28815,Left,0.23006089078478212
63453,Stayed,0.6613560030430043
46056,Left,0.45374780958715305
47945,Left,0.22977993814867703
64509,Left,0.3933093081326922
70902,Stayed,0.979472782633509
1414,Stayed,0.739664707604482
37767,Stayed,0.952581666055071
6176,Stayed,0.9335258320816479
8064,Left,0.13909116408705374
13109,Left,0.22567482196015926
34098,Stayed,0.6083889359427281
40852,Left,0.2618988637785526
67210,Stayed,0.653039095836337
54237,Left,0.20684745207805913
22887,Left,0.1294891365173059
71100,Stayed,0.9621683123398832
4664,Stayed,0.5009873924233774
61914,Stayed,0.975961784077449
44270,Stayed,0.8170371461587719
29187,Stayed,0.8724758081008854
47380,Stayed,0.8435036222265551
68925,Stayed,0.5092700053684018
54876,Stayed,0.9540350378317783
73604,Stayed,0.6305665567172022
74055,Stayed,0.6197022321411809
29160,Stayed,0.9911205254122121
27513,Stayed,0.8247222264978986
12268,Left,0.4036731557864715
52753,Stayed,0.8988189226250128
447,Left,0.4365924636146601
48897,Stayed,0.874915807222215
18417,Stayed,0.6269521225217264
24877,Left,0.48208791027415393
5955,Left,0.38498100757038156
12669,Stayed,0.897739211052128
57937,Stayed,0.9709769812412024
38632,Left,0.24493677374424827
65559,Left,0.1834974729398549
34509,Left,0.36266868601842006
70603,Stayed,0.9438737861971352
27768,Stayed,0.824316389423594
11494,Left,0.2503861934665585
13907,Stayed,0.9739199595961607
6037,Left,0.07230054211502245
45980,Stayed,0.7206674304837252
64945,Left,0.18400794276526328
33374,Stayed,0.5140783402209858
42039,Left,0.3221388964524569
57085,Left,0.23068014386752866
66187,Stayed,0.5961578381059771
23047,Stayed,0.5172093153869978
31624,Stayed,0.587854873653084
702,Left,0.22551615666468333
7723,Stayed,0.5457071334241013
54886,Left,0.4841289027204277
35435,Stayed,0.7174077161767828
64301,Left,0.38716747073677604
29365,Stayed,0.9572746705737782
25322,Stayed,0.8446189524767873
50966,Stayed,0.911660970794907
35787,Stayed,0.9787719553144943
44978,Stayed,0.9315559988743832
61214,Stayed,0.988916429385414
64574,Stayed,0.7670058266896262
48397,Stayed,0.7926281843836621
9986,Stayed,0.9439864417765033
59809,Left,0.24723905241770652
15723,Stayed,0.854691622507585
37994,Left,0.27479732900767256
69849,Stayed,0.9005064307832772
56658,Left,0.18757345936524022
21145,Left,0.20868738811415202
20637,Left,0.2630851022758393
57272,Left,0.3165977908929635
32790,Left,0.41256560692303634
39511,Left,0.497168862697768
55437,Stayed,0.5911269028539955
48053,Stayed,0.9799744270429183
7679,Left,0.3449019517430679
42200,Stayed,0.9705028369047164
38591,Left,0.15340188060727059
12679,Left,0.19935748452441243
32541,Left,0.4470792265851346
63721,Left,0.43306567955114067
9294,Stayed,0.9871297754228988
7159,Left,0.30437373982991256
45822,Left,0.3630337930762734
14050,Left,0.4166096799951265
36609,Stayed,0.9751425077884874
56029,Left,0.22109710333045085
58719,Left,0.3626344629538903
61356,Left,0.18866305853725618
7816,Left,0.13178874284804198
37170,Stayed,0.9189345761153349
36593,Left,0.2654087956868887
13798,Stayed,0.9813393268410929
66876,Stayed,0.8083816418190561
6652,Left,0.328304321261199
23138,Left,0.1822472472203572
30425,Left,0.4125797559742495
28597,Left,0.10539717800308161
60835,Stayed,0.948979841009455
22551,Stayed,0.7144397457036291
41692,Left,0.05403953680236221
67406,Stayed,0.9460340580800107
2274,Stayed,0.9374794260265196
60301,Left,0.22323607575620089
38821,Left,0.18395957967416776
55090,Stayed,0.9329446828532892
53273,Stayed,0.9932608608305377
47416,Left,0.26511128808505674
52818,Stayed,0.9780665541960099
50281,Stayed,0.5024335839772708
61267,Stayed,0.9906546394440868
39660,Stayed,0.9583366583082594
18491,Stayed,0.7006764462539398
47987,Left,0.13640347057076876
54424,Left,0.3145800150497016
13313,Left,0.22066215203508502
25074,Stayed,0.9514218485664149
15775,Left,0.06103993080866374
7268,Left,0.4644682564903063
20174,Left,0.2575194933634444
9355,Left,0.20678028285849065
16755,Stayed,0.8817925595485294
32015,Left,0.39033329588666565
38317,Stayed,0.6566509349983584
65517,Left,0.45364980488738316
67316,Stayed,0.5958794260938095
70428,Left,0.13496555794381165
56772,Left,0.13989719503640513
22916,Left,0.16173500127352347
21105,Stayed,0.6845849599670205
39319,Stayed,0.7544016054606444
20840,Left,0.4006819362335461
58225,Stayed,0.9058293819423524
11119,Stayed,0.7237688500957586
66117,Stayed,0.5826735539420672
20799,Left,0.11720545455878985
36631,Stayed,0.8357606501667401
63298,Left,0.09366711236707867
40163,Stayed,0.5443007275078178
23016,Left,0.12058787643519249
42639,Left,0.39319276178032386
47584,Left,0.32943595711288903
52477,Left,0.18423145972926983
64847,Left,0.3070386688475596
26055,Left,0.38888158868655176
69592,Stayed,0.7374709686292874
72532,Left,0.16520946804472147
72208,Stayed,0.9901507740170736
46307,Left,0.2757242936169426
56905,Left,0.4567849387686569
40743,Stayed,0.9310009032796629
49405,Stayed,0.6063330402369339
7948,Left,0.21568901248248656
30160,Left,0.3775294343748748
45411,Left,0.20622237541552382
46498,Stayed,0.5801302280231931
34862,Stayed,0.8439224711307958
9556,Stayed,0.6083571766483756
37432,Left,0.3914597247428535
63699,Stayed,0.9658993255623728
53655,Stayed,0.9843473085169785
2639,Left,0.13887100501308056
72170,Left,0.21447879421775376
17241,Stayed,0.9681463185221205
14523,Left,0.092669030378824
17027,Stayed,0.9539435101728904
12734,Left,0.4529902553465818
39570,Stayed,0.8945190000218217
25627,Stayed,0.9723379257404275
60866,Stayed,0.7894731415039314
2360,Left,0.16859924102726792
58298,Left,0.394763561081041
1182,Left,0.31190652191648705
12363,Left,0.26832778078800607
9545,Stayed,0.9042980596761341
16133,Stayed,0.766426433353725
5415,Left,0.2061004753533719
50672,Left,0.35647900318317133
39793,Left,0.30046004746131927
60882,Stayed,0.8433879251003714
7864,Left,0.07552065303584313
62815,Stayed,0.8679572021715214
65391,Stayed,0.5784735884847915
16108,Stayed,0.9888953529728283
12888,Left,0.3724423544413016
46097,Left,0.48846541706719104
61126,Stayed,0.938209064102918
42224,Left,0.3963423532016489
43266,Stayed,0.9355555968151126
656,Stayed,0.6511918261751786
5432,Stayed,0.5145739420902643
54994,Stayed,0.9196527420086134
69265,Stayed,0.8778312466621692
67818,Stayed,0.8408297503431963
70251,Left,0.2186170627009668
1584,Stayed,0.8604941765524544
72980,Stayed,0.5860457554250219
16515,Left,0.3594592007904625
18655,Stayed,0.7509778549046644
74398,Left,0.42012248167474275
17458,Left,0.2512432736923791
34500,Left,0.3468224880283803
17272,Left,0.4673885962872374
73685,Stayed,0.8508444177697729
49925,Left,0.41732150141962454
70130,Left,0.07150083224174963
44501,Stayed,0.7991791473885549
30601,Stayed,0.7725168277378988
66101,Left,0.33263009049844816
47403,Left,0.26680233635965334
17300,Stayed,0.6307516473624156
16462,Left,0.35999340735395335
66697,Left,0.2967865915948845
10375,Stayed,0.5120316777243566
24725,Stayed,0.8308232381195377
50191,Left,0.3411378925962745
35611,Stayed,0.8872379364152347
42474,Stayed,0.7009916771144666
1220,Stayed,0.9779767976007567
32346,Stayed,0.8708433019367015
44083,Stayed,0.8594793948560339
72309,Left,0.2253709984689335
25695,Stayed,0.7263283508069838
15604,Left,0.15365138610623438
5929,Left,0.31953894295912605
72929,Left,0.3103634373186005
15270,Stayed,0.5770436335417233
19091,Left,0.16559850815584687
54116,Stayed,0.6138218720901454
45885,Left,0.25962374750663375
39440,Left,0.34206294046687546
27909,Stayed,0.5320049922855615
15261,Left,0.23974210203109164
58168,Left,0.26255999710203476
16649,Stayed,0.9204908341225154
4144,Left,0.2826939296422927
60417,Stayed,0.9398079107478573
36261,Stayed,0.5480354495349962
47868,Left,0.08665955844608009
24461,Left,0.2938224436966993
19237,Left,0.20988143467843343
43688,Stayed,0.5330941310265692
59442,Left,0.3481480389968458
53982,Stayed,0.874229297509999
26705,Stayed,0.9121106425093134
115,Left,0.23283535161651406
17114,Left,0.4831962568549788
56257,Left,0.21671713709793175
64315,Stayed,0.7770600610500572
68390,Left,0.2148522859834326
21380,Stayed,0.750413758981764
47331,Stayed,0.5743525945145942
5898,Stayed,0.8792450956423914
37103,Stayed,0.8897556812966545
72771,Left,0.10899820374155056
19377,Stayed,0.7279514379518035
40447,Stayed,0.701250797016237
56245,Left,0.21851051811613012
45557,Stayed,0.9521146676108422
32382,Left,0.1444664474586832
55863,Left,0.13789413153647628
51080,Left,0.22465707982103844
26217,Stayed,0.9725132783040086
66645,Left,0.2029148702265318
66341,Stayed,0.9956031324466436
64797,Left,0.2741436141988474
47529,Left,0.1650818287663675
5066,Stayed,0.6140927551113378
37169,Stayed,0.9275996884372376
60204,Stayed,0.9139521451157367
48401,Stayed,0.9935408614508409
13447,Left,0.34270763027807294
13822,Stayed,0.9589553899941422
55518,Left,0.2132175164967779
50009,Stayed,0.8701599336605141
52974,Left,0.4445883364926017
69401,Left,0.21352402246442934
26750,Left,0.4422337899734051
11559,Stayed,0.9389317530296769
43279,Left,0.4408630032693747
12425,Stayed,0.9014927001047169
4220,Left,0.203390400236743
6348,Left,0.10343440925714227
64377,Stayed,0.9569591366135679
54657,Stayed,0.7899275684433759
17180,Left,0.4610237593038009
45941,Stayed,0.9420817320894725
62746,Left,0.24494164409838245
5713,Stayed,0.9248522306572585
29417,Stayed,0.5136135541333918
37478,Stayed,0.8401319195219689
29217,Stayed,0.8675497757231988
44007,Left,0.41730217284049603
15131,Left,0.27718279620327096
72602,Left,0.12196853836388098
37255,Stayed,0.9859127288251508
5091,Left,0.373300532152269
36340,Stayed,0.9588303066379514
25685,Left,0.18638161541499249
30278,Stayed,0.9791394296350276
21041,Left,0.4210767713072479
24351,Left,0.19606854917820843
46082,Left,0.2626288514321463
6206,Left,0.2129883696716623
21477,Left,0.11652511391989845
65656,Left,0.20324294062001375
20143,Left,0.3380851995737822
49510,Left,0.0622696970198514
30039,Left,0.13703417363448947
23922,Stayed,0.8418865659908766
45010,Left,0.38832184585170676
24328,Stayed,0.9327163740985239
13153,Stayed,0.7411668149971324
58836,Left,0.15364752802571768
58471,Left,0.35355907706799644
54133,Stayed,0.5438476203412084
5930,Left,0.353131508835996
40991,Stayed,0.9079048330364712
2087,Stayed,0.9935186292086429
18662,Left,0.2749193571663556
37072,Left,0.3808338492861263
23935,Left,0.4599109087284722
70537,Stayed,0.966150484806874
42148,Stayed,0.94356431031297
56476,Stayed,0.8260142519519208
13283,Stayed,0.914791396509318
45658,Left,0.48876526293601413
15072,Stayed,0.9424335883550615
59522,Stayed,0.9365633244399826
13099,Stayed,0.701582284192226
45921,Stayed,0.5003981051299801
44862,Left,0.37054982696251143
53856,Left,0.25697091780847364
53717,Left,0.2986381707828903
25582,Left,0.3267018959484914
20742,Left,0.18050100964705798
56294,Left,0.38974160805922026
59998,Left,0.1590243421547456
39664,Stayed,0.9335316170475528
34998,Left,0.32185608780285474
40227,Left,0.1630306209437257
27363,Stayed,0.8761355930937291
41530,Stayed,0.85764571403858
653,Stayed,0.6453476703171115
54164,Left,0.4948289736005317
50280,Stayed,0.9605702774472656
72253,Stayed,0.972470848153948
44537,Stayed,0.5496048101624461
44207,Left,0.35666176691676277
33433,Stayed,0.8140186243358147
18464,Stayed,0.8176438417805298
64123,Stayed,0.621602014980364
67913,Left,0.08789564263840591
65462,Left,0.11844046129967292
47297,Left,0.16327328056340124
6560,Stayed,0.8738713065793574
8351,Stayed,0.5488460334102166
29665,Left,0.08738137616207577
36969,Left,0.2014333107654749
53079,Stayed,0.7588929394533124
43748,Left,0.15604652093272178
51473,Left,0.3220450604144248
4913,Stayed,0.5317050005848577
27172,Left,0.15998913407756166
5397,Stayed,0.9568616744945164
14537,Stayed,0.9936957244743503
5267,Left,0.43488103327962907
62970,Stayed,0.5750625583320728
35667,Stayed,0.599992398669971
1033,Stayed,0.8970236799637237
40784,Stayed,0.8164354923934962
62012,Stayed,0.5059440927063941
19963,Left,0.48443925081953587
2297,Left,0.4416535556389003
67361,Left,0.0850585253043749
53034,Stayed,0.7150453481648942
11426,Stayed,0.9231427279237188
59857,Stayed,0.9193781064556193
2494,Left,0.2829563407965747
61468,Stayed,0.577918838217751
12650,Stayed,0.7105791760317652
7129,Left,0.09538243290580008
5919,Stayed,0.9540701506795292
45777,Stayed,0.5354112583100089
57072,Stayed,0.9471835813806658
50931,Left,0.0984292887188965
69462,Left,0.17829704745715877
73570,Left,0.07143231655836836
59063,Left,0.367870825640731
20672,Left,0.22784210181811015
59960,Left,0.17416661313615517
45119,Stayed,0.50493146186471
73901,Left,0.3836224449908022
27180,Stayed,0.536454254053726
13644,Stayed,0.8100808938826616
25250,Left,0.46701140498207544
49211,Left,0.09987525146500188
52054,Left,0.44041547613201365
38510,Left,0.16461978041130523
40816,Left,0.21649049993734998
59928,Left,0.4696336854644283
71571,Left,0.16577637714505247
67064,Left,0.2739195038214369
50130,Stayed,0.7919753103767139
41249,Stayed,0.9953909044170606
26065,Left,0.49446132823749206
46892,Left,0.19541219596719267
6405,Stayed,0.9886935743121246
16468,Stayed,0.7962240056949509
62783,Left,0.15714536551042735
9805,Left,0.05619720104846372
14051,Left,0.3661466790326001
23343,Stayed,0.6371807349586668
20980,Stayed,0.6306121602919833
58920,Stayed,0.7921721653875611
4130,Stayed,0.5958835251915282
46830,Left,0.36636356856884816
58341,Stayed,0.8285619748002073
26192,Stayed,0.6560281528023449
21090,Stayed,0.5110119662376111
39210,Stayed,0.8325257011195213
50251,Stayed,0.6282648268174363
25950,Stayed,0.9961704944242626
50774,Left,0.3552230374098737
12142,Stayed,0.6851429451690594
52707,Left,0.2581007737977764
40120,Stayed,0.7640929224207947
17285,Stayed,0.9526688896930383
18199,Left,0.3067931491541659
72711,Left,0.17055821895866152
64835,Stayed,0.7769238412062088
47613,Left,0.4895739615521366
70797,Left,0.3009780991732997
2495,Stayed,0.960311469786072
1806,Left,0.2495359852068778
28057,Stayed,0.5744347766192147
55491,Stayed,0.914183851937596
23617,Left,0.1525559747442558
11318,Left,0.4562173696955567
32986,Left,0.37935057113709264
61287,Left,0.3117826735535168
68890,Left,0.2814443181094271
64049,Left,0.3118622521019538
680,Left,0.4231349794557482
36339,Left,0.3669192518469074
1166,Left,0.348976611350069
6393,Left,0.448059875434406
8106,Stayed,0.8400293982333368
23469,Stayed,0.9456489891063019
22447,Stayed,0.9185522538712289
17091,Left,0.230125206491566
23781,Stayed,0.9694473662344605
56657,Left,0.3975524522134961
24398,Left,0.42232147954626836
13696,Left,0.19470591804517537
31807,Left,0.17676050721714334
1214,Stayed,0.9844830543653857
14949,Stayed,0.9749483600188522
30320,Stayed,0.9848075431452312
2881,Left,0.08040436203643933
48126,Stayed,0.6793097801127158
73068,Stayed,0.8509020044895658
22207,Stayed,0.7741622662805951
66010,Stayed,0.9712597344959043
49635,Stayed,0.9920109208715009
57911,Stayed,0.9901021208867624
22592,Left,0.32535209218969396
6426,Stayed,0.6718772727235569
12591,Stayed,0.6637503749961696
3581,Left,0.41950831299117863
41264,Stayed,0.6023598486686265
36978,Stayed,0.7021840861230688
18216,Left,0.4225608461607735
55528,Left,0.3442089299793504
324,Left,0.44366699162100615
2763,Stayed,0.8790106652119035
74452,Left,0.34792338655394406
49868,Stayed,0.7920587807802641
17080,Stayed,0.6892489607000691
34915,Left,0.15054458606452242
26637,Stayed,0.8132556290188812
21901,Stayed,0.5117073920031804
72444,Left,0.08403536492436524
37226,Left,0.24010968413815734
840,Left,0.4270133226619435
41032,Stayed,0.5311994563630149
25611,Stayed,0.8779543005499518
45378,Left,0.27004928621558283
55760,Left,0.11005997180964476
39835,Stayed,0.8491528481308723
20859,Stayed,0.9269857966086175
41340,Stayed,0.8784259300953683
66357,Stayed,0.8050532140327656
6995,Left,0.3995435495287033
51537,Left,0.4095261111512001
27039,Left,0.28695385129114553
21746,Stayed,0.9136184093584651
18416,Left,0.17759735205774427
72238,Stayed,0.9260843057822297
485,Left,0.22826719575728244
43303,Left,0.2729628773141549
69807,Left,0.29506891431215343
56328,Stayed,0.9138189890176915
55400,Stayed,0.7987428969540141
38138,Left,0.49081104007382576
46990,Left,0.4377345642950391
12008,Stayed,0.9702209904108022
34879,Left,0.4081436703927642
25212,Stayed,0.6483959106271553
46167,Left,0.48115826863466127
8170,Left,0.4847168905210387
32129,Stayed,0.9876754725783391
36323,Left,0.20312165803596294
65497,Left,0.24343226067069934
41576,Stayed,0.9359643412938401
30142,Stayed,0.835263300842608
58988,Stayed,0.5338145697507843
16886,Stayed,0.9392716118488308
36513,Stayed,0.5085022057351444
61571,Stayed,0.9566083002497713
15369,Left,0.23014724975686762
17898,Stayed,0.8451083221821408
37001,Left,0.2860250744567744
50098,Stayed,0.5632357134848418
8405,Left,0.17295201572891275
60174,Stayed,0.527753691285224
13315,Stayed,0.8662449469148346
57539,Stayed,0.9756540924813608
62001,Stayed,0.6100611130790177
20776,Left,0.2991759718155436
72365,Stayed,0.6699421120532932
51947,Left,0.4752980603126261
72285,Left,0.20714496799825607
50237,Left,0.21792087745722874
39001,Stayed,0.7753257566079413
6062,Stayed,0.8932439736361812
20357,Stayed,0.6994550640278694
4734,Stayed,0.7492892385945636
64420,Left,0.3995561739572181
39970,Left,0.381469647748181
69883,Stayed,0.6721388511069647
25680,Left,0.10288768901503478
24423,Left,0.26035916709829876
40560,Left,0.15493305594818943
42784,Left,0.3957940271678606
46860,Stayed,0.9806017533401086
33423,Left,0.28126246290831786
37282,Left,0.4615324670568491
25871,Stayed,0.8957506185607196
2310,Left,0.44208075586791973
71206,Stayed,0.8000280143921428
26685,Left,0.07310115544703032
13960,Left,0.2628673511090346
56130,Left,0.09291324369330185
72428,Left,0.4494040092570803
50899,Stayed,0.6318402918376769
6014,Left,0.29495200016657164
8467,Stayed,0.6536128034183263
53005,Stayed,0.8585293322174148
14421,Left,0.19718552113832125
62634,Left,0.3092490171841802
2981,Stayed,0.7526038838454396
27889,Stayed,0.8674364480978477
64564,Left,0.21682579078744793
72817,Stayed,0.6901716096613568
4469,Stayed,0.7029433294605568
27467,Left,0.39236103676920053
70103,Stayed,0.5360774634949234
58172,Stayed,0.69634827955348
34633,Stayed,0.8600718277724869
40808,Stayed,0.803343718678077
45550,Stayed,0.9983204864268622
64648,Stayed,0.852466247030722
73837,Left,0.44936930171474926
69645,Left,0.14157561844661762
59453,Left,0.22733215125953965
9688,Left,0.36839391378598846
72256,Left,0.34844639748310763
55820,Left,0.17676054791723234
44096,Stayed,0.7766705291066351
63389,Left,0.3507381295169822
1492,Left,0.16306165185482707
69446,Stayed,0.8969409718148151
35520,Left,0.35317422523873365
50316,Stayed,0.5483369817899986
45316,Stayed,0.7380130564679871
73878,Left,0.31069427391947974
70861,Stayed,0.8268877909031894
65333,Stayed,0.9890593500047309
66150,Left,0.2545798738294649
70247,Left,0.15091217653069441
7218,Stayed,0.6369998503575449
13939,Stayed,0.9821878612599999
1423,Left,0.38020571243516976
68340,Stayed,0.9454492041573667
52533,Left,0.32462325716650503
67305,Stayed,0.8305346513690445
40605,Stayed,0.7687037393510673
48057,Left,0.2076224561221636
19438,Left,0.252098600908035
12244,Stayed,0.7974101822064749
49639,Stayed,0.6847102652698697
24680,Stayed,0.9659446912537906
43269,Left,0.49580852312455526
49133,Stayed,0.8407208674571154
17892,Left,0.36624186333793746
60572,Left,0.14976356068624977
52869,Stayed,0.9963522127751553
50110,Left,0.47178942619031006
64311,Left,0.2147103177010665
67804,Stayed,0.61932499009647
63666,Stayed,0.7708864190342445
56826,Stayed,0.9601725245139705
4736,Left,0.09104759281839367
51090,Stayed,0.5394324995054776
69873,Left,0.4567580296364239
36130,Left,0.4299909562739835
49526,Left,0.16741975524300287
45809,Left,0.2850466806499674
44194,Left,0.38178365761290955
34860,Stayed,0.9916611077876432
47668,Left,0.38634603962360525
37904,Stayed,0.8017191897454767
8427,Stayed,0.6315774826830417
24428,Left,0.4920585752491358
25370,Left,0.2263358728666113
73277,Stayed,0.865496187986
64024,Stayed,0.8046441961491623
10672,Left,0.3297154598379226
40117,Stayed,0.993812336478439
65568,Stayed,0.9780877612150589
2997,Stayed,0.9809064875269997
25949,Left,0.4365259618973721
27253,Left,0.22542400497985163
47540,Left,0.32605739424569874
43961,Left,0.37020310277668766
47768,Stayed,0.9904421112962621
35571,Left,0.353440310088627
57473,Left,0.2417188371894419
46656,Stayed,0.9889559456979454
49249,Left,0.3816527484527365
66871,Stayed,0.9957447275100535
51141,Left,0.22652898750847433
22582,Stayed,0.8789338247131818
54679,Left,0.0628025681729277
23145,Left,0.1598987317258175
36589,Left,0.2530183467732222
21745,Stayed,0.596093792070651
7256,Left,0.18660997072413987
46953,Left,0.3069613310661176
59216,Left,0.1924084714964005
52738,Left,0.10384332570663572
20076,Stayed,0.8821418046236603
42056,Left,0.11153155229887456
3004,Stayed,0.8083303921797051
53756,Left,0.2879739335897901
34467,Stayed,0.9693519794546637
51794,Stayed,0.879900662040802
3138,Stayed,0.9227563210309345
35092,Stayed,0.8479805395595328
45266,Stayed,0.9938683480571315
41561,Stayed,0.5753219957771122
41674,Stayed,0.9774704554657175
42359,Stayed,0.5718920645445921
52790,Left,0.2100594632294428
6433,Stayed,0.9215425687169118
32456,Stayed,0.6589709602155204
20664,Left,0.48860529687048354
13950,Stayed,0.5179958692353938
2998,Left,0.0996416725713877
5953,Stayed,0.8736009082348686
18847,Left,0.303685167233567
72814,Stayed,0.6263673927317465
10142,Left,0.22755255054268844
12959,Stayed,0.8090898019215333
31670,Left,0.19581761063885442
61329,Stayed,0.9662625813009751
36803,Left,0.08779695506283378
50892,Stayed,0.8726779690558328
19887,Left,0.10114680924477755
63302,Left,0.31090976945482995
50362,Stayed,0.952161838274447
25117,Left,0.21525480832704194
14770,Left,0.23223988682746238
64234,Stayed,0.9259410291519814
55750,Left,0.1256168200720083
968,Stayed,0.7143011434484055
37436,Stayed,0.8131041434142378
42702,Stayed,0.5765412853960932
39515,Stayed,0.8269132782766095
58257,Left,0.44313129309623905
52840,Stayed,0.9659017103208034
11479,Left,0.48107494530447387
10291,Stayed,0.8517369676002537
13758,Left,0.24873594256393322
22270,Stayed,0.9222154324219681
52785,Left,0.15301806962356823
37249,Stayed,0.738168293564952
2942,Stayed,0.6274381366162617
4860,Left,0.34752909189539793
34060,Left,0.47823150631165656
20935,Left,0.43139426089189997
9070,Stayed,0.9902070851530026
28714,Stayed,0.7460629771018309
20346,Left,0.22447540970475055
71305,Left,0.4547008756059501
62582,Left,0.08136028240005913
48766,Stayed,0.6795921670859244
57232,Stayed,0.8481889779755197
34656,Left,0.23191648121948968
36855,Stayed,0.5586124909702433
57467,Left,0.4097863157960594
502,Left,0.20903274556811463
6226,Left,0.0926944929700538
65347,Stayed,0.717563132481426
45323,Stayed,0.9823801336670863
62896,Left,0.30823154840726186
20866,Stayed,0.6171979645707287
62394,Left,0.2924215495850225
4564,Left,0.14887802536400424
21729,Stayed,0.7172410761984424
3051,Left,0.3820210936743399
41064,Stayed,0.8933695111101131
25443,Left,0.1275378073578369
16500,Left,0.3649997355781062
23030,Left,0.22023514225894952
12659,Left,0.4298219589955407
1837,Left,0.1290460838377152
56878,Stayed,0.8905627831014455
28686,Stayed,0.6187415042214104
5049,Stayed,0.9829456071405739
59696,Stayed,0.9651633456982847
10100,Left,0.2950738083207277
9312,Stayed,0.8681919462190857
31688,Stayed,0.8561560969165405
39189,Left,0.30526289080128544
66570,Stayed,0.9700019128876484
39331,Stayed,0.9901754558181581
37739,Left,0.37808826742459073
37008,Stayed,0.8746944953317568
16370,Stayed,0.8438887958011407
21258,Left,0.15465723693521968
70262,Left,0.23635103484807396
57952,Left,0.403696238666696
3349,Left,0.13533624029366903
53758,Stayed,0.6413805697650743
11779,Left,0.44152178477434095
53329,Left,0.3880330183953959
66725,Stayed,0.9658291091947265
69456,Left,0.2785260303649649
7367,Left,0.43246419276437587
4585,Stayed,0.8252136154300131
38940,Left,0.10878766961799227
27766,Left,0.3573202684654498
67772,Stayed,0.513608471076311
53561,Stayed,0.9335980539609394
9190,Stayed,0.9647978791804106
25454,Left,0.1551773976285076
16760,Left,0.32722328518694355
47145,Stayed,0.8980103364501534
23461,Stayed,0.7508320258467196
31038,Left,0.14249280931349312
22730,Stayed,0.9602189163565703
3285,Left,0.20172986239278193
52559,Left,0.09766766238352177
29737,Left,0.2290519078475153
16010,Stayed,0.7123407951188631
19571,Stayed,0.871378636244737
19916,Stayed,0.8284922454920695
53797,Stayed,0.8116759962392618
6760,Stayed,0.7288533507402369
71366,Stayed,0.7645874970499821
56281,Left,0.2897704076936102
24964,Left,0.1283278111212045
43397,Stayed,0.9962237444734204
65368,Left,0.2796494640779422
45431,Left,0.460016043975752
11393,Stayed,0.9005045635841793
46592,Left,0.3855313105938658
16751,Left,0.38919182255605456
62017,Stayed,0.9225283265351675
32582,Stayed,0.9981514090025759
3305,Left,0.38273451881300186
68430,Stayed,0.5510846614644551
53036,Stayed,0.6310561029863893
59463,Left,0.1232745562321204
65477,Left,0.12202918176251253
16330,Left,0.27220857117882413
9933,Left,0.08175995089632353
36171,Stayed,0.5083382037030599
48914,Left,0.35807464570722947
29862,Left,0.434844423239025
17161,Stayed,0.9633116602083304
20165,Left,0.2843303007102725
61762,Stayed,0.7737780117597852
48253,Stayed,0.6395848888912659
8618,Stayed,0.7626055348943013
18308,Left,0.24989617890414856
32961,Stayed,0.5874701676604298
27035,Left,0.49645185298170985
28273,Left,0.4011083681444068
25202,Left,0.13408070319656365
54398,Left,0.24358561970020817
64440,Left,0.11439924753900389
40393,Left,0.24203391109028638
5821,Stayed,0.5428314412055771
34274,Stayed,0.52466174098217
238,Left,0.3404930316873526
13133,Left,0.27247984738183917
12154,Left,0.36092093032017447
35836,Left,0.23628135703168185
16658,Left,0.49714235541049095
9764,Left,0.3823319535049886
25301,Stayed,0.5570160237480585
2692,Left,0.24203026233150413
67199,Stayed,0.6176632084217216
74273,Left,0.07601648987541415
70506,Left,0.18786959823975785
10139,Left,0.20725059403753932
55725,Left,0.47326388972809946
22279,Left,0.24940137477791285
18443,Left,0.3086120913489645
39004,Stayed,0.8788628187984895
65625,Left,0.3595249597687445
56957,Stayed,0.9891483875415149
15879,Left,0.21527819676766077
17765,Left,0.2351267229730619
32743,Left,0.19297482783285008
74033,Left,0.19120767925698853
28097,Left,0.2693815129079051
33018,Left,0.3564234167357719
6937,Left,0.36250747872934147
54194,Left,0.47883779660461795
40312,Left,0.4854395620650303
37779,Left,0.3935578904166717
60945,Stayed,0.8752344153544966
26043,Stayed,0.8567993192362199
22979,Stayed,0.9715639612161401
22803,Left,0.4244122772366028
45427,Left,0.3659813999842318
61141,Left,0.20135228274471817
27911,Left,0.16399489056562733
26996,Stayed,0.6289789621766856
71344,Stayed,0.6099213197794567
56522,Stayed,0.9318576276939784
58311,Stayed,0.8115809403655554
59295,Stayed,0.6189831278939285
23758,Stayed,0.9224919006028494
53210,Left,0.42006612450874253
68373,Left,0.12628887034915062
13518,Left,0.48254728020271026
39747,Stayed,0.8776312681113024
4104,Stayed,0.9497372973911063
50873,Left,0.1488937088593954
32043,Left,0.302550492090362
44729,Stayed,0.9827039857901783
963,Left,0.38365582971085477
58935,Stayed,0.8558277067608492
64033,Stayed,0.7192363231301725
41727,Left,0.11690663672282599
1847,Stayed,0.5099097035152851
41110,Left,0.2102087576116637
71512,Left,0.2325557966039195
31126,Left,0.42975446412267804
64980,Left,0.41712168971955554
43441,Stayed,0.9971645954550843
57146,Stayed,0.8140996203384868
66857,Left,0.3640948994993613
57441,Stayed,0.8827606155429919
25327,Stayed,0.8527965174745678
50348,Stayed,0.9397597929757551
10300,Stayed,0.8727132734689514
19052,Left,0.36890811181136623
37882,Stayed,0.9695072567473428
30401,Left,0.3493661620282993
66360,Stayed,0.550560536670593
9290,Left,0.37285575660299297
29463,Left,0.3028822582660441
37182,Stayed,0.5071603796512696
26659,Left,0.35062366481844676
21211,Stayed,0.733161297979843
23007,Left,0.43332448056188566
34411,Stayed,0.6187678460843425
28298,Left,0.11022460174894533
4493,Left,0.4954609112549209
65715,Left,0.24002258162119405
35212,Stayed,0.8483195887310608
60512,Left,0.49987380097706013
61298,Left,0.35026176565334133
4569,Left,0.24474962884305673
27652,Left,0.28804731778487525
34698,Left,0.4437121525725806
49476,Left,0.3493967858521554
54541,Stayed,0.9334367369331841
19371,Stayed,0.7123173633791803
67076,Stayed,0.5633670917826478
10046,Left,0.2103289454717016
16333,Left,0.44846305282979804
15888,Stayed,0.5209609134489052
51928,Stayed,0.896356171840161
12320,Stayed,0.558997359433208
59801,Left,0.06460065286010093
55050,Left,0.29398130306650017
27017,Stayed,0.5428041932302379
14563,Left,0.09812744779620432
780,Stayed,0.9331798696694408
6922,Left,0.46090164380511145
10785,Stayed,0.8106920916341467
36582,Left,0.2129650523215992
58554,Left,0.12389312363776313
55934,Left,0.20389647099882377
24278,Stayed,0.6148654432304065
7680,Stayed,0.915812117937008
38529,Left,0.29616211716109836
32742,Left,0.27079749280959425
9845,Left,0.15132654999270612
26019,Stayed,0.6497081165802188
22846,Left,0.42854885497980155
29274,Stayed,0.9898006743147378
505,Stayed,0.8435930977892226
24198,Left,0.4296274944750493
36850,Left,0.3085654254602504
18986,Left,0.305908732275377
2991,Left,0.24390916810979468
71409,Left,0.19463018626406037
9707,Stayed,0.6025582190358706
64285,Left,0.4147470734546313
24857,Stayed,0.7795712005582671
27120,Stayed,0.6398161447551642
24085,Left,0.4063794318728142
54409,Stayed,0.8266833435830746
22157,Left,0.32544989245502687
47867,Stayed,0.9727299851052292
20477,Left,0.13316398413987587
24483,Left,0.3564685177394493
45355,Left,0.2522007228690021
4811,Stayed,0.8789141514690125
32891,Left,0.14668458631231365
51550,Stayed,0.8811378915658316
8076,Left,0.17181103132875924
49197,Left,0.3549496869258494
46925,Left,0.19748129041204107
71460,Stayed,0.7847358619959404
39925,Stayed,0.5196258858917104
31107,Stayed,0.6948410512256028
35909,Left,0.41963747706745114
40050,Left,0.23318059034546376
72588,Left,0.3038025732742023
25951,Left,0.13347694281989017
73908,Left,0.09467985354577499
24629,Stayed,0.691663573103698
20218,Stayed,0.772870145665808
18030,Stayed,0.8067968790635551
11020,Stayed,0.9750971235700349
47103,Stayed,0.6559823835972911
73087,Stayed,0.6004590464025543
52698,Left,0.09068231653384126
5905,Stayed,0.980028301172255
5344,Stayed,0.937219093873434
15258,Left,0.4761723046087207
70142,Left,0.16187372875043063
3883,Stayed,0.6718874508746827
23688,Left,0.11240843828828385
55254,Stayed,0.6274216827412565
50487,Left,0.4866624648823331
18145,Left,0.19081147680160832
29018,Left,0.12592789363550194
25138,Left,0.3080303168010374
22214,Left,0.2099802849348649
15588,Left,0.48346632550351437
13115,Left,0.39699016497307366
19893,Left,0.28555592324186485
67718,Left,0.49532407970930015
25390,Left,0.2668912718697523
3856,Left,0.4103703823892055
22993,Left,0.16845288038658304
55516,Left,0.4685039571936328
27815,Stayed,0.6757168783014982
68601,Stayed,0.6653338110958008
53128,Stayed,0.6341437577568662
11752,Stayed,0.9110944896273054
53853,Left,0.4235581743024707
33499,Left,0.10706737156111086
58980,Stayed,0.8716122526153465
55542,Left,0.30316415092747817
1991,Stayed,0.6589158041571544
61540,Left,0.2770679972642586
16599,Stayed,0.9512279151014824
4614,Left,0.12164889325330924
28417,Left,0.21690376220733396
21583,Stayed,0.7957267305851753
8172,Stayed,0.5471925537024432
9012,Left,0.20463097340855002
401,Left,0.2780747379379748
53340,Left,0.3743294399889826
16779,Left,0.1266569799154205
26519,Stayed,0.5250325307170282
23521,Stayed,0.9897464014911043
64259,Stayed,0.52605073701064
4646,Stayed,0.8298139990248189
9640,Stayed,0.6021334077700277
27850,Stayed,0.5394022181826491
62931,Left,0.19830170710755016
21503,Left,0.1688194731061373
32885,Left,0.09788081803224707
62300,Left,0.34200589919027813
22516,Stayed,0.7589366180403362
26361,Stayed,0.6212488128213961
11651,Stayed,0.9678307857492439
12682,Left,0.1759032018042157
30453,Left,0.10260021952812541
3307,Left,0.4475016451277975
46847,Stayed,0.6558419864486543
37033,Stayed,0.6237855284560838
44404,Stayed,0.9672552609883952
35377,Stayed,0.5316962180233212
53744,Left,0.360081214868252
10187,Left,0.08581913025135572
10943,Stayed,0.7756568590549937
24184,Stayed,0.5860627966926194
19910,Left,0.07884896372583865
15404,Stayed,0.6187862266734542
37377,Left,0.08676500114376592
2311,Stayed,0.8311064273617323
24654,Left,0.40546245472056974
40,Stayed,0.6820388924829829
39015,Left,0.2788443066333583
3174,Left,0.21589406195721425
36976,Left,0.3456848430499209
41053,Left,0.4705648295616593
45669,Stayed,0.5913435048383797
63501,Stayed,0.5008322456271871
32711,Stayed,0.9166886883631501
8634,Stayed,0.550125715743707
45845,Stayed,0.9831820054657161
22221,Stayed,0.8368419870385493
20041,Left,0.1314551594179687
53103,Stayed,0.5158048313823987
49566,Left,0.4363290662980502
22390,Stayed,0.6732264503940768
34910,Left,0.23898110156525507
22143,Left,0.2569775062161527
23638,Stayed,0.5859921030622723
48394,Stayed,0.9930071387679885
31983,Left,0.27601390581055046
35728,Stayed,0.7489414954329333
20511,Stayed,0.9248722738471145
3395,Left,0.2945856682852783
46551,Stayed,0.718678552087561
53637,Stayed,0.6579045989492168
71756,Left,0.15286600336819425
5035,Stayed,0.8155791109807298
24694,Left,0.46705149415855396
24394,Left,0.44914632427706663
27102,Left,0.2781668134213436
14128,Left,0.20057308972594864
26585,Left,0.4074191823298538
36533,Left,0.2096614105907284
13594,Left,0.277742463550614
17560,Left,0.2722913468067474
68982,Left,0.45177690280077565
29515,Stayed,0.5699682208381913
62679,Left,0.4002305609543925
18710,Left,0.4048356403555286
39383,Stayed,0.7806361679816274
55989,Left,0.0953451729899347
43994,Left,0.4523600796830491
8547,Stayed,0.9322743199431678
55790,Left,0.2611965280111005
9729,Left,0.35681323246752317
47033,Left,0.29720932512170656
19491,Left,0.1636886051835103
32612,Stayed,0.984861817446649
66330,Stayed,0.8431150574222758
59757,Stayed,0.6930590787089754
64774,Left,0.2125147868160734
48491,Left,0.25133543205883263
21612,Left,0.4807214494037834
3343,Left,0.4574706919497196
40620,Left,0.27366086875662493
65760,Stayed,0.8999428570602181
23144,Stayed,0.7371451807263829
1764,Left,0.4343146981356309
36884,Left,0.11175092931404874
8960,Stayed,0.5783440977983142
73611,Stayed,0.8510749228209932
12529,Stayed,0.7382267631073063
6637,Left,0.12382449281718118
16949,Left,0.38565042569992125
29254,Left,0.14383064080390434
74465,Left,0.4861544872450617
39772,Left,0.16783025708418192
49749,Left,0.18297763545048948
44033,Stayed,0.5790999297639453
30304,Left,0.21399530238156736
15872,Left,0.20647750506746348
20832,Left,0.3780745486293373
43494,Stayed,0.7549600656314066
44319,Left,0.3573218787480932
13008,Stayed,0.6058739303131889
62717,Left,0.175152612691743
22161,Left,0.14687760504453745
61014,Stayed,0.79223205685863
5158,Left,0.34367345825327456
1403,Stayed,0.8241797702641148
1231,Left,0.2227361711018612
9114,Stayed,0.8341727254089367
39006,Left,0.2978206324751892
27615,Stayed,0.6489142513895974
52813,Stayed,0.9909202467023567
68464,Stayed,0.6976182235087801
36775,Stayed,0.7976833484692062
23038,Left,0.12419549013135266
43065,Stayed,0.5511012099070436
71894,Stayed,0.50861008476988
7837,Stayed,0.663614406525854
56305,Left,0.3991622497355729
64351,Stayed,0.7396419734952046
66567,Left,0.4497217044363171
9713,Left,0.16359432403056146
60325,Stayed,0.937940340792922
20098,Stayed,0.922451477336824
14399,Left,0.24339371476273106
70728,Left,0.06299897553904824
31180,Left,0.33049218585146195
47944,Left,0.15451069622592728
22205,Stayed,0.752500985132948
71790,Left,0.20763842253164674
5634,Left,0.39136080329267847
71094,Left,0.20729470920111656
26382,Stayed,0.9671759227756865
65714,Stayed,0.5316902272377301
14048,Stayed,0.8510961247615517
65827,Left,0.21067890603317366
12111,Left,0.23423478851142995
36538,Stayed,0.9923098463039652
1327,Stayed,0.6215516342987987
28631,Left,0.3240569193206917
15700,Left,0.3254570216973855
69925,Left,0.3556732411873058
58205,Left,0.37164451602643594
42047,Stayed,0.770842127742225
20410,Stayed,0.9643124516100751
11608,Stayed,0.7532057525727156
38955,Left,0.3449240239115987
69984,Stayed,0.5503320023321036
29026,Stayed,0.58994536711194
69901,Stayed,0.8882466192033446
18796,Stayed,0.6570597749065531
24865,Left,0.432348629348228
51521,Left,0.42143299878445833
23859,Stayed,0.501577564636877
50060,Stayed,0.650096564319227
57687,Left,0.40446485441502616
5224,Stayed,0.8928002732512169
15529,Left,0.2379021622351165
19913,Stayed,0.8334559733732984
22649,Left,0.4557409064686386
55742,Left,0.4185652918680394
950,Left,0.41402179132222955
53798,Left,0.313306568908355
6657,Left,0.10362380585546867
13110,Left,0.18302815068704023
45692,Left,0.3771460241758241
40841,Left,0.2593032845349184
51206,Left,0.3424923518540133
40102,Left,0.21604437554534936
72944,Stayed,0.7687379306921451
5183,Left,0.14231202873167587
13042,Stayed,0.9279841009443397
7664,Left,0.10488171687852778
57342,Stayed,0.6040865682215593
54527,Stayed,0.995763961601115
24201,Stayed,0.5237787338027478
69720,Stayed,0.739431599226491
61437,Left,0.44709758642565395
48300,Stayed,0.6540846638150947
2352,Left,0.46635706128646387
54715,Stayed,0.9267705988710894
42101,Stayed,0.6354280445021664
73569,Left,0.3189955830349185
30745,Left,0.28308701465345154
2060,Left,0.04701038243859946
37924,Left,0.32589876546676866
10949,Stayed,0.785932337390151
51175,Left,0.13716487305386083
25736,Stayed,0.5415620133107124
62139,Left,0.3507159858701745
33449,Left,0.43618648201647914
24295,Stayed,0.6334410905696872
55403,Stayed,0.7852164049478552
16568,Left,0.10240006210565726
60480,Left,0.08931280772103599
26152,Stayed,0.7936243750370452
68809,Left,0.1667820397199695
60833,Left,0.25512648137213034
1843,Left,0.20400384696503474
13825,Left,0.39481454372406904
56962,Left,0.4308271242933083
68953,Stayed,0.9033745130251352
32000,Stayed,0.5424637966916842
59293,Left,0.4822125634279177
38708,Stayed,0.9948040992424572
66985,Stayed,0.5412829017268657
48290,Left,0.3453664366924496
58473,Stayed,0.7822692345578791
16867,Stayed,0.958659108767527
41670,Left,0.3427621116711757
41072,Stayed,0.8982237995089628
66420,Left,0.3112311228426928
14120,Left,0.33221258786467023
41808,Left,0.1920813238602446
69089,Left,0.28625247182040614
63339,Left,0.23784120194138886
42244,Left,0.06780184077750219
60256,Left,0.4857020228559753
47437,Left,0.4113147993618194
64398,Left,0.49054574142960916
42613,Stayed,0.5072115781570414
45041,Left,0.11030992235645672
21364,Left,0.26974656900770794
29134,Left,0.21409939321633584
31691,Stayed,0.9411323301336099
52457,Left,0.42607557394396145
25375,Left,0.147507806909128
11363,Left,0.17481571757593398
31578,Stayed,0.9123265594642948
51420,Left,0.38804713982788913
6686,Left,0.19146433681376307
32534,Left,0.2686439217994537
26201,Left,0.3622801266872847
30225,Left,0.20460022193619995
57026,Left,0.1858012745784472
35406,Stayed,0.5591657720333708
38535,Left,0.14277264124117411
56291,Stayed,0.9561605492508713
71457,Left,0.39003808131522527
5876,Left,0.412333172006305
14593,Left,0.36083010405832244
61292,Stayed,0.5034864560789538
64904,Stayed,0.7413691781041432
66350,Left,0.38297313969669733
5763,Left,0.1182082313228319
2115,Stayed,0.7074325113342848
32486,Left,0.31397114081600525
2190,Stayed,0.9562205006328983
68681,Left,0.3487557620655348
46595,Stayed,0.5270464389066994
20714,Left,0.1576116835215063
72537,Left,0.15731618988030502
62119,Stayed,0.7134217718835887
71687,Left,0.33561617035077296
39198,Stayed,0.6110456523510548
64664,Stayed,0.5194569720865392
61180,Stayed,0.6378122866078496
74013,Stayed,0.9310952294104885
10698,Stayed,0.5369972417802618
10093,Left,0.4086561074459686
46471,Left,0.1181692197003705
58081,Left,0.14053882744821372
19697,Stayed,0.9985849838444234
35308,Left,0.2774171710251544
54489,Left,0.24113573424905038
7145,Left,0.3670810629324184
56338,Stayed,0.8148276437948019
72683,Stayed,0.6478429313951758
69952,Stayed,0.7103643524994648
37594,Stayed,0.740851191269174
9023,Left,0.15593293174854556
10894,Left,0.40413104894533053
14994,Left,0.0951549853332811
11089,Left,0.271565394327634
43581,Stayed,0.982147351286944
15997,Left,0.13084205382363456
30234,Stayed,0.9762103814554457
16914,Left,0.16065260874057802
26547,Left,0.25220492614607976
21547,Stayed,0.8163585836329805
50779,Left,0.3487718877049738
55396,Left,0.285253605496844
47360,Left,0.3661315440255097
59405,Stayed,0.7468818792885588
60358,Left,0.3000862865536647
2010,Left,0.1523226457812314
59144,Left,0.4769433226544751
60885,Stayed,0.647061901246596
27802,Left,0.11592940023716797
41958,Left,0.124552959344158
64327,Left,0.3016031921684015
58254,Stayed,0.9654779563070424
55248,Stayed,0.724533681889643
26787,Left,0.2576615337945001
8749,Left,0.15081884294053613
43892,Left,0.27751046470698926
56267,Left,0.29793349319538276
19243,Stayed,0.9720832515044082
37338,Stayed,0.6078081580780055
24923,Left,0.22913577736747448
54173,Stayed,0.6928108623781285
44430,Left,0.28401050487396146
50667,Left,0.16559326446789602
10154,Stayed,0.992286215467278
22938,Left,0.4026033298144264
67330,Left,0.3758680441601061
7417,Stayed,0.9656020119954576
74434,Stayed,0.9992757070321922
59291,Left,0.15900019319168487
17013,Stayed,0.544463638912027
21219,Stayed,0.9669549132107255
74274,Left,0.10260839432475928
46721,Left,0.2703794189013557
66714,Left,0.2661116606839966
36501,Left,0.4262240259420872
6371,Stayed,0.9149873910486851
30790,Stayed,0.9690605928405417
51709,Left,0.2715219063575794
10263,Stayed,0.9792763289072768
40477,Stayed,0.8426985234756134
20764,Stayed,0.9130134083000041
53061,Left,0.3299381437037134
40305,Stayed,0.7566557359430306
59316,Left,0.06309293181819463
9264,Stayed,0.9004283979264116
41268,Left,0.0977229275376084
16613,Stayed,0.5259691571169315
30577,Stayed,0.5095767193459493
20804,Left,0.25988071964074577
59795,Stayed,0.782639009300991
54840,Left,0.2654647399948781
11456,Stayed,0.9734422445006676
18035,Left,0.10080335394167168
3508,Stayed,0.8055000833940199
18140,Left,0.42815948477186977
35809,Left,0.06000860266657004
11857,Stayed,0.9528476905818288
38456,Stayed,0.9737976370161843
40293,Left,0.2112536052631221
20625,Left,0.24469400723085605
29822,Stayed,0.9645188381161517
1575,Left,0.4236262625973897
38428,Left,0.4303739124102662
13718,Stayed,0.7544506448239447
19373,Left,0.2632154686558694
47163,Stayed,0.722698433597906
40730,Stayed,0.9854119775475497
63407,Left,0.1909456790503849
35165,Stayed,0.9585233528533835
72188,Left,0.14971789930686033
4067,Stayed,0.7478979970063443
25078,Left,0.2861061921328573
15057,Left,0.2719942168976497
22573,Stayed,0.7684135222714559
37943,Stayed,0.9619302968055343
64895,Left,0.2551270673318594
14645,Stayed,0.9421158674572876
31869,Left,0.38468823761383014
46788,Stayed,0.6106971958383287
28878,Left,0.11012046835669217
65081,Left,0.0414957032300183
48879,Stayed,0.923529031704758
31928,Left,0.474468711830897
789,Stayed,0.8906810410774508
19265,Left,0.10210010377944
32673,Stayed,0.7604730687246585
59902,Left,0.16790260312028682
46635,Left,0.27101947198776166
5983,Stayed,0.8950093498712954
213,Left,0.45904289298915374
2300,Left,0.3832753309363308
30674,Stayed,0.9299120276970783
12594,Stayed,0.8718156753203383
45756,Left,0.2846287139282814
35464,Stayed,0.9723142915374389
73061,Left,0.20205636907447905
40105,Left,0.324559501827774
44925,Left,0.48315048890813417
31695,Stayed,0.7929492264579319
3293,Stayed,0.8325480068965282
15816,Stayed,0.922671646891757
29046,Left,0.06136081582840766
22922,Stayed,0.6619735482099994
40692,Stayed,0.6637904915282511
17824,Stayed,0.5974672915217956
36331,Left,0.22951144964333248
1036,Left,0.4114613809252982
3081,Left,0.30871044724337177
16225,Stayed,0.763611421443334
55456,Stayed,0.9836745313959708
27659,Left,0.15305197030593645
51065,Left,0.1967801368768917
24981,Left,0.3541306961230965
66508,Left,0.2476966516563286
49907,Left,0.3254831883888898
70443,Stayed,0.6818086176976846
52748,Stayed,0.9718065231778368
60437,Stayed,0.8515456230903496
48144,Stayed,0.882032644124908
63790,Stayed,0.8954354182429908
69148,Left,0.10594157333427512
40416,Stayed,0.7668481122818823
12441,Stayed,0.6632311550543013
36615,Left,0.40923296304137796
59884,Left,0.47280959533439854
59832,Left,0.380443632023058
7480,Left,0.4875404392183489
62697,Stayed,0.7850018519033348
13814,Left,0.22960599864318132
30228,Stayed,0.5471013620262583
36041,Left,0.29245861281249275
10183,Left,0.27173015618696766
72145,Left,0.3568855420357176
64678,Left,0.2127434668522564
41157,Left,0.1876057308375604
46891,Left,0.25787048647318267
58187,Left,0.18543880756907005
268,Left,0.4748689872219545
9799,Left,0.297204798029627
15138,Stayed,0.5977046365090125
67584,Left,0.3318094849960548
29780,Left,0.3283764920649318
821,Stayed,0.7270632902865872
18360,Left,0.15118349498716935
23176,Stayed,0.5113672092349584
9106,Left,0.3894328365169591
60593,Left,0.3387075151825233
44969,Left,0.18796317417367414
31381,Left,0.33965369309150856
26314,Left,0.38641714427389434
73547,Left,0.48345593378877644
41807,Left,0.1802977367459516
49019,Left,0.31400788376993904
29008,Left,0.18781284508696353
12601,Left,0.31996859556632273
45447,Stayed,0.8040645240995995
7706,Stayed,0.9347159505230797
2687,Left,0.21400707376299197
63781,Stayed,0.5947102285431345
69681,Stayed,0.915242530150068
63684,Stayed,0.8733341740268601
44938,Left,0.23725498272088283
11374,Left,0.31438046393918917
58184,Left,0.30412016706491946
60071,Stayed,0.5448990361582067
721,Left,0.211996567915783
15500,Stayed,0.6995028347293933
43377,Stayed,0.755610516592426
47881,Stayed,0.964369776102719
16531,Left,0.35712691595008406
11297,Left,0.10473109410399621
32998,Stayed,0.9639892991937714
8910,Stayed,0.7104406394105224
20603,Stayed,0.5886487324266352
14362,Stayed,0.5657137417258863
29388,Stayed,0.7856091347961667
73337,Left,0.21676464295008174
52898,Stayed,0.9570760631575231
57753,Stayed,0.6960679103318801
50066,Left,0.23444384761210688
22614,Stayed,0.7958537137335729
38598,Stayed,0.9858198275842656
59806,Left,0.41185551277455135
11996,Left,0.1158419376857511
36071,Left,0.34400435840420945
58004,Left,0.25204945008955887
38644,Left,0.46315589128984364
46774,Stayed,0.751343479847328
44535,Stayed,0.9497961135346394
42287,Left,0.2917006576008364
64079,Left,0.17898061416437946
22546,Left,0.23531909219989286
18394,Left,0.21831284001240334
5987,Left,0.1642972861579187
54113,Stayed,0.939667771682968
12937,Left,0.2200501675842541
50275,Left,0.16093598076686086
9009,Left,0.2899203051333377
9452,Stayed,0.9856440205906776
7980,Stayed,0.9045658074172902
39475,Stayed,0.932929643801853
62466,Left,0.1845201380194471
28043,Stayed,0.5142793497328259
24665,Left,0.25504162284944126
68937,Left,0.2759753755150685
28108,Stayed,0.5547417996229687
50162,Left,0.289879057158168
33357,Stayed,0.7865504124642412
19736,Stayed,0.6117877567940823
32170,Left,0.3777883282178447
48186,Left,0.03153670501718778
28462,Left,0.42790056938654175
67665,Stayed,0.5871492883908805
24889,Left,0.2803960767018605
6480,Stayed,0.6218618490625144
19569,Stayed,0.9449281670373078
21982,Left,0.18429378496423293
18201,Stayed,0.5953461020753429
35135,Stayed,0.5925510712743862
46400,Stayed,0.5488508220703503
34825,Left,0.19847513145243906
34908,Stayed,0.9906259946291003
54476,Left,0.4275652285304206
61797,Left,0.3839959619836957
56011,Left,0.26670316358343377
31244,Left,0.12066372913362983
9310,Left,0.15589190232142586
4423,Stayed,0.9551782486175378
13288,Left,0.36331981239242755
10475,Left,0.40052408067252715
64434,Stayed,0.5412801513927138
46873,Left,0.4662596517093628
47782,Left,0.4325663315568774
42410,Stayed,0.9698565279841495
4080,Stayed,0.7907676080319584
43346,Left,0.3108721234070128
62182,Left,0.23518905062528286
51559,Stayed,0.8219333649831494
56107,Left,0.15986071403427407
972,Left,0.43712280322261077
24180,Left,0.4810700927063269
18046,Stayed,0.8639522150467042
3800,Stayed,0.5439506937898582
42075,Stayed,0.5264867721343219
12308,Stayed,0.9873673504352525
72081,Left,0.34785857780959656
55283,Left,0.4858779046582534
37544,Stayed,0.8850864828605014
62927,Stayed,0.8569059870133017
12039,Stayed,0.9063773856620896
46566,Stayed,0.8295759231427997
56710,Stayed,0.5275266736893232
18850,Stayed,0.7942449838942895
5346,Stayed,0.996170186434253
62388,Left,0.30844162261132924
57684,Stayed,0.9678430708253665
51719,Stayed,0.9573324554317806
55822,Left,0.3750740873198257
25409,Left,0.10636314182789222
39700,Left,0.08687368654744097
53372,Left,0.19228965970059483
42932,Left,0.28148611777857513
58237,Left,0.21943834957174446
25828,Left,0.055875243302751405
22631,Stayed,0.6303155723075966
23924,Left,0.15247595487387847
45670,Left,0.21838382342581744
30863,Stayed,0.888447548491809
30961,Left,0.3344346569632549
41456,Left,0.34575527121526567
34943,Stayed,0.9788246814894219
51184,Left,0.12831157750751115
64899,Stayed,0.6086264574505688
16538,Left,0.3187315950392284
24053,Left,0.228419777115893
15786,Stayed,0.8500593346171637
10584,Left,0.19752119152302772
61151,Stayed,0.6085847109236123
42454,Stayed,0.8410458554754894
35833,Left,0.33477280149376515
22819,Stayed,0.5917810606582746
1697,Left,0.3196924467291179
32623,Left,0.4505831682868296
59309,Stayed,0.5096030197171245
14544,Stayed,0.7914034505413279
10853,Stayed,0.9134068332993611
37772,Stayed,0.9898269739794843
63969,Stayed,0.8259492079491886
43134,Left,0.37199946949956586
73759,Left,0.2430594437371974
14230,Left,0.34303754523226354
54959,Left,0.18432057916785008
73139,Stayed,0.8004766103131764
69508,Left,0.19252921409332824
10103,Stayed,0.543792762980533
66211,Left,0.2879808576060891
54230,Stayed,0.8321644229703994
45744,Left,0.38657881271472067
1004,Stayed,0.9946475597312413
8709,Left,0.22481725749826514
35349,Left,0.16645544009608965
66473,Stayed,0.9694452794954347
38995,Stayed,0.9180606279842197
30297,Left,0.12192831044285263
33185,Stayed,0.9269669859521029
48790,Left,0.2552630292293616
35310,Left,0.24461369014115278
42954,Stayed,0.9149348574427175
3621,Left,0.19662895813169323
57759,Left,0.2832688746822798
14607,Left,0.250529170302348
41229,Left,0.2804816595603093
6202,Stayed,0.6077568393477423
40698,Stayed,0.9538075440965803
60252,Left,0.12854157459757268
14188,Stayed,0.6141342753638308
66379,Stayed,0.7011636425003283
59069,Stayed,0.7330933804065308
37319,Stayed,0.6075288167037689
27675,Stayed,0.6178385238049631
4161,Left,0.39835755592414224
43960,Stayed,0.858785439610475
55794,Stayed,0.8625326647451498
65170,Left,0.3657726562684407
60193,Left,0.42350759154427736
50553,Stayed,0.8195126042271645
38592,Left,0.4912031643056067
20396,Left,0.492764416763896
59600,Stayed,0.958562454298878
46499,Left,0.34743056586815535
57089,Left,0.29471070599255306
47812,Stayed,0.6650317340082224
63648,Stayed,0.8252609236159768
2772,Left,0.09973740102372336
65507,Stayed,0.6866429280999858
44614,Stayed,0.5896514210422689
5555,Left,0.15346283680007675
5257,Left,0.41539647302185667
40231,Left,0.4490983093472791
69034,Stayed,0.6485208543705538
43777,Stayed,0.8122667855739035
62071,Left,0.08455639153838013
51672,Left,0.29427604664859336
10435,Stayed,0.5826419148761245
36985,Left,0.3582969924827533
39557,Left,0.48859711587642074
45934,Stayed,0.967030584194615
10926,Stayed,0.9274077188320727
5717,Stayed,0.8477520129129229
58042,Stayed,0.5671095424616169
44481,Stayed,0.64313028484296
50400,Left,0.36326223174786215
19708,Left,0.2664592489501286
48494,Stayed,0.575173837022834
38114,Left,0.24314257342670487
70358,Stayed,0.8253230116874369
33414,Left,0.31432994624815186
57775,Stayed,0.6757013897807402
40625,Left,0.4984967784548025
69999,Left,0.36905204497011096
43742,Left,0.32863263578852325
74093,Left,0.4394430237370428
62532,Stayed,0.9770237139876643
10743,Stayed,0.5618017189604609
49828,Stayed,0.9351394342606605
14238,Stayed,0.8914670082867979
21714,Left,0.3362378840852242
39813,Stayed,0.8751032053278746
28502,Left,0.27253245991775277
72163,Stayed,0.6004402525018101
47582,Left,0.3435403074119196
52920,Stayed,0.836053613290786
58417,Stayed,0.9546458863303241
21103,Stayed,0.7258324950240889
2731,Left,0.29421811464129866
44587,Stayed,0.63721317197284
60002,Stayed,0.7283135361453872
60467,Stayed,0.9852735379129685
35318,Stayed,0.8723586951750375
38422,Stayed,0.9288117364894445
58246,Left,0.2601579314389105
57302,Stayed,0.8821341906172568
19410,Stayed,0.5182039624444743
64140,Stayed,0.9564885967299268
32321,Stayed,0.8221289388348009
68272,Left,0.29319794084301715
29415,Left,0.2730370884101251
9198,Stayed,0.9633353471565658
20850,Left,0.16253093120281725
64663,Stayed,0.584776977299358
47961,Left,0.43708115858313357
14722,Stayed,0.7933807038890048
52388,Left,0.3090136170047502
38822,Stayed,0.7285290168541736
6060,Left,0.31456122123386104
37671,Left,0.21847052269317546
907,Left,0.07304745972756624
9574,Left,0.12976407109436894
55232,Left,0.45615743343007087
33266,Stayed,0.8759589514076976
58238,Left,0.41369432608582124
68238,Stayed,0.8523420928011866
71445,Left,0.2621446826156358
17915,Left,0.15423063834125236
22757,Stayed,0.9466408157424957
28873,Stayed,0.6798006371514301
68727,Stayed,0.752680494717148
71281,Stayed,0.7217126217981826
38692,Stayed,0.7513916469920752
25809,Stayed,0.9222083124649876
51975,Left,0.4676658996936089
18738,Left,0.1768374687985547
57420,Stayed,0.9863645765140469
16811,Stayed,0.9510547743908155
47805,Stayed,0.5498816889313776
56082,Stayed,0.8730796107502357
60291,Left,0.3076436103446527
944,Left,0.3842158318368779
69663,Stayed,0.7856324689583064
24671,Left,0.24583932504121692
70560,Left,0.39054444168687635
74385,Left,0.4196842896105069
65021,Stayed,0.826086419302809
53409,Left,0.43643611246864766
42229,Stayed,0.9869894324537976
70635,Left,0.2067624791051213
19779,Stayed,0.8098173147079312
47427,Left,0.09780112320324295
70792,Left,0.168468832679573
45674,Left,0.1775384688203943
903,Left,0.19752508305807664
62267,Left,0.07757114592309845
22383,Left,0.4005418491105854
66791,Stayed,0.7494746148140586
59051,Left,0.30941175638538687
5087,Left,0.22287548729954829
73966,Left,0.3452996709585108
71646,Stayed,0.9195008958260052
33113,Stayed,0.7535809435906177
35649,Left,0.11631277254312883
36200,Stayed,0.9553099251708046
37523,Left,0.23735382864257856
39377,Left,0.11698429486329515
30852,Left,0.1253558750252407
18807,Stayed,0.5994301101524376
57780,Stayed,0.5571681808857463
27027,Left,0.37056093516376876
16987,Stayed,0.8864093767394094
68939,Stayed,0.6540059499784381
48996,Stayed,0.9465275377773829
2287,Left,0.1921908102677042
59059,Stayed,0.8393577202118951
66490,Left,0.24972218435324722
28837,Stayed,0.840071445857179
50354,Stayed,0.5460978908011791
40449,Left,0.27989095225987
20398,Stayed,0.9536937202664236
8389,Stayed,0.6564933187017582
19967,Left,0.20943376394465307
63183,Stayed,0.9050655025668017
26514,Stayed,0.9153673467379153
29110,Left,0.17400774329686233
46386,Stayed,0.6728039672072109
62117,Left,0.3620397545841396
48280,Stayed,0.7200537355955868
41494,Left,0.3444623510419202
5605,Left,0.2375728122901815
64143,Stayed,0.7919894171625811
1825,Left,0.3750849415434747
14947,Stayed,0.7026706365411004
46621,Left,0.17240508907203775
12554,Stayed,0.8135338569973402
62338,Stayed,0.6855028352877716
43515,Stayed,0.8818173310808106
30673,Stayed,0.9479017334319165
26680,Left,0.36040042119552895
50450,Left,0.3380724944589913
28136,Stayed,0.7110195337815415
69175,Stayed,0.977862746777896
14014,Left,0.16791838935785158
54059,Stayed,0.5320134691106863
19316,Left,0.2710821104159397
57578,Left,0.17698432667478137
28627,Left,0.3017518060400139
72971,Stayed,0.9649102542137236
62054,Left,0.3975130295287087
28495,Left,0.11799653634975375
45405,Stayed,0.5641551950986092
59631,Left,0.34415820710624223
47528,Stayed,0.7023291316396589
14849,Stayed,0.8532591233823643
5131,Stayed,0.7469912434430546
70711,Stayed,0.50720527338357
65382,Stayed,0.7830801353188548
71417,Stayed,0.8616352336240223
65892,Stayed,0.9330689282131535
31781,Left,0.20530593733013605
61602,Stayed,0.8034246110621862
67583,Stayed,0.5852530658459987
3426,Left,0.3722524312974122
3058,Stayed,0.6542470622609048
8154,Stayed,0.9411871785671619
24066,Left,0.3678772526762777
66948,Stayed,0.7676761366305431
69209,Stayed,0.9382598549952197
56108,Stayed,0.860847551275463
63162,Stayed,0.9598567641023172
54928,Stayed,0.8495988358402617
15062,Left,0.3754180093086063
59502,Stayed,0.927662003242053
16608,Stayed,0.5243726264501293
15147,Left,0.2811333587730555
30283,Left,0.4180836315357723
28311,Left,0.26081820079913653
28073,Left,0.4211077474674439
56696,Left,0.45680140093080274
73141,Left,0.1660923611372946
39183,Left,0.09964951077494162
4071,Stayed,0.9528536079197812
50106,Stayed,0.8903478456967406
44641,Left,0.17643573711577987
14734,Stayed,0.9775656736468086
67557,Left,0.19136385732486702
73203,Stayed,0.7025772610300952
74051,Left,0.26658128673440634
5792,Stayed,0.8035880733998875
13292,Left,0.3517623965146036
51558,Left,0.13549853039743878
4511,Left,0.22179469573905222
9249,Left,0.18399892316963226
1831,Stayed,0.8301920419090696
60497,Left,0.48223851265755924
55229,Left,0.4602911970878392
39115,Stayed,0.8922379796975807
65008,Stayed,0.5686986097261992
35715,Stayed,0.6967599605960303
56923,Left,0.3391430495240346
21822,Stayed,0.986629971705178
66731,Stayed,0.6881624815701954
27358,Stayed,0.5005038793303479
45619,Stayed,0.6752832461535447
275,Left,0.4573130067479157
39290,Left,0.33944073681827425
15360,Stayed,0.9772392240207302
29350,Left,0.1304463721389792
9580,Left,0.2858110845147544
31400,Left,0.28164168766250974
67302,Left,0.43856389870821855
54514,Stayed,0.9653919579592378
29154,Left,0.1042909958786654
36659,Stayed,0.8211559895279518
62534,Left,0.26374457781716215
50539,Left,0.3173142475334244
2969,Left,0.12835568702995576
32392,Stayed,0.8387188635994071
7744,Stayed,0.7782549862388013
68648,Left,0.25402101131361726
16344,Left,0.3964230346545666
62406,Left,0.07320747791150141
11542,Left,0.3160353064283306
30305,Stayed,0.5034636030126841
7041,Stayed,0.8991318683337881
13703,Stayed,0.903663841740789
19274,Left,0.16408509627856221
1765,Stayed,0.5968362521649921
458,Stayed,0.7450743848082698
16387,Left,0.2570202456900735
49508,Left,0.4405023631685335
5924,Left,0.1634686688199191
35670,Stayed,0.8151363238129371
52085,Left,0.0943796631784635
14316,Stayed,0.9680798798935913
29823,Left,0.4288861526811033
63758,Stayed,0.8568220291601122
21272,Left,0.4610048265874078
67854,Stayed,0.8858466502502479
445,Stayed,0.7322174730476895
18925,Stayed,0.9968114223901556
74117,Stayed,0.697764831777959
67878,Left,0.49240186351948795
45662,Left,0.2041434631202035
14255,Stayed,0.9791267991993113
32454,Stayed,0.8374753392319751
25568,Stayed,0.522689235410229
43180,Left,0.1663861304948383
21730,Left,0.13664472115794832
10931,Left,0.19123786359667186
11516,Left,0.48158708698695596
21318,Left,0.24390377436902214
56302,Stayed,0.9493901139036356
16137,Stayed,0.9703815187120732
65157,Left,0.34139173041518733
32337,Left,0.19340309260935126
37763,Left,0.35023387040374554
55434,Left,0.2918835771143176
54992,Left,0.45240663804727727
57903,Left,0.15571548638791455
67797,Left,0.22181422520649755
34242,Left,0.13479920829807132
74199,Left,0.19199030460866018
2783,Left,0.15732048000793108
10308,Stayed,0.9285639135711887
31930,Stayed,0.6108518294997144
55683,Left,0.15394266892742012
40046,Left,0.20482367278626604
760,Stayed,0.6470926567400549
70347,Stayed,0.5683890065305561
39325,Left,0.2564696510729584
30720,Left,0.4327180413675084
45031,Stayed,0.9624093740095183
71652,Left,0.1518890829377685
72792,Stayed,0.7552602355718694
69160,Left,0.22323156781305806
40351,Stayed,0.8725239935774745
29478,Stayed,0.7826362201501974
8469,Stayed,0.6814264496443195
11790,Left,0.2540008852560863
58295,Left,0.3601286918005005
52215,Stayed,0.9291963224313471
57756,Stayed,0.9481287215379213
50087,Left,0.1721772043584547
5071,Left,0.11305814167944613
26004,Stayed,0.6356166371019714
12083,Left,0.2095474617503406
20808,Left,0.08388528665618525
13553,Stayed,0.9879148232718732
45598,Left,0.15887648400728016
15102,Left,0.3408156500691072
38396,Left,0.38985847515269534
27966,Stayed,0.9144197536507951
21545,Stayed,0.8963555530726797
13805,Stayed,0.9592144613783854
4156,Stayed,0.9755799916264138
20781,Left,0.30613628511674307
13038,Stayed,0.8119249340211574
5492,Left,0.15214985145747875
15622,Stayed,0.9128791563853521
47507,Stayed,0.9257819808684135
43125,Stayed,0.8674355044126626
50417,Stayed,0.7328996004755313
33186,Left,0.17050164964554593
21657,Stayed,0.6724518459349731
26477,Left,0.42639631959471674
51239,Left,0.16953551705271885
29148,Left,0.10529646261733366
38889,Stayed,0.8873764911303508
28514,Left,0.4506214263063394
51692,Left,0.41009829063282777
58501,Stayed,0.6018172574754592
13874,Left,0.27296061820630046
47495,Left,0.18906598460404792
71635,Left,0.21802570096235044
52512,Stayed,0.8802059066727765
12751,Stayed,0.6788275787401038
42169,Stayed,0.9001580500038999
46444,Left,0.3846003276515464
17383,Left,0.29192498588937915
63931,Left,0.33582912193405684
31989,Stayed,0.8519124857822253
42134,Left,0.2821719880093112
14337,Left,0.08291847284597434
33359,Stayed,0.7090749132098357
73681,Stayed,0.9357132088063528
565,Left,0.16384020798036747
16130,Left,0.22965705731035194
64446,Left,0.08656024386935907
36062,Stayed,0.6261465110838584
42028,Left,0.2990906304411718
11038,Left,0.4616797626156499
26259,Stayed,0.5272662649878537
71172,Left,0.26434301510926267
13695,Stayed,0.8049254006533808
74412,Stayed,0.577642863805841
47105,Left,0.34022435143853835
32030,Stayed,0.8671850967608408
8559,Left,0.1886554486361844
11551,Stayed,0.5569347776604109
11926,Left,0.46892542053087694
39802,Stayed,0.9336581856229024
55493,Left,0.3236728768501534
43108,Left,0.47376299577456243
19998,Left,0.2732121715228236
13392,Left,0.19747259028341402
52271,Stayed,0.953834603004082
9147,Left,0.3860808068175471
33817,Stayed,0.5949566344496444
23012,Left,0.4868286406330285
3065,Stayed,0.7889221249480042
25780,Left,0.45020187947170126
33267,Left,0.35584307100790386
8980,Stayed,0.7139344431467004
74007,Left,0.48723374184684287
67773,Left,0.18807812865012125
28580,Left,0.33126007675640984
21611,Left,0.2950082679968988
52678,Left,0.08293384965081714
71847,Left,0.04711918643563734
19313,Left,0.4298599485563972
27798,Left,0.39116557475494934
71791,Stayed,0.9825145595549885
58512,Left,0.4138212723376866
57613,Left,0.062086193243026944
18442,Stayed,0.5451188381298512
380,Left,0.35125249865392505
50285,Left,0.40366714163525347
70446,Left,0.19718697683971004
28147,Left,0.23727238451241442
68870,Stayed,0.9692477554093492
42610,Left,0.29591779794363576
28151,Left,0.4445477407612434
31999,Left,0.18975961046515882
9376,Stayed,0.9952084684261702
39921,Left,0.3641788043672092
41694,Left,0.48022767186946075
22493,Left,0.22246469840430144
66185,Left,0.26326764754247495
41820,Left,0.2706873563853409
33253,Stayed,0.9747734961446384
7291,Left,0.3678098930922141
10366,Left,0.16345351033853395
30543,Left,0.12608505417727583
48106,Left,0.48750326194364557
8162,Stayed,0.5046143046476186
48353,Stayed,0.7632419670145565
26349,Left,0.1711425674601216
26411,Stayed,0.6390399281323288
13507,Stayed,0.8787702944181387
31506,Stayed,0.7736881544843385
11950,Left,0.1055060501908564
2743,Left,0.08941042264313229
55247,Left,0.4901153090206263
56433,Left,0.4034853689598727
38927,Stayed,0.9891893296531689
19958,Stayed,0.6653569770309488
56728,Stayed,0.923885619307276
181,Left,0.28588888018294545
19497,Left,0.17528571433659665
5327,Left,0.28051953172338234
55632,Left,0.27834763241943605
49496,Left,0.19549264331863037
52469,Stayed,0.9636650455816793
68053,Left,0.41674082890747416
52691,Stayed,0.8192621191252101
53573,Stayed,0.9228557871492007
51803,Left,0.2776059303679392
26511,Left,0.09544574431667793
14140,Stayed,0.8922295313873332
28293,Stayed,0.7071193650225575
56904,Left,0.2592143415950476
34006,Left,0.32443283312090704
17377,Stayed,0.6693415929685103
65935,Stayed,0.5167010154143882
26536,Left,0.15238868707506945
14314,Left,0.3737158785985836
30177,Left,0.1925680384787025
67837,Left,0.14572827499953928
56141,Left,0.062347571618759985
49468,Left,0.39489282990913965
54440,Left,0.1786926876806877
17970,Left,0.2800119460502634
67686,Stayed,0.9610354744322881
5429,Stayed,0.9925390966849058
31079,Stayed,0.8220606738470168
32101,Left,0.17478904318548766
29385,Stayed,0.6097788065685404
16578,Stayed,0.5803592481110063
38782,Stayed,0.9748402869977275
14697,Left,0.20789868858841307
59900,Left,0.17609877241688532
7990,Left,0.31130327791486456
49524,Left,0.15448579666478635
24651,Stayed,0.6308038389950108
44748,Left,0.3718901949216055
9625,Stayed,0.5115165610975123
41924,Left,0.39061217127032366
5707,Left,0.3573440852737123
35473,Stayed,0.8540243571594386
62340,Left,0.2208185641089948
52497,Stayed,0.6989248884663092
47516,Left,0.31445245479566397
4879,Left,0.39008170979934437
16581,Stayed,0.7405469653417572
59786,Left,0.1755693427301631
45145,Left,0.4678983233991377
43865,Left,0.4613567168458344
36832,Left,0.45574247699752224
43484,Stayed,0.6510196108272257
63128,Stayed,0.7789425523555733
67922,Stayed,0.8419656667477022
58258,Stayed,0.535746952216754
25201,Stayed,0.8727964698034153
41669,Left,0.4565181682239941
63326,Stayed,0.646231923160044
48161,Left,0.4852456340778637
26892,Stayed,0.7222995700359681
2781,Left,0.22849201153714432
42006,Left,0.15425250672030935
34305,Left,0.10771168831169196
34008,Left,0.2928907734118059
1247,Left,0.4251836098115716
34039,Stayed,0.9597494206659063
20175,Left,0.08982707226238242
37059,Stayed,0.8035181225128645
73212,Stayed,0.6902827355355028
34645,Left,0.39885744655668853
51384,Stayed,0.6683319027570481
9999,Left,0.1737922076458885
3309,Left,0.3930487590222029
68108,Stayed,0.6442117662615103
63867,Stayed,0.7261749443642406
20561,Left,0.16432684598746777
34629,Stayed,0.8136344159783346
56871,Left,0.23495440159129952
26132,Left,0.3299690305217182
70043,Stayed,0.9894651109320123
57079,Left,0.07296347547408386
48933,Stayed,0.6335485460272237
11300,Stayed,0.5481346686288974
73401,Stayed,0.8389927421938996
9898,Left,0.385890799502031
38987,Left,0.24524576440993048
36228,Left,0.24047203960623292
33020,Left,0.49035950498605735
41978,Stayed,0.5206252043937459
27293,Left,0.03489184706714224
2904,Left,0.2530537582471912
25435,Stayed,0.9338130119743461
72334,Left,0.30345922400199876
6838,Stayed,0.7531220238962555
71939,Left,0.37055713188291367
6753,Stayed,0.5620779060200971
52998,Stayed,0.6361945893880174
48260,Stayed,0.847595686767126
48783,Stayed,0.9787648632449912
274,Stayed,0.7310799926560614
24033,Left,0.39192665228739687
33962,Left,0.32978476615719804
58560,Stayed,0.8114005712090497
61543,Left,0.1382824959457416
60962,Left,0.23222632340052346
13589,Stayed,0.8401192209310188
66190,Left,0.344359094434552
67030,Left,0.33029748888798566
54217,Stayed,0.8465345498726838
48695,Left,0.29471706360751
33703,Stayed,0.9677390554535505
67001,Stayed,0.9954082307363142
49429,Left,0.45044293929500123
5883,Stayed,0.7785811303386987
5880,Stayed,0.8417472747474476
37156,Left,0.09808184026025998
71507,Left,0.3776152535997299
37296,Left,0.3459233228842366
74272,Left,0.1483590769306982
45701,Left,0.4082106761411492
41180,Left,0.2549704251456605
65959,Left,0.2064947422380103
35556,Left,0.18373340040541386
29305,Left,0.2793229809574152
43461,Left,0.4221427569937769
52967,Left,0.3674464299064385
46305,Left,0.45706997714799596
68048,Left,0.40525732518510327
68225,Left,0.1544526679207369
67620,Stayed,0.9719979406460934
33099,Stayed,0.6616946885635845
2727,Stayed,0.8170452429273011
47527,Left,0.4423164098304759
69522,Left,0.288749837608642
28162,Stayed,0.9594692939196747
42015,Stayed,0.8919727476955959
26678,Left,0.25510857183581015
42391,Left,0.14108769486153697
23624,Left,0.3976632256829007
64464,Stayed,0.7850612484797942
72594,Stayed,0.9917088343848313
67229,Left,0.2319068186107315
6624,Stayed,0.9869764952329438
10679,Stayed,0.5348848317236301
39028,Left,0.24348347447536267
10446,Left,0.298105428800779
28496,Left,0.434273871458226
61965,Stayed,0.9723373911053054
21900,Left,0.08240561840090418
45283,Left,0.3246352813954235
50492,Stayed,0.9669960942381629
13280,Left,0.16321347268044342
31072,Stayed,0.8656387494085357
39547,Stayed,0.8873964455394049
27885,Left,0.23063622168046818
20336,Left,0.4319222463027446
72912,Stayed,0.7796935694995913
6820,Left,0.4204595281455756
19627,Left,0.17280144819024298
26324,Stayed,0.9798302979274928
53497,Stayed,0.9746267518731572
51343,Left,0.380402252038502
8446,Left,0.2074380721497494
11895,Stayed,0.5451082833662125
25285,Left,0.3259269973509978
62893,Left,0.29301627438181244
27926,Left,0.22610269791335127
37958,Left,0.2659455470629834
50526,Stayed,0.9646617093897047
12257,Left,0.3213596364285035
47109,Left,0.16797245405024225
47345,Left,0.42263645046067494
61968,Left,0.431546611019939
6452,Left,0.11608990594114404
55815,Left,0.33724439232082376
35148,Stayed,0.7628874132386725
44363,Left,0.4786911016020507
28599,Stayed,0.9542194007611324
24881,Stayed,0.915710411196347
8247,Left,0.4784331496736966
14983,Stayed,0.8698260373536999
53921,Stayed,0.9260217332137457
21148,Stayed,0.9933754439914579
26801,Left,0.12890191534978981
27312,Left,0.2867217324563101
54456,Left,0.3861447740347337
72301,Left,0.11388168151299403
60985,Left,0.09656336413197338
69471,Stayed,0.9666155754238316
58769,Left,0.3686483455120499
12224,Left,0.2953936188436349
61908,Left,0.22889319447121376
13405,Left,0.3456968513742876
37246,Left,0.14758092628689817
35783,Stayed,0.7233160804738042
39199,Left,0.1720541373905856
72505,Left,0.460157814838078
15762,Stayed,0.6581429195369051
68892,Stayed,0.6500294899812838
44666,Left,0.3028393966547449
34897,Left,0.06312011285818118
49958,Left,0.3451413003144129
57904,Left,0.41006174883003815
53211,Left,0.18628203227413312
20525,Left,0.414930857470118
17522,Left,0.07544337239969932
55563,Stayed,0.724589720700803
71741,Left,0.432468956965998
44644,Left,0.4972081639562651
46993,Stayed,0.5500128779301686
23792,Left,0.3486210196421381
21024,Left,0.4083121364641859
43379,Stayed,0.857728734618985
36291,Left,0.23309370760963932
24338,Left,0.34599089009099254
70772,Stayed,0.7491168745522103
22861,Left,0.43244582639418194
47293,Left,0.16979058113952852
64423,Left,0.17478415494781235
71983,Left,0.17021514379721123
12072,Stayed,0.7874364443093691
25579,Left,0.48990007967220917
9507,Stayed,0.6059854577806596
55449,Left,0.18901207259164585
22694,Left,0.37017449840860067
18220,Stayed,0.9963759040094565
44456,Stayed,0.9972060590853457
4364,Stayed,0.8191987913668852
67537,Stayed,0.5327390274230074
16124,Stayed,0.9547785800227199
63932,Left,0.319770453848167
53960,Left,0.0906003367558588
31459,Stayed,0.5936935664108963
58791,Stayed,0.95352995467104
34472,Stayed,0.981214636725933
61940,Stayed,0.9036872501312371
6699,Left,0.0947476550286896
48794,Stayed,0.6679565872542911
22123,Left,0.3047749535499363
71785,Left,0.22667223342004764
38957,Left,0.48701299068008536
8791,Left,0.22298734829596212
7056,Left,0.2708761287675682
10714,Left,0.11234076771556314
6852,Stayed,0.9951253699596522
71659,Stayed,0.8121039535592802
61839,Left,0.21854188606665367
32719,Left,0.19076064769184695
60321,Left,0.4804169644529161
19292,Left,0.2980617053729993
67494,Stayed,0.9689902519210555
52338,Left,0.0740455150486372
28760,Stayed,0.9659464705302792
54931,Stayed,0.9494182793008775
20570,Stayed,0.9708128845938631
22835,Left,0.1465620322877916
16166,Left,0.43859368490582434
27085,Left,0.19860395703206918
43697,Stayed,0.6339861272245377
23241,Left,0.44132847886203336
48920,Stayed,0.7618738870592099
66375,Stayed,0.8046176880755684
46770,Left,0.3156319899609237
15055,Stayed,0.9411102419007513
14520,Left,0.128005967972205
177,Left,0.18800042727948194
15825,Left,0.30811693233953485
50308,Stayed,0.838782895198374
69914,Stayed,0.9888550811711494
63726,Left,0.4115483245113755
25289,Stayed,0.771722749316233
48162,Left,0.41570781698284476
45286,Stayed,0.9920424896855743
42320,Left,0.182153288920841
57297,Left,0.14552028108211462
46710,Left,0.2170962194806837
56408,Stayed,0.9371124678546815
66976,Stayed,0.8497419328290963
5978,Stayed,0.5030917944161009
1041,Stayed,0.6243658934720082
42799,Stayed,0.7761638239346749
7300,Left,0.3614176287867399
29189,Left,0.3187156219765484
6017,Stayed,0.5906231720041654
39899,Stayed,0.5865096653676501
49711,Stayed,0.8561313009905676
51067,Stayed,0.9621730232191383
2834,Stayed,0.8115635882135784
36185,Left,0.1397406088611305
7954,Stayed,0.8464049477969972
13724,Stayed,0.9361090875868362
17283,Left,0.16026525385009732
3998,Stayed,0.5806649436142567
32884,Left,0.31655684365831355
55987,Stayed,0.6796065139252536
70600,Stayed,0.5693753159531217
36603,Stayed,0.5969667745737297
38240,Stayed,0.5658975403353489
70906,Stayed,0.9298060927850198
4476,Stayed,0.9428821419063368
1946,Stayed,0.565437069479027
39798,Stayed,0.6726126133498347
69330,Stayed,0.6704994107616395
31045,Stayed,0.9227538387152985
8318,Stayed,0.9692069880009718
19633,Left,0.4383894355178811
2321,Stayed,0.8107074105354333
14149,Stayed,0.9657081848932269
42602,Left,0.06309730018128881
8507,Left,0.42449692550400914
34578,Left,0.1553998547746251
28010,Left,0.32076152545732334
38386,Left,0.4398033315620467
42512,Stayed,0.8331194497906552
23495,Stayed,0.7983168732759252
13400,Stayed,0.980226713542712
4636,Left,0.10919776166278183
26427,Stayed,0.7901626998044063
47071,Left,0.11521295327072671
13580,Stayed,0.8041379619754208
23700,Left,0.26052662675911387
40868,Stayed,0.6097948401311661
5855,Stayed,0.6705633770468318
55443,Left,0.49324152222712025
51662,Left,0.2183324130144769
37530,Stayed,0.6003284407350636
73641,Stayed,0.8388223456659468
40099,Left,0.2767066036036355
16126,Left,0.39987764966837747
74456,Stayed,0.9523495763077989
14486,Stayed,0.9215528673153717
27556,Left,0.31844119343667304
45035,Stayed,0.9714387690874295
19141,Stayed,0.8176932762850283
50402,Left,0.46119303344034596
62211,Left,0.14774343089710587
54930,Left,0.13172583819356914
48238,Left,0.2083152277327112
37726,Left,0.3944457453321996
28684,Stayed,0.5654379024264536
29579,Stayed,0.9068534702209555
23159,Stayed,0.9724243834197585
68784,Stayed,0.5493118410604683
34231,Stayed,0.9531369760072766
24700,Left,0.46440783214984915
58296,Left,0.33460556992529833
56494,Left,0.1842985378762836
31686,Left,0.2594814283056025
69575,Left,0.4346391563533927
53621,Stayed,0.6434915488575952
29763,Left,0.31485222370218047
24623,Stayed,0.8042561540051691
60691,Stayed,0.9876688293045996
31788,Stayed,0.7048248608289122
42266,Left,0.14738342379166633
45917,Left,0.19044170913284597
72585,Left,0.49330716407397024
14402,Left,0.28441348942162065
8992,Stayed,0.5550007367187604
72150,Left,0.22702569330994965
62109,Left,0.18339042480222495
39458,Stayed,0.8966247062822834
36731,Stayed,0.7208664538943842
61857,Left,0.2850364966533808
51592,Stayed,0.5532440822504214
19873,Left,0.1235720462504062
65608,Left,0.23473162427777905
5861,Left,0.24861106205907704
42473,Stayed,0.9517256492873485
36551,Stayed,0.5756168364987182
69780,Left,0.26108375094583913
7996,Stayed,0.536181953022606
2256,Left,0.27873753823368297
12025,Stayed,0.9341957529287305
50473,Stayed,0.7025760767852449
31129,Stayed,0.6508264850266671
37196,Left,0.2947283990071552
37615,Stayed,0.9375046893512514
25807,Left,0.16836765064916293
69406,Left,0.46905863464807807
14833,Left,0.17029927384292942
10537,Stayed,0.9896478490523392
64992,Stayed,0.9670974748745621
31906,Left,0.26103915949589174
36307,Stayed,0.6798407139127451
57614,Stayed,0.6687352383486094
51275,Left,0.2542874745454188
62351,Stayed,0.9268907825640833
937,Stayed,0.9133353129570779
32878,Stayed,0.759363876719085
12703,Stayed,0.8581170768682823
28909,Left,0.35292767802368236
74174,Stayed,0.6025554540215502
20604,Stayed,0.7789664148222029
35348,Stayed,0.7406366318812597
73913,Stayed,0.54088666064079
26591,Left,0.1134279313102112
68153,Stayed,0.9929300127266854
58870,Stayed,0.9242012820963469
28903,Stayed,0.6165070929277583
43706,Left,0.26564101341630947
72666,Left,0.38124643132932917
53389,Left,0.155342069427298
37155,Left,0.26919087566970384
51686,Left,0.17544680191733972
54483,Left,0.11248262148681304
51251,Left,0.2556988026943288
1535,Stayed,0.9569950810670708
55856,Left,0.15378061732879242
27880,Left,0.19366944206142556
8442,Left,0.17008188598077215
62587,Stayed,0.5487901208999014
26603,Left,0.2275159135365532
25741,Stayed,0.5407983954149885
51736,Stayed,0.5538444480230322
26212,Stayed,0.9754355749081488
70873,Left,0.3838804890164455
10325,Stayed,0.5061849601281271
9667,Stayed,0.6301496514404409
34521,Stayed,0.7319172382429757
37645,Left,0.2527318958568553
48623,Left,0.31671011831032025
39091,Stayed,0.9659716742974543
46664,Left,0.25704421458773125
39260,Left,0.41037292149691856
63005,Left,0.21458308213705093
66383,Stayed,0.5240936631606314
34706,Stayed,0.9868440655000665
44402,Stayed,0.7934087768991397
42931,Left,0.26950311550630085
50108,Left,0.2865359617863279
57181,Stayed,0.9738956846226013
17363,Left,0.2470608993721344
41307,Left,0.41417090724060135
46652,Stayed,0.9897746888829482
3525,Stayed,0.9792831334465107
66615,Stayed,0.9863565350372018
54740,Stayed,0.953758408881575
16825,Left,0.4524666524003757
53971,Left,0.2546063838310093
22711,Left,0.48022688244238565
29235,Left,0.41548851536884746
19422,Stayed,0.7382765113865968
72457,Left,0.4795480040909512
18554,Stayed,0.751488702306632
35972,Stayed,0.9698687220417522
59422,Left,0.37370790930633385
40633,Stayed,0.7015963681211329
34911,Stayed,0.5162793515547898
34171,Left,0.24044739914726213
34094,Stayed,0.5014742702008874
34081,Left,0.23701757386898442
25987,Stayed,0.6406264574934006
47132,Stayed,0.5997727068156771
23316,Stayed,0.90062561197507
18439,Left,0.3964550047611712
19579,Left,0.3893850555352182
41269,Stayed,0.5431635868771599
67130,Left,0.4644764310618426
56083,Stayed,0.8390811575324713
54231,Left,0.15928586494070285
8580,Stayed,0.8942704573469521
59788,Stayed,0.9839775064968306
19724,Stayed,0.8318151530617168
8043,Stayed,0.6499952003769851
18365,Left,0.20143201054445847
6485,Left,0.3448916649817295
61252,Left,0.32437930696333567
61620,Left,0.43128787607963676
69353,Stayed,0.7991762751302672
2061,Stayed,0.8975134960599122
39690,Left,0.20671761027195995
19911,Stayed,0.9829487063884168
2339,Stayed,0.7495368234953464
59706,Stayed,0.9454101200172138
47256,Left,0.2716242801159071
23161,Left,0.43251059613192805
60516,Stayed,0.8299037193189511
55301,Stayed,0.9151885308731645
63388,Left,0.4152292443621851
45945,Stayed,0.9706259183172248
16234,Stayed,0.9960062906201961
56427,Left,0.3241322750297168
49527,Stayed,0.7937377288597114
41142,Stayed,0.6526413094189527
36750,Stayed,0.9421585674333749
47133,Stayed,0.9263524477306302
72387,Left,0.3567115782453171
32112,Stayed,0.7465361306991161
72850,Stayed,0.9351481214223606
65555,Left,0.25695011913746874
33197,Left,0.1344822514895295
23214,Stayed,0.9755001989016933
40496,Left,0.09839729756626654
55682,Left,0.30204564303880665
36464,Left,0.26304886978939485
57959,Stayed,0.8832382668481107
14711,Stayed,0.9615536438820983
70587,Stayed,0.8175621479571941
18894,Left,0.4278542615501553
58217,Left,0.31528498569442853
24139,Stayed,0.9320341204706049
35132,Left,0.1677019327753127
48190,Stayed,0.7004898581387811
72739,Stayed,0.7312942016877092
3002,Left,0.20540857546616717
74356,Stayed,0.6653471351042938
61471,Stayed,0.5006564506684326
36685,Stayed,0.8271549444190408
43591,Stayed,0.5684708288662913
68209,Stayed,0.9547779595372823
45190,Stayed,0.7592167278403554
36442,Stayed,0.9484882718900074
63697,Stayed,0.5971193820350764
21861,Stayed,0.94120500450952
41682,Stayed,0.8766523429928906
40183,Stayed,0.9264411052868753
46005,Stayed,0.7093842267716697
3703,Left,0.16315989920843277
26381,Left,0.18541541995754587
52267,Stayed,0.7516968300352844
25714,Stayed,0.5140255762869013
33552,Left,0.15208734934716545
7169,Left,0.08450836070500155
837,Left,0.09848899624942546
22929,Stayed,0.8107898731731811
49605,Stayed,0.5678519223247307
964,Stayed,0.938084005453072
35770,Left,0.34461348179045287
71917,Stayed,0.7293616631973654
37116,Stayed,0.5471301848533606
26622,Left,0.22867082436697914
56288,Left,0.24512046399834203
3243,Left,0.04666250910001649
35989,Left,0.10305538947013038
36462,Stayed,0.9679172911353138
54978,Left,0.18378921764731448
40440,Left,0.38201276905199055
16423,Left,0.3152157748283893
16963,Stayed,0.9580615639475075
70079,Stayed,0.9378457811013969
31728,Left,0.4013187905573639
66860,Stayed,0.9619757716419163
19748,Stayed,0.8998938095595479
28406,Left,0.39917547479178733
15344,Stayed,0.9859355484898362
4412,Stayed,0.9926023149317239
63057,Left,0.41977544635775926
8773,Left,0.14852687873389075
37145,Left,0.30108306520215955
29649,Left,0.4274851019602854
26751,Stayed,0.944255282010721
42533,Left,0.42406180514481034
13091,Stayed,0.7639300929953439
14045,Stayed,0.9164201113637847
24759,Stayed,0.6237599888964073
68078,Left,0.48886628138437205
15852,Left,0.4744418273529515
63368,Stayed,0.9068123509808342
51817,Stayed,0.823799438765946
29312,Stayed,0.8414391057723594
48097,Stayed,0.8262957758066083
57306,Stayed,0.8261316710231217
37944,Stayed,0.9675778553370123
30646,Left,0.19663924032564178
45650,Stayed,0.7892419123582904
33264,Stayed,0.5856143879383938
60177,Left,0.293901306294584
49759,Stayed,0.6835131205884245
73520,Left,0.13521223129533136
63242,Left,0.4250477259345093
11536,Left,0.13444122015502347
26560,Left,0.4532170176730955
28882,Left,0.23610033270032765
40090,Left,0.23586048541011786
8161,Left,0.17512147712508958
22080,Stayed,0.8010279162280006
10408,Left,0.2401541057180224
44506,Stayed,0.9228668835521894
5443,Left,0.35918943649911506
30440,Stayed,0.5854560934663248
5014,Stayed,0.5434326290660011
35622,Left,0.43157971920574817
10090,Stayed,0.8569874817389332
31895,Stayed,0.9862802746251327
27616,Stayed,0.984668927393273
62282,Left,0.2601436521776446
3289,Stayed,0.7675478806070489
47679,Left,0.3986532673537085
54816,Stayed,0.9047670620965119
22377,Stayed,0.9214775048917494
69241,Stayed,0.7913241726285731
40615,Stayed,0.9207212674157716
70610,Stayed,0.6733878946956787
30527,Stayed,0.653129140240066
57051,Stayed,0.818471983031338
46861,Stayed,0.5491883363314846
35679,Stayed,0.8389042601782956
36630,Stayed,0.829903014306284
19621,Left,0.46149677227372793
36866,Left,0.32104426021926846
71927,Stayed,0.7152901514044435
9684,Stayed,0.6622092663510557
56200,Left,0.29526949287894094
9250,Left,0.4630549867727729
28874,Left,0.25534074722531436
40294,Stayed,0.5415204182352279
70159,Left,0.14940837629718876
17492,Left,0.06252845486804284
62805,Left,0.2604258963993675
5513,Stayed,0.9882690564498817
40174,Left,0.08565359898351124
53886,Left,0.21517757049980302
17932,Left,0.44477615102621193
42607,Stayed,0.9806737273898725
23589,Stayed,0.7973398476446008
28720,Left,0.4292370622458859
52610,Left,0.2766645534344862
59499,Left,0.34470211216165114
41637,Left,0.11683254025549804
13626,Left,0.4183121610520731
7330,Stayed,0.9744821173431676
52885,Stayed,0.8973349592250685
34909,Left,0.34839893673724587
62722,Left,0.3011051853285545
21175,Stayed,0.7842278959832094
22521,Left,0.30120094190662366
59557,Stayed,0.8956425614914025
10674,Stayed,0.6015128254743435
44690,Left,0.4402547225875969
31963,Left,0.28037597849418744
35479,Stayed,0.7820135904379371
56389,Left,0.22813533531654118
67038,Stayed,0.964894766581373
56870,Left,0.1325108005123224
39392,Left,0.12293092530842763
55801,Left,0.242013327258571
13610,Left,0.43607714503555234
49062,Left,0.3073141103529037
72813,Left,0.30380567807527453
46842,Stayed,0.802614732907833
49504,Stayed,0.9624117221220712
8333,Stayed,0.5914488475691888
7278,Stayed,0.9364216665993448
57225,Left,0.1538708208877238
17837,Stayed,0.7465684389460037
14403,Stayed,0.7104757970058555
63514,Left,0.46892261918758166
47864,Left,0.08011507507523302
2285,Left,0.4661405379959634
8249,Stayed,0.9755316976519555
4233,Left,0.10626047823636532
49576,Stayed,0.8559734346885726
52825,Stayed,0.9623619566532806
26317,Stayed,0.7863895915601815
34904,Left,0.13043221001353095
3201,Stayed,0.9316151447184365
27699,Stayed,0.7132095094446629
2723,Stayed,0.5786686452978608
10572,Left,0.37106746263640994
53363,Stayed,0.7538924965149991
18192,Stayed,0.5304227613618135
21429,Left,0.11889866371666848
35730,Stayed,0.6116526198249238
40714,Stayed,0.8017330441173255
19923,Stayed,0.711807572103219
2593,Left,0.33450085221916875
37457,Stayed,0.9703394037041608
5995,Left,0.3436890849296594
72198,Stayed,0.8621490061480251
59370,Left,0.18802194369997247
20773,Left,0.3118301556320268
12825,Left,0.42827320466791136
32049,Stayed,0.9678562776785047
33932,Left,0.3526667269965879
4991,Left,0.1425626932515929
30034,Stayed,0.731354574799391
71454,Stayed,0.932232329373061
8677,Left,0.47085392703469353
53847,Left,0.14873056919466285
43429,Stayed,0.5230099791462484
47678,Left,0.24216133608356416
68343,Stayed,0.5772235079368383
34934,Stayed,0.6086181708954705
18906,Stayed,0.8848795247513223
31736,Stayed,0.8860084343721796
16332,Left,0.3447226105034497
40306,Left,0.1867580729966951
15531,Left,0.09503535924383011
47369,Left,0.1726569143694121
36858,Left,0.41488291771330743
8474,Stayed,0.7598523322427929
69196,Left,0.30145273724373256
11528,Left,0.3531091731870967
44808,Stayed,0.5050194333413376
53235,Left,0.1880587009147143
34780,Stayed,0.9306341781714743
26600,Stayed,0.9854468109016716
45004,Stayed,0.9548985731888042
3027,Left,0.2315058203710241
64263,Left,0.2403914541336182
10756,Left,0.2806284588102457
45377,Stayed,0.8835940931408152
21551,Left,0.12763000519309617
20453,Left,0.32567521069758926
72622,Left,0.47838478183478517
47991,Stayed,0.9940935681618932
14297,Stayed,0.8967571382450238
33286,Left,0.2977970557205741
59794,Left,0.103556567049478
61418,Left,0.447140591576277
58378,Left,0.06951863596434836
52153,Left,0.24732169953367064
14091,Left,0.2833256249576891
1732,Stayed,0.6477719168503346
7279,Stayed,0.7698488997850297
67147,Stayed,0.8896773626247411
61951,Stayed,0.9678783982338006
442,Stayed,0.7441500410234082
39818,Left,0.30255761156337213
19225,Stayed,0.9476420709813486
60838,Left,0.1972079166675571
20004,Left,0.3637717125045081
13246,Left,0.40208470745949404
631,Stayed,0.5196553830490439
37242,Stayed,0.8915901309449533
68972,Stayed,0.6467055150375891
50437,Left,0.16722290523860683
32352,Stayed,0.870791356106306
3351,Stayed,0.9672347343849859
13827,Left,0.35818557689900893
16065,Stayed,0.7332446785007887
51523,Left,0.20094807830743977
67549,Stayed,0.7256755691875063
11754,Stayed,0.940054506038557
11273,Stayed,0.8143979482503065
39395,Left,0.1831087230759274
55778,Left,0.07308594477452146
19124,Stayed,0.5476165457080824
50136,Stayed,0.5292460278377793
50366,Left,0.4441732376595336
48998,Left,0.12985996637788869
65175,Stayed,0.7250233277399557
22182,Left,0.3674219698789107
12841,Left,0.446107239081666
66261,Left,0.20555734341583626
32985,Left,0.2800646903691697
38402,Left,0.33455669756975753
26237,Stayed,0.8715351527948363
2299,Stayed,0.9803525576950238
71029,Left,0.3158818217227351
6758,Left,0.1075267945926456
43179,Left,0.07288787575047896
25142,Left,0.12431596764056642
772,Stayed,0.8295322382820971
47723,Stayed,0.9644021174182711
49370,Left,0.1676088920597619
5448,Left,0.09574923985904643
7226,Left,0.3767547457182056
41208,Stayed,0.7511017602912953
31393,Stayed,0.7937826970491482
6431,Left,0.22931971954847633
37010,Stayed,0.9799107095296102
4610,Stayed,0.5368038369031587
72979,Stayed,0.8043308721761488
26714,Left,0.4463311208153482
6427,Stayed,0.9854340674458567
42060,Left,0.272278734919559
11762,Left,0.38803846069231857
26447,Stayed,0.994246700602397
3768,Stayed,0.9885038898894207
11674,Left,0.2987663823063232
35088,Left,0.3589518060596321
63086,Stayed,0.5532999453022542
50488,Left,0.4561507199840105
40995,Stayed,0.8664660923552769
37105,Stayed,0.6300810230460278
26436,Left,0.4465917102275159
27475,Left,0.1333344485563862
12155,Stayed,0.7521699216342708
41931,Left,0.49617142910429146
24320,Stayed,0.8377249684479116
51822,Left,0.2781435215873081
14514,Left,0.0323876515934569
24028,Left,0.26777447207515465
32638,Left,0.3342747529957511
52239,Left,0.1983207869266229
37140,Left,0.2711115519276494
63649,Stayed,0.7707668173279723
37414,Stayed,0.9018163045388268
32365,Stayed,0.7215195760609039
48011,Left,0.15092665150614815
49788,Left,0.1998536165928742
71047,Stayed,0.9591074113023319
42530,Stayed,0.7528484253776183
4347,Left,0.44392683031058594
31867,Stayed,0.7178604546403642
26483,Left,0.29321242244155804
10114,Stayed,0.9332409111272885
11731,Stayed,0.5602921220278763
55300,Left,0.29207017428512855
58700,Left,0.3551753453870876
51057,Left,0.21135179243264787
23459,Left,0.2804690642490614
1273,Left,0.14316438446679372
69699,Left,0.38729923493592594
19891,Stayed,0.928629582967211
12491,Left,0.1289051677423954
45308,Left,0.08175342329169402
42337,Left,0.2899275053299206
39874,Left,0.4656109121523169
30657,Stayed,0.855942740237369
29038,Stayed,0.9252252037678911
47740,Left,0.12805742009589816
26312,Left,0.48718172535499565
17996,Left,0.18942579856125905
27888,Left,0.37573135416638487
20666,Left,0.1661372696511537
49020,Left,0.1998860601061936
25704,Stayed,0.5387771659775736
35998,Left,0.12992831256569898
73188,Left,0.49438431701515845
35968,Left,0.32846699837450916
24185,Stayed,0.95333631728886
64101,Left,0.2801864193570363
60268,Left,0.43716199605221234
13485,Left,0.09809408711541315
61684,Left,0.48837322109246706
30074,Left,0.42459023776391086
69423,Stayed,0.9132815221413472
37445,Stayed,0.6168208654595261
6683,Stayed,0.981310723217229
72144,Stayed,0.832711622426537
28997,Left,0.205775696266292
59001,Left,0.35927869967071024
36580,Stayed,0.8587490544453364
35757,Stayed,0.5486596775411953
3712,Stayed,0.9494159869794747
69181,Left,0.16987808697450849
54284,Left,0.48963002059462246
29971,Left,0.41032183786235693
11193,Left,0.49086575767504953
5048,Stayed,0.8507634573409906
63989,Stayed,0.5558836758138186
10561,Stayed,0.6470490908302997
44948,Left,0.2429062776128414
39966,Stayed,0.8362121951519642
40207,Stayed,0.7573509338396114
51584,Left,0.15458064051876938
14501,Stayed,0.9320547419499897
400,Stayed,0.5560352096389626
42118,Left,0.3563339541864444
8421,Left,0.3237587086770392
35469,Left,0.24635670296459586
11763,Stayed,0.9659933887287001
9000,Left,0.42686951730070427
42211,Left,0.08308378102528208
13766,Stayed,0.954355366359571
8865,Left,0.4508304829653418
59244,Stayed,0.5705640032729761
54017,Left,0.4701953182074648
49147,Stayed,0.6854285741858602
45327,Stayed,0.6586426367277094
20221,Stayed,0.8511290763831191
3564,Left,0.27421773961498375
44266,Stayed,0.7128105584360074
20183,Left,0.20625264594834855
17815,Left,0.44723674194284935
59336,Stayed,0.8802361318645389
57642,Stayed,0.587694917661171
60365,Stayed,0.5841463032610011
64623,Stayed,0.9879908708707621
41252,Stayed,0.8685406977877739
12827,Stayed,0.6314231761407423
129,Left,0.10185263408036464
68318,Left,0.20767352813624626
63127,Left,0.35387426006118344
4294,Stayed,0.971197499928485
55611,Stayed,0.9806991853382535
51019,Left,0.1650615699003943
68031,Left,0.33939785952921386
39560,Stayed,0.9580731088662485
7201,Left,0.24201422654723664
28792,Left,0.20269931738219105
61768,Left,0.20061098424951107
53456,Stayed,0.9954812957072714
44702,Stayed,0.8572492544865513
59611,Left,0.17817650921444056
381,Stayed,0.9878160669516093
56618,Left,0.07391343303569768
50467,Left,0.39041635727551577
18435,Stayed,0.6329330826648629
49202,Left,0.45007855081431974
24765,Left,0.28693058127119603
37292,Left,0.09925546052859656
39903,Left,0.05154989615910699
72955,Left,0.07192861540672982
64122,Left,0.3851835594913018
21131,Left,0.2867025879504774
60561,Left,0.3830955995494011
19995,Stayed,0.9857440306797015
38902,Left,0.46007018462933036
51481,Stayed,0.9062670105871014
24207,Stayed,0.6483849822790804
55511,Left,0.07705561249519756
13275,Left,0.18254668691150108
28448,Left,0.49370306745063447
3560,Stayed,0.9532049183565243
28604,Stayed,0.7543550953423277
5449,Left,0.4847656908025664
16163,Left,0.4214861383410944
38046,Left,0.3847813745838812
4158,Stayed,0.9476979111728123
53082,Left,0.33818738573617946
13039,Left,0.1957390501254527
26957,Stayed,0.968705326194617
23552,Left,0.4291103707664817
64816,Stayed,0.6744388482088207
11662,Left,0.32760982698821345
43741,Left,0.2500655106228456
68847,Stayed,0.5192480438210881
39157,Stayed,0.7534067990251169
53114,Stayed,0.9260308522670853
35398,Left,0.4309175032809783
16232,Stayed,0.6730079716717229
54224,Left,0.26790761727820495
697,Left,0.1573737489299412
46783,Stayed,0.9931724159422148
28349,Left,0.1637449823309209
29396,Left,0.3004984954321832
67439,Left,0.15773605014920586
27437,Stayed,0.839766703350592
50996,Left,0.11205950055381778
56390,Left,0.4394850872666569
37991,Stayed,0.7458912458889673
73712,Stayed,0.814249982042793
52251,Stayed,0.6325454102463081
44623,Stayed,0.5608246486405091
12285,Left,0.07317606966410177
254,Stayed,0.5748330207063561
24329,Left,0.18323141148490837
70284,Stayed,0.8573437545374913
74291,Stayed,0.7516672425649427
633,Stayed,0.5012688441110218
33697,Stayed,0.7592704885885146
8704,Left,0.15864655487622895
53659,Stayed,0.9427756767273785
46275,Left,0.08115497162053331
32618,Left,0.22333551146993463
9519,Left,0.4333183548120156
18849,Left,0.44560351590328956
64614,Left,0.10708709535261829
46001,Left,0.11229922377522132
18717,Stayed,0.6876862149831523
12991,Left,0.30123660247781037
43132,Left,0.046917329015768276
64248,Left,0.4107454152765324
65079,Stayed,0.6915942743945587
25372,Left,0.39010636294874673
13448,Left,0.2736912620293173
69106,Stayed,0.508696258878863
29083,Stayed,0.7260640153945057
39886,Left,0.14740555304829212
29178,Left,0.30372642722204696
43219,Left,0.1869230473427635
9074,Stayed,0.7091184188041427
66762,Stayed,0.8980211872987818
62136,Stayed,0.512178046242999
44525,Left,0.4619201952305774
69237,Stayed,0.9858620698929728
53382,Stayed,0.6788279596072336
56069,Left,0.20720064967765847
52997,Left,0.3042589183797661
62923,Stayed,0.8231493954597661
5736,Stayed,0.5330580494500974
22351,Stayed,0.6146343819621164
29051,Stayed,0.6448453938784074
49904,Left,0.4833493445726572
32158,Left,0.18969805207389742
28200,Left,0.08823890388730112
39685,Stayed,0.6701487757718646
48297,Stayed,0.982982714260089
14193,Stayed,0.6561270747976683
12326,Stayed,0.9916943123220878
49519,Left,0.24566896955529524
7402,Left,0.24689365883055414
54042,Left,0.2175046321297678
36859,Stayed,0.6532450242634175
21599,Stayed,0.8995452765627128
10661,Left,0.43771018100934667
33590,Stayed,0.8356455806715392
29609,Left,0.37267314184774764
57293,Stayed,0.5189424630532276
11942,Stayed,0.6161024369916835
24585,Stayed,0.9731067737351693
16356,Stayed,0.5532385983948188
66903,Stayed,0.6162373216822392
14557,Left,0.4591637363347048
45246,Left,0.12008133533083375
72280,Stayed,0.8012029845473866
12507,Left,0.12136311615277678
31031,Stayed,0.7318542678048385
12901,Stayed,0.7639350591662
19488,Left,0.19046864587566922
26183,Stayed,0.9778954534072378
6425,Left,0.2622379427783039
62792,Stayed,0.8957091158942925
37934,Left,0.35267847211685516
28325,Left,0.2834309097021736
32326,Stayed,0.5601485208848052
51417,Stayed,0.5438387392675226
63546,Stayed,0.7186046208076498
45562,Left,0.3322488357262189
42804,Stayed,0.9555012369507081
54557,Left,0.3155719538491539
30488,Stayed,0.75886728085081
53529,Stayed,0.8626634890395883
665,Left,0.45333780752471237
33671,Stayed,0.7415126603925114
40942,Stayed,0.6329006675839752
38577,Stayed,0.5095946518599461
2587,Stayed,0.9433870111510819
28978,Stayed,0.9853286768946359
34662,Left,0.17968659995806327
44005,Left,0.37621341428685684
14503,Left,0.1330579020964363
60888,Stayed,0.6727911764435124
16862,Left,0.2518013665003036
10973,Left,0.4188673710410899
29680,Stayed,0.8267086170262725
10605,Left,0.13993364044385567
59514,Stayed,0.8878494732594286
58031,Stayed,0.7092241097873511
6167,Stayed,0.9804396081514426
53066,Left,0.41307919887367456
57938,Left,0.24741574731574278
7181,Left,0.36999752527840263
7542,Stayed,0.794079998655518
54218,Left,0.4920806865082544
36,Left,0.247750115798528
59071,Left,0.084907359232086
65759,Stayed,0.7787304157791745
39382,Stayed,0.9503495456846286
55215,Stayed,0.5434525355132257
1261,Stayed,0.5981662098691063
69000,Left,0.21119364440330815
47984,Left,0.2509558473533725
8823,Stayed,0.6286889500102354
63192,Left,0.4502829404885691
54811,Stayed,0.7415694832675811
40190,Left,0.26710063487506946
30897,Stayed,0.9380983366063953
62378,Stayed,0.9427338956438666
6650,Stayed,0.7007003406937176
12348,Stayed,0.6981325957455291
1639,Stayed,0.7060688687958182
57131,Left,0.35221771837087
58545,Left,0.07888313412515136
69019,Left,0.3440134245582467
38810,Left,0.3165273068579771
53146,Left,0.3716097841295581
8591,Stayed,0.9911739584817908
36370,Stayed,0.9724761723872564
38076,Stayed,0.7706321317011128
71885,Left,0.3607942725847937
31597,Left,0.35749929984383305
27666,Left,0.4168607905924941
14218,Stayed,0.8049873255516589
39316,Left,0.27713616387175305
12080,Stayed,0.9337236170947961
5620,Left,0.3451594867451487
30972,Left,0.10395585613894914
72020,Stayed,0.944865463082348
52141,Stayed,0.7756728649105025
50785,Left,0.33454670383689333
21455,Left,0.45604761479156614
34309,Stayed,0.944508388645566
45738,Stayed,0.5349982983948663
43815,Left,0.29943992273777426
19765,Left,0.3032092297499312
11505,Left,0.18054686766449032
58527,Left,0.47190217735267015
24897,Stayed,0.8340158999171831
27449,Left,0.14018850827733947
61897,Stayed,0.5154573398847765
63512,Left,0.3619559992952897
49185,Left,0.14119224957057655
9956,Left,0.3148616749697154
39302,Left,0.44404053316289116
12140,Left,0.3237015739256217
1386,Left,0.4133014844080956
59996,Stayed,0.9737826933865161
23265,Stayed,0.6133696195945291
18088,Left,0.1633268122793223
6703,Stayed,0.6161275447780358
44985,Left,0.08648174717809087
73440,Left,0.4522683798553804
5800,Stayed,0.9055637130953091
64130,Stayed,0.8294736104332817
72901,Left,0.10966195169677183
65789,Left,0.17173348125687954
14530,Stayed,0.9498441374992549
9808,Stayed,0.894515825623675
24568,Stayed,0.5516614412383165
3311,Left,0.2469696911199551
15939,Left,0.3256553683044889
13646,Left,0.3987042293479059
43749,Left,0.39967390355225113
33117,Left,0.3054899733397076
21335,Stayed,0.9179776255701704
36288,Left,0.39880823597826914
37448,Stayed,0.8154707524617387
31498,Stayed,0.707567673972955
52712,Stayed,0.9742521230052966
57189,Left,0.4415445088820228
67282,Left,0.09183488304172512
8505,Left,0.353550730591309
15619,Stayed,0.764188619681611
10219,Left,0.13091306711813033
62912,Stayed,0.6232599286332491
49028,Left,0.13817416465420385
71131,Stayed,0.5180765706822266
10021,Left,0.28696947446709
42467,Left,0.4144043311654458
13338,Left,0.4420173119920407
63327,Left,0.12585637056597915
15178,Stayed,0.578698855576239
40629,Stayed,0.9783052185389746
56777,Stayed,0.7386878817514058
1796,Stayed,0.5485192109769781
12483,Stayed,0.6466459869096759
18006,Left,0.23441266648622106
58996,Stayed,0.6286635227363102
31468,Stayed,0.6850855692716191
45689,Left,0.4870560954941805
38031,Stayed,0.8872025504507209
66788,Left,0.17935167614490638
1880,Left,0.3084063820890557
49992,Left,0.1981917142051173
61334,Stayed,0.9210888100334287
71629,Left,0.3716110255312735
64416,Stayed,0.5677910507376261
8565,Left,0.18181360169546504
37572,Left,0.22588777565522491
70172,Left,0.2201980925707728
67480,Left,0.22952308723788922
44472,Stayed,0.61747931604319
6529,Left,0.09273090678930321
35068,Stayed,0.744194323919059
32052,Stayed,0.9544589334094626
23895,Left,0.40525762170860097
18283,Stayed,0.5622321983357484
49935,Left,0.09215296320951377
46433,Stayed,0.9397421137287659
41858,Left,0.07864120518528632
61590,Left,0.29799289554761266
22435,Left,0.29036792505774506
35260,Left,0.3075983634657628
34028,Left,0.2558622450079231
21159,Left,0.24517302328061052
28024,Left,0.1819133285127903
5565,Stayed,0.8144442115688477
49189,Stayed,0.6704726116510409
57349,Stayed,0.9589862216184563
39920,Stayed,0.7472918924584719
62140,Left,0.3271082416212857
4058,Stayed,0.9751853791870654
49282,Stayed,0.8764867328221494
59842,Left,0.2528084670616197
19678,Stayed,0.6469849860242289
67881,Left,0.12137935199343315
69513,Stayed,0.6435952546358079
53764,Left,0.39556599656214864
10789,Left,0.481389981215286
3726,Stayed,0.8586890679885073
51241,Left,0.2554747728772247
28681,Left,0.4412937692784137
21007,Stayed,0.8370626846214615
56518,Stayed,0.6002159706287781
69598,Left,0.20358006896692413
13130,Stayed,0.9793471935635611
7626,Left,0.39810086113696547
44168,Left,0.33770237668363096
42796,Stayed,0.5279015246844158
55889,Stayed,0.7367095771732326
47950,Stayed,0.723408019011822
42272,Left,0.2068836124554299
31763,Stayed,0.9874586566266995
73407,Left,0.24493898141211318
62056,Stayed,0.635121709168744
34644,Left,0.3528512301517577
60302,Stayed,0.7617973450286507
10611,Left,0.40056696016475374
8279,Stayed,0.8108654272219153
55261,Left,0.21932689085524515
26011,Stayed,0.6560563031641428
50645,Stayed,0.6603022833671981
45403,Left,0.46716934251510867
68941,Stayed,0.6827172682782678
24204,Left,0.4171289514924354
5200,Left,0.23199335362704523
63767,Left,0.23086197214729967
986,Left,0.24936882826332826
37495,Left,0.40020913988749796
1254,Left,0.05966249004817349
34192,Left,0.07185168905294617
73072,Left,0.3156132349916493
68456,Left,0.31396434516093724
45329,Stayed,0.6013526147649721
36135,Left,0.44041432922772694
1444,Left,0.27477758820225645
68537,Stayed,0.9740543096584872
1391,Left,0.3431589410018148
64169,Stayed,0.8991135561373574
53485,Left,0.2057914923373313
1458,Stayed,0.7937738575937009
23842,Stayed,0.5143105478211737
20993,Left,0.28635962120546304
36585,Stayed,0.8324440315860896
68659,Stayed,0.5601458100601915
44706,Stayed,0.982844111457542
357,Left,0.28095285610162835
41394,Stayed,0.6272501564811689
30150,Stayed,0.9269757652291276
61476,Stayed,0.7381114662719215
47314,Stayed,0.6746540559265632
45221,Left,0.11458031673358783
67508,Left,0.46025687625516326
44022,Stayed,0.8683711214367091
17724,Left,0.23384410516351997
51372,Left,0.19431541744343192
23608,Left,0.3620513722912803
71769,Stayed,0.5521036718256846
35756,Left,0.13786784408021682
29132,Left,0.2859196220365618
21744,Stayed,0.7735464945533317
5785,Stayed,0.9385278918997153
1998,Left,0.3980816155236794
41929,Left,0.21950299059391576
40840,Left,0.14395793777523494
10950,Stayed,0.8981558487202667
30892,Left,0.3491675728374227
67689,Left,0.03187776698317229
71742,Left,0.3056284090150535
27629,Stayed,0.8508319526146304
8855,Stayed,0.9783953544961002
56813,Left,0.03858503326464598
37573,Left,0.4104149421573269
26145,Stayed,0.8619066879341619
31610,Left,0.16265975163545696
1172,Stayed,0.9354572483451145
44413,Stayed,0.9579745168590669
73391,Stayed,0.9579483762701213
64957,Left,0.2347484096902143
46274,Stayed,0.9834836430168389
67786,Stayed,0.6037027270277909
53546,Stayed,0.9882158446967977
66547,Left,0.2365344765372392
29175,Left,0.32224587046215836
53771,Stayed,0.8315537148006038
21091,Stayed,0.8698167318717801
16865,Stayed,0.8102354832669035
65051,Stayed,0.5424569729626526
68287,Left,0.4153121232693603
53606,Stayed,0.9588023963014357
23286,Left,0.2056748225453047
50047,Left,0.17133783759257426
19490,Left,0.22388088773640513
1181,Left,0.2583480625509235
47227,Stayed,0.9965445270017491
35685,Left,0.36598102428893636
47480,Left,0.4035406026549951
21534,Stayed,0.8164794865505907
57251,Left,0.3989652309044453
51564,Stayed,0.8490212865843727
27441,Stayed,0.7358629566761513
33773,Stayed,0.6591073450578954
6212,Stayed,0.9810623281470937
32614,Left,0.0972592675595755
14189,Stayed,0.5486087730278105
57860,Stayed,0.9208909718276245
32591,Stayed,0.8744615124972723
24050,Stayed,0.6600183325650398
60570,Stayed,0.6222024673078594
67324,Left,0.40293481017755517
71855,Left,0.2565123086729452
21011,Stayed,0.8208648529874937
16736,Left,0.21532750652169458
58594,Left,0.41295663832700763
7979,Left,0.3610943507572858
2296,Left,0.14610578864622703
25450,Stayed,0.9721329865601335
12951,Stayed,0.7471588544130672
38155,Left,0.4409600828029925
27531,Stayed,0.9963116453862199
69430,Stayed,0.9574557137864312
67084,Left,0.37733286308167685
2384,Stayed,0.7327684140183477
72521,Stayed,0.7568469230765278
18325,Stayed,0.9243381830280636
64786,Left,0.42456217126250745
43785,Stayed,0.6873874883958678
49175,Left,0.384737896765557
6341,Stayed,0.9538973932610826
39046,Stayed,0.9698835587153859
36667,Left,0.29269359707652964
12571,Stayed,0.9797959662234843
27041,Stayed,0.7161904185412136
52977,Stayed,0.5863005071829355
15663,Stayed,0.9151969758313738
73132,Stayed,0.578046829713242
29627,Stayed,0.7665024642182925
43691,Left,0.3851651295792806
28867,Stayed,0.9720407631900413
48924,Left,0.22197931388094938
55575,Left,0.1694202860543739
43904,Left,0.3645894258137243
43771,Stayed,0.5788534254637842
62141,Left,0.37212299945435146
31943,Stayed,0.5812389931380335
24675,Left,0.3803745150833854
14939,Left,0.4455246073551519
19388,Stayed,0.5945839725067573
66279,Left,0.45573807786194725
47604,Stayed,0.9076078178368172
9431,Left,0.20695755718254727
37331,Left,0.30202681952893
53526,Left,0.11262571080624578
20066,Stayed,0.879113482588626
52472,Left,0.38641091677755873
26946,Left,0.2510284582796422
50381,Stayed,0.9813334315853859
51312,Left,0.45382429117849415
68849,Left,0.12087909874952076
68984,Left,0.44899192267511395
39610,Left,0.1805013728790545
6424,Stayed,0.6341403715107417
47371,Left,0.32778744274220245
20394,Left,0.2535989401047251
72159,Stayed,0.9213682908477889
4789,Left,0.4164604706012855
2387,Stayed,0.7042275930579144
28643,Left,0.3713416482010327
55707,Stayed,0.9248591067938731
40295,Stayed,0.9809867852759259
43709,Left,0.3072012947146812
11987,Stayed,0.9905371862796879
37980,Stayed,0.588460821302531
9274,Left,0.07774595847577488
29568,Left,0.1932252856300071
9203,Stayed,0.746271601631626
52522,Stayed,0.8957734518190031
42227,Stayed,0.9785060957760663
67238,Stayed,0.7873820539569041
12488,Stayed,0.9795136425376593
42470,Left,0.4833493659761755
25917,Left,0.11899720098731223
16165,Stayed,0.5266928047717652
66369,Left,0.28491507664627774
374,Stayed,0.9459019070951276
53289,Stayed,0.5812235062149796
5012,Stayed,0.9847533600101088
72531,Left,0.3660953856496751
13322,Left,0.11465068021781748
16679,Left,0.08869930380482458
56559,Left,0.1956728490265385
66953,Stayed,0.8100940121156723
70990,Stayed,0.8046563888812603
51171,Left,0.2074991426129403
52363,Stayed,0.7255970576034543
45008,Left,0.06836749463302504
30578,Left,0.452455038820663
59348,Left,0.2616325013158532
13416,Stayed,0.5460370066337916
68631,Stayed,0.8163620953941708
55803,Left,0.10519482650393028
67250,Left,0.2442821642285565
72523,Left,0.15635115061678806
29027,Stayed,0.9041585503277632
30098,Stayed,0.9767355962441117
7927,Left,0.21754508949645335
53634,Stayed,0.7486303225360156
54072,Left,0.32981989513136284
36454,Left,0.3823512496511666
61635,Stayed,0.8058306117085358
21394,Left,0.33301780823277116
44217,Left,0.2948214289938448
70311,Left,0.3013981589649492
65203,Stayed,0.9773729664683887
49754,Left,0.25353342461324335
56218,Left,0.2160159382343958
14785,Left,0.45781512442527644
27374,Stayed,0.8574183341645901
41809,Left,0.2459530178892763
12775,Left,0.49117487765851575
12258,Left,0.36102075881000184
72146,Stayed,0.949355208410093
47423,Stayed,0.5180126430568942
66933,Stayed,0.827210289872017
66818,Left,0.11320676841521975
10836,Left,0.10261858985102255
14967,Stayed,0.7065166872650742
55062,Left,0.140759551228286
34167,Stayed,0.9917277951392636
33919,Stayed,0.8207632237153138
54598,Left,0.2594847229045023
28598,Left,0.26941652149049483
43231,Left,0.43298411960632527
72298,Left,0.3530658716281139
45393,Stayed,0.8859670249270364
61974,Left,0.4226811505385276
63013,Stayed,0.8822909224297837
55775,Left,0.28338624633121723
11401,Left,0.47978587556842267
53439,Left,0.07557273059202319
13191,Stayed,0.9917209029636451
54326,Left,0.31428515443151456
63224,Stayed,0.5088816071734799
67191,Left,0.39923356255361614
49165,Stayed,0.7416997896667764
58490,Left,0.2736578549362967
8298,Left,0.31264946683705236
7042,Stayed,0.9881517287666748
65968,Stayed,0.7100863134971569
19850,Stayed,0.6553719448796955
66455,Left,0.27730375741569246
16350,Left,0.3529260688757575
35727,Left,0.2579939788687157
46510,Left,0.22961935981166376
31421,Left,0.2293000351007058
9784,Stayed,0.9111059392458682
40018,Stayed,0.8750949630206744
7286,Stayed,0.6263680963558748
59212,Left,0.14281267911505924
57364,Stayed,0.7259463850134334
49163,Left,0.16861372912735295
28838,Left,0.20656737317096335
23306,Stayed,0.9971054776849213
42235,Left,0.4081611933403622
71356,Stayed,0.6862030686602456
1350,Stayed,0.5096680284654783
29420,Left,0.20148906953993329
56057,Stayed,0.5729214263079436
15573,Left,0.07888121011290383
31784,Left,0.36536842176639756
22836,Left,0.2428438259217471
16049,Left,0.4036805347594746
58049,Stayed,0.7944702987119561
33820,Left,0.195492887737755
70706,Left,0.22386137116592006
54932,Left,0.19893465004181976
10194,Left,0.37552882261048837
42088,Left,0.2755356655840651
68493,Left,0.26485208327600973
29668,Stayed,0.5814626659405591
56065,Stayed,0.8236598674386564
16870,Left,0.16333526553097721
18957,Left,0.2886970413906012
41502,Stayed,0.9537355086988818
23762,Left,0.23137419115526373
39627,Left,0.29284498083115973
8490,Stayed,0.987062914541715
45291,Left,0.2686048464434861
44664,Left,0.14482839858466603
17521,Left,0.49796632743755687
24220,Left,0.04796379481399053
64738,Stayed,0.7140431961234521
21440,Left,0.49289737106796794
46462,Stayed,0.9913403136622667
44396,Stayed,0.8525335703395922
50184,Stayed,0.5148208927767508
70559,Left,0.3930227570791382
60790,Left,0.44643354426770104
63261,Stayed,0.5400632555240104
61319,Left,0.43855485662282984
9823,Stayed,0.5147958328462574
13184,Left,0.4235841903555958
58626,Left,0.09650060017848563
74250,Left,0.49430726695394167
47848,Left,0.1674092470904687
63197,Stayed,0.8694433891359203
67845,Left,0.27383675655323264
40562,Stayed,0.9908300881888177
22051,Left,0.15301570321054725
43637,Left,0.4562675756023264
42985,Left,0.32788843939417195
30412,Stayed,0.9670823087974803
37315,Stayed,0.509367212269032
49415,Left,0.27245192487783976
55525,Left,0.3438925369545604
871,Left,0.45347373656171425
33901,Stayed,0.6650086256036452
54535,Stayed,0.9129318698922788
60957,Left,0.34433291307130065
61964,Left,0.15613257046728957
64694,Left,0.4100278949923659
30752,Left,0.06576599698484316
4470,Left,0.35015665547665503
49338,Stayed,0.9911189095793792
6294,Left,0.29528938652971765
1170,Left,0.17958550777967547
26064,Left,0.17812398036765542
61669,Stayed,0.9626383489178024
60556,Stayed,0.9792540703559377
17931,Stayed,0.8199915360447174
55967,Stayed,0.8545099493276418
68504,Stayed,0.5848204358902338
74462,Left,0.27688783352409296
34479,Left,0.23689306204448066
72181,Left,0.16694715951889952
56426,Stayed,0.7333155573628103
45871,Stayed,0.5095293013309945
40487,Stayed,0.6076822921005509
25892,Left,0.46188825327371996
29162,Left,0.3826330329730046
44769,Left,0.3047209390452199
8866,Left,0.1509593578602737
5550,Stayed,0.8018186841803052
58649,Left,0.4940649606650485
29863,Left,0.27440898645717876
31667,Left,0.08964384767528277
41273,Stayed,0.6167477228294088
33268,Stayed,0.5351510496482708
37192,Stayed,0.7969767070680965
57069,Stayed,0.9823917306092755
39870,Left,0.18001380095603148
47207,Stayed,0.9258173209020607
34672,Left,0.3786621889680627
22834,Stayed,0.9470687081437226
25743,Stayed,0.9667099828010514
27064,Stayed,0.8956459572957558
8424,Left,0.3932218111948375
69012,Left,0.11266882650207036
17116,Left,0.3638905935439533
58843,Stayed,0.9390233198488093
69943,Left,0.14831023264160062
69931,Stayed,0.5478106287123428
7001,Stayed,0.975877376966804
47617,Left,0.08314694177424177
11979,Left,0.21855544628001156
15680,Stayed,0.9020390524614408
27894,Stayed,0.8816707272214266
8502,Left,0.2328068169601485
15975,Left,0.2708302179618547
35599,Left,0.19528011859312713
10513,Stayed,0.8091464262072376
11485,Stayed,0.7446229395731725
14098,Stayed,0.9502488033579789
7344,Stayed,0.7607095438699559
30728,Left,0.21618634347024834
46266,Stayed,0.8844753447709391
46693,Left,0.21386322278057968
8796,Stayed,0.9795149979001352
755,Left,0.41710796824662266
25656,Stayed,0.7977337701974684
37407,Left,0.27392649402249775
7781,Stayed,0.7292814217811612
59942,Left,0.30350830739367957
36400,Stayed,0.6047408702119657
69062,Left,0.36876710683582775
59599,Stayed,0.9546986257625396
20513,Stayed,0.802836184354255
16630,Left,0.25096831240846
60765,Stayed,0.7385986691390245
20677,Stayed,0.5656983178051838
24911,Left,0.499301260032265
59549,Left,0.0869000180643075
42264,Stayed,0.9289905446285625
30156,Stayed,0.9130171444940078
45373,Stayed,0.9236576903292787
38652,Stayed,0.8787990881266817
18784,Stayed,0.5809474713422523
65640,Left,0.12702317897486687
54512,Stayed,0.9379596718935843
44352,Stayed,0.6317375447019233
37624,Left,0.413738787623882
25233,Stayed,0.7713286491134151
53198,Left,0.49918514304018013
32366,Left,0.27081155915556854
61883,Stayed,0.9195064977174277
42551,Left,0.18875300458368344
67559,Stayed,0.9361369679622805
38824,Stayed,0.9938727521836305
28128,Left,0.34742242789394934
46055,Stayed,0.5509269436058576
22466,Stayed,0.5193127223456641
28614,Stayed,0.9253740701847221
24673,Left,0.22258732338872333
47631,Stayed,0.5137161332857124
67072,Stayed,0.8836591904739948
56602,Left,0.268708587492019
11907,Left,0.2602146441877522
62296,Stayed,0.7682144355452797
16189,Stayed,0.6651935088963005
67149,Left,0.15397292429217532
1686,Stayed,0.5214471018627846
58177,Stayed,0.7760113061975396
42895,Stayed,0.9871265471081582
956,Left,0.18131904105345772
36847,Left,0.46297132810425734
14814,Stayed,0.5720813139243066
14181,Stayed,0.7960200022992078
18152,Left,0.28944401448501605
33878,Left,0.4859784043418674
36677,Stayed,0.9603388356483124
16224,Left,0.22245817637346588
51779,Stayed,0.8605781191028393
69972,Left,0.29680967585393403
13328,Stayed,0.5686766245554419
22226,Left,0.34592909366651753
73497,Left,0.29702532541718685
67014,Stayed,0.9345810456000102
1929,Stayed,0.6904649644163331
89,Stayed,0.9704653429272145
55921,Left,0.26233046566867074
13746,Left,0.07454088564383582
73283,Stayed,0.5733097964529861
30589,Stayed,0.9544761289468735
1871,Left,0.39242575335790614
66194,Stayed,0.9879914762499984
67153,Left,0.3043970650952491
47885,Left,0.16313215896745428
56226,Left,0.2756919372397161
4088,Left,0.1974490983266314
15999,Stayed,0.5743773150069053
69260,Left,0.4662961168398553
16955,Stayed,0.6367507632215742
70719,Left,0.1451562582799663
66149,Stayed,0.8077692531034039
57035,Stayed,0.5369543774836805
44080,Left,0.19037095223043454
72162,Left,0.3307784308893593
9129,Left,0.37953208169170133
6011,Left,0.12393143061273627
15150,Left,0.4209819493193717
50528,Left,0.30997407365640134
42506,Left,0.15255224961592984
55380,Left,0.25030031275367637
41247,Left,0.4448322120937478
25057,Left,0.33241022080977584
67806,Left,0.2733418486766543
53168,Stayed,0.5571456591713669
51131,Stayed,0.6727208966760844
61434,Left,0.35824148046926424
45262,Stayed,0.7866153035463401
15088,Left,0.30509696290358057
7111,Stayed,0.9770049681482843
50443,Left,0.4358195201283263
14410,Stayed,0.9043528260291831
4265,Left,0.22621687453777647
6367,Stayed,0.5117266870986926
68744,Stayed,0.802225397404072
58010,Stayed,0.9456462558495772
28451,Stayed,0.6936469274379473
20482,Left,0.4610630050017014
9485,Left,0.4127772912499675
11817,Left,0.42493024123285555
16380,Left,0.429313119695149
69261,Stayed,0.5956145785255763
23382,Stayed,0.9950526370136843
42189,Left,0.274821465904668
37903,Left,0.3874553727024917
40142,Left,0.11918054360750809
51150,Left,0.18262204248474187
57944,Left,0.3502120128405693
37987,Stayed,0.9046920495483824
55710,Left,0.44159148959891076
51836,Stayed,0.9090481194703403
7373,Stayed,0.8269189056701909
52006,Left,0.22431292533071845
46853,Stayed,0.9405003205215061
26553,Left,0.3261480354457069
6330,Stayed,0.8502299788038584
49719,Left,0.42249784668309287
15952,Left,0.4970320070139832
13040,Left,0.18592027250172083
52660,Left,0.2799528589053167
1520,Left,0.3491745412779149
70602,Stayed,0.7304378668525969
73155,Stayed,0.8693827153363433
35198,Left,0.2750342368759772
30093,Left,0.1437798876107624
20922,Left,0.06306295522561094
4326,Left,0.20120119845938036
22637,Left,0.36962611619688984
64573,Stayed,0.9939042118046035
56041,Stayed,0.7887017071531721
23146,Left,0.42454413993029355
47490,Stayed,0.9376807409492981
10826,Stayed,0.9791470133042706
27908,Left,0.292964187970578
43111,Stayed,0.9839469022392043
50419,Left,0.4432602740927855
28489,Left,0.12237946268644116
59297,Left,0.13611148387434507
33246,Left,0.06661159187025543
48686,Left,0.1807554883754398
36267,Stayed,0.89714907009609
23513,Stayed,0.6553586903812872
1787,Left,0.4610148748208566
43069,Stayed,0.5829313653317316
57604,Stayed,0.96871383250208
41905,Left,0.21961206784790627
32963,Stayed,0.7304403144942339
73269,Stayed,0.6772689163542167
40610,Stayed,0.6042901893556906
56885,Stayed,0.5025256593171445
22920,Stayed,0.8201205343918643
1968,Stayed,0.7360863223492026
72568,Left,0.4698964820494671
73700,Left,0.31367173057608405
35233,Left,0.1822868650925039
53111,Left,0.17487589513076993
55092,Left,0.25959861176513105
74420,Stayed,0.9381331888721235
40662,Left,0.16729201963385054
18719,Stayed,0.9931147451127668
62561,Left,0.16103228150126886
3109,Stayed,0.8146044643406378
1656,Stayed,0.7292811824858395
38803,Stayed,0.5734326782058665
66015,Left,0.3265094619384658
8782,Left,0.1030750085536472
66785,Left,0.3777443856643551
56227,Left,0.38796571791447615
12576,Left,0.21984585082481614
27669,Left,0.06720583167762008
49148,Stayed,0.6719549959739988
19489,Left,0.15303047345921592
31957,Stayed,0.7357799077850705
68602,Stayed,0.9241188016964396
13291,Left,0.35805273325854114
70221,Left,0.2701232313557084
55159,Stayed,0.9161631414447814
3945,Left,0.3111910427543084
37534,Left,0.1276106820522827
9017,Stayed,0.5527992464090856
34159,Left,0.3422198296424785
22713,Stayed,0.925276574634466
28819,Stayed,0.8260427790597334
63170,Left,0.27117745356963463
29508,Stayed,0.656741328518323
18189,Left,0.17688483883754988
1749,Left,0.24166394995987503
12600,Stayed,0.6716274936178099
15522,Left,0.34102040707956627
43145,Left,0.18668153833150233
66009,Stayed,0.8274110425999077
27289,Stayed,0.8129328561709409
17357,Stayed,0.6615781682631324
4453,Left,0.17298151857604774
51821,Left,0.2726630565684348
33571,Stayed,0.8016888517670226
1857,Stayed,0.9068912025484459
49849,Left,0.28952763940035786
23080,Left,0.24317862935696666
14698,Left,0.35353175775459134
37838,Stayed,0.677911838244087
24896,Stayed,0.9913254720484777
57372,Stayed,0.9524739000446022
28006,Left,0.15260185317728556
21918,Left,0.4354539816121808
19588,Stayed,0.5512199388282935
50378,Left,0.29390425898775635
58505,Left,0.4948183553345272
15326,Left,0.06977586587104427
16447,Left,0.13292649711492097
61275,Left,0.3737403640591415
63332,Left,0.36474098679109207
56061,Left,0.3692641859818854
20323,Left,0.2769842053411281
68191,Left,0.24383606117695752
15558,Stayed,0.969402939584396
18515,Left,0.44840456221591696
2133,Left,0.22891676847691628
68834,Stayed,0.84414085354567
34916,Stayed,0.6888106744094742
48067,Stayed,0.8075801140014081
61584,Left,0.1462294835258202
25591,Stayed,0.5530262145204314
47068,Stayed,0.6231166906228732
5982,Stayed,0.694321868790377
23663,Stayed,0.5321851676926498
20550,Stayed,0.8617234371599883
31330,Stayed,0.5418447294530035
7733,Left,0.3648252710074231
54970,Left,0.45279282893192685
72573,Left,0.2469939468792254
54591,Stayed,0.9004297843029992
14431,Left,0.34365535148835774
67938,Left,0.34005685957103704
50801,Left,0.3176137689753948
67218,Stayed,0.7430594893107583
49969,Left,0.32519268696443515
2226,Stayed,0.5258323728958144
3001,Left,0.23044083758412112
51635,Left,0.31083061521588
15993,Stayed,0.6052583066703336
47422,Stayed,0.6458092025470106
57491,Stayed,0.5514171945370556
27007,Stayed,0.7176439686220297
3762,Stayed,0.7153800454360238
5844,Left,0.18914655463365754
74367,Left,0.3381388930325919
30032,Left,0.18270322790504745
19259,Left,0.19823939998882495
72579,Left,0.2278917106111012
55553,Left,0.41540066532900105
23470,Stayed,0.9579248816456125
30250,Stayed,0.9686574015395479
7835,Left,0.35269928048074156
59984,Left,0.12787006647267732
29827,Left,0.29588618577304215
19715,Left,0.4208799629347478
67595,Left,0.2839620026946822
29089,Left,0.30925693207486743
63502,Left,0.3515658962616919
53494,Left,0.27099992795473
6718,Stayed,0.686305583643054
8924,Stayed,0.9644714130024254
42788,Left,0.19091402852814018
47555,Stayed,0.9245567730313188
64754,Stayed,0.5035203356785746
16236,Stayed,0.9990161949573958
65022,Left,0.4915680473093831
54960,Stayed,0.970634958361826
20341,Left,0.12265130250511264
64871,Left,0.15807591025780443
17169,Left,0.370841717129275
3215,Stayed,0.98134683501664
20903,Left,0.1828720264231456
7731,Stayed,0.5652972141407347
64165,Stayed,0.968771987828646
62405,Stayed,0.9876146536024912
33556,Left,0.28691917908165837
19809,Left,0.23458957737888103
13671,Stayed,0.7384692744772303
69651,Left,0.18168022616280866
22303,Left,0.3721839232259027
38778,Left,0.28833560358112115
55645,Left,0.09936510463390653
69289,Left,0.32680622760202077
24862,Stayed,0.5066747540015193
10980,Left,0.20035581947965708
18266,Stayed,0.8223002090846818
73011,Stayed,0.872854031343586
67622,Stayed,0.9236682843418801
49472,Left,0.47681276384683047
5776,Stayed,0.9931300171968661
14436,Stayed,0.8563658784773431
33395,Stayed,0.5362899668175554
49616,Left,0.2599754444257005
46415,Stayed,0.6860472023787845
71277,Stayed,0.8978851015412714
32570,Left,0.3201594539269915
49913,Left,0.3363109606464097
2708,Left,0.06006690642811514
63851,Stayed,0.530958421361402
20365,Left,0.24199091721296523
36057,Left,0.29431907709152083
10970,Stayed,0.5828573365108985
25542,Stayed,0.6210841965016046
20934,Stayed,0.8929304756688495
58357,Left,0.138436454343559
8931,Left,0.26084027642365387
29437,Left,0.37958533287307006
42233,Left,0.39824009360473994
5206,Left,0.21868883855772986
57918,Left,0.470121179432222
34086,Left,0.4332038579050646
62310,Stayed,0.997251022722537
61794,Stayed,0.9732731318610902
72911,Stayed,0.5088554660364681
37065,Stayed,0.8431815045027758
26806,Stayed,0.7103827036686191
74197,Stayed,0.9551846097590987
29639,Stayed,0.9365440282159206
65960,Left,0.2097185059174035
74043,Stayed,0.966705717933423
23418,Stayed,0.7030610226835854
53214,Stayed,0.9262681544657594
7432,Stayed,0.9701717283641242
53183,Stayed,0.7360746195254896
41302,Stayed,0.6035445044138834
31583,Left,0.3137406707883121
65066,Left,0.26145551187245425
41817,Stayed,0.7401519459515793
31275,Stayed,0.7676196673183744
46602,Left,0.16382510736363523
22228,Stayed,0.5708297587683714
42697,Stayed,0.937520319269592
43129,Left,0.13427594376082022
70004,Left,0.17409456366551265
39208,Stayed,0.8151089131183554
20255,Left,0.4003463087244556
66283,Left,0.18720450513032244
60396,Stayed,0.7842351418560356
17999,Stayed,0.7255166719696426
67449,Left,0.25908776282533214
30243,Stayed,0.5566115028811954
15048,Stayed,0.9714222667365644
43768,Stayed,0.9305516613895164
15466,Stayed,0.9690407945365882
125,Left,0.20898810720944358
72696,Stayed,0.9924557788456028
23533,Stayed,0.6614729302231503
15316,Left,0.09481693724816967
40669,Stayed,0.9728913069752688
62272,Left,0.3037213051285191
27423,Stayed,0.5474211604280577
62488,Stayed,0.583659024802285
56964,Stayed,0.7521161257136468
29713,Left,0.1685246677740199
10306,Stayed,0.8132281981900367
53455,Left,0.19425134176174122
32374,Stayed,0.5857461855099639
61568,Stayed,0.9883350551695004
53481,Stayed,0.9438474453803285
44008,Left,0.20814757465495504
35687,Left,0.20876031796330136
41871,Stayed,0.8200744222613279
2894,Stayed,0.9395974303806923
16142,Stayed,0.9005028542136563
6975,Stayed,0.9634241290636307
70329,Stayed,0.5053293514169146
31445,Left,0.1763070971173881
59523,Stayed,0.8968421248741696
46928,Stayed,0.939744888155917
39417,Left,0.2576897138614712
54277,Stayed,0.6296634364976894
11618,Stayed,0.8020630524635828
36779,Left,0.09742614799913064
36247,Stayed,0.7552343778507047
67403,Left,0.21345872859806123
56450,Left,0.445723265833864
26972,Left,0.3644975029920368
6137,Left,0.1808787150893435
72928,Left,0.11078779691054184
14887,Stayed,0.9762838575383738
28418,Left,0.23594274733176998
51999,Stayed,0.9050219456324278
16597,Stayed,0.5925299573900132
48849,Stayed,0.795528683864404
25488,Stayed,0.8803858772157361
54327,Stayed,0.759678155557486
34581,Left,0.4190565690140273
7493,Left,0.21180979683248394
551,Stayed,0.6984260636978655
37342,Left,0.28344204053550887
2183,Left,0.1797202015588964
50036,Stayed,0.9116103774121112
71435,Left,0.34473025381600947
36317,Stayed,0.9904592608488605
63540,Left,0.1797560257929214
45752,Left,0.38130312568303654
54686,Left,0.05887894945788676
14664,Left,0.17359276130451567
26028,Left,0.36445876430564367
64722,Stayed,0.6279158625344532
27174,Stayed,0.6609168873791512
18537,Left,0.11646590271140238
49320,Left,0.29148395845565944
54635,Left,0.22223636767051347
27694,Left,0.26044902237193424
23985,Stayed,0.5602882029521311
39629,Stayed,0.9066465909032766
52357,Left,0.2740878479955689
14884,Left,0.1660522366946621
5523,Stayed,0.5457900987296196
10721,Left,0.3343723459781593
64954,Left,0.18640508677045897
54578,Stayed,0.6172289721893918
1088,Stayed,0.9778728343391319
61307,Left,0.3780618986620288
34681,Left,0.16354060148294206
47241,Left,0.14810847990167175
42390,Left,0.36804333065011197
63671,Stayed,0.9706757753892294
4450,Left,0.26817967621911803
55679,Left,0.43344833914702346
33455,Stayed,0.9923274235403612
53835,Stayed,0.7808255316939726
33660,Left,0.2810340487568208
64210,Left,0.1369672509207122
17836,Stayed,0.5829597686752641
42483,Left,0.172788811395181
46025,Stayed,0.8189054373201379
33596,Stayed,0.8965739274129463
27184,Left,0.2511091788229438
50652,Left,0.4557412808752179
41550,Stayed,0.8902681953248476
36365,Stayed,0.8828629761508661
34762,Stayed,0.544900693064252
60651,Left,0.45212005191319815
19718,Left,0.23480934485789456
68859,Stayed,0.847669796167297
9076,Left,0.420589892150652
39376,Stayed,0.9772560336501163
2529,Stayed,0.5811479454821932
35379,Stayed,0.5680313714351105
69489,Left,0.19352347566682776
30047,Left,0.4878707717243046
66030,Stayed,0.9511672920873308
53063,Stayed,0.834676771837504
60094,Stayed,0.9710772367411676
66180,Left,0.4478726106154349
6553,Left,0.12391659135811275
32004,Stayed,0.9863040602184352
60566,Stayed,0.7999797347736266
31480,Stayed,0.7015946049909257
60832,Left,0.37465098644663986
46403,Stayed,0.8568639837692672
63387,Left,0.19462227151897663
625,Stayed,0.9881055006003735
45251,Left,0.22574933880575532
36514,Left,0.28598893903886013
23021,Stayed,0.6781869739222081
61181,Left,0.13166834202709504
55677,Stayed,0.73717874392666
39090,Stayed,0.5733783550056887
21167,Stayed,0.5051969901669334
30382,Stayed,0.6726678685058732
24948,Stayed,0.9647395612614097
20417,Left,0.25806859401930293
21019,Stayed,0.948936293719137
73907,Left,0.46490417677684726
58991,Stayed,0.8598621410290672
2722,Left,0.06712691786915849
16982,Left,0.35001263240813874
2084,Left,0.27180294220689594
22903,Left,0.35710457777535126
39565,Stayed,0.763544999789352
10644,Left,0.43735171498016795
60459,Stayed,0.8564561126789997
43537,Stayed,0.8646107687335728
22907,Left,0.33137349312000075
30486,Stayed,0.8289227714304114
51514,Left,0.3198064500581971
33297,Left,0.22958854328381506
43692,Stayed,0.6412212695090135
34558,Left,0.16979794793051714
1014,Left,0.1533959324467605
37803,Stayed,0.9398452320897064
43565,Stayed,0.9362179439216299
33709,Stayed,0.7930341880901867
65287,Stayed,0.5701560782086307
3453,Left,0.18640792751756388
25479,Left,0.19266127607390926
65806,Stayed,0.6906029894367524
47444,Stayed,0.8986897232455794
57974,Stayed,0.8195245511753066
11082,Left,0.27975003981005087
55808,Left,0.4083903979657271
42575,Left,0.12485513407788615
40292,Left,0.4861524092930258
2618,Stayed,0.8228060110399544
11994,Left,0.39850581225686854
72674,Left,0.43182325827277623
68013,Stayed,0.6312851658741712
35050,Stayed,0.9060828782868862
50499,Left,0.12790863385082035
19038,Left,0.4896276563144761
1124,Left,0.12308372532755701
64182,Stayed,0.8028335011883773
55508,Stayed,0.7333883703700641
33353,Left,0.31431750068069514
55667,Left,0.2979894538079312
2886,Left,0.1961276696999193
34894,Left,0.09980005360837128
6410,Stayed,0.6401698049628592
33347,Left,0.26893891246975005
74431,Left,0.08815598838935593
56125,Left,0.4240418827006156
69182,Stayed,0.6035499501585601
68670,Stayed,0.9389311281215574
22177,Left,0.1381453406515936
31367,Left,0.39236657933886104
8843,Left,0.2426082561748138
21642,Stayed,0.9673890355552835
12578,Left,0.3422365557997138
19335,Stayed,0.5925790141988481
39174,Left,0.39910208162378746
4212,Left,0.29716810758835704
43207,Stayed,0.5988151187986753
804,Stayed,0.6671572815165331
34187,Stayed,0.5597503708575857
42034,Left,0.42883661421792296
417,Left,0.10935437927524436
65071,Left,0.25152091144158206
69383,Left,0.2894585879302286
4837,Stayed,0.7831870932069965
62051,Stayed,0.7783752771164589
34054,Stayed,0.9600292977863643
46458,Left,0.33839183668841544
63809,Stayed,0.5128541493298484
25624,Stayed,0.810447509009922
3695,Left,0.24093359718677734
69805,Left,0.16019948124355615
17536,Stayed,0.8854629184293031
15881,Stayed,0.9197773698571537
46121,Stayed,0.9373712220671416
16529,Left,0.3446501483299891
6895,Left,0.21547624081499608
45496,Stayed,0.9534312066071037
12893,Stayed,0.9890356272815357
52444,Left,0.1606759895455266
17942,Stayed,0.8313908803810083
53762,Left,0.28825974272980287
59352,Stayed,0.6522609364787562
25489,Stayed,0.5506641424068297
42620,Stayed,0.7968417481096759
65476,Left,0.37877316838588326
58717,Left,0.4979564202138719
24910,Left,0.3152247974580162
20493,Stayed,0.7928762152864235
475,Left,0.38213428629345453
27299,Left,0.2599983576803486
72296,Left,0.38941199805099314
59940,Left,0.17854904031662108
18306,Stayed,0.8141955951797806
68099,Stayed,0.9484940442842235
55411,Stayed,0.7648865687244042
39095,Left,0.25018703938778947
33210,Stayed,0.9487803058402907
22820,Stayed,0.965135439553424
72408,Stayed,0.5680618802068773
10694,Stayed,0.8996434731820909
26439,Left,0.2707090186629231
55408,Stayed,0.8980976434202563
12115,Left,0.36788120749773695
6197,Stayed,0.7440159703077572
53202,Left,0.47581122118037356
46514,Left,0.450207519847798
70549,Left,0.26823139906216414
35568,Left,0.37271435647840573
48421,Left,0.309784687276952
6805,Left,0.2369270460744744
72527,Stayed,0.7500903602202486
41308,Left,0.18998913943822954
56033,Left,0.47216932590199645
11757,Left,0.3449129143865003
73883,Stayed,0.5279310928055209
38243,Stayed,0.7106637805421344
45054,Stayed,0.7945388407990555
45170,Left,0.24343130628257306
66439,Left,0.07989077538941101
20001,Stayed,0.8081586375359125
38455,Stayed,0.6447378769616098
13467,Left,0.12808821649540938
34665,Left,0.2846610280427111
42195,Left,0.12856573651325037
8988,Stayed,0.5331068790601103
61291,Stayed,0.8711397098335675
24959,Left,0.27731445751580935
13916,Stayed,0.9254868953515909
19307,Left,0.2570486569132317
37190,Left,0.30699065989351315
71794,Stayed,0.5204596996544303
63082,Left,0.05294102214269218
15425,Stayed,0.9958138294750049
27816,Stayed,0.7415564764574843
51073,Stayed,0.7881751050714372
62373,Left,0.33070181837187707
27734,Left,0.35066375336451244
41102,Left,0.47358022579315745
55981,Left,0.24225898182028735
19747,Left,0.4114900586530578
66115,Left,0.2426724150350091
38019,Left,0.2571445732923872
24907,Stayed,0.7838712280253076
1513,Stayed,0.8587321597065892
16422,Stayed,0.5253628839416504
37561,Left,0.05681818749682848
19350,Stayed,0.5647426790936683
47310,Left,0.15227306604861332
52397,Stayed,0.9642293105258687
15198,Stayed,0.5278150209946635
38415,Stayed,0.7642842370207525
43171,Stayed,0.9612045995091281
16890,Left,0.2961241895959269
30840,Left,0.2836921483954595
60878,Left,0.39226894550223246
28996,Stayed,0.9467379441181378
48963,Left,0.20181508407822543
4507,Left,0.04780398415775397
3754,Stayed,0.7732331815212186
55504,Left,0.33922397004200344
12253,Left,0.2334898022374965
20489,Stayed,0.949493324370148
56738,Left,0.38273163287433165
1331,Stayed,0.5744081931386282
5829,Stayed,0.8564661123780657
72734,Stayed,0.8295028261017395
53582,Left,0.29219949716430704
13239,Stayed,0.7596536889282441
11869,Left,0.3187310065499723
72282,Left,0.20929515595610038
55855,Left,0.09326390603240022
65650,Left,0.47885952748718214
849,Left,0.4526320089186157
20849,Left,0.3919315679101238
39273,Left,0.2823046293164789
27702,Left,0.17246673183892958
70904,Left,0.25587501700886833
46703,Stayed,0.6108044623066754
29782,Left,0.31690657648353193
43997,Left,0.3678903439280363
74364,Left,0.4404246067060593
25235,Stayed,0.6173042239143778
12910,Stayed,0.9866785757442219
18714,Left,0.26035765737436567
27905,Stayed,0.5200971809228652
3834,Stayed,0.7449213474315017
3698,Stayed,0.7808049024192323
73366,Left,0.23469084317992245
59042,Left,0.4520650762036569
44097,Stayed,0.963064452973097
2827,Left,0.30569327293946386
52505,Stayed,0.9453396081898923
2528,Stayed,0.5166105862898651
42440,Stayed,0.9475527110142725
61906,Stayed,0.8754057428457818
33092,Stayed,0.7331928616686961
42255,Stayed,0.96118945976906
31383,Left,0.49115261496760676
8271,Stayed,0.9877121421509175
36665,Stayed,0.988130950922282
28167,Left,0.1441641398049651
3483,Left,0.29840349339845673
8216,Stayed,0.9634926544786833
14805,Stayed,0.5652056284563471
53858,Stayed,0.792577047454115
26167,Stayed,0.6056140779503804
57966,Stayed,0.8946572134396498
64911,Left,0.2751053820962799
9036,Stayed,0.8905829420729563
43671,Stayed,0.9202546276290845
57825,Stayed,0.5576685659915227
22001,Left,0.06374149602041236
41476,Stayed,0.7204850347644937
20424,Stayed,0.6117700608332571
1537,Stayed,0.7574541837790658
48855,Left,0.23598482664889214
40489,Stayed,0.9694970165374693
51831,Left,0.4206750109413428
6986,Left,0.29181478634485974
44919,Left,0.3241125615307892
74073,Stayed,0.9545522734161285
46843,Left,0.29730218575456957
69814,Left,0.466692802996492
64976,Stayed,0.9268147294536344
37840,Left,0.30206315059772476
43235,Stayed,0.9453543538291614
14043,Left,0.43576937967846535
11515,Stayed,0.6017595626443057
25928,Left,0.28142210718724303
36817,Left,0.050606327944003666
17785,Left,0.17119195605811977
34194,Stayed,0.8345554102569432
53248,Left,0.1323593714105125
42860,Left,0.18745993835362698
2239,Stayed,0.7275111740830437
42173,Left,0.29420299128465455
52848,Left,0.13034379556959924
27597,Stayed,0.9579753187488144
57795,Left,0.4039225346846998
16913,Left,0.050732492604661956
36375,Stayed,0.9262789289358849
42276,Stayed,0.5800751564774291
53808,Left,0.23702909726910706
13470,Left,0.4320621811598956
43973,Left,0.37501217561161715
6109,Left,0.07070948730239877
49869,Stayed,0.5691419263253189
8530,Left,0.30223679092508016
42281,Left,0.4137879178365801
52062,Stayed,0.7486107733525976
10138,Stayed,0.7383946868446537
6001,Left,0.1306531096696081
44952,Left,0.4705268185551529
26567,Left,0.2896126719840526
34400,Left,0.3602793080404616
37742,Left,0.22358478948986238
42076,Stayed,0.9574126406193069
58234,Left,0.24772194305209172
17733,Stayed,0.8042378160740662
28100,Left,0.06895683392256516
61812,Stayed,0.9945672301230944
33825,Left,0.23794596804616816
74448,Left,0.2581714682249959
1802,Left,0.05411059360804774
58844,Stayed,0.9058484497380899
40457,Left,0.35661485991995695
45132,Stayed,0.8435317498745162
27097,Left,0.19066005230904598
50414,Left,0.058074977710413554
65226,Stayed,0.8427179999618992
7118,Stayed,0.8372686974105572
6400,Stayed,0.9790782425356194
46193,Left,0.4155409380022807
1567,Left,0.2359186578149255
1142,Left,0.36562124866758827
20425,Stayed,0.7319466748344586
64063,Left,0.25751153800837157
23975,Stayed,0.8971594188411085
30441,Stayed,0.9275056583187068
12545,Left,0.15220332679686352
50153,Left,0.23170695632951654
26816,Left,0.3679898184223893
41364,Stayed,0.9801936844117256
44020,Left,0.4752288316821837
38748,Stayed,0.8605781023798554
65309,Left,0.3813634683727229
44833,Stayed,0.9104010108956848
41802,Left,0.4081844283282248
52322,Stayed,0.6904112309843142
54909,Stayed,0.5015065845209599
73663,Stayed,0.8278237312320359
16695,Left,0.1957406499469655
59512,Left,0.260802871119943
50042,Stayed,0.776325918719111
60619,Stayed,0.9731541446537386
11541,Stayed,0.8872592639189093
7555,Left,0.1301175966603442
12519,Left,0.21789333244153045
7442,Stayed,0.835057636906071
6725,Left,0.21750779042986287
51511,Left,0.21753197155146603
21734,Left,0.17239858506087175
3827,Stayed,0.5966087804885759
43406,Stayed,0.9639880514476872
35265,Left,0.32879525655626135
7802,Left,0.4515409892934133
51443,Stayed,0.9725649250483867
24197,Left,0.23115411251271148
22965,Left,0.12605341395387762
10119,Left,0.1943625827892627
69416,Left,0.3698202055100448
18730,Left,0.1160219285039068
8198,Left,0.4717274563662163
18279,Stayed,0.9728924015305415
18296,Left,0.4320675605892644
35393,Left,0.46380275428337625
57862,Stayed,0.9696870086084777
69884,Left,0.16810336071142865
70110,Stayed,0.742737367475167
54618,Left,0.09576167704200994
21202,Stayed,0.8774521507797778
36461,Left,0.28034512597240047
20037,Left,0.29190595679325715
30317,Left,0.22923605303702768
59338,Stayed,0.9083737573473362
43079,Stayed,0.7036802897994695
16461,Stayed,0.5532388970648486
53524,Left,0.16073991049581635
11294,Stayed,0.7125850370951722
56201,Stayed,0.9447380913553776
40983,Stayed,0.6850390954533145
60494,Stayed,0.8745166396124213
14792,Left,0.420874870324308
52726,Left,0.31808014984591676
14118,Left,0.27680022776600194
8659,Stayed,0.9691129659240567
70157,Left,0.3243484825609546
31777,Stayed,0.9639846294135911
56501,Stayed,0.8757758807350057
2624,Left,0.32903671321323047
3187,Left,0.3285570522885011
58623,Left,0.3655745391235436
47983,Left,0.43993579111482084
647,Stayed,0.8085846652179187
5084,Left,0.2086725397709465
6258,Left,0.3237587767955174
3956,Stayed,0.5460664338756639
2127,Left,0.19078801260075948
63212,Left,0.049306424897970845
56354,Left,0.13522155043401707
23337,Left,0.43331777497438084
71179,Left,0.16152905771988918
29745,Left,0.3488611723080773
9599,Left,0.24183802299250165
8086,Left,0.12195464870409334
54038,Left,0.08527319077874095
24294,Left,0.4672644358373503
59169,Stayed,0.860880057266608
47500,Stayed,0.8256215725188756
8876,Stayed,0.9085225834653152
53709,Left,0.07455622914691358
26442,Stayed,0.9747823135219132
46359,Left,0.31094082076378726
19236,Stayed,0.8638932180565302
59399,Left,0.13011215812710383
67304,Left,0.25983022222320845
42523,Left,0.3800928563891414
12374,Left,0.4625786692385064
39643,Left,0.43296881989191865
70285,Stayed,0.5815743153867169
15941,Stayed,0.8999794248509698
46470,Left,0.3423328932726472
50497,Stayed,0.6812115511906177
51075,Stayed,0.9522599468695265
65505,Stayed,0.989150460679454
30622,Left,0.21865144015365887
34794,Stayed,0.7205904924384375
44547,Stayed,0.534086741737153
26148,Stayed,0.949303656187567
66231,Left,0.12410901700307266
71614,Left,0.12459738864698805
62186,Left,0.38814415011041764
11459,Stayed,0.7521174398088797
47320,Stayed,0.9478209267389357
73621,Left,0.35147049643738737
4277,Stayed,0.6402531168449636
44305,Left,0.4297876196904162
3909,Stayed,0.5064433739653005
38575,Left,0.43780513487511014
18274,Stayed,0.6755235481536517
74094,Stayed,0.5375736802214636
69376,Stayed,0.5322367611499051
10360,Left,0.3949721085456645
22865,Stayed,0.947715897211322
58412,Left,0.1490842185541396
63692,Stayed,0.9857534934228269
69155,Stayed,0.5570771929216496
7108,Left,0.3349513004500534
18497,Left,0.0989262555306335
54162,Left,0.30793138973406586
50113,Stayed,0.8474443842683362
68617,Stayed,0.7157084012940715
34769,Stayed,0.8741175687228927
33511,Left,0.4733574177630058
62802,Stayed,0.8085303166017177
29924,Stayed,0.9942876560888825
9240,Stayed,0.9645119623743937
32559,Left,0.2696645233648413
14565,Stayed,0.8262750506246677
19446,Stayed,0.8138715599918839
21325,Stayed,0.5209033719522559
10240,Stayed,0.5135105145311144
10133,Left,0.07366090521490334
60403,Left,0.268592723150562
37853,Stayed,0.961089660763185
6925,Left,0.4032201624144629
51576,Left,0.26640262248892504
40971,Left,0.09740454965998799
66748,Stayed,0.5176678689192697
1198,Stayed,0.5314019044962255
65834,Stayed,0.5807061758073518
69833,Left,0.18941952508311202
52908,Stayed,0.9270673640498627
11879,Stayed,0.8258496757682793
68923,Stayed,0.6383125500615026
44367,Left,0.06615585615708179
47591,Left,0.15198867099351135
27195,Left,0.15970447223285192
50053,Left,0.22378300167791662
59773,Left,0.43051995687960337
42109,Left,0.22139249570425182
59045,Stayed,0.9200754595019247
58386,Stayed,0.5490749196377575
8108,Stayed,0.9818918338909819
18368,Left,0.16789180872996004
47980,Stayed,0.7831244444319976
69497,Left,0.37578550381695963
15227,Left,0.4964792376316867
68567,Left,0.4461951065509131
68692,Stayed,0.6978966854796367
4658,Left,0.18161713378185254
3708,Left,0.31461590695426883
32106,Stayed,0.8054930179869356
73089,Left,0.22510306590646956
38964,Left,0.2533982764628428
22412,Stayed,0.51997593403562
16029,Stayed,0.9645235328630617
31716,Stayed,0.6128686852983692
63301,Left,0.3168404034997797
432,Left,0.1250606253883797
46671,Stayed,0.8917936258913054
42995,Stayed,0.7605910474128875
52286,Left,0.4123864323962294
1819,Left,0.10994367485728089
16343,Left,0.444666881691812
54901,Left,0.37366299758825533
52600,Stayed,0.7412784327557113
66993,Stayed,0.8364091021083189
36316,Left,0.29294735004701933
62179,Stayed,0.7438398946709586
10830,Left,0.32983666080986995
5027,Left,0.20554026875223894
10686,Left,0.196167037433496
44887,Left,0.08145671502770331
65932,Stayed,0.6716274505578466
20384,Left,0.15894738760365035
68437,Left,0.44994977552002274
57084,Stayed,0.8822108161939697
36948,Left,0.18772627609033193
7221,Left,0.3783781445317666
44823,Stayed,0.9847928263881776
67426,Left,0.39739635954466396
37879,Stayed,0.9896638555718031
49697,Left,0.4586778653715331
12466,Stayed,0.8133739275648296
31744,Stayed,0.5713319454004917
39258,Stayed,0.7558837764186468
30027,Left,0.24928914930532353
73352,Stayed,0.5342751886509975
13297,Left,0.49509823357084043
48917,Left,0.44630994810232416
19928,Stayed,0.9032086885562234
69673,Left,0.2968229092188987
5689,Left,0.3559743010898696
72441,Left,0.3110317436324282
29973,Stayed,0.929408231993903
58486,Stayed,0.8651613262956499
16667,Stayed,0.8816000184194029
29854,Stayed,0.54161517841804
60697,Left,0.14560882995590654
5489,Stayed,0.9849863333496139
14005,Stayed,0.8102283287166275
26343,Left,0.33254191374743813
64591,Left,0.46281238711750244
72240,Left,0.2537427307003839
60606,Stayed,0.9929160665427879
69741,Left,0.07449653488780801
17776,Left,0.3404023996888957
18759,Left,0.2688549287103932
52821,Left,0.2810963984832092
31033,Stayed,0.8995200399878246
48702,Left,0.0968893382499693
13217,Stayed,0.6698724434269797
17632,Stayed,0.8461913981504743
13122,Stayed,0.6028032316265831
28929,Stayed,0.8257834578947655
2627,Left,0.2715933989407011
15496,Left,0.26461320075763634
42127,Left,0.34335514573749853
53095,Left,0.31330241606391585
7876,Stayed,0.9518239664069638
32294,Left,0.16996279924100077
10106,Left,0.38414592730778935
49680,Left,0.4534231031502764
37857,Left,0.13712837052530719
17313,Stayed,0.9513550441657428
20486,Left,0.1130699236852812
63525,Left,0.2773731286886747
8756,Stayed,0.5908816034364771
40063,Left,0.21124878509791428
53254,Stayed,0.6455846833126475
65480,Left,0.2216391424225357
27403,Stayed,0.9804956403533291
626,Stayed,0.6218468311792896
61210,Left,0.4552513058866903
63961,Left,0.14599388552264622
10244,Left,0.4645995872675602
44442,Stayed,0.9599920747448097
18593,Left,0.08461006383707775
73941,Stayed,0.948666562080755
5693,Left,0.10392884769569279
10086,Left,0.2602238700337669
43242,Left,0.24676722769653536
59485,Stayed,0.7826033324937102
17845,Left,0.4754240817971903
8741,Stayed,0.5616485191874655
66220,Stayed,0.9704837904934589
63019,Left,0.22662364059879775
62264,Left,0.16459073510654232
15461,Left,0.1601168781181192
32550,Left,0.48239941436933886
66118,Stayed,0.9626039896202195
29202,Left,0.3024460198649072
15624,Left,0.4693493092619792
66399,Left,0.17558083713504874
52206,Left,0.35386830770268507
26292,Left,0.3100363365526712
19865,Left,0.08410488412624118
46050,Left,0.4411409350071324
59532,Left,0.438902262686631
55495,Stayed,0.5797265961633564
21857,Stayed,0.8515653883562013
50905,Stayed,0.796664174964118
4605,Stayed,0.7801536951155995
38842,Stayed,0.6452270142641116
69142,Left,0.3449009261387855
35639,Left,0.4754902275682783
10255,Stayed,0.6897356888251972
18811,Stayed,0.9840791013671261
10531,Left,0.2491200712616637
68050,Left,0.2571226971425914
48923,Stayed,0.8797883759005466
20825,Left,0.33780090778327876
1799,Stayed,0.9433489582726456
51418,Stayed,0.852955248867455
27924,Left,0.279164868068709
55673,Left,0.21127123720088475
72968,Left,0.24604533044245033
31842,Left,0.24804633399217385
70801,Left,0.4879586522448139
30564,Stayed,0.6304262677927095
50123,Stayed,0.7393911544106282
41228,Stayed,0.9485582005311421
32563,Left,0.317581208166857
5925,Left,0.22911146829592233
18930,Left,0.3418538594773728
32349,Left,0.16804969878788334
30769,Stayed,0.5496979012533268
40856,Left,0.10525992147351901
62230,Stayed,0.8583689412339502
41936,Stayed,0.9314909889545705
60560,Left,0.2839135973201952
51109,Left,0.24063422819443778
8668,Left,0.14090628749512732
32259,Stayed,0.9459579319083697
33811,Left,0.30179764142338594
73178,Left,0.4455387328730459
53488,Stayed,0.8063963768771478
42485,Left,0.4331262048212279
59536,Left,0.19510756821017206
56926,Left,0.0786746050560504
6189,Stayed,0.8707942331388294
49966,Stayed,0.787110637001198
6791,Stayed,0.7795071953751208
73145,Stayed,0.8591922080239935
41779,Stayed,0.9395462425544182
15821,Stayed,0.5612398060741969
30672,Left,0.1275480525175124
63528,Stayed,0.6536611398647758
11745,Left,0.10885603540672496
45627,Left,0.3655729590160908
28488,Left,0.4874587081736447
53431,Left,0.29613422296015735
60122,Stayed,0.5262197178660734
68628,Left,0.15125321937704203
51519,Left,0.3895051815199629
64352,Left,0.24233211393693196
63150,Left,0.338266364930469
36142,Stayed,0.9580636558075397
25688,Stayed,0.8630227066362552
7455,Stayed,0.7954784498981367
43942,Stayed,0.9691794628801078
50309,Left,0.064664120093477
57884,Stayed,0.8634106542726265
4606,Stayed,0.5770852199627812
36854,Stayed,0.5333084342786898
39249,Stayed,0.9281079436527438
21094,Stayed,0.979041438185224
71787,Stayed,0.7537396117650993
27240,Left,0.2604400354662179
45630,Left,0.13312417435842006
33310,Stayed,0.508616567650976
17294,Left,0.3150447635283449
66205,Left,0.3498756274199223
64421,Stayed,0.9673301385515549
35779,Left,0.35612978881454416
47475,Stayed,0.5635079791481938
71783,Stayed,0.5436457791747129
19067,Left,0.3917059272674637
27671,Left,0.4870247251052735
20509,Left,0.14930398297182673
71107,Stayed,0.5247356815179982
60138,Stayed,0.5441022814255867
68312,Stayed,0.9322114763641768
47989,Left,0.3612800567277529
28737,Left,0.10116843519856042
67798,Stayed,0.6308037756517434
57983,Left,0.3485422013848077
48531,Left,0.08221773163169874
5366,Stayed,0.5706515874841404
28212,Stayed,0.8796502022204857
54717,Stayed,0.7001531810926076
67501,Stayed,0.9397136523337624
59734,Stayed,0.5646533069967841
28245,Left,0.29072303112989367
46991,Left,0.20275695449699452
38498,Left,0.4060704794725664
56659,Left,0.20096217150091558
35239,Left,0.24151152057886252
52489,Left,0.399663620588492
46812,Left,0.3317149798460414
30128,Left,0.07924296300745697
57422,Stayed,0.6693044233485013
46986,Left,0.2925207647358825
46845,Stayed,0.9303646774539337
48942,Stayed,0.8364679336033873
5255,Left,0.3703692640147432
34198,Left,0.4040949514653123
10206,Left,0.3908278406389768
58510,Stayed,0.5642856174649931
72731,Left,0.3804590159017265
20124,Left,0.4607957717233214
50096,Stayed,0.9169931387390982
54609,Stayed,0.8993987413481339
59408,Left,0.3004308145250262
65112,Left,0.2164929118061237
37248,Left,0.2132955258770221
32512,Left,0.3399674053281651
61755,Stayed,0.9399497517794253
33891,Left,0.2592355367130217
35203,Stayed,0.9070940857424258
72567,Left,0.21625142785066492
18844,Stayed,0.5082818379970881
50592,Left,0.4091898643266154
22256,Stayed,0.5272262569975849
68552,Left,0.42357876216810236
69183,Stayed,0.8250428892004082
59177,Left,0.4336405687978586
14182,Stayed,0.9916075005545417
25886,Stayed,0.8048666298303229
63974,Left,0.40539597244837794
63386,Left,0.4686781671315779
22216,Stayed,0.7996040220639681
59360,Stayed,0.6506646499590866
50399,Left,0.3749585108567148
18305,Left,0.4525598617558816
36598,Left,0.31445663739848606
24913,Stayed,0.6772561781866006
26269,Stayed,0.9284219799082185
51693,Stayed,0.9234441760231579
17720,Stayed,0.7372555341779591
19778,Stayed,0.9973454000621572
44155,Stayed,0.5509113342161035
65717,Left,0.27966298746204815
60412,Left,0.4000389419167985
47892,Stayed,0.7849442629154586
58894,Left,0.4260665180825782
23298,Stayed,0.8098772959319236
30911,Stayed,0.922609445385021
59493,Left,0.20437494617197183
17502,Left,0.11757302448975548
18685,Left,0.3356183264603047
55954,Stayed,0.5631844454341967
36529,Left,0.23342225514840717
22318,Left,0.09499557676747888
62591,Left,0.22537944897345374
45130,Stayed,0.9717474562828108
8769,Stayed,0.9374737266034252
19474,Stayed,0.7496559956079343
38474,Left,0.11950445712342048
227,Left,0.3230171813629961
53652,Stayed,0.7486544701600485
13578,Left,0.07897247942141046
21023,Stayed,0.9728489185154817
45053,Left,0.487788259255143
10849,Left,0.43787564778267946
72176,Stayed,0.8780810705653366
64751,Stayed,0.9821312958141365
35944,Left,0.18351218658685964
43280,Stayed,0.5557549013033113
64479,Stayed,0.7608177324898462
46604,Left,0.2961871241085531
50092,Left,0.48920952823221386
66576,Stayed,0.7360503334637204
37646,Left,0.4470546805128614
51112,Stayed,0.733958020090785
6579,Stayed,0.8396854382421239
56630,Stayed,0.6531724849924385
39415,Left,0.4028151140964588
46906,Left,0.17499346061926221
43384,Stayed,0.6323597610759532
36347,Left,0.4222636830842407
13207,Stayed,0.8131937359836813
6562,Stayed,0.8786553487264733
33585,Left,0.4271704585849147
64397,Left,0.16360970352099577
23311,Left,0.30989125117440725
48464,Left,0.30864832507155515
8406,Left,0.35237859883815387
32339,Left,0.34691900711795604
66073,Left,0.10819761751294685
44533,Left,0.3655049568537338
56617,Left,0.4767858309705997
67679,Left,0.22975195958286626
9382,Stayed,0.753925858947893
11249,Stayed,0.9842168318769878
70453,Left,0.3342264174619399
62149,Stayed,0.8666239018253967
17606,Left,0.1322156942089617
9121,Left,0.1386006931026391
64785,Left,0.19788338889573376
74027,Left,0.44511129879900263
43817,Left,0.14722447784721784
71425,Left,0.07832997326124243
46395,Left,0.077526030750247
73204,Left,0.40637676772884274
56670,Left,0.24882139885983
53687,Stayed,0.9892518120209686
13018,Stayed,0.5598305891919859
6947,Left,0.22889030150703477
44575,Left,0.1998292735909991
54836,Left,0.33110682072231595
71361,Left,0.26902183930660223
1363,Left,0.3180436445541329
62126,Left,0.19353605893174264
17173,Left,0.06763483763112765
43245,Stayed,0.7434672743213017
23002,Stayed,0.5842563976051112
72506,Stayed,0.742423497974584
64559,Stayed,0.9637083551575615
68454,Left,0.22731319815430792
17704,Left,0.244055447833176
39066,Stayed,0.7681774143714566
2363,Left,0.39728161158470493
54564,Stayed,0.7222228404454214
28945,Left,0.05725312464604863
70414,Stayed,0.8933133016186722
14913,Left,0.11033457717923759
59606,Stayed,0.9507251594148556
15782,Left,0.3515123559556502
5552,Stayed,0.503260219873681
2221,Left,0.3978482950900215
7657,Left,0.3993225153316679
33438,Stayed,0.5957316631142271
8052,Stayed,0.9422030105658977
34047,Left,0.26838734357424326
49303,Stayed,0.9464135508980901
65058,Stayed,0.597666485014582
51026,Stayed,0.9663961394241335
62929,Stayed,0.633803859334105
72027,Stayed,0.796476629909322
61063,Stayed,0.9058623886643091
16145,Left,0.49450845211811695
43947,Left,0.1935345969404063
28624,Stayed,0.8174507195851438
53427,Left,0.3312027391181682
32258,Stayed,0.6221633372859834
6677,Stayed,0.7499767795736022
26662,Left,0.2746316789855959
28464,Left,0.34475223692289503
61542,Stayed,0.6402386041824161
32186,Left,0.2617849167600734
20686,Stayed,0.8741903565879656
44256,Stayed,0.9028203851770704
24104,Stayed,0.8195195015687645
71584,Left,0.08556885872894164
53825,Stayed,0.8681347739448174
32913,Left,0.23009892497164813
37434,Stayed,0.9918508012627361
67101,Left,0.15990400929135823
62855,Left,0.19716575587388172
49637,Left,0.371318128721914
67926,Stayed,0.9764025827759188
22353,Left,0.14307221380143959
65790,Left,0.13718089098439465
32279,Left,0.47914218212636195
27390,Left,0.3471451981704357
22296,Left,0.43518685044640404
58107,Stayed,0.937044450235564
71046,Left,0.3499969672330331
27254,Left,0.292150312540777
68128,Stayed,0.9863324932305081
66888,Stayed,0.8961157228693256
59060,Left,0.22380558004327206
56087,Left,0.21516668326230146
8238,Stayed,0.5421659863558959
4846,Stayed,0.865891814785093
56592,Stayed,0.7021206332593999
12762,Stayed,0.6962531461335355
34877,Left,0.12118482483068896
34669,Left,0.2757475442075469
18949,Left,0.13601940981490404
10464,Stayed,0.8610898750967971
22528,Left,0.1922398903173657
42356,Left,0.056665972635125655
33606,Stayed,0.9727638990905386
46715,Left,0.38810757214429303
29940,Stayed,0.8007600494490755
51347,Left,0.28779253255384896
44490,Stayed,0.9854947097034047
48140,Left,0.4178762937653599
20110,Stayed,0.7837235728330004
68747,Left,0.06851138746538074
23699,Left,0.3221272151462527
68609,Stayed,0.9953850247691292
9792,Stayed,0.8051977823271679
32511,Stayed,0.8893138145513954
69582,Left,0.2664761131733173
24248,Stayed,0.502361728818835
44618,Left,0.2694437674965115
47387,Left,0.25565275575161567
44867,Stayed,0.9941303047458031
39109,Left,0.47481449453738006
46585,Stayed,0.8303031275939049
65238,Left,0.40984279678019797
10832,Left,0.10625763052302534
16659,Left,0.22558483862477163
14170,Left,0.22776286197695655
65259,Left,0.2761253772097625
6872,Stayed,0.9813037032346332
28936,Left,0.40743857767103014
24200,Stayed,0.9368549924847016
70645,Stayed,0.7222610226659699
49274,Stayed,0.9524430243875401
58908,Left,0.40497750897521934
49909,Left,0.23988937400758517
51427,Stayed,0.9899192872405007
24990,Stayed,0.8707474875892892
10567,Left,0.3699328067615626
44744,Stayed,0.7949207856546447
7519,Stayed,0.5042474738851936
57622,Stayed,0.9734647465200854
65106,Left,0.40769955481404996
31762,Stayed,0.8124362410205725
69285,Left,0.2624259330016256
18234,Stayed,0.9400199830715082
54906,Stayed,0.5754403625898173
33766,Left,0.4231935537832784
17299,Left,0.38196285154883036
71358,Stayed,0.6173521910889713
58138,Stayed,0.971631074635557
3137,Left,0.37315070584310506
10596,Left,0.3489846589385765
25604,Left,0.40988086571982374
25749,Left,0.24188705206210573
36073,Stayed,0.7339561079691622
9938,Left,0.11311849571042742
16431,Left,0.3757655559077758
59679,Left,0.12990549848311442
51373,Stayed,0.9814327650563811
15209,Left,0.3646871601964859
8539,Left,0.3346639118299607
19295,Left,0.3355680403549463
40498,Left,0.3694503214383828
15633,Left,0.1232157050664165
43166,Stayed,0.556723073488859
42510,Stayed,0.9739773069096199
2475,Left,0.21311337146020817
73307,Stayed,0.9279873463765663
57961,Stayed,0.9888633130312878
50021,Stayed,0.774384537551046
18876,Stayed,0.906388854340034
61099,Left,0.3947816133677147
30182,Left,0.22204056417184678
47006,Left,0.12824621987645807
26395,Stayed,0.8634598456552982
71919,Stayed,0.848892714899288
55008,Stayed,0.875420094322112
30008,Stayed,0.5541316806440058
57465,Stayed,0.9053188223231997
56416,Stayed,0.6727029782825951
58185,Left,0.27425708573754576
18751,Stayed,0.9333976422592164
64886,Stayed,0.6045596337991613
4497,Stayed,0.8708082284948254
16670,Left,0.21972618902370292
55986,Stayed,0.5475904437958014
16475,Left,0.2038792276084979
36013,Stayed,0.8841482275808228
31331,Stayed,0.6177204581981977
22562,Stayed,0.6925527163360854
63376,Left,0.14784569692453947
67350,Stayed,0.504675919824669
8789,Left,0.3969627415738768
21235,Left,0.0863426365138241
66485,Stayed,0.7887216871016154
42151,Left,0.1850357758663577
52365,Stayed,0.6491478374990317
37507,Left,0.32394734639145917
43825,Left,0.3515676631959087
12979,Left,0.4376909221985353
63426,Left,0.48821717510358037
50690,Stayed,0.963265923222358
54393,Left,0.2620860944229843
20941,Left,0.111628435591592
54148,Left,0.26695424271464174
39148,Left,0.3396899503987514
3851,Left,0.49576332081118674
18235,Stayed,0.6520151420461223
51130,Stayed,0.9111480539003499
51880,Left,0.09890851335056174
46049,Left,0.07091016246479329
19285,Stayed,0.9338072485070411
34477,Stayed,0.9946410580895919
23107,Left,0.2849971770648695
42915,Stayed,0.9607348101421379
52012,Stayed,0.5000391841322386
15483,Left,0.17682952729906956
41047,Left,0.2469780398298466
5056,Left,0.10986146408054094
17064,Stayed,0.7091807932568558
53512,Left,0.2842699866454871
29586,Stayed,0.959461345454333
24824,Left,0.37843422007814015
70848,Stayed,0.9524771208595489
31712,Left,0.35992613008336855
61849,Stayed,0.6198545831835587
71513,Stayed,0.5541581677070622
63396,Stayed,0.7389396457380975
40441,Stayed,0.952236667758622
49304,Left,0.4301091697843066
39077,Stayed,0.6405784783543048
10659,Left,0.09011316108003084
863,Stayed,0.6625890502937664
63829,Left,0.042531804076789
40307,Left,0.15525285461619684
28301,Left,0.28686746131521257
46610,Left,0.1298212514475136
15743,Stayed,0.9807038632376732
682,Stayed,0.5412453391148376
52459,Left,0.30788941926693586
33399,Stayed,0.7698896582738709
18926,Stayed,0.5272061940523075
40269,Left,0.19293150006167026
9768,Left,0.2805489434646849
3028,Left,0.22309344940628342
61806,Left,0.3770310488359826
54459,Stayed,0.9465312255184773
72494,Stayed,0.6589034555617466
19810,Left,0.27509720588219183
68131,Left,0.39710549967713
474,Stayed,0.5176160291396313
32053,Stayed,0.5035639663761711
54399,Left,0.495089276454402
60688,Stayed,0.6414003602772297
17553,Left,0.09954957697709528
53985,Left,0.23072498229595123
22345,Stayed,0.9856623896017014
47590,Stayed,0.7962036236271012
38596,Left,0.06841795739368366
19273,Left,0.46011997046703906
3610,Stayed,0.8406811860487552
15989,Stayed,0.504796378346412
22892,Stayed,0.6803024986811085
60197,Left,0.29618747180795596
64752,Stayed,0.9886881585105683
57059,Stayed,0.5957906096534004
23600,Left,0.1841522753134494
39598,Left,0.1554259891928012
27852,Left,0.20637721613963064
9921,Stayed,0.6103222458785903
30337,Left,0.2125496865257911
47276,Stayed,0.6985531440704407
64971,Left,0.3571165628181409
652,Left,0.10062941294508827
20095,Left,0.3346593232197612
5863,Left,0.48455458070783636
47519,Left,0.42831807832880103
37705,Stayed,0.6633326883402834
33779,Stayed,0.8808441795291342
16592,Stayed,0.8736716221465425
20322,Stayed,0.8749743216271596
67755,Stayed,0.8854967225945927
15470,Left,0.0846377622567075
31685,Stayed,0.9777426264601439
49447,Stayed,0.7700681252354873
65225,Stayed,0.8261803071164359
8858,Stayed,0.8535359438279636
73682,Left,0.13410048518056075
59959,Left,0.44631004718412853
434,Left,0.2090208774952532
1034,Stayed,0.6947670202290016
46793,Stayed,0.992856991686105
32419,Left,0.2013651832102009
35174,Stayed,0.685274620286677
20586,Left,0.47085056377323825
27688,Stayed,0.7271109025627329
59511,Left,0.3557560285832038
39909,Stayed,0.8567459946198892
48408,Stayed,0.5005881378153184
52936,Left,0.10239442130912714
43503,Stayed,0.9574506131498788
49871,Stayed,0.8042967872087896
64720,Left,0.139668128235378
1961,Stayed,0.8878309996420625
4418,Stayed,0.7762441353244632
6511,Left,0.44569820644110436
37003,Left,0.20751246926645875
15599,Stayed,0.75257855439304
15324,Left,0.341873162360201
65353,Stayed,0.7736698333893051
27600,Left,0.3957895338689767
51901,Left,0.32623717615163644
59289,Stayed,0.5204559767198569
68658,Stayed,0.8872537119923892
60513,Left,0.14310955136739803
48489,Stayed,0.6464616001903893
45684,Stayed,0.9314547886724267
67613,Left,0.4862374403550015
62807,Stayed,0.7331449615181918
10586,Stayed,0.6928838606826356
73525,Left,0.1763789863596071
4252,Stayed,0.9163270922967267
11483,Left,0.4620896849872312
68288,Left,0.27711949182145207
61912,Stayed,0.5454102899732425
28852,Left,0.3038895002391912
2301,Left,0.2713347482661636
12618,Left,0.3746995992190099
65771,Stayed,0.8171869407772139
46393,Left,0.263963887535736
71371,Left,0.15995330892386703
10399,Left,0.4988982264686667
26054,Left,0.19017247851743896
38539,Stayed,0.5524873573721408
2438,Stayed,0.6341166025575061
23780,Left,0.10872197489599313
16291,Stayed,0.652447795552328
22280,Left,0.43931391972546263
64837,Left,0.2575687133963586
43120,Stayed,0.7616409905214532
43800,Stayed,0.5752133089567997
68754,Stayed,0.9682602671517992
55390,Stayed,0.8655954967777735
36017,Left,0.15075389969544842
12715,Stayed,0.8589040158284219
11821,Stayed,0.6922831626267921
46835,Stayed,0.7293048770470175
35280,Stayed,0.5829081050951076
51732,Left,0.2016552435271974
33075,Left,0.07824522941135151
34273,Stayed,0.5121316722716573
49663,Stayed,0.9585015535908785
11640,Stayed,0.6268771378084002
32497,Left,0.04531877080296229
32078,Left,0.20403126271029895
5467,Stayed,0.5615125901021224
14195,Stayed,0.9851579961628036
28762,Left,0.18745866316097773
14665,Left,0.16318850255758657
11405,Left,0.38051109137448524
54212,Left,0.22067227378782295
12587,Stayed,0.9699626613321423
27194,Stayed,0.7061115552285104
26143,Left,0.12342816653949071
30043,Stayed,0.8987454950686858
9091,Stayed,0.6605565087529134
47468,Left,0.33693061394210144
30521,Stayed,0.7315603256149305
69419,Stayed,0.8872029757661946
51447,Stayed,0.9952967275186917
22978,Left,0.16805612652868654
72763,Left,0.2020140838375963
38573,Stayed,0.8668982369833397
48508,Left,0.26345592782766847
67211,Left,0.1435885990418032
35171,Left,0.18941305116420143
25642,Left,0.312067356697957
5833,Left,0.43026633857850566
65685,Stayed,0.9400041526747457
34917,Left,0.12766206212783013
11421,Left,0.29202666364179514
16427,Stayed,0.9492238775251381
36399,Stayed,0.5699843734284327
9635,Stayed,0.8534317278019582
65500,Left,0.3504922032789822
48150,Stayed,0.7581003294859169
23627,Left,0.3994925223249588
44632,Stayed,0.9178479398449184
49844,Stayed,0.8694211595377545
16704,Stayed,0.9562042316323306
36710,Left,0.15306854431291925
34734,Stayed,0.6211322970059715
4400,Stayed,0.8524217417365751
71723,Stayed,0.9452309244383145
27718,Stayed,0.9856533312308411
19278,Left,0.07700809641201799
18881,Stayed,0.9930576423053882
58372,Left,0.3499279943381177
24187,Left,0.4295225179329013
21065,Stayed,0.6822681040000224
30364,Left,0.24455751502919823
43270,Left,0.3730938705065027
31410,Left,0.11466313979776577
16455,Left,0.2169976595608789
59552,Left,0.3812507017222418
27967,Left,0.35597219229711097
12002,Stayed,0.9872459607937875
67205,Stayed,0.9724343099787013
49330,Left,0.05387186330180092
60285,Left,0.2193458740729551
57358,Left,0.3289995766556221
31702,Left,0.22438469427420735
67366,Stayed,0.5419521851182059
54800,Stayed,0.5984556618524449
24334,Left,0.3025639684930553
1176,Left,0.39221818549668586
62323,Left,0.09776618997202928
15153,Stayed,0.6383337293221003
67918,Stayed,0.8418180717614754
15075,Stayed,0.7622361914025071
48170,Stayed,0.9839864108161637
60776,Left,0.375831401800496
48472,Left,0.3180835159497362
23871,Stayed,0.721183048351143
35762,Left,0.11066164361533692
61112,Left,0.20532686624780735
38903,Left,0.21278497053588968
47808,Left,0.21467131127042516
36157,Left,0.42396656699816593
55652,Stayed,0.8967613015776383
29661,Stayed,0.9791000722302027
138,Stayed,0.9553754219824659
65990,Stayed,0.7509375749234893
12808,Left,0.38065454727845127
2609,Left,0.1624950754893992
43010,Left,0.1389460832064156
7162,Left,0.2114235100022996
49934,Stayed,0.9828285744189131
3442,Stayed,0.9627098205007794
73666,Left,0.2108015695897608
55126,Stayed,0.9009446770484
37440,Stayed,0.8663140101473512
26032,Stayed,0.8645889419409306
6665,Left,0.3631372335450824
17826,Stayed,0.5944555970414437
30885,Stayed,0.6015790468444874
30219,Stayed,0.9881207794841177
43425,Stayed,0.8695781604858647
2976,Left,0.3246107341339877
12891,Left,0.4058452433070183
19610,Left,0.20642727174513834
46616,Left,0.12225922756399761
2230,Left,0.35384998386089467
73567,Left,0.4463063643243653
68178,Left,0.4851354141574371
37634,Stayed,0.8185087836260004
3594,Left,0.2392827461578724
4146,Left,0.399222177264301
72511,Left,0.1936121739275056
8747,Left,0.4307263087836641
7678,Stayed,0.583542398262842
885,Left,0.45595952660975486
64381,Left,0.2751605334287828
11053,Stayed,0.9488159106757591
8518,Stayed,0.5507279387031088
38836,Stayed,0.9944601371831205
13203,Stayed,0.5959552865880039
61610,Stayed,0.819544171025535
72706,Stayed,0.5849674163384359
9425,Stayed,0.9883306083315107
13941,Left,0.33962662335098337
48974,Left,0.20511535317267598
51905,Stayed,0.9915996207366243
61971,Left,0.17021429693101925
29322,Left,0.18092377961425946
67707,Stayed,0.7968428641200008
9390,Stayed,0.8062022228387894
61747,Stayed,0.6869271569468886
5320,Left,0.2504234819703473
35492,Stayed,0.931545138227414
12388,Left,0.326442787771605
20845,Stayed,0.6647093069512009
9804,Stayed,0.9079447283689669
64012,Left,0.2795049981844492
12758,Left,0.26536355212696716
40483,Stayed,0.9952019588082811
5039,Left,0.338049445715544
9909,Left,0.3747689200835802
43571,Stayed,0.7439734204367839
13034,Stayed,0.7709835773938725
60243,Left,0.37019058594522025
2410,Left,0.40880228427145265
15876,Stayed,0.6811540211699045
52637,Stayed,0.6349624791294887
49414,Stayed,0.7487123351752332
15674,Left,0.2711775769154325
18302,Stayed,0.6216764174673883
26523,Left,0.12575820275111627
4847,Stayed,0.9911269050302496
28560,Left,0.3252647474504667
27835,Stayed,0.540546806864457
47876,Left,0.2175498054644062
41679,Left,0.35936940961246233
46228,Left,0.3204995513559512
10888,Stayed,0.5026356092331953
54707,Left,0.4023942035160728
51755,Stayed,0.6346163696856563
36460,Left,0.18673708905293324
28632,Stayed,0.9179077847117606
66946,Stayed,0.9181176476960042
64894,Left,0.0874835569833565
32062,Left,0.12433877157105577
71858,Left,0.24500553960601854
53412,Left,0.07328977966908765
68002,Stayed,0.547449601590609
34368,Stayed,0.7471458332433359
60126,Stayed,0.5909917068503927
37284,Stayed,0.8375329410793882
40812,Left,0.1721109551214956
29118,Stayed,0.8873468520648231
61765,Left,0.2362180030301252
60375,Left,0.16947124350907725
3715,Left,0.10671854464318282
66554,Left,0.13433747290453424
44885,Stayed,0.9009511507766186
63727,Stayed,0.6564433967659854
57141,Stayed,0.835705904382471
17658,Left,0.1748704330189305
42366,Stayed,0.6481438010556434
11891,Left,0.1677464486599379
41932,Left,0.4237644226328523
47509,Left,0.3468195941706611
73882,Stayed,0.8531121642055408
47248,Left,0.3667761815081954
36258,Left,0.28039112102215624
31852,Left,0.49220068768075775
64303,Stayed,0.7034235257198435
63536,Stayed,0.8462338371044884
47265,Left,0.20412036017459279
34503,Stayed,0.5478887572978124
49669,Left,0.24046495031385734
60464,Left,0.1728054458723219
49606,Stayed,0.8248680811446716
35934,Stayed,0.815387353174654
10946,Left,0.4798473617619592
18499,Stayed,0.5085967475802966
52405,Left,0.4817842762573153
8415,Stayed,0.9805572842753114
5253,Stayed,0.6043905061381508
38945,Left,0.4766458815739669
70333,Stayed,0.7494752902191983
53515,Stayed,0.7897200910835865
42797,Left,0.4726640084570209
61453,Stayed,0.7862607956373596
25985,Left,0.3876434598448337
43092,Stayed,0.8269854834309424
37935,Left,0.39867472137226556
31124,Stayed,0.6276710235728704
47379,Stayed,0.7982791471835694
49974,Stayed,0.8067900975123133
59135,Stayed,0.9200896488125835
71126,Stayed,0.9960897512315269
36934,Left,0.240226020778578
41368,Stayed,0.7046091296496925
64023,Left,0.35835904759381426
28080,Left,0.31749237667982855
16101,Stayed,0.8982706171722235
4773,Left,0.42474494086061493
73539,Left,0.20686098976918366
71717,Stayed,0.6898359493063764
24267,Stayed,0.8626961939823886
36518,Stayed,0.9743858350496382
39683,Left,0.2611098977326272
37832,Left,0.27065633872105743
6586,Left,0.2749912304868091
70974,Left,0.1820546177024529
42455,Left,0.0916022256237161
30963,Left,0.44687377926344274
48711,Left,0.28170811639799964
44120,Left,0.3414069508605854
29457,Left,0.47231287085397794
56715,Stayed,0.9905799517912663
13520,Left,0.2179914644462652
48221,Stayed,0.8258733553735861
73272,Stayed,0.9620849122504804
73599,Left,0.47526444802748896
21505,Left,0.14993321904806473
16424,Stayed,0.5183277376119139
867,Stayed,0.9221791898276129
69701,Stayed,0.6373661777489156
62693,Stayed,0.8172244128698372
52699,Left,0.13681773038859088
47002,Stayed,0.5308857678325216
41750,Left,0.3217328981755327
19537,Left,0.09261334080887948
36772,Left,0.13691044526195778
66883,Left,0.15624001854850958
12267,Stayed,0.9749091324244382
28596,Left,0.18665978057102237
59030,Stayed,0.9953380213652884
49597,Left,0.3922837952465063
2062,Left,0.4426214710199543
23314,Left,0.13265544810845814
7809,Left,0.460917761550815
14147,Left,0.28732332399216703
61972,Stayed,0.7415220872154279
47999,Stayed,0.6692106124480388
26378,Left,0.24580533775570246
68688,Stayed,0.8890066011580736
20058,Left,0.17060585226616007
73408,Left,0.3824527873530547
53270,Stayed,0.9691698819649549
61401,Left,0.21708183417670943
72059,Left,0.23734376207786428
2400,Left,0.3205549263150401
59311,Stayed,0.8461569801697423
73724,Stayed,0.574332454099141
60203,Left,0.035912323091510136
23599,Stayed,0.7868444121279563
10701,Stayed,0.6340053511630399
17599,Left,0.2192279175657539
40203,Left,0.27008745773068477
36326,Stayed,0.5861977734636319
16085,Stayed,0.9814846980235564
49121,Left,0.43667974431521805
8278,Stayed,0.6759386591274876
68873,Left,0.4730994751109091
63055,Stayed,0.8778357711531468
54366,Left,0.32805199283377884
59232,Stayed,0.6211966277006531
15913,Stayed,0.7769340077107737
25357,Left,0.226274060180173
19689,Left,0.3639478976195495
50973,Stayed,0.9122220118254795
46650,Left,0.17430684399360583
52832,Left,0.22067130723625494
70665,Left,0.25467789192392876
59419,Left,0.2378305224622923
192,Stayed,0.763654185825802
42555,Stayed,0.670783229712529
31403,Stayed,0.854805001212586
27841,Stayed,0.6364934836323276
57077,Stayed,0.7886153597950573
7539,Left,0.4021988886054216
64540,Left,0.20498893230260892
56352,Left,0.3354080396496818
43237,Stayed,0.5432290582778826
40709,Stayed,0.5604075612380002
51666,Stayed,0.672317383404625
30782,Left,0.24118343288698457
49349,Left,0.40867481268109734
40934,Stayed,0.9842273407010641
11913,Stayed,0.5836663252618863
69858,Stayed,0.7220064667650767
51871,Left,0.4431742697278603
31444,Left,0.4668288101835703
57811,Left,0.3110870850150089
33752,Left,0.3050970008633887
49562,Left,0.3805236586618534
72354,Stayed,0.853086652460583
61867,Stayed,0.7654023032175088
17486,Stayed,0.8738313798153252
56555,Left,0.27825283084929975
753,Left,0.12470201563947703
40824,Stayed,0.6989120358959634
38345,Stayed,0.8634093823228329
46269,Stayed,0.5551229176037034
52897,Left,0.4539624230924839
24346,Stayed,0.528872100827486
4381,Stayed,0.6669791123477112
9557,Left,0.2641534749985687
822,Left,0.3033016573097582
10400,Left,0.3201886307712847
5942,Left,0.32580880581965993
28552,Stayed,0.9072381355321193
66729,Left,0.4453365525427626
38570,Left,0.48579047293175354
23851,Stayed,0.5811882564860971
53043,Left,0.20393746874394061
22775,Left,0.4364592551236293
26193,Stayed,0.7659427598939723
70732,Left,0.18397534260776585
53557,Left,0.4270914594230363
62370,Stayed,0.7722557255433834
13444,Stayed,0.8078818562311151
56812,Left,0.09217725497112472
45149,Left,0.11005507375835574
57455,Stayed,0.9921055492555558
21101,Left,0.3512035471286993
40660,Left,0.4381589020432177
12256,Left,0.1472096943185973
29932,Left,0.21419538494730347
26683,Left,0.17869147084508388
39106,Stayed,0.762709667713314
53809,Stayed,0.9600572631212252
55485,Stayed,0.7817438699343823
73596,Stayed,0.9203429632373815
2732,Left,0.17385285538108416
10022,Left,0.3681246657358331
30508,Left,0.3835323834661133
24224,Stayed,0.8915197783035702
39053,Stayed,0.7868704852329456
49988,Left,0.18627115691277482
50733,Left,0.2042375747133356
16175,Stayed,0.8777487186590172
43497,Stayed,0.993732151954676
4231,Stayed,0.6165791164922247
25748,Left,0.39277452333227597
25266,Left,0.4008795214816415
40006,Stayed,0.8742210397882085
47135,Stayed,0.8528573147927885
27284,Stayed,0.7184468962527734
62708,Stayed,0.9879446303336015
73170,Left,0.05992126480108954
27584,Stayed,0.8997744601621364
43423,Stayed,0.6631955130062117
44109,Stayed,0.5444659088336775
54290,Left,0.21710261911222692
71279,Left,0.3626695341328742
2580,Stayed,0.7106764937618457
59923,Stayed,0.8506017170223805
24077,Left,0.20472978029301303
40146,Left,0.17210199422424244
10563,Stayed,0.6323247548231815
58779,Stayed,0.960334475633312
61125,Left,0.0845973440964292
10699,Stayed,0.8351082325344549
49311,Stayed,0.7021431562589079
20613,Stayed,0.9955636825091428
61221,Left,0.3495157557137423
55072,Stayed,0.9848823425078903
23583,Left,0.16739536680841918
18576,Left,0.3129708027579987
73989,Left,0.2666185093912492
199,Stayed,0.8699285672718536
6692,Stayed,0.8018468231261954
51768,Left,0.13287952861843846
22201,Stayed,0.9090106974643162
68509,Left,0.29778880741103997
18599,Stayed,0.5344828071791501
39630,Left,0.48910850584780413
43498,Stayed,0.8290521415176062
44054,Stayed,0.980930824388024
61697,Stayed,0.6848219344273747
67265,Left,0.3439455874942838
36545,Stayed,0.6632565653772139
3630,Stayed,0.9118264071448275
14082,Stayed,0.9667218470084034
61312,Stayed,0.9934571689554043
17129,Stayed,0.6959233174701724
58899,Stayed,0.917308212563004
4027,Left,0.3626273321506001
41008,Stayed,0.6519236630348554
54142,Stayed,0.9051076515586903
19032,Left,0.38366951823506507
47275,Left,0.23332520787691421
35317,Stayed,0.6220524365157005
29361,Left,0.27665709484108975
40901,Left,0.48413945082478405
61005,Stayed,0.9033275355807057
6492,Stayed,0.5845620109409873
47937,Stayed,0.8757057908957488
26098,Stayed,0.9757578580032704
11314,Left,0.40543042066506757
33396,Stayed,0.9282524739088762
66243,Stayed,0.5153052075630531
37830,Left,0.4557946298383426
36586,Left,0.4000215918352869
58051,Stayed,0.5945974482288426
26406,Stayed,0.96918272046191
52964,Stayed,0.576354362776663
57793,Stayed,0.9824858486502711
25639,Stayed,0.9016686467840662
59598,Stayed,0.8380248725786127
7482,Stayed,0.6959574197029255
69965,Stayed,0.6251651713223499
11134,Stayed,0.5721465951087893
42571,Stayed,0.9322952485893005
55947,Left,0.3709187831195098
73127,Left,0.0707307709036893
21157,Left,0.46258156637312325
670,Left,0.26929672191278686
47978,Left,0.2741800682049066
59279,Stayed,0.8817410687516675
69550,Left,0.4943870670722637
36155,Left,0.26945684269843856
42176,Stayed,0.5085912884520468
57913,Stayed,0.5672533559691787
60495,Left,0.307048104544964
71291,Stayed,0.9604284558205882
21137,Stayed,0.8705104284214147
4129,Left,0.1208064084034016
47440,Stayed,0.82983086446492
10599,Left,0.2977547027945178
12641,Left,0.06948704237682196
18608,Left,0.495724124263415
7681,Stayed,0.8102357185733715
55663,Left,0.3421341067413888
34392,Left,0.28263874265440403
8722,Left,0.3831592396481506
23480,Left,0.23224449716993298
49206,Stayed,0.9791894416705941
31547,Left,0.22036789071670507
73810,Left,0.24470865150383952
10850,Left,0.31058057609870104
20671,Left,0.45431382152960137
19806,Left,0.37464262209701404
22266,Left,0.26111778251110146
56276,Stayed,0.6442866337419431
4163,Stayed,0.9465805383404609
48285,Left,0.3667189685891703
36039,Left,0.45662495816684723
55308,Left,0.23488999566664162
60938,Left,0.20408918633827858
55235,Left,0.27200366007280957
58427,Left,0.13736773295174864
67951,Left,0.3999783915062151
8953,Stayed,0.5284638551068215
56168,Left,0.20502112498716096
4813,Left,0.380674967412104
50476,Stayed,0.5673391105403489
57268,Stayed,0.8579467826954112
71028,Stayed,0.5528287584940945
37514,Stayed,0.7078697494662286
72700,Stayed,0.7689545468591832
61767,Left,0.17901790535626572
33285,Left,0.23518561252305992
49373,Left,0.27534709759869436
68712,Stayed,0.9031404012418405
36870,Stayed,0.5629975997627218
58127,Stayed,0.7027945732017937
10882,Stayed,0.7688811444423862
65542,Left,0.490587123382869
6693,Left,0.09073204416850733
64255,Stayed,0.9926678355486207
18636,Left,0.35243729425119846
30902,Stayed,0.9525968670428495
60323,Left,0.24742420925387923
63437,Stayed,0.8187712638832003
44902,Stayed,0.8325107761477959
24457,Left,0.14793477070961802
34936,Left,0.2448262423254348
65272,Stayed,0.8125410638209941
26467,Stayed,0.9624240430922122
39262,Left,0.46868501224626646
14859,Left,0.33127968138721614
43893,Stayed,0.9941743525788685
63455,Left,0.23433122380394722
25859,Stayed,0.7479566008912589
71403,Left,0.3700037226447052
10594,Left,0.24762011686521568
55086,Stayed,0.9409248838852572
70516,Stayed,0.7995050915418562
9135,Stayed,0.7932138742539283
5032,Stayed,0.9709738321438915
56365,Left,0.16559934720572025
56405,Left,0.40576332907655815
43984,Left,0.16037922883359787
74140,Left,0.4383019932754581
11129,Left,0.48680663076365266
37770,Left,0.4863356471665215
66609,Stayed,0.5748500719467255
53537,Stayed,0.7260373238799742
71924,Stayed,0.7120350423988381
10742,Left,0.20379230235821164
37300,Left,0.24021426332615098
58301,Left,0.20822847717333476
43531,Left,0.49293389414572025
10541,Stayed,0.6312876773417937
54977,Left,0.22493514916451926
10870,Left,0.19372927264455495
7877,Left,0.4839683247461159
19859,Left,0.08919798950577167
53013,Left,0.31350590556669666
69888,Left,0.06927633109661598
53733,Stayed,0.5153257001003547
23913,Stayed,0.6446844236231517
34789,Left,0.475572856383013
33704,Stayed,0.9900238681536504
33635,Left,0.46847976645161965
7728,Left,0.4869726541798336
54268,Left,0.3475442173054928
56406,Left,0.2535509126792154
36444,Left,0.2572992190667108
1450,Stayed,0.9089431642094096
10844,Left,0.34356264565795336
33610,Left,0.3720788423545363
1098,Stayed,0.8866685549148994
43273,Left,0.4482253615396722
2166,Stayed,0.759308382132354
31841,Left,0.27608070934765866
19314,Stayed,0.8841183374425673
49535,Stayed,0.9683591869702406
65647,Left,0.23739202817489818
35238,Stayed,0.8612357354682619
62327,Stayed,0.9442695908476564
27873,Stayed,0.6443185923623549
27243,Left,0.49708668780650717
31014,Left,0.4323417479944196
33484,Stayed,0.8682361872871582
73730,Left,0.23146393212853375
57075,Stayed,0.8701853993958688
18139,Stayed,0.7082968088751332
1793,Stayed,0.9394376201021647
59889,Stayed,0.9683379369150079
61093,Stayed,0.5482491441822517
57538,Left,0.3880685009082568
22872,Left,0.22399314111841326
8450,Stayed,0.7890542752642772
46606,Left,0.1309016353407121
33733,Left,0.2569358689286069
44427,Stayed,0.9066475805068439
9127,Stayed,0.7071683885453407
33918,Stayed,0.5421764329581024
18277,Stayed,0.9605824298542357
35021,Left,0.2091755237761768
52003,Stayed,0.9938744290336583
9736,Stayed,0.5593494807940634
73137,Stayed,0.537057205765305
52672,Stayed,0.9757565458895932
2645,Stayed,0.7119051510879414
51230,Stayed,0.7394690662908926
51064,Left,0.2584348851849953
41162,Stayed,0.907317616868807
52315,Left,0.28421355891187955
67523,Left,0.2214652626224449
25813,Stayed,0.6970255311524124
40579,Left,0.23093362211654775
40494,Stayed,0.8054638217124284
33105,Left,0.2579545796622091
52200,Stayed,0.7022963910516733
43735,Stayed,0.9378013637935592
41763,Left,0.4097913092442314
9277,Left,0.25205264833784635
53448,Stayed,0.9365985222036319
63121,Left,0.48236771752780017
21029,Stayed,0.7764753284912388
29775,Left,0.1038074500656554
51895,Left,0.4865635725201153
55995,Stayed,0.720446738716968
51221,Left,0.2692126954275946
68261,Stayed,0.9952124203822098
65837,Stayed,0.947372250797879
59877,Left,0.14214779736847105
66679,Left,0.11851219508793781
23367,Left,0.2934782541922975
37659,Left,0.40220104822112773
60324,Left,0.12546800884905862
32109,Stayed,0.7190331740636877
74038,Left,0.306124233426691
43913,Stayed,0.6920355998385899
26699,Stayed,0.967156964209614
71223,Stayed,0.836869573181603
55053,Stayed,0.7256506726712696
42466,Stayed,0.8008909597588667
66354,Left,0.4068865450937703
980,Stayed,0.9830940429522617
43110,Stayed,0.9909296631087205
53926,Left,0.3289614750342395
70058,Stayed,0.9703277628097614
66137,Left,0.10855978833241581
44854,Stayed,0.9912630185091921
33190,Stayed,0.5004379949367779
43585,Stayed,0.545395818037698
39672,Stayed,0.9153981832577922
13586,Stayed,0.8548840793911961
31184,Left,0.30507162250185194
15577,Left,0.2145873191061697
29756,Left,0.424242003659259
3637,Stayed,0.9938692278795215
40348,Stayed,0.751338592093112
39623,Stayed,0.8115006055582429
11969,Left,0.22931644004209042
27490,Stayed,0.820901422362384
47481,Stayed,0.6116254806248438
2308,Left,0.041043526165222007
60240,Left,0.44146873055802216
49695,Left,0.29821668264962375
52007,Left,0.32781703855309663
21491,Stayed,0.6985354240522001
58036,Stayed,0.5557393522474793
43424,Left,0.4030660716483621
65707,Left,0.12076226673329955
71203,Left,0.3014711679871293
28519,Stayed,0.5146286452056376
15960,Stayed,0.9521146956964873
50033,Stayed,0.5665582009796497
73601,Stayed,0.9882257414703226
63372,Stayed,0.7519439611916524
111,Left,0.2623728266617372
32371,Left,0.16971899247638192
72134,Stayed,0.9716226469857312
68452,Stayed,0.9691372032235035
4700,Left,0.19087727833344173
28862,Left,0.3963571563122448
12048,Stayed,0.5875486081169768
50198,Stayed,0.9235972071214601
51750,Stayed,0.6200387928067207
51407,Stayed,0.5594920115341603
41650,Stayed,0.6942676089205598
9083,Stayed,0.6340584371610841
7912,Left,0.28376540678568624
18514,Left,0.15908814095310256
25834,Stayed,0.597839630166934
31960,Left,0.49153431816198107
53406,Stayed,0.6094598444493617
70920,Stayed,0.5664795637434045
16339,Stayed,0.977547084813993
53444,Stayed,0.817763651752716
58377,Stayed,0.9852819722672743
68962,Left,0.36965029349010997
47503,Left,0.24669259913677394
22720,Left,0.24432254338820697
56672,Left,0.21492756441367697
12933,Left,0.32752129025155796
45702,Stayed,0.8306515336540777
53134,Left,0.18236531326511074
21550,Stayed,0.8161121923563321
46719,Stayed,0.7202445159676655
18995,Left,0.3150875745115833
11213,Stayed,0.9208448306950726
73609,Stayed,0.8960834464994945
64866,Left,0.45121776808699043
73576,Stayed,0.6508293349735962
40361,Stayed,0.6820932992020993
15046,Left,0.23436069269895993
26295,Left,0.43104627667840684
43608,Left,0.2501444917141627
19469,Left,0.2897148147949315
28868,Left,0.12505356535350165
16887,Stayed,0.7203275866857266
18304,Stayed,0.9663099077664649
54377,Left,0.2018149120277817
73285,Left,0.4574184546250056
16094,Left,0.20884957347564212
10180,Stayed,0.8381795200978068
54672,Left,0.11010826107971004
66693,Left,0.39138061190781587
16618,Left,0.4500737978683825
5013,Stayed,0.9609895752511455
55982,Stayed,0.6458902135416826
25230,Stayed,0.6318419396305209
51380,Left,0.28152124179950294
13677,Left,0.23907150218974887
57216,Stayed,0.9754149435842845
66930,Left,0.388451889795784
61615,Left,0.2533565157163196
65875,Left,0.3941876911649128
11839,Left,0.08141566538072634
14553,Left,0.13636462294996857
3394,Stayed,0.8697806648615629
11788,Stayed,0.5410322662755944
24324,Left,0.09574244801810358
7874,Left,0.3438656601578581
22527,Left,0.4563929768561533
35759,Stayed,0.9886324255131637
71323,Left,0.09741965375576733
1022,Stayed,0.6755772978740171
22849,Stayed,0.8327373200292032
9394,Stayed,0.6614523411320233
59592,Left,0.4625421069906756
69756,Stayed,0.9342954949978284
8241,Left,0.12202435744876897
56078,Left,0.32356808939859394
39997,Stayed,0.5363320787034357
64233,Left,0.30856981075792966
21821,Left,0.1786147877474257
7150,Left,0.4122934820394493
41513,Left,0.07794827763719293
58751,Left,0.39421499011761396
64689,Left,0.17951573354869332
68416,Left,0.25448219249148035
5325,Stayed,0.8085127073346127
38858,Stayed,0.7188520424118678
38154,Stayed,0.7452826317511586
42476,Left,0.06637675982747342
25998,Left,0.13975258043167477
26968,Left,0.1257462642449654
27036,Stayed,0.6844074880252472
44249,Stayed,0.9883242784301419
48538,Left,0.14776664697196834
26777,Left,0.2608984738614833
62497,Stayed,0.781445483402567
62368,Stayed,0.6205325111446914
58492,Stayed,0.5986443134577791
27380,Stayed,0.908345663792612
29445,Left,0.3297399634698924
29116,Stayed,0.6759877973863594
69516,Stayed,0.9740503217536909
8818,Left,0.4743941394851852
44617,Stayed,0.5356628954297067
33830,Stayed,0.9623653465693985
49078,Stayed,0.834970063243899
1672,Stayed,0.69101520092998
38435,Left,0.40505684230995603
23181,Left,0.3743264414329362
70372,Stayed,0.7602935721840249
58884,Stayed,0.830864732481881
37326,Stayed,0.7207690017619169
1381,Left,0.22781884679246733
58683,Left,0.35886906541240876
65015,Stayed,0.9515955885844085
43720,Left,0.3349223516707242
63904,Stayed,0.7252441007251083
28807,Left,0.30561567974013926
39097,Stayed,0.9161997811358747
60749,Left,0.09315342304827427
25625,Left,0.1931999049519053
40763,Left,0.19444520073371815
8189,Left,0.2238135803694915
21544,Left,0.07751850567683902
30051,Stayed,0.6630356195803058
69441,Left,0.2837665493431422
51677,Left,0.3527874285296422
11792,Stayed,0.7419548277471101
40342,Stayed,0.9049011113922713
17282,Left,0.11870414104343378
22648,Left,0.42632849276394474
30480,Stayed,0.568759529312749
33812,Stayed,0.6098285653604989
41498,Stayed,0.7470644782276544
11822,Stayed,0.9879027522000918
57696,Stayed,0.8984436864760429
68913,Left,0.22172544548332956
29316,Left,0.17771970506064858
60555,Stayed,0.9496414338520313
34731,Left,0.3524692683316616
62790,Left,0.27857480096725895
43345,Left,0.45169261357377133
27973,Stayed,0.9241431008773251
8914,Stayed,0.7241883745090201
48224,Stayed,0.9895260501919498
49629,Left,0.37239788019360626
35351,Left,0.39846901205963525
66715,Left,0.18238062831868665
2758,Left,0.10564974749951912
3758,Left,0.4977905397021799
49390,Stayed,0.8555608157049709
50772,Stayed,0.9657466399788911
57437,Stayed,0.9962693185268316
40167,Stayed,0.8552544833122211
27709,Left,0.10916677119310898
38327,Stayed,0.5112328357065028
45764,Stayed,0.9226095663308002
45585,Left,0.18073309334490464
63748,Left,0.25536757384255815
26460,Stayed,0.9419870463793006
19722,Stayed,0.9553547083662766
27185,Stayed,0.7712823448068092
48735,Stayed,0.5447574900094074
26557,Stayed,0.963151155175761
16854,Left,0.47980154605180747
51862,Stayed,0.6862558172719746
13906,Stayed,0.5185479860807194
5247,Stayed,0.9669457187845159
54555,Left,0.3811771259548027
43552,Left,0.26738880452050234
891,Left,0.29007218261887907
60330,Left,0.07328185031183125
49063,Left,0.06702928447325217
56865,Left,0.15336694597700345
43796,Left,0.3247741523307016
31628,Left,0.49535619903187494
3438,Left,0.14484323378028185
38694,Stayed,0.7377603159559597
72487,Stayed,0.6868680166117582
26250,Left,0.256251548397926
18366,Stayed,0.7524151291682355
26407,Stayed,0.8825255035885312
62336,Stayed,0.9718403694008465
40363,Stayed,0.9210411457918471
4230,Stayed,0.9433336423148775
60575,Stayed,0.9214673125277215
48619,Stayed,0.6056984383644007
17006,Stayed,0.9481315148583502
1633,Left,0.15596263473051933
220,Left,0.3636430649052519
30668,Left,0.1977666274024356
19804,Left,0.12462295957963701
21777,Stayed,0.7698566515612895
9919,Left,0.43899158383993453
11616,Left,0.25402372395147627
67870,Stayed,0.622142397190079
72358,Left,0.4434316375957234
19287,Left,0.25684963675213834
39757,Stayed,0.9717536252038432
64222,Stayed,0.6730366322139184
61204,Left,0.26911980669448454
40232,Left,0.33788912127852094
63837,Stayed,0.7384718597101184
27848,Stayed,0.9811857749994705
21715,Left,0.35719405324827547
6757,Stayed,0.8416049582299278
2649,Left,0.4814176865842954
31085,Left,0.3668985398068273
7953,Left,0.3928037053125253
20364,Stayed,0.9311786525743884
43634,Left,0.22884065838195142
23618,Left,0.1670581782843995
26323,Stayed,0.9118934954672162
58784,Stayed,0.8190407960293894
56246,Left,0.08032245204249219
8830,Stayed,0.6917610805050727
51904,Stayed,0.5027133934130062
37512,Stayed,0.9745554132088985
60337,Stayed,0.5842195490253811
14821,Left,0.2557590195390351
14654,Left,0.3480577891470461
57519,Left,0.25843686922791353
44931,Stayed,0.8961270158911762
57404,Left,0.15061644828734455
8054,Stayed,0.9070807840196825
21190,Left,0.3933272427188746
34369,Left,0.2752153348738074
26868,Left,0.3093375182290283
62619,Stayed,0.5702164448245649
23126,Left,0.41023158660060854
1277,Stayed,0.7775843434332708
3314,Left,0.26160547169499626
66801,Stayed,0.9766190864223037
41495,Left,0.29922245610290565
40399,Stayed,0.5949423345299322
55435,Left,0.10982832346831564
70847,Stayed,0.6258410016167383
252,Left,0.4337954786875448
1735,Left,0.34808675376282733
40188,Left,0.3932747643179991
66496,Left,0.2879528144499889
71488,Left,0.356893923872247
60680,Left,0.3681832091776688
24802,Stayed,0.7215742057198556
12623,Left,0.319518556963845
60132,Stayed,0.9735896387103266
12994,Stayed,0.7452483112408624
69320,Stayed,0.9556476679890714
709,Stayed,0.9681133137117899
36561,Left,0.18005642491781126
47874,Stayed,0.5958265403216667
23251,Stayed,0.7778509663859963
145,Left,0.4115717392173265
4473,Stayed,0.7064921636471969
40684,Stayed,0.6874055116241103
9725,Left,0.3151226595217095
25068,Left,0.13636956436637068
2418,Left,0.39098438315437384
67899,Stayed,0.8820883584385
36558,Left,0.1772274098853511
57765,Stayed,0.5400117564193326
66719,Left,0.18589765965866353
61978,Left,0.3155435746782355
54045,Left,0.24589786177870218
29805,Stayed,0.5569114301492484
3639,Left,0.40936562782574326
30926,Left,0.4050209265521299
26859,Left,0.2767283845624626
62217,Stayed,0.7034159644933613
3875,Left,0.30211420178466825
35570,Left,0.19314866781398532
64011,Stayed,0.9284830288228905
50906,Stayed,0.9241221328486033
5549,Left,0.3531028402364042
17589,Left,0.4142972961810663
54455,Stayed,0.8337941309873038
60127,Left,0.27629139878751635
30775,Left,0.1101644129784272
15979,Stayed,0.9158287957330022
25874,Stayed,0.9181500164605746
33048,Left,0.0746151284614418
26352,Stayed,0.9761575019434655
36950,Stayed,0.9306065797465013
3868,Stayed,0.8963374745780827
70762,Left,0.19950481980739945
5936,Left,0.42132238882923245
54666,Stayed,0.7285587855402333
62160,Left,0.05588128809696631
7973,Left,0.32636787723587984
30529,Left,0.12886264668036151
23437,Left,0.20403143275265354
50516,Left,0.4214369965952072
66909,Stayed,0.9816689595228356
73872,Stayed,0.6598131110759371
55519,Left,0.46914399762961256
18520,Left,0.19178978203054708
23616,Stayed,0.823249196657693
50041,Left,0.20507765929854715
32840,Left,0.41745337390890264
13127,Stayed,0.6873722722070674
59397,Left,0.28635223518026315
37836,Left,0.31571114862688054
34982,Stayed,0.8542575420648999
915,Left,0.19835105911222456
70406,Stayed,0.6659590820016803
17968,Stayed,0.5439202589343063
7065,Left,0.4611565709732354
17542,Stayed,0.5857535175020235
16663,Stayed,0.8894533222747807
19574,Left,0.19713340145593183
16781,Stayed,0.7917981025336339
2103,Stayed,0.9797650138485975
38833,Left,0.48506219212400714
71698,Left,0.2385300053777876
60257,Left,0.45596508679410047
73967,Left,0.21636393809164728
1073,Left,0.13099262608670242
71576,Stayed,0.9106833623981223
21974,Left,0.14095930654142486
3396,Stayed,0.834452384373911
33591,Stayed,0.9952506999231374
36645,Stayed,0.6365651095410393
36415,Left,0.3522465044994641
56937,Stayed,0.9753484502402888
19402,Left,0.07396873932423359
49141,Stayed,0.8141886898013339
15011,Left,0.2004173201796208
54169,Left,0.3556205478692908
57003,Left,0.23641350831589525
30548,Left,0.267396103310374
46952,Left,0.3341372699439586
28374,Stayed,0.8910354042933765
72932,Stayed,0.9253438652528133
4504,Stayed,0.9160212358776804
69096,Stayed,0.7930645032566306
1901,Left,0.2872951195872161
68821,Left,0.22321823226663512
5541,Left,0.41017659846005167
10736,Stayed,0.837862801661756
675,Stayed,0.8469192442508133
26423,Stayed,0.9477873849684001
15128,Stayed,0.9674901769156458
31004,Left,0.30460495727065245
28704,Left,0.17423387899792947
41562,Left,0.2447824821537214
22457,Stayed,0.86233619363203
70540,Left,0.36999923100827914
2291,Stayed,0.9637089722198642
41345,Stayed,0.5568407131625513
1917,Left,0.25683434408642936
55675,Left,0.23689447581298484
18533,Stayed,0.7223400519366182
56929,Stayed,0.9902622022121047
43306,Stayed,0.9170226897132112
53736,Left,0.3839842693644329
45061,Left,0.2638162106875969
49096,Stayed,0.90775892696669
3636,Left,0.2332718722061906
8534,Stayed,0.6064093739938103
20553,Left,0.43214454764016247
22917,Left,0.11111593453581288
54492,Stayed,0.9522563610308571
54827,Stayed,0.9868092714777863
73252,Stayed,0.8714820624858755
37096,Left,0.16618199320617658
69290,Left,0.3481415659824195
61297,Left,0.48171728603132624
48474,Left,0.32467744371552393
60040,Left,0.2920068321694826
3223,Stayed,0.7068373793919935
56529,Left,0.4869415735403679
72839,Stayed,0.5778516778145363
70576,Stayed,0.963333675311316
21999,Stayed,0.8583506545069449
63486,Left,0.1844169571792116
33982,Stayed,0.8292515325700366
74237,Stayed,0.9421602085540051
3012,Stayed,0.8967688604856797
26950,Stayed,0.8693511269833201
70905,Stayed,0.8729399719303609
8342,Left,0.07281884126230348
67738,Stayed,0.7497009255653213
44967,Stayed,0.899484055095201
21397,Stayed,0.9781227759218643
28642,Stayed,0.5312921614955581
4895,Left,0.144987907994022
62104,Left,0.21397320613072668
43642,Stayed,0.8646273649779238
23896,Left,0.34597757130656004
10122,Stayed,0.7045183116100373
36829,Stayed,0.9613871001612626
51062,Left,0.39687987975458455
3143,Stayed,0.9845485816577823
18013,Left,0.4235626941100007
41295,Stayed,0.6137631730684596
22897,Left,0.2975124474330603
32394,Left,0.46565312023976796
29280,Left,0.33167560610685953
38819,Left,0.2930532386636498
5677,Left,0.2835724453100118
11855,Left,0.17403370101753515
55839,Left,0.312515480242913
24342,Stayed,0.9802755872842449
20236,Left,0.10442945600657348
24594,Stayed,0.9766276993489857
61891,Left,0.257967890420684
65315,Left,0.25781813582178015
54004,Left,0.3331520535115151
14758,Stayed,0.9041885047695608
41665,Stayed,0.7767838005464497
49494,Left,0.34303202861168525
29848,Left,0.14271314027601328
72075,Stayed,0.9126128743538735
41045,Left,0.3317111959879386
55959,Left,0.4380742301781909
52579,Left,0.10381439437091465
73528,Stayed,0.7169723492977179
73488,Left,0.36735301795468794
72116,Stayed,0.536255063821345
19617,Left,0.15112580836332373
28946,Left,0.2917868602833902
20508,Left,0.13610459200200262
7174,Left,0.20319370339705783
14528,Left,0.45374095851799434
28383,Left,0.0686185656271605
64497,Left,0.2940472237138162
37728,Left,0.2667466184843969
55501,Left,0.2496548214582142
45081,Stayed,0.7077373350101853
59638,Stayed,0.6963858620167037
35204,Left,0.060155457718687244
44503,Stayed,0.9613418360932217
9054,Stayed,0.9541948723769393
9060,Stayed,0.9778176643411113
67182,Left,0.4006338343200606
6466,Stayed,0.7153714810307125
12787,Stayed,0.9019607551136453
26848,Left,0.23529315753917968
6914,Stayed,0.8586259931365532
69877,Stayed,0.8064467318845265
51020,Stayed,0.9323060605632936
42100,Left,0.21170123382940573
34954,Left,0.3229793050689533
37275,Left,0.16365444389152412
52151,Stayed,0.5761978223517034
9031,Left,0.33070348334229044
7824,Left,0.25985860952892176
60225,Left,0.11293969889362371
14442,Left,0.17415872955335818
29232,Left,0.13631167443005202
30077,Stayed,0.7739444782565751
41567,Left,0.47985812363077657
44480,Stayed,0.9977315435435441
20981,Left,0.21156576001677707
13928,Stayed,0.8423223768709547
69758,Left,0.278657961956271
30701,Stayed,0.6177908642750076
32087,Left,0.22142836316313577
55423,Left,0.2243218204064732
70884,Left,0.3126003125814693
4801,Stayed,0.686530117267051
55576,Stayed,0.8974401256124189
48856,Stayed,0.9745752776074711
19973,Left,0.3416569901077703
60504,Left,0.38995969878803494
31205,Left,0.18852998596376258
36607,Left,0.20299777866665344
20208,Left,0.11997862233278868
48237,Left,0.28827466885832514
35971,Stayed,0.5779004649298726
61278,Stayed,0.9411397598306938
28800,Stayed,0.8068963071833369
17238,Stayed,0.8246308778102794
64989,Left,0.3581093214067353
11201,Left,0.08505294895173181
11125,Stayed,0.5437772729930478
64588,Stayed,0.9455438083590875
10418,Left,0.23804840666782945
26788,Stayed,0.9546691403288212
26243,Left,0.2933741067839459
42457,Left,0.4907369581217423
33534,Stayed,0.8526205511884744
30154,Left,0.20584933252561355
41332,Left,0.13131917356361128
20504,Left,0.28822366822111517
72920,Left,0.3283640401912382
47492,Stayed,0.9767610374786939
23013,Left,0.40479432733583787
43986,Stayed,0.8521583964169163
52378,Left,0.2461958558363095
31726,Left,0.15798771366769154
61855,Left,0.49618694258631313
70912,Left,0.14648693574007132
54785,Left,0.1813125899577297
14312,Left,0.3804450718433899
6482,Left,0.49451931485279144
42761,Left,0.13297946583209658
60830,Stayed,0.8021408723321601
31986,Left,0.2235200024673065
61124,Left,0.3579232218932672
25221,Left,0.2873472310574874
66850,Left,0.4030100661674537
6706,Left,0.1936041757847163
15248,Left,0.2190193392241066
51383,Stayed,0.8130897484259034
24302,Left,0.32182482131176876
72407,Left,0.40156152153569885
28436,Stayed,0.924455330526716
61490,Stayed,0.9322788971798011
24555,Left,0.2424671984041709
36926,Stayed,0.9507049824392756
61991,Left,0.39087339619894657
72556,Stayed,0.6146034800516444
1932,Stayed,0.9650468325930918
64764,Stayed,0.7276152370668906
59918,Stayed,0.5682854894720153
5580,Left,0.43000692365490356
27025,Stayed,0.5375752063170885
36256,Left,0.13420360201020623
22953,Stayed,0.982561790279233
16790,Left,0.30176982647820144
65332,Stayed,0.9785240288647231
22086,Stayed,0.8976779882318952
37701,Stayed,0.9627741444372057
62653,Stayed,0.9018430364121062
41627,Left,0.3289598852056988
28363,Left,0.2691259592004651
37914,Stayed,0.7471223716468919
27903,Stayed,0.8675791174733128
44273,Stayed,0.9332424032319772
65402,Stayed,0.8219547507580854
67442,Left,0.09540811677679141
48347,Left,0.1973193581120559
99,Left,0.16648853997105126
51226,Left,0.4610553835073587
15400,Stayed,0.9689632804811457
11260,Left,0.30017258886612797
66050,Stayed,0.978932223665523
20231,Stayed,0.7938328877071703
2917,Stayed,0.64159934736525
1785,Left,0.4496838984344497
73387,Left,0.12757976446936697
25901,Left,0.12329988270704258
5059,Left,0.2494233456743415
6737,Stayed,0.9645250436022413
45933,Left,0.18449263620437276
70580,Stayed,0.7721953510962447
38847,Left,0.1437619504759978
46450,Left,0.06241997154389688
63895,Left,0.3368530977156058
42082,Stayed,0.9312826671168831
23531,Left,0.19879912557035398
63078,Stayed,0.8794209049130683
14366,Left,0.3076245936877201
48363,Stayed,0.976047421716866
32678,Stayed,0.9057670880629017
54234,Left,0.18850863196743475
49016,Left,0.19747207972307962
47282,Left,0.3080299244241326
39853,Left,0.1012350207625043
35952,Stayed,0.8443515386475916
19014,Left,0.36446071465318847
18111,Left,0.2771829427986503
5006,Stayed,0.5611730664253227
8019,Left,0.39986107921128194
9773,Stayed,0.5672235811990735
74271,Stayed,0.597456077944589
56861,Stayed,0.9813688913443965
4599,Left,0.4826691809680672
55868,Left,0.07314807725699739
32293,Left,0.3072846767653962
25694,Left,0.18092716549508242
32745,Stayed,0.6081389426650726
48415,Stayed,0.902376500696422
64099,Left,0.16665095470436914
5115,Left,0.30871448937174745
15236,Left,0.16003122369672637
26088,Stayed,0.8743780251804205
73075,Stayed,0.7212677955044229
34907,Left,0.26294878470030636
54102,Left,0.21416191462212986
18025,Left,0.41850927750464817
27089,Left,0.1024864366016533
22990,Stayed,0.6170934702495651
22446,Left,0.4819559964968626
42977,Left,0.3572511434011896
57675,Left,0.3769825318429104
59758,Stayed,0.771862308305116
1335,Left,0.43292993989297296
25810,Stayed,0.8474926500147915
40968,Left,0.11042577928931431
30984,Left,0.2892799412592855
14010,Stayed,0.8587269598570039
55807,Stayed,0.6334531087937441
6380,Stayed,0.5566931107136394
35462,Stayed,0.9635239284316184
73624,Stayed,0.8102063559280832
15726,Stayed,0.777220437779551
57629,Stayed,0.9994694419088271
31422,Stayed,0.6816203014239147
12294,Stayed,0.9342644275252541
33351,Stayed,0.8436427451560122
52589,Stayed,0.8063552916416771
46520,Left,0.2948278904271728
30245,Left,0.33043657847565117
18578,Stayed,0.645789982937251
69525,Left,0.40017294379216395
64624,Stayed,0.7652738398692418
30058,Left,0.4408092089930087
15218,Stayed,0.697437834020591
23966,Stayed,0.9135895001503894
38909,Left,0.2445560776566043
60244,Left,0.4923141429233057
4516,Stayed,0.7460754260365438
72039,Left,0.127476798324217
22918,Left,0.4785980863051432
61564,Left,0.24946190177924554
30460,Left,0.4699713770602753
3404,Stayed,0.9721534172824308
6593,Stayed,0.7246441382935268
57356,Stayed,0.9565532210805445
57213,Left,0.21404814571310565
9170,Stayed,0.9699894418825689
17847,Stayed,0.9513069303847306
26319,Stayed,0.7857860302757299
46115,Left,0.13685905899164585
71470,Stayed,0.5215304597470006
30477,Stayed,0.9308071793463685
54900,Stayed,0.623615408073787
28347,Left,0.20262106192599344
27976,Left,0.15795539408959178
13309,Left,0.1771825959830709
62315,Left,0.14870836089036707
52903,Stayed,0.7162159561035217
44584,Stayed,0.9725350485042424
62142,Left,0.12184618578823433
73086,Stayed,0.6962924774353682
50847,Stayed,0.5009159710019149
43760,Stayed,0.9349567240207226
45514,Stayed,0.6288791419448652
57190,Left,0.3777024919493218
57960,Left,0.4344306405795734
13549,Left,0.2749690878944701
5232,Stayed,0.535795090422152
690,Stayed,0.8841975000421868
24327,Stayed,0.6069501963871781
60180,Left,0.16055530559744205
49567,Left,0.18515138920891736
68439,Stayed,0.890690640776249
66738,Left,0.4111643593731581
30235,Stayed,0.8074781558623
43524,Left,0.11226424168535123
56165,Left,0.377146811760637
59134,Left,0.1651385486466074
53810,Stayed,0.7134244902064004
12108,Stayed,0.5632880506246276
14278,Left,0.14201766682274355
28745,Left,0.38393273615903745
73331,Left,0.20508998513382617
7061,Stayed,0.9594973522649373
54405,Stayed,0.9567148517363551
6399,Stayed,0.6803760348049611
15823,Stayed,0.9027841679811078
26104,Stayed,0.7418643288105438
4544,Left,0.3123196898518594
48117,Stayed,0.8911135118752767
10167,Stayed,0.9765651422277107
31229,Stayed,0.9652029492649585
47570,Left,0.31158011598875196
27298,Stayed,0.6814261355625554
48484,Stayed,0.6632659231142778
70471,Left,0.1681867481304078
62269,Left,0.4557237303802297
35602,Stayed,0.8033079152681174
1040,Left,0.3460480534997659
14002,Left,0.2958077905230122
71396,Left,0.300250559066139
44916,Stayed,0.802047578433542
13512,Left,0.31349572382173074
23301,Left,0.423607606409361
53779,Left,0.13966347598423692
48860,Left,0.32184238245174845
20878,Stayed,0.9337205444044164
74400,Left,0.35554338668811897
70026,Stayed,0.9602969164837392
74424,Stayed,0.973052114184058
46084,Stayed,0.5568522801280182
5804,Left,0.35338818812470146
54818,Left,0.2363550616915144
3863,Stayed,0.9730850251971823
67347,Left,0.42808026733430976
26911,Left,0.27955475789577716
71639,Stayed,0.9206337422390674
67704,Stayed,0.518587787307473
74220,Stayed,0.9841747644787793
59088,Left,0.29887909436340115
5361,Left,0.49468843956513964
57137,Stayed,0.5744131992953517
54536,Stayed,0.9425467024464035
31879,Left,0.25297306941903375
61625,Stayed,0.9401982053236922
28359,Stayed,0.732890668466642
20629,Left,0.10353839674517212
39217,Left,0.27299691285822697
21407,Left,0.17954758215963432
27710,Stayed,0.9534977121811753
23142,Stayed,0.9434250329828858
25691,Stayed,0.9952553474442601
27583,Stayed,0.8016893824762477
14075,Stayed,0.9680906410332409
50843,Stayed,0.8961647209317627
2181,Stayed,0.9935270363947705
19603,Stayed,0.8631934161019078
872,Stayed,0.6781423409844646
49239,Left,0.43148883093255813
27596,Stayed,0.8031660870606783
71562,Left,0.380329134431091
13437,Stayed,0.5350190375762306
51644,Stayed,0.9718698780752034
52035,Stayed,0.5693081429314811
12792,Left,0.1304653435693716
59970,Left,0.3015578288363673
43864,Stayed,0.9132538431918784
47421,Stayed,0.9789076582229089
53611,Stayed,0.9179388622973543
73327,Stayed,0.8924370095727466
62129,Left,0.1823785229044851
28575,Left,0.2197512538269616
30549,Stayed,0.706474047643264
65956,Stayed,0.9626787492805168
54736,Left,0.33018475110932116
613,Stayed,0.9593811572803028
47967,Left,0.20595522027855723
47352,Left,0.1696276043430198
47770,Stayed,0.9754672020408816
11714,Left,0.46711561926057327
38610,Left,0.16307533361489188
65475,Left,0.25802702978511305
4870,Stayed,0.7761853329125217
71506,Left,0.1808649431192901
46185,Left,0.2695367967210395
9267,Stayed,0.5883220752421604
6527,Left,0.2337489795080461
35478,Left,0.3595831855812246
58291,Stayed,0.8575967666301345
26346,Left,0.10004260941392731
57271,Left,0.29853378070331954
3209,Stayed,0.512030873441183
71993,Stayed,0.6079019470240891
66712,Left,0.4405328298610807
67744,Left,0.39837646465411525
7653,Stayed,0.9449626093791591
32171,Left,0.3602896667562896
35915,Stayed,0.7103846088092854
27860,Stayed,0.6864658867410156
33220,Stayed,0.9856896934304865
35784,Stayed,0.8034138218858966
1183,Left,0.4875137773914073
18503,Stayed,0.5090473015572942
33916,Left,0.17041474547444493
35449,Left,0.4051056559286901
35035,Stayed,0.9045387784705436
1762,Stayed,0.9796220219737395
33409,Left,0.39442956726813705
70670,Left,0.37438765262688567
43490,Left,0.2451771036217374
32862,Left,0.38825456622454496
32660,Stayed,0.791355726554806
43551,Stayed,0.6328134216318371
17597,Stayed,0.9806091831710536
25140,Stayed,0.7287719913635973
28432,Left,0.3849617912807376
1818,Left,0.24712366496517957
52411,Stayed,0.8384207053533203
46969,Left,0.13442272817086218
72206,Left,0.3133168672555266
45509,Left,0.44145454068178336
7607,Left,0.0860755612001336
54475,Left,0.2311385838652569
19173,Left,0.23247832391047663
33839,Stayed,0.8056271761689264
59975,Stayed,0.6033807899498425
57702,Stayed,0.8972161529884152
22474,Left,0.17708989683154597
32082,Stayed,0.944963571352927
12914,Stayed,0.5192953333636494
20102,Stayed,0.8163891773847743
24866,Stayed,0.591730917545897
62657,Stayed,0.6262424046121032
21241,Left,0.3358876816532758
36355,Left,0.310751669628876
72211,Stayed,0.811932323024075
10802,Left,0.04542965850222868
68703,Stayed,0.6150236733918795
56858,Stayed,0.8464933636841991
64392,Left,0.3863193788534209
71942,Left,0.24132302742069545
40791,Left,0.43867129789921605
40378,Stayed,0.9048027021088073
51571,Left,0.13886941372620537
34773,Stayed,0.9792102104756936
47827,Stayed,0.8893105046324993
41527,Stayed,0.5736938389181611
2719,Stayed,0.8564131139024103
66387,Stayed,0.7716570601337229
23296,Left,0.3037185766018555
33394,Left,0.3931967121875995
28702,Left,0.4806719752812364
897,Stayed,0.5065636859961061
70331,Left,0.22416412172067818
20437,Stayed,0.5531745801611272
35962,Stayed,0.9911788410595936
69276,Left,0.07225571870820928
58616,Stayed,0.9842456736476736
66601,Left,0.061601349267871405
63873,Stayed,0.5162018880912157
36372,Left,0.44470201523905695
56825,Stayed,0.5391769447190998
64852,Left,0.1936008095295483
6002,Stayed,0.9413246531441353
48830,Left,0.22304105815955613
44546,Stayed,0.5601560486569952
50374,Stayed,0.9760774854365682
64724,Left,0.4375196514704008
5326,Stayed,0.9360557649782596
53663,Left,0.4730499621908798
23523,Stayed,0.7480432053489432
482,Left,0.16585631657194908
29705,Stayed,0.9621173920514263
19056,Stayed,0.8089001595176328
51392,Left,0.25757919867260526
69218,Left,0.49262829920725737
71544,Stayed,0.5364324490589399
17251,Stayed,0.5352517586186795
32427,Left,0.1303945070166078
17077,Left,0.11501822182427932
12036,Left,0.07569720860688431
64163,Left,0.36176466608579355
42246,Left,0.2825194358470913
7487,Stayed,0.9841071719836351
16051,Stayed,0.6343043480371331
53276,Left,0.28951510431394745
55202,Stayed,0.9358276486275555
8307,Stayed,0.5814844812269462
3873,Left,0.48053348703955806
15683,Stayed,0.7766437605255662
47788,Stayed,0.6109316691738367
21333,Left,0.46612161479712605
223,Left,0.07761866538917216
72269,Stayed,0.6960284757653734
46094,Left,0.1973013489977812
57405,Left,0.2589616303305805
24849,Left,0.20710753273713056
36212,Left,0.1508856979602062
7520,Stayed,0.9899653036756433
5602,Stayed,0.9074629099651609
12335,Left,0.12798399507122507
43480,Left,0.4365571573503894
20155,Stayed,0.8952403169589559
49882,Left,0.4684154080551947
32476,Stayed,0.8703957543692229
28857,Left,0.33587601905958925
51913,Left,0.33151269774004016
40217,Left,0.2302627628094303
45893,Left,0.47948677215006325
4329,Left,0.4860050153607478
1679,Left,0.1688692474766147
46250,Stayed,0.5395414997226761
35927,Left,0.3987455599634575
12190,Left,0.20421972742684477
66342,Stayed,0.9956388722833429
33630,Left,0.4007580919969794
63245,Left,0.2015455024221881
41001,Left,0.06791496013275024
14705,Left,0.18925617817372065
20073,Left,0.43703537411284077
44963,Left,0.26066681850213086
33490,Left,0.11249247045903887
73468,Stayed,0.6030858669893316
67906,Left,0.29652588595437696
55291,Left,0.14567966258931253
53076,Left,0.14608512145335759
39800,Stayed,0.6198856757441031
5860,Stayed,0.7971835217102821
61702,Stayed,0.6813569462370518
6076,Left,0.231942647014156
54103,Left,0.05472958445214359
47947,Stayed,0.9650861899372624
50150,Left,0.49596594423326523
53574,Stayed,0.8544777687599636
44252,Left,0.06902765324717185
20575,Left,0.4393916432183845
67877,Stayed,0.9404552331634195
60085,Left,0.23501055407838048
3778,Left,0.20670080803862395
44890,Stayed,0.9882630382845823
1222,Left,0.329800832807532
69111,Stayed,0.8959247289993739
12422,Left,0.3171540687027294
41988,Stayed,0.9762993234779426
71353,Stayed,0.9208991094217642
21593,Left,0.24647342158478389
61489,Left,0.17424847687738707
43175,Stayed,0.6747073184819183
33813,Left,0.2505587909607625
27343,Stayed,0.8863686084291782
54348,Left,0.14349511337250642
57228,Left,0.158119442679863
6876,Left,0.34654286021632247
31334,Left,0.3591326728565484
16157,Left,0.3896340204877639
28584,Stayed,0.7315564415463902
25637,Stayed,0.8155834403075456
52795,Stayed,0.9068286589648326
28034,Left,0.40058048729009915
62601,Stayed,0.750576081569051
61641,Stayed,0.6599898771542902
51778,Left,0.04880533975734993
4249,Left,0.17118649672745095
34460,Stayed,0.851461848680097
23880,Left,0.23900044731047274
7846,Left,0.17718288671360335
55924,Stayed,0.752837199245206
63394,Stayed,0.7120624537523068
29920,Left,0.3387671758501875
46378,Stayed,0.929905565542992
39003,Left,0.09324513073254961
65358,Left,0.46971313969324985
16731,Stayed,0.9740621482558807
6233,Left,0.2145902820664902
18505,Left,0.2072483850572806
33789,Stayed,0.8085546055948245
35677,Left,0.4717645174497284
44115,Stayed,0.9456693489594494
7719,Stayed,0.8403501455930721
544,Left,0.23454532394197627
50341,Stayed,0.9957116067966455
7970,Stayed,0.9305252855265783
65922,Left,0.23896618266913094
60107,Left,0.17642064471805458
809,Stayed,0.6294753216004809
15727,Left,0.39978595513396187
42073,Left,0.27983462968336165
38367,Left,0.2945022793240191
5538,Left,0.14266199383873787
64804,Left,0.39725831928911204
56360,Left,0.3376597296768224
35881,Stayed,0.518952146473299
63635,Left,0.35653333316340574
16040,Left,0.25817150787981785
44673,Left,0.20530281314187213
51492,Left,0.27405949671379654
35834,Stayed,0.7385206552266698
65674,Stayed,0.8456203562390232
4250,Stayed,0.7817803244903342
7341,Left,0.32954391384388243
2619,Stayed,0.5515487066955931
8627,Left,0.28972898819285126
64890,Left,0.3919552012474469
65363,Stayed,0.5508464175773091
10241,Stayed,0.9853426822813922
17057,Left,0.3310016070290053
9662,Stayed,0.9693880007028836
1466,Left,0.3789196193443265
7666,Left,0.20240600435296957
37643,Left,0.14979413460567823
38129,Stayed,0.9581509246841828
45485,Left,0.436211364991641
58665,Stayed,0.6176100830340493
3236,Stayed,0.6971839808902802
58315,Stayed,0.983804290052772
3368,Left,0.3930858109967983
54904,Left,0.26079553026371627
53249,Stayed,0.8333682825062768
21906,Left,0.2635371595801207
71895,Stayed,0.8277566722301667
31936,Left,0.2022923916698994
29770,Stayed,0.9528797764526168
19017,Stayed,0.9929095265885086
45093,Left,0.19770407748627708
52337,Left,0.23192415596845642
162,Left,0.47604880875397476
59294,Left,0.16799650721336024
12803,Left,0.2744362304876989
57941,Stayed,0.6373461808464118
54754,Stayed,0.855689638771492
71128,Stayed,0.836343974431489
5474,Left,0.23623946664909182
30726,Stayed,0.9521079383259393
5135,Left,0.31665410778202635
57178,Stayed,0.5824394354810656
37021,Left,0.3073606623480438
31919,Left,0.26344174587663455
43293,Left,0.28748717114394234
9102,Stayed,0.8873011314687895
66287,Left,0.28513659321989315
68190,Stayed,0.9898834097839833
25797,Stayed,0.7276462470490539
23929,Stayed,0.8470182501256011
53204,Stayed,0.8956286706874481
59925,Left,0.25558546764132706
48825,Stayed,0.9593533106400421
35156,Left,0.495227381254359
58897,Stayed,0.6601319256734118
60298,Stayed,0.5777294566630409
63338,Stayed,0.9154649804152413
70601,Left,0.13575039861381702
44336,Left,0.330695279322223
52324,Left,0.24001305685004837
26923,Left,0.22547784409986704
14819,Left,0.481109852063841
30705,Stayed,0.9904156837945208
4999,Left,0.4966428700185534
25530,Left,0.23002739210772097
33196,Left,0.4033136398646409
49671,Left,0.2659141222164365
50914,Left,0.2106513249298911
33214,Left,0.29666726280025674
48820,Stayed,0.9813712746710915
12332,Left,0.21315278878922655
73146,Left,0.16144302356952514
14422,Left,0.14529492954880258
41687,Stayed,0.9896134236254965
13959,Left,0.14498234449019126
36549,Stayed,0.9087864480565716
61707,Left,0.43065926233737944
45071,Left,0.06640835935923203
12396,Stayed,0.9166512539447188
26006,Left,0.2851631079754773
22129,Left,0.14772107316920863
5767,Stayed,0.8665150569557015
25726,Stayed,0.952315085144032
7500,Stayed,0.9340328647583076
40011,Stayed,0.9777822925262838
46227,Stayed,0.5026123402279467
1464,Left,0.12324342728719669
69755,Left,0.46373593122625295
31236,Stayed,0.923976467186779
12636,Stayed,0.7172397117012865
52349,Left,0.16646290931115246
48274,Stayed,0.5590556037051696
20309,Left,0.12432874445647195
69913,Stayed,0.581417411464165
24240,Left,0.09593446271197602
48620,Stayed,0.9594820631036933
46321,Stayed,0.6495824044216744
48760,Left,0.2632035054939201
13401,Left,0.47533687752086806
48220,Stayed,0.9163115108266875
15928,Left,0.17143955813661113
6342,Left,0.3671385985337333
68936,Left,0.22359276147047683
25537,Left,0.37124749683238906
2009,Left,0.3446538411748539
5301,Left,0.12049038402725464
50454,Stayed,0.6412416047843381
8379,Stayed,0.5305937474729092
41933,Stayed,0.9576143436533595
62359,Left,0.18035874392319903
50205,Stayed,0.6157669065861282
11077,Left,0.46986446640764173
52413,Left,0.09581307671365284
41441,Left,0.45552930068095704
69322,Stayed,0.8333516084058483
58538,Left,0.19896517454334414
73870,Stayed,0.9280697556231425
48149,Left,0.3067066074687596
67887,Stayed,0.9128309034683241
25087,Left,0.1402841613425307
30265,Left,0.4138853747066098
58729,Left,0.26542205536367813
28506,Left,0.15045354576458136
37089,Stayed,0.8069944735684597
53984,Stayed,0.9892030807729489
15171,Stayed,0.6985631603738316
16542,Stayed,0.6518827716712278
48454,Left,0.09409633447827075
35126,Stayed,0.694948184478066
21042,Left,0.05560221895898707
16687,Stayed,0.5548755136342124
5454,Stayed,0.9686991545658052
46712,Stayed,0.7086558564017346
20301,Stayed,0.6950289708614041
63467,Left,0.2902555938634319
12548,Left,0.4210899460986061
66543,Stayed,0.7050522190747861
38826,Stayed,0.5758973460932033
63899,Left,0.14387592189051998
23840,Left,0.3187931704717576
43450,Stayed,0.9291520127264074
33792,Stayed,0.8142490283852495
73037,Stayed,0.9306179329384537
41449,Left,0.4826750075390959
67578,Stayed,0.9105993413490334
64067,Stayed,0.8583690510531902
17891,Stayed,0.6283513341302173
38972,Left,0.3163801050717007
4816,Stayed,0.9144919768639542
70837,Left,0.350801217932456
7843,Stayed,0.9363451179603604
52555,Left,0.3351578633328204
33699,Stayed,0.5115834699424622
57274,Left,0.27596057564308396
74464,Stayed,0.7261533759609724
25671,Stayed,0.927694338769958
22689,Left,0.07257284520188849
56217,Left,0.21796597211020166
6195,Stayed,0.957532694916865
69409,Stayed,0.6660702203567181
55913,Stayed,0.8166238785593999
11127,Left,0.35085818879370134
61495,Left,0.21749436899618124
31044,Left,0.19832150587069666
13317,Left,0.2677448111855865
39489,Stayed,0.7461526481484899
4990,Left,0.3892643138595038
68292,Stayed,0.7118814243501695
35205,Left,0.47737184814294725
8493,Stayed,0.6675685345010246
34673,Stayed,0.7432019998802721
10394,Left,0.1329858048186849
57127,Left,0.21612162687606568
54143,Left,0.3048858446230322
46399,Stayed,0.5703761546827171
28125,Left,0.2132217408055547
35601,Left,0.19559433299274584
71893,Left,0.1743518406936667
70419,Left,0.15069368853520096
73638,Left,0.41558817209508114
10814,Stayed,0.7017067738815056
66937,Left,0.4034418665792715
44819,Left,0.052401366016321366
56499,Stayed,0.9344507000228771
30552,Left,0.2646640766514806
40508,Left,0.21741877788897582
73353,Stayed,0.8622950615355413
50829,Stayed,0.900463216939132
66954,Left,0.06426992689169873
33835,Left,0.1800511028226517
16118,Left,0.3569339072120504
52253,Stayed,0.7798544342056982
14019,Stayed,0.7031688756729831
51916,Stayed,0.9018723275224287
14555,Stayed,0.7713859449784881
25733,Stayed,0.5646155075834525
52667,Left,0.4947723316002965
60082,Left,0.26496084065504066
2331,Stayed,0.8531820181817278
62754,Stayed,0.9634635004998748
22530,Stayed,0.6762360677351287
26932,Left,0.22602497415880535
53283,Left,0.2528294463431042
29244,Left,0.4206660833165133
2794,Left,0.2681917054111353
36479,Stayed,0.7311151693706734
6949,Left,0.3511459797426213
72040,Stayed,0.990257215713275
1676,Left,0.49628545319618694
29381,Stayed,0.5705899825974914
69247,Left,0.08485524871400293
40301,Stayed,0.9911037123179499
34626,Left,0.4231116196875365
15094,Left,0.09668399218300436
22877,Left,0.38706431982566347
42329,Stayed,0.969572144999615
11509,Stayed,0.6488268404395803
27030,Left,0.1596210872994818
8226,Left,0.2783580917598747
10017,Stayed,0.5160380047295579
24434,Left,0.285433348196716
57779,Left,0.1827628105178674
45025,Stayed,0.7618080436533953
27060,Left,0.1676508308055909
4443,Stayed,0.5507512316296616
61277,Left,0.07351622407013486
63112,Stayed,0.8696278890094945
29607,Stayed,0.7239010374651038
68396,Stayed,0.9797102405037168
46893,Left,0.16388222836204308
42399,Left,0.4842013845650508
24776,Left,0.2644042302698203
71499,Left,0.416854483627422
41640,Stayed,0.8962680879807018
69473,Left,0.49084235188294245
211,Left,0.1111050152307225
11469,Left,0.19396266170948387
49699,Stayed,0.9665556499775753
62531,Stayed,0.951138518096207
30750,Left,0.39247400456525205
10707,Stayed,0.7384787869307978
54259,Stayed,0.9670152552868372
45771,Stayed,0.9595786365629629
48901,Left,0.3527571390369156
45625,Stayed,0.8741761274233599
25787,Stayed,0.6506061409885776
36668,Left,0.25615543326590595
14494,Stayed,0.9789453468644091
42167,Left,0.3595438068242574
59095,Left,0.17260950563807945
67422,Left,0.320869249119158
66955,Stayed,0.8524476218216279
34668,Left,0.42736563803784133
19244,Left,0.36584863037974374
59161,Left,0.30974504392655505
21083,Stayed,0.5972100625545628
59313,Stayed,0.6632474603010486
74262,Left,0.12157200252848806
48483,Left,0.10395913645802737
46834,Left,0.13798823856715173
42807,Stayed,0.780320125599075
17902,Stayed,0.569029752647737
13978,Left,0.2495686330091797
38985,Left,0.40049327600455076
5678,Left,0.31397512500605207
55862,Stayed,0.733863448562502
65004,Left,0.19905093681089667
9235,Left,0.08991365123299438
40661,Left,0.39635016234132353
16809,Stayed,0.7705418072810308
10902,Left,0.17646154944889356
42540,Left,0.43451118376428316
55243,Left,0.3659029854557573
14488,Left,0.13996544173266712
45736,Left,0.49633260446275074
53759,Left,0.1513298173782592
35236,Left,0.2510442116583366
61013,Left,0.4608404240564262
42330,Stayed,0.8103425656431371
53533,Left,0.08389568362048397
56910,Left,0.17323008035118234
66116,Left,0.47912648581381984
22768,Stayed,0.8837456901998135
58640,Left,0.18164559953400658
66519,Left,0.1439053033592378
44158,Left,0.3880889196580142
8975,Left,0.3557772740450497
59505,Left,0.2841185710583376
51412,Left,0.18141802462141998
21422,Left,0.3931804132482108
62507,Left,0.30730117441914234
7030,Left,0.3173917612235155
58120,Left,0.22529348281498865
40891,Stayed,0.6084808835909267
45499,Left,0.24659620976730887
58045,Left,0.3214799130630705
49474,Left,0.2390226607370032
33397,Left,0.2508695683731999
73860,Left,0.0979161198429068
65336,Stayed,0.7463977038981169
65420,Left,0.3299680766138779
345,Stayed,0.9661050266919565
70149,Stayed,0.5904453647320678
30158,Left,0.10789616364848689
72678,Stayed,0.9379729744393339
629,Left,0.06386856344374674
12956,Stayed,0.894047410698216
36429,Stayed,0.5415811595995215
9591,Left,0.055628095811217144
14889,Left,0.35216162616500074
23335,Stayed,0.6864117186737577
11099,Left,0.485495587383066
21223,Left,0.35942916593077134
2389,Left,0.14365288190766765
11984,Left,0.04656663030384484
27103,Left,0.12733676567592428
53434,Stayed,0.5615977279184766
16034,Stayed,0.987644819284961
42479,Stayed,0.5168099922950466
28398,Stayed,0.6874536863406856
70946,Stayed,0.7117220875318103
38480,Left,0.40454530176192627
59176,Stayed,0.9708066157349602
62027,Left,0.4674832805393485
5842,Left,0.28203562186167574
29332,Stayed,0.8892302056762172
37990,Left,0.4962047018225277
59207,Left,0.1972772832835078
38423,Stayed,0.7456443580612969
49865,Left,0.2549747936861687
10951,Left,0.0963498298478277
73222,Left,0.3841387350877755
65326,Left,0.3913836499239732
3565,Stayed,0.9566785517480008
22510,Left,0.20919989809379416
74321,Stayed,0.8682411090113453
2236,Stayed,0.8888822222562546
49741,Stayed,0.5760413693615172
34620,Left,0.11407025376608654
12929,Stayed,0.9282935975941118
70448,Stayed,0.9618238917934836
58077,Stayed,0.9383450677494797
35275,Left,0.48805077504339417
42791,Stayed,0.9830235321682724
11920,Stayed,0.5600379603322594
56266,Left,0.27669309829679134
67866,Stayed,0.8061000113866269
39671,Stayed,0.9831016135137234
25870,Stayed,0.5422654904341044
10406,Stayed,0.9669972390937323
9058,Left,0.2625915803697742
12695,Left,0.3296807532502494
24383,Left,0.11332145129709108
23964,Left,0.27406808810372046
17148,Left,0.4664809602787224
5422,Left,0.17269656642796835
56770,Stayed,0.6212722079814423
19271,Left,0.3991891206101401
813,Stayed,0.5138508450324171
17371,Left,0.44599733095907834
59663,Left,0.3040222787182914
63491,Left,0.4283458353374147
1002,Stayed,0.9034268582082362
59955,Left,0.1250786471243251
54592,Left,0.3549462198167849
52013,Left,0.3395508579913892
1439,Stayed,0.7940707993854538
46537,Left,0.33418423146794235
47871,Stayed,0.6674656678391538
66470,Left,0.3309698153932172
67125,Left,0.36866375656523803
6822,Stayed,0.8680164325336883
56285,Left,0.1874681504047094
15751,Stayed,0.8520144921395013
35956,Stayed,0.9937028319630098
51237,Stayed,0.5256172818498838
50133,Left,0.23976814938857513
9456,Stayed,0.8613442400932035
8751,Left,0.15933423414396589
47023,Left,0.38798400071774214
4093,Left,0.339530184893897
10528,Stayed,0.8923982920189834
7784,Left,0.16013724933859727
45136,Left,0.27520589254422456
26224,Left,0.29026486799597423
66686,Stayed,0.9455816826844545
714,Left,0.18691975121474166
40767,Left,0.3370816750140776
52584,Left,0.45523011243952727
72472,Left,0.20236934674251236
35692,Left,0.21036316671307523
61552,Left,0.3960264806445209
61661,Left,0.07707619763981537
17480,Left,0.4318805554979023
16452,Left,0.22756261609566675
60073,Left,0.37953250484528633
58279,Left,0.21599021946059616
12045,Left,0.4857373532620118
73704,Left,0.14973780846344925
4405,Left,0.148777050518708
46859,Stayed,0.5479793845134252
73413,Stayed,0.5765492333235085
15551,Left,0.131431284225121
18479,Stayed,0.9474006616666019
73078,Stayed,0.7583031460273195
49889,Left,0.23524762873869726
28472,Stayed,0.5516527843097895
64769,Stayed,0.5267788566267133
5090,Stayed,0.6230544158025045
27935,Left,0.11596503587165696
2869,Stayed,0.9637774899398912
9412,Left,0.0511750654389989
20497,Stayed,0.9427937969676929
3616,Left,0.4571344480467718
61520,Left,0.3263621108918741
40764,Left,0.42615537368120326
7593,Left,0.2012101832086651
64555,Left,0.17344996160051926
30335,Stayed,0.5408908992820916
28459,Stayed,0.9286515115594228
64968,Stayed,0.6364838723731496
45828,Stayed,0.7365780140060214
41708,Left,0.15174305936228688
19760,Left,0.39360574116788594
17421,Stayed,0.5138776987855377
33467,Left,0.36055817036612264
17265,Stayed,0.9540991139561587
24057,Left,0.3784564136345925
28679,Stayed,0.7186139305942423
61086,Stayed,0.7324809134211254
55063,Stayed,0.7687834557002556
32654,Left,0.23171305239190124
56120,Stayed,0.9280395838219376
10222,Stayed,0.6001867357534366
68017,Left,0.36173474381784054
38860,Left,0.2707089987313521
69577,Left,0.193777783313381
17349,Stayed,0.6247369860553342
68563,Stayed,0.6272833035947765
67778,Left,0.1423384969798396
21178,Stayed,0.6255322545473475
31206,Stayed,0.9160615758578662
53514,Stayed,0.8076504748330637
55639,Left,0.22356131670771046
6248,Stayed,0.5706396481353833
12082,Left,0.28469243012537737
65428,Left,0.2874020036090433
62242,Left,0.08020258794345365
47268,Left,0.42206845420374295
801,Left,0.2221772722241716
4791,Left,0.12557448116028205
10592,Stayed,0.6092475120491764
54258,Left,0.4599093305204721
57692,Left,0.4778552102946564
37238,Stayed,0.6492667435101008
69766,Left,0.3064890679165773
1035,Stayed,0.9715927390138308
27859,Left,0.41156744830951114
20439,Left,0.4338299100731644
53813,Stayed,0.9318270566629631
4616,Stayed,0.6582235185367479
13505,Left,0.42366066427884613
34964,Left,0.24057421158507536
53151,Left,0.3108441910209774
37637,Stayed,0.6708438973351816
61072,Left,0.1324190287729471
41057,Stayed,0.5338268482576236
56091,Left,0.4317308551047583
20914,Left,0.3558516473979753
59912,Stayed,0.9929019204670938
3789,Left,0.3922199435183048
63223,Stayed,0.8360750434695259
28685,Stayed,0.5317462989669199
43329,Stayed,0.6354734969040301
2804,Stayed,0.6256180595362505
26169,Stayed,0.5935172940267177
45614,Left,0.12298193409782426
32605,Stayed,0.7205512595073947
74122,Stayed,0.5418164561291248
30218,Left,0.44425103923033304
30575,Stayed,0.5923245284670777
9343,Stayed,0.7259298728009655
46677,Stayed,0.9709718607741828
52177,Left,0.3085562335962606
34990,Stayed,0.9894286812172428
3979,Stayed,0.7994424216121209
42367,Left,0.25068458721991105
22038,Stayed,0.8164906596284631
70439,Stayed,0.6305524947929456
30343,Left,0.41260551056176
3936,Left,0.47189333945461753
52227,Stayed,0.9836030606256339
25830,Stayed,0.790326887633668
60415,Left,0.12318357391668978
44720,Stayed,0.9747853228557012
3855,Stayed,0.8212476737912668
40949,Stayed,0.6328898280676816
14895,Left,0.15814956703778807
64332,Stayed,0.9316121392735526
71295,Stayed,0.9103457776164142
57317,Stayed,0.5699312246498053
3415,Stayed,0.5118732903329802
843,Stayed,0.996376480809829
17412,Stayed,0.9535946397584851
65965,Left,0.21594140056846572
31274,Left,0.26641265738654646
13702,Stayed,0.6500507291221288
21843,Left,0.2258531591442389
19305,Stayed,0.9460514350437416
69948,Left,0.37040522663515835
44034,Left,0.17631198447134094
41258,Left,0.3019801238833369
26814,Stayed,0.7287915101996216
44341,Left,0.15899199413828868
22787,Stayed,0.8088195193512375
12185,Stayed,0.6086228038972517
21899,Left,0.3709909153838458
67177,Left,0.4741909428276847
12752,Left,0.4585852045007378
58130,Left,0.31347331549285057
72065,Stayed,0.683693816121563
63024,Left,0.2043843088990925
55114,Left,0.3141687725299022
32947,Stayed,0.7595407428305595
25311,Stayed,0.6030949464579327
68123,Stayed,0.8210677548910528
38022,Stayed,0.7466266618888693
36786,Stayed,0.9761063559425863
44686,Stayed,0.6389627033427204
66142,Left,0.22482584233906908
58821,Left,0.291197646841397
19425,Stayed,0.7869459849741534
66892,Stayed,0.5643226964951455
64819,Stayed,0.6952342926631881
22257,Left,0.41001915494160396
49314,Stayed,0.7985815625565829
31151,Stayed,0.9412191959901981
674,Left,0.27655258182207504
41662,Stayed,0.9471696303858833
49534,Stayed,0.7580624166446245
71218,Stayed,0.8783136405843187
18094,Stayed,0.656460774071572
54758,Left,0.13744785179507193
55061,Stayed,0.5264315613251295
9468,Left,0.2648846332362355
24391,Stayed,0.8663842784154887
54198,Left,0.2702817908155381
33164,Stayed,0.9926045774167248
38147,Stayed,0.9074174865359749
20904,Left,0.24034325069140092
45126,Left,0.25196726282795956
18294,Stayed,0.8877891412365321
48180,Stayed,0.8957471684329651
50836,Left,0.21616838588436788
3009,Stayed,0.7935386467530829
21863,Left,0.06035290396652611
15014,Stayed,0.8082693823595499
59377,Stayed,0.8825706981476534
54566,Left,0.25128103583567374
66460,Left,0.09276310773794562
72404,Left,0.3126293997602745
16107,Left,0.45290351604977597
2477,Left,0.11829879597855314
73592,Left,0.22806201246637434
65577,Stayed,0.7987691814098746
36522,Left,0.42288986793868444
36763,Left,0.3234926575398226
46202,Left,0.3393384263884314
51981,Stayed,0.5510227072626833
52826,Stayed,0.7988914155030603
56340,Left,0.271824844495437
3717,Left,0.47658415564061896
39298,Stayed,0.5507851987839151
5789,Stayed,0.734463950180384
70528,Stayed,0.837982946882182
23820,Stayed,0.597595318686776
31034,Left,0.4109567518446837
8312,Stayed,0.7388259030863732
47066,Left,0.42490394932579667
14464,Left,0.12962911836829352
850,Left,0.4032919608767409
50856,Stayed,0.9866154125126483
63440,Left,0.21585189918326766
65431,Left,0.3161919729028669
17877,Left,0.1977263598784326
21328,Stayed,0.8014985883068323
6842,Stayed,0.6852303472770144
6996,Left,0.3708469873838074
62306,Left,0.24182213632397112
63304,Stayed,0.6874247507427269
44856,Stayed,0.8416512581145995
55739,Left,0.11613703794428577
41713,Stayed,0.9221230496906878
72806,Stayed,0.9639383606344986
44754,Stayed,0.5856159540991671
50805,Left,0.18946468787571077
52226,Stayed,0.9559039669950713
10345,Stayed,0.823824267013318
22847,Left,0.3881346110914277
56940,Stayed,0.9663880593370762
37725,Left,0.18260825493937294
8265,Stayed,0.953442188849285
60427,Left,0.46450535657695075
33906,Stayed,0.9232152867067782
66603,Left,0.05333255275959519
32546,Stayed,0.6240914525833138
11888,Left,0.154703213500526
37435,Stayed,0.8419472183772527
2314,Stayed,0.7393639520691497
43670,Stayed,0.7171652633833221
29227,Stayed,0.9402792537890959
73053,Stayed,0.6171191822154761
54537,Stayed,0.9931465429131655
18023,Stayed,0.7285528234498151
61545,Stayed,0.9486001060805314
30408,Left,0.234946802409351
28101,Left,0.27551201436880396
56914,Left,0.4375703448421118
30293,Left,0.28196252397887633
73880,Left,0.35954824764524873
42994,Stayed,0.6799002731618984
55404,Left,0.16584183200081387
17517,Left,0.20541227848109184
21995,Left,0.14016709262623292
51284,Left,0.10259234203423616
15747,Stayed,0.9335488240723275
15040,Stayed,0.6931799629809839
35792,Stayed,0.9420052683905296
30748,Stayed,0.5123236719075334
58728,Stayed,0.5695187098739887
24852,Left,0.18186556604875248
54815,Stayed,0.986461656553163
42699,Left,0.33213999246628384
471,Stayed,0.5483010056052352
36388,Left,0.3377479646823863
47095,Stayed,0.6222286429512112
26830,Left,0.13060262797844358
39834,Left,0.1560740172350872
51222,Stayed,0.9603530478165414
25000,Left,0.18207749717792815
6035,Left,0.25418668086633295
8257,Left,0.2732233266468358
20541,Stayed,0.98511513370909
58513,Left,0.08638556571808506
27440,Stayed,0.527599352224915
42242,Stayed,0.9507924903575949
60065,Stayed,0.5545854956072855
68275,Left,0.48712988298756504
30318,Left,0.39426493854307687
31733,Left,0.39741217377926813
6146,Stayed,0.9885655102235424
35300,Left,0.482606352045384
9521,Left,0.2663979685550831
37429,Stayed,0.7032000126214425
44177,Left,0.23510723822179416
5370,Stayed,0.9877271317918214
29891,Stayed,0.8004466094229133
45352,Left,0.4562449609847325
67968,Left,0.43354686168972284
4558,Stayed,0.5950941298807584
12729,Stayed,0.8500716878623483
41482,Left,0.12259071133588716
13601,Stayed,0.9279719754254963
65595,Left,0.49036083556996446
20639,Left,0.1528843221457503
24546,Stayed,0.9901689762440189
29711,Left,0.19925999570796651
68353,Left,0.05875662638062227
1600,Stayed,0.508120517239541
26390,Stayed,0.8799829949008992
51247,Left,0.154195864242259
25439,Left,0.3887080723244402
25027,Left,0.1003391098255249
35146,Left,0.41458078314262825
48131,Left,0.3554369246187301
33947,Stayed,0.9809082396071814
61659,Left,0.3700645922692278
26307,Left,0.11045584542964493
22307,Left,0.140386839247816
68825,Stayed,0.5801494197415745
73142,Stayed,0.6637767359882094
17386,Stayed,0.672398949326987
63347,Stayed,0.9827629254433001
4205,Left,0.3642637496818383
30883,Left,0.14050717066419655
45263,Left,0.11651444068568517
32825,Left,0.39343353429337724
71171,Stayed,0.5723685676397959
60626,Left,0.11895152879678128
60449,Stayed,0.5596546281648049
45572,Left,0.4286415761845418
38431,Left,0.49364265240440763
64740,Left,0.18322625890272087
33983,Stayed,0.9463565648024522
21437,Left,0.08261190813606906
70409,Stayed,0.9611777348757978
615,Left,0.2565464120620384
27954,Stayed,0.9759055502586035
4876,Left,0.36271456367642185
49246,Stayed,0.9577627005495957
96,Stayed,0.6883377208247446
17050,Stayed,0.8857913700562435
51476,Stayed,0.8803903815390876
28812,Left,0.1402750333648964
53348,Left,0.2017700898661786
9857,Stayed,0.5026979293228148
51394,Stayed,0.8078168955702097
45628,Stayed,0.8548747929738796
13151,Stayed,0.8584476946711459
2512,Left,0.31233859897601146
25829,Stayed,0.9281517767982822
21936,Left,0.4845592263218572
19177,Left,0.45060042791068605
56112,Left,0.21426204763097423
36033,Left,0.1819348906856575
35769,Left,0.2315976886084908
45357,Stayed,0.9388972768849111
20223,Left,0.1254302512316687
61722,Stayed,0.5534880008572067
49668,Stayed,0.7043185618194363
14500,Left,0.4378181158685247
17818,Stayed,0.5626905576864065
47041,Stayed,0.7802987827408002
42614,Left,0.34697832405503537
71133,Left,0.366702312149163
31998,Stayed,0.9914515803390761
66060,Left,0.42353210646996237
40356,Left,0.3337154753081947
73857,Stayed,0.6341807806862011
281,Left,0.3478336267547819
3788,Stayed,0.8824376987101967
20136,Stayed,0.9527061859744551
72840,Left,0.2635105797817449
47122,Stayed,0.923027063925373
73423,Left,0.14423622255746893
74446,Left,0.2826526490783428
7878,Left,0.20909649051823895
30617,Left,0.12965856422116914
58703,Stayed,0.8244622827646031
35616,Left,0.21942182174755695
22975,Stayed,0.7507962493188951
51328,Left,0.09421010856575059
67896,Left,0.26933227624668316
62951,Left,0.24537150780460185
19650,Stayed,0.6734976476199506
32019,Left,0.38583252244814137
26069,Stayed,0.9537227579048738
65578,Stayed,0.7543517123112976
38706,Stayed,0.9959106951424411
51176,Left,0.35705082282151657
12552,Stayed,0.8245645948299436
25097,Stayed,0.7651276939503797
51346,Stayed,0.9759910915757142
58489,Left,0.21963342221831297
51345,Stayed,0.9868717830907369
27287,Stayed,0.5188777678309814
41022,Left,0.314905521692319
59518,Stayed,0.6931909246870287
30306,Stayed,0.9958417436328949
19162,Left,0.303447310389081
50168,Left,0.17163407558672863
73670,Stayed,0.5273462859126032
1593,Stayed,0.5091013742362617
71697,Left,0.47655923308437925
29044,Left,0.4437456375555213
19682,Stayed,0.6955095888962609
55303,Stayed,0.7293609775352168
65220,Left,0.3982240057437963
29616,Left,0.43811061648039984
9842,Left,0.07480899862596249
12490,Left,0.1325701714021317
53110,Left,0.47215438187060776
73324,Stayed,0.9621690050759563
6844,Left,0.33075953143919895
26792,Left,0.3031614934482388
39482,Left,0.44725944540045004
32347,Stayed,0.9183564619837308
70452,Stayed,0.536212938934095
32433,Stayed,0.7900115297033303
47699,Stayed,0.9566022046844538
29369,Stayed,0.8885331326446027
60478,Stayed,0.9768455922392879
38483,Left,0.4220088847461015
27250,Stayed,0.9162703210133948
967,Stayed,0.9555300760528018
62265,Stayed,0.567747690227899
34746,Stayed,0.7669065224826639
17590,Left,0.48557078591331915
65504,Left,0.15094507085598877
21370,Left,0.34040328502297107
48467,Left,0.22019606066287187
39330,Stayed,0.8453604630284243
23788,Stayed,0.8337635585848143
48886,Left,0.49513069590966324
35595,Left,0.0837609272735859
11048,Left,0.1421164326097238
53189,Left,0.1027934298177315
21624,Left,0.20821922387800634
55489,Stayed,0.9835789746340332
61949,Stayed,0.9615689007586952
68943,Left,0.25473037630302137
31432,Stayed,0.8876770166254166
37055,Left,0.3131342601205469
20665,Stayed,0.6319271077600936
9215,Stayed,0.953223364435632
31606,Left,0.3260838077157565
5212,Left,0.11832342542401052
13478,Stayed,0.9313259347067812
7782,Left,0.2149113595631636
8551,Stayed,0.6012778298851903
2329,Left,0.3156719582514201
19248,Left,0.25083743677808373
4917,Left,0.33921955283792576
12458,Stayed,0.9187309279525708
51606,Stayed,0.9046125317063637
12061,Left,0.24835404425429874
1296,Left,0.357539127770607
41104,Stayed,0.8944560452506788
25502,Stayed,0.6026903287118293
62836,Stayed,0.5010755993119393
5626,Stayed,0.5243046965713037
52932,Stayed,0.919004411116633
159,Left,0.17273653132400082
4626,Left,0.3697953102349266
9739,Left,0.2781346946976961
48248,Stayed,0.8444350383927169
59350,Left,0.4027739721732838
22884,Stayed,0.9598996643223885
11142,Stayed,0.9611833495316858
22542,Left,0.4016969407549827
23336,Left,0.236380669541542
19558,Left,0.2004958742271334
32187,Left,0.13190283778042092
37790,Stayed,0.7457782825215061
17347,Left,0.22613159883409467
74164,Left,0.28737241996584567
9890,Stayed,0.993039474286527
12410,Left,0.2744177358129257
50061,Stayed,0.8164477685940194
67572,Stayed,0.5894328821855113
72307,Left,0.37668164564381024
28609,Stayed,0.9647680103855543
2744,Stayed,0.5729200473489677
47083,Stayed,0.9401709519525141
8373,Left,0.15192625855622902
57962,Left,0.44372700677227844
54865,Left,0.2201552397410506
23160,Left,0.469509556571343
8833,Left,0.10622148706510336
21887,Left,0.18241965981859232
57161,Left,0.47799592956797404
56990,Stayed,0.560661230342607
26138,Left,0.2011878984947077
23970,Stayed,0.5333791207581764
52339,Stayed,0.7117915333004766
65979,Stayed,0.5564801473438079
26970,Left,0.45843548597779277
63252,Left,0.23360855755566098
57430,Stayed,0.7494444468292885
36276,Left,0.2697337294623232
13020,Stayed,0.8902932981097399
57512,Stayed,0.5906273079975504
17156,Left,0.3726920732835957
9581,Stayed,0.789914799171995
23130,Left,0.180393477122692
23698,Left,0.055897376225488904
41853,Stayed,0.8322150200236318
3860,Left,0.31180046498619796
47044,Left,0.260494420342691
69129,Left,0.3807345004259403
73526,Left,0.30953603136326857
31693,Stayed,0.6618158476190665
1599,Stayed,0.7954895312500736
73797,Stayed,0.6691953006538953
27919,Left,0.2529244888822071
5658,Stayed,0.9082536315451006
64862,Stayed,0.8090486726836649
5639,Left,0.42747261802345116
17721,Left,0.08960533355001876
16188,Left,0.4451555852358886
53192,Stayed,0.8684211340090268
51816,Left,0.3979241034458751
13823,Stayed,0.8203323016100867
42152,Stayed,0.5058252864488139
47800,Stayed,0.686114477387001
30292,Left,0.27793117342340024
8589,Left,0.15265724218870297
14577,Left,0.25624237026909574
58833,Stayed,0.9133700844754582
32452,Stayed,0.8314741364909615
18572,Stayed,0.605869889258853
39467,Left,0.36455096484988225
33843,Left,0.22125026916642523
33016,Left,0.3021687649044838
51867,Stayed,0.990227681584493
33464,Left,0.08896369855589209
22933,Left,0.10803308552569882
18859,Stayed,0.9855482624979598
19954,Left,0.23597240957167742
64344,Stayed,0.9896839278473218
10352,Stayed,0.6431815618196309
67019,Stayed,0.9954787171046812
48122,Left,0.1883593367578735
27959,Stayed,0.9147372054834434
21679,Left,0.33518229349031387
69026,Left,0.1723134418771431
13722,Stayed,0.9670406275813695
12773,Left,0.22482839632878351
33944,Left,0.4614847107273883
71298,Left,0.34401005382409366
65413,Left,0.15331627180742147
53845,Left,0.1909894280171077
8937,Stayed,0.9865952421690789
60276,Stayed,0.9044133144045355
3503,Stayed,0.625787166462592
60995,Left,0.25291840695153883
58443,Stayed,0.5048394473280794
15123,Stayed,0.669586567718555
50091,Stayed,0.8317813448025515
63630,Left,0.3395424489047129
4587,Left,0.12604293257780264
74304,Left,0.25434958778785294
67138,Left,0.24904066236144334
54617,Left,0.2656006516091711
4661,Stayed,0.578838345673465
38669,Left,0.35749903119882087
62380,Stayed,0.8981816088903721
17893,Left,0.21838835660253772
19847,Left,0.11120585823758171
20348,Left,0.2842271630978404
53504,Stayed,0.5263263327965888
28954,Left,0.07106398106410447
71097,Left,0.15120023956504186
56474,Left,0.35962197399231843
48722,Left,0.1675574112887224
50812,Left,0.08762615489385084
70605,Left,0.2434997163147907
48492,Stayed,0.853372149142834
56040,Left,0.24993926237718223
39491,Left,0.17701431783341495
52762,Stayed,0.5724920055476824
13621,Left,0.42492124283001587
8619,Left,0.4218080296463128
13132,Left,0.212940452162603
63585,Left,0.2507679741329735
19182,Stayed,0.9265784071634882
16775,Stayed,0.8305476999519542
5477,Left,0.1615918067960523
36711,Stayed,0.8493731970873147
32943,Stayed,0.5207268098791701
56722,Left,0.059811272878045316
46491,Left,0.3757945539806759
4725,Left,0.40219543157521637
38578,Stayed,0.5566529105544444
19720,Stayed,0.8587182725409691
41260,Left,0.3044861950774911
19186,Left,0.324460346626691
41087,Left,0.28174081104934884
53822,Stayed,0.5053421409896508
30310,Stayed,0.8893716543653641
29339,Stayed,0.8413859803784468
3646,Stayed,0.6068559889868
46379,Stayed,0.9951278913459025
17596,Left,0.1444060841129343
21411,Stayed,0.7372458599158207
1711,Left,0.24984683487342801
57819,Left,0.2918973437700892
24382,Stayed,0.9668095434128309
67757,Left,0.30615810917984065
26605,Left,0.41703683529432045
11366,Left,0.2712008297756499
43102,Left,0.33600293136776244
4385,Left,0.23487892225686482
31663,Left,0.4762266909875901
26654,Left,0.47590207301988346
51341,Left,0.1361308779693325
26318,Left,0.4291577161524435
65294,Left,0.31318102510838225
65591,Left,0.4745507849351594
51697,Stayed,0.983049368014866
37606,Stayed,0.5687872504084995
73504,Stayed,0.6861432083654114
16852,Left,0.2905622690211308
41899,Stayed,0.8374175247348838
8366,Left,0.3417500499737972
73363,Stayed,0.6521734800805679
4421,Stayed,0.9910186397441068
14304,Left,0.2976018074128646
24809,Stayed,0.9718242437152639
40539,Stayed,0.9180859821226883
43333,Stayed,0.5877351795803708
50588,Left,0.2875904150558315
43878,Stayed,0.5121681712825786
64109,Left,0.27057895927540837
26344,Stayed,0.8881455243093018
22495,Stayed,0.7129134253211299
63141,Stayed,0.9789053537517285
70723,Left,0.3297383180026987
34280,Left,0.21848370096637845
69476,Stayed,0.9329453505748753
29915,Stayed,0.7620419452468756
61231,Stayed,0.9434096971682584
25820,Left,0.19271931321541194
50264,Stayed,0.7894924972406236
7985,Stayed,0.5880683976672756
45066,Left,0.4743389676230908
69733,Left,0.3313764205455239
49548,Stayed,0.54645831019464
32016,Left,0.23674265008158513
10035,Stayed,0.9404242555065642
15348,Left,0.4782567084590179
52844,Left,0.296240137536684
47887,Stayed,0.9536809345188664
21496,Stayed,0.9353520061097852
11988,Left,0.20468933202861497
72000,Left,0.37331306479211535
70062,Left,0.15236003318963093
37916,Left,0.2957046497598916
15491,Stayed,0.9857359437300797
27482,Stayed,0.5758968163463538
64013,Stayed,0.5104646683137378
15562,Stayed,0.5246589383848068
20769,Left,0.2345848388219332
61514,Left,0.2456699364099378
36877,Left,0.21552191451481542
13472,Stayed,0.8275741399392094
19264,Left,0.4711536277563081
50745,Stayed,0.9322750265386063
63749,Left,0.2614989916970494
19512,Stayed,0.8626953707537415
30941,Stayed,0.9523715138564114
9233,Stayed,0.6534907863108387
9061,Stayed,0.759248804985295
45206,Stayed,0.5954648405083478
54418,Stayed,0.5296566677026209
64941,Left,0.30851221892383585
50233,Left,0.3574323203277228
41351,Stayed,0.8836502612804493
59455,Left,0.3960706774811384
71493,Left,0.23285140335421586
73634,Stayed,0.9390765592867548
22630,Stayed,0.5633486873108899
11583,Stayed,0.5548912435343131
10566,Stayed,0.8120178344765089
40071,Stayed,0.977050278268149
52817,Left,0.32403101495346465
42174,Stayed,0.6390160735142946
72822,Left,0.11946733761638864
3900,Left,0.3710013093110544
10049,Stayed,0.9157102822643748
4720,Left,0.2232860693047211
43569,Left,0.4268710417721978
69168,Left,0.1462697228598188
7614,Stayed,0.6485332955717338
13368,Stayed,0.767343252168009
25607,Stayed,0.8266160761448299
12112,Stayed,0.6393732943074474
58181,Left,0.4493142524673084
13624,Stayed,0.9164734177469929
58288,Left,0.3638072068588158
509,Stayed,0.9944780859089039
64241,Left,0.38782840729207685
33245,Left,0.09564792865032466
18108,Left,0.487492508375314
47907,Left,0.27282877847252346
6349,Left,0.0905664398686948
50915,Stayed,0.9248768206157886
52482,Stayed,0.5636154152556541
49763,Left,0.16325030335561425
71706,Stayed,0.7957835107548262
36602,Left,0.41647926323777285
41523,Left,0.07249968233431614
36457,Stayed,0.5690954705861043
29028,Stayed,0.9423338777429827
70316,Left,0.25323648808210314
2820,Left,0.429311472055395
4357,Left,0.1552682426134355
27801,Stayed,0.8801992872837117
73424,Left,0.29210693509513963
60735,Left,0.49000807459837464
63744,Left,0.3556171438509116
3990,Left,0.14983230571925923
32950,Left,0.3268157796318762
48312,Left,0.22589588070194422
28680,Left,0.3074067875777443
22723,Stayed,0.5426897428618034
49755,Left,0.1982251586071277
32606,Left,0.23798208556358375
14882,Stayed,0.9258377102081087
61059,Stayed,0.684175344106911
22478,Stayed,0.9255806516163749
11130,Stayed,0.607702609864437
58673,Stayed,0.9921657097293183
8479,Left,0.15448642758835976
37301,Left,0.2541774322546313
8933,Left,0.2251615555467066
72512,Left,0.46942742174388935
58863,Stayed,0.8900566675287218
58781,Left,0.36504948096309936
37804,Stayed,0.5430067732797319
68756,Left,0.27900367282337757
14793,Left,0.29512979498974884
25165,Stayed,0.8753439948573498
73563,Stayed,0.7566784911411614
53386,Stayed,0.9779750601882586
53666,Left,0.15545160287772836
31303,Left,0.221812246589026
31581,Left,0.2875738960964137
48026,Left,0.37023175165648714
9352,Stayed,0.8904896534006002
27318,Stayed,0.9859386833975996
72042,Left,0.27895955864371663
8908,Left,0.343057846778118
57920,Stayed,0.7303394513496121
37751,Stayed,0.9422636079082403
53154,Stayed,0.6957282174378505
66675,Stayed,0.5820203756665795
58388,Left,0.3261066899505595
68985,Left,0.42480684147695513
68402,Stayed,0.9309608863862816
52481,Stayed,0.898452323679997
11373,Left,0.4667829956870156
55925,Stayed,0.6094405720620876
7263,Stayed,0.9083942238895781
13993,Stayed,0.5700209566514969
27321,Stayed,0.5549803793318648
2653,Left,0.3875644478847414
66689,Stayed,0.6693119916196962
47688,Left,0.12294424034879069
12609,Stayed,0.9437764016262367
11706,Left,0.14785509683576784
33580,Left,0.34018910691212084
67934,Stayed,0.533276743022691
43695,Left,0.19723286643202534
39161,Left,0.09353697093689528
41782,Stayed,0.9071044337355766
64962,Left,0.08089710064885594
43908,Stayed,0.6417025175175898
74306,Stayed,0.9304833785141592
46299,Stayed,0.9696598996592052
44680,Stayed,0.5553459383955953
47429,Stayed,0.7171491266961557
23026,Stayed,0.9480083520050954
5217,Left,0.3642713491336698
63036,Stayed,0.6348487641539161
57357,Stayed,0.6232258747532861
21504,Stayed,0.5121245622493825
69282,Stayed,0.7378606866256185
35673,Left,0.48992678110516824
47318,Left,0.397443592344768
2550,Left,0.0930989493568538
42759,Left,0.16690705712118764
25613,Left,0.046599422659795935
38533,Stayed,0.8167531791852659
37864,Left,0.4012403716977176
12897,Stayed,0.9836545233348827
68769,Left,0.38550084369360493
67377,Stayed,0.6776194628026064
18622,Left,0.316446019232163
830,Left,0.23993319917444786
26772,Left,0.15069057221471016
51286,Stayed,0.6432029744289692
18179,Stayed,0.6924361670943222
52625,Left,0.10208105993801385
68558,Stayed,0.9463618428121436
47899,Left,0.24427565600364678
72330,Left,0.20024545825942047
1945,Stayed,0.630826026731644
42452,Stayed,0.532885808097186
52846,Stayed,0.9115489715598241
10455,Stayed,0.5874377372778823
54511,Left,0.2628592728866997
6628,Stayed,0.7414796681560487
41602,Stayed,0.5433483587373314
61591,Stayed,0.812411943988286
55198,Stayed,0.7970861983925355
13582,Left,0.11270814217584581
19462,Stayed,0.9322568947250087
70887,Left,0.39466050748475184
15268,Left,0.10223993731081676
29054,Stayed,0.7549274055727057
15756,Stayed,0.9393985716128193
9068,Stayed,0.7343481441537704
14970,Left,0.1559650461466841
8882,Left,0.24650549225508658
52619,Stayed,0.9985688583366193
42171,Left,0.4095984267457641
61147,Left,0.2674483168977662
61799,Left,0.17765771012029744
42901,Stayed,0.9616869254649592
30348,Stayed,0.8920156012208499
41382,Stayed,0.5894180188223881
7755,Left,0.40027161866509137
73661,Left,0.45438030898170667
4884,Left,0.07403903978553909
35535,Stayed,0.9858036496955037
8007,Stayed,0.7542988986063899
61324,Stayed,0.5448000740609021
9633,Stayed,0.6018504683359847
26331,Left,0.4967683904713545
594,Stayed,0.5790159044502209
57055,Stayed,0.6696328813336451
73811,Stayed,0.5713782570998424
42201,Left,0.08076729456585917
62328,Stayed,0.9209520800832106
27655,Left,0.07861465464315583
36333,Left,0.2568290340781527
23379,Left,0.20180637787073405
29222,Left,0.18201364111530166
26219,Left,0.30092043448812755
4051,Left,0.29066262339292764
27260,Left,0.45911275157764836
24630,Left,0.3310580391578763
18915,Left,0.372014077423922
52499,Left,0.41200760015222854
17533,Left,0.15654564815197877
20703,Stayed,0.8760814343311355
22791,Left,0.45336181233089623
342,Left,0.3052222365324841
67134,Stayed,0.8900078845655724
69986,Left,0.39138254845838816
4892,Stayed,0.8734188688516509
7683,Stayed,0.6791972211404451
23786,Left,0.3016638438903485
43486,Stayed,0.7144410158733578
1648,Stayed,0.5159510523611377
2531,Stayed,0.9656903420520053
65917,Stayed,0.9714290591969507
21996,Stayed,0.9528384628846616
69361,Left,0.4251346804290395
72709,Left,0.4640876801174291
14968,Stayed,0.9433835824541345
28511,Stayed,0.7078397644636498
43317,Stayed,0.9737664212980418
11068,Stayed,0.9862113807561118
10193,Left,0.40895286785554463
9268,Stayed,0.7066568499515993
43036,Left,0.23554410871293027
24706,Stayed,0.9904160979874026
47153,Stayed,0.5765923552891565
59500,Left,0.32660166961619563
38795,Stayed,0.8812478533056743
15280,Left,0.4749378352012755
59410,Stayed,0.9909747448227358
30475,Left,0.4146378730203091
37786,Left,0.2150466614889008
30709,Stayed,0.873035969025232
17759,Left,0.0651361762385891
45471,Stayed,0.6903701157956608
12657,Stayed,0.6083550009933051
58581,Left,0.29449414382761874
23823,Left,0.30074831578737976
57294,Left,0.24755192059885783
18177,Left,0.42563710491000223
69728,Left,0.09937444427721233
63695,Stayed,0.6355609868170365
65089,Stayed,0.9640169010430877
64390,Left,0.3935988809183335
68579,Left,0.4780171024501759
4998,Left,0.2539883509605844
21339,Left,0.14964829150560627
26570,Left,0.47371930480206037
6205,Left,0.1004265503470146
43354,Stayed,0.8488680685295769
54260,Stayed,0.6133715206120077
10580,Left,0.0658645376910394
18594,Left,0.4377070564688827
66431,Stayed,0.9728087516911184
31508,Stayed,0.5297676662382316
55199,Stayed,0.9920825257452287
55463,Left,0.3790765878560693
63722,Stayed,0.5887224824525986
41055,Left,0.07172529031080076
64395,Left,0.3125410319855404
64697,Left,0.3205252417220145
29499,Stayed,0.6340376661719888
25863,Left,0.28872075117707513
66873,Left,0.27910618391337955
71341,Left,0.19563177771659823
63680,Left,0.16438389929240727
39895,Left,0.3058441020069772
27716,Stayed,0.7837239036007364
26413,Stayed,0.9791350172164287
62342,Left,0.42016238446602705
18912,Stayed,0.9205110533468459
8290,Stayed,0.5803316716402726
59891,Left,0.33026932585331
53836,Left,0.17275968524118596
41380,Left,0.16331933377750052
47174,Stayed,0.6138336597037528
30005,Stayed,0.5607286515911547
42513,Left,0.24002637962296816
73546,Left,0.11833177929101321
16778,Stayed,0.9501668613681743
44338,Left,0.3030806633456122
1415,Stayed,0.9854107789013121
14443,Left,0.3987321606855052
38741,Stayed,0.756883980871387
27122,Stayed,0.9338853277688023
34024,Stayed,0.8977603639002159
3511,Left,0.31235485982136113
47036,Stayed,0.649958306740333
20158,Stayed,0.5133063661199497
39859,Stayed,0.9889043201899179
16385,Stayed,0.5088003561237294
72770,Stayed,0.9533141533162106
43728,Stayed,0.99460113218486
9698,Stayed,0.6794499846143587
31489,Left,0.10528347541391453
69669,Stayed,0.7254764895332275
59019,Stayed,0.9911821083358461
55644,Stayed,0.9672833588696955
68738,Stayed,0.9201454601820171
38392,Stayed,0.7466033743684491
29279,Left,0.24176889947664296
29881,Left,0.2019396341214346
45153,Left,0.1355269399889743
12144,Left,0.39402371033251915
10631,Left,0.1220147970110799
55011,Stayed,0.927865379801319
27149,Stayed,0.948200781151762
46869,Stayed,0.8385778591440995
6831,Stayed,0.6764805872020321
20315,Left,0.3106285450130822
69191,Left,0.41735329534201326
44453,Stayed,0.9385309222644878
73826,Stayed,0.9688987600708935
27588,Stayed,0.6427122561530193
50208,Left,0.2096553190891472
37855,Stayed,0.9910504105276656
55388,Left,0.13741783576573804
36730,Stayed,0.8125134052316134
41601,Left,0.4199366417740145
28313,Left,0.29164012975712633
27132,Left,0.13476931840827577
64735,Left,0.31126521927069234
41237,Stayed,0.9349713283565125
14484,Stayed,0.5017797098009882
13006,Left,0.27507995657899525
14356,Left,0.376449582361925
37309,Left,0.4707305487766337
17731,Stayed,0.887736402024156
32044,Stayed,0.9626838606312935
55419,Stayed,0.9552946183675811
49234,Stayed,0.8609307669695845
32140,Stayed,0.7434829743634027
36014,Left,0.15279028323737684
57721,Stayed,0.6662165254212885
42024,Left,0.2073349803715705
6569,Stayed,0.670706752269189
32639,Stayed,0.9004560956973877
52696,Stayed,0.9488545180032179
9854,Left,0.39195583261203587
8459,Stayed,0.6617451507203704
33575,Stayed,0.6853806986728876
9827,Left,0.07491598879306602
47127,Stayed,0.7678798076289413
72810,Stayed,0.5664920723760835
56877,Left,0.28262501216123354
8655,Stayed,0.9917406969539947
14122,Stayed,0.9489436328679243
35627,Stayed,0.7691669978371668
73107,Stayed,0.5315802029500879
30877,Left,0.11207104638633411
7038,Left,0.34513754193961127
63129,Stayed,0.7227285186089786
46460,Left,0.24467187957655237
954,Stayed,0.7908431992137464
70356,Stayed,0.9754827046792695
35289,Left,0.11245260708542042
35404,Stayed,0.8208319488285712
40480,Stayed,0.6783273341078934
47752,Stayed,0.7330522205595184
25112,Stayed,0.9164718937613062
39905,Left,0.1332325682119371
43646,Stayed,0.9802610481410653
56663,Left,0.3263592583471662
66500,Stayed,0.8108743798633535
36883,Left,0.055762114769703726
2864,Left,0.1571279358102372
19254,Left,0.3337855457709789
8608,Left,0.2293912537564971
26841,Stayed,0.924825120330065
1163,Stayed,0.7971485862771936
64207,Stayed,0.7415539097759706
56093,Stayed,0.9299095156020918
2443,Left,0.12050967479900991
23201,Left,0.15508516880901985
70041,Stayed,0.9449001616831726
66307,Left,0.13328667163307314
25631,Left,0.0453148236563856
14096,Left,0.28169248692825477
33165,Stayed,0.8087760112091671
59237,Stayed,0.8179591380274869
72865,Stayed,0.60248798245008
12359,Stayed,0.7147479335710939
24580,Stayed,0.6415719418687164
50507,Stayed,0.8420740567524988
22878,Left,0.12443716087402733
19003,Left,0.06698674367156135
48192,Stayed,0.5596780675758245
62021,Left,0.15109592725471108
57847,Stayed,0.7918922812873753
48657,Left,0.4075191272821265
27937,Left,0.4375446031110751
25543,Left,0.41037992734830264
40086,Left,0.48356216430384846
10320,Stayed,0.890805884676055
58000,Stayed,0.9657521810313582
24657,Stayed,0.5240197548983276
41781,Left,0.06245937948478779
8116,Stayed,0.6211433827643876
11251,Stayed,0.671504099500706
9490,Left,0.20172914871584047
9732,Stayed,0.9864093849533226
44821,Stayed,0.6274694143452864
64438,Left,0.338321015304024
45219,Left,0.29456221033535834
22058,Left,0.1493921232887025
18428,Left,0.17220041092593527
12496,Left,0.20106020003410696
1792,Left,0.2969078967024241
45525,Stayed,0.9860444185176425
8640,Stayed,0.651197873265227
13324,Stayed,0.8546773209029754
7892,Left,0.3892073841354136
21595,Left,0.42756359712294606
42421,Stayed,0.9279968765950415
22935,Stayed,0.9895754821673389
25925,Left,0.2986085914443629
17250,Left,0.12468329238759876
54437,Left,0.20592742622210797
52198,Stayed,0.9862593508272526
10056,Left,0.23536240179257426
57644,Left,0.3989296837649621
71714,Stayed,0.8491441643295609
56967,Stayed,0.8318156657924142
9723,Stayed,0.6252719105339615
57537,Stayed,0.5004529607298847
24685,Left,0.20844782051860508
68407,Stayed,0.9164804455024232
49645,Stayed,0.8906377025272528
61676,Left,0.44203994830531695
14545,Stayed,0.8025178881031392
74345,Left,0.1783456224809472
44643,Stayed,0.8160617573629931
18959,Left,0.4970406812368427
61001,Stayed,0.9582852514032889
13365,Left,0.28353320997439263
19165,Left,0.41409486925397493
48279,Stayed,0.9767920328038427
67004,Stayed,0.8838633241696907
29101,Left,0.3155583139803556
31899,Left,0.27002821874932315
30645,Left,0.2762175408296587
56973,Left,0.24204422701850145
1748,Left,0.12896452837358854
73828,Stayed,0.9543179049576869
19555,Left,0.08884653440939877
68531,Left,0.4712355472656917
4089,Stayed,0.6002492197628484
52274,Stayed,0.7695387455344745
66192,Left,0.4328829819322316
28297,Stayed,0.8505141544923749
50505,Left,0.3330809930746054
24339,Stayed,0.8147503297549461
31727,Stayed,0.8672627138996083
32619,Stayed,0.8949127224674197
36046,Stayed,0.7861854158601226
5673,Left,0.45184037138426003
56336,Stayed,0.7319868369236483
55475,Stayed,0.6730019220775653
58692,Left,0.29709660180513214
64811,Stayed,0.9941267013109477
62899,Stayed,0.5330122971038846
19839,Left,0.40258947314764887
60075,Stayed,0.9251659731072933
50788,Stayed,0.6453375679346977
67792,Left,0.114984756134841
62353,Left,0.21003592764915205
1258,Stayed,0.8478790002059444
12043,Stayed,0.8563976652825612
15321,Left,0.1663119043016295
579,Left,0.2598255959097222
46737,Stayed,0.8774447892430485
24760,Stayed,0.9105909003989313
56140,Stayed,0.7140220562936245
2519,Left,0.12520284473115084
68989,Left,0.09087679419249169
65725,Stayed,0.5386011884079697
21191,Left,0.354298238755689
50351,Left,0.1302960274747524
36911,Stayed,0.5954719484401599
66795,Left,0.40985129626338007
44023,Left,0.3449692898565227
34835,Left,0.22901757480139845
22209,Left,0.4745926134815434
66610,Stayed,0.9196358168287027
5971,Left,0.37583361633408974
52896,Left,0.4867880745236373
1257,Left,0.09915902934437743
24495,Stayed,0.8169474662839916
4029,Left,0.38141985526511296
45515,Left,0.3669406404540378
23865,Stayed,0.7623312265431432
32532,Stayed,0.5717483844744852
47365,Left,0.35631695998946367
37682,Stayed,0.7231052452564716
29722,Left,0.28961767887856393
22261,Stayed,0.7727408522737516
25754,Left,0.12365746484137849
25808,Stayed,0.575914248975708
19081,Stayed,0.669379002214715
2928,Left,0.47670149574756515
38512,Left,0.12361143412609019
26542,Left,0.4708801875907605
7479,Stayed,0.9359521575146393
55128,Left,0.17811320814646212
32235,Stayed,0.8342215853230586
9646,Left,0.10351994446613501
9386,Stayed,0.6803675166016179
52126,Left,0.3539887545417786
59127,Stayed,0.9258499362300391
43851,Left,0.23350031507368002
20921,Left,0.2136040772687101
39751,Left,0.2501566931632232
59187,Left,0.3835723582696058
40549,Stayed,0.8730218690277366
15166,Stayed,0.9141512727025533
29687,Left,0.10159730083125885
73656,Left,0.19298013998752167
53738,Stayed,0.5144750470110593
46528,Left,0.3111119835283358
28633,Left,0.38065362109847883
48769,Left,0.2175491891502735
31472,Left,0.2869629902826457
69902,Stayed,0.8626902058168838
2509,Left,0.2783094315116075
3796,Left,0.13926431986374685
47055,Stayed,0.6321822957756241
4574,Stayed,0.5994237452589654
14753,Stayed,0.7717815015132213
15392,Left,0.25247102406129146
20249,Left,0.09306085484315764
42315,Stayed,0.5660477720333632
30015,Left,0.28947987196876646
17463,Left,0.175200682798038
51015,Stayed,0.7141041373542895
51485,Stayed,0.8145811404022317
12546,Left,0.21134196992599924
22476,Stayed,0.9741339581148156
57830,Stayed,0.9887304584624643
21048,Stayed,0.761658531993086
28585,Stayed,0.8869808518367728
9136,Left,0.33982340825322704
14155,Left,0.28968182777424056
16717,Stayed,0.7733223954881198
66095,Stayed,0.5268970898845425
46047,Left,0.2561642734939695
37009,Stayed,0.8205345276017876
21600,Left,0.2941870630570782
42303,Left,0.15817516412986005
16153,Stayed,0.7033892349157087
52277,Stayed,0.9721502463276019
49316,Left,0.41171952084355806
55830,Left,0.3320727154235555
27402,Left,0.13364621609784744
19615,Stayed,0.5914021646213344
15177,Left,0.17354095568147712
15710,Stayed,0.6915370454456236
54560,Stayed,0.9857438524666657
48707,Left,0.446809272872435
28522,Left,0.41243195456200793
37784,Stayed,0.7324485370571079
29538,Left,0.4556154609428832
1577,Left,0.2768914129955453
6514,Stayed,0.7654243952727595
68582,Left,0.23484875743077596
11276,Stayed,0.6594098900679379
14927,Left,0.3736275164236949
38376,Left,0.26002740289694687
14958,Left,0.1649368966011466
62513,Left,0.051809409267215265
37462,Stayed,0.6700606885688123
13380,Stayed,0.918289699571866
36715,Left,0.26248969527195226
45553,Left,0.48640025532718695
23049,Left,0.19835039555272097
72871,Left,0.3752223045077173
38113,Left,0.49930391241203914
912,Left,0.36617708714492225
12432,Stayed,0.9878874856471448
17361,Left,0.3910059265157709
37612,Left,0.49748265683800885
10689,Left,0.37640316201898066
71762,Left,0.3257488047930547
33030,Left,0.04732962780200262
31464,Stayed,0.9741834080097358
46769,Stayed,0.6312412965784115
28407,Stayed,0.9777777187809966
61619,Left,0.34521023583624455
60194,Left,0.2916001486174763
70465,Left,0.3458218145625396
3301,Left,0.21897879835327946
12640,Left,0.2593678172981505
41490,Stayed,0.5677177135275483
63174,Left,0.30479557977519667
27320,Left,0.09894691564277139
7913,Stayed,0.9640143726389617
33257,Left,0.3741733705806229
39741,Stayed,0.7281959916231554
6936,Left,0.19706449940846732
9982,Left,0.13506522089831738
44849,Stayed,0.9154213298553219
12815,Left,0.19546325315121132
45758,Left,0.36214808358929373
33248,Left,0.3578875301845478
73003,Left,0.17230279258870257
57503,Left,0.4393243984130837
67298,Left,0.20800819043555496
42671,Left,0.2677783448391154
25414,Left,0.4638853978014997
16306,Left,0.33111923268508325
63479,Stayed,0.8150715773562
25292,Left,0.12086113700848526
39369,Left,0.0937571253525752
44695,Stayed,0.6305390787467768
57262,Stayed,0.8608944533433873
70679,Stayed,0.7654412949032025
39821,Stayed,0.9823673841737207
6311,Left,0.47360709310822496
11840,Stayed,0.7694516938740592
27557,Left,0.2409856968846757
61027,Stayed,0.506285776869579
30322,Stayed,0.986539922522465
13353,Left,0.15541983030305676
62195,Left,0.44689457487659046
51127,Stayed,0.8200134952347216
57736,Left,0.2538567271210784
18713,Left,0.26131568182638293
60004,Left,0.37507021165917526
13487,Stayed,0.8944488898268511
44613,Left,0.18068502836528877
543,Left,0.2936036318477108
34597,Stayed,0.7071336118507764
40647,Left,0.46124229073723666
45320,Left,0.41875824656261673
64639,Left,0.14328507072260124
68998,Stayed,0.6739484680314305
3190,Left,0.37362861203116327
3171,Stayed,0.7939203359321613
68189,Stayed,0.9766535412124012
26566,Left,0.2412840664752703
49363,Stayed,0.829401724737089
50964,Stayed,0.9880287426735634
41938,Stayed,0.8402986721486722
61030,Stayed,0.9329726819236688
59707,Stayed,0.9979409603265641
11600,Left,0.332804297903782
15160,Left,0.25469103647518593
40177,Stayed,0.8957926787868197
19342,Stayed,0.567187532468355
19369,Stayed,0.517551732183868
44993,Left,0.44916044131482963
59545,Stayed,0.9423832729732754
12493,Left,0.41208084161335845
32778,Stayed,0.9058231780107734
24962,Stayed,0.8969653949962461
5836,Left,0.3538784759157963
59034,Stayed,0.9925677518339833
69500,Left,0.073933573992638
28463,Stayed,0.5765106659449761
30458,Left,0.27652523036640353
61150,Stayed,0.9544593959152142
53995,Left,0.44915927156677643
33869,Stayed,0.9704915487768488
5788,Left,0.3086722006988316
66851,Left,0.39172655413119667
37599,Stayed,0.8141482993487317
65668,Left,0.26045311154948964
29260,Stayed,0.9563741343906603
22271,Left,0.3886923382110356
68140,Left,0.2655419837130274
10029,Left,0.4022147460413213
41923,Left,0.15578267952926403
37273,Stayed,0.7753210884492592
24670,Stayed,0.8338848171685214
46702,Stayed,0.9051936349470808
67300,Stayed,0.7202964212217327
7476,Left,0.15430919140007884
66701,Left,0.10278732392491313
60146,Left,0.14647336971402258
64984,Left,0.4618738501011531
48310,Stayed,0.922298200451617
40814,Stayed,0.7422091123525923
40175,Left,0.18006707406076838
69512,Left,0.18235655267955103
71143,Left,0.337535682994778
55037,Left,0.2985156183884159
13216,Left,0.19308100251715354
5663,Stayed,0.7802421701948721
13321,Left,0.18362796828546055
28157,Stayed,0.8364484401282994
57628,Left,0.1206051682068254
23496,Left,0.26257188903741663
21461,Left,0.24213910395764815
65110,Left,0.3706411837210645
51428,Left,0.49415777005229733
14832,Stayed,0.8841410104018023
38801,Stayed,0.8549932899511165
70367,Left,0.27393213472666644
16459,Left,0.22929614009583218
5282,Stayed,0.9328702957286358
13815,Left,0.3078944790465806
22397,Stayed,0.9567317629778285
53288,Stayed,0.6514720863535007
51191,Left,0.08838300035309563
65446,Stayed,0.6698587735652979
30862,Stayed,0.5526723476790448
39152,Stayed,0.8968081025979774
25953,Left,0.33214310945895503
18939,Left,0.4565803949339911
32234,Stayed,0.6093143760247975
18620,Stayed,0.6194733417190051
60952,Left,0.3600536323614563
37521,Left,0.09129416927045537
34549,Left,0.13774501194862548
15807,Left,0.12868660931267398
38572,Left,0.24634758152051728
68521,Left,0.29120453193293017
6063,Left,0.462913117874064
8491,Left,0.1372372609612004
70783,Left,0.07337431068662341
20022,Stayed,0.5487332804021392
46748,Left,0.39148520454201624
39011,Stayed,0.978884886110622
2066,Stayed,0.9267241863009231
24636,Stayed,0.9701534450805269
226,Stayed,0.9352733698235587
54996,Stayed,0.9776341328377343
14917,Stayed,0.6437036464581282
70594,Left,0.4862283784982934
34318,Left,0.15301709724114587
11182,Stayed,0.8177259201555096
43007,Left,0.21386307272410718
47304,Left,0.45758091442780974
691,Stayed,0.9324751207970665
67247,Left,0.2578202873345203
43914,Stayed,0.8629443572384932
34474,Stayed,0.7567246623147905
61513,Stayed,0.9925597614792789
24868,Left,0.357060481972915
36053,Left,0.32607291320152154
12761,Left,0.12467267294907518
53513,Stayed,0.7828188917263179
33019,Stayed,0.9752571343598253
47424,Stayed,0.9388264360904651
58752,Stayed,0.862502438192356
45569,Stayed,0.5935467295669766
4679,Stayed,0.9176753131604272
62506,Left,0.31574834189815826
40501,Left,0.27273870509250353
20536,Left,0.08566595904352736
34491,Stayed,0.8967710254711846
19927,Stayed,0.8426271513233498
24949,Left,0.4620791898794426
48241,Left,0.22607599352540542
4885,Left,0.23522481257040473
19922,Stayed,0.6857554050381636
31389,Left,0.21357344267771067
72063,Stayed,0.7522898702149915
17832,Left,0.2997625743013879
14109,Stayed,0.567134166735098
70909,Stayed,0.7067791317928013
56006,Left,0.33313856590254975
21288,Stayed,0.6493183335595631
20620,Stayed,0.6480863332302416
28655,Left,0.11605480177139978
43003,Left,0.29704011560701915
23833,Left,0.2932698080394135
27754,Stayed,0.951896068128336
9273,Stayed,0.7948596711413453
8075,Left,0.41690595529324337
17854,Left,0.09921339710776367
39484,Left,0.3157144771889037
69879,Left,0.39837076257511184
20965,Stayed,0.7738018952854785
65513,Left,0.211803201520585
56349,Left,0.06798676956845168
72094,Left,0.35092491673493326
68507,Left,0.21484156601742935
22385,Left,0.3765172744418485
14945,Left,0.3461327293959702
25496,Stayed,0.646679333080273
38580,Left,0.21812504104609537
1967,Left,0.45843080237321115
2362,Left,0.06540885611772293
51653,Stayed,0.9029451999841104
24305,Left,0.2704674077378966
70222,Stayed,0.5468718469634458
72778,Left,0.19251511242062316
51061,Stayed,0.729488711468909
63730,Stayed,0.8747286390566711
19712,Left,0.16683060787480805
38616,Stayed,0.9195095508082124
31523,Stayed,0.7013851015542839
27668,Stayed,0.8906531421007259
4681,Stayed,0.7122158333123207
71420,Stayed,0.856729450274189
45731,Left,0.26729350060826573
61739,Left,0.3655155843939479
55601,Stayed,0.619114259322164
10124,Left,0.3655322655683211
65209,Left,0.13465693005635876
69063,Stayed,0.60584042537288
8781,Stayed,0.5694414184961356
44425,Stayed,0.9912380425401649
32699,Stayed,0.8711707160652409
26214,Left,0.33317030408071785
10816,Stayed,0.7755457446469508
49505,Left,0.47357339079841804
28908,Stayed,0.9431548476634124
40859,Stayed,0.8875763544942219
1079,Stayed,0.52972755816878
73961,Stayed,0.8134184246837324
39998,Stayed,0.6500404481547052
58015,Left,0.4569556902630643
56273,Left,0.1252788095730844
6101,Left,0.47602836134430637
22148,Left,0.3589097458643303
49795,Left,0.1750254718215942
4680,Stayed,0.9819863598307382
10673,Stayed,0.9219802076192636
60565,Stayed,0.8688099794196819
40821,Stayed,0.9152369533024076
7060,Left,0.20010717640089534
68661,Stayed,0.9302780180429704
48758,Left,0.3300892356788342
60515,Left,0.26610810613281355
20278,Stayed,0.9520310164344569
5518,Left,0.3495244218149464
25149,Left,0.27975533706163463
59562,Stayed,0.6213253046760061
6905,Stayed,0.6629089709701118
21803,Stayed,0.6531273427525099
25687,Left,0.3134654816869193
12663,Stayed,0.6832003444442811
1860,Left,0.3232800506509024
16766,Left,0.4243552313239768
68734,Left,0.17208646769003866
40313,Left,0.1985890834923887
48584,Stayed,0.8168233690615787
41961,Left,0.24321048659274408
18763,Left,0.4864871285701346
9756,Stayed,0.8211386271734603
44422,Left,0.389290401324827
10539,Left,0.22682581461559065
73173,Stayed,0.8184863545086843
3618,Stayed,0.7907831789059466
42694,Left,0.42087208709334173
47395,Left,0.47257989246031534
18024,Stayed,0.7973706607833707
16682,Stayed,0.7257713079004842
20061,Stayed,0.799742177912831
35020,Stayed,0.829519403436567
13088,Left,0.32232233784924746
11116,Stayed,0.7818669775014148
15034,Stayed,0.7339337030080703
2852,Stayed,0.7851845124160732
15487,Left,0.44142944296498715
60479,Left,0.3478898486149139
34577,Left,0.41070232017451436
28919,Left,0.3280212003782876
43143,Stayed,0.9851005662510407
36248,Stayed,0.73536807941353
68438,Left,0.33388857541907074
35045,Left,0.08332941221769795
8009,Stayed,0.8327852135502748
28933,Left,0.07607285562780022
9700,Stayed,0.9670973565465871
41443,Stayed,0.6205575939358811
58089,Stayed,0.9590758531015205
43326,Left,0.2925699357087699
31739,Left,0.3893653990415245
21957,Stayed,0.7034975776401771
22514,Stayed,0.8228953411784262
20347,Left,0.2473935057029633
44921,Left,0.2239988249329573
12635,Stayed,0.9923435678836953
71398,Stayed,0.6685853614089315
3118,Left,0.3798763711554631
73210,Stayed,0.5312439865008546
11418,Stayed,0.9258728742486151
27773,Stayed,0.7150980105562104
2153,Left,0.20748778597322498
12311,Left,0.15661133186291928
7933,Stayed,0.5323470718705273
6976,Left,0.3304282677898895
49186,Left,0.37158999842209905
73357,Left,0.16425389552776465
61889,Left,0.10767636536037291
17296,Left,0.34328107252277595
52688,Stayed,0.6667151360158193
53699,Left,0.34257434880104065
5315,Left,0.16634690255984633
65733,Left,0.21512434578063785
57322,Stayed,0.7343760336248631
58363,Left,0.18562360717484414
15180,Stayed,0.7496305068158201
70864,Left,0.24305239291809858
9088,Stayed,0.6416585595245683
60853,Left,0.22557215510150438
55260,Left,0.3263835323404439
11904,Stayed,0.7534396615760202
74006,Left,0.21096682080882548
8875,Left,0.19426646629757732
8935,Left,0.17609753383670945
66711,Stayed,0.5591641461295553
34419,Stayed,0.5710674016059694
15148,Left,0.26885874810300026
54014,Left,0.4682966602394753
37267,Left,0.4108127151082712
30850,Left,0.1623275018701857
69861,Left,0.10752799576094188
7617,Stayed,0.8340717784578567
12346,Stayed,0.7292250583027239
27050,Stayed,0.8457348005604229
57859,Left,0.3957004228726658
6185,Left,0.32441158067130943
14284,Left,0.43264320167026116
20794,Left,0.178617523958563
64748,Left,0.0972204359983331
17519,Left,0.3097858452903225
63119,Stayed,0.9782099194604851
62800,Left,0.24574698001964354
36417,Stayed,0.6123169126423246
20256,Left,0.23955387203672565
10875,Left,0.20813807907587129
21418,Stayed,0.9808343433275599
73585,Left,0.44880570407931875
72001,Stayed,0.7403013794948577
65230,Stayed,0.6718840051089918
51772,Stayed,0.662575434990361
74106,Left,0.4147913256912981
36386,Stayed,0.9970658020528409
35612,Left,0.20205153671701004
23194,Stayed,0.6930304818334305
4094,Left,0.24025351313004142
27099,Left,0.4018663453435139
48042,Left,0.29090809223560116
20833,Stayed,0.8964464108456895
6516,Left,0.42366877026033606
4690,Left,0.3695199559776088
47166,Left,0.13375749946737667
36319,Left,0.13032971422688616
7011,Stayed,0.9281044379685898
70819,Stayed,0.6451276828298748
48105,Left,0.25041750306071875
5764,Left,0.15342060105055336
6214,Stayed,0.9094413185409886
59371,Stayed,0.7936055137185541
2516,Left,0.2848140842820296
58947,Left,0.34448304688824055
50636,Stayed,0.7731767374305497
9936,Stayed,0.7725816575343578
50247,Left,0.35144423854684936
16246,Left,0.4068568469500579
63214,Stayed,0.9924798039270777
4245,Left,0.42840869778509194
28012,Left,0.18650832867982362
51330,Stayed,0.7357020830124098
53641,Left,0.23299985973276263
7319,Left,0.09382870643204762
9397,Stayed,0.8582232133415507
54336,Stayed,0.7775184877059068
6651,Left,0.21368846030944816
5599,Left,0.4104514382328421
11868,Stayed,0.5065464928040642
24427,Left,0.2743852753222215
25717,Left,0.3640548968408206
12482,Left,0.4287687893961792
3864,Left,0.272353113340641
62019,Stayed,0.9679249600286707
20005,Left,0.30999211086059086
53171,Left,0.2149080545715218
74049,Stayed,0.9330237749257903
1299,Stayed,0.7931947943812845
54207,Stayed,0.9874724564701955
8783,Stayed,0.6825224093206791
16074,Left,0.08533836833333187
38851,Left,0.1633146350478128
48478,Stayed,0.6185055441671072
3929,Left,0.4201803842444812
70690,Stayed,0.6769749156559397
42715,Stayed,0.7417003086225373
32566,Stayed,0.9250088674497436
47696,Left,0.3004035274624458
29090,Stayed,0.5448030118624452
65239,Left,0.30248263457456026
47238,Left,0.3519970696663718
21373,Left,0.46995102534403194
13326,Stayed,0.6129900885219212
66539,Left,0.35714509374929404
40412,Stayed,0.9130600914490157
39112,Stayed,0.661805779092148
24958,Left,0.3836851696706676
3931,Left,0.30223757378620625
27721,Stayed,0.9787018028650367
23208,Left,0.1506262355755938
11747,Left,0.2583483038918127
22042,Left,0.4064682208909891
47910,Stayed,0.7533926716175767
7515,Left,0.31774168767438554
58829,Stayed,0.564959503978553
7183,Stayed,0.9672326042650561
57972,Left,0.2657503851686288
15256,Left,0.14803708722313147
38051,Stayed,0.7607165602616051
23723,Stayed,0.993879610503778
41701,Left,0.13547428351247467
12960,Left,0.19093904388665722
45288,Stayed,0.9892753505407037
61960,Stayed,0.670497498032009
67341,Left,0.19503027060388398
42696,Stayed,0.6189912882976429
8743,Left,0.12966304555934313
74375,Left,0.23938513664606792
9223,Stayed,0.5605313826727903
53123,Left,0.4120349180186535
39996,Stayed,0.539215367431883
64449,Left,0.31341016312332975
43300,Left,0.23555303149776902
24281,Left,0.15631896066339368
3995,Stayed,0.576035804265496
6475,Left,0.15319872507935312
13427,Stayed,0.8331532729685304
12523,Left,0.1519034514399379
69695,Stayed,0.6042496860133718
19771,Stayed,0.9494280689988859
72377,Stayed,0.9815686067904287
25847,Stayed,0.7799627516387891
49944,Stayed,0.9927322053137791
53990,Stayed,0.9793761998858727
5716,Left,0.38257268185198784
16230,Left,0.20023829932393344
5171,Left,0.2773654146716127
35994,Left,0.47776107231128917
16527,Left,0.26696956069236005
1442,Stayed,0.8255061526123957
66966,Left,0.3509989509045249
64128,Stayed,0.5281519922576892
5533,Stayed,0.8495668108386643
44316,Stayed,0.5260724899155934
18944,Stayed,0.6454900463178823
7787,Stayed,0.8756665942938857
14497,Stayed,0.6627718532261346
71526,Left,0.4505496135101283
63042,Stayed,0.9525068564928365
1349,Left,0.19099863315273174
57421,Left,0.4907551705424137
6861,Left,0.11768649275897707
11703,Stayed,0.6733821447817037
62992,Left,0.09051797618188503
73446,Stayed,0.7240789270442775
20623,Left,0.19837440384691807
50675,Left,0.2956268379109966
9913,Stayed,0.9130409966234947
49533,Stayed,0.5745241167083336
59444,Stayed,0.5196340842747057
6049,Left,0.11770205321147191
43746,Left,0.2317432480525162
17237,Left,0.19758964824426956
62572,Stayed,0.924407326124425
43534,Stayed,0.8894573758939844
20197,Left,0.40357932712562333
22312,Left,0.18109298994831835
63864,Left,0.1892077185619284
13095,Stayed,0.7277149506230914
52032,Stayed,0.8524189090944696
69032,Stayed,0.7910993406296802
37552,Stayed,0.8094094081460302
5772,Left,0.1466763485796444
15704,Left,0.18245537384253976
32704,Left,0.22735260810614583
6232,Left,0.18904378321544696
11402,Left,0.4515849318731249
11755,Left,0.30308828287476003
4109,Left,0.27436924871054924
61842,Left,0.35673215357352905
27091,Left,0.2752991290268606
41452,Left,0.42119404781175984
27328,Stayed,0.8380109980761776
36756,Left,0.09454940866332151
66951,Left,0.12850400521291153
9818,Left,0.07963255016312105
30517,Left,0.33590081527259624
21780,Left,0.13091013293643666
39234,Left,0.39332547752045843
45317,Left,0.4676492000545058
9671,Left,0.28452623059447446
44782,Stayed,0.6645804493954833
1589,Stayed,0.6225536631822803
31573,Stayed,0.9521168113550595
33241,Left,0.17387297060025286
22611,Left,0.4744731742856017
36027,Stayed,0.688693514583094
26862,Stayed,0.8636887357207463
9288,Left,0.06736505553759228
16003,Stayed,0.9268625509670612
57834,Left,0.20936922146266448
16337,Left,0.36833411344047867
51461,Left,0.08986481490320344
49489,Left,0.45423644277308173
7724,Left,0.3201195306878073
49032,Left,0.2315773921958822
14006,Stayed,0.9414724990637575
74228,Left,0.24031541119181504
53882,Left,0.22905713889638274
70491,Stayed,0.8204400315176301
12540,Left,0.49084529955961137
2491,Left,0.28540747069895933
56403,Stayed,0.9325130823672111
5015,Left,0.2739969320207505
33146,Stayed,0.9056632351368767
68819,Left,0.1586963860570608
17346,Left,0.45942181481068606
72127,Left,0.27022785811337074
60492,Stayed,0.9458850390071807
70624,Left,0.1868151949904012
65801,Left,0.2268643687438059
32373,Stayed,0.5901625423311597
71367,Stayed,0.9060539465320173
12075,Left,0.1119792294210405
44385,Left,0.18367734045752118
25332,Stayed,0.7352987416065797
24255,Stayed,0.941918415619876
43896,Left,0.07502954562417292
60731,Left,0.2647016954398662
58783,Left,0.45545923912659947
57763,Stayed,0.9668862950177519
27369,Stayed,0.6158066123037957
64322,Left,0.15647270586062548
64144,Stayed,0.5956199783889579
10685,Stayed,0.6383797061700552
2747,Left,0.45418238850286197
24458,Stayed,0.9515937624727431
33931,Stayed,0.618669404585972
71168,Stayed,0.9245179939954945
28111,Left,0.21769230785644375
35446,Stayed,0.9396136781066045
68198,Stayed,0.9415203560961655
35040,Stayed,0.9959519616860896
13439,Stayed,0.5527831960066026
61330,Stayed,0.8240118370973321
42539,Stayed,0.8204821557654388
7570,Stayed,0.969301047771515
14615,Left,0.29648312474261124
14459,Stayed,0.987852721872651
23995,Left,0.18948955531489792
53801,Stayed,0.6572120657850232
60418,Stayed,0.5003539067195213
73224,Left,0.1413836777990149
66510,Left,0.1895067105513915
47498,Left,0.22505280353619675
22658,Left,0.45592443285489176
27722,Left,0.3138434974080551
11620,Left,0.3043290780770057
18938,Left,0.26193884647285776
46039,Left,0.3205295164528308
55564,Left,0.40332249039371304
46507,Left,0.2904651822269447
5891,Left,0.23337589824824798
33418,Left,0.2917927632537743
71245,Left,0.4236178867980834
32164,Left,0.24020169696547283
42573,Stayed,0.9638358905547607
55353,Left,0.33556984326512534
25141,Stayed,0.7019874057840653
30716,Left,0.3017685000025108
26822,Left,0.29588404322184647
56410,Stayed,0.992506095101193
66029,Stayed,0.7768465870343747
62744,Left,0.2571269186431174
35719,Stayed,0.8838801511449678
73026,Left,0.07058816326821737
59066,Left,0.28368546500331837
44800,Left,0.1458935711841766
22622,Left,0.21924480872428934
5712,Stayed,0.9854700185000572
23091,Stayed,0.8714001659987876
43922,Left,0.1833968551243102
2814,Left,0.20861377951825444
18727,Left,0.2847713810568029
42007,Stayed,0.8764565077987784
32595,Stayed,0.9771135139108308
39778,Stayed,0.7115308169503299
43621,Stayed,0.5661374288357238
7271,Stayed,0.9336746052237719
62607,Left,0.30118691078433163
52866,Stayed,0.8400760439148847
46787,Left,0.13973527997720062
37352,Left,0.0807884957794691
54128,Stayed,0.9533809828010171
22194,Stayed,0.9690970997749677
14529,Stayed,0.848889663202519
72539,Left,0.3875761841783199
59414,Left,0.38051190896714454
68538,Left,0.4194832744345055
43378,Left,0.45137418831187603
4283,Left,0.17918560454994564
55465,Stayed,0.8793658023734133
17211,Stayed,0.854204563633462
69254,Stayed,0.6606822676271444
70181,Left,0.19322419705280608
2906,Stayed,0.6669570878337865
28533,Left,0.3485055842438612
23847,Left,0.4460080536120168
45787,Stayed,0.8021598933738785
45400,Stayed,0.9616514924808037
6555,Stayed,0.7679229496954957
8926,Left,0.0909596306042702
52360,Left,0.45212753323249605
13811,Stayed,0.9516764633138476
46658,Stayed,0.859423488635973
8942,Left,0.07400153725703669
69140,Left,0.2536711554344813
35509,Stayed,0.9304576031942302
36010,Stayed,0.6656744652854149
35150,Left,0.32181927019745954
24445,Left,0.4206348194994306
18700,Stayed,0.7786449485621273
44286,Stayed,0.8736429924270458
36879,Left,0.24739324731334536
12515,Stayed,0.5108639195441224
2559,Left,0.07928448576439476
47933,Left,0.3606380694397697
4457,Left,0.42855172159181126
56652,Left,0.13831994147579016
62684,Left,0.09573903364462125
59778,Stayed,0.7505516585175188
9062,Left,0.494141519582162
2241,Left,0.2511097792575022
21975,Stayed,0.6087486922355541
30082,Stayed,0.8502880602642596
47384,Left,0.20759497973844349
14922,Left,0.15973959251232867
34888,Left,0.24180363758344903
58841,Left,0.1847598274101936
33114,Left,0.27418935529895455
25254,Left,0.2663780041675004
6085,Left,0.3290338371435087
40580,Left,0.43939991088057584
18857,Left,0.31017892777902517
56469,Left,0.49509458272699686
24165,Stayed,0.7644913989369081
10905,Left,0.4410638750883088
1898,Stayed,0.9050077839653204
29011,Stayed,0.5301516482745775
64572,Left,0.07983670868127977
73801,Stayed,0.9815388324719228
18564,Stayed,0.5722556884363447
36250,Left,0.48882980343071236
40208,Left,0.3160807437835583
60226,Stayed,0.9662125242209174
38662,Stayed,0.9805514125504444
61683,Left,0.37129688822729456
42348,Left,0.27421583604898736
35039,Stayed,0.656310966395006
39437,Left,0.4099566578867844
11078,Stayed,0.7927152881023456
47785,Stayed,0.7510797246107203
22368,Stayed,0.9657169580183326
31455,Left,0.19588184706448797
50955,Stayed,0.9796527824098639
43750,Stayed,0.9801950404394807
23593,Stayed,0.801271782399133
22002,Left,0.3067195101977461
42527,Stayed,0.6482779588379901
56692,Left,0.26149391714848175
1323,Left,0.264780442978735
34859,Stayed,0.9344348812821226
19768,Stayed,0.9494506664230964
9992,Left,0.32224429317092
13111,Stayed,0.7426525661251955
29009,Left,0.15177887587537459
29285,Stayed,0.9164103542569249
43854,Stayed,0.8748259740476989
35131,Left,0.28684369599612564
66957,Stayed,0.5227685528594053
58767,Left,0.49505652608715667
5999,Stayed,0.7321584034992683
3219,Left,0.0852510763426624
57369,Stayed,0.6183024702221994
70781,Left,0.3870438611959142
33138,Stayed,0.5528412664216785
69421,Stayed,0.8480775259552706
34638,Stayed,0.8482054584530153
24970,Left,0.3440851826784238
7516,Stayed,0.9555774588133661
63901,Left,0.24722756752781183
39261,Left,0.08845114174186493
35120,Stayed,0.8188309205733078
35090,Left,0.20587386222777185
58636,Left,0.210928784815593
54662,Stayed,0.7503096836478651
11500,Stayed,0.9628690515796939
66695,Stayed,0.5424207606875113
74324,Left,0.3726117078201094
18110,Stayed,0.6996306287213568
27846,Stayed,0.7704034095386054
13564,Left,0.16331901777632427
60716,Left,0.0868942506870296
49276,Stayed,0.9800508155360618
9195,Left,0.19393267967244016
38883,Left,0.16506785919254732
61776,Stayed,0.6933270878687114
9255,Stayed,0.9196405658583652
31562,Stayed,0.8627004145047713
56604,Left,0.20690758468719506
57128,Left,0.10109543268883338
43967,Left,0.223468020435581
15813,Stayed,0.8458295532045158
68714,Stayed,0.5067529183645993
69850,Left,0.4023283802505674
27712,Left,0.2871344228180257
38448,Left,0.189639389804595
13717,Left,0.21212842797139572
17618,Left,0.1580078824162732
53502,Left,0.3234598444126161
35850,Stayed,0.8970022964768101
8229,Left,0.2782345259117027
62928,Stayed,0.5349082376369039
52828,Left,0.29408376013316745
28625,Stayed,0.5134208330147667
59641,Left,0.40933352461006905
43366,Stayed,0.7797113699925429
22601,Stayed,0.8380768271788416
48817,Stayed,0.9580555736280547
68868,Stayed,0.9712202794602229
18904,Left,0.30400784889199656
49015,Left,0.34099966890981365
53868,Stayed,0.909553882932415
41945,Stayed,0.50313652131373
63959,Left,0.18510477293493044
65980,Stayed,0.801814639515959
64456,Stayed,0.8985997490315608
26116,Stayed,0.988379607799908
2056,Stayed,0.8971448455826644
36530,Left,0.16455358865180733
9819,Left,0.22721381742527408
45474,Stayed,0.9886280313900327
71204,Stayed,0.7469002837813613
31092,Stayed,0.8880008294598406
6940,Stayed,0.5049125707324472
67131,Stayed,0.6061383151672579
43056,Stayed,0.9955524286101441
44933,Left,0.3511771502061928
58634,Left,0.31781488094202776
38528,Stayed,0.5007366691168512
9101,Stayed,0.9490762442172072
50271,Left,0.21241413838372322
64038,Stayed,0.6662171692410948
45904,Left,0.2709177249727075
2182,Stayed,0.6266280059806495
67609,Left,0.08812298366500389
73371,Left,0.3603088475844989
23882,Left,0.11271272213293124
66782,Stayed,0.9109740168252686
70689,Stayed,0.5184549695849949
44219,Left,0.28198548687138364
73291,Stayed,0.9749196478549197
1812,Stayed,0.6866920033938969
54256,Stayed,0.8527386405426546
24739,Stayed,0.6603071888439549
50749,Left,0.41732884429476985
19367,Stayed,0.9943105145352306
49807,Left,0.2779949709797317
71647,Stayed,0.9579665911749903
71,Left,0.39775714902752185
16936,Left,0.3119997717725693
26785,Left,0.4329954791528539
74081,Stayed,0.8434991089818923
64770,Left,0.4944619897364578
3733,Stayed,0.7963298989791304
11388,Stayed,0.8380181360665394
45869,Left,0.16480899337631086
9939,Stayed,0.568726620617374
53577,Stayed,0.9648027417006417
33473,Stayed,0.8632653189264389
41083,Left,0.38702671327572175
20771,Left,0.2931366150384612
18458,Left,0.32601085584244227
55274,Left,0.3367942527011822
22021,Left,0.3620293742593458
26625,Stayed,0.6156629377119782
72226,Stayed,0.8952444435478591
9754,Left,0.10062280245700601
69490,Left,0.18647699956233174
44735,Left,0.2861378093015309
19803,Left,0.3269393550402508
50738,Stayed,0.5644552405770968
59314,Left,0.22813864244042567
32103,Left,0.47595252173828456
564,Stayed,0.5921098693318403
52373,Stayed,0.5441493123661515
29824,Left,0.14092219158187727
63432,Stayed,0.9382854851907098
39691,Stayed,0.5850635353539243
5529,Stayed,0.9779292903629153
64295,Left,0.31939332675429144
66412,Left,0.32810361634638446
3176,Stayed,0.8173969226743638
56512,Stayed,0.9918328979678521
58971,Left,0.4009540003083163
35701,Left,0.2529616384545054
71573,Stayed,0.9577756669505778
49292,Stayed,0.8866331664274654
66608,Stayed,0.5222135162749905
26003,Left,0.38096006658212017
16410,Left,0.14425576526648234
57810,Left,0.35794255288418503
15533,Left,0.36413049388238583
32631,Stayed,0.5754392475184067
43874,Left,0.4604868505825127
72054,Left,0.2514128361822505
22411,Stayed,0.9451709448767055
5163,Stayed,0.6233787400270185
18521,Left,0.22019389541880535
48843,Left,0.25054923430875464
66638,Stayed,0.6572488434673445
16267,Stayed,0.8246514520323723
10571,Left,0.15287145068950644
18634,Stayed,0.7377659123668262
52123,Left,0.4226494729549792
60269,Left,0.38467102832070155
46394,Left,0.2708044472813265
20280,Left,0.36893796204250684
63976,Stayed,0.6416623337717805
67639,Left,0.2231946547399901
12242,Stayed,0.817585522568011
2332,Stayed,0.9538162289220823
68980,Left,0.16138171547699312
24493,Left,0.3811923228425561
53293,Stayed,0.7826449921627423
25012,Stayed,0.6147284385065421
53402,Left,0.20447395527417428
17404,Stayed,0.8375608957614767
16277,Left,0.3691828400667928
46509,Left,0.42810052242241803
7316,Left,0.2053679122987198
53505,Left,0.3670376480888514
30426,Left,0.12658873756305233
64813,Left,0.30736547327124164
65563,Stayed,0.8593618686732942
33188,Stayed,0.9182920548993676
15890,Left,0.3090700875476459
10033,Stayed,0.7130329558538051
56730,Stayed,0.9037785831181866
29652,Stayed,0.5284213494883246
17653,Left,0.3454419646256884
69126,Stayed,0.6435344897050206
4570,Stayed,0.7969874193664331
33262,Stayed,0.9805240433587079
2617,Left,0.10964447434751676
25926,Stayed,0.9954702960278307
7412,Left,0.29477213005337866
31406,Left,0.3456956573173852
12204,Left,0.083713339354188
20454,Stayed,0.5870271644231536
44818,Stayed,0.6849617732457698
42205,Left,0.15999070638242488
16802,Left,0.25062618236560413
22550,Stayed,0.9789126400874198
42516,Left,0.31278252360646575
22009,Left,0.29754181829410553
51032,Stayed,0.518756687764612
20083,Stayed,0.5348870011804013
41893,Left,0.22951661046077002
1690,Stayed,0.8994978505140167
56186,Left,0.15902195429050028
17234,Left,0.2792112964735236
4819,Stayed,0.587753655567711
6676,Stayed,0.9895546035070191
8726,Stayed,0.8870069009104229
73372,Stayed,0.6796154178785635
44147,Stayed,0.6311405395825895
11308,Left,0.3918453448527778
63558,Stayed,0.9935716225263748
5173,Left,0.19083202390353307
26480,Left,0.4256277680918212
23211,Left,0.3975987010455782
63554,Stayed,0.6900765750623656
41585,Stayed,0.5488487055914183
45147,Left,0.32093019473889645
43139,Stayed,0.796465597414432
22041,Stayed,0.9423927597086535
25968,Stayed,0.6611541156145792
4529,Left,0.3633059901160475
30579,Stayed,0.8894711048973437
67776,Stayed,0.8283773853562368
39950,Left,0.4004219442954912
43582,Left,0.04036282770420111
61028,Stayed,0.7710446923234453
31598,Stayed,0.9495136362203723
68906,Left,0.4199221984898615
67779,Stayed,0.9700549092081092
36083,Left,0.49024683765856114
39749,Stayed,0.9787893345777747
58624,Left,0.07864060948802787
586,Stayed,0.8601456041083415
62804,Left,0.2940218625378532
25984,Stayed,0.8388649313881563
8531,Left,0.31707940790181677
37091,Stayed,0.5888331068286122
39513,Stayed,0.9503624118990672
64706,Stayed,0.8110885136307852
54114,Left,0.3192850872615985
19731,Stayed,0.9585127865128327
22040,Left,0.411570460759717
4040,Stayed,0.9514230659411038
28316,Left,0.2300450142302125
995,Left,0.3863695981405172
64142,Stayed,0.9925459289078807
65173,Stayed,0.9600837127034554
51352,Left,0.41144360042726885
53691,Left,0.0783650105275384
34779,Left,0.4357736109539931
45401,Left,0.25923580015719705
35190,Left,0.062296244286725984
7564,Left,0.2946272227785887
25544,Stayed,0.5549236936957944
29069,Stayed,0.5007676773279077
1190,Stayed,0.5138756826406442
12692,Left,0.37576824625401123
1194,Left,0.3144211010384113
66348,Left,0.22101787877384235
21634,Left,0.199970243195983
25784,Stayed,0.9175118169157487
49235,Left,0.21117193176397223
63114,Left,0.08752741113766302
2266,Stayed,0.788175310831137
52603,Left,0.42792884997159153
48272,Left,0.4680299176007894
73296,Stayed,0.8214914512078585
15244,Stayed,0.9898363077874288
56627,Left,0.21175416007978315
56330,Stayed,0.5561869891183299
29183,Left,0.33419633206450444
28362,Left,0.31068544698971684
73093,Stayed,0.9699238070324794
36272,Left,0.43403492374641384
37736,Stayed,0.7551567713053792
28786,Left,0.13728990663144988
20893,Left,0.4074860242508918
9978,Stayed,0.7655389289972159
6273,Left,0.1462440062811163
56955,Stayed,0.9164156956566688
68731,Left,0.21011038250169287
67733,Stayed,0.7115548659431706
49556,Left,0.20098610535514894
72639,Left,0.33572272965190975
35073,Left,0.19319183706230145
23767,Stayed,0.5340522842956629
51228,Left,0.39280304695278523
3947,Stayed,0.9400016792047519
38341,Stayed,0.9753678537104714
9448,Stayed,0.88548008704477
379,Stayed,0.9505889537657455
44579,Stayed,0.9323441008492112
72845,Left,0.18012462843292062
43648,Stayed,0.969966470585368
16823,Left,0.3824123405929558
9332,Stayed,0.9872931451885237
1624,Left,0.10849352414231676
18780,Stayed,0.9286172590638618
53963,Stayed,0.9503527960405646
18011,Stayed,0.9070594315735128
43295,Left,0.3734273237105503
39355,Left,0.17298528179010284
28159,Left,0.4522554032905578
32128,Left,0.0899355217018764
26097,Left,0.19141984802780404
42004,Left,0.2668378698707897
57211,Left,0.3123130022351216
50693,Stayed,0.5590305473554718
72772,Stayed,0.9633612237054149
46870,Stayed,0.9949106571674001
53160,Left,0.19790481182692612
37371,Left,0.18035144386489654
19439,Left,0.21022566919063068
67538,Stayed,0.5844605641095763
25772,Stayed,0.5697768533007139
48831,Stayed,0.7372436048909081
57556,Stayed,0.5999182121869195
48452,Stayed,0.6054994709073659
19989,Stayed,0.939147466636637
39350,Left,0.39663445428134764
47557,Left,0.3957487729597854
52448,Stayed,0.9365352129558506
39371,Stayed,0.6387155273992626
3941,Left,0.4095858665698187
55003,Stayed,0.6248240790598734
33178,Left,0.13884994086247496
16345,Left,0.25696397582492553
36210,Stayed,0.822900963584991
53653,Stayed,0.517609743372319
8711,Left,0.3265227981382718
29842,Left,0.1457301925086709
29628,Left,0.21739488308935634
39276,Stayed,0.8088585748517784
37484,Stayed,0.9310767069187205
25261,Left,0.19383591132517866
70303,Stayed,0.6158218167155132
21383,Left,0.43774307385020184
42290,Left,0.06461862560306887
24984,Left,0.40138660972816326
55701,Left,0.1794994087798053
55145,Left,0.18226633706468834
1122,Left,0.16268499415547705
32124,Stayed,0.6993696492592966
4197,Left,0.29808104733658863
53849,Left,0.43767058614759
26865,Stayed,0.9241328872881223
65900,Left,0.2530291088847851
32462,Stayed,0.6626115013368511
65105,Left,0.22641673599698225
42878,Stayed,0.838400472773491
72753,Stayed,0.564531904180399
36025,Left,0.07613575487253069
1001,Left,0.36158385972334384
60538,Stayed,0.9365846709483362
36826,Stayed,0.9945831474152582
42031,Left,0.3060102665635372
34686,Stayed,0.6804215761709593
63291,Stayed,0.6828672250538281
57312,Stayed,0.7999094848352253
41590,Stayed,0.5159248519337499
62367,Left,0.2082219209941619
55222,Stayed,0.9196111106491943
20819,Left,0.10120505493574229
42450,Stayed,0.9837851766489039
50466,Left,0.3798082336103364
65693,Left,0.40537671592851743
67057,Left,0.278442126748911
47586,Left,0.12099003586307663
48728,Stayed,0.8004471083723437
51649,Stayed,0.7998503056980235
48410,Left,0.27566393715204973
65825,Stayed,0.840702600462268
69976,Stayed,0.9123946598784378
41117,Stayed,0.9744017134157282
43283,Stayed,0.6140044568320041
67869,Stayed,0.513667497172306
59466,Left,0.19585652204728107
13421,Left,0.3525483489779691
62398,Left,0.2456720527203403
4531,Stayed,0.526976221697298
72209,Left,0.08563017308792838
41016,Left,0.3324220911943813
781,Stayed,0.7706427522533025
69647,Stayed,0.9293669116474431
43930,Left,0.47165519661022903
17861,Left,0.23908923152832218
53994,Stayed,0.8564126858090271
49744,Stayed,0.8895417131693307
52904,Left,0.3605887887558568
22529,Left,0.1393859700657558
16358,Stayed,0.9762879221173876
4365,Left,0.07442061887229402
55034,Left,0.10442501065650008
32666,Left,0.17780343158206857
64444,Left,0.3642949500083984
74441,Left,0.2710289326426792
681,Stayed,0.7407574059106158
10895,Stayed,0.7987100576662571
9502,Stayed,0.708295632693747
48350,Stayed,0.8598301546204895
67954,Stayed,0.5049275949682073
12065,Stayed,0.9524368148484044
36616,Left,0.4382948076671756
33963,Left,0.2523061004730479
74021,Left,0.14221506626124675
45990,Stayed,0.5080110106263331
5733,Stayed,0.946904436702663
24746,Left,0.3886120227158161
30595,Left,0.39061816682699885
3221,Left,0.3945021185455503
34442,Stayed,0.5484726245695624
7484,Left,0.46102933642575283
15645,Left,0.3996123085641927
46591,Left,0.4311502938302152
35967,Left,0.10317435366800991
51930,Stayed,0.8644365587317141
21162,Left,0.41238732066977035
64749,Stayed,0.5633075538013446
10362,Left,0.2327505834549219
6673,Stayed,0.9725924047277177
11307,Stayed,0.8150865362870175
51939,Stayed,0.7833496469136446
25034,Left,0.0888070608037053
29647,Left,0.18817664983597007
60474,Left,0.13996208463046594
52864,Stayed,0.8731898279619983
71005,Stayed,0.6616647164145277
28922,Stayed,0.9942202357697062
34105,Left,0.11120813666545551
8936,Left,0.2350633155066505
25690,Left,0.42507011127976363
37795,Stayed,0.7741639049256234
48334,Stayed,0.9787035882141584
34420,Left,0.2491014916775389
35684,Left,0.12270885251412181
2142,Stayed,0.9137364612285357
26608,Left,0.20082842869735174
39321,Left,0.10486615522665073
13926,Left,0.4451712683931491
24440,Left,0.18277497896553313
45793,Left,0.3346005166140585
35251,Left,0.18916294540416026
31198,Left,0.10217107409827089
20757,Stayed,0.6611951581416478
67203,Left,0.43261345831746034
35347,Left,0.3103957430501957
22754,Left,0.2742513799679887
67219,Stayed,0.9599811419582521
21766,Left,0.3626110679918506
56609,Stayed,0.583403216552525
45911,Left,0.4194820041026583
22497,Stayed,0.6813828125313416
12725,Left,0.3138296044375016
72849,Left,0.11348196300590334
66427,Stayed,0.9452732214093127
2955,Left,0.15010068306182253
73238,Left,0.41815281297088025
71088,Stayed,0.7156962743932063
14476,Stayed,0.5890117856452608
69387,Left,0.17056592108111457
3054,Left,0.43323659358897615
69047,Left,0.43317926830427017
27171,Left,0.34209089106929397
7292,Stayed,0.9569198436071319
7210,Stayed,0.9869108895291261
72175,Stayed,0.9272265341721752
24783,Stayed,0.6749301248295466
25653,Left,0.42247373073486516
40565,Left,0.19026346136056424
34101,Left,0.2836080855836743
42547,Left,0.18483023749456792
30457,Stayed,0.8478690831681129
42393,Stayed,0.6421877713223779
24369,Left,0.47574742501088346
9460,Stayed,0.8656427554768485
13152,Stayed,0.5599825262884721
53542,Left,0.39716559485663866
56260,Left,0.15188287110930807
63655,Left,0.3120068099535224
28763,Left,0.1208050433066149
67047,Left,0.27860883832164424
66411,Left,0.37792885873862003
40535,Left,0.26406287508741544
66309,Left,0.33346292325529453
23263,Stayed,0.9916472549780189
36074,Left,0.39414519629941136
56882,Stayed,0.8792729308501616
14453,Left,0.3782031446844942
72386,Left,0.17492883860707648
62329,Stayed,0.976583137631962
42059,Left,0.36402613636087783
12958,Stayed,0.6996503269797486
22499,Left,0.2765350460756113
33588,Stayed,0.987232466951622
33233,Stayed,0.8886071247562508
5289,Left,0.05171495870081203
41825,Left,0.2607835284435917
18787,Left,0.3589863805111884
931,Stayed,0.9088176669923878
17690,Left,0.3007023676160886
36606,Stayed,0.9861511884182937
1228,Stayed,0.6410765443151727
58637,Left,0.07470031185988883
16327,Left,0.11224965284514898
3402,Stayed,0.9437746036181619
57163,Stayed,0.5731218060824074
28663,Stayed,0.6958642485036061
18358,Stayed,0.5691394027944684
49264,Left,0.3585868031414745
71873,Stayed,0.6061403084010651
14999,Stayed,0.9855512254754278
64627,Left,0.30982374246552996
49023,Stayed,0.9440338835354822
73109,Left,0.37370920339662594
38142,Stayed,0.5650993103370836
59364,Stayed,0.9326617622035956
12107,Left,0.39948115057302575
60603,Left,0.4780633914957289
32383,Left,0.4176158694665081
66280,Stayed,0.9954090534222685
17639,Left,0.18938038293253226
12342,Left,0.3207663901645219
43841,Stayed,0.7610440265065069
65048,Stayed,0.600587949554774
73436,Stayed,0.966297694278735
59236,Left,0.14070125306133355
62276,Stayed,0.9933469531196326
67735,Left,0.31446129369243014
60710,Left,0.4970144734277718
35005,Left,0.3186926787133596
31902,Left,0.42840262929545353
61771,Left,0.11194713882697947
46813,Left,0.33241087163166644
12401,Left,0.25545389071181523
56220,Left,0.49455509928570024
50616,Left,0.133023043898518
37493,Stayed,0.7975984347368619
20168,Left,0.26177826367275386
12201,Left,0.442700745573319
55571,Left,0.33961948105050865
57289,Stayed,0.9272402637018273
32649,Left,0.4990368930089969
6479,Stayed,0.5728040771750188
1310,Left,0.40997367066154067
63623,Left,0.10027029899773118
25088,Left,0.37292795529426015
2288,Left,0.327929983262358
18397,Stayed,0.5845924535488136
55149,Stayed,0.5625330236067012
40469,Left,0.30446094768521437
71017,Left,0.3898882235090929
64474,Left,0.25356128489389496
30020,Left,0.45273018914100954
50937,Left,0.18645849676595755
40715,Stayed,0.9382870722421476
52768,Stayed,0.5969004184047182
16355,Left,0.17984443513499476
38130,Left,0.34718768379843756
61091,Left,0.1768917924178721
69428,Stayed,0.8016202635390671
47710,Left,0.4257366230050324
33868,Stayed,0.8379712472570878
58369,Left,0.1926287719915453
32942,Left,0.28919631205888
42545,Left,0.19806452096028704
73728,Left,0.23191602953935908
32297,Left,0.08092565193298447
48302,Left,0.45828040344861437
56438,Stayed,0.8690870541266278
67428,Left,0.23160435608730878
40817,Left,0.3765208638692557
64593,Stayed,0.9345468051086293
17081,Left,0.40267635096533266
18254,Left,0.34387523351614213
66555,Stayed,0.7330257224881853
13023,Stayed,0.9869067750477171
40035,Left,0.2415229225402277
56859,Left,0.2702635645913853
59213,Stayed,0.9554815340181989
51636,Stayed,0.918315116778066
17713,Left,0.20819400165631172
66304,Stayed,0.503166949249882
54279,Stayed,0.9916777570720976
43385,Left,0.2509848690710068
32821,Left,0.20556700388189397
23518,Left,0.4813721186741906
42210,Stayed,0.6268190305152939
13077,Left,0.1466883551670197
54141,Left,0.4119204130264815
67178,Left,0.33675519858478764
70254,Left,0.3059646783557214
73455,Stayed,0.5497081550820959
25200,Left,0.19667311924738407
29793,Stayed,0.834110067399593
2542,Stayed,0.7300216996283919
19843,Left,0.24761096510054625
20901,Left,0.460941967169303
34215,Left,0.20750904047627333
24749,Stayed,0.6114278858865719
58251,Left,0.2386016214335914
10971,Left,0.433027214878339
41862,Stayed,0.5620066130509326
7885,Left,0.201959892654391
47485,Stayed,0.5313631326992008
1167,Left,0.14226808201342456
62477,Stayed,0.9369554934880143
14219,Left,0.2011148356701956
34688,Left,0.39308858447968714
16432,Left,0.29917133534353185
33000,Left,0.1185981419282094
59153,Left,0.48907482532245955
23323,Left,0.14289253246869035
26107,Left,0.10887254567407051
16791,Stayed,0.5263503816127607
47182,Stayed,0.7197463299846247
73038,Stayed,0.7362984144341218
3566,Left,0.2640196778957893
5186,Left,0.16155456106310223
42257,Stayed,0.9602477338264851
6537,Stayed,0.7788350317624637
25841,Left,0.29259815385275356
3172,Stayed,0.9727394556077203
1165,Stayed,0.889402894554398
19146,Left,0.3052915408206085
278,Left,0.33610879075881694
5511,Left,0.33089559367380933
5741,Left,0.4342888505667891
43243,Stayed,0.5906849274025401
2114,Left,0.19218383147926998
44199,Stayed,0.7842377287463564
51998,Stayed,0.7123939865252465
13970,Left,0.17406894840566417
8816,Stayed,0.6595343065376111
39705,Left,0.39095744037041313
2910,Stayed,0.9334601747753588
51958,Left,0.3531340221274414
50031,Stayed,0.9828640187976058
43766,Left,0.11389058636659667
30143,Left,0.4288037066217492
20945,Stayed,0.6192324255027986
17747,Left,0.09254658059799274
71130,Stayed,0.8866082050756431
18591,Stayed,0.7960247399217678
61966,Stayed,0.8566258627146237
32181,Stayed,0.9484099818104492
37554,Left,0.46187066931357407
24541,Stayed,0.5153758268375191
15445,Left,0.39637492782822453
34882,Stayed,0.6199466989999474
34439,Stayed,0.9158105776947523
3417,Stayed,0.6002036993746406
33503,Stayed,0.6688363924284852
67338,Left,0.2971886997138337
40815,Left,0.14377059164645642
21983,Left,0.3052797045539901
698,Stayed,0.6381271531024639
70846,Left,0.39967608728063364
51471,Stayed,0.6769288012943134
51764,Stayed,0.9384569956302237
15882,Left,0.23964762451862637
1291,Left,0.499515404096452
59580,Left,0.43216598187519
63409,Stayed,0.7655348556899753
24379,Stayed,0.8334615586868005
55619,Left,0.11399781428160297
1609,Left,0.22505385059957125
50403,Left,0.18172279606224853
14624,Left,0.35723434644339475
40880,Stayed,0.9358862757008117
42663,Stayed,0.7227690827375464
58732,Left,0.3034926492981974
30345,Stayed,0.9933727198743285
68733,Stayed,0.7866395370174746
73024,Stayed,0.7655063550183739
53233,Left,0.3147556821126011
3154,Left,0.3108301680526432
24829,Stayed,0.801706948813438
16701,Left,0.21349101513054655
32771,Stayed,0.8540654446452512
49564,Left,0.45231419693574343
64935,Left,0.07830284639689286
17809,Stayed,0.9906786519069711
17556,Stayed,0.9776504610776448
33151,Left,0.15704210466531773
47356,Left,0.11796757395355782
56127,Left,0.34522698121681455
38612,Stayed,0.6535711983486898
35408,Left,0.39490816581445737
31435,Left,0.28017590995382186
42406,Left,0.10142099727993242
67725,Stayed,0.9903556069865762
68642,Stayed,0.7054425169246785
27534,Stayed,0.6148184494595567
45489,Left,0.4637318166251565
10173,Left,0.2515657638076529
50758,Left,0.12741504245646484
70375,Stayed,0.9771590376852192
68543,Left,0.2290286711432309
67146,Stayed,0.950774056825818
29315,Stayed,0.7433970737780904
7360,Stayed,0.9447939743007666
33722,Left,0.4873647644213881
27297,Stayed,0.965215800089447
19322,Stayed,0.7074411281737109
54096,Left,0.22505008821004427
19485,Stayed,0.9583328049873561
62600,Left,0.24982257213418377
45906,Stayed,0.6340540085595538
5563,Left,0.3952125758914212
37593,Left,0.13960782917751383
56024,Stayed,0.9311423728304213
34546,Left,0.2508088270860019
32573,Left,0.23857843778367813
32558,Stayed,0.652097115372641
65003,Left,0.2594777546407384
68296,Left,0.2808139771383907
68351,Left,0.18640934983422988
9200,Stayed,0.9085841412049555
62350,Stayed,0.746468188989618
56779,Stayed,0.6253737027836228
32029,Stayed,0.964896354111433
1902,Stayed,0.8181993294308777
26793,Left,0.09838572323835124
32723,Stayed,0.7766086979383329
67829,Left,0.24180110998538126
17540,Left,0.22168233311907548
4624,Left,0.4277408291868838
67966,Stayed,0.9228098311085644
67081,Left,0.27133939554056935
54280,Left,0.17301846891378772
54614,Left,0.23577996218583666
28138,Left,0.2956596814725875
44984,Left,0.19424909487194805
4595,Left,0.22472956572817
63269,Left,0.27557676112403084
70627,Stayed,0.8299404029280543
773,Left,0.48054165557652373
21812,Left,0.3286818071427113
10818,Left,0.08513110396315784
34151,Left,0.14372708825792596
30358,Stayed,0.8876338002247502
40796,Stayed,0.9741415306015331
49313,Left,0.13395948348464415
48132,Stayed,0.5971047487559255
55706,Left,0.3687433444452506
14505,Left,0.14326443701369446
62840,Left,0.15728150391602272
74243,Stayed,0.5138127441151771
37602,Stayed,0.7121877661119864
2779,Stayed,0.6675207366386717
50684,Stayed,0.9962176929585684
36179,Stayed,0.7118631142672089
74362,Stayed,0.7134359025142751
10994,Left,0.30618680815287613
17782,Left,0.23627156275860428
22434,Stayed,0.5023287862254332
65841,Stayed,0.6945673906243816
20702,Stayed,0.5477573898549835
15728,Stayed,0.611319252836962
27326,Left,0.15865671497124442
50224,Stayed,0.9034839225750231
20633,Left,0.32139614382307935
34454,Stayed,0.9889686924195595
67103,Left,0.47482943347601486
4266,Left,0.3568870479781291
28967,Left,0.42343699276946234
42107,Left,0.42637272086103456
19445,Left,0.16742164962746198
5564,Left,0.3063890862841476
50491,Left,0.34747047545620136
36574,Stayed,0.9692157366873858
57827,Stayed,0.9650733839133527
27643,Left,0.31702412515052536
49073,Left,0.16281366531739888
2751,Left,0.12080989102394171
899,Stayed,0.9541481336377726
56350,Stayed,0.7605773867853409
366,Stayed,0.8405401759552737
47870,Left,0.08866658960649337
27696,Stayed,0.5701392671074927
63007,Stayed,0.7927194026962474
74325,Left,0.06003910761810882
36486,Left,0.3185756833823528
20973,Left,0.29124967853411105
72781,Stayed,0.922806666489864
23353,Stayed,0.9851006976821403
7641,Stayed,0.6879769795370433
16409,Stayed,0.8422481886977891
69734,Left,0.47176148370952126
67800,Stayed,0.6405810893785321
13144,Stayed,0.6596518616819601
3701,Stayed,0.8564776755195405
30209,Left,0.23741117865223732
33602,Left,0.31591515426559197
66045,Stayed,0.6191403431919086
55407,Left,0.4803449982555549
20566,Left,0.2562651072901672
42938,Left,0.2681815028507453
13268,Stayed,0.9657754346211501
20890,Left,0.46003566660798845
43767,Left,0.48904990677309956
66826,Left,0.12577232985775244
69650,Left,0.2628075626926904
63593,Stayed,0.8330031895440243
36178,Stayed,0.994268558999938
50726,Left,0.47734337870682125
18545,Left,0.16338867869590473
34804,Left,0.4275779546815687
26102,Stayed,0.8645321763109819
45847,Left,0.1746676132027838
30056,Stayed,0.565215048064616
20187,Stayed,0.5558040548973454
84,Stayed,0.8280979527212872
21591,Stayed,0.890142412684204
72440,Left,0.31989771726982535
6666,Stayed,0.9724532361768546
62192,Stayed,0.9824273987240445
63496,Left,0.14950771331324922
28121,Stayed,0.7814813913022837
2902,Left,0.11802621624822439
11437,Stayed,0.6425024832865898
60483,Stayed,0.5913496796882278
69511,Left,0.12276753797463598
50455,Stayed,0.6472476323760674
59894,Left,0.23311936314609744
64413,Left,0.14191329169701156
33483,Left,0.13680121978916315
59516,Left,0.37250043851127523
5269,Left,0.15122445663803225
67819,Left,0.420617065135555
37909,Left,0.36318902454563473
2442,Left,0.4156416848516762
27986,Left,0.22931755153337713
24317,Left,0.21630006837431545
4042,Left,0.09621223333629116
9888,Stayed,0.5411796089366753
35468,Left,0.30987455970836647
32731,Left,0.3463113918577655
36900,Left,0.2134173523448783
39088,Left,0.1719040394658529
66906,Left,0.28779546826696834
50707,Left,0.2519975650046791
13739,Stayed,0.6858119713465121
18839,Stayed,0.8095824038118034
22776,Left,0.10847209732484542
61655,Stayed,0.9443678356033568
62360,Left,0.33230600443511404
35296,Left,0.23941953310881528
34560,Stayed,0.9811054305500841
68188,Left,0.23759497715367134
42302,Stayed,0.9509516541617526
22398,Left,0.46914994933659726
23433,Left,0.2879038931379659
73849,Left,0.21357004763927837
40110,Stayed,0.6435798434429697
15109,Left,0.3800014106485624
45256,Left,0.4702966725345747
38648,Stayed,0.5662748042929004
196,Stayed,0.5603347673807955
37984,Stayed,0.5603995216177795
57647,Stayed,0.967389113314101
3271,Stayed,0.9398483600627489
56098,Stayed,0.9887291122074275
58762,Stayed,0.8608444635018574
4464,Stayed,0.9059494618303778
27450,Left,0.09032896357724371
16756,Stayed,0.8509052795281863
19019,Left,0.24583000497659255
15673,Left,0.0834301517227067
5534,Left,0.1910803051349672
34490,Left,0.30773550815106265
16403,Left,0.3401166095823502
29850,Left,0.16520050749452728
315,Left,0.08323777068143003
63765,Left,0.4112930101178353
73071,Stayed,0.6362587976607011
29218,Left,0.24020251634198972
8915,Stayed,0.9677163270210793
17743,Left,0.10509815348181015
49796,Stayed,0.5498743592665007
73884,Left,0.251323833581855
22557,Left,0.3064112093464044
38075,Left,0.18692673590260414
32447,Stayed,0.9292269955818862
3029,Stayed,0.8597752285833773
52167,Left,0.4100408790379633
19381,Stayed,0.9619368959450362
37888,Stayed,0.9692521096139061
59491,Stayed,0.9600513086514052
7581,Left,0.3281349852873307
3556,Left,0.3968371674337184
64653,Left,0.08024173903639419
42689,Left,0.27826709764781976
4594,Stayed,0.9657795377320685
13204,Left,0.28851219016710844
2816,Stayed,0.9770305576635612
50367,Left,0.063407469105537
35117,Stayed,0.8043990951245485
65455,Stayed,0.7203154067907054
56611,Left,0.4588480341392367
36784,Left,0.3241460231796788
71830,Stayed,0.9836273330490283
20778,Stayed,0.5229132234934672
21635,Stayed,0.9578541642357673
27594,Stayed,0.9782644107144522
1813,Left,0.1375682391252956
40761,Stayed,0.6836834488953029
1481,Left,0.10143115937277854
27458,Left,0.14280574555161352
45873,Left,0.3980632441688003
43321,Left,0.3471425938068738
1478,Stayed,0.7810835529360822
64166,Left,0.1690601843538839
16383,Left,0.18461986670986036
13049,Left,0.4065434342105377
71641,Stayed,0.9577095397270399
65147,Stayed,0.9894176085977477
16815,Stayed,0.9545321612286012
72766,Left,0.38865875263561384
10256,Left,0.3343481669844909
64087,Left,0.3207207725763463
16300,Stayed,0.7359388507870261
5502,Stayed,0.973940450850786
61191,Stayed,0.9757572304113231
68382,Left,0.45007596104431713
42519,Left,0.04610295427066476
64532,Stayed,0.7388131083503324
29184,Stayed,0.9726194470730853
35333,Left,0.2794722315195122
56502,Left,0.3557504980006312
38123,Left,0.3615648289797056
12451,Stayed,0.9793982258899694
55307,Stayed,0.9067060845864452
43570,Stayed,0.6274327064260484
70067,Stayed,0.9779455808046438
40823,Left,0.16822809486781107
42111,Stayed,0.9762216153951755
35041,Left,0.16947426380749522
10425,Left,0.05423192227484966
4572,Stayed,0.789511871510519
33670,Stayed,0.511635096468927
73648,Left,0.33449746132660524
73582,Stayed,0.8984770888768714
56954,Left,0.34407933482860764
44451,Stayed,0.8963339634941689
58879,Stayed,0.7272228855430237
34227,Left,0.29040777341841106
49404,Stayed,0.5694662987714554
13250,Left,0.3362549326260192
26707,Left,0.3511465418282092
28397,Left,0.25700036371541884
17514,Left,0.36222264271653465
39509,Stayed,0.9073018844434186
18276,Left,0.2245200573075312
59963,Stayed,0.9855661770689219
49366,Left,0.31996667651146316
22461,Left,0.060825627529798705
50965,Stayed,0.9505780977122936
58277,Stayed,0.7259126402295094
45282,Left,0.2137803801460649
46804,Left,0.2538723536606719
23888,Stayed,0.9582557528421621
14601,Left,0.3844227862991784
27979,Left,0.46193443645081006
198,Left,0.4497934260356909
26309,Stayed,0.6443563673917528
54157,Left,0.43278149601157206
57649,Left,0.3889736785940313
10440,Stayed,0.5241046729999509
16801,Stayed,0.9951960390348772
48324,Stayed,0.6709772943183834
2575,Stayed,0.54427117640955
53572,Stayed,0.5298566612855997
3576,Left,0.2115583826121242
68732,Stayed,0.7141430348335173
22125,Left,0.14807724986835555
7950,Left,0.3266709887508159
73940,Left,0.3998491348200444
55940,Left,0.24092012738720772
25032,Left,0.13115557316681742
69005,Stayed,0.5174735312978936
28629,Left,0.4994975126578519
1571,Stayed,0.9801919762062542
69644,Left,0.3499915930256947
2808,Left,0.21639005749880255
47155,Stayed,0.5866811830395774
28975,Stayed,0.5142852359960844
42940,Stayed,0.9928518286325833
43702,Stayed,0.7975273147772297
30261,Left,0.32005838720292334
64597,Stayed,0.7897336446918706
1830,Left,0.48423762751407673
18846,Left,0.37837804811750175
60254,Left,0.36042714016360267
11360,Left,0.32536807319300215
33408,Stayed,0.9946754387933755
28069,Stayed,0.9736273826773758
58682,Left,0.3048826056111345
62429,Left,0.46969492197248935
15808,Left,0.21473639218961926
69911,Stayed,0.9893089502578133
59550,Left,0.48187292658789027
37869,Stayed,0.740528150574401
26558,Stayed,0.7730133751140293
25708,Left,0.051512763436666296
72105,Stayed,0.6119411843408191
58384,Left,0.2951171996064996
27444,Left,0.1765687893769533
11151,Stayed,0.594424741924741
40770,Left,0.44451537808711816
53686,Left,0.20141409459231088
37577,Stayed,0.8325182375903655
36848,Left,0.3076837040738582
30038,Left,0.3254579350742889
384,Stayed,0.865123662266321
2350,Stayed,0.9791589013307285
50926,Stayed,0.9251910050505752
10207,Left,0.4886598542726515
17447,Left,0.1615532558883421
68052,Stayed,0.7426513313156521
29526,Stayed,0.611157637533883
65526,Left,0.452738561833959
2098,Left,0.17138188502685836
33085,Left,0.47584764597036605
39426,Left,0.1929981483647582
69011,Stayed,0.5556856268787597
33240,Stayed,0.5966842476372848
12884,Stayed,0.7911155982766961
14524,Stayed,0.6232131288613962
49220,Stayed,0.516881140004671
20284,Left,0.3880638941639472
3383,Stayed,0.6962189816252607
57997,Left,0.3942589299366616
42247,Stayed,0.8899118446612395
24961,Left,0.3430352199322207
5672,Stayed,0.8502846778944426
69024,Left,0.46581131879633286
19620,Left,0.3186783438628228
54659,Stayed,0.9928441805789047
48631,Stayed,0.573133530041413
21430,Left,0.18487353202053575
55223,Stayed,0.8123313722355184
41046,Stayed,0.503720447471267
45128,Stayed,0.7985737165755876
6780,Stayed,0.6323102809458361
53925,Stayed,0.5447438216538394
26576,Left,0.30130107281038493
53296,Stayed,0.5409700799379765
31521,Stayed,0.6503948943551453
25566,Left,0.14974601210552674
47571,Stayed,0.8984323386211331
55881,Stayed,0.7809576521401205
41146,Stayed,0.5509741614927418
25570,Stayed,0.8876160826175723
605,Left,0.3796482098885821
5271,Left,0.4659970512682861
16932,Stayed,0.7059405291081228
27055,Left,0.44735085695607235
4348,Stayed,0.8422004867699175
65376,Left,0.31495560087393476
28218,Left,0.25043078283033227
63317,Left,0.46424908945980475
66252,Left,0.4618795528032633
60087,Stayed,0.9192297253997949
17096,Left,0.14711142686407275
62023,Stayed,0.7354996813693997
30603,Stayed,0.9539246281227257
21509,Stayed,0.7507656846329693
46086,Left,0.21094875320423082
27065,Stayed,0.6311973899678683
60287,Left,0.27554609072528996
53722,Stayed,0.9053571781999853
43501,Stayed,0.9844699067625927
8892,Left,0.08997524851339354
6331,Stayed,0.9170289124160359
73969,Left,0.30143297600391106
50398,Stayed,0.722000382160345
6708,Left,0.053762717134085515
69556,Left,0.27599413461473893
39684,Stayed,0.9558972909282674
34674,Left,0.35030999808277397
18821,Stayed,0.8147832893375367
69553,Stayed,0.9080694685274482
4349,Left,0.47750460652244814
4145,Left,0.10000517759216519
52221,Left,0.29827351564333243
71817,Left,0.05281226388046918
62228,Left,0.20808803510332802
34545,Stayed,0.6136073388856462
35699,Left,0.3945250541170546
21940,Left,0.18832439141792598
7410,Left,0.4115236999462736
5116,Left,0.12102334379447353
5465,Left,0.08732865714833497
11513,Stayed,0.5912053880676459
52935,Left,0.31693631682621815
14683,Left,0.46356849504531455
9577,Left,0.35086470334602016
48731,Left,0.37455016128400787
57831,Stayed,0.7691889771890484
72077,Stayed,0.5249146946155854
57423,Stayed,0.875145798299083
686,Stayed,0.6680259262055372
71115,Left,0.2703948817706637
6430,Left,0.4296587867637358
39337,Left,0.4246487679374095
4110,Stayed,0.6684630969042804
18392,Left,0.2885975449839656
13073,Stayed,0.9733681023206423
31022,Stayed,0.7098688609038677
7259,Stayed,0.8943982837152292
49143,Stayed,0.6343689469579202
29879,Stayed,0.860416333968284
13359,Stayed,0.8441087262945062
40020,Stayed,0.9667950572885069
67974,Left,0.4132052830015439
74285,Stayed,0.9744630134883445
50302,Left,0.06607263620524742
21725,Left,0.46945867134262187
3364,Left,0.18988364335455113
60662,Left,0.3702201343335887
65195,Stayed,0.9049994808008976
49129,Left,0.30832388938211697
2126,Stayed,0.6561207277918254
34740,Stayed,0.7124681870418027
50895,Left,0.3113516134239606
60781,Stayed,0.54295565296995
7147,Stayed,0.7714772070127766
58701,Left,0.2865466738408882
15357,Left,0.4480500053978203
23735,Left,0.20329220090762803
12089,Left,0.20658974063828123
7120,Left,0.35622455621153565
43856,Left,0.3972186457164513
3125,Stayed,0.96671062286993
73874,Stayed,0.5972309848697734
33884,Stayed,0.8517436643365772
52815,Stayed,0.9943093169534315
47882,Stayed,0.9831791546536424
41216,Stayed,0.9262059813210586
7134,Stayed,0.9124926488378987
25750,Stayed,0.5932677755605789
65874,Left,0.22571484685843912
21849,Left,0.13885307580195186
195,Stayed,0.9767928418145693
26080,Left,0.45778059041030383
24485,Left,0.13180100833610148
34712,Left,0.40730770827393153
52789,Stayed,0.9076470907233429
32979,Stayed,0.9867610956001304
46286,Stayed,0.8826044747592131
69313,Stayed,0.6157920133328575
18996,Left,0.20647378886007084
41656,Stayed,0.9459751546431463
73231,Stayed,0.9748587187981078
17628,Stayed,0.9723297855502588
42032,Stayed,0.7828247387683127
13971,Stayed,0.9735094532710515
17538,Left,0.07029537662965411
33712,Stayed,0.5500808307786751
10657,Left,0.28621046493191626
17769,Stayed,0.959010292309993
13841,Stayed,0.6896596615739804
69469,Left,0.4233538871732889
18827,Left,0.3998676222501619
65133,Left,0.39080341098932536
24717,Left,0.3967894532847662
62032,Left,0.2623596000260721
41790,Left,0.35590965007053993
72630,Left,0.29747075344022045
38172,Stayed,0.8518090138389803
49793,Left,0.14806588474613525
39403,Left,0.3497863825377079
1044,Stayed,0.7866599428516072
70752,Left,0.32586417949873164
36271,Left,0.04748943541087085
65069,Left,0.07753109562098955
35240,Stayed,0.835680043482081
23370,Stayed,0.5929841389655354
39888,Stayed,0.5011302199634239
37538,Stayed,0.5912670596464906
56262,Stayed,0.5516778825076301
36450,Left,0.2837108702686004
32465,Left,0.4576596601546328
13977,Stayed,0.9969662783919114
60392,Stayed,0.9747091648652874
58461,Stayed,0.9545707781033834
49500,Stayed,0.9674879053022318
582,Stayed,0.6569885415491252
23375,Left,0.2852227177694084
34259,Stayed,0.7582631149246939
64666,Stayed,0.9096085813826515
43405,Stayed,0.8871572696146549
30116,Stayed,0.9913973553885645
35924,Stayed,0.5500200759414127
45750,Stayed,0.9727333340317177
8621,Stayed,0.7517446959812224
70858,Left,0.19704271332286338
14778,Stayed,0.6609421027972352
42631,Left,0.24508740508817764
38144,Stayed,0.8268175779869088
12585,Stayed,0.6639504520026129
70112,Stayed,0.5853265172791035
11799,Stayed,0.9594025255337243
65833,Stayed,0.9653289461778942
25577,Left,0.1845414424002449
51054,Left,0.43147748348999027
43718,Left,0.38259944480937047
31401,Left,0.09314084335860492
46698,Left,0.305014196858527
8426,Stayed,0.8275754573256171
59851,Stayed,0.8714097485515633
46277,Left,0.27583734809792065
72938,Left,0.43074348352623865
64610,Stayed,0.5954229563393821
1031,Stayed,0.598544467525675
34035,Stayed,0.9747582036328258
52368,Left,0.2795997060110637
6066,Stayed,0.6813418703449724
13794,Left,0.32378706219019476
43073,Left,0.3736278472836587
74157,Left,0.2721325691905804
30778,Left,0.36702591646964017
46654,Left,0.24507220099139343
40151,Left,0.22343944494969617
38990,Left,0.29732011526344043
8684,Stayed,0.9454816737131698
34568,Stayed,0.9161493262312889
74063,Left,0.3299708427772984
25241,Stayed,0.9956291042351623
36805,Left,0.3481101075054376
19977,Left,0.32182035402774445
4872,Stayed,0.9494374992688532
62775,Stayed,0.7055702346387676
12164,Stayed,0.5741510449969901
34164,Stayed,0.6701595731085755
25239,Left,0.1393807812620098
43566,Stayed,0.9761586125886069
30910,Left,0.1491318402712581
17715,Left,0.36208077077167794
7768,Stayed,0.6645518349277296
61760,Stayed,0.9887893449977085
61354,Left,0.26681286824606115
30511,Stayed,0.6865231074157041
65934,Stayed,0.7336738634103624
25360,Left,0.25039791966962294
26154,Stayed,0.6662255466976638
28610,Stayed,0.8549972608655311
3886,Left,0.4380504707374512
12798,Stayed,0.8527211717283727
38273,Left,0.07857089078912281
40493,Left,0.2882173382323582
26451,Left,0.16858378234801186
29572,Stayed,0.5665667751625286
12497,Left,0.45837375526938046
65677,Left,0.23439558533221405
26384,Stayed,0.7008259988095065
36962,Stayed,0.9825086794627125
12744,Stayed,0.8324693173039666
10075,Stayed,0.9440561999517165
73348,Left,0.14493520413268215
60892,Stayed,0.5698234625490122
73197,Stayed,0.9668943015371843
47914,Left,0.11127143389762935
65503,Left,0.1320557364870475
57435,Left,0.4025022422984451
40056,Stayed,0.8498023011937738
62983,Stayed,0.5165757376368573
59039,Stayed,0.800328196642065
62834,Stayed,0.8212141229343114
58429,Stayed,0.770453827652613
3512,Stayed,0.6420545450008681
28729,Left,0.24518560930740466
9695,Left,0.17359219335560497
23768,Left,0.3648582587404653
29575,Stayed,0.5238671537073517
58360,Left,0.16078612996755035
10578,Stayed,0.8505436413558797
60471,Left,0.36964778150014244
52835,Left,0.34126589848477046
62449,Stayed,0.9479358325392504
7580,Stayed,0.9412730593916936
13499,Stayed,0.8772571945454141
47721,Left,0.2586504816154969
13561,Left,0.22206602717734514
36759,Left,0.10865138675814505
29548,Left,0.18975840271358868
38557,Left,0.31330097644758476
52893,Left,0.309556249273254
40685,Stayed,0.9304245940978757
70353,Left,0.3019059001563494
55081,Stayed,0.6711368775110108
55636,Left,0.31979886697371235
20728,Stayed,0.6480655455231918
25732,Left,0.26668742973937276
57054,Stayed,0.602463066520009
58214,Stayed,0.7929520551105793
41803,Stayed,0.8065175683574939
45624,Left,0.3388203259369358
59085,Left,0.2591915498019322
37073,Left,0.12874197374670895
336,Stayed,0.9167755124824503
28409,Left,0.43471299531478963
57341,Left,0.21052259048082672
41089,Stayed,0.5067152489272458
30641,Left,0.31806305798727574
56991,Stayed,0.9959989423577998
8495,Left,0.3105775152338418
59777,Left,0.26045709566306985
69838,Left,0.21135102342509263
48789,Stayed,0.9486997421756306
3845,Stayed,0.8165003201035551
8837,Stayed,0.9579299699139192
14870,Left,0.18655830658256048
69893,Left,0.12956609381715553
48463,Left,0.2288634978270986
48499,Stayed,0.5753663454932464
6556,Left,0.2999834164499193
45124,Stayed,0.5261389518911567
70745,Left,0.44846375326279525
69178,Left,0.4614726092569364
35870,Left,0.31176855933301817
60602,Stayed,0.9909806451772554
70071,Stayed,0.661194708490722
322,Left,0.15562850754020227
5568,Stayed,0.6609621559327675
53790,Left,0.2798773252118609
21044,Left,0.3484001715419805
69030,Stayed,0.9089772754372479
14830,Stayed,0.9352789204668192
58085,Stayed,0.6555811416410046
51263,Stayed,0.6241761193704951
16031,Stayed,0.8369128445035385
40918,Stayed,0.5366028084946984
33377,Stayed,0.8946247244605849
14226,Stayed,0.9718954955297907
37733,Left,0.12390773671889996
21806,Left,0.47096580474667793
8666,Stayed,0.7739760119971306
27206,Stayed,0.8866732926877099
28657,Left,0.3379972548590418
34885,Left,0.46734949081041405
39435,Left,0.10516810107831703
44711,Stayed,0.5288723943142001
67977,Left,0.4595664587242084
1986,Stayed,0.6137400714963112
17531,Left,0.2744706975208832
19152,Stayed,0.8762999046473171
6419,Left,0.3419594244166014
13535,Stayed,0.9093236503862305
23349,Left,0.4618504086724478
50426,Left,0.38085790662449903
27637,Left,0.45385587892041546
43988,Left,0.28005612719204526
46071,Left,0.2616924645545506
11623,Stayed,0.7563854218256469
15135,Left,0.14307047106472073
19176,Left,0.4877607589476772
33708,Stayed,0.9817683581184037
1419,Stayed,0.9429751666973641
9282,Stayed,0.8302065531874729
34613,Stayed,0.6357438263933983
68591,Left,0.13626598117306463
32945,Stayed,0.8909430698833588
50405,Left,0.3812206107476074
43588,Stayed,0.8580485496395978
39665,Stayed,0.7412305614810479
7097,Stayed,0.9697266934338148
36955,Stayed,0.7940572847161423
61373,Stayed,0.6548716950060092
42064,Stayed,0.809792066179981
6913,Stayed,0.5693030832049646
29835,Stayed,0.9506813196803442
10277,Stayed,0.6001163067336532
63260,Left,0.35981525808516013
14495,Left,0.22770512730991557
44959,Left,0.1272423960596072
70261,Stayed,0.9724134380758369
31356,Left,0.48100057362951676
63644,Stayed,0.8763250674118458
11057,Left,0.2531355227018894
70497,Left,0.2696025412949822
4337,Stayed,0.6556031899715531
48891,Stayed,0.799092097711333
17472,Left,0.43961101939047387
42765,Stayed,0.8753188099750723
55424,Left,0.4686759131073464
5228,Left,0.1786903941330322
49353,Stayed,0.5380216266536025
32378,Stayed,0.9783244529851898
3649,Stayed,0.7385019909443006
7655,Left,0.1939941714505219
61907,Left,0.0868250995916767
34880,Stayed,0.5791990259249509
40366,Stayed,0.9854602997830462
26633,Stayed,0.7894509281461158
23352,Stayed,0.9921602851311269
71799,Stayed,0.7443919157410254
14862,Left,0.1407960466526065
41343,Stayed,0.7761792505843138
15945,Left,0.35507368691567337
62169,Stayed,0.5897966983933475
66936,Left,0.2850767629372864
40367,Left,0.09299236745574699
28889,Stayed,0.9933056125540253
54289,Stayed,0.6604677145828171
4037,Left,0.38353782620617805
48146,Stayed,0.6618445005755426
41163,Left,0.32478586946132576
37251,Left,0.45113365611465367
23614,Left,0.18045100246457274
1318,Left,0.1329288941972784
36223,Left,0.10746769386310122
34201,Left,0.15267926459566666
53042,Left,0.29280815934210935
15938,Stayed,0.9702429510979977
67079,Stayed,0.6745399806255441
42831,Left,0.1411768981277731
25431,Stayed,0.9903124847259293
54352,Left,0.4187906119792658
19111,Left,0.08665958445004163
25341,Left,0.3213071966382077
9085,Stayed,0.8222849207538289
55347,Left,0.4227443110331818
36554,Stayed,0.9840295963878714
28233,Left,0.14097865973946141
65039,Stayed,0.5419575247322802
12433,Left,0.1228099936092896
38365,Left,0.25993960217346573
65231,Left,0.22617393131928232
46424,Left,0.29352193440600044
30765,Stayed,0.5220448309697803
27417,Stayed,0.699083439629618
9901,Stayed,0.6010251715035183
13819,Left,0.16502042601084507
72343,Left,0.19547087366022178
29643,Stayed,0.9868110792408556
31647,Stayed,0.9592250302978257
44229,Left,0.36540517367905045
36712,Left,0.3017643387932081
13745,Left,0.24153206162417273
20658,Left,0.23705745678589668
31122,Left,0.39198859766019
36197,Stayed,0.7632133370619661
31884,Stayed,0.7073735182608563
61431,Stayed,0.7403449660726288
23866,Left,0.38215400166730973
60116,Left,0.17253365992060377
69382,Left,0.2527132659565858
13898,Left,0.39610082025432225
8036,Left,0.3190442013670269
41256,Left,0.3269339599054866
17905,Left,0.2283791326456934
2892,Left,0.466770017980311
70744,Stayed,0.5052990860896016
23776,Stayed,0.5521937461561772
32429,Left,0.2877144433122848
50037,Left,0.49391810619653026
29890,Stayed,0.6280770114302857
48425,Left,0.4294283156503327
59907,Left,0.23668810117784517
35024,Left,0.0724683260969393
29597,Stayed,0.6249516407808735
35268,Stayed,0.8463198652873103
37809,Stayed,0.6440471704894492
10478,Stayed,0.9570397870454962
3279,Left,0.30643805719907746
57256,Stayed,0.5563218433900433
52520,Stayed,0.9177881572089507
5881,Left,0.06868789492151586
72089,Left,0.310967904660353
41512,Stayed,0.8022523825466957
4395,Stayed,0.9092139527734313
26347,Left,0.23507013859084452
18387,Left,0.12509273484498276
53320,Left,0.2706840581157561
45536,Stayed,0.9894397084140456
44006,Stayed,0.9541327692415461
67364,Stayed,0.5187973796003565
15005,Left,0.47795247776161165
49975,Stayed,0.5431111061913336
43150,Left,0.2569905984259502
4393,Left,0.2956098700240257
66552,Left,0.0822132164128904
48530,Left,0.12968575492795076
7628,Stayed,0.905702242322785
38097,Left,0.18621689705232267
27972,Left,0.16713716566322218
42251,Left,0.2184998346459434
35587,Left,0.2843429738599943
62915,Stayed,0.6562743388418073
66902,Left,0.20563829550629412
23680,Stayed,0.6090675505064274
38028,Stayed,0.8899533992481589
17680,Stayed,0.9934609245115473
16522,Left,0.4858875419421996
56270,Left,0.4429095299230137
60430,Stayed,0.9430312977330042
24774,Left,0.27451199018581957
34241,Left,0.12047594529881
21070,Stayed,0.8061051442496047
73160,Stayed,0.5577178064628228
52850,Left,0.40505678306535237
42278,Left,0.21382874889127002
59709,Left,0.13938257120734265
57484,Stayed,0.875053037544048
1942,Stayed,0.9464512896575388
29164,Left,0.42737496861186614
57080,Stayed,0.5037814305913945
42923,Left,0.20761481390360334
35636,Left,0.28327779437145395
28658,Stayed,0.5546975644892103
53037,Stayed,0.8526436791596914
58876,Stayed,0.658080735691965
72780,Left,0.24791782673130192
24782,Stayed,0.5189105525466711
43713,Left,0.23757042002576614
20145,Left,0.28220864920349786
58206,Left,0.09509220661922732
58328,Left,0.22268980561890178
57233,Stayed,0.826673250979297
67575,Left,0.3667730103455116
37002,Stayed,0.5039075846674979
9952,Left,0.1486515337013052
18371,Stayed,0.9094443522023369
73773,Left,0.4046236758097512
19926,Left,0.24948676332188707
2248,Stayed,0.5207481596758389
6634,Left,0.3979971897516361
44796,Stayed,0.5245960997105144
2377,Stayed,0.5904671929702455
36329,Left,0.2475820440901653
23128,Stayed,0.921010409377291
13656,Stayed,0.9321029820119767
46683,Stayed,0.8613408576861784
48915,Left,0.4669789841713821
10630,Stayed,0.654303437001935
74048,Stayed,0.7614813627513445
49453,Stayed,0.8114739461928608
38444,Left,0.3213508492254801
17248,Stayed,0.8359880713709466
68307,Stayed,0.670394378201526
6082,Left,0.46553667058034187
45376,Left,0.1661571096159056
65609,Stayed,0.9893421614651606
72025,Left,0.19993045677058244
65941,Stayed,0.6820014334023032
2232,Stayed,0.9930927409662715
6840,Left,0.2708451012397171
41141,Stayed,0.8574191469478888
59869,Stayed,0.5869674767578966
46133,Left,0.19631709767506167
47172,Left,0.19777686334583588
25418,Left,0.31211941582876246
60219,Stayed,0.8685996176932094
1271,Left,0.2437446147503
55559,Stayed,0.5778808941682793
34432,Left,0.273078136774619
4673,Left,0.3378746972241733
44446,Stayed,0.8167626454376681
36679,Left,0.47251685687326117
16400,Left,0.30415025911969057
27002,Stayed,0.6800466889317788
8454,Left,0.46349517642252364
38818,Left,0.2964239773733865
31893,Stayed,0.9554573086855345
56028,Stayed,0.9828515033851657
59375,Left,0.48169193377732034
69119,Left,0.3954277223732395
20328,Left,0.27053547496378333
32042,Left,0.3287807624051965
9846,Stayed,0.9046426583112983
44009,Left,0.47523739910355345
29079,Stayed,0.9554420708865448
66756,Stayed,0.8169978987521878
7639,Left,0.2906606598645277
4375,Stayed,0.8287739401609356
40415,Left,0.2869483357258805
52760,Stayed,0.7742727924124931
66300,Left,0.3646870850805136
53898,Left,0.3223837832773428
55028,Stayed,0.9964882609556007
68085,Stayed,0.9808536806790347
20161,Left,0.19824897658723492
52960,Left,0.11592906702164389
41209,Stayed,0.7334148771872931
56498,Stayed,0.6276957604840847
60372,Stayed,0.5836298292495161
42718,Left,0.25105815971359124
30251,Left,0.4087118768938804
9987,Stayed,0.9932545779353635
64728,Left,0.14510111267220918
72018,Stayed,0.774379342713564
49895,Stayed,0.9420044089005584
66834,Left,0.1632357066232931
16056,Stayed,0.943201257756172
3736,Stayed,0.5203443987338857
7608,Stayed,0.9202151051289762
1487,Left,0.22827553016250446
62571,Left,0.30311922228239946
71574,Stayed,0.9430510052371366
61106,Stayed,0.9760873883447373
9686,Stayed,0.8278753259756829
53842,Left,0.14493517688883353
4878,Stayed,0.8465596832107465
58963,Left,0.26899663302108173
53294,Left,0.12712205605172064
63654,Left,0.3065789840970202
354,Left,0.305193620246622
8035,Stayed,0.7691814582222785
71331,Left,0.14614497443070246
54441,Left,0.19888349464600336
58213,Stayed,0.7432301706273952
15058,Left,0.40646077572881945
72701,Left,0.41918723860068796
58569,Left,0.38213753029980213
72184,Stayed,0.7298359573936374
24471,Stayed,0.7928108956732259
70520,Left,0.15486535701455412
48833,Left,0.3978211686834571
43001,Left,0.33425800650613957
57495,Stayed,0.8023854229803881
63477,Stayed,0.5111687418374217
58587,Left,0.320460294335248
71766,Stayed,0.7220486006491708
31792,Left,0.24180147973361868
66074,Left,0.3296407333026117
52714,Left,0.08286237424671815
15421,Stayed,0.5291395809749767
67921,Left,0.22133321867198166
45337,Left,0.4431134440430724
73005,Left,0.11358853075986815
14625,Left,0.10783269195265274
40689,Stayed,0.9171065742561769
50927,Stayed,0.6640873972948059
70818,Left,0.2368478752653305
63615,Stayed,0.5424823145273246
47332,Left,0.28077824217195
1401,Left,0.21562795485705605
29129,Stayed,0.6983254249944426
59943,Stayed,0.5502206740835234
13880,Left,0.47777243846737305
17042,Left,0.15503002207657113
5094,Left,0.4095052245610616
38002,Left,0.3094737770558509
33500,Stayed,0.969912691403733
12563,Stayed,0.6727304246754625
33907,Stayed,0.9354361706226955
24262,Left,0.49986071171310453
20630,Stayed,0.6086953600022583
68440,Stayed,0.6923720051503297
31543,Stayed,0.7088903297040776
52061,Left,0.24690342073981741
28170,Stayed,0.9706243527044414
37240,Stayed,0.8859921937630214
63629,Stayed,0.89844979119119
55288,Stayed,0.6013856016427945
59014,Left,0.41461323943749806
6436,Left,0.3653553827716106
67098,Stayed,0.937793826721622
69643,Stayed,0.8549244592024487
13955,Left,0.02834662490855384
32724,Stayed,0.7653702489511536
17903,Left,0.38180777110767805
39137,Left,0.20010703522858828
26669,Left,0.46335379629040624
72230,Left,0.4417782454891607
7672,Stayed,0.7601611414226889
7674,Stayed,0.8304189749205201
57600,Left,0.13162581594534525
55733,Stayed,0.6866910099699285
45974,Left,0.34374398773997356
64872,Left,0.40804346843620287
50903,Stayed,0.7470132105155035
60734,Stayed,0.9325882086524147
60627,Left,0.33082706275299195
40093,Left,0.10239766060965051
46389,Stayed,0.6089799717761175
60162,Stayed,0.6704017148421303
1976,Left,0.3753441479392046
36970,Left,0.17088151869778323
69271,Left,0.25937670571844634
51980,Stayed,0.9707199315739806
30560,Stayed,0.5034609789256206
55370,Stayed,0.535524963363905
66684,Stayed,0.5508821055236984
50456,Left,0.34485599903140324
60779,Stayed,0.9964695228286979
31399,Stayed,0.8720706345776341
26846,Left,0.3626129585677546
14511,Left,0.38500700255818776
71258,Left,0.18635056183772034
17293,Stayed,0.5129750684878124
72544,Stayed,0.6445509276266411
54130,Left,0.29112193498185807
32435,Left,0.14781679371496184
30823,Left,0.1934071008275923
14175,Left,0.4210345178669617
13543,Stayed,0.8084835707226737
45120,Stayed,0.6382453255191556
9119,Stayed,0.7428854431342412
38959,Stayed,0.9557983266726972
32554,Left,0.09718480152636831
65816,Stayed,0.876678317057241
69319,Left,0.0994487095347188
57307,Stayed,0.6787386886179049
24097,Stayed,0.8402686555257994
23681,Left,0.2504600456119894
28666,Stayed,0.7920880543447728
20869,Left,0.31498898085484
8012,Stayed,0.7981719027070792
30377,Stayed,0.9180792136954742
2433,Left,0.34365673428155813
12137,Stayed,0.9854356287048144
3273,Stayed,0.664610837249394
42729,Left,0.212499093360031
64636,Stayed,0.7978455798107057
43641,Left,0.2472685441500874
1155,Stayed,0.9750320712911552
12801,Stayed,0.9093660244732369
45817,Stayed,0.7918823895615282
44206,Stayed,0.7764897932899517
48228,Stayed,0.8367591365893106
39068,Left,0.3431999249187499
40827,Stayed,0.8626521542163607
18586,Stayed,0.9131241853633529
13912,Stayed,0.6402374949446635
61301,Left,0.1413325339929602
59274,Left,0.214273604804047
48904,Left,0.35897844299347575
16235,Stayed,0.5498042883362936
8884,Stayed,0.7150798592271685
60935,Stayed,0.8329735110780767
2579,Left,0.2988667711778509
23673,Stayed,0.6265633706896139
63662,Stayed,0.8965791370104187
53680,Left,0.03285862352149323
22193,Stayed,0.9171918761555405
70224,Left,0.2124180416960058
28749,Stayed,0.8899098287062451
53903,Left,0.1446594458675983
67985,Stayed,0.80559601439699
47748,Left,0.40329022513928814
27987,Left,0.23040994885028562
5967,Left,0.12672360362044377
70809,Left,0.17621968263057858
43937,Stayed,0.9781992377074168
9451,Stayed,0.9399495801451665
39687,Stayed,0.7772162970514905
13727,Left,0.3564677419308579
32473,Stayed,0.7688401544876594
63390,Stayed,0.870841125440012
4066,Stayed,0.7351743145184072
30623,Left,0.33901087537250685
60752,Left,0.19432062289104624
42362,Left,0.396443006906172
5740,Left,0.2847745627581151
11924,Left,0.2981884081847534
20199,Stayed,0.9166534982497282
25386,Stayed,0.9212474878324222
11862,Stayed,0.8908439532700975
47179,Left,0.21658603066920676
30596,Left,0.2878383719599361
28415,Left,0.10654239666105197
5820,Stayed,0.844452001655442
6499,Left,0.21394833213361067
67370,Stayed,0.9891732423588782
33567,Left,0.3257714348322863
4140,Stayed,0.5008966918226198
32766,Left,0.25997410264030624
56477,Stayed,0.7301616995711584
65001,Stayed,0.790846371476483
39054,Left,0.30325046593305593
49025,Left,0.33461247174575665
32708,Stayed,0.5932802171842279
9761,Left,0.355858128908082
24529,Stayed,0.8633556745186018
32919,Left,0.3373758352294078
21697,Left,0.07561677478245703
9208,Left,0.1882521510350493
19355,Stayed,0.7785115464003942
49135,Left,0.3250502652807109
54570,Stayed,0.8825383136495063
16294,Left,0.4435573815876476
14113,Left,0.12151198868770852
65524,Stayed,0.8499113668010673
64021,Stayed,0.822018040216857
37074,Left,0.24084839672587613
46281,Stayed,0.8040373383429549
15231,Stayed,0.9724675351194125
58001,Left,0.4975834084261992
69017,Stayed,0.8990638524316439
17263,Left,0.41581912797760556
12352,Left,0.4553624287638947
28424,Left,0.2511726699550946
27396,Left,0.050019498869919785
58679,Left,0.35832329063061213
9196,Left,0.10561116532588323
22315,Left,0.13069395078910412
451,Stayed,0.9264503803889658
68169,Stayed,0.9823639151598248
27523,Left,0.2698673385487455
25143,Stayed,0.9357689483284222
8335,Left,0.41048535196374347
72469,Left,0.3265396357410213
44382,Left,0.3226285578187472
54055,Stayed,0.9574543796874292
70087,Stayed,0.8832384477173015
72946,Stayed,0.6988466968522206
42068,Left,0.09339962902500923
63373,Left,0.21148616957093533
23114,Left,0.11230894691311669
20628,Stayed,0.8243568854645169
31907,Left,0.2254642134265776
8683,Left,0.4032929589316755
39677,Left,0.3302671058754172
15518,Left,0.15728440506970975
17974,Stayed,0.8803980830537537
53397,Stayed,0.8813011837280829
25485,Left,0.15679229686806903
50202,Left,0.1292491799327966
28367,Left,0.14804103711527444
66193,Left,0.2612754977326391
18553,Left,0.38754072802549133
28336,Stayed,0.6158271039070305
25503,Stayed,0.6476526458244172
1865,Left,0.3350156239987275
38176,Stayed,0.967961765300806
8237,Left,0.23271740712151462
32833,Stayed,0.5039391818648282
50166,Left,0.40069680921395145
24146,Stayed,0.8456505359694415
16571,Stayed,0.8612232798779254
42089,Left,0.23493414480671748
8588,Left,0.45364460706049325
6965,Left,0.37024434404635415
54791,Left,0.310730891149807
2684,Stayed,0.5886759455987762
41918,Left,0.09690710624608886
4640,Left,0.32814207318278266
37789,Left,0.30315069721074867
38762,Stayed,0.8383722739086715
50760,Left,0.1023904559113148
15718,Left,0.25512467617270435
72420,Left,0.27921963506937514
33517,Left,0.49132144083968243
18003,Stayed,0.5284616145110513
45667,Left,0.2610221334605361
40905,Left,0.2919074747463162
58090,Stayed,0.8340135690936545
40045,Stayed,0.7723214481221645
26517,Left,0.30950892117079337
37918,Stayed,0.8455530298221706
68489,Stayed,0.658505009197791
54125,Stayed,0.9330495021825518
28994,Left,0.3188626945398419
3716,Stayed,0.6978762232308435
26986,Left,0.17243005334576092
32249,Stayed,0.8803700733605047
14876,Left,0.44943128082661116
35916,Left,0.38398035644361467
70632,Left,0.3796685876624061
21930,Stayed,0.8605146063403638
29103,Stayed,0.9272999018173184
66754,Stayed,0.9317729337632675
57083,Stayed,0.6941868607852215
30447,Left,0.15015447116019162
27353,Left,0.24714153930279292
27853,Stayed,0.6214356475353788
67534,Left,0.1699468875640537
43614,Stayed,0.8539281725119234
41964,Left,0.4907909427297313
6457,Left,0.3025330810651742
58797,Left,0.14212232453488885
25293,Left,0.4831172526064138
41051,Stayed,0.5499520753767653
56343,Left,0.3887202609969615
68210,Left,0.4411794174363983
68920,Stayed,0.6211729936921379
9929,Stayed,0.8204010341658146
45363,Stayed,0.6020844764969367
72614,Left,0.24266869355777385
37185,Stayed,0.9153707229623053
3661,Left,0.26449329644817027
74450,Stayed,0.9801290433793965
7302,Stayed,0.9521053006977427
58264,Left,0.3854133040321304
47399,Stayed,0.8880615614232281
37111,Left,0.1425260047921444
70966,Stayed,0.9922146303613275
3078,Stayed,0.5586937267441691
28106,Left,0.14618852601283164
48613,Stayed,0.6365367321841054
61724,Left,0.20678887039768043
68346,Stayed,0.8638968678986386
60630,Left,0.25951184827939344
52431,Left,0.42156852533555766
28241,Left,0.45812865047086965
29893,Left,0.30441721957908774
21045,Stayed,0.7018965726371807
8787,Left,0.47979255321946757
10239,Stayed,0.6908083513565086
51425,Left,0.1163570421481816
16420,Stayed,0.8938902037228189
8614,Stayed,0.8347756615215494
69470,Left,0.3679226131763767
7556,Stayed,0.8516851880984359
26336,Stayed,0.6353236661271104
73275,Left,0.18863161738071704
33191,Stayed,0.5303023959603321
26834,Stayed,0.5663277282524666
46744,Stayed,0.7011495629718985
56068,Stayed,0.8967753011134985
36262,Stayed,0.9350528387945234
60652,Left,0.2965021913734613
34096,Left,0.34001505502066914
68599,Stayed,0.8030303750295407
32527,Stayed,0.9639039952447015
60792,Left,0.29383865856599
27681,Left,0.37051205049212227
22402,Stayed,0.688450254414788
56946,Stayed,0.6260202937411727
48173,Stayed,0.9706270984441391
11349,Left,0.27087737064655343
7749,Left,0.24986423042455688
35189,Left,0.24059124564899856
64466,Left,0.12654718403510762
52125,Stayed,0.8026559601594215
51464,Stayed,0.5629062619675659
64651,Stayed,0.6464797773438318
18597,Left,0.47092184189348096
23821,Stayed,0.9226953008667028
72429,Left,0.14747351477856147
38461,Left,0.19463862645769528
50379,Stayed,0.6841309238454688
59243,Stayed,0.838414052897797
73262,Left,0.38903792806732607
33545,Stayed,0.978139765756989
7321,Stayed,0.6082523603331274
5670,Left,0.34818597931970974
31371,Left,0.4647492814806322
13371,Stayed,0.9103846756247164
8954,Stayed,0.984076312777312
23499,Stayed,0.548923983225668
34705,Stayed,0.8395871997659927
3121,Stayed,0.7960007711156422
23240,Stayed,0.8381231613556531
28096,Stayed,0.9254359350031018
51647,Stayed,0.7606440410693248
20526,Stayed,0.9766701955320891
11539,Stayed,0.9317496162890613
51403,Stayed,0.7587152007914753
20951,Left,0.2517824104232054
56939,Left,0.4849508837957132
24482,Left,0.28261408549462574
33076,Stayed,0.8782007206547933
29276,Stayed,0.595274928055409
63360,Stayed,0.7341790147010435
67849,Stayed,0.7376709955562624
29995,Left,0.15763840111331281
43915,Left,0.25035298099572795
6574,Left,0.4721231206957065
16172,Stayed,0.990744681783931
9759,Stayed,0.707057574549947
2792,Left,0.36696565670366055
8310,Left,0.2870702688146702
29167,Stayed,0.6015881454506828
5,Left,0.258498397637671
7859,Stayed,0.8442175430393573
42374,Stayed,0.6631851946815754
73360,Left,0.3585954537020548
57842,Left,0.37751768031185134
39373,Left,0.13967817753744852
47301,Stayed,0.9291784223790582
36733,Stayed,0.697570857379661
53304,Stayed,0.8699161644554722
38772,Left,0.11358108879970505
55852,Left,0.30085761369647795
67401,Stayed,0.8141621762065412
26203,Stayed,0.7067786831125269
22305,Stayed,0.5798410677099904
54138,Left,0.12965624467582065
69018,Stayed,0.9779961374258267
16797,Stayed,0.5788720469780598
52487,Left,0.08239241982854814
45101,Left,0.2337626454398249
20777,Left,0.46540200547127797
18818,Left,0.38234013226237973
29271,Stayed,0.9401046733508037
10613,Left,0.18544833382924933
47793,Stayed,0.8534433763020938
26398,Left,0.11055139546224259
71992,Stayed,0.9382969776250868
57566,Stayed,0.7789525929756856
66846,Stayed,0.5180103808297173
45971,Left,0.10103088174346912
41823,Left,0.1522175659664004
45732,Left,0.3490067122444947
24386,Left,0.0493353163124155
4035,Left,0.475826795572141
10918,Left,0.3743443589049184
70582,Stayed,0.5340103506340388
10948,Stayed,0.6000871270063001
11780,Stayed,0.964067281295568
40237,Stayed,0.8818677650763617
13142,Stayed,0.993781760378045
47769,Left,0.24234604544536908
45087,Stayed,0.8643831404524076
22052,Stayed,0.9724968941037727
68938,Left,0.4167463437343188
43594,Left,0.1421505476545586
68891,Stayed,0.6100474307370319
7791,Stayed,0.9200372141834462
63157,Stayed,0.5591927625302372
25146,Left,0.2777605365056556
62907,Left,0.3635311854475017
71819,Left,0.2936763782882558
61169,Stayed,0.9883411027703578
33061,Left,0.3586548123565321
57104,Stayed,0.7330838793998578
43513,Stayed,0.6417297798394861
32418,Left,0.4625281154883958
35974,Left,0.051651274665454244
48104,Left,0.4545418687407586
17993,Stayed,0.5929126943339268
70914,Stayed,0.9784910471153427
20583,Left,0.11364919281313701
11547,Stayed,0.5522920931101115
57727,Left,0.1479116268444138
7603,Stayed,0.9967015524753626
14141,Left,0.400266457605823
69551,Stayed,0.9253856370093791
51478,Stayed,0.9814965519046636
27068,Left,0.19232553091672439
69101,Left,0.39787695918509647
19453,Stayed,0.6120037570931662
37802,Stayed,0.5581879688056874
11690,Left,0.08251212135163426
37184,Stayed,0.7108535400512697
35716,Left,0.4443403535262978
14378,Stayed,0.7683450450880268
63267,Left,0.28381447386725595
62020,Left,0.1290547493566444
61614,Stayed,0.9219203091446774
26741,Left,0.05862565061271735
60760,Left,0.1212622044386074
61877,Left,0.23164581691769756
21871,Left,0.3186099848679082
20788,Stayed,0.9656474162980404
42365,Stayed,0.6571233013353451
19161,Left,0.08900778435179107
28764,Left,0.09916881825780119
56938,Left,0.44759957127814015
16270,Left,0.4680110803712184
27948,Left,0.4010635453461265
34793,Stayed,0.5898737234395443
17783,Stayed,0.7452900119349966
29904,Left,0.4567024109205111
60900,Stayed,0.8806142766001446
19242,Stayed,0.825595509752395
8902,Left,0.18087118097981483
2837,Stayed,0.9411159701354309
17479,Stayed,0.979787428464279
69048,Left,0.16961773964373056
32065,Left,0.11954906783235947
44539,Left,0.30455157233609553
70040,Stayed,0.9926412807670314
43520,Stayed,0.8962799483077282
33808,Left,0.39673166415425165
9209,Stayed,0.8201932818904903
1289,Left,0.15155929837377569
9955,Left,0.3193506938939158
34258,Left,0.4244898403512123
30316,Left,0.23075859354148393
55846,Left,0.3250675007113063
35122,Left,0.3934076277219597
14088,Stayed,0.9719790730387465
12274,Left,0.22020785086684455
35544,Left,0.3514163802824492
50508,Left,0.12927608010088587
7025,Stayed,0.9751941127430427
72035,Stayed,0.8188999950440329
48951,Stayed,0.918549450632004
53904,Stayed,0.8538256041623803
66917,Left,0.363052426075757
11083,Stayed,0.8595752098685991
59483,Stayed,0.8084240363288856
58476,Stayed,0.9803900179716272
15436,Stayed,0.850286224252003
31731,Stayed,0.71743636411118
42243,Left,0.256428798077347
45881,Left,0.20261903767479236
34533,Left,0.4132941962619701
69079,Left,0.2660473405527225
54553,Stayed,0.9668417896556785
66958,Left,0.40194683740660414
3419,Stayed,0.8997796591648857
24987,Left,0.3638191364949044
24025,Left,0.38747593313171225
24177,Left,0.26351868132156353
54965,Left,0.102950368180025
13251,Stayed,0.8602982954024054
2194,Stayed,0.9424677084003065
30282,Left,0.46309403026919466
46802,Stayed,0.5594707619516238
63277,Stayed,0.7568219870808349
66081,Left,0.19708307246244042
10343,Stayed,0.5295049156723015
65746,Left,0.32936648918887435
59756,Left,0.36248940950084807
31719,Left,0.18608442095512767
21648,Stayed,0.9015119481859839
15292,Left,0.13917196786633537
9056,Left,0.40376343623989464
11467,Stayed,0.5111717723788983
15695,Stayed,0.9633622537494596
56771,Stayed,0.9508371194121839
68060,Stayed,0.8651298369784999
41885,Left,0.4889997834989542
32952,Left,0.13239497227594688
1585,Stayed,0.948135539700358
37174,Stayed,0.9943357434123862
31838,Stayed,0.833801321817761
35581,Left,0.4340146338155386
1484,Stayed,0.7366470780201636
58362,Stayed,0.9866260266654411
5976,Stayed,0.9219166240633937
56513,Left,0.20197931023246657
62090,Stayed,0.5613490117301194
31149,Left,0.42449152933379736
20693,Left,0.2888658000187697
8601,Stayed,0.6968502322323561
61723,Left,0.45649859281666366
70657,Stayed,0.9953521531338165
44848,Left,0.19707008259523456
65613,Stayed,0.5882233789405846
59807,Stayed,0.7718018028709137
30665,Left,0.2593271097613883
54920,Left,0.3021731413586387
48113,Left,0.15504724457800279
3602,Stayed,0.5658493391397434
28911,Left,0.15313273819186152
70154,Left,0.4286983763955486
61989,Left,0.3884376057588278
61880,Left,0.3713007564950068
22664,Stayed,0.9627396101540623
64121,Stayed,0.9031322622798424
54210,Stayed,0.8055353539576244
16444,Stayed,0.6229410891167303
23944,Stayed,0.8621172150602954
52051,Left,0.36234755027417653
44582,Left,0.14932995331720644
31305,Stayed,0.7993617240493206
16324,Left,0.46343386990350055
39796,Stayed,0.6501883698320149
74268,Left,0.3611786880865545
36118,Left,0.15696807821319989
26847,Stayed,0.802928516247511
71062,Stayed,0.7229159128690207
12419,Left,0.44052483042952995
1524,Left,0.35755020974319773
54915,Left,0.28528557317831277
14635,Left,0.278831140229611
60533,Stayed,0.6803798195588573
6743,Left,0.3997988534851027
12358,Stayed,0.6560822738313384
58376,Left,0.47885451582063465
17699,Left,0.4581263328734742
52172,Stayed,0.5119092025952877
20173,Left,0.3372116609955681
9622,Left,0.299220744840201
3345,Stayed,0.5150555821293304
13362,Stayed,0.6969892463367594
14042,Stayed,0.9263481905689724
2681,Stayed,0.8787832862935895
64823,Stayed,0.7514474812199667
15714,Left,0.2898642809743493
6269,Stayed,0.982805425727056
67972,Left,0.17420978181990487
58191,Left,0.16573403028979367
60310,Left,0.30170790966144084
57019,Stayed,0.7459204084774617
19294,Stayed,0.9315930124076965
57606,Left,0.17031163724983298
74471,Left,0.26553132292313797
28084,Left,0.15689212959775678
4022,Left,0.11506535867762895
58143,Left,0.20104701950422477
39013,Left,0.4944262309607994
6632,Stayed,0.6171832533984354
65183,Left,0.14783236234498146
65284,Stayed,0.9749946272069658
4209,Stayed,0.8733139749033478
40389,Left,0.3762953730302081
1175,Stayed,0.9885644457201371
4901,Stayed,0.9950040110043457
31186,Stayed,0.8554711685126888
1174,Left,0.2597450554068655
23317,Left,0.29964929589048955
8364,Stayed,0.597763206094167
28219,Stayed,0.8832489190514382
70898,Stayed,0.8225894907849152
63946,Stayed,0.5319356841130487
73442,Left,0.2889116083677533
68940,Left,0.16574290953677456
73117,Stayed,0.9079786731836292
67726,Left,0.11026566222386076
6526,Stayed,0.7264892599462985
37025,Left,0.10600903048866044
17965,Stayed,0.6669055540477202
25594,Stayed,0.5053431336048345
50084,Stayed,0.6230609058836183
49782,Left,0.3498893188603074
58355,Left,0.3145650494885831
72621,Stayed,0.9787495883151762
20852,Stayed,0.601890657884755
65137,Left,0.43212806427763917
29839,Left,0.3646013062588923
57777,Left,0.3300132167755278
22676,Stayed,0.8451995728970445
48089,Left,0.29005678249744016
35966,Stayed,0.7518849496106236
16871,Stayed,0.9879760376584573
27393,Stayed,0.5031342057519149
37543,Stayed,0.551017975220954
27657,Left,0.3184896239951875
49794,Stayed,0.9343682512213055
27480,Left,0.4006393149633
41729,Left,0.05430054260811007
15515,Stayed,0.7769200046668008
41378,Left,0.11124216311613237
3011,Left,0.36150460588698663
36478,Stayed,0.7551304201757032
60024,Stayed,0.5097891915149315
36205,Stayed,0.989615899857168
21074,Left,0.2754811347892453
50568,Stayed,0.7210616112970001
4246,Stayed,0.9626605211575623
64296,Stayed,0.7097939589475194
53668,Stayed,0.5500548814289116
27563,Left,0.41714235577995257
27071,Stayed,0.523806151778067
64734,Left,0.25904070031030746
48840,Left,0.2986623422025943
51146,Left,0.413066744176493
54066,Stayed,0.7391612656953965
73944,Stayed,0.5636615549916653
16696,Left,0.26814491054771933
15183,Left,0.30213186669701253
44284,Stayed,0.574688903511415
64065,Stayed,0.7875980697814228
74463,Left,0.24032337152684657
7707,Stayed,0.7527203809780435
14965,Stayed,0.9791737729590342
54652,Left,0.24486249079677957
51082,Left,0.08490516794230683
41293,Stayed,0.5815723945373306
65655,Left,0.47893376160681844
58674,Left,0.17020893862293224
43790,Left,0.26349636385476144
63900,Left,0.29628489309812983
12284,Stayed,0.6543745671087339
20207,Left,0.30903815768819015
1060,Stayed,0.6991115862268439
59666,Left,0.16467376630113842
63068,Left,0.4571182154954647
6897,Left,0.38809460558167325
32837,Stayed,0.9388570704928029
71968,Stayed,0.9142021622596502
48420,Left,0.46230514343326795
23717,Left,0.2612111761636749
40873,Left,0.04451430047447248
66188,Left,0.2067131879370319
4654,Left,0.4571971321247403
29727,Left,0.23378848163069751
39251,Left,0.11071150257587187
71730,Left,0.295137381692798
8880,Left,0.409303170499214
36005,Stayed,0.848177040472059
20500,Stayed,0.844225429260693
56790,Stayed,0.9638179914117331
30830,Stayed,0.741157092511391
52304,Left,0.46342161201960097
40705,Stayed,0.7729469978009744
24238,Left,0.4736691406578443
38481,Left,0.4065221884123959
32393,Left,0.43828372416410666
52940,Stayed,0.9377980227456659
10281,Left,0.25165808144248525
6530,Stayed,0.5648783336868287
72975,Stayed,0.6659872837476294
17123,Left,0.2423993455493261
42185,Left,0.1679440261280184
43191,Stayed,0.9147485205286812
72864,Left,0.18316959153904275
56519,Left,0.15447359703998753
17644,Stayed,0.8556347355899134
11332,Stayed,0.8219671567584936
45276,Stayed,0.9790080042923388
73297,Stayed,0.5279343108862082
66566,Left,0.30049027211537616
53199,Stayed,0.8425313535183286
36217,Left,0.34746072496085945
11097,Left,0.25793494341360784
24371,Left,0.10495870517677569
23086,Stayed,0.9906036260448677
7468,Left,0.1820662472375266
6759,Stayed,0.5784198180540013
24136,Stayed,0.7043189761928764
65489,Left,0.24245961612865613
72096,Stayed,0.604913519704312
28323,Left,0.38688959931788885
60363,Stayed,0.7028839671000997
35460,Stayed,0.9797794466011462
7822,Left,0.38563853470777754
6484,Left,0.35911448682586433
68654,Left,0.3512521179730248
57112,Stayed,0.9950631385727167
38875,Left,0.28433574277719664
49821,Left,0.18630704095892592
20042,Left,0.30913697624059333
52181,Left,0.31940943648549364
18934,Stayed,0.9316225170830547
12103,Stayed,0.8763818310528437
14077,Left,0.18210181528155533
65873,Stayed,0.8556820380084443
13996,Stayed,0.9896649781751327
9923,Left,0.12206014751650972
64940,Stayed,0.678811195211081
48632,Left,0.2629136196882707
41730,Left,0.38277746689052783
12066,Left,0.20980692517780689
44051,Left,0.165564452816263
2323,Left,0.16530933848936744
375,Left,0.31735947268458536
57632,Left,0.09333545523216179
21765,Left,0.1255692029576688
51734,Stayed,0.5833560282117402
35857,Stayed,0.80064615878079
33331,Stayed,0.9931082498153773
20756,Stayed,0.9141144799826713
60559,Left,0.4907451227535864
65397,Stayed,0.907227940468136
73198,Stayed,0.7098606032817385
13632,Stayed,0.8612505175392356
17031,Left,0.1572045186197748
31643,Stayed,0.7038757087697624
31299,Stayed,0.6658599613204466
71616,Stayed,0.5866802633850723
66589,Left,0.22911625957478035
25286,Left,0.16443946293902673
20469,Stayed,0.6839772128314654
11853,Stayed,0.5016221653586531
24522,Stayed,0.6475783401178722
44241,Left,0.30658282214912014
19133,Left,0.3881871120569567
65532,Stayed,0.7797653639294551
47211,Stayed,0.5752937528565457
54030,Stayed,0.695924495373772
24014,Left,0.1292110373146791
12558,Left,0.3430640885729938
70512,Left,0.27600200260185875
22378,Left,0.09831111749170744
64873,Stayed,0.6725578005347255
58886,Left,0.46436454854675197
60176,Stayed,0.9417644486270483
73769,Left,0.19773523410987334
4417,Left,0.1617581918206789
9843,Stayed,0.7505148621843634
16394,Stayed,0.5485362752024711
59972,Stayed,0.7500866795507827
11543,Left,0.37578728044500925
21596,Left,0.3047443256762405
11941,Stayed,0.5036516782613227
3714,Left,0.20095834626780723
52761,Stayed,0.9610733305892319
11567,Left,0.1482180304580616
73557,Left,0.20346053239769632
46819,Stayed,0.7014313989231913
69944,Left,0.1010507631410001
39229,Stayed,0.5953376880192022
61634,Stayed,0.6186693662056983
4919,Stayed,0.5740976472245163
54980,Stayed,0.966148056640513
74015,Stayed,0.9452382031051553
44719,Stayed,0.599474707137653
59476,Stayed,0.9564350396741996
55687,Left,0.25896480028267704
15200,Stayed,0.9973108039546007
70871,Left,0.22220346437680713
26773,Left,0.35202229619235503
45176,Stayed,0.8458458888177529
50262,Stayed,0.9685534426343858
20209,Stayed,0.5435330556906003
62862,Left,0.31471190451540937
48021,Left,0.295443367059182
65850,Left,0.39654808813800413
7965,Left,0.3090137101213791
12521,Left,0.07818188267817656
34396,Stayed,0.5779247062229157
44358,Stayed,0.5225324720699339
67644,Left,0.2980577126200543
13932,Left,0.4066942903758074
22945,Left,0.28918929834774754
43091,Left,0.31870639680373974
34296,Left,0.08727246158982918
5947,Left,0.16562951002583226
70281,Left,0.09138499184983487
73640,Stayed,0.683563779774067
32929,Left,0.4477543301116836
59831,Stayed,0.7782739180573648
59330,Left,0.13464686540676737
15208,Stayed,0.7914585042945618
12784,Stayed,0.6152208714961075
52900,Stayed,0.8633738661911826
16822,Stayed,0.9839307377001573
73217,Left,0.413239795885872
32756,Left,0.13585456540013852
50056,Stayed,0.9766410568323644
50765,Left,0.19696091858481282
730,Stayed,0.9954468787714875
62979,Left,0.3094258377753036
44518,Stayed,0.7840869736899116
15394,Left,0.4442098978852785
70176,Stayed,0.8092650041178903
16707,Stayed,0.8797702885307
41889,Left,0.4577894810556477
70431,Left,0.3789211491280491
30013,Left,0.3456250039990171
8642,Left,0.31834827875523664
36035,Left,0.4168988542170111
81,Left,0.29083551691792003
27090,Left,0.1367364413296614
62757,Stayed,0.9916070424577496
630,Left,0.23417347812965528
56436,Left,0.319912445059129
21446,Stayed,0.871609051214128
61116,Stayed,0.8330177267121276
875,Stayed,0.9581429015420833
7107,Left,0.3501964134267297
12821,Left,0.27873881735677164
6544,Left,0.39102123991304866
73636,Left,0.413620518999215
42664,Stayed,0.5771313634441586
2219,Left,0.2057358505756704
47104,Stayed,0.9640486531659685
4752,Left,0.2770708750533462
27368,Left,0.4615705094000447
55591,Left,0.4970479332625051
16903,Stayed,0.7199200952599885
66165,Left,0.3449551927193381
56371,Stayed,0.986839035884424
24656,Stayed,0.7154416101010221
57464,Stayed,0.9552296225447845
31204,Left,0.47840906008711437
66611,Stayed,0.6598026860125096
6166,Stayed,0.7402363291486853
73062,Left,0.18935621233417085
59880,Stayed,0.8835427154422343
64258,Left,0.34018111796529815
70609,Left,0.28840641824100144
64217,Left,0.3522666169104686
16132,Stayed,0.789628489568254
12068,Left,0.24175238931364632
12291,Stayed,0.7245424162162308
54924,Left,0.41411230384666375
35445,Left,0.1671713698811426
13859,Stayed,0.5893639619848245
55430,Stayed,0.944753267261911
34356,Left,0.36815293392573434
58207,Left,0.2782078730816315
63358,Stayed,0.754761586411789
46335,Stayed,0.7261443504061311
54596,Stayed,0.6674514726706966
18845,Left,0.06253716042535805
25616,Stayed,0.7689711653131606
21112,Left,0.23796385612807022
30381,Left,0.23498272101965273
52217,Left,0.4626458563969073
53384,Left,0.3784607645652371
14370,Left,0.21455451763704367
22810,Stayed,0.5431531997385889
71251,Stayed,0.9116757755551627
21921,Left,0.13418558716546453
40486,Left,0.2997824807381399
51748,Stayed,0.5510090804606611
58520,Left,0.4065022301380415
67872,Stayed,0.8325589369063779
68388,Left,0.21132578266140567
51170,Stayed,0.5460358343628924
47434,Left,0.13282182403297668
1514,Left,0.23204350834916257
58394,Left,0.4809575877973074
72668,Left,0.08529585072903771
57897,Left,0.11257107785202111
3952,Stayed,0.6134387224299687
51104,Stayed,0.916760311110565
40926,Stayed,0.8067205222792976
42,Stayed,0.8647355078124587
21476,Left,0.1144742154217715
1645,Left,0.44151814966781283
66887,Stayed,0.6179936094371025
19717,Stayed,0.982575651629127
30919,Stayed,0.5190092425503092
65561,Left,0.13875102458488123
44458,Stayed,0.8911481879367269
32842,Left,0.33424107294016697
8050,Stayed,0.5864559739870341
34082,Stayed,0.6368545176252403
18238,Left,0.24832712788764877
2518,Left,0.2731474360848177
32396,Left,0.34252761163112183
1292,Stayed,0.5014980602282719
56223,Left,0.488647128349788
14702,Stayed,0.6068394665825727
22709,Stayed,0.8807244272428824
23973,Stayed,0.9354130704488411
58129,Left,0.4149345362912439
28389,Left,0.3023955889991269
51890,Left,0.13916096875917852
68590,Left,0.18155612804884605
17191,Left,0.38955920808771505
41503,Stayed,0.9136399513180261
31564,Stayed,0.6622419068420916
57489,Stayed,0.9583535463754597
24995,Stayed,0.9007650026080252
52658,Left,0.47015938261835744
15923,Left,0.1968574982848872
48406,Left,0.4172269808025662
25947,Stayed,0.9206449717115087
51147,Left,0.49124345611681136
11584,Stayed,0.5040558575839656
30232,Stayed,0.8019761273383553
20459,Left,0.27645570672391395
1290,Left,0.16774198007786084
56075,Stayed,0.8428236040380869
57320,Left,0.39647997575692295
63052,Stayed,0.6020522970932036
49126,Left,0.27536823910397534
10466,Left,0.4399567442727749
68158,Stayed,0.9090214960179595
17354,Stayed,0.783431774874077
829,Stayed,0.6113271507906335
70190,Left,0.4131914227731169
17874,Left,0.28521317471493446
48838,Stayed,0.6055327502127525
20226,Left,0.21331646510620156
20483,Left,0.13893390691086796
21739,Stayed,0.8522536015588178
50565,Stayed,0.7887257825898425
50615,Stayed,0.5938241835409234
38622,Left,0.1009715830150366
47270,Left,0.1222918718664843
22867,Stayed,0.8047617309558117
32028,Stayed,0.7650809869754921
37558,Stayed,0.7255072199808378
42939,Stayed,0.5112225126589318
56080,Left,0.08336253368335088
37379,Stayed,0.9546333614862336
67781,Stayed,0.7187719111663741
48213,Stayed,0.8068593287805331
60598,Left,0.15305791718950146
68603,Left,0.1501675404063699
26450,Left,0.3244126000906071
63420,Stayed,0.7926123818541675
18851,Stayed,0.7674112495523944
36897,Left,0.4068582312213521
59513,Stayed,0.5979961412543623
38269,Stayed,0.8813448028282227
3428,Left,0.2889493491358412
9299,Left,0.4434994867031447
19520,Left,0.24070907250975757
40828,Stayed,0.9830603289725162
46289,Stayed,0.9364931408477628
3283,Stayed,0.9246517844792579
28102,Left,0.1441472375118456
70704,Left,0.2903976737028668
68958,Left,0.163969604105805
1995,Stayed,0.9665897030662474
36230,Stayed,0.551912915590101
8232,Left,0.395982377772729
34972,Stayed,0.5820502363135195
61947,Left,0.13294102206951974
73273,Stayed,0.787471596162443
59971,Stayed,0.6657223435737645
72003,Left,0.11845973494874837
35583,Left,0.19263202516122652
29882,Left,0.4681688761411157
49603,Stayed,0.9737068273096671
3119,Stayed,0.9727424317884915
64089,Left,0.4882474112856723
73080,Left,0.46167707312372974
66127,Stayed,0.8561491185035299
38297,Left,0.11047917182846295
25019,Stayed,0.7699388471230515
24621,Stayed,0.9473669576993481
73856,Stayed,0.9645956734279376
33991,Left,0.21965014600984048
33204,Stayed,0.6108093877870121
46313,Stayed,0.7784301755756201
41036,Left,0.14387988172175636
14166,Stayed,0.9060072745575708
60227,Left,0.33287369343910106
42492,Stayed,0.9770070426362287
25914,Left,0.3538225775289429
37239,Stayed,0.5242229906497586
61898,Stayed,0.5386768701295901
71525,Left,0.4929979752423886
50035,Left,0.30914417563558333
64458,Left,0.46622232070562614
14132,Stayed,0.8307638709026106
26900,Stayed,0.7039855797572268
15023,Left,0.09788988910613738
25487,Stayed,0.9816337480747382
11120,Left,0.35992515691581145
37928,Left,0.27070036904298456
33457,Left,0.1448202513332826
37986,Left,0.17816602529259215
40396,Stayed,0.8808792098953696
70807,Left,0.38429861098253587
8365,Left,0.24631542710124013
11114,Stayed,0.8297505980208947
41118,Stayed,0.8338560361300349
22653,Left,0.3572132757834929
33254,Left,0.2565139692833353
52076,Left,0.29033119706636806
12800,Left,0.10092687233290472
71250,Left,0.26734933649809367
40522,Stayed,0.8467299774880345
67325,Stayed,0.7974965592110125
22326,Stayed,0.987773938732222
39037,Left,0.1363801216429017
24696,Left,0.3373322075120981
3934,Left,0.31217263627533287
50319,Left,0.4953987370777637
66138,Left,0.1722364374334102
12619,Stayed,0.9650376381158189
49375,Stayed,0.8575585860662569
35493,Left,0.45465040137210416
68374,Left,0.36432603902645677
2211,Stayed,0.7736287943339718
73380,Left,0.17811624008455326
57290,Left,0.3255053253541303
48185,Stayed,0.7056896599539558
58495,Stayed,0.6964621555128101
14318,Left,0.180508463144914
20624,Left,0.49494896264720056
54563,Stayed,0.8635520316886285
56137,Left,0.17354725565512907
16759,Stayed,0.8639003687872187
7687,Left,0.3609620978985435
43855,Left,0.09381689529483186
67711,Left,0.21010595507223961
41310,Left,0.2463000734564809
35744,Stayed,0.9715684226768011
17806,Left,0.07408403192936047
13541,Left,0.4364351831694555
41903,Stayed,0.9788632964094022
34243,Stayed,0.9748088188371602
48177,Stayed,0.6065069283628578
45975,Left,0.3004742546711887
6096,Left,0.40691985864918745
41028,Stayed,0.7011455358929877
44032,Left,0.14928395635565508
73631,Stayed,0.9778505315584822
32439,Left,0.3511046274995915
15510,Left,0.14011362349688966
34409,Left,0.35566246894933373
68030,Stayed,0.72825059956363
35749,Left,0.20337292965367276
32722,Left,0.3280205916803318
72152,Stayed,0.8290183355013477
15579,Left,0.06899622922991863
50039,Left,0.19447570171158818
42683,Left,0.09771160831112202
13536,Left,0.4231149071800326
19498,Stayed,0.9929169781857422
45006,Left,0.30462610098455506
60206,Stayed,0.977495295743265
73235,Stayed,0.8369191265014919
31574,Left,0.4655166879518541
48468,Stayed,0.8276686608166794
38379,Left,0.4216704884920289
25161,Stayed,0.5139408867423387
4173,Left,0.26449118280078837
54998,Left,0.17560432363604925
7244,Stayed,0.6459469258472474
41220,Left,0.3928586243804688
42847,Stayed,0.9921615024029329
69557,Stayed,0.7763567947371933
71020,Stayed,0.9092700223629813
34540,Left,0.359190274537544
31730,Left,0.20489728218446396
61954,Stayed,0.6827291423594559
73854,Left,0.27091396067314294
46067,Left,0.12956286790218538
22966,Stayed,0.8607290286632493
44626,Left,0.14098410034804373
43296,Stayed,0.5215221122778377
59262,Stayed,0.5504800800429688
61678,Stayed,0.5735090541201977
29700,Left,0.2265682842217956
44781,Left,0.28292447338979126
64035,Stayed,0.6828643924577614
6200,Stayed,0.8932363203809871
61020,Left,0.3642463507456329
63934,Stayed,0.7317561139329514
4254,Left,0.17466766793643476
48103,Stayed,0.9705024767949927
74109,Left,0.267206774828918
46553,Stayed,0.88033825830239
35613,Left,0.10064354417517023
36639,Left,0.3006662002765845
15253,Stayed,0.9803853165739186
26052,Left,0.1273329629064068
14349,Left,0.21427953410154588
24421,Left,0.09821148323620772
13,Stayed,0.8270840377988931
42364,Stayed,0.5547189775017026
33988,Left,0.09062293309602716
1530,Left,0.1850328089811671
21462,Left,0.3246916666657454
40308,Left,0.1919155449134875
18989,Stayed,0.8148485537175266
14216,Stayed,0.6554032628303731
21271,Stayed,0.6537530896837006
38901,Left,0.21731378097216938
5956,Left,0.2861242985426718
40065,Left,0.20761319633364225
16265,Stayed,0.6230351031026813
14277,Left,0.32523149932703593
62011,Left,0.4303006681408554
53100,Left,0.2810809371480387
36051,Left,0.2021246692415407
22087,Left,0.07760019564783546
55728,Stayed,0.918600398482375
72337,Left,0.31854755928355777
54386,Left,0.33435043305929635
16905,Stayed,0.9207799676833182
21004,Stayed,0.830157397800787
21809,Stayed,0.8482587275682442
45943,Left,0.15940275139698226
48673,Stayed,0.9643640268310213
19502,Left,0.37025843848512907
42072,Left,0.2793359791151071
73794,Stayed,0.8300025862450012
22998,Left,0.4795370007961497
57608,Left,0.1741332351771579
2972,Left,0.22570526968948162
31212,Stayed,0.8211345396499481
12946,Stayed,0.9955387006629852
31210,Stayed,0.8917192551683946
7699,Stayed,0.7220493811659532
58639,Stayed,0.5215082969641067
21239,Left,0.3939404499751643
53583,Left,0.13069950583947806
64650,Stayed,0.9879087438937303
9265,Left,0.4201873077095466
20316,Stayed,0.5001739000035574
12163,Left,0.25364506516996654
41570,Stayed,0.7461742928573926
67794,Left,0.08554185736167319
72785,Stayed,0.5717695952863346
43365,Left,0.42987458363995196
63555,Stayed,0.821713605004346
38202,Stayed,0.995187393242163
2096,Left,0.4852002856905411
35029,Stayed,0.6611485843932734
5928,Left,0.05760647369107216
58431,Left,0.2986945174038827
38952,Left,0.19455903171973374
32141,Stayed,0.5419722656643329
65701,Left,0.27637346030472854
1867,Left,0.4940602027958189
35647,Left,0.23690666336183167
41480,Stayed,0.6315518755239586
51648,Stayed,0.7310129184282406
6977,Left,0.3859089774463115
30367,Left,0.22792070238657366
35620,Left,0.3496749924913746
15276,Left,0.07141309619895915
11804,Left,0.2832612870346486
26909,Left,0.2408620981247175
38071,Stayed,0.5008345614723893
51309,Stayed,0.7607413530488831
25245,Left,0.39038976811248616
58965,Stayed,0.6433127288006164
15855,Stayed,0.6493225621939595
39801,Stayed,0.9056526388342783
3432,Left,0.15825468680983779
18237,Left,0.2157324401388981
60937,Left,0.13011298601842072
47956,Stayed,0.533303864183009
20580,Stayed,0.6619700906935891
10470,Left,0.18247803580260785
14730,Left,0.18686498866662127
62968,Left,0.3420233402013664
20899,Stayed,0.9536529964019265
32867,Left,0.23356195849629283
25253,Stayed,0.5193332152741589
61429,Stayed,0.9802485399291726
63278,Stayed,0.8487028436753106
53549,Left,0.46297854524151655
72317,Left,0.4192215345023077
27268,Stayed,0.8152743223140448
71480,Stayed,0.5280422574262156
1603,Left,0.29220362469875444
60447,Left,0.22725674107718563
65785,Left,0.4775863706550055
35065,Stayed,0.6309472518902839
48511,Left,0.45136577970246666
48871,Left,0.45589736097458106
20263,Left,0.32382358701424696
46501,Stayed,0.7002255316182564
42600,Stayed,0.6000669656258705
55218,Stayed,0.9953932502619274
61782,Stayed,0.5763944951376901
19864,Left,0.1886319788467948
30915,Stayed,0.9515593266252285
39573,Left,0.3338950068413772
16810,Left,0.4428241900755756
71169,Left,0.22872104594328707
32498,Left,0.0899211644534388
59234,Stayed,0.961307346131734
71608,Stayed,0.5286172504139369
51396,Left,0.3108753074208955
21689,Left,0.44823296525876666
19834,Stayed,0.8627861267989452
39661,Left,0.26459389073886025
28664,Left,0.4568064969140337
58060,Left,0.27907365584141147
20480,Left,0.1971035895856182
4096,Left,0.41691105738585055
25127,Stayed,0.5202708176598384
17396,Left,0.4479952071355712
55602,Stayed,0.9400144117658203
32466,Left,0.2650128661206943
314,Stayed,0.5660694225653675
41217,Stayed,0.9723392314179753
29646,Left,0.21676310968355608
47521,Stayed,0.9371880020474843
40528,Stayed,0.9171194252265265
50295,Left,0.46150550936682044
16054,Left,0.1916044893754522
31273,Left,0.40314715315487587
45963,Left,0.17767364099376995
42645,Left,0.2724365457066148
52311,Stayed,0.7537525380985077
48967,Stayed,0.8703260603232874
18315,Left,0.24230386446312518
60399,Left,0.21274910627668678
14535,Left,0.0856582139291562
39746,Left,0.48269043812349743
67384,Stayed,0.5423955342567682
2785,Left,0.24054871927585614
54989,Stayed,0.5077492007239925
29583,Left,0.334705037232164
1752,Stayed,0.9443230126614238
45983,Left,0.4809809349863896
49187,Left,0.2674898634427348
54586,Left,0.4192998683170457
62976,Stayed,0.5952662264188316
48548,Left,0.21882211928113246
67044,Stayed,0.7794688416838526
33383,Left,0.07669899194230102
46189,Stayed,0.5260451341319635
52184,Left,0.11327091196708018
23152,Left,0.17068135939924917
440,Stayed,0.5361900003894751
54683,Left,0.22857787533218565
46568,Stayed,0.8059679846026687
63661,Left,0.3161431228175691
11235,Stayed,0.5977473876606972
61932,Left,0.3264419029464564
59114,Left,0.18686939543602896
51915,Stayed,0.6101141596564842
19812,Stayed,0.5972968954223091
34927,Left,0.2736451836588103
66965,Left,0.3308782158752943
69589,Left,0.3913412060341354
71903,Left,0.3617878083518541
37734,Stayed,0.5789399549023356
14595,Left,0.32082919890603423
28046,Left,0.2796342203447363
67244,Left,0.39500881110710995
30718,Left,0.23203325471704153
14279,Stayed,0.98942236071303
68194,Stayed,0.7025086113256572
10521,Stayed,0.5387488084757944
49464,Left,0.35698189638108535
59282,Stayed,0.7694632203002744
57275,Left,0.10669586941982936
53761,Left,0.3819442836820754
58552,Stayed,0.9889736597194481
6520,Stayed,0.7587838711791455
48008,Left,0.36339811860139276
29525,Left,0.3401731158296964
13048,Left,0.20492904294346623
11311,Left,0.25928694446342965
63072,Left,0.4421853581071312
61219,Stayed,0.9355050195048481
37774,Stayed,0.8301761471263939
42228,Stayed,0.6864180125157133
16874,Stayed,0.6583012685491394
66365,Left,0.036618839201607536
31699,Left,0.4801503947384287
26455,Left,0.27931317956516655
51522,Stayed,0.9069741151441223
67441,Stayed,0.9582371358584215
71401,Left,0.11085305439451444
29506,Stayed,0.8921608393312457
53955,Stayed,0.7531670501350209
17381,Left,0.3616462437511056
40370,Stayed,0.6435322796718546
37183,Left,0.48018367113135
13374,Left,0.1472969248080484
52661,Stayed,0.9642928542899859
6145,Stayed,0.5614984728803187
22600,Left,0.07935871010356163
70953,Stayed,0.8742696658652591
7423,Left,0.19385407117435113
68329,Stayed,0.9551629222500414
30036,Left,0.09264008609696742
12595,Stayed,0.7339176998285395
46631,Left,0.1510168508957705
63874,Left,0.28687343087053874
429,Stayed,0.5337643236284378
15521,Stayed,0.9520656156002145
67587,Left,0.11792362028864448
29858,Stayed,0.7304625532483701
50075,Stayed,0.8916180042517842
51470,Left,0.18166004066902744
68024,Left,0.27269225756413856
71013,Stayed,0.9737609906064032
25771,Left,0.4237166640037196
32387,Stayed,0.8484761943024884
66425,Stayed,0.5704164713411692
52392,Left,0.05251883782798889
45880,Left,0.12213514458033341
30618,Stayed,0.7560923712660095
53841,Left,0.265574451144584
4670,Stayed,0.768467990557818
15865,Stayed,0.9635137559659758
70228,Stayed,0.9034616161776982
53724,Left,0.36500710494910243
4108,Left,0.28690276510441626
14209,Stayed,0.7602824313124438
36141,Left,0.36800373439287787
34750,Left,0.3433557537453825
48423,Stayed,0.8876868249231905
26515,Stayed,0.6588807778515128
46522,Stayed,0.8585682641910991
36690,Stayed,0.9431396958568619
29569,Left,0.42565783919609623
31905,Left,0.07980662107732997
61718,Stayed,0.9088411346492783
66597,Stayed,0.6770081537864685
28930,Stayed,0.9213898061007696
50171,Left,0.3863172095257057
48500,Stayed,0.9120393639471799
35807,Left,0.2945742632864796
28825,Left,0.17484923511519085
18665,Stayed,0.9141701264150158
3830,Left,0.4265429138804549
22222,Left,0.31803857340727193
19710,Left,0.29905880999005713
72263,Left,0.2527002448009278
73209,Stayed,0.508028246873233
4787,Left,0.12382320663391559
38409,Stayed,0.9732665988721352
36059,Left,0.2434292952828392
15398,Stayed,0.5150230117057842
60870,Left,0.21528174338901993
30011,Left,0.11986047675848319
48029,Left,0.47899201737243013
49277,Stayed,0.7493691488325273
72227,Stayed,0.8088062855893683
73575,Left,0.2679844567109676
59129,Left,0.14044766307807188
13576,Stayed,0.6889815393327745
59484,Left,0.3734097712480465
69448,Left,0.08754000596510036
38217,Left,0.19336402962818836
13981,Stayed,0.9514568176213883
72318,Stayed,0.5759985414487407
22520,Stayed,0.8067210457454468
9159,Left,0.18103012336019048
41854,Left,0.1869811103053553
62493,Left,0.3235338686904855
49237,Left,0.19989621619017195
13123,Left,0.32214730795668156
43339,Stayed,0.5598817672466255
68257,Left,0.44981447460608315
50859,Left,0.40192317279028944
16197,Stayed,0.787255466166972
66038,Left,0.4444605121544478
61962,Stayed,0.8967639761468613
35697,Left,0.3922786159665881
18653,Stayed,0.7137831014033553
874,Stayed,0.9700570288499274
17253,Stayed,0.9508874158589224
27486,Stayed,0.6650510433931349
16671,Left,0.44720011053271397
72196,Left,0.17339303066639764
65329,Stayed,0.947082804917733
56995,Left,0.3379605663675778
50634,Left,0.15236529202936447
25448,Left,0.12032172191821087
65300,Left,0.41883504432119906
38225,Stayed,0.579884613270958
51849,Left,0.34889052276937504
4982,Stayed,0.8561508916095938
20697,Left,0.21718475997828962
7326,Left,0.4120286322178997
74086,Stayed,0.9745094702327498
55545,Left,0.4034520130437791
44394,Left,0.377870206420364
6391,Left,0.277028258423391
34293,Left,0.08431188412830906
3977,Left,0.36098949928616153
57815,Stayed,0.6868369221467518
3117,Left,0.4513988924135413
32509,Left,0.3478084394301035
22625,Left,0.26614240293861324
42375,Stayed,0.8651933568955184
18426,Stayed,0.8099348574519784
17181,Left,0.2093110192202253
35281,Left,0.246829426827012
14935,Stayed,0.9770225146376492
19154,Left,0.4097405352396891
14024,Stayed,0.8995756786054774
61282,Left,0.22058768388635483
73529,Stayed,0.9014190416724863
23894,Left,0.20306488295444078
13558,Stayed,0.5136386847107133
23544,Stayed,0.8713961106492683
4830,Stayed,0.8660510391888443
69141,Left,0.1691759312382911
63559,Left,0.25175480710471776
38275,Left,0.47679579398480326
44432,Stayed,0.9906139637567808
31570,Left,0.3173069265847788
61820,Left,0.41129509141340187
32944,Stayed,0.6453111151464495
33568,Left,0.36943214746956204
6498,Left,0.3437101625622637
60712,Left,0.20008661367280556
41890,Stayed,0.9748087596410686
64583,Stayed,0.967209729098481
33112,Left,0.4076844032384273
18251,Stayed,0.9136528786151628
17368,Stayed,0.9688192825239089
35888,Left,0.14475723913793173
39295,Stayed,0.8827600102942267
20569,Left,0.05727371508874907
11462,Left,0.3953891623828216
37955,Left,0.37690447247219117
34801,Stayed,0.854252903861839
36816,Stayed,0.6304301586165788
61363,Stayed,0.8366506037995252
2868,Left,0.24939418777553235
15277,Stayed,0.92353617631424
6298,Left,0.3191114865964482
53031,Stayed,0.8759521448954875
30664,Stayed,0.846089454173528
55567,Stayed,0.9003927942109455
31904,Left,0.2855946037712684
42921,Stayed,0.9370439345844017
45011,Stayed,0.992578056917574
20507,Left,0.20087567691898406
58846,Stayed,0.9456913725876641
29507,Left,0.25804984407736237
66328,Left,0.28448468560752066
24914,Stayed,0.5373986968660694
44275,Stayed,0.9907187304927979
21233,Left,0.23476834944617078
3180,Left,0.40243917919895916
62132,Left,0.10878480581350787
42296,Stayed,0.5802016189803773
57309,Stayed,0.83423863444163
3914,Stayed,0.7432813001112781
26232,Stayed,0.8300423675223716
20276,Left,0.14623125579326388
10242,Left,0.09341651050251745
966,Stayed,0.924261068979915
45513,Left,0.22547732310546675
41916,Left,0.2533001141881002
13460,Left,0.4656597198095911
35480,Left,0.1540080679339474
60953,Left,0.1580303830078812
25066,Stayed,0.6375054612319468
60880,Left,0.37322746336714296
62842,Stayed,0.9493072245372033
927,Stayed,0.9125668900186292
69228,Stayed,0.9878048156259401
2642,Left,0.20792105593459204
24951,Stayed,0.7408811529421652
36767,Left,0.16123189866212784
29567,Left,0.1865908390715896
69189,Left,0.16050062784027555
9583,Left,0.11330182667074598
7396,Stayed,0.764737659768135
61455,Left,0.17817458019325425
3474,Left,0.2308672988236643
32190,Left,0.11555358633861544
15767,Left,0.15576017827884683
11836,Left,0.3846972567630754
11944,Stayed,0.940144214855985
41688,Left,0.31131703541218986
28090,Left,0.24154328701443595
48305,Stayed,0.8825892293237488
11981,Left,0.10390472483112029
47829,Left,0.14195071935156137
33487,Stayed,0.5471039872719426
955,Left,0.42285849322924557
41203,Stayed,0.8749041206102255
6920,Stayed,0.9985577338476261
35107,Left,0.19956315761449986
6873,Left,0.2741990675879845
54988,Left,0.1851118038508119
47726,Left,0.33008497656227065
73645,Stayed,0.7713441640312373
71019,Stayed,0.9953302347641918
53966,Left,0.3945792317561267
30300,Stayed,0.5279567863291754
61433,Left,0.40507896024578877
70523,Left,0.08363336647151783
70574,Stayed,0.9046733671883586
38146,Stayed,0.9647679426177028
50653,Stayed,0.7651470158699979
21770,Stayed,0.586850664403551
45556,Stayed,0.9148619510891204
44715,Left,0.33259248863069685
70220,Stayed,0.5140796454332311
68199,Stayed,0.5452307446149904
70922,Left,0.45950347458255614
6071,Stayed,0.5987492337041714
36360,Left,0.31235670046359926
35477,Left,0.13421032134325012
9872,Left,0.48986058288602663
38961,Stayed,0.525252352059579
29625,Stayed,0.7481293340806381
19784,Stayed,0.946819079942854
23586,Stayed,0.7115132113304192
74245,Stayed,0.9769570017600137
54126,Left,0.2552388257818231
12336,Left,0.4029195221791719
54247,Stayed,0.9529472597486135
32198,Stayed,0.9707185332789017
46917,Stayed,0.9293884740604875
64853,Stayed,0.9921840571395647
63132,Stayed,0.9741485797383482
26333,Left,0.3015223647529106
10577,Stayed,0.8752174217153188
46885,Left,0.08273512949928151
7616,Stayed,0.8888883781401513
49619,Stayed,0.9556474484099673
40927,Left,0.3499073663561075
7391,Stayed,0.551892920763733
53264,Left,0.3322303245727931
15484,Stayed,0.7348025875744532
11646,Stayed,0.6810245239456244
67863,Left,0.25077191853381
28746,Stayed,0.9029186046441986
52047,Stayed,0.7621776439045768
14001,Stayed,0.8859757428298707
64470,Left,0.3503767935476011
6598,Stayed,0.7684690737918113
53339,Left,0.3603884423125312
35155,Stayed,0.8520538960549755
9794,Stayed,0.7002751886780573
17038,Left,0.3341708963311128
15715,Left,0.24058228156589942
23812,Stayed,0.7436190527920719
9385,Left,0.3808691319942985
44861,Left,0.25087498274737663
42117,Left,0.3066323217927521
10128,Left,0.18937981278253144
28827,Left,0.22176034248562046
47640,Left,0.08406787132286891
6552,Stayed,0.8075599935964096
22200,Left,0.2603305923265876
31373,Left,0.4537576764891396
49067,Left,0.18675470994217952
33930,Stayed,0.7503825250479406
32799,Stayed,0.7038341449176738
16413,Stayed,0.6472463717540347
12509,Left,0.11890548550914513
55899,Stayed,0.9823923636139428
30469,Stayed,0.8524684483136171
45360,Stayed,0.8093184009435977
60623,Stayed,0.8389554314965344
43514,Stayed,0.8885087111495569
18603,Stayed,0.947399949160679
5780,Stayed,0.9429971989860854
66409,Stayed,0.9076568468486744
56256,Stayed,0.9799778884761418
36067,Left,0.2524705771914203
10409,Stayed,0.8047462492956194
21851,Left,0.31115651034889386
21082,Stayed,0.9807219501358618
73646,Left,0.26136348791792985
51110,Stayed,0.6487281096350203
64459,Left,0.2505368594623822
20062,Left,0.24971156274129566
32839,Stayed,0.665446492469795
27226,Left,0.0834485883794831
43888,Left,0.23829639331477423
70207,Stayed,0.6600718979885098
62130,Stayed,0.9964028754107587
33852,Stayed,0.8319728390475626
46343,Stayed,0.9684593342161135
40989,Left,0.07036408767016433
59948,Stayed,0.9869200609034299
47713,Left,0.19223169989525274
71640,Stayed,0.7614691279955841
29314,Left,0.2444663586854086
27301,Left,0.2704482776854994
69887,Left,0.3483258453894011
37798,Left,0.4381683307086071
32245,Left,0.1726842182983085
14609,Stayed,0.675178968935111
53055,Left,0.3512364578835794
48503,Stayed,0.9869703658850577
71468,Left,0.440697237423055
55054,Stayed,0.5868474799435438
22022,Stayed,0.7614898428040389
51652,Stayed,0.5701060261085525
47080,Left,0.26475004568902183
39304,Stayed,0.8443788811940323
4781,Left,0.29898901039077336
7340,Left,0.39344340368175706
48611,Left,0.07207179753352107
18029,Left,0.3326176444067135
1411,Stayed,0.7344838600289042
10987,Stayed,0.9362807087135794
68408,Left,0.3184557614165958
4188,Stayed,0.7109243887205782
37029,Left,0.43429045758275425
33017,Left,0.3751392923866235
7983,Stayed,0.5669903038478645
63247,Left,0.02046899238730666
13944,Left,0.09543523212406362
46597,Stayed,0.7486705156418179
29511,Stayed,0.7638265559451028
60299,Left,0.10501963652468287
64193,Stayed,0.9514122278747812
38404,Left,0.1748515780032133
38804,Left,0.4463275746633234
27631,Stayed,0.9764715285941561
41467,Left,0.10027725541129016
57148,Left,0.128909850887252
48596,Left,0.3617918035747807
70238,Left,0.2140046433383924
23620,Stayed,0.9838529412711103
4049,Stayed,0.9742841265576049
10304,Stayed,0.7624932936162725
26133,Left,0.2556451230686862
25972,Stayed,0.7403046045074668
33535,Left,0.31855448018083404
15976,Left,0.1664206384388733
31266,Left,0.09666106611677666
21724,Stayed,0.5483798104857723
19640,Stayed,0.707451267611284
34565,Left,0.3643046738976747
12234,Stayed,0.9668311692619812
10574,Left,0.33604570299493014
25710,Stayed,0.9516474975580653
34464,Stayed,0.9047203750203704
39807,Stayed,0.9914094343559013
27233,Left,0.38051657988056764
26020,Stayed,0.959913754444513
14305,Left,0.09316526736885068
57236,Left,0.21929089662707518
52296,Left,0.4308208281829896
61651,Left,0.2401301905203681
29790,Stayed,0.8593621486563571
72076,Left,0.4972619152345034
40547,Stayed,0.9520884348393138
932,Stayed,0.8108474739902294
31181,Left,0.3614790697157385
29065,Left,0.24777113151917285
13672,Stayed,0.8110589910830811
28906,Left,0.10569511536513232
62096,Stayed,0.9866193374041983
19275,Left,0.30148370853060114
53763,Stayed,0.7282931100679494
66511,Left,0.23839027874331106
34938,Left,0.22831812114044192
46297,Left,0.47772554041935283
34650,Left,0.4546908738152428
51363,Left,0.39777789855765605
71009,Stayed,0.8612926579734554
32410,Left,0.2478286628717407
35497,Stayed,0.8063721482963893
55296,Left,0.4090460906157358
32630,Left,0.4382652345833955
67756,Stayed,0.8350476300972534
17527,Left,0.36762007484544545
23434,Stayed,0.9727561539660892
2606,Left,0.15376034725341478
28446,Left,0.15376502039934029
54095,Left,0.24048762754589134
68356,Stayed,0.9544003207796847
49111,Stayed,0.5036831489067078
63855,Left,0.4285810615561033
4501,Left,0.4684011191932537
51257,Stayed,0.689406462279155
5368,Left,0.3426647619482418
71287,Stayed,0.7737020656543934
72190,Left,0.1337312434962673
60212,Left,0.39951024364923743
38081,Left,0.22997151312571235
59751,Left,0.10248565566737947
9790,Left,0.33246432025186046
22109,Left,0.41433636326755263
15119,Left,0.24952965294545396
53675,Stayed,0.7530443627669405
52609,Left,0.30966107505712437
25416,Left,0.0945924347794304
68645,Left,0.3873066798546104
27292,Left,0.3990783839469592
55452,Stayed,0.9877694167389846
46195,Left,0.30856970319706456
34260,Left,0.4049943501908921
31333,Stayed,0.6660261111515677
59848,Stayed,0.825893483134716
19219,Stayed,0.791377021727101
58768,Left,0.2553720427725972
2146,Stayed,0.9264379620985795
18480,Left,0.1740575343926087
13946,Stayed,0.7538273585763856
40320,Stayed,0.9625740155886173
21852,Left,0.46027684048953144
41437,Left,0.2532474334594823
25125,Left,0.10516258252559044
11717,Stayed,0.5888152905773084
23270,Left,0.46601413307644673
60678,Stayed,0.9539247830055597
49419,Stayed,0.5942544268805088
42122,Stayed,0.9473484645103134
2315,Left,0.33038334399934793
44762,Stayed,0.9720404875423209
72604,Left,0.3522444100369082
19664,Left,0.2579916019787457
13864,Stayed,0.9563369514541902
4169,Stayed,0.6895657694314217
63517,Left,0.3244032650580233
43876,Stayed,0.5747606768485077
9977,Left,0.19197676740058253
2234,Left,0.16302820461465808
21791,Left,0.43837251865236715
29510,Left,0.19220410597219442
64253,Left,0.3905772597188553
33682,Stayed,0.5565044287832903
31199,Stayed,0.8331007750882601
25768,Stayed,0.8803546124555328
33049,Left,0.3642439313486624
65967,Stayed,0.5548685984430319
65037,Left,0.2120276326114778
3084,Left,0.2618968708353085
73242,Left,0.126796428153687
71828,Stayed,0.7387201914890948
50739,Stayed,0.9267529018256029
55705,Stayed,0.514590798962455
68192,Left,0.17273157119238164
41583,Left,0.4743399107678276
57417,Stayed,0.9720657305491042
21213,Left,0.26877355455706275
53881,Left,0.07562255202988585
72891,Stayed,0.6123109171220693
59061,Stayed,0.8743350669635506
67539,Left,0.3001901382481723
22827,Stayed,0.74589497234834
51472,Stayed,0.5179748650571103
68022,Stayed,0.9886028906784503
24041,Left,0.11411440402368418
68494,Stayed,0.5918038154247067
73962,Stayed,0.9392142986707959
53843,Left,0.08399608419661729
32132,Stayed,0.7421853005794544
69006,Left,0.45509828663983665
21026,Stayed,0.961186646449363
67720,Left,0.17353663002252892
61979,Stayed,0.8912607936234757
17137,Left,0.06375155747525503
29887,Left,0.33023675359968113
31081,Left,0.39432113028813726
34948,Left,0.4146253829118608
69445,Left,0.1678797503499135
30813,Left,0.17630611521096742
67577,Stayed,0.8524817138412086
110,Left,0.25233174071824666
61187,Left,0.17243586318710716
22039,Stayed,0.7818038654872738
42182,Left,0.1852278228827511
6992,Left,0.42356419386939986
28525,Stayed,0.9375033581239183
60070,Left,0.38140863029567335
68882,Left,0.4429040334181436
32274,Left,0.10479404473895279
43712,Left,0.14120786010224437
63652,Left,0.41548228406364834
55024,Left,0.130361190153444
52316,Stayed,0.6318707696689112
6991,Left,0.23584808133735075
60800,Left,0.300676416879999
70399,Stayed,0.6663224648942631
1297,Left,0.43852784922024607
71240,Stayed,0.5816974551291414
30259,Left,0.27258838684050635
64000,Stayed,0.6824557431951551
12631,Left,0.35379151253553004
41500,Stayed,0.9874558945399922
58080,Left,0.3363497133346059
40723,Stayed,0.5719535891675738
72174,Left,0.33535981014953176
62357,Stayed,0.7511870165508259
59160,Stayed,0.9004208708810011
222,Stayed,0.8913460793513642
72873,Left,0.21888176563530568
42350,Stayed,0.7774659369869613
55200,Left,0.33333322533230764
4581,Left,0.0708538011365414
32412,Left,0.12077341458241196
57334,Left,0.35218849866823837
65858,Left,0.37052953238361663
64933,Left,0.34926462497499183
65633,Stayed,0.9101850534470871
35382,Left,0.21602121852595918
42094,Stayed,0.9524446571595409
16813,Stayed,0.914682686034982
71234,Stayed,0.8085044384412992
7202,Left,0.27758457040312035
34139,Left,0.3016875736201219
67336,Stayed,0.9685790748199208
40590,Stayed,0.6870790662908715
68246,Stayed,0.5298835002975263
67311,Left,0.23643209776111615
56317,Left,0.13595186611341206
62190,Left,0.22373288791593413
73673,Left,0.24837101529762245
13936,Left,0.08785802790620358
50250,Stayed,0.5424415819397802
70432,Stayed,0.8613442507228488
12534,Stayed,0.5915775542241614
19270,Left,0.34186446498878426
53065,Left,0.48723417934553065
26689,Left,0.30274083575948274
59674,Stayed,0.9759007252205335
28465,Stayed,0.860785603112145
65805,Left,0.1352614409933851
2073,Left,0.3235239576112826
37408,Stayed,0.8076148906795327
1957,Stayed,0.9308743594135259
13652,Left,0.49705870591939333
18388,Stayed,0.9169123882096001
57957,Left,0.06573075803220867
21134,Left,0.25546478159886793
2916,Left,0.36257711728400116
30164,Left,0.299279608653983
19856,Stayed,0.7138753591430016
53191,Left,0.2971381607605611
47601,Stayed,0.8394086017096267
58057,Left,0.4826042285025402
48100,Left,0.3918685853766442
59542,Left,0.06918055017571388
57870,Stayed,0.9735073141133446
45305,Left,0.18391241234590047
51385,Left,0.24069723548606978
57315,Stayed,0.9045223294647131
22802,Left,0.44427680270084297
43577,Left,0.4799052169974839
49799,Stayed,0.6325474964968512
52192,Stayed,0.6227873517931343
35943,Left,0.47190718880206944
69955,Stayed,0.7169936104994814
38825,Left,0.22903791047719838
34719,Left,0.15711914516952266
72599,Stayed,0.9305944171258109
26117,Left,0.20257359101033398
30547,Stayed,0.7076208190647588
62473,Left,0.17317855181000852
52241,Stayed,0.8399347739963405
38466,Left,0.2846928499535392
50942,Left,0.058763491470453615
28853,Left,0.38118319618403257
34587,Stayed,0.5755843132373474
70955,Stayed,0.8340512325036864
16090,Stayed,0.5420148781302728
59342,Stayed,0.5923551580768416
61811,Stayed,0.9870481084516445
43707,Left,0.22193687837398496
69344,Stayed,0.5462228826868833
70536,Left,0.292413128937541
26819,Stayed,0.6393148285794014
10603,Stayed,0.8749772430378279
3429,Stayed,0.5543658360671565
28752,Left,0.4477378620796491
67697,Stayed,0.5890316059374956
58564,Left,0.3135844795399822
23304,Left,0.3216553589234219
17390,Left,0.3085461803517398
39815,Stayed,0.5032216961064286
67530,Left,0.42811170698261786
13973,Left,0.24100609204370083
64136,Stayed,0.7426833629072952
55551,Stayed,0.9529703116621345
41609,Left,0.0915254110839159
4978,Left,0.16732341622075161
38877,Stayed,0.7533492375966424
21001,Stayed,0.5519749777801591
67194,Left,0.30073514589365574
40481,Left,0.19421135954292826
67256,Left,0.27788101408285804
4520,Left,0.32449480553733057
8248,Left,0.10391712951184165
63775,Left,0.23189880836673105
63497,Stayed,0.8255654698433799
62209,Left,0.23552835188232654
19247,Left,0.32216055671569543
7206,Stayed,0.6610911860482865
4880,Stayed,0.6824411828944078
30513,Stayed,0.957613979419116
28166,Stayed,0.5669699926033919
65214,Left,0.2977428975502414
63592,Left,0.49985275177772376
17150,Stayed,0.9332437233851081
4052,Stayed,0.6108847909276548
11257,Left,0.3238224505287391
60672,Stayed,0.5815668345221042
31027,Stayed,0.7837816960040712
13813,Left,0.29234621254080106
71566,Left,0.3205538712448035
9204,Left,0.2651901218716389
61260,Stayed,0.62275329517381
37036,Stayed,0.75509061602491
2900,Stayed,0.7050814739793639
15664,Stayed,0.9785317507996496
69136,Left,0.2930744650547358
5229,Left,0.24081532309243686
50557,Stayed,0.6818892624394808
54953,Stayed,0.7587132735692371
28617,Left,0.24234225677358423
40406,Stayed,0.9944100337339626
45632,Stayed,0.9772851033601346
44082,Stayed,0.6035515295097207
27784,Left,0.12167812325664434
44326,Left,0.23251148900048188
45281,Left,0.4859800887573738
30187,Stayed,0.547028122184819
68201,Left,0.40862206790177363
68371,Left,0.4066581084082674
61909,Stayed,0.6285175295722031
51000,Left,0.2832581416725888
30390,Left,0.26965910834814555
32788,Stayed,0.6103145154271368
62546,Left,0.10713098065082169
60910,Stayed,0.6697847796268184
59579,Stayed,0.8305254868605879
63022,Left,0.4152945344158585
27271,Left,0.3323882898155211
44727,Stayed,0.9790840321068214
69824,Left,0.444699916371945
55945,Stayed,0.6553502736906824
40818,Stayed,0.5631756359304492
46358,Stayed,0.9772673328798825
22202,Stayed,0.6073813673732565
52474,Stayed,0.897042966387201
3571,Left,0.22062603566664576
58555,Stayed,0.8966790296996654
38874,Stayed,0.7431759215235152
2956,Left,0.32908548846550645
55336,Stayed,0.8772616548363161
42335,Left,0.41530206913517265
8122,Stayed,0.9659452229796441
16112,Left,0.129335538252565
69560,Left,0.09624111803300275
43116,Stayed,0.9782438044691836
23390,Stayed,0.967523035259585
29208,Stayed,0.9812171736727239
9595,Left,0.30071941127127677
68983,Stayed,0.9388893104097962
17835,Stayed,0.5248146299367845
58375,Left,0.05144664049886449
32343,Left,0.3363730505280154
72694,Stayed,0.7073554658499408
61165,Stayed,0.536806499509581
18819,Left,0.11173564845324552
24474,Stayed,0.773488189050244
28593,Stayed,0.979854823782956
71538,Stayed,0.9154859243546187
63275,Stayed,0.5377616681554386
41868,Left,0.18719711628735727
17090,Stayed,0.9644071315351541
51976,Left,0.2630183126100835
70434,Left,0.2869150220158825
54403,Stayed,0.5627259003518172
69744,Stayed,0.6463166193535913
59337,Left,0.08901052822118102
44763,Stayed,0.926939927631363
28840,Left,0.15189605952458093
50821,Left,0.20705223025527997
46887,Left,0.3560036258929133
42888,Stayed,0.7414634339097154
10181,Stayed,0.961608853150705
5659,Left,0.18387719956824639
47312,Left,0.42514991704761457
25997,Left,0.273914183918311
8515,Left,0.2469138549451306
33079,Left,0.10133442272188012
453,Left,0.3137864252961024
43038,Stayed,0.8989213297735982
10841,Stayed,0.9805177758056545
63968,Left,0.3274142376118617
53716,Left,0.37498716442839203
57863,Left,0.08719424027257845
36922,Left,0.4216078057232085
66222,Left,0.2599328415476004
58025,Left,0.40704542575840175
33665,Left,0.1392020500196525
431,Left,0.3934749877665272
28579,Left,0.13364573723335763
22783,Stayed,0.582626183669461
57361,Stayed,0.7389246664858882
8197,Left,0.4738344423946676
9995,Left,0.42757958066876195
49783,Left,0.4060955847095193
9795,Left,0.15972283972820525
29801,Stayed,0.7411880271255523
40261,Left,0.2347537706869252
31815,Stayed,0.6768941063181304
13725,Left,0.2500453818043685
11266,Left,0.2655921181162926
69996,Left,0.46403559018179574
63348,Stayed,0.5413935391442447
40266,Left,0.07934501335678039
34576,Left,0.17268213405543129
53695,Left,0.29187540803141604
42816,Stayed,0.7916590580542321
37308,Left,0.480620261241343
269,Stayed,0.9938627032609291
9481,Stayed,0.7074924144811141
49911,Left,0.20857182024529222
45325,Left,0.3506011016109267
63158,Stayed,0.9589439350128556
40969,Left,0.2940418296145185
5195,Left,0.22815107119039252
13469,Stayed,0.994417949663016
43128,Left,0.10989009672535559
9511,Stayed,0.9920776907819657
47494,Stayed,0.6011783890916944
23210,Left,0.3666518345318164
8669,Left,0.3766693744087836
60770,Left,0.05329204631720284
4449,Stayed,0.8241918722101558
65906,Left,0.1245047156227594
33795,Stayed,0.5111657925240015
69009,Left,0.3987896552389141
61367,Stayed,0.5389732437504499
69568,Left,0.1910594348821956
21946,Left,0.17192683093269018
54871,Left,0.3773051275577453
30439,Stayed,0.621421022818292
9632,Stayed,0.727261290916907
34984,Left,0.12551333961217453
66612,Stayed,0.9596413871767198
64235,Left,0.26991636662331775
38168,Left,0.1827457674698852
29562,Left,0.42043786914514214
9627,Left,0.19918514065454948
25816,Left,0.16977108938958457
20475,Stayed,0.6500367666442805
60650,Stayed,0.6901427096932804
39203,Stayed,0.781861723288841
39775,Stayed,0.8912939754510006
42261,Left,0.2047684345383598
35232,Left,0.20197539500173725
72316,Stayed,0.6903645182471602
24036,Left,0.13826019447339416
53697,Left,0.2778705132872205
42164,Stayed,0.9084952039392785
10431,Stayed,0.9718810385431
44874,Left,0.1921757471122938
4087,Left,0.1130259768259575
33494,Left,0.25186047340201695
20067,Left,0.3829522512656115
74260,Stayed,0.7975174700068204
70297,Stayed,0.7229627982056042
62704,Stayed,0.5880620795057193
59215,Left,0.13665965330956537
48987,Stayed,0.6557572999043977
4005,Left,0.18074350339871934
35923,Left,0.14917440950824476
2508,Left,0.19288619255904252
71891,Stayed,0.9398738914409909
28620,Stayed,0.718759584083488
19829,Left,0.21790094210009395
32031,Left,0.19968562038436288
37087,Left,0.348095589750056
31518,Left,0.29036065583084386
10928,Stayed,0.7972754506607697
44665,Left,0.4887736870720054
24264,Stayed,0.7277419553456761
40863,Stayed,0.5321466931605182
64991,Stayed,0.6084844374625888
65224,Stayed,0.9840623639731921
1046,Left,0.0849965116568005
12457,Left,0.2593457778014831
38538,Stayed,0.956789985789579
51625,Left,0.23980985851985104
48854,Stayed,0.7850076126764718
65318,Left,0.4126768178633345
13663,Stayed,0.784499477762032
11734,Stayed,0.9498415967651743
30815,Left,0.2668617828052121
3836,Left,0.1250156198464728
61576,Stayed,0.5157844208269992
9958,Stayed,0.9615743356932698
68887,Left,0.2065758261358507
28333,Left,0.39160517244938936
53938,Left,0.4271662953924018
61592,Left,0.3452747539386104
34837,Left,0.2615482356512292
1622,Stayed,0.9208437288573035
20907,Stayed,0.9331689392483077
9607,Stayed,0.9449831502254697
17445,Stayed,0.7898369283936428
6528,Left,0.10432957485092327
12869,Stayed,0.9725544369057713
24258,Left,0.2773440004591395
25071,Left,0.23378879135305328
20407,Left,0.0947178876448335
56751,Stayed,0.550470677257043
31379,Stayed,0.5149188173730347
51663,Left,0.4566392090705122
17555,Stayed,0.5824552228857517
19239,Left,0.43496266726869565
64220,Left,0.3726886554069407
27581,Stayed,0.7062623584144168
50579,Stayed,0.9923081333845789
19195,Stayed,0.7287001330902478
343,Left,0.2291941235341217
37988,Left,0.16434439116024116
65255,Stayed,0.7406898229815703
941,Left,0.2736587282292791
58765,Stayed,0.966816994503748
69646,Stayed,0.9460700637935767
22962,Stayed,0.7724784365798054
4615,Left,0.32017593540173805
57192,Stayed,0.5055800937288191
3874,Stayed,0.9262038677728877
2089,Stayed,0.6276809157931353
71563,Left,0.38887537529441285
617,Left,0.17485585878658066
70412,Stayed,0.9619170574831875
71803,Stayed,0.9796802452569087
61060,Left,0.12195039510865656
16064,Left,0.15103541225487788
4310,Left,0.1628342923336939
72137,Left,0.2916955812953127
41545,Left,0.43588085577850016
4013,Left,0.0855483756227889
47009,Left,0.38651936185274616
21212,Left,0.22004072018372842
66634,Stayed,0.5121707216620992
32341,Left,0.18237620035509444
47386,Stayed,0.7127310055098436
51578,Left,0.07968162289799773
23530,Stayed,0.9392978967337099
7738,Left,0.4735159538408495
23000,Left,0.22232097267755432
64260,Stayed,0.888075920548211
40941,Left,0.17057764494832628
23972,Stayed,0.7122903153043304
11573,Left,0.3138263403645126
33174,Left,0.4570054830817005
23892,Stayed,0.7101480168629806
46583,Left,0.1262091456164995
10330,Stayed,0.5315072005566631
62689,Left,0.4776724540109759
52705,Left,0.059988366244567444
5347,Left,0.47385036730836194
13180,Left,0.27228761622178277
54522,Left,0.3456134747250088
40257,Left,0.25162114904975313
52824,Stayed,0.5164655943693321
37541,Stayed,0.933321125384088
31063,Stayed,0.9096999441297612
67993,Stayed,0.6785043552285145
73565,Left,0.43162015661064007
15884,Stayed,0.5365751088960952
30410,Left,0.3128124776988262
29111,Left,0.11725405481605965
40073,Left,0.2700228826962726
21350,Stayed,0.6354822003995217
11497,Stayed,0.9942760404652872
56358,Stayed,0.767256734686698
58075,Stayed,0.52112348017738
21274,Stayed,0.8039545967214291
57336,Left,0.23939794222818964
15498,Stayed,0.9690094471716736
73410,Left,0.1672639406493971
42944,Left,0.4441303398167564
49559,Stayed,0.9403845479031679
14460,Left,0.38794950021137903
15113,Stayed,0.5903375027331921
5946,Left,0.14262197556826353
31976,Left,0.42361421419218553
69969,Left,0.27718899324717844
52915,Left,0.11822976967084921
58135,Stayed,0.78435199065864
52065,Stayed,0.8195599977351308
61183,Left,0.1177122041453174
69950,Left,0.1489253354672345
13840,Stayed,0.8923641962099357
15819,Stayed,0.6777775830101102
54430,Left,0.12358763876876754
12581,Left,0.11472621734946033
59703,Left,0.4372201434098294
12620,Left,0.4337988929478643
12826,Left,0.12220515173789676
24965,Left,0.47071987360153744
67175,Stayed,0.8889218280454579
40982,Stayed,0.5008247219396446
43236,Left,0.41122288263745155
41313,Stayed,0.8728546572872585
23018,Stayed,0.6319329374988316
17688,Stayed,0.6317887180072801
48837,Stayed,0.8601957040523971
23918,Stayed,0.6027209899127505
38771,Left,0.3056745239711765
23962,Left,0.1599621790337802
56621,Stayed,0.9551686695112999
15285,Stayed,0.577446682842958
72161,Stayed,0.5308572882563403
43504,Stayed,0.9415686593925906
46188,Stayed,0.9863944071009624
68832,Left,0.1761591753429511
1171,Left,0.29725480287379297
30114,Stayed,0.5966190747240344
35149,Stayed,0.8950935051910275
7882,Left,0.20424482475605363
71724,Stayed,0.9468875969713356
4045,Left,0.08355796127127123
16702,Stayed,0.7529233759427283
73555,Stayed,0.5085466455699056
65565,Stayed,0.9562955882913912
9052,Stayed,0.9796247560085938
22533,Stayed,0.6892308995714104
53506,Left,0.33818330011338865
30844,Left,0.37944195662159086
56538,Left,0.292184475367166
28564,Left,0.15034613227366037
64349,Stayed,0.8526195164769197
29253,Left,0.170167729324268
11242,Stayed,0.746401279907596
70346,Left,0.4496791325556485
3130,Left,0.12792721880982846
25182,Left,0.3523801216595494
39678,Left,0.3733369415696095
20219,Stayed,0.8370739399395403
32761,Left,0.22771918685442089
40842,Left,0.3530757437940361
20339,Stayed,0.5435731065867544
16281,Left,0.1028382144297646
20976,Left,0.19465865463919077
66186,Left,0.4088761622840303
19541,Stayed,0.9890614945179274
23167,Stayed,0.9690290754623827
20017,Stayed,0.9600396387192753
56424,Left,0.26509956657390465
37557,Stayed,0.7329481364919106
30556,Left,0.19303821691289438
70063,Stayed,0.7922098618933329
35270,Left,0.2543641967354483
16342,Left,0.42570603930265877
44751,Left,0.2630770106162564
10838,Stayed,0.7173615444525839
55702,Stayed,0.8895975561358648
24527,Left,0.0785977592279396
7356,Stayed,0.8257386527265471
41017,Stayed,0.8345951714999192
73398,Left,0.3522287142752494
22942,Left,0.4366392695579257
9785,Stayed,0.6838106818460997
24778,Left,0.3591233751536344
41440,Stayed,0.5753100680671887
8362,Left,0.22944353879196397
14449,Stayed,0.9651259590973122
30729,Stayed,0.7842208801355911
24934,Left,0.27289479301710484
26062,Left,0.1677521985122735
23756,Stayed,0.9957888554349428
60592,Stayed,0.705301544716565
67481,Left,0.2203897195692228
48691,Stayed,0.6589479304611136
59496,Left,0.33571594956162293
40588,Left,0.17431997262277532
19838,Stayed,0.9964075340152563
24578,Stayed,0.698009410727026
24955,Left,0.22086766358261412
57449,Left,0.2858478634923292
45468,Left,0.2797590687687098
3739,Stayed,0.7152154248963744
67920,Left,0.18842084310386847
35603,Left,0.4886082499195228
37663,Left,0.29767159576800734
39341,Left,0.39433447565154256
66474,Stayed,0.9567729499680621
6313,Left,0.39949927267331975
1058,Stayed,0.5666685839059971
21057,Left,0.2638477437625128
4403,Left,0.3236781134895488
53972,Left,0.30169526411146075
49874,Left,0.3257910229690631
61618,Left,0.20165378857350247
45173,Left,0.2534820271785946
53592,Stayed,0.7778554701358842
48800,Left,0.15895188526951928
66967,Stayed,0.709220989426773
52822,Stayed,0.9456931536024357
28242,Stayed,0.9710609639392112
26165,Left,0.3470789755305091
9142,Stayed,0.6393393150490444
41593,Stayed,0.9651971845902502
1499,Stayed,0.8738424145279435
73785,Left,0.1812737349968021
24524,Left,0.4257186224852118
64454,Left,0.32577295083376134
44317,Stayed,0.525656469131851
29013,Left,0.26039344164239564
30296,Left,0.2207881181837419
5796,Stayed,0.9315959500317531
59816,Left,0.14681412748900538
55770,Left,0.23587688738724324
58881,Left,0.34454499085371365
14883,Left,0.0657131417165548
67421,Left,0.3203119408691524
58794,Stayed,0.9843200867336576
32033,Left,0.22871842014084773
65380,Left,0.043568122437733475
9247,Stayed,0.9095244126709158
17955,Left,0.32654487103458607
30960,Stayed,0.9266285486495985
42048,Stayed,0.6162338001692471
2500,Left,0.3208832920840139
43144,Stayed,0.8423646089835559
5993,Stayed,0.953212606169839
66051,Stayed,0.9096104213588772
20413,Stayed,0.8954522143582252
44994,Left,0.3946868716243898
40491,Left,0.35228720887681214
12312,Left,0.11938665651325943
52754,Left,0.20058432583525754
60616,Stayed,0.7020145543274573
22782,Stayed,0.763568558998276
66881,Left,0.2565775110767862
18489,Left,0.39272384872641575
63985,Left,0.19008979896296463
28137,Left,0.20863597067712122
69438,Stayed,0.5826653954232328
48519,Stayed,0.9283764781199084
67546,Left,0.27926372185872667
44246,Stayed,0.5103552065280702
69842,Left,0.36326653770900336
20217,Stayed,0.6439208788855393
72053,Stayed,0.5000406578899123
53255,Stayed,0.5822119473524062
14604,Stayed,0.5256847823194596
47451,Stayed,0.5000362317977212
55744,Stayed,0.5542987796494455
16223,Stayed,0.7654591289008523
53983,Left,0.09866058903872896
4432,Stayed,0.9926697739570863
48646,Left,0.31408693579540947
61281,Left,0.1353134364562076
25798,Left,0.13437446558480617
39364,Left,0.4018821333468421
36890,Left,0.1894231570659434
62106,Left,0.1955429531195042
14580,Stayed,0.6026818444019245
28581,Left,0.11157453653402509
6546,Stayed,0.889704425320909
28154,Left,0.26718832076095134
70530,Stayed,0.6704876441417333
20939,Stayed,0.9788660650574736
37317,Stayed,0.6608124064513232
50594,Stayed,0.5979594530939074
12005,Stayed,0.9835298007042896
37979,Stayed,0.9154852413719524
70450,Stayed,0.6698350758071728
66123,Stayed,0.580642930958066
67080,Stayed,0.701139662784774
25225,Stayed,0.8853353325513287
44669,Left,0.35509420306353096
59909,Stayed,0.8547783937696557
25183,Left,0.4604717278924069
73,Left,0.23713719146349496
23910,Stayed,0.7967547053588732
38915,Left,0.30487332484873286
13775,Stayed,0.9979040386590232
9737,Left,0.05141787166850525
22409,Stayed,0.6636314039856854
53262,Left,0.16370415781896605
40561,Stayed,0.9735854740460657
61587,Left,0.30330374169854385
18955,Stayed,0.9331544390085964
55657,Stayed,0.5112046279964148
64031,Left,0.26092829305147175
35919,Stayed,0.9188969607038738
73669,Stayed,0.6768846508913489
19793,Left,0.3503931603697367
31267,Stayed,0.6247639658223627
12104,Stayed,0.6091404582190743
7413,Stayed,0.5339891336436413
49595,Left,0.25461985336361737
72395,Left,0.27935941481590193
52326,Stayed,0.7452315254270468
55,Stayed,0.9684584818173331
53714,Stayed,0.7462439266428834
51137,Left,0.45535850343421735
59108,Stayed,0.9200477072223828
50020,Left,0.3286025469433557
20189,Left,0.24976946962903088
1039,Stayed,0.7140257625390322
29978,Left,0.07739881013123331
64579,Left,0.19033578860076877
28202,Left,0.1380180388104434
61316,Stayed,0.9647051453034841
50212,Stayed,0.7462736356848888
57876,Stayed,0.6257091646912719
30070,Left,0.23262473149552712
60150,Stayed,0.9848259825562381
2915,Left,0.23083444861625446
8663,Left,0.4616901186975523
58108,Stayed,0.9427293977022133
6690,Left,0.1413929041820599
41956,Stayed,0.9148426670754013
58146,Left,0.39599998962910055
15603,Left,0.37456099716515046
24459,Left,0.3467678236526511
61605,Left,0.20413429141505943
1054,Left,0.07188291476195388
67105,Stayed,0.9590871186210859
37799,Stayed,0.701411630139427
6927,Stayed,0.8860036927816007
59090,Stayed,0.7024597938143889
43663,Stayed,0.5486841374998467
71113,Stayed,0.5254242138671007
70180,Left,0.14572508280592988
15843,Left,0.4594369006126958
16934,Stayed,0.9052512336015467
286,Stayed,0.8191494553031253
54215,Left,0.10371307937521335
58483,Left,0.3744042250285348
49847,Left,0.29164930938959555
43798,Stayed,0.7203585537237248
51301,Stayed,0.9149916911017615
20692,Stayed,0.8785106671038373
51259,Stayed,0.9774878328250127
540,Left,0.1622357788142417
18648,Stayed,0.5817482925454194
59323,Left,0.08583725299038658
32425,Left,0.26936521747586534
58441,Stayed,0.9475245509194933
6149,Left,0.3011088255259735
72445,Stayed,0.9785982765799444
22224,Stayed,0.9964414310755857
24976,Left,0.18673815454336407
14171,Left,0.34960190756549075
62718,Stayed,0.7534135916839838
19035,Stayed,0.7876385507127828
52865,Stayed,0.9622680363454734
35527,Left,0.46920406804374487
19137,Stayed,0.8188336712431057
14812,Left,0.11912117910715343
51655,Left,0.4340582804979837
12145,Stayed,0.9524115639988945
36605,Left,0.08918674106688533
19437,Stayed,0.7984653431974864
17821,Left,0.32934541113615584
29695,Stayed,0.6380900214582165
40067,Stayed,0.6156409898051722
37921,Stayed,0.9174346244055814
24099,Left,0.06970621373836167
48606,Left,0.34989705481670613
67161,Left,0.2940378303724616
64746,Left,0.3953346524272483
38525,Stayed,0.6621719333694219
688,Left,0.08772917444206538
56301,Left,0.4327605099204631
74255,Left,0.33621301668660364
44142,Left,0.13590831526318234
3816,Left,0.3099511869876805
48262,Stayed,0.7889926162856542
38720,Stayed,0.8322283908275839
19549,Stayed,0.5704392240353532
15364,Stayed,0.8020351710244198
58122,Stayed,0.7143145573914587
1201,Left,0.25377539328895354
14489,Stayed,0.7063197131964511
11519,Left,0.20072828669823975
71815,Left,0.4298558540252561
57640,Stayed,0.5275004080286907
30048,Left,0.3619907685849663
5668,Left,0.13039089042236696
36471,Stayed,0.7082502126985866
23606,Left,0.14948824825096071
38124,Left,0.30422521570093597
37129,Stayed,0.7624159526786262
57588,Stayed,0.7169381545385257
34777,Left,0.13698341109947915
45389,Left,0.44368962377084553
49764,Left,0.339827106263452
51491,Stayed,0.7500477745666408
44851,Left,0.2592243848391813
12995,Stayed,0.9919608810387099
71328,Stayed,0.9760624540647552
26555,Stayed,0.8433182901783726
43138,Left,0.11352026700887584
52939,Left,0.4881969676904754
65258,Left,0.2663509889145649
64337,Stayed,0.5626764595548673
10280,Stayed,0.5085237498301666
42202,Stayed,0.9773301409590868
47840,Left,0.12752028768278972
61987,Left,0.3518326739898459
23279,Stayed,0.901541370758733
47054,Left,0.2093075850108276
30990,Left,0.21824793640972925
23221,Left,0.1331576828871644
68532,Left,0.31128504133018825
73073,Left,0.138787687423017
63391,Left,0.13828347187832887
53260,Stayed,0.9608703186791367
41957,Left,0.2236536169254164
49459,Stayed,0.8060225621767566
34997,Left,0.14030584451342798
51641,Left,0.2409132554772111
53257,Left,0.06842439072364341
65859,Left,0.3889113415198323
30631,Stayed,0.9240158077226879
72801,Left,0.26157840952941597
7891,Stayed,0.5810140774437889
52890,Stayed,0.6981846066863686
24016,Left,0.06888395760370251
68495,Left,0.3922381617289998
64389,Left,0.22461879675634985
32521,Stayed,0.9495060004729456
66338,Stayed,0.5116170292232611
50781,Left,0.23995964566924846
70839,Left,0.2852663276197537
72765,Left,0.09675570109742192
53520,Left,0.45182577384137074
5300,Stayed,0.8064632190498529
72466,Stayed,0.7702016710179175
62355,Left,0.21378074036265365
13803,Left,0.4528558115554169
46753,Left,0.4847892850512026
62318,Left,0.2662246411723071
4149,Stayed,0.6604782771986161
52957,Stayed,0.5594713842380338
46743,Left,0.27641887432278855
73954,Left,0.22296630902229614
54955,Stayed,0.7542019404283281
3434,Stayed,0.8953016473891741
42909,Stayed,0.7800368751836447
54346,Left,0.15400020901507627
38253,Stayed,0.9952544442258834
28623,Left,0.34279409634897284
3907,Left,0.46769616168249867
25777,Left,0.1975718429460118
47040,Left,0.22149324271915358
23629,Left,0.23322934005224813
15542,Stayed,0.9532466645342713
29262,Left,0.4633303482113288
37807,Stayed,0.9374743875852084
24628,Stayed,0.6325002905477196
25849,Stayed,0.820400064023663
70590,Left,0.33110958355169234
17122,Left,0.17148551146332872
7209,Stayed,0.5566406034985871
2306,Left,0.23127739652920187
38433,Left,0.47368174608303687
36583,Stayed,0.9694740866878789
18687,Left,0.4663258289491657
12634,Stayed,0.9445890806494586
2139,Left,0.30034903104086375
31545,Left,0.4983562207685878
70354,Left,0.49756908813828404
16994,Left,0.3345523148011757
39416,Stayed,0.7395719441690075
68260,Stayed,0.6286735158632933
66745,Stayed,0.9340097425769127
1521,Left,0.18572059321832432
70981,Stayed,0.8332253956146255
73639,Stayed,0.6044620404029923
61679,Left,0.369145623064368
812,Left,0.3361583105279204
42238,Left,0.16829134195350795
68951,Stayed,0.917417445259322
57338,Left,0.22681535675750478
4290,Left,0.21679066254493745
39084,Stayed,0.9680850489802896
26061,Stayed,0.6180103708349188
30818,Left,0.24200595637806388
18054,Left,0.3812513485550492
46318,Left,0.3864629389876113
33977,Stayed,0.8812213290584018
21841,Left,0.4859646889908218
8286,Stayed,0.9209260601010367
12279,Left,0.33280994372513584
21627,Stayed,0.9227427224698618
21795,Stayed,0.6447325531317855
958,Left,0.48370873041337786
64439,Left,0.29555745669997724
43905,Stayed,0.9890491004587039
7361,Left,0.19287495009860164
52342,Stayed,0.8964390149868877
46207,Left,0.28724992505829766
9289,Stayed,0.8512679620284742
74112,Stayed,0.7802261631196956
67326,Left,0.37090633938644446
29965,Left,0.3315408453264469
35862,Stayed,0.5224075136917602
56131,Left,0.19766268491542618
2373,Stayed,0.9551871518535922
64606,Left,0.29254312074114375
48139,Left,0.14807413949145543
66783,Stayed,0.5962578366356935
11271,Left,0.43007481714881735
4092,Stayed,0.9658829576844765
65152,Stayed,0.5027826977814811
61104,Stayed,0.820102968657465
28706,Left,0.28779904866987094
64469,Stayed,0.8369501066833889
57877,Left,0.46009670710901435
65264,Left,0.05105365676047856
15120,Stayed,0.9087876812334656
66246,Left,0.2674402835819989
36199,Stayed,0.8105087499433936
53816,Left,0.29224062365456455
62789,Stayed,0.8834975017257538
48320,Stayed,0.6669261152445052
25644,Stayed,0.6475160431279222
35500,Left,0.39820748232048253
5277,Stayed,0.9227622319590463
66422,Left,0.29426012006015834
65653,Stayed,0.9648374040928042
53930,Left,0.13235965173975586
28327,Left,0.30639983619255096
71734,Left,0.4411814797557004
63331,Stayed,0.9005496614296612
54710,Stayed,0.9832721522101396
32817,Left,0.4783552677619518
41769,Stayed,0.8928449665270137
50117,Stayed,0.6488296108381587
5897,Left,0.24971073318596385
48214,Stayed,0.9822735479534621
43054,Stayed,0.9598007736737667
43268,Left,0.17327821273474248
18389,Stayed,0.9431797875891527
7003,Left,0.3261402270377551
31375,Left,0.3515276239021198
2047,Left,0.3054518317161271
19108,Stayed,0.9060961490135822
30370,Stayed,0.7366861891320193
49354,Left,0.18667817962079525
32057,Left,0.17372185823474975
62939,Left,0.32680908382863233
11258,Left,0.1629801210437411
62967,Left,0.3477922786858815
69425,Stayed,0.7176636739646169
28283,Left,0.3563363998704768
55255,Left,0.2947463198293278
32232,Left,0.13550833677945764
37023,Stayed,0.907403378210195
70532,Stayed,0.762088882075725
38252,Stayed,0.6393133312269587
27537,Stayed,0.8243642183906803
32219,Stayed,0.9710714681604159
57507,Left,0.0842661447055548
32269,Left,0.43294035879988985
71665,Stayed,0.9030320674857627
63906,Stayed,0.7659643800453966
46422,Stayed,0.99718812739187
3805,Stayed,0.5170171593831322
15687,Stayed,0.9507514777435032
38989,Stayed,0.9794363236244418
23921,Left,0.39939029968096834
67234,Stayed,0.9228688186441973
5235,Stayed,0.5344201263013371
31202,Stayed,0.8275943254991772
66583,Stayed,0.9429914289228787
60347,Left,0.22537018829625657
67319,Stayed,0.7003843229848199
51027,Left,0.29087101468518733
65624,Stayed,0.6388088331383932
7543,Left,0.2807024142611039
52647,Stayed,0.6712064318468406
45491,Left,0.3334461420741546
9518,Stayed,0.524649381299427
53607,Stayed,0.5181730802217666
28384,Left,0.48744053043498126
5553,Left,0.4989741525513126
13125,Left,0.1417820322374426
23432,Left,0.4956528345519965
73897,Left,0.1374461101376925
71781,Left,0.4952367713306352
31163,Stayed,0.8687699625335424
40446,Left,0.38888241946015806
12355,Stayed,0.5512494440305895
27009,Stayed,0.8893746164681545
57586,Stayed,0.9393575061670498
57412,Left,0.4207510770881426
67979,Left,0.37958180096914496
29224,Stayed,0.6585820127567704
61580,Stayed,0.9626359740888284
9032,Left,0.1894218292575613
73207,Left,0.07401330757293194
38518,Left,0.2772712177230198
14857,Left,0.3851496930962289
41949,Stayed,0.8102097306440074
53309,Left,0.2587163326110809
58852,Left,0.11343859924362781
67850,Left,0.22013280737359406
24150,Stayed,0.9697185126368622
69187,Stayed,0.5435660608644526
23976,Stayed,0.9504609853351182
45456,Stayed,0.6773593912705517
69334,Left,0.44571654994871585
11187,Left,0.14227287664210517
2663,Stayed,0.7662821885309558
43957,Stayed,0.6834630543497473
56115,Left,0.24250879989428784
4904,Stayed,0.856836382106122
3041,Stayed,0.6048323083311802
8151,Left,0.33280821677772376
13642,Stayed,0.5561859061403881
3320,Stayed,0.6528442533265679
50151,Stayed,0.9947575764167089
262,Left,0.2958341426372967
61497,Left,0.2559207677705443
35665,Left,0.328571637453634
55685,Left,0.319542810408078
47213,Left,0.13203329580644857
29781,Stayed,0.9202184572653442
5371,Left,0.25737566081963686
3074,Stayed,0.6198313546320272
63604,Left,0.48279311369268213
61012,Left,0.16316212204047065
47338,Left,0.3691077109697408
44059,Stayed,0.6084052432198299
63299,Left,0.16773156513963158
36768,Left,0.09806074516967234
34741,Left,0.3853957203435696
64291,Stayed,0.7410998170293902
6320,Stayed,0.5522780201769117
2342,Stayed,0.7939518873921397
44797,Left,0.4654570300789549
65467,Stayed,0.7834099100482587
18628,Stayed,0.9261216585824666
13014,Stayed,0.7561883875326635
65396,Stayed,0.7348571380389207
60530,Left,0.0719853339174309
11036,Left,0.41267641141720074
26920,Stayed,0.9372883834575657
72565,Left,0.27092892665385976
30148,Stayed,0.9351087514305153
68220,Left,0.37987951138739834
67847,Stayed,0.973892611735327
47170,Stayed,0.8769703733318551
40204,Stayed,0.5401957901421152
14638,Stayed,0.760669133901633
52731,Left,0.09158419606892386
57076,Left,0.10426326717540968
42660,Stayed,0.5231028919411999
19673,Stayed,0.5281403752582412
44395,Left,0.08570833810769286
12386,Stayed,0.9579970428100799
8920,Stayed,0.8618088526076296
34042,Stayed,0.5890132144980716
16228,Left,0.11824826585662192
36663,Left,0.4434278236174571
37848,Left,0.22681155713065362
70076,Stayed,0.930915010695354
10285,Left,0.3181938652861043
51775,Left,0.3420871664711311
62409,Left,0.20543759934168004
59597,Stayed,0.7109544395808686
29761,Left,0.39714506913071673
9173,Stayed,0.5495320329361073
25056,Left,0.34462237032823884
44100,Left,0.11649440626972023
70625,Stayed,0.9844803025334924
32499,Stayed,0.9594015806567714
24011,Stayed,0.8098375593676207
13760,Stayed,0.6019721421604853
24603,Left,0.12240312428526154
43738,Stayed,0.5200027115002823
36718,Stayed,0.9078623170796571
37863,Left,0.1825980140793521
35957,Left,0.48763095811957075
36336,Stayed,0.9086440094421198
34791,Left,0.10784501806581281
73351,Stayed,0.9819993402781019
53424,Left,0.18866056288434582
60067,Stayed,0.9014772934738761
66979,Stayed,0.8919957917928764
48577,Stayed,0.8118286149701691
65499,Left,0.3675528270462432
54552,Left,0.132747289902423
58219,Stayed,0.5736116849448234
37582,Stayed,0.6678592519096841
57343,Stayed,0.766087929379075
55079,Left,0.19981685264821053
9474,Stayed,0.6067650349726298
42092,Stayed,0.5001802386927428
71522,Stayed,0.7763390506051147
58786,Left,0.21742951748462783
14828,Left,0.08945612829609383
57292,Left,0.08609267401134899
26718,Stayed,0.7169539227118895
30987,Stayed,0.6586117124480659
53190,Left,0.14788491331272877
55906,Stayed,0.5118730976569272
20481,Stayed,0.5374140915869345
48273,Left,0.2252088836702905
31494,Stayed,0.6481844712851146
40845,Stayed,0.6455648796445347
3076,Stayed,0.6496296642602071
58725,Left,0.3136832636034615
1352,Stayed,0.8970346976777048
42840,Left,0.10014112389018487
46330,Stayed,0.9271548150133393
61089,Stayed,0.8756385807182067
60595,Stayed,0.5397513014582523
44312,Stayed,0.7306671463402947
2361,Stayed,0.9438905963101817
70736,Left,0.2728268322010764
33986,Left,0.4962466720637199
65864,Left,0.1871118378370195
52173,Left,0.26523366238659335
39666,Left,0.19081162052481454
44651,Left,0.4639878805527703
12215,Left,0.3307185940518728
5324,Stayed,0.9215746212632744
63091,Stayed,0.8638422115196162
54636,Stayed,0.8308305845413317
53227,Stayed,0.6535271009142467
30821,Left,0.4739845741145552
15895,Left,0.3555702795050275
18143,Stayed,0.9883990164878753
17003,Stayed,0.9292093797325184
56017,Left,0.48193322598189625
61475,Left,0.14665981266556516
34939,Left,0.1144037824636393
69280,Stayed,0.9151618601884829
42131,Left,0.29830560278180945
49402,Stayed,0.9781529193354654
66177,Left,0.49662738657721045
2167,Stayed,0.9910998916277681
42267,Left,0.12675980083271246
13412,Left,0.19422067865555007
62313,Left,0.46506341676096213
47411,Stayed,0.6026879793593836
23308,Left,0.34502385870309843
22750,Stayed,0.9926855007929795
22833,Left,0.16551693439644174
5990,Left,0.4159422116480161
38201,Left,0.478280552498067
37016,Stayed,0.6535772477880469
39291,Stayed,0.9331730859633688
35827,Left,0.31283163810920767
73067,Left,0.2610627955339178
4198,Stayed,0.9852816092919003
72978,Stayed,0.8719346674368329
7457,Left,0.2841402326697272
16354,Stayed,0.6963331373307787
56916,Stayed,0.8742273489267475
30914,Stayed,0.5455395230449107
19031,Left,0.3500264106522478
26904,Left,0.2540714269806913
45942,Stayed,0.9711115488691169
37471,Stayed,0.6808735877581017
41819,Left,0.21922785055507155
41968,Left,0.41533268390842254
27943,Left,0.49409088319654065
27674,Stayed,0.7831556871679036
2099,Left,0.18361506595847646
27636,Left,0.3749222553097327
71102,Left,0.254008077014166
34015,Stayed,0.6314667905232116
44103,Left,0.10053771595289092
23401,Stayed,0.8948976833028027
35567,Left,0.43126016435591585
65117,Stayed,0.9422223691429392
66800,Left,0.29639757979453524
2689,Stayed,0.6616501327965046
3822,Stayed,0.5194518461094377
54228,Left,0.09039640427061044
3629,Stayed,0.6301802251551752
26492,Left,0.4432739696326134
68536,Left,0.3724752264451517
63971,Stayed,0.7612247211695403
20789,Stayed,0.7648779118195118
4216,Left,0.12767532713885452
18667,Left,0.1578910228249226
30651,Left,0.223000068458544
57180,Left,0.24718262122052934
6891,Left,0.21811240299233475
21754,Stayed,0.9888672860254114
26248,Left,0.2651162796575303
67197,Stayed,0.5279542104577548
33,Left,0.23281190644155547
30865,Stayed,0.9709661289125278
14315,Left,0.4105880687318546
53119,Stayed,0.675931568711124
50253,Left,0.36109043144949565
49814,Left,0.24509042353024055
64544,Stayed,0.5417215587737108
64973,Left,0.19638618617137413
17607,Stayed,0.935681364583057
59672,Stayed,0.8896259494686619
32490,Stayed,0.8588657556022385
65344,Stayed,0.606012134373407
73886,Left,0.22529280327617915
36507,Left,0.21095963707346524
11563,Stayed,0.6600019719835535
24007,Stayed,0.7185688103983382
14382,Stayed,0.5237248439366409
5758,Left,0.22592301165440007
71583,Left,0.45239624632685116
14618,Stayed,0.56686925194132
52098,Stayed,0.7013811032529605
41297,Left,0.34198592040659326
39036,Left,0.15591845899330847
45505,Left,0.4160523454446138
4741,Left,0.16758307546677292
8582,Left,0.3843678233627162
53164,Stayed,0.5985638746726288
34787,Left,0.0827164846781745
38532,Stayed,0.8492634216616692
16436,Stayed,0.5781038250076158
23669,Stayed,0.6029419743152182
943,Stayed,0.7617541619136925
38014,Stayed,0.6043559278817326
57576,Left,0.1335435727728773
12020,Stayed,0.9886050784224761
12859,Stayed,0.5893317870800644
7823,Stayed,0.8100761848015956
30798,Stayed,0.7781589022020524
21298,Left,0.25721142928936097
70472,Stayed,0.8137392031029135
55289,Left,0.23501368420387034
55068,Stayed,0.772805451400536
45657,Left,0.17219694472947383
17335,Left,0.3458706889358559
40209,Left,0.21407156608260677
14512,Left,0.34473558355023265
12533,Left,0.20026051809565598
30336,Stayed,0.5126623202477785
30554,Stayed,0.9220534036740837
69208,Left,0.19556779802443805
22217,Left,0.3481679779426568
225,Left,0.17097763879635192
63448,Left,0.3135147681952448
4386,Stayed,0.6685666541456787
48276,Left,0.42418770698530606
26978,Left,0.237240103569921
47231,Stayed,0.5808035454654125
41464,Left,0.26809355144853936
2376,Left,0.4675091898510471
6290,Left,0.42726474770817624
61422,Left,0.3825851012271674
11983,Stayed,0.9936963647157355
4314,Stayed,0.98572547549203
24500,Left,0.30505169072533594
61376,Stayed,0.9607288393721777
38711,Left,0.36906719991212156
41671,Left,0.2219448332554063
32648,Stayed,0.8914841934914858
41470,Stayed,0.7330668289470045
41390,Stayed,0.5396759982064856
46252,Left,0.4524679468852746
38930,Left,0.15981186385142063
35648,Stayed,0.934267842086428
4977,Stayed,0.7421807470363484
12879,Left,0.4198742147360692
38756,Left,0.23612314474420534
12726,Left,0.3758003136000404
24607,Stayed,0.9687033015286712
65506,Left,0.46312151658095696
68265,Left,0.10786339477422358
28587,Stayed,0.8809981485596352
36373,Left,0.43893872744331214
57253,Left,0.3144740879873248
7758,Left,0.13616157435011073
3888,Left,0.24449393160200422
69408,Left,0.18277155394165315
23967,Left,0.13321442527964433
46181,Left,0.17213396638341466
70999,Stayed,0.9703992226606423
3919,Left,0.315218160170652
70133,Stayed,0.5268735094359203
7498,Stayed,0.511791504555164
58022,Stayed,0.5317867170692818
14108,Left,0.27390210964660006
59529,Left,0.35070743189097714
48566,Left,0.13308113947193193
47392,Stayed,0.611958350358868
60913,Stayed,0.8334233737315897
50662,Left,0.326478435470603
54452,Stayed,0.9946049436208247
3003,Stayed,0.9947325814712825
27232,Left,0.46806794691235265
15613,Left,0.3297431691646677
54783,Stayed,0.8660616211647715
40028,Left,0.07774313194095091
39653,Left,0.1654520825047945
74218,Left,0.4935100257265815
49381,Stayed,0.7202441201156673
58324,Stayed,0.9689176417667823
17761,Stayed,0.7891107701882101
36933,Left,0.22184655822177277
11403,Stayed,0.957399049405886
43121,Stayed,0.9301029710997009
19000,Stayed,0.6628565713685762
25803,Stayed,0.9565877769356098
56539,Stayed,0.5070442304011404
71950,Left,0.36943900121807743
71834,Left,0.35411284230675133
45612,Left,0.16448206479615338
58023,Left,0.4035738337807067
51012,Stayed,0.5284570348691802
67327,Left,0.2765562571891933
46732,Stayed,0.9231121775254191
11715,Stayed,0.9701083971850661
32137,Stayed,0.5686665807052299
10725,Stayed,0.9752246972583258
32350,Stayed,0.8689527979685234
46346,Left,0.05357930632927191
7,Left,0.29576986504804426
53908,Stayed,0.6342828285444329
71555,Left,0.22323264790884587
72807,Stayed,0.6221742384855663
52170,Stayed,0.5922341796014403
69709,Stayed,0.9114225345823824
60472,Stayed,0.6394149361380193
58340,Left,0.4311437725114797
7514,Left,0.40235150647819184
25752,Left,0.19553389391132953
3266,Left,0.1621447532804007
47001,Left,0.3035104504764433
72311,Left,0.15855127572381877
41519,Stayed,0.9859349187112408
16636,Stayed,0.8560250806580135
37289,Left,0.42777700172715805
11394,Left,0.3704688382091791
50696,Left,0.127711277473198
51685,Left,0.24411839604975963
3790,Stayed,0.934534777599045
19384,Left,0.23746236165926535
64693,Left,0.40101038063139455
51848,Stayed,0.9416263774176279
42764,Stayed,0.6927004560167979
63902,Left,0.07150245606951976
41712,Stayed,0.9167199569651037
63638,Stayed,0.754830347599913
12785,Stayed,0.8677677877363204
61813,Stayed,0.9990999391192097
73551,Left,0.23951842608595422
51643,Left,0.36909660625410157
43289,Stayed,0.532953624872563
35529,Left,0.18279663126304116
3648,Left,0.37844473623723696
6316,Left,0.31970040227298296
39893,Left,0.22033376991757622
61320,Stayed,0.6289045894532223
36419,Stayed,0.665958667792029
87,Left,0.12050840420707032
41239,Left,0.236142883206602
57067,Left,0.3458968761282222
74061,Stayed,0.983409900052693
16047,Stayed,0.9953177214414396
50845,Left,0.18046508294384558
66875,Stayed,0.5283328985862807
30339,Left,0.49432013383847834
12010,Left,0.1822202574597524
27070,Left,0.4145590192072929
26761,Left,0.39863848452922507
43344,Left,0.09522354380303222
68651,Stayed,0.7993919208590337
17052,Left,0.3102367216852473
5138,Left,0.2831215556566653
35100,Left,0.34399739561865617
40516,Stayed,0.9694743047036433
70721,Left,0.3269966735021712
15269,Stayed,0.9647448742073904
13076,Left,0.4418792374103449
15886,Left,0.22823854038813476
10998,Left,0.20150847029206229
33200,Left,0.28249619145494126
26162,Stayed,0.9795208847111578
45770,Stayed,0.5898746432547073
15216,Stayed,0.9395351787673911
56838,Stayed,0.8199592098017823
64273,Left,0.4092898387416942
1634,Left,0.22266424261716175
21248,Stayed,0.8547448188422913
13070,Stayed,0.9081815753984819
18093,Left,0.15506539491145485
46454,Left,0.2585481799047648
69055,Stayed,0.9489650246242987
35115,Left,0.21895020544476138
34653,Left,0.33587170386001286
11667,Stayed,0.6563681991094453
43761,Left,0.08225945762422575
4525,Left,0.35094445908212435
55586,Left,0.2268300074705775
28618,Left,0.32604246153322136
19309,Left,0.3497617718064374
18573,Stayed,0.7596326267626017
63905,Left,0.3146146855053602
29749,Left,0.48082135488556943
69333,Left,0.23777217887418817
44929,Stayed,0.873897468802395
39558,Left,0.24094134892863778
54435,Left,0.3723515274091933
71377,Stayed,0.9823094105027934
38491,Left,0.32339155885479953
57670,Stayed,0.8557904367482402
62715,Left,0.35780722302689655
34307,Stayed,0.8276071180384847
1387,Left,0.19082224639237255
25916,Left,0.1920827832283159
31329,Left,0.22148286405630693
45391,Stayed,0.9743263581887448
4213,Left,0.3219599069666229
49521,Stayed,0.8427147547814928
24820,Stayed,0.5234840184006557
54523,Left,0.3457252145405001
28074,Stayed,0.7467142772999519
18418,Stayed,0.9807919638581377
25046,Left,0.4237720887614336
60739,Left,0.3090129725218717
56866,Stayed,0.6153604400561355
3270,Left,0.4663742778538895
47940,Left,0.46702762980527857
35488,Stayed,0.7477521110409602
6434,Left,0.07335470195566428
26272,Stayed,0.7772076010255526
11648,Stayed,0.976761897928369
45309,Left,0.4376176868949825
28197,Stayed,0.7889335510709996
53780,Stayed,0.7265334180343458
24596,Left,0.28282025865905963
68034,Stayed,0.7441040992295417
28845,Stayed,0.9769560996677796
31591,Stayed,0.9968358974180812
66380,Left,0.32973233946469505
38556,Left,0.19077904931563172
29983,Left,0.41439923886537966
30208,Stayed,0.5841375401829355
29393,Left,0.2789167496656967
22795,Stayed,0.9025832103313088
32424,Stayed,0.5508867642490488
35264,Stayed,0.8728770667465152
69676,Left,0.27732952267639976
5749,Stayed,0.8673125492534709
3185,Left,0.4193694901064751
69953,Left,0.2027811402818036
12037,Left,0.1868909004522383
64677,Stayed,0.5960465541452892
37496,Left,0.36774794755025153
60487,Stayed,0.94517915657429
10501,Stayed,0.5463460219464048
40663,Stayed,0.8885806514746499
25649,Left,0.25728242542886176
18286,Left,0.07281952630946559
61512,Left,0.4316417751927578
52902,Stayed,0.5233411595375924
34856,Left,0.2002276370599153
32290,Left,0.2863502639116254
69760,Stayed,0.9836564230242199
63763,Stayed,0.5230064002184024
71304,Stayed,0.9251351460557904
54086,Stayed,0.7473675830684529
54362,Stayed,0.9853880826392297
44995,Left,0.3809915696763006
16169,Stayed,0.9931702443530724
6323,Left,0.3705948369990582
68796,Left,0.4547639226108841
16243,Left,0.44494536971473
47175,Left,0.22223261108912243
12409,Stayed,0.5493339791068259
9554,Left,0.4443275211150322
73042,Stayed,0.682098257835275
